work_id,recommended_date,recommended_amount,state,ida,mp_name,mp_key,constituency,work_category,work_description,sanction_date,sanction_amount,work_status,completion_date,amount_disbursed,completion_status,expenditure_amount,expenditure_date,vendor_name,vendor_key,expenditure_transaction_count,payment_status,allocated_amount,allocation_state,allocation_constituency,calamity_count,calamity_consent_amount,calamity_types,effective_sanction_amount,cost_overrun_amount,cost_deviation_pct,utilization_pct,remaining_sanction_amount,allocation_utilization_pct,expenditure_over_sanction_ratio,recommendation_to_sanction_days,sanction_to_expenditure_days,project_duration_days,completion_delay_days,effectively_completed,dashboard_status,mp_total_projects,mp_total_sanction_amount,mp_total_expenditure_amount,mp_utilization_pct,category_median_sanction,cost_vs_category_median_pct,vendor_project_count,vendor_total_payment,vendor_average_payment,vendor_mp_count,vendor_state_count,vendor_payment_share_pct,vendor_concentration,split_payment_flag,n_signals_available,flag_cost_overrun,rule_expenditure_over_sanction,flag_extreme_cost_overrun,flag_delayed_project,rule_extreme_delay,flag_suspicious_vendor,rule_vendor_concentration,flag_multiple_payments,rule_split_payment,flag_duplicate_payment,flag_duplicate_beneficiary,flag_geographic_inconsistency,flag_unusual_expenditure,flag_transaction_outlier,rule_suspicious_transaction,is_govt_body,anomaly_count,severity_cost_overrun,severity_extreme_cost_overrun,severity_delay,severity_vendor,severity_duplicate_payment,severity_geographic,severity_unusual_expenditure,rule_score,anomaly_type,explanation,ml_anomaly_score,lof_anomaly_score,any_is_anomaly_v2,any_is_anomaly_lof,risk_data_coverage_pct,risk_score,risk_category,risk_signal_strength,dataset_version,analysis_run_id,analysis_mode,utilization_pct_completed,known_false_positive,alert_id,severity,status,action_required
WS/MP18098/2026-2027/261046,,,,,,,,,,,,,,,,276078.0,2026-08-18,L R URADE BILDING MATERIAL SUPLAYARS,L R URADE BILDING MATERIAL SUPLAYARS,6.0,Payment In-Progress,,,,12.0,81134800.0,National Calamity; State Calamity,,,,,,,,,,,,0,Under Implementation,249,0.0,64270223.0,,,,1,276078.0,276078.0,1,1,100.0,0.004016064257028112,1,2,0,False,0,0,False,0,False,1,True,0,0,0,0,0,False,False,1,0.0,0.0,0.0,0.0,0.0,0.0,0.0,0.0,None,No material anomaly signal detected.,89.26,97.12,1,1,48.1,53.56,High,66.3,V41,RUN-20261008-254699,Early-Warning,,False,ALT-V41-0001,HIGH,Pending Verification,Review supporting records
WS/MP18099/2026-2027/286584,,,,,,,,,,,,,,,,350000.0,2026-08-05,Dillod,DILLOD,1.0,Payment Success,,,,12.0,81134800.0,National Calamity; State Calamity,,,,,,,,,,,,0,Under Implementation,249,0.0,64270223.0,,,,1,350000.0,350000.0,1,1,100.0,0.004016064257028112,0,2,0,False,0,0,False,0,False,0,False,0,0,0,0,0,False,False,0,0.0,0.0,0.0,0.0,0.0,0.0,0.0,0.0,None,No material anomaly signal detected.,86.14,78.37,1,1,48.1,51.68,High,66.3,V41,RUN-20261008-254699,Early-Warning,,False,ALT-V41-0002,HIGH,Pending Verification,Review supporting records
WS/MP18100/2025-2026/179869,,,,,,,,,,,,,,,,240000.0,2026-08-27,Gram panchayat Ambada,GRAM PANCHAYAT AMBADA,1.0,Payment In-Progress,,,,12.0,81134800.0,National Calamity; State Calamity,,,,,,,,,,,,0,Under Implementation,249,0.0,64270223.0,,,,1,240000.0,240000.0,1,1,100.0,0.004016064257028112,0,2,0,False,0,0,False,0,False,0,False,0,0,0,0,0,False,False,0,0.0,0.0,0.0,0.0,0.0,0.0,0.0,0.0,None,No material anomaly signal detected.,88.08,94.64,1,1,48.1,52.85,High,66.3,V41,RUN-20261008-254699,Early-Warning,,False,ALT-V41-0003,HIGH,Pending Verification,Review supporting records
WS/MP18100/2025-2026/206194,,,,,,,,,,,,,,,,240000.0,2026-08-27,Gram panchayat Rajna,GRAM PANCHAYAT RAJNA,1.0,Payment In-Progress,,,,12.0,81134800.0,National Calamity; State Calamity,,,,,,,,,,,,0,Under Implementation,249,0.0,64270223.0,,,,1,240000.0,240000.0,1,1,100.0,0.004016064257028112,0,2,0,False,0,0,False,0,False,0,False,0,0,0,0,0,False,False,0,0.0,0.0,0.0,0.0,0.0,0.0,0.0,0.0,None,No material anomaly signal detected.,88.08,94.64,1,1,48.1,52.85,High,66.3,V41,RUN-20261008-254699,Early-Warning,,False,ALT-V41-0004,HIGH,Pending Verification,Review supporting records
WS/MP18100/2025-2026/249986,,,,,,,,,,,,,,,,120000.0,2026-02-03,Sarpanch Gram Panchayat KERIYA,SARPANCH GRAM PANCHAYAT KERIYA,1.0,Payment In-Progress,,,,12.0,81134800.0,National Calamity; State Calamity,,,,,,,,,,,,0,Under Implementation,249,0.0,64270223.0,,,,1,120000.0,120000.0,1,1,100.0,0.004016064257028112,0,2,0,False,0,0,False,0,False,0,False,0,0,0,0,0,False,False,0,0.0,0.0,0.0,0.0,0.0,0.0,0.0,0.0,None,No material anomaly signal detected.,84.82,77.55,1,1,48.1,50.89,High,66.3,V41,RUN-20261008-254699,Early-Warning,,False,ALT-V41-0005,HIGH,Pending Verification,Review supporting records
WS/MP18100/2026-2027/263076,,,,,,,,,,,,,,,,100000.0,2026-08-19,sarpanch gp khamrajethu,SARPANCH GP KHAMRAJETHU,1.0,Payment In-Progress,,,,12.0,81134800.0,National Calamity; State Calamity,,,,,,,,,,,,0,Under Implementation,249,0.0,64270223.0,,,,1,100000.0,100000.0,1,1,100.0,0.004016064257028112,0,2,0,False,0,0,False,0,False,0,False,0,0,0,0,0,False,False,0,0.0,0.0,0.0,0.0,0.0,0.0,0.0,0.0,None,No material anomaly signal detected.,85.36,80.29,1,1,48.1,51.22,High,66.3,V41,RUN-20261008-254699,Early-Warning,,False,ALT-V41-0006,HIGH,Pending Verification,Review supporting records
WS/MP18100/2026-2027/263127,,,,,,,,,,,,,,,,100000.0,2026-08-19,GRAM PANCHYAT KHAMI,GRAM PANCHYAT KHAMI,1.0,Payment In-Progress,,,,12.0,81134800.0,National Calamity; State Calamity,,,,,,,,,,,,0,Under Implementation,249,0.0,64270223.0,,,,1,100000.0,100000.0,1,1,100.0,0.004016064257028112,0,2,0,False,0,0,False,0,False,0,False,0,0,0,0,0,False,False,0,0.0,0.0,0.0,0.0,0.0,0.0,0.0,0.0,None,No material anomaly signal detected.,85.36,80.29,1,1,48.1,51.22,High,66.3,V41,RUN-20261008-254699,Early-Warning,,False,ALT-V41-0007,HIGH,Pending Verification,Review supporting records
WS/MP18101/2024-2025/139569,2024-09-07,500000.0,Madhya Pradesh,DAMOH(DISTRICT COLLECTOR DAMOH_IDA),RAHUL SINGH LODHI,RAHUL SINGH LODHI,DAMOH,Normal/Others,atirikt kakch niman kary panchayat bhavan ke piche vyayam sala ke pass gram panchayat abhana,2024-10-01,500000.0,Work Completed,2025-09-09,500000.0,Completed,,,,,0.0,,163058785.37,Madhya Pradesh,DAMOH,,,,500000.0,,,,,0.30663787839792855,,24.0,,367.0,-22.0,1,Completed,103,10659156.0,0.0,0.0,259942.0,92.35060128797963,0,0.0,0.0,0,0,,0.0,0,3,0,False,0,0,False,0,False,0,False,0,0,0,0,0,False,True,0,0.0,0.0,0.0,0.0,0.0,0.0,0.0,0.0,None,No material anomaly signal detected.,84.61,76.84,1,1,66.7,50.77,High,78.4,V41,RUN-20261008-254699,Audit,,False,ALT-V41-0008,HIGH,Pending Verification,Review supporting records
WS/MP18101/2024-2025/142502,2024-09-22,1000000.0,Madhya Pradesh,DAMOH(DISTRICT COLLECTOR DAMOH_IDA),RAHUL SINGH LODHI,RAHUL SINGH LODHI,DAMOH,Normal/Others,GRAM PANCHAYAT SHAHJAD PURA K GRAM GHANSHIYAMPURA ME SAMUDAYK BHAVN NIRMAN KARY,2024-10-22,1000000.0,Work Completed,2025-01-13,1000000.0,Completed,,,,,0.0,,163058785.37,Madhya Pradesh,DAMOH,,,,1000000.0,,,,,0.6132757567958571,,30.0,,113.0,-282.0,1,Completed,103,10659156.0,0.0,0.0,259942.0,284.70120257595926,0,0.0,0.0,0,0,,0.0,0,3,0,False,0,0,False,0,False,0,False,0,0,0,0,0,False,True,0,0.0,0.0,0.0,0.0,0.0,0.0,0.0,0.0,None,No material anomaly signal detected.,91.34,78.48,1,1,66.7,54.8,High,78.4,V41,RUN-20261008-254699,Audit,,False,ALT-V41-0009,HIGH,Pending Verification,Review supporting records
WS/MP18101/2024-2025/143856,2024-09-26,1800000.0,Madhya Pradesh,DAMOH(DISTRICT COLLECTOR DAMOH_IDA),RAHUL SINGH LODHI,RAHUL SINGH LODHI,DAMOH,Normal/Others,jila niyalay parisar me nirmit sarvjanin our samudayak bhavn ke pratham tl pr hall nirman,2024-11-08,1800000.0,Vendor Identification,,,,,,,,0.0,,163058785.37,Madhya Pradesh,DAMOH,,,,1800000.0,,,,,1.103896362232543,,43.0,,,,0,Under Implementation,103,10659156.0,0.0,0.0,259942.0,592.4621646367267,0,0.0,0.0,0,0,,0.0,0,2,0,False,0,0,False,0,False,0,False,0,0,0,0,0,False,True,0,0.0,0.0,0.0,0.0,0.0,0.0,0.0,0.0,None,No material anomaly signal detected.,92.38,79.45,1,1,63.0,55.43,High,76.0,V41,RUN-20261008-254699,Early-Warning,,False,ALT-V41-0010,HIGH,Pending Verification,Review supporting records
WS/MP18101/2025-2026/229926,,,,,,,,,,,,,,,,364616.0,2026-08-19,MP STATE AGRO CHHATARPUR,MP STATE AGRO CHHATARPUR,1.0,Payment In-Progress,,,,12.0,81134800.0,National Calamity; State Calamity,,,,,,,,,,,,0,Under Implementation,249,0.0,64270223.0,,,,1,364616.0,364616.0,1,1,100.0,0.004016064257028112,0,2,0,False,0,0,False,0,False,0,False,0,0,0,0,0,False,False,0,0.0,0.0,0.0,0.0,0.0,0.0,0.0,0.0,None,No material anomaly signal detected.,88.26,84.06,1,1,48.1,52.96,High,66.3,V41,RUN-20261008-254699,Early-Warning,,False,ALT-V41-0011,HIGH,Pending Verification,Review supporting records
WS/MP18101/2026-2027/287604,,,,,,,,,,,,,,,,300000.0,2026-08-10,GRAM PANCHAYAT MAHANTPUR JP DAMOH,GRAM PANCHAYAT MAHANTPUR JP DAMOH,1.0,Payment Success,,,,12.0,81134800.0,National Calamity; State Calamity,,,,,,,,,,,,0,Under Implementation,249,0.0,64270223.0,,,,1,300000.0,300000.0,1,1,100.0,0.004016064257028112,0,2,0,False,0,0,False,0,False,0,False,0,0,0,0,0,False,False,0,0.0,0.0,0.0,0.0,0.0,0.0,0.0,0.0,None,No material anomaly signal detected.,89.62,94.2,1,1,48.1,53.77,High,66.3,V41,RUN-20261008-254699,Early-Warning,,False,ALT-V41-0012,HIGH,Pending Verification,Review supporting records
WS/MP18102/2025-2026/233973,,,,,,,,,,,,,,,,400000.0,2026-08-20,Gram Panchayat Amjhera janpad Panchayat sardarpur,GRAM PANCHAYAT AMJHERA JANPAD PANCHAYAT SARDARPUR,1.0,Payment In-Progress,,,,12.0,81134800.0,National Calamity; State Calamity,,,,,,,,,,,,0,Under Implementation,249,0.0,64270223.0,,,,1,400000.0,400000.0,1,1,100.0,0.004016064257028112,0,2,0,False,0,0,False,0,False,0,False,0,0,0,0,0,False,False,0,0.0,0.0,0.0,0.0,0.0,0.0,0.0,0.0,None,No material anomaly signal detected.,89.47,86.07,1,1,48.1,53.68,High,66.3,V41,RUN-20261008-254699,Early-Warning,,False,ALT-V41-0013,HIGH,Pending Verification,Review supporting records
WS/MP18102/2026-2027/222598,,,,,,,,,,,,,,,,350000.0,2026-08-07,Gram Panchayat Bachhadawada janpad Panchayat nalchha district dhar,GRAM PANCHAYAT BACHHADAWADA JANPAD PANCHAYAT NALCHHA DISTRICT DHAR,1.0,Payment Success,,,,12.0,81134800.0,National Calamity; State Calamity,,,,,,,,,,,,0,Under Implementation,249,0.0,64270223.0,,,,1,350000.0,350000.0,1,1,100.0,0.004016064257028112,0,2,0,False,0,0,False,0,False,0,False,0,0,0,0,0,False,False,0,0.0,0.0,0.0,0.0,0.0,0.0,0.0,0.0,None,No material anomaly signal detected.,86.14,78.37,1,1,48.1,51.68,High,66.3,V41,RUN-20261008-254699,Early-Warning,,False,ALT-V41-0014,HIGH,Pending Verification,Review supporting records
WS/MP18104/2024-2025/153170,,,,,,,,,,,,,,,,25000.0,2026-08-25,GRAM PANCHAYAT RICHHEDA,GRAM PANCHAYAT RICHHEDA,1.0,Payment In-Progress,,,,12.0,81134800.0,National Calamity; State Calamity,,,,,,,,,,,,0,Under Implementation,249,0.0,64270223.0,,,,1,25000.0,25000.0,1,1,100.0,0.004016064257028112,0,2,0,False,0,0,False,0,False,0,False,0,0,0,0,0,False,False,0,0.0,0.0,0.0,0.0,0.0,0.0,0.0,0.0,None,No material anomaly signal detected.,86.21,79.08,1,1,48.1,51.73,High,66.3,V41,RUN-20261008-254699,Early-Warning,,False,ALT-V41-0015,HIGH,Pending Verification,Review supporting records
WS/MP18104/2025-2026/153165,,,,,,,,,,,,,,,,115000.0,2025-11-10,RACHNA ENTERPRISES,RACHNA ENTERPRISES,1.0,Payment In-Progress,,,,12.0,81134800.0,National Calamity; State Calamity,,,,,,,,,,,,0,Under Implementation,249,0.0,64270223.0,,,,1,115000.0,115000.0,1,1,100.0,0.004016064257028112,0,2,0,False,0,0,False,0,False,0,False,0,0,0,0,0,False,False,0,0.0,0.0,0.0,0.0,0.0,0.0,0.0,0.0,None,No material anomaly signal detected.,84.72,77.55,1,1,48.1,50.83,High,66.3,V41,RUN-20261008-254699,Early-Warning,,False,ALT-V41-0016,HIGH,Pending Verification,Review supporting records
WS/MP18104/2025-2026/154234,,,,,,,,,,,,,,,,25000.0,2026-01-22,Khyati Sports,KHYATI SPORTS,1.0,Payment In-Progress,,,,12.0,81134800.0,National Calamity; State Calamity,,,,,,,,,,,,0,Under Implementation,249,0.0,64270223.0,,,,1,25000.0,25000.0,1,1,100.0,0.004016064257028112,0,2,0,False,0,0,False,0,False,0,False,0,0,0,0,0,False,False,0,0.0,0.0,0.0,0.0,0.0,0.0,0.0,0.0,None,No material anomaly signal detected.,86.21,79.08,1,1,48.1,51.73,High,66.3,V41,RUN-20261008-254699,Early-Warning,,False,ALT-V41-0017,HIGH,Pending Verification,Review supporting records
WS/MP18104/2025-2026/174717,,,,,,,,,,,,,,,,47000.0,2025-12-26,Sachiv gram panchayat Mehraghat,SACHIV GRAM PANCHAYAT MEHRAGHAT,1.0,Payment In-Progress,,,,12.0,81134800.0,National Calamity; State Calamity,,,,,,,,,,,,0,Under Implementation,249,0.0,64270223.0,,,,2,94000.0,47000.0,1,1,50.0,0.008032128514056224,0,2,0,False,0,0,False,0,False,0,False,0,0,0,0,0,False,False,0,0.0,0.0,0.0,0.0,0.0,0.0,0.0,0.0,None,No material anomaly signal detected.,91.11,89.44,1,1,48.1,54.67,High,66.3,V41,RUN-20261008-254699,Early-Warning,,False,ALT-V41-0018,HIGH,Pending Verification,Review supporting records
WS/MP18104/2025-2026/174718,,,,,,,,,,,,,,,,47000.0,2025-12-26,Sachiv gram panchayat Mehraghat,SACHIV GRAM PANCHAYAT MEHRAGHAT,1.0,Payment In-Progress,,,,12.0,81134800.0,National Calamity; State Calamity,,,,,,,,,,,,0,Under Implementation,249,0.0,64270223.0,,,,2,94000.0,47000.0,1,1,50.0,0.008032128514056224,0,2,0,False,0,0,False,0,False,0,False,0,0,0,0,0,False,False,0,0.0,0.0,0.0,0.0,0.0,0.0,0.0,0.0,None,No material anomaly signal detected.,91.11,89.44,1,1,48.1,54.67,High,66.3,V41,RUN-20261008-254699,Early-Warning,,False,ALT-V41-0019,HIGH,Pending Verification,Review supporting records
WS/MP18104/2025-2026/181967,,,,,,,,,,,,,,,,150000.0,2026-07-20,Sarpanch Gram Panchayat Luchgaon,SARPANCH GRAM PANCHAYAT LUCHGAON,1.0,Payment In-Progress,,,,12.0,81134800.0,National Calamity; State Calamity,,,,,,,,,,,,0,Under Implementation,249,0.0,64270223.0,,,,1,150000.0,150000.0,1,1,100.0,0.004016064257028112,0,2,0,False,0,0,False,0,False,0,False,0,0,0,0,0,False,False,0,0.0,0.0,0.0,0.0,0.0,0.0,0.0,0.0,None,No material anomaly signal detected.,86.88,85.39,1,1,48.1,52.13,High,66.3,V41,RUN-20261008-254699,Early-Warning,,False,ALT-V41-0020,HIGH,Pending Verification,Review supporting records
WS/MP18104/2025-2026/204535,,,,,,,,,,,,,,,,148020.0,2026-07-21,YOGENDRA KUMAR PATEL,YOGENDRA KUMAR PATEL,1.0,Payment Success,,,,12.0,81134800.0,National Calamity; State Calamity,,,,,,,,,,,,0,Under Implementation,249,0.0,64270223.0,,,,1,148020.0,148020.0,1,1,100.0,0.004016064257028112,0,2,0,False,0,0,False,0,False,0,False,0,0,0,0,0,False,False,0,0.0,0.0,0.0,0.0,0.0,0.0,0.0,0.0,None,No material anomaly signal detected.,87.55,85.96,1,1,48.1,52.53,High,66.3,V41,RUN-20261008-254699,Early-Warning,,False,ALT-V41-0021,HIGH,Pending Verification,Review supporting records
WS/MP18104/2025-2026/229571,,,,,,,,,,,,,,,,100000.0,2026-07-24,YVS Fitness and gym equipment,YVS FITNESS AND GYM EQUIPMENT,1.0,Payment Success,,,,12.0,81134800.0,National Calamity; State Calamity,,,,,,,,,,,,0,Under Implementation,249,0.0,64270223.0,,,,1,100000.0,100000.0,1,1,100.0,0.004016064257028112,0,2,0,False,0,0,False,0,False,0,False,0,0,0,0,0,False,False,0,0.0,0.0,0.0,0.0,0.0,0.0,0.0,0.0,None,No material anomaly signal detected.,85.36,80.29,1,1,48.1,51.22,High,66.3,V41,RUN-20261008-254699,Early-Warning,,False,ALT-V41-0022,HIGH,Pending Verification,Review supporting records
WS/MP18104/2026-2027/152597,,,,,,,,,,,,,,,,100000.0,2026-08-06,SARPANCH GRAM PANCHAYAT CHOURAHET,SARPANCH GRAM PANCHAYAT CHOURAHET,1.0,Payment Success,,,,12.0,81134800.0,National Calamity; State Calamity,,,,,,,,,,,,0,Under Implementation,249,0.0,64270223.0,,,,1,100000.0,100000.0,1,1,100.0,0.004016064257028112,0,2,0,False,0,0,False,0,False,0,False,0,0,0,0,0,False,False,0,0.0,0.0,0.0,0.0,0.0,0.0,0.0,0.0,None,No material anomaly signal detected.,85.36,80.29,1,1,48.1,51.22,High,66.3,V41,RUN-20261008-254699,Early-Warning,,False,ALT-V41-0023,HIGH,Pending Verification,Review supporting records
WS/MP18104/2026-2027/154225,,,,,,,,,,,,,,,,180000.0,2026-07-21,SHRI SANKAT MOCHAN JAN KALYAN SAMITI,SANKAT MOCHAN JAN KALYAN SAMITI,1.0,Payment Success,,,,12.0,81134800.0,National Calamity; State Calamity,,,,,,,,,,,,0,Under Implementation,249,0.0,64270223.0,,,,1,180000.0,180000.0,1,1,100.0,0.004016064257028112,0,2,0,False,0,0,False,0,False,0,False,0,0,0,0,0,False,False,0,0.0,0.0,0.0,0.0,0.0,0.0,0.0,0.0,None,No material anomaly signal detected.,87.25,86.76,1,1,48.1,52.35,High,66.3,V41,RUN-20261008-254699,Early-Warning,,False,ALT-V41-0024,HIGH,Pending Verification,Review supporting records
WS/MP18104/2026-2027/229584,,,,,,,,,,,,,,,,100000.0,2026-07-02,GP SILARIKALA JP UDAIPURA,GP SILARIKALA JP UDAIPURA,1.0,Payment Success,,,,12.0,81134800.0,National Calamity; State Calamity,,,,,,,,,,,,0,Under Implementation,249,0.0,64270223.0,,,,1,100000.0,100000.0,1,1,100.0,0.004016064257028112,0,2,0,False,0,0,False,0,False,0,False,0,0,0,0,0,False,False,0,0.0,0.0,0.0,0.0,0.0,0.0,0.0,0.0,None,No material anomaly signal detected.,85.36,80.29,1,1,48.1,51.22,High,66.3,V41,RUN-20261008-254699,Early-Warning,,False,ALT-V41-0025,HIGH,Pending Verification,Review supporting records
WS/MP18104/2026-2027/285482,,,,,,,,,,,,,,,,150000.0,2026-08-14,GRAM PANCHAYAT MISROD SARPANCH GRAM,GRAM PANCHAYAT MISROD SARPANCH GRAM,1.0,Payment Success,,,,12.0,81134800.0,National Calamity; State Calamity,,,,,,,,,,,,0,Under Implementation,249,0.0,64270223.0,,,,1,150000.0,150000.0,1,1,100.0,0.004016064257028112,0,2,0,False,0,0,False,0,False,0,False,0,0,0,0,0,False,False,0,0.0,0.0,0.0,0.0,0.0,0.0,0.0,0.0,None,No material anomaly signal detected.,86.88,85.39,1,1,48.1,52.13,High,66.3,V41,RUN-20261008-254699,Early-Warning,,False,ALT-V41-0026,HIGH,Pending Verification,Review supporting records
WS/MP18104/2026-2027/285516,,,,,,,,,,,,,,,,350000.0,2026-08-19,Sarpanch Gram Panchayat Bharlai,SARPANCH GRAM PANCHAYAT BHARLAI,1.0,Payment Success,,,,12.0,81134800.0,National Calamity; State Calamity,,,,,,,,,,,,0,Under Implementation,249,0.0,64270223.0,,,,1,350000.0,350000.0,1,1,100.0,0.004016064257028112,0,2,0,False,0,0,False,0,False,0,False,0,0,0,0,0,False,False,0,0.0,0.0,0.0,0.0,0.0,0.0,0.0,0.0,None,No material anomaly signal detected.,86.14,78.37,1,1,48.1,51.68,High,66.3,V41,RUN-20261008-254699,Early-Warning,,False,ALT-V41-0027,HIGH,Pending Verification,Review supporting records
WS/MP18104/2026-2027/287626,,,,,,,,,,,,,,,,100000.0,2026-08-25,GRAM PANCHAYAT SANDIYA SFC,GRAM PANCHAYAT SANDIYA SFC,1.0,Payment In-Progress,,,,12.0,81134800.0,National Calamity; State Calamity,,,,,,,,,,,,0,Under Implementation,249,0.0,64270223.0,,,,1,100000.0,100000.0,1,1,100.0,0.004016064257028112,0,2,0,False,0,0,False,0,False,0,False,0,0,0,0,0,False,False,0,0.0,0.0,0.0,0.0,0.0,0.0,0.0,0.0,None,No material anomaly signal detected.,85.36,80.29,1,1,48.1,51.22,High,66.3,V41,RUN-20261008-254699,Early-Warning,,False,ALT-V41-0028,HIGH,Pending Verification,Review supporting records
WS/MP18104/2026-2027/288543,,,,,,,,,,,,,,,,160000.0,2026-08-06,SARPANCH GRAM PANCHAYAT SHIVPUR,SARPANCH GRAM PANCHAYAT SHIVPUR,2.0,Payment In-Progress,,,,12.0,81134800.0,National Calamity; State Calamity,,,,,,,,,,,,0,Under Implementation,249,0.0,64270223.0,,,,1,160000.0,160000.0,1,1,100.0,0.004016064257028112,1,2,0,False,0,0,False,0,False,1,True,1,0,0,0,0,False,False,2,0.0,0.0,0.0,0.0,1.0,0.0,0.0,18.0,Duplicate Payment,possible repeated work/vendor/amount payment pattern,86.52,84.1,1,1,48.1,59.11,High,66.3,V41,RUN-20261008-254699,Early-Warning,,False,ALT-V41-0029,HIGH,Pending Verification,Review supporting records
WS/MP18104/2026-2027/290505,,,,,,,,,,,,,,,,100000.0,2026-08-25,GRAM PANCHAYAT MATKULI SFC,GRAM PANCHAYAT MATKULI SFC,1.0,Payment In-Progress,,,,12.0,81134800.0,National Calamity; State Calamity,,,,,,,,,,,,0,Under Implementation,249,0.0,64270223.0,,,,1,100000.0,100000.0,1,1,100.0,0.004016064257028112,0,2,0,False,0,0,False,0,False,0,False,0,0,0,0,0,False,False,0,0.0,0.0,0.0,0.0,0.0,0.0,0.0,0.0,None,No material anomaly signal detected.,85.36,80.29,1,1,48.1,51.22,High,66.3,V41,RUN-20261008-254699,Early-Warning,,False,ALT-V41-0030,HIGH,Pending Verification,Review supporting records
WS/MP18104/2026-2027/290510,,,,,,,,,,,,,,,,125000.0,2026-08-25,GRAM PANCHAYAT SURELA KISHOR SFC,GRAM PANCHAYAT SURELA KISHOR SFC,1.0,Payment In-Progress,,,,12.0,81134800.0,National Calamity; State Calamity,,,,,,,,,,,,0,Under Implementation,249,0.0,64270223.0,,,,1,125000.0,125000.0,1,1,100.0,0.004016064257028112,0,2,0,False,0,0,False,0,False,0,False,0,0,0,0,0,False,False,0,0.0,0.0,0.0,0.0,0.0,0.0,0.0,0.0,None,No material anomaly signal detected.,86.4,82.29,1,1,48.1,51.84,High,66.3,V41,RUN-20261008-254699,Early-Warning,,False,ALT-V41-0031,HIGH,Pending Verification,Review supporting records
WS/MP18105/2025-2026/185722,,,,,,,,,,,,,,,,202313.0,2026-08-10,VASTUANANTA DESIGNS,VASTUANANTA DESIGNS,1.0,Payment In-Progress,,,,12.0,81134800.0,National Calamity; State Calamity,,,,,,,,,,,,0,Under Implementation,249,0.0,64270223.0,,,,3,667591.0,222530.33333333334,1,1,30.304932211488772,0.012048192771084338,0,2,0,False,0,0,False,0,False,0,False,0,0,0,0,0,False,False,0,0.0,0.0,0.0,0.0,0.0,0.0,0.0,0.0,None,No material anomaly signal detected.,88.39,81.22,1,1,48.1,53.03,High,66.3,V41,RUN-20261008-254699,Early-Warning,,False,ALT-V41-0032,HIGH,Pending Verification,Review supporting records
WS/MP18105/2025-2026/185732,,,,,,,,,,,,,,,,232259.0,2026-08-25,VASTUANANTA DESIGNS,VASTUANANTA DESIGNS,1.0,Payment In-Progress,,,,12.0,81134800.0,National Calamity; State Calamity,,,,,,,,,,,,0,Under Implementation,249,0.0,64270223.0,,,,3,667591.0,222530.33333333334,1,1,34.79061281533154,0.012048192771084338,0,2,0,False,0,0,False,0,False,0,False,0,0,0,0,0,False,False,0,0.0,0.0,0.0,0.0,0.0,0.0,0.0,0.0,None,No material anomaly signal detected.,91.78,90.83,1,1,48.1,55.07,High,66.3,V41,RUN-20261008-254699,Early-Warning,,False,ALT-V41-0033,HIGH,Pending Verification,Review supporting records
WS/MP18105/2025-2026/185740,,,,,,,,,,,,,,,,233019.0,2026-08-10,VASTUANANTA DESIGNS,VASTUANANTA DESIGNS,1.0,Payment In-Progress,,,,12.0,81134800.0,National Calamity; State Calamity,,,,,,,,,,,,0,Under Implementation,249,0.0,64270223.0,,,,3,667591.0,222530.33333333334,1,1,34.90445497317969,0.012048192771084338,0,2,0,False,0,0,False,0,False,0,False,0,0,0,0,0,False,False,0,0.0,0.0,0.0,0.0,0.0,0.0,0.0,0.0,None,No material anomaly signal detected.,91.83,90.88,1,1,48.1,55.1,High,66.3,V41,RUN-20261008-254699,Early-Warning,,False,ALT-V41-0034,HIGH,Pending Verification,Review supporting records
WS/MP18106/2024-2025/142099,2024-09-20,800000.0,Madhya Pradesh,SHEOPUR(District Collector Sheopur_IDA),SHIVMANGAL SINGH TOMAR,SHIVMANGAL SINGH TOMAR,MORENA,Normal/Others,"GRAM MLAPURA, GRAM PANCHYAT IKLAUD, JANPAD PANCHAYAT VIJAYPUR BHAGWANT KE KHET KE PASS",2024-10-08,800000.0,Work Completed,2025-06-03,800000.0,Completed,,,,,0.0,,147000000.0,Madhya Pradesh,MORENA,,,,800000.0,,,,,0.5442176870748299,,18.0,,256.0,-127.0,1,Completed,44,16400000.0,0.0,0.0,259942.0,207.76096206076738,0,0.0,0.0,0,0,,0.0,0,3,0,False,0,0,False,0,False,0,False,0,0,0,0,0,False,True,0,0.0,0.0,0.0,0.0,0.0,0.0,0.0,0.0,None,No material anomaly signal detected.,90.76,82.33,1,1,66.7,54.46,High,78.4,V41,RUN-20261008-254699,Audit,,False,ALT-V41-0035,HIGH,Pending Verification,Review supporting records
WS/MP18106/2024-2025/142103,2024-09-24,800000.0,Madhya Pradesh,SHEOPUR(District Collector Sheopur_IDA),SHIVMANGAL SINGH TOMAR,SHIVMANGAL SINGH TOMAR,MORENA,Normal/Others,"GRAM PANCHAYAT LADPURA, JANPAD PANCHAYAT VIJAYPUR, COLLAGE WALE RASTE PER",2024-10-08,800000.0,Work Completed,2025-06-06,800000.0,Completed,,,,,0.0,,147000000.0,Madhya Pradesh,MORENA,,,,800000.0,,,,,0.5442176870748299,,14.0,,255.0,-124.0,1,Completed,44,16400000.0,0.0,0.0,259942.0,207.76096206076738,0,0.0,0.0,0,0,,0.0,0,3,0,False,0,0,False,0,False,0,False,0,0,0,0,0,False,True,0,0.0,0.0,0.0,0.0,0.0,0.0,0.0,0.0,None,No material anomaly signal detected.,90.92,82.37,1,1,66.7,54.55,High,78.4,V41,RUN-20261008-254699,Audit,,False,ALT-V41-0036,HIGH,Pending Verification,Review supporting records
WS/MP18106/2024-2025/142105,2024-10-11,800000.0,Madhya Pradesh,SHEOPUR(District Collector Sheopur_IDA),SHIVMANGAL SINGH TOMAR,SHIVMANGAL SINGH TOMAR,MORENA,Normal/Others,GRAM PANCHAYAT SARANGPUR JANPAD PANCHAYAT VIJAYPUR SHAMSHAN GHAT WALE RASTE PER,2024-12-16,800000.0,Vendor Identification,,,,,,,,0.0,,147000000.0,Madhya Pradesh,MORENA,,,,800000.0,,,,,0.5442176870748299,,66.0,,,,0,Under Implementation,44,16400000.0,0.0,0.0,259942.0,207.76096206076738,0,0.0,0.0,0,0,,0.0,0,2,0,False,0,0,False,0,False,0,False,0,0,0,0,0,False,True,0,0.0,0.0,0.0,0.0,0.0,0.0,0.0,0.0,None,No material anomaly signal detected.,87.18,79.41,1,1,63.0,52.31,High,76.0,V41,RUN-20261008-254699,Early-Warning,,False,ALT-V41-0037,HIGH,Pending Verification,Review supporting records
WS/MP18106/2024-2025/142106,2024-10-15,800000.0,Madhya Pradesh,SHEOPUR(District Collector Sheopur_IDA),SHIVMANGAL SINGH TOMAR,SHIVMANGAL SINGH TOMAR,MORENA,Normal/Others,gram panchayat nitanwas janpat panchayat vijaypur nawesh kewat ke ghar ke pass,2024-12-16,800000.0,Vendor Identification,,,,,,,,0.0,,147000000.0,Madhya Pradesh,MORENA,,,,800000.0,,,,,0.5442176870748299,,62.0,,,,0,Under Implementation,44,16400000.0,0.0,0.0,259942.0,207.76096206076738,0,0.0,0.0,0,0,,0.0,0,2,0,False,0,0,False,0,False,0,False,0,0,0,0,0,False,True,0,0.0,0.0,0.0,0.0,0.0,0.0,0.0,0.0,None,No material anomaly signal detected.,87.42,79.67,1,1,63.0,52.45,High,76.0,V41,RUN-20261008-254699,Early-Warning,,False,ALT-V41-0038,HIGH,Pending Verification,Review supporting records
WS/MP18106/2024-2025/142107,2024-09-26,800000.0,Madhya Pradesh,SHEOPUR(District Collector Sheopur_IDA),SHIVMANGAL SINGH TOMAR,SHIVMANGAL SINGH TOMAR,MORENA,Normal/Others,gram ranawad janpat panchayat vijaypur shri niwas ke khet ke pass,2024-10-08,800000.0,Vendor Identification,,,,,,,,0.0,,147000000.0,Madhya Pradesh,MORENA,,,,800000.0,,,,,0.5442176870748299,,12.0,,,,0,Under Implementation,44,16400000.0,0.0,0.0,259942.0,207.76096206076738,0,0.0,0.0,0,0,,0.0,0,2,0,False,0,0,False,0,False,0,False,0,0,0,0,0,False,True,0,0.0,0.0,0.0,0.0,0.0,0.0,0.0,0.0,None,No material anomaly signal detected.,89.34,82.2,1,1,63.0,53.6,High,76.0,V41,RUN-20261008-254699,Early-Warning,,False,ALT-V41-0039,HIGH,Pending Verification,Review supporting records
WS/MP18106/2024-2025/142108,2024-09-24,800000.0,Madhya Pradesh,SHEOPUR(District Collector Sheopur_IDA),SHIVMANGAL SINGH TOMAR,SHIVMANGAL SINGH TOMAR,MORENA,Normal/Others,"gram nimaniya janpat panchayat karhal, semna road per parsadi kushwah ke khet ke pass",2024-09-25,800000.0,Vendor Identification,,,,,,,,0.0,,147000000.0,Madhya Pradesh,MORENA,,,,800000.0,,,,,0.5442176870748299,,1.0,,,,0,Under Implementation,44,16400000.0,0.0,0.0,259942.0,207.76096206076738,0,0.0,0.0,0,0,,0.0,0,2,0,False,0,0,False,0,False,0,False,0,0,0,0,0,False,True,0,0.0,0.0,0.0,0.0,0.0,0.0,0.0,0.0,None,No material anomaly signal detected.,89.34,82.2,1,1,63.0,53.6,High,76.0,V41,RUN-20261008-254699,Early-Warning,,False,ALT-V41-0040,HIGH,Pending Verification,Review supporting records
WS/MP18106/2024-2025/142118,2024-09-26,800000.0,Madhya Pradesh,SHEOPUR(District Collector Sheopur_IDA),SHIVMANGAL SINGH TOMAR,SHIVMANGAL SINGH TOMAR,MORENA,Normal/Others,"gram panchayat laxmanpura, janpad vijaypur, badkhera main road se mandir tak",2024-10-08,800000.0,Vendor Identification,,,,,,,,0.0,,147000000.0,Madhya Pradesh,MORENA,,,,800000.0,,,,,0.5442176870748299,,12.0,,,,0,Under Implementation,44,16400000.0,0.0,0.0,259942.0,207.76096206076738,0,0.0,0.0,0,0,,0.0,0,2,0,False,0,0,False,0,False,0,False,0,0,0,0,0,False,True,0,0.0,0.0,0.0,0.0,0.0,0.0,0.0,0.0,None,No material anomaly signal detected.,89.34,82.2,1,1,63.0,53.6,High,76.0,V41,RUN-20261008-254699,Early-Warning,,False,ALT-V41-0041,HIGH,Pending Verification,Review supporting records
WS/MP18106/2024-2025/142119,2024-09-26,800000.0,Madhya Pradesh,SHEOPUR(District Collector Sheopur_IDA),SHIVMANGAL SINGH TOMAR,SHIVMANGAL SINGH TOMAR,MORENA,Normal/Others,"gram panchayat parwati baroda, janpad vijaypur, dhoret mandir se manfool kushwah ke makan tak",2024-10-08,800000.0,Work Completed,2025-06-06,800000.0,Completed,,,,,0.0,,147000000.0,Madhya Pradesh,MORENA,,,,800000.0,,,,,0.5442176870748299,,12.0,,253.0,-124.0,1,Completed,44,16400000.0,0.0,0.0,259942.0,207.76096206076738,0,0.0,0.0,0,0,,0.0,0,3,0,False,0,0,False,0,False,0,False,0,0,0,0,0,False,True,0,0.0,0.0,0.0,0.0,0.0,0.0,0.0,0.0,None,No material anomaly signal detected.,90.95,82.44,1,1,66.7,54.57,High,78.4,V41,RUN-20261008-254699,Audit,,False,ALT-V41-0042,HIGH,Pending Verification,Review supporting records
WS/MP18106/2024-2025/142120,2024-10-15,800000.0,Madhya Pradesh,SHEOPUR(District Collector Sheopur_IDA),SHIVMANGAL SINGH TOMAR,SHIVMANGAL SINGH TOMAR,MORENA,Normal/Others,"gram panchayat madha, janpad panchayat vijaypur, vijaypur main road se kushwah basti tak",2024-12-17,800000.0,Vendor Identification,,,,,,,,0.0,,147000000.0,Madhya Pradesh,MORENA,,,,800000.0,,,,,0.5442176870748299,,63.0,,,,0,Under Implementation,44,16400000.0,0.0,0.0,259942.0,207.76096206076738,0,0.0,0.0,0,0,,0.0,0,2,0,False,0,0,False,0,False,0,False,0,0,0,0,0,False,True,0,0.0,0.0,0.0,0.0,0.0,0.0,0.0,0.0,None,No material anomaly signal detected.,87.31,79.56,1,1,63.0,52.39,High,76.0,V41,RUN-20261008-254699,Early-Warning,,False,ALT-V41-0043,HIGH,Pending Verification,Review supporting records
WS/MP18106/2024-2025/142121,2024-10-15,800000.0,Madhya Pradesh,SHEOPUR(District Collector Sheopur_IDA),SHIVMANGAL SINGH TOMAR,SHIVMANGAL SINGH TOMAR,MORENA,Normal/Others,"gram sukhpura, gram panchayat gopalpura, janpad vijaypur, kushwah basti mai",2024-12-17,800000.0,Vendor Identification,,,,,,,,0.0,,147000000.0,Madhya Pradesh,MORENA,,,,800000.0,,,,,0.5442176870748299,,63.0,,,,0,Under Implementation,44,16400000.0,0.0,0.0,259942.0,207.76096206076738,0,0.0,0.0,0,0,,0.0,0,2,0,False,0,0,False,0,False,0,False,0,0,0,0,0,False,True,0,0.0,0.0,0.0,0.0,0.0,0.0,0.0,0.0,None,No material anomaly signal detected.,87.31,79.56,1,1,63.0,52.39,High,76.0,V41,RUN-20261008-254699,Early-Warning,,False,ALT-V41-0044,HIGH,Pending Verification,Review supporting records
WS/MP18106/2024-2025/142123,2024-10-15,800000.0,Madhya Pradesh,SHEOPUR(District Collector Sheopur_IDA),SHIVMANGAL SINGH TOMAR,SHIVMANGAL SINGH TOMAR,MORENA,Normal/Others,"gram chapret silapura, gram panchayat chentikheda, janpad vijaypur, mai adivasi basti mai",2024-12-17,800000.0,Vendor Identification,,,,,,,,0.0,,147000000.0,Madhya Pradesh,MORENA,,,,800000.0,,,,,0.5442176870748299,,63.0,,,,0,Under Implementation,44,16400000.0,0.0,0.0,259942.0,207.76096206076738,0,0.0,0.0,0,0,,0.0,0,2,0,False,0,0,False,0,False,0,False,0,0,0,0,0,False,True,0,0.0,0.0,0.0,0.0,0.0,0.0,0.0,0.0,None,No material anomaly signal detected.,87.31,79.56,1,1,63.0,52.39,High,76.0,V41,RUN-20261008-254699,Early-Warning,,False,ALT-V41-0045,HIGH,Pending Verification,Review supporting records
WS/MP18106/2024-2025/142124,2024-10-15,800000.0,Madhya Pradesh,SHEOPUR(District Collector Sheopur_IDA),SHIVMANGAL SINGH TOMAR,SHIVMANGAL SINGH TOMAR,MORENA,Normal/Others,"gram panchayat khitarpal, janpad panchayat vijaypur, main road se shri kali mata mandir tak",2024-12-17,800000.0,Vendor Identification,,,,,,,,0.0,,147000000.0,Madhya Pradesh,MORENA,,,,800000.0,,,,,0.5442176870748299,,63.0,,,,0,Under Implementation,44,16400000.0,0.0,0.0,259942.0,207.76096206076738,0,0.0,0.0,0,0,,0.0,0,2,0,False,0,0,False,0,False,0,False,0,0,0,0,0,False,True,0,0.0,0.0,0.0,0.0,0.0,0.0,0.0,0.0,None,No material anomaly signal detected.,87.31,79.56,1,1,63.0,52.39,High,76.0,V41,RUN-20261008-254699,Early-Warning,,False,ALT-V41-0046,HIGH,Pending Verification,Review supporting records
WS/MP18106/2024-2025/142125,2024-09-26,800000.0,Madhya Pradesh,SHEOPUR(District Collector Sheopur_IDA),SHIVMANGAL SINGH TOMAR,SHIVMANGAL SINGH TOMAR,MORENA,Normal/Others,"gram panchayat dehari, janpad panchayat vijaypur, gram ladar mai aadivasi basti mai",2024-10-08,800000.0,Work Completed,2025-06-06,800000.0,Completed,,,,,0.0,,147000000.0,Madhya Pradesh,MORENA,,,,800000.0,,,,,0.5442176870748299,,12.0,,253.0,-124.0,1,Completed,44,16400000.0,0.0,0.0,259942.0,207.76096206076738,0,0.0,0.0,0,0,,0.0,0,3,0,False,0,0,False,0,False,0,False,0,0,0,0,0,False,True,0,0.0,0.0,0.0,0.0,0.0,0.0,0.0,0.0,None,No material anomaly signal detected.,90.95,82.44,1,1,66.7,54.57,High,78.4,V41,RUN-20261008-254699,Audit,,False,ALT-V41-0047,HIGH,Pending Verification,Review supporting records
WS/MP18107/2024-2025/163595,,,,,,,,,,,,,,,,2202571.0,2026-07-06,GURJEET SINGH,GURJEET SINGH,1.0,Payment Success,,,,12.0,81134800.0,National Calamity; State Calamity,,,,,,,,,,,,0,Under Implementation,249,0.0,64270223.0,,,,1,2202571.0,2202571.0,1,1,100.0,0.004016064257028112,0,2,0,False,0,0,False,0,False,0,False,0,0,0,1,1,True,False,2,0.0,0.0,0.0,0.0,0.0,0.0,0.7181077829224106,18.67,Unusual Expenditure; Transaction Outlier,expenditure is in an extreme upper range,94.12,86.58,1,1,48.1,63.94,High,66.3,V41,RUN-20261008-254699,Early-Warning,,False,ALT-V41-0048,HIGH,Pending Verification,Review supporting records
WS/MP18107/2024-2025/163615,,,,,,,,,,,,,,,,120000.0,2026-07-03,PATDI,PATDI,1.0,Payment In-Progress,,,,12.0,81134800.0,National Calamity; State Calamity,,,,,,,,,,,,0,Under Implementation,249,0.0,64270223.0,,,,1,120000.0,120000.0,1,1,100.0,0.004016064257028112,0,2,0,False,0,0,False,0,False,0,False,0,0,0,0,0,False,False,0,0.0,0.0,0.0,0.0,0.0,0.0,0.0,0.0,None,No material anomaly signal detected.,84.82,77.55,1,1,48.1,50.89,High,66.3,V41,RUN-20261008-254699,Early-Warning,,False,ALT-V41-0049,HIGH,Pending Verification,Review supporting records
WS/MP18107/2025-2026/261266,,,,,,,,,,,,,,,,148562.0,2026-07-13,PUNNIYAKHIDI,PUNNIYAKHIDI,1.0,Payment In-Progress,,,,12.0,81134800.0,National Calamity; State Calamity,,,,,,,,,,,,0,Under Implementation,249,0.0,64270223.0,,,,1,148562.0,148562.0,1,1,100.0,0.004016064257028112,0,2,0,False,0,0,False,0,False,0,False,0,0,0,0,0,False,False,0,0.0,0.0,0.0,0.0,0.0,0.0,0.0,0.0,None,No material anomaly signal detected.,87.53,86.01,1,1,48.1,52.52,High,66.3,V41,RUN-20261008-254699,Early-Warning,,False,ALT-V41-0050,HIGH,Pending Verification,Review supporting records
WS/MP18108/2024-2025/139268,2024-09-05,1299710.0,Madhya Pradesh,SAGAR(DISTRICT COLLECTOR SAGAR_IDA),DR. LATA WANKHEDE,LATA WANKHEDE,SAGAR,Normal/Others,"Construction of pre fabricated bus-sheds model 3 with 2 solar light 1-madkhera Rangir gate me, Sironja Makroniya Sadak Marg par, 2-Civil Lines Marg par Chavani Barrier ke pass, 3-Central Jail ke samne, 4-Makroniya -Narshingpur Road par",2024-10-04,1299710.0,Physical Inspection,2024-11-14,1299710.0,Completed,,,,,0.0,,147000000.0,Madhya Pradesh,SAGAR,,,,1299710.0,,,,,0.884156462585034,,29.0,,70.0,-324.0,1,Completed,79,15747630.0,247872.0,1.574027329826774,259942.0,400.0,0,0.0,0.0,0,0,,0.0,0,3,0,False,0,0,False,0,False,0,False,0,0,0,0,0,False,True,0,0.0,0.0,0.0,0.0,0.0,0.0,0.0,0.0,None,No material anomaly signal detected.,92.7,79.32,1,1,66.7,55.62,High,78.4,V41,RUN-20261008-254699,Audit,,False,ALT-V41-0051,HIGH,Pending Verification,Review supporting records
WS/MP18108/2024-2025/143811,2024-09-26,2599420.0,Madhya Pradesh,SAGAR(DISTRICT COLLECTOR SAGAR_IDA),DR. LATA WANKHEDE,LATA WANKHEDE,SAGAR,Normal/Others,Pre fabricated bus shelter model number 3 with two LED solar light 1.Gram Panchayat sarkhedi Mein barghat ticketda per 2. Gram Panchayat barcha mein tigada per 3. Gram Panchayat chamari Mein school ke pass 4. Gram biram Khedi Gram Panchayat GirHani 5. Gram Panchayat mudiya Dehra gram Mirzapur 6. Gram Panchayat Sila Pari men Road per 7. Gram Panchayat dikua 8. Gram Panchayat dhanagar 9. Gram Panchayat bagthari 10. Gram Panchayat bhilon,2024-11-11,2599420.0,Physical Inspection,2024-11-14,2599420.0,Completed,,,,,0.0,,147000000.0,Madhya Pradesh,SAGAR,,,,2599420.0,,,,,1.768312925170068,,46.0,,49.0,-362.0,1,Completed,79,15747630.0,247872.0,1.574027329826774,259942.0,900.0,0,0.0,0.0,0,0,,0.0,0,3,0,False,0,0,False,0,False,0,False,0,0,0,0,0,False,True,0,0.0,0.0,0.0,0.0,0.0,0.0,0.0,0.0,None,No material anomaly signal detected.,94.44,84.15,1,1,66.7,56.66,High,78.4,V41,RUN-20261008-254699,Audit,,False,ALT-V41-0052,HIGH,Pending Verification,Review supporting records
WS/MP18108/2024-2025/143816,2024-09-26,2698500.0,Madhya Pradesh,VIDISHA(District Collector Vidisha_IDA),DR. LATA WANKHEDE,LATA WANKHEDE,SAGAR,Normal/Others,Pre fabricated bus shelter model number 4 with two LED solar light 1. Gram Panchayat bagrod Mein mukhya Marg bagroda 2. Gram Panchayat batoli mein 3. Gram Panchayat Devpur Mein 4. Gram Panchayat deepnakheda 5. Gram Panchayat baretha mein 6. Gram Panchayat Barwal 7. Gram Panchayat baatami 8. Gram Panchayat Udaipur 9. Gram Panchayat Rampura 10. Gram Panchayat pipaldhar,2024-11-13,2698500.0,Physical Inspection,2024-11-18,2698500.0,Completed,,,,,0.0,,147000000.0,Madhya Pradesh,SAGAR,,,,2698500.0,,,,,1.8357142857142856,,48.0,,53.0,-360.0,1,Completed,79,15747630.0,247872.0,1.574027329826774,259942.0,938.116195151226,0,0.0,0.0,0,0,,0.0,0,3,0,False,0,0,False,0,False,0,False,0,0,0,0,0,False,True,0,0.0,0.0,0.0,0.0,0.0,0.0,0.0,0.0,None,No material anomaly signal detected.,94.45,84.19,1,1,66.7,56.67,High,78.4,V41,RUN-20261008-254699,Audit,,False,ALT-V41-0053,HIGH,Pending Verification,Review supporting records
WS/MP18108/2024-2025/150367,,,Madhya Pradesh,SAGAR(DISTRICT COLLECTOR SAGAR_IDA),DR. LATA WANKHEDE,LATA WANKHEDE,SAGAR,Normal/Others,Gram Panchayat Gadpahra muhal Me Ramji Yadav Ke ghar se Lakhan Yadav Ji ke ghar ki or,2025-01-15,500000.0,Vendor Identification,,,,,,,,0.0,,147000000.0,Madhya Pradesh,SAGAR,,,,500000.0,,,,,0.3401360544217687,,,,,,0,Under Implementation,79,15747630.0,247872.0,1.574027329826774,259942.0,92.35060128797963,0,0.0,0.0,0,0,,0.0,0,1,0,False,0,0,False,0,False,0,False,0,0,0,0,0,False,True,0,0.0,0.0,0.0,0.0,0.0,0.0,0.0,0.0,None,No material anomaly signal detected.,83.67,91.59,1,1,55.6,50.2,High,71.1,V41,RUN-20261008-254699,Early-Warning,,False,ALT-V41-0054,HIGH,Pending Verification,Review supporting records
WS/MP18108/2024-2025/150370,,,Madhya Pradesh,SAGAR(DISTRICT COLLECTOR SAGAR_IDA),DR. LATA WANKHEDE,LATA WANKHEDE,SAGAR,Normal/Others,Gram Panchayat Narayanpur ke gram Barkhua Tiwari me Rambabu chadar ke ghar se Ashok Gound Ke Ghar Tak C.C. Road Nirman Karya Hetu,2024-11-29,500000.0,Physical Inspection,2025-02-04,500000.0,Completed,,,,,0.0,,147000000.0,Madhya Pradesh,SAGAR,,,,500000.0,,,,,0.3401360544217687,,,,,-298.0,1,Completed,79,15747630.0,247872.0,1.574027329826774,259942.0,92.35060128797963,0,0.0,0.0,0,0,,0.0,0,2,0,False,0,0,False,0,False,0,False,0,0,0,0,0,False,True,0,0.0,0.0,0.0,0.0,0.0,0.0,0.0,0.0,None,No material anomaly signal detected.,83.67,91.59,1,1,55.6,50.2,High,71.1,V41,RUN-20261008-254699,Audit,,False,ALT-V41-0055,HIGH,Pending Verification,Review supporting records
WS/MP18108/2024-2025/150371,,,Madhya Pradesh,SAGAR(DISTRICT COLLECTOR SAGAR_IDA),DR. LATA WANKHEDE,LATA WANKHEDE,SAGAR,Normal/Others,Gram Panchayat Jasraj Me Babulal ke Makan Se Bablu Ke Makan Ki or C.C. Road Nirman Hetu,2024-11-29,500000.0,Physical Inspection,2025-10-15,500000.0,Completed,,,,,0.0,,147000000.0,Madhya Pradesh,SAGAR,,,,500000.0,,,,,0.3401360544217687,,,,,-45.0,1,Completed,79,15747630.0,247872.0,1.574027329826774,259942.0,92.35060128797963,0,0.0,0.0,0,0,,0.0,0,2,0,False,0,0,False,0,False,0,False,0,0,0,0,0,False,True,0,0.0,0.0,0.0,0.0,0.0,0.0,0.0,0.0,None,No material anomaly signal detected.,83.67,91.59,1,1,55.6,50.2,High,71.1,V41,RUN-20261008-254699,Audit,,False,ALT-V41-0056,HIGH,Pending Verification,Review supporting records
WS/MP18108/2024-2025/150372,,,Madhya Pradesh,SAGAR(DISTRICT COLLECTOR SAGAR_IDA),DR. LATA WANKHEDE,LATA WANKHEDE,SAGAR,Normal/Others,Gram Panchayat Kherai Ke Gram Pali Me Babulal Ahirwar Ke ghar Se Udham Ahirwar Ke Ghar Ki or C.C Road Nirman Hetu.,2024-11-29,500000.0,Physical Inspection,2025-01-30,500000.0,Completed,,,,,0.0,,147000000.0,Madhya Pradesh,SAGAR,,,,500000.0,,,,,0.3401360544217687,,,,,-303.0,1,Completed,79,15747630.0,247872.0,1.574027329826774,259942.0,92.35060128797963,0,0.0,0.0,0,0,,0.0,0,2,0,False,0,0,False,0,False,0,False,0,0,0,0,0,False,True,0,0.0,0.0,0.0,0.0,0.0,0.0,0.0,0.0,None,No material anomaly signal detected.,83.67,91.59,1,1,55.6,50.2,High,71.1,V41,RUN-20261008-254699,Audit,,False,ALT-V41-0057,HIGH,Pending Verification,Review supporting records
WS/MP18108/2024-2025/150374,,,Madhya Pradesh,SAGAR(DISTRICT COLLECTOR SAGAR_IDA),DR. LATA WANKHEDE,LATA WANKHEDE,SAGAR,Normal/Others,Gram Panchayat Ishurwara Me Main Road Se Shishu Mandir Ki or C.C. Road Nirman Karya hetu,2024-11-29,500000.0,Physical Inspection,2024-12-28,500000.0,Completed,,,,,0.0,,147000000.0,Madhya Pradesh,SAGAR,,,,500000.0,,,,,0.3401360544217687,,,,,-336.0,1,Completed,79,15747630.0,247872.0,1.574027329826774,259942.0,92.35060128797963,0,0.0,0.0,0,0,,0.0,0,2,0,False,0,0,False,0,False,0,False,0,0,0,0,0,False,True,0,0.0,0.0,0.0,0.0,0.0,0.0,0.0,0.0,None,No material anomaly signal detected.,83.67,91.59,1,1,55.6,50.2,High,71.1,V41,RUN-20261008-254699,Audit,,False,ALT-V41-0058,HIGH,Pending Verification,Review supporting records
WS/MP18108/2024-2025/150382,,,Madhya Pradesh,SAGAR(DISTRICT COLLECTOR SAGAR_IDA),DR. LATA WANKHEDE,LATA WANKHEDE,SAGAR,Normal/Others,1. Sarsvati Shishu Mandir Higher Secondary School Motinagar Sagar Zila Sagar me Additional Room Nirman Karya Hetu,2024-12-21,1500000.0,Physical Inspection,2025-10-22,1500000.0,Completed,,,,,0.0,,147000000.0,Madhya Pradesh,SAGAR,,,,1500000.0,,,,,1.0204081632653061,,,,,-60.0,1,Completed,79,15747630.0,247872.0,1.574027329826774,259942.0,477.05180386393886,0,0.0,0.0,0,0,,0.0,0,2,0,False,0,0,False,0,False,0,False,0,0,0,0,0,False,True,0,0.0,0.0,0.0,0.0,0.0,0.0,0.0,0.0,None,No material anomaly signal detected.,92.63,84.46,1,1,55.6,55.58,High,71.1,V41,RUN-20261008-254699,Audit,,False,ALT-V41-0059,HIGH,Pending Verification,Review supporting records
WS/MP18108/2024-2025/151836,,,Madhya Pradesh,SAGAR(DISTRICT COLLECTOR SAGAR_IDA),DR. LATA WANKHEDE,LATA WANKHEDE,SAGAR,Normal/Others,Gram Panchayat Bansiya Ke Gram Bersla Me Main Road Se Narmada Kurmi Ke Ghar Ki Our C.C. Road Karya Hetu,2024-12-21,750000.0,Physical Inspection,2025-10-29,750000.0,Completed,,,,,0.0,,147000000.0,Madhya Pradesh,SAGAR,,,,750000.0,,,,,0.5102040816326531,,,,,-53.0,1,Completed,79,15747630.0,247872.0,1.574027329826774,259942.0,188.52590193196943,0,0.0,0.0,0,0,,0.0,0,2,0,False,0,0,False,0,False,0,False,0,0,0,0,0,False,True,0,0.0,0.0,0.0,0.0,0.0,0.0,0.0,0.0,None,No material anomaly signal detected.,87.29,84.41,1,1,55.6,52.37,High,71.1,V41,RUN-20261008-254699,Audit,,False,ALT-V41-0060,HIGH,Pending Verification,Review supporting records
WS/MP18108/2024-2025/151874,,,Madhya Pradesh,SAGAR(DISTRICT COLLECTOR SAGAR_IDA),DR. LATA WANKHEDE,LATA WANKHEDE,SAGAR,Normal/Others,Gram Panchayat Semrahat Me Devi Mata Mandir Se Samshan Ghat Ki our C.C. Road Nirman Karya Hetu.,2024-12-21,700000.0,Physical Inspection,2025-10-17,700000.0,Completed,,,,,0.0,,147000000.0,Madhya Pradesh,SAGAR,,,,700000.0,,,,,0.4761904761904762,,,,,-65.0,1,Completed,79,15747630.0,247872.0,1.574027329826774,259942.0,169.29084180317147,0,0.0,0.0,0,0,,0.0,0,2,0,False,0,0,False,0,False,0,False,0,0,0,0,0,False,True,0,0.0,0.0,0.0,0.0,0.0,0.0,0.0,0.0,None,No material anomaly signal detected.,86.35,85.52,1,1,55.6,51.81,High,71.1,V41,RUN-20261008-254699,Audit,,False,ALT-V41-0061,HIGH,Pending Verification,Review supporting records
WS/MP18108/2024-2025/151892,,,Madhya Pradesh,SAGAR(DISTRICT COLLECTOR SAGAR_IDA),DR. LATA WANKHEDE,LATA WANKHEDE,SAGAR,Normal/Others,Gram Panchayat Kanera Nikhar Me Main Road Se High School Ki Our C.C. Road Nirman Karya Hetu.,2024-12-21,500000.0,Physical Inspection,2025-10-23,500000.0,Completed,,,,,0.0,,147000000.0,Madhya Pradesh,SAGAR,,,,500000.0,,,,,0.3401360544217687,,,,,-59.0,1,Completed,79,15747630.0,247872.0,1.574027329826774,259942.0,92.35060128797963,0,0.0,0.0,0,0,,0.0,0,2,0,False,0,0,False,0,False,0,False,0,0,0,0,0,False,True,0,0.0,0.0,0.0,0.0,0.0,0.0,0.0,0.0,None,No material anomaly signal detected.,83.67,91.59,1,1,55.6,50.2,High,71.1,V41,RUN-20261008-254699,Audit,,False,ALT-V41-0062,HIGH,Pending Verification,Review supporting records
WS/MP18108/2024-2025/151956,,,Madhya Pradesh,SAGAR(DISTRICT COLLECTOR SAGAR_IDA),DR. LATA WANKHEDE,LATA WANKHEDE,SAGAR,Normal/Others,Gram Panchayat Khiriya Nikhar Me Panchayat Bhavan Se Kanchhedi Ke Makan Tak C.C. Road Nirman Karya Hetu.,2024-11-29,500000.0,Physical Inspection,2025-10-29,500000.0,Completed,,,,,0.0,,147000000.0,Madhya Pradesh,SAGAR,,,,500000.0,,,,,0.3401360544217687,,,,,-31.0,1,Completed,79,15747630.0,247872.0,1.574027329826774,259942.0,92.35060128797963,0,0.0,0.0,0,0,,0.0,0,2,0,False,0,0,False,0,False,0,False,0,0,0,0,0,False,True,0,0.0,0.0,0.0,0.0,0.0,0.0,0.0,0.0,None,No material anomaly signal detected.,83.67,91.59,1,1,55.6,50.2,High,71.1,V41,RUN-20261008-254699,Audit,,False,ALT-V41-0063,HIGH,Pending Verification,Review supporting records
WS/MP18108/2024-2025/151957,,,Madhya Pradesh,SAGAR(DISTRICT COLLECTOR SAGAR_IDA),DR. LATA WANKHEDE,LATA WANKHEDE,SAGAR,Normal/Others,Gram Panchayat Jasraj Ke Gram Pipriya Ramvan Me Kailash Mishra Ke khet Ke Smip Sarvjanik Sthal Par Karigro Ke Liye Samanya Shed Nirman Karya Hetu.,2025-01-02,500000.0,Vendor Identification,,,,,,,,0.0,,147000000.0,Madhya Pradesh,SAGAR,,,,500000.0,,,,,0.3401360544217687,,,,,,0,Under Implementation,79,15747630.0,247872.0,1.574027329826774,259942.0,92.35060128797963,0,0.0,0.0,0,0,,0.0,0,1,0,False,0,0,False,0,False,0,False,0,0,0,0,0,False,True,0,0.0,0.0,0.0,0.0,0.0,0.0,0.0,0.0,None,No material anomaly signal detected.,83.67,91.59,1,1,55.6,50.2,High,71.1,V41,RUN-20261008-254699,Early-Warning,,False,ALT-V41-0064,HIGH,Pending Verification,Review supporting records
WS/MP18108/2025-2026/150369,,,Madhya Pradesh,SAGAR(DISTRICT COLLECTOR SAGAR_IDA),DR. LATA WANKHEDE,LATA WANKHEDE,SAGAR,Normal/Others,Sardar Vallabh Bhai Patel chhaatraavaas Bina Zila Sagar me Additional Room Nirman Hetu,2025-12-11,700000.0,Vendor Identification,,,,247872.0,2026-08-24,Sardar Vallabhbhi Patel Samiti,SARDAR VALLABHBHI PATEL SAMITI,1.0,Payment In-Progress,147000000.0,Madhya Pradesh,SAGAR,,,,700000.0,-452128.0,-64.58971428571428,35.41028571428571,452128.0,0.4761904761904762,0.35410285714285716,,256.0,,,0,Under Implementation,79,15747630.0,247872.0,1.574027329826774,259942.0,169.29084180317147,1,247872.0,247872.0,1,1,100.0,0.012658227848101266,0,3,0,False,0,0,False,0,False,0,False,0,0,0,0,0,False,True,0,0.0,0.0,0.0,0.0,0.0,0.0,0.0,0.0,None,No material anomaly signal detected.,94.93,100.0,1,1,81.5,56.96,High,88.0,V41,RUN-20261008-254699,Early-Warning,,False,ALT-V41-0065,HIGH,Pending Verification,Review supporting records
WS/MP18108/2025-2026/151835,,,Madhya Pradesh,SAGAR(DISTRICT COLLECTOR SAGAR_IDA),DR. LATA WANKHEDE,LATA WANKHEDE,SAGAR,Normal/Others,Gram Panchayat Khajuriya Me Santosh Sahu ke Makan Se Rajkumar Sahu Ke Makan ki Our C.C. Road Karya Hetu,2025-05-01,500000.0,Physical Inspection,2025-10-24,500000.0,Completed,,,,,0.0,,147000000.0,Madhya Pradesh,SAGAR,,,,500000.0,,,,,0.3401360544217687,,,,,-189.0,1,Completed,79,15747630.0,247872.0,1.574027329826774,259942.0,92.35060128797963,0,0.0,0.0,0,0,,0.0,0,2,0,False,0,0,False,0,False,0,False,0,0,0,0,0,False,True,0,0.0,0.0,0.0,0.0,0.0,0.0,0.0,0.0,None,No material anomaly signal detected.,83.67,91.59,1,1,55.6,50.2,High,71.1,V41,RUN-20261008-254699,Audit,,False,ALT-V41-0066,HIGH,Pending Verification,Review supporting records
WS/MP18108/2025-2026/256422,,,,,,,,,,,,,,,,465157.0,2026-07-30,Ramkishan Dubey,RAMKISHAN DUBEY,3.0,Payment Success,,,,12.0,81134800.0,National Calamity; State Calamity,,,,,,,,,,,,0,Under Implementation,249,0.0,64270223.0,,,,1,465157.0,465157.0,1,1,100.0,0.004016064257028112,1,2,0,False,0,0,False,0,False,1,True,0,0,0,0,0,False,False,1,0.0,0.0,0.0,0.0,0.0,0.0,0.0,0.0,None,No material anomaly signal detected.,87.41,78.08,1,1,48.1,52.45,High,66.3,V41,RUN-20261008-254699,Early-Warning,,False,ALT-V41-0067,HIGH,Pending Verification,Review supporting records
WS/MP18108/2026-2027/282357,,,,,,,,,,,,,,,,375000.0,2026-08-20,Gram Panchayat Chandwar,GRAM PANCHAYAT CHANDWAR,1.0,Payment Success,,,,12.0,81134800.0,National Calamity; State Calamity,,,,,,,,,,,,0,Under Implementation,249,0.0,64270223.0,,,,1,375000.0,375000.0,1,1,100.0,0.004016064257028112,0,2,0,False,0,0,False,0,False,0,False,0,0,0,0,0,False,False,0,0.0,0.0,0.0,0.0,0.0,0.0,0.0,0.0,None,No material anomaly signal detected.,88.94,85.74,1,1,48.1,53.36,High,66.3,V41,RUN-20261008-254699,Early-Warning,,False,ALT-V41-0068,HIGH,Pending Verification,Review supporting records
WS/MP18108/2026-2027/282359,,,,,,,,,,,,,,,,150000.0,2026-08-20,Gram Panchayat Heerapur,GRAM PANCHAYAT HEERAPUR,1.0,Payment Success,,,,12.0,81134800.0,National Calamity; State Calamity,,,,,,,,,,,,0,Under Implementation,249,0.0,64270223.0,,,,2,300000.0,150000.0,1,1,50.0,0.008032128514056224,0,2,0,False,0,0,False,0,False,0,False,0,0,0,0,0,False,False,0,0.0,0.0,0.0,0.0,0.0,0.0,0.0,0.0,None,No material anomaly signal detected.,89.23,86.29,1,1,48.1,53.54,High,66.3,V41,RUN-20261008-254699,Early-Warning,,False,ALT-V41-0069,HIGH,Pending Verification,Review supporting records
WS/MP18108/2026-2027/282360,,,,,,,,,,,,,,,,150000.0,2026-08-20,Gram Panchayat Heerapur,GRAM PANCHAYAT HEERAPUR,1.0,Payment Success,,,,12.0,81134800.0,National Calamity; State Calamity,,,,,,,,,,,,0,Under Implementation,249,0.0,64270223.0,,,,2,300000.0,150000.0,1,1,50.0,0.008032128514056224,0,2,0,False,0,0,False,0,False,0,False,0,0,0,0,0,False,False,0,0.0,0.0,0.0,0.0,0.0,0.0,0.0,0.0,None,No material anomaly signal detected.,89.23,86.29,1,1,48.1,53.54,High,66.3,V41,RUN-20261008-254699,Early-Warning,,False,ALT-V41-0070,HIGH,Pending Verification,Review supporting records
WS/MP18108/2026-2027/287213,,,,,,,,,,,,,,,,150229.0,2026-08-27,MANISH FEBRICATION,MANISH FEBRICATION,1.0,Payment In-Progress,,,,12.0,81134800.0,National Calamity; State Calamity,,,,,,,,,,,,0,Under Implementation,249,0.0,64270223.0,,,,22,3319262.0,150875.54545454544,1,1,4.525975954895998,0.08835341365461848,0,2,0,False,0,0,False,1,True,0,False,0,0,0,0,0,False,False,1,0.0,0.0,0.0,1.0,0.0,0.0,0.0,14.0,Suspicious Vendor,vendor has high project concentration,74.23,38.09,1,0,48.1,50.14,High,66.3,V41,RUN-20261008-254699,Early-Warning,,False,ALT-V41-0071,HIGH,Pending Verification,Review supporting records
WS/MP18108/2026-2027/287214,,,,,,,,,,,,,,,,150229.0,2026-08-27,MANISH FEBRICATION,MANISH FEBRICATION,1.0,Payment In-Progress,,,,12.0,81134800.0,National Calamity; State Calamity,,,,,,,,,,,,0,Under Implementation,249,0.0,64270223.0,,,,22,3319262.0,150875.54545454544,1,1,4.525975954895998,0.08835341365461848,0,2,0,False,0,0,False,1,True,0,False,0,0,0,0,0,False,False,1,0.0,0.0,0.0,1.0,0.0,0.0,0.0,14.0,Suspicious Vendor,vendor has high project concentration,74.23,38.09,1,0,48.1,50.14,High,66.3,V41,RUN-20261008-254699,Early-Warning,,False,ALT-V41-0072,HIGH,Pending Verification,Review supporting records
WS/MP18108/2026-2027/287215,,,,,,,,,,,,,,,,150229.0,2026-08-27,MANISH FEBRICATION,MANISH FEBRICATION,1.0,Payment In-Progress,,,,12.0,81134800.0,National Calamity; State Calamity,,,,,,,,,,,,0,Under Implementation,249,0.0,64270223.0,,,,22,3319262.0,150875.54545454544,1,1,4.525975954895998,0.08835341365461848,0,2,0,False,0,0,False,1,True,0,False,0,0,0,0,0,False,False,1,0.0,0.0,0.0,1.0,0.0,0.0,0.0,14.0,Suspicious Vendor,vendor has high project concentration,74.23,38.09,1,0,48.1,50.14,High,66.3,V41,RUN-20261008-254699,Early-Warning,,False,ALT-V41-0073,HIGH,Pending Verification,Review supporting records
WS/MP18108/2026-2027/287216,,,,,,,,,,,,,,,,150229.0,2026-08-27,MANISH FEBRICATION,MANISH FEBRICATION,1.0,Payment In-Progress,,,,12.0,81134800.0,National Calamity; State Calamity,,,,,,,,,,,,0,Under Implementation,249,0.0,64270223.0,,,,22,3319262.0,150875.54545454544,1,1,4.525975954895998,0.08835341365461848,0,2,0,False,0,0,False,1,True,0,False,0,0,0,0,0,False,False,1,0.0,0.0,0.0,1.0,0.0,0.0,0.0,14.0,Suspicious Vendor,vendor has high project concentration,74.23,38.09,1,0,48.1,50.14,High,66.3,V41,RUN-20261008-254699,Early-Warning,,False,ALT-V41-0074,HIGH,Pending Verification,Review supporting records
WS/MP18108/2026-2027/287217,,,,,,,,,,,,,,,,150229.0,2026-08-27,MANISH FEBRICATION,MANISH FEBRICATION,1.0,Payment In-Progress,,,,12.0,81134800.0,National Calamity; State Calamity,,,,,,,,,,,,0,Under Implementation,249,0.0,64270223.0,,,,22,3319262.0,150875.54545454544,1,1,4.525975954895998,0.08835341365461848,0,2,0,False,0,0,False,1,True,0,False,0,0,0,0,0,False,False,1,0.0,0.0,0.0,1.0,0.0,0.0,0.0,14.0,Suspicious Vendor,vendor has high project concentration,74.23,38.09,1,0,48.1,50.14,High,66.3,V41,RUN-20261008-254699,Early-Warning,,False,ALT-V41-0075,HIGH,Pending Verification,Review supporting records
WS/MP18108/2026-2027/287218,,,,,,,,,,,,,,,,150229.0,2026-08-27,MANISH FEBRICATION,MANISH FEBRICATION,1.0,Payment In-Progress,,,,12.0,81134800.0,National Calamity; State Calamity,,,,,,,,,,,,0,Under Implementation,249,0.0,64270223.0,,,,22,3319262.0,150875.54545454544,1,1,4.525975954895998,0.08835341365461848,0,2,0,False,0,0,False,1,True,0,False,0,0,0,0,0,False,False,1,0.0,0.0,0.0,1.0,0.0,0.0,0.0,14.0,Suspicious Vendor,vendor has high project concentration,74.23,38.09,1,0,48.1,50.14,High,66.3,V41,RUN-20261008-254699,Early-Warning,,False,ALT-V41-0076,HIGH,Pending Verification,Review supporting records
WS/MP18108/2026-2027/287219,,,,,,,,,,,,,,,,150229.0,2026-08-27,MANISH FEBRICATION,MANISH FEBRICATION,1.0,Payment In-Progress,,,,12.0,81134800.0,National Calamity; State Calamity,,,,,,,,,,,,0,Under Implementation,249,0.0,64270223.0,,,,22,3319262.0,150875.54545454544,1,1,4.525975954895998,0.08835341365461848,0,2,0,False,0,0,False,1,True,0,False,0,0,0,0,0,False,False,1,0.0,0.0,0.0,1.0,0.0,0.0,0.0,14.0,Suspicious Vendor,vendor has high project concentration,74.23,38.09,1,0,48.1,50.14,High,66.3,V41,RUN-20261008-254699,Early-Warning,,False,ALT-V41-0077,HIGH,Pending Verification,Review supporting records
WS/MP18108/2026-2027/287220,,,,,,,,,,,,,,,,150229.0,2026-08-27,MANISH FEBRICATION,MANISH FEBRICATION,1.0,Payment In-Progress,,,,12.0,81134800.0,National Calamity; State Calamity,,,,,,,,,,,,0,Under Implementation,249,0.0,64270223.0,,,,22,3319262.0,150875.54545454544,1,1,4.525975954895998,0.08835341365461848,0,2,0,False,0,0,False,1,True,0,False,0,0,0,0,0,False,False,1,0.0,0.0,0.0,1.0,0.0,0.0,0.0,14.0,Suspicious Vendor,vendor has high project concentration,74.23,38.09,1,0,48.1,50.14,High,66.3,V41,RUN-20261008-254699,Early-Warning,,False,ALT-V41-0078,HIGH,Pending Verification,Review supporting records
WS/MP18108/2026-2027/287221,,,,,,,,,,,,,,,,150229.0,2026-08-27,MANISH FEBRICATION,MANISH FEBRICATION,1.0,Payment In-Progress,,,,12.0,81134800.0,National Calamity; State Calamity,,,,,,,,,,,,0,Under Implementation,249,0.0,64270223.0,,,,22,3319262.0,150875.54545454544,1,1,4.525975954895998,0.08835341365461848,0,2,0,False,0,0,False,1,True,0,False,0,0,0,0,0,False,False,1,0.0,0.0,0.0,1.0,0.0,0.0,0.0,14.0,Suspicious Vendor,vendor has high project concentration,74.23,38.09,1,0,48.1,50.14,High,66.3,V41,RUN-20261008-254699,Early-Warning,,False,ALT-V41-0079,HIGH,Pending Verification,Review supporting records
WS/MP18108/2026-2027/287222,,,,,,,,,,,,,,,,150229.0,2026-08-27,MANISH FEBRICATION,MANISH FEBRICATION,1.0,Payment In-Progress,,,,12.0,81134800.0,National Calamity; State Calamity,,,,,,,,,,,,0,Under Implementation,249,0.0,64270223.0,,,,22,3319262.0,150875.54545454544,1,1,4.525975954895998,0.08835341365461848,0,2,0,False,0,0,False,1,True,0,False,0,0,0,0,0,False,False,1,0.0,0.0,0.0,1.0,0.0,0.0,0.0,14.0,Suspicious Vendor,vendor has high project concentration,74.23,38.09,1,0,48.1,50.14,High,66.3,V41,RUN-20261008-254699,Early-Warning,,False,ALT-V41-0080,HIGH,Pending Verification,Review supporting records
WS/MP18108/2026-2027/287223,,,,,,,,,,,,,,,,150229.0,2026-08-27,MANISH FEBRICATION,MANISH FEBRICATION,1.0,Payment In-Progress,,,,12.0,81134800.0,National Calamity; State Calamity,,,,,,,,,,,,0,Under Implementation,249,0.0,64270223.0,,,,22,3319262.0,150875.54545454544,1,1,4.525975954895998,0.08835341365461848,0,2,0,False,0,0,False,1,True,0,False,0,0,0,0,0,False,False,1,0.0,0.0,0.0,1.0,0.0,0.0,0.0,14.0,Suspicious Vendor,vendor has high project concentration,74.23,38.09,1,0,48.1,50.14,High,66.3,V41,RUN-20261008-254699,Early-Warning,,False,ALT-V41-0081,HIGH,Pending Verification,Review supporting records
WS/MP18108/2026-2027/287224,,,,,,,,,,,,,,,,150229.0,2026-08-27,MANISH FEBRICATION,MANISH FEBRICATION,1.0,Payment In-Progress,,,,12.0,81134800.0,National Calamity; State Calamity,,,,,,,,,,,,0,Under Implementation,249,0.0,64270223.0,,,,22,3319262.0,150875.54545454544,1,1,4.525975954895998,0.08835341365461848,0,2,0,False,0,0,False,1,True,0,False,0,0,0,0,0,False,False,1,0.0,0.0,0.0,1.0,0.0,0.0,0.0,14.0,Suspicious Vendor,vendor has high project concentration,74.23,38.09,1,0,48.1,50.14,High,66.3,V41,RUN-20261008-254699,Early-Warning,,False,ALT-V41-0082,HIGH,Pending Verification,Review supporting records
WS/MP18108/2026-2027/287225,,,,,,,,,,,,,,,,150229.0,2026-08-27,MANISH FEBRICATION,MANISH FEBRICATION,1.0,Payment In-Progress,,,,12.0,81134800.0,National Calamity; State Calamity,,,,,,,,,,,,0,Under Implementation,249,0.0,64270223.0,,,,22,3319262.0,150875.54545454544,1,1,4.525975954895998,0.08835341365461848,0,2,0,False,0,0,False,1,True,0,False,0,0,0,0,0,False,False,1,0.0,0.0,0.0,1.0,0.0,0.0,0.0,14.0,Suspicious Vendor,vendor has high project concentration,74.23,38.09,1,0,48.1,50.14,High,66.3,V41,RUN-20261008-254699,Early-Warning,,False,ALT-V41-0083,HIGH,Pending Verification,Review supporting records
WS/MP18108/2026-2027/287226,,,,,,,,,,,,,,,,157341.0,2026-08-27,MANISH FEBRICATION,MANISH FEBRICATION,1.0,Payment In-Progress,,,,12.0,81134800.0,National Calamity; State Calamity,,,,,,,,,,,,0,Under Implementation,249,0.0,64270223.0,,,,22,3319262.0,150875.54545454544,1,1,4.7402404510400205,0.08835341365461848,0,2,0,False,0,0,False,1,True,0,False,0,0,0,0,0,False,False,1,0.0,0.0,0.0,1.0,0.0,0.0,0.0,14.0,Suspicious Vendor,vendor has high project concentration,75.06,38.09,1,0,48.1,50.64,High,66.3,V41,RUN-20261008-254699,Early-Warning,,False,ALT-V41-0084,HIGH,Pending Verification,Review supporting records
WS/MP18108/2026-2027/287227,,,,,,,,,,,,,,,,157341.0,2026-08-27,MANISH FEBRICATION,MANISH FEBRICATION,1.0,Payment In-Progress,,,,12.0,81134800.0,National Calamity; State Calamity,,,,,,,,,,,,0,Under Implementation,249,0.0,64270223.0,,,,22,3319262.0,150875.54545454544,1,1,4.7402404510400205,0.08835341365461848,0,2,0,False,0,0,False,1,True,0,False,0,0,0,0,0,False,False,1,0.0,0.0,0.0,1.0,0.0,0.0,0.0,14.0,Suspicious Vendor,vendor has high project concentration,75.06,38.09,1,0,48.1,50.64,High,66.3,V41,RUN-20261008-254699,Early-Warning,,False,ALT-V41-0085,HIGH,Pending Verification,Review supporting records
WS/MP18108/2026-2027/288337,,,,,,,,,,,,,,,,150229.0,2026-08-27,MANISH FEBRICATION,MANISH FEBRICATION,1.0,Payment In-Progress,,,,12.0,81134800.0,National Calamity; State Calamity,,,,,,,,,,,,0,Under Implementation,249,0.0,64270223.0,,,,22,3319262.0,150875.54545454544,1,1,4.525975954895998,0.08835341365461848,0,2,0,False,0,0,False,1,True,0,False,0,0,0,0,0,False,False,1,0.0,0.0,0.0,1.0,0.0,0.0,0.0,14.0,Suspicious Vendor,vendor has high project concentration,74.23,38.09,1,0,48.1,50.14,High,66.3,V41,RUN-20261008-254699,Early-Warning,,False,ALT-V41-0086,HIGH,Pending Verification,Review supporting records
WS/MP18108/2026-2027/288338,,,,,,,,,,,,,,,,150229.0,2026-08-27,MANISH FEBRICATION,MANISH FEBRICATION,1.0,Payment In-Progress,,,,12.0,81134800.0,National Calamity; State Calamity,,,,,,,,,,,,0,Under Implementation,249,0.0,64270223.0,,,,22,3319262.0,150875.54545454544,1,1,4.525975954895998,0.08835341365461848,0,2,0,False,0,0,False,1,True,0,False,0,0,0,0,0,False,False,1,0.0,0.0,0.0,1.0,0.0,0.0,0.0,14.0,Suspicious Vendor,vendor has high project concentration,74.23,38.09,1,0,48.1,50.14,High,66.3,V41,RUN-20261008-254699,Early-Warning,,False,ALT-V41-0087,HIGH,Pending Verification,Review supporting records
WS/MP18108/2026-2027/288339,,,,,,,,,,,,,,,,150229.0,2026-08-27,MANISH FEBRICATION,MANISH FEBRICATION,1.0,Payment In-Progress,,,,12.0,81134800.0,National Calamity; State Calamity,,,,,,,,,,,,0,Under Implementation,249,0.0,64270223.0,,,,22,3319262.0,150875.54545454544,1,1,4.525975954895998,0.08835341365461848,0,2,0,False,0,0,False,1,True,0,False,0,0,0,0,0,False,False,1,0.0,0.0,0.0,1.0,0.0,0.0,0.0,14.0,Suspicious Vendor,vendor has high project concentration,74.23,38.09,1,0,48.1,50.14,High,66.3,V41,RUN-20261008-254699,Early-Warning,,False,ALT-V41-0088,HIGH,Pending Verification,Review supporting records
WS/MP18108/2026-2027/288545,,,,,,,,,,,,,,,,150229.0,2026-08-27,MANISH FEBRICATION,MANISH FEBRICATION,1.0,Payment In-Progress,,,,12.0,81134800.0,National Calamity; State Calamity,,,,,,,,,,,,0,Under Implementation,249,0.0,64270223.0,,,,22,3319262.0,150875.54545454544,1,1,4.525975954895998,0.08835341365461848,0,2,0,False,0,0,False,1,True,0,False,0,0,0,0,0,False,False,1,0.0,0.0,0.0,1.0,0.0,0.0,0.0,14.0,Suspicious Vendor,vendor has high project concentration,74.23,38.09,1,0,48.1,50.14,High,66.3,V41,RUN-20261008-254699,Early-Warning,,False,ALT-V41-0089,HIGH,Pending Verification,Review supporting records
WS/MP18108/2026-2027/288546,,,,,,,,,,,,,,,,150229.0,2026-08-27,MANISH FEBRICATION,MANISH FEBRICATION,1.0,Payment In-Progress,,,,12.0,81134800.0,National Calamity; State Calamity,,,,,,,,,,,,0,Under Implementation,249,0.0,64270223.0,,,,22,3319262.0,150875.54545454544,1,1,4.525975954895998,0.08835341365461848,0,2,0,False,0,0,False,1,True,0,False,0,0,0,0,0,False,False,1,0.0,0.0,0.0,1.0,0.0,0.0,0.0,14.0,Suspicious Vendor,vendor has high project concentration,74.23,38.09,1,0,48.1,50.14,High,66.3,V41,RUN-20261008-254699,Early-Warning,,False,ALT-V41-0090,HIGH,Pending Verification,Review supporting records
WS/MP18108/2026-2027/288582,,,,,,,,,,,,,,,,150229.0,2026-08-27,MANISH FEBRICATION,MANISH FEBRICATION,1.0,Payment In-Progress,,,,12.0,81134800.0,National Calamity; State Calamity,,,,,,,,,,,,0,Under Implementation,249,0.0,64270223.0,,,,22,3319262.0,150875.54545454544,1,1,4.525975954895998,0.08835341365461848,0,2,0,False,0,0,False,1,True,0,False,0,0,0,0,0,False,False,1,0.0,0.0,0.0,1.0,0.0,0.0,0.0,14.0,Suspicious Vendor,vendor has high project concentration,74.23,38.09,1,0,48.1,50.14,High,66.3,V41,RUN-20261008-254699,Early-Warning,,False,ALT-V41-0091,HIGH,Pending Verification,Review supporting records
WS/MP18108/2026-2027/288583,,,,,,,,,,,,,,,,150229.0,2026-08-27,MANISH FEBRICATION,MANISH FEBRICATION,1.0,Payment In-Progress,,,,12.0,81134800.0,National Calamity; State Calamity,,,,,,,,,,,,0,Under Implementation,249,0.0,64270223.0,,,,22,3319262.0,150875.54545454544,1,1,4.525975954895998,0.08835341365461848,0,2,0,False,0,0,False,1,True,0,False,0,0,0,0,0,False,False,1,0.0,0.0,0.0,1.0,0.0,0.0,0.0,14.0,Suspicious Vendor,vendor has high project concentration,74.23,38.09,1,0,48.1,50.14,High,66.3,V41,RUN-20261008-254699,Early-Warning,,False,ALT-V41-0092,HIGH,Pending Verification,Review supporting records
WS/MP18108/2026-2027/298837,,,,,,,,,,,,,,,,375000.0,2026-08-25,Gram Panchayat Kathoda Fazalpur,GRAM PANCHAYAT KATHODA FAZALPUR,1.0,Payment In-Progress,,,,12.0,81134800.0,National Calamity; State Calamity,,,,,,,,,,,,0,Under Implementation,249,0.0,64270223.0,,,,1,375000.0,375000.0,1,1,100.0,0.004016064257028112,0,2,0,False,0,0,False,0,False,0,False,0,0,0,0,0,False,False,0,0.0,0.0,0.0,0.0,0.0,0.0,0.0,0.0,None,No material anomaly signal detected.,88.94,85.74,1,1,48.1,53.36,High,66.3,V41,RUN-20261008-254699,Early-Warning,,False,ALT-V41-0093,HIGH,Pending Verification,Review supporting records
WS/MP18108/2026-2027/298838,,,,,,,,,,,,,,,,375000.0,2026-08-24,Gram Panchayat Airan Mirjapur,GRAM PANCHAYAT AIRAN MIRJAPUR,1.0,Payment In-Progress,,,,12.0,81134800.0,National Calamity; State Calamity,,,,,,,,,,,,0,Under Implementation,249,0.0,64270223.0,,,,1,375000.0,375000.0,1,1,100.0,0.004016064257028112,0,2,0,False,0,0,False,0,False,0,False,0,0,0,0,0,False,False,0,0.0,0.0,0.0,0.0,0.0,0.0,0.0,0.0,None,No material anomaly signal detected.,88.94,85.74,1,1,48.1,53.36,High,66.3,V41,RUN-20261008-254699,Early-Warning,,False,ALT-V41-0094,HIGH,Pending Verification,Review supporting records
WS/MP18109/2024-2025/146898,,,Madhya Pradesh,SIDHI(DISTRICT COLLECTOR SIDHI_IDA),DR. RAJESH MISHRA,RAJESH MISHRA,SIDHI,Normal/Others,CHAUPHAL PAWAI ME KHALESEMAR MUKHYA MARG SE BAIGAN BASTI BRIDGE,2025-01-28,500000.0,Vendor Identification,,,,,,,,0.0,,262724510.35,Madhya Pradesh,SIDHI,,,,500000.0,,,,,0.19031341968585386,,,,,,0,Under Implementation,170,33745665.0,0.0,0.0,259942.0,92.35060128797963,0,0.0,0.0,0,0,,0.0,0,1,0,False,0,0,False,0,False,0,False,0,0,0,0,0,False,True,0,0.0,0.0,0.0,0.0,0.0,0.0,0.0,0.0,None,No material anomaly signal detected.,87.81,98.41,1,1,55.6,52.69,High,71.1,V41,RUN-20261008-254699,Early-Warning,,False,ALT-V41-0095,HIGH,Pending Verification,Review supporting records
WS/MP18109/2024-2025/146899,,,Madhya Pradesh,SIDHI(DISTRICT COLLECTOR SIDHI_IDA),DR. RAJESH MISHRA,RAJESH MISHRA,SIDHI,Normal/Others,WARD 13 GANGA RAM CHAUBEY KE GHAR TAK ROAD NIRMAN,2025-01-28,500000.0,Vendor Identification,,,,,,,,0.0,,262724510.35,Madhya Pradesh,SIDHI,,,,500000.0,,,,,0.19031341968585386,,,,,,0,Under Implementation,170,33745665.0,0.0,0.0,259942.0,92.35060128797963,0,0.0,0.0,0,0,,0.0,0,1,0,False,0,0,False,0,False,0,False,0,0,0,0,0,False,True,0,0.0,0.0,0.0,0.0,0.0,0.0,0.0,0.0,None,No material anomaly signal detected.,87.81,98.41,1,1,55.6,52.69,High,71.1,V41,RUN-20261008-254699,Early-Warning,,False,ALT-V41-0096,HIGH,Pending Verification,Review supporting records
WS/MP18109/2024-2025/146900,,,Madhya Pradesh,SIDHI(DISTRICT COLLECTOR SIDHI_IDA),DR. RAJESH MISHRA,RAJESH MISHRA,SIDHI,Normal/Others,MATA ME KASEETA NALA ME BRIDGE NIRMAN,2025-01-28,500000.0,Vendor Identification,,,,,,,,0.0,,262724510.35,Madhya Pradesh,SIDHI,,,,500000.0,,,,,0.19031341968585386,,,,,,0,Under Implementation,170,33745665.0,0.0,0.0,259942.0,92.35060128797963,0,0.0,0.0,0,0,,0.0,0,1,0,False,0,0,False,0,False,0,False,0,0,0,0,0,False,True,0,0.0,0.0,0.0,0.0,0.0,0.0,0.0,0.0,None,No material anomaly signal detected.,87.81,98.41,1,1,55.6,52.69,High,71.1,V41,RUN-20261008-254699,Early-Warning,,False,ALT-V41-0097,HIGH,Pending Verification,Review supporting records
WS/MP18109/2024-2025/146901,,,Madhya Pradesh,SIDHI(DISTRICT COLLECTOR SIDHI_IDA),DR. RAJESH MISHRA,RAJESH MISHRA,SIDHI,Normal/Others,SATPAHARA ME DAKSHINI TOLA PAHUCH MARG ME SHANKAR KORI KE GHAR KE PASS BRIDGE NIRMAN,2025-01-28,500000.0,Vendor Identification,,,,,,,,0.0,,262724510.35,Madhya Pradesh,SIDHI,,,,500000.0,,,,,0.19031341968585386,,,,,,0,Under Implementation,170,33745665.0,0.0,0.0,259942.0,92.35060128797963,0,0.0,0.0,0,0,,0.0,0,1,0,False,0,0,False,0,False,0,False,0,0,0,0,0,False,True,0,0.0,0.0,0.0,0.0,0.0,0.0,0.0,0.0,None,No material anomaly signal detected.,87.81,98.41,1,1,55.6,52.69,High,71.1,V41,RUN-20261008-254699,Early-Warning,,False,ALT-V41-0098,HIGH,Pending Verification,Review supporting records
WS/MP18109/2024-2025/146903,,,Madhya Pradesh,SIDHI(DISTRICT COLLECTOR SIDHI_IDA),DR. RAJESH MISHRA,RAJESH MISHRA,SIDHI,Normal/Others,PATHARI NALA ME RAJ BAHADUR KEWAT KE GHAR KE PASS CHECK DAM,2025-01-28,500000.0,Vendor Identification,,,,,,,,0.0,,262724510.35,Madhya Pradesh,SIDHI,,,,500000.0,,,,,0.19031341968585386,,,,,,0,Under Implementation,170,33745665.0,0.0,0.0,259942.0,92.35060128797963,0,0.0,0.0,0,0,,0.0,0,1,0,False,0,0,False,0,False,0,False,0,0,0,0,0,False,True,0,0.0,0.0,0.0,0.0,0.0,0.0,0.0,0.0,None,No material anomaly signal detected.,87.81,98.41,1,1,55.6,52.69,High,71.1,V41,RUN-20261008-254699,Early-Warning,,False,ALT-V41-0099,HIGH,Pending Verification,Review supporting records
WS/MP18109/2024-2025/146904,,,Madhya Pradesh,SIDHI(DISTRICT COLLECTOR SIDHI_IDA),DR. RAJESH MISHRA,RAJESH MISHRA,SIDHI,Normal/Others,RAJGHATA PAHUCH MARG RAGHUNATH YADAV KE GHAR TAK SADAK NIRMAN,2025-01-28,500000.0,Vendor Identification,,,,,,,,0.0,,262724510.35,Madhya Pradesh,SIDHI,,,,500000.0,,,,,0.19031341968585386,,,,,,0,Under Implementation,170,33745665.0,0.0,0.0,259942.0,92.35060128797963,0,0.0,0.0,0,0,,0.0,0,1,0,False,0,0,False,0,False,0,False,0,0,0,0,0,False,True,0,0.0,0.0,0.0,0.0,0.0,0.0,0.0,0.0,None,No material anomaly signal detected.,87.81,98.41,1,1,55.6,52.69,High,71.1,V41,RUN-20261008-254699,Early-Warning,,False,ALT-V41-0100,HIGH,Pending Verification,Review supporting records
WS/MP18109/2024-2025/146905,,,Madhya Pradesh,SIDHI(DISTRICT COLLECTOR SIDHI_IDA),DR. RAJESH MISHRA,RAJESH MISHRA,SIDHI,Normal/Others,RAM KARAN KUSHWAHA KE GHAR KE PASS PULIYA,2025-01-28,500000.0,Vendor Identification,,,,,,,,0.0,,262724510.35,Madhya Pradesh,SIDHI,,,,500000.0,,,,,0.19031341968585386,,,,,,0,Under Implementation,170,33745665.0,0.0,0.0,259942.0,92.35060128797963,0,0.0,0.0,0,0,,0.0,0,1,0,False,0,0,False,0,False,0,False,0,0,0,0,0,False,True,0,0.0,0.0,0.0,0.0,0.0,0.0,0.0,0.0,None,No material anomaly signal detected.,87.81,98.41,1,1,55.6,52.69,High,71.1,V41,RUN-20261008-254699,Early-Warning,,False,ALT-V41-0101,HIGH,Pending Verification,Review supporting records
WS/MP18109/2024-2025/146906,,,Madhya Pradesh,SIDHI(DISTRICT COLLECTOR SIDHI_IDA),DR. RAJESH MISHRA,RAJESH MISHRA,SIDHI,Normal/Others,BAKBA ME HARIJAN BASTI ME PULL NIRMAN,2025-01-28,500000.0,Vendor Identification,,,,,,,,0.0,,262724510.35,Madhya Pradesh,SIDHI,,,,500000.0,,,,,0.19031341968585386,,,,,,0,Under Implementation,170,33745665.0,0.0,0.0,259942.0,92.35060128797963,0,0.0,0.0,0,0,,0.0,0,1,0,False,0,0,False,0,False,0,False,0,0,0,0,0,False,True,0,0.0,0.0,0.0,0.0,0.0,0.0,0.0,0.0,None,No material anomaly signal detected.,87.81,98.41,1,1,55.6,52.69,High,71.1,V41,RUN-20261008-254699,Early-Warning,,False,ALT-V41-0102,HIGH,Pending Verification,Review supporting records
WS/MP18109/2024-2025/150115,,,Madhya Pradesh,SIDHI(DISTRICT COLLECTOR SIDHI_IDA),DR. RAJESH MISHRA,RAJESH MISHRA,SIDHI,Normal/Others,GRAM PANCHAYAT BHATHA ME PANCHAYAT BHAVAN SE YADAV BASTI PRABHU YADAV KE GHAR PAHUCH MARG ME EK 01 PULIYA NIRMAN,2025-01-28,500000.0,Vendor Identification,,,,,,,,0.0,,262724510.35,Madhya Pradesh,SIDHI,,,,500000.0,,,,,0.19031341968585386,,,,,,0,Under Implementation,170,33745665.0,0.0,0.0,259942.0,92.35060128797963,0,0.0,0.0,0,0,,0.0,0,1,0,False,0,0,False,0,False,0,False,0,0,0,0,0,False,True,0,0.0,0.0,0.0,0.0,0.0,0.0,0.0,0.0,None,No material anomaly signal detected.,87.81,98.41,1,1,55.6,52.69,High,71.1,V41,RUN-20261008-254699,Early-Warning,,False,ALT-V41-0103,HIGH,Pending Verification,Review supporting records
WS/MP18109/2024-2025/150119,,,Madhya Pradesh,SIDHI(DISTRICT COLLECTOR SIDHI_IDA),DR. RAJESH MISHRA,RAJESH MISHRA,SIDHI,Normal/Others,GRAM PANCHAYAT KURRWAH KE GRAM MADHURI PAWAI ME MAIN ROAD SE SUSHIL GAUTAM KE GHAR TAK NAVEEN SADAK NIRMAN,2025-01-28,998305.0,Physical Inspection,2025-09-08,998305.0,Completed,,,,,0.0,,262724510.35,Madhya Pradesh,SIDHI,,,,998305.0,,,,,0.37998167687897266,,,,,-142.0,1,Completed,170,33745665.0,0.0,0.0,259942.0,284.04913403759303,0,0.0,0.0,0,0,,0.0,0,2,0,False,0,0,False,0,False,0,False,0,0,0,0,0,False,True,0,0.0,0.0,0.0,0.0,0.0,0.0,0.0,0.0,None,No material anomaly signal detected.,90.36,89.24,1,1,55.6,54.22,High,71.1,V41,RUN-20261008-254699,Audit,,False,ALT-V41-0104,HIGH,Pending Verification,Review supporting records
WS/MP18109/2024-2025/150121,,,Madhya Pradesh,SIDHI(DISTRICT COLLECTOR SIDHI_IDA),DR. RAJESH MISHRA,RAJESH MISHRA,SIDHI,Normal/Others,GRAM PANCHAYAT KUSHIYARI ME NH39 SE EGS SHALA LAKHIYA TOLA KHUSHIYARI TAK WBM SADAK NIRMAN,2025-01-28,1000000.0,Vendor Identification,,,,,,,,0.0,,262724510.35,Madhya Pradesh,SIDHI,,,,1000000.0,,,,,0.3806268393717077,,,,,,0,Under Implementation,170,33745665.0,0.0,0.0,259942.0,284.70120257595926,0,0.0,0.0,0,0,,0.0,0,1,0,False,0,0,False,0,False,0,False,0,0,0,0,0,False,True,0,0.0,0.0,0.0,0.0,0.0,0.0,0.0,0.0,None,No material anomaly signal detected.,90.34,89.31,1,1,55.6,54.2,High,71.1,V41,RUN-20261008-254699,Early-Warning,,False,ALT-V41-0105,HIGH,Pending Verification,Review supporting records
WS/MP18109/2024-2025/150122,,,Madhya Pradesh,SIDHI(DISTRICT COLLECTOR SIDHI_IDA),DR. RAJESH MISHRA,RAJESH MISHRA,SIDHI,Normal/Others,GRAM PANCHAYAT BELAHA ANTARGAT SHIV MANDIR BELAHA SE BHEEMSEN SAHU KE GHAR TAK WBM ROAD NIRMAN,2025-01-28,500000.0,Vendor Identification,,,,,,,,0.0,,262724510.35,Madhya Pradesh,SIDHI,,,,500000.0,,,,,0.19031341968585386,,,,,,0,Under Implementation,170,33745665.0,0.0,0.0,259942.0,92.35060128797963,0,0.0,0.0,0,0,,0.0,0,1,0,False,0,0,False,0,False,0,False,0,0,0,0,0,False,True,0,0.0,0.0,0.0,0.0,0.0,0.0,0.0,0.0,None,No material anomaly signal detected.,87.81,98.41,1,1,55.6,52.69,High,71.1,V41,RUN-20261008-254699,Early-Warning,,False,ALT-V41-0106,HIGH,Pending Verification,Review supporting records
WS/MP18109/2024-2025/150124,,,Madhya Pradesh,SINGRAULI(District Collector Singrauli_IDA),DR. RAJESH MISHRA,RAJESH MISHRA,SIDHI,Normal/Others,GRAM PANCHAYAT JARAUDHI ME PM SADAK SE PANCHAYAT BHAVAN TAK PCC ROAD NIRMAN,2024-12-17,1000000.0,Work Completed,2025-06-03,992000.0,Completed,,,,,0.0,,262724510.35,Madhya Pradesh,SIDHI,,,,1000000.0,,,,,0.3806268393717077,,,,,-197.0,1,Completed,170,33745665.0,0.0,0.0,259942.0,284.70120257595926,0,0.0,0.0,0,0,,0.0,0,2,0,False,0,0,False,0,False,0,False,0,0,0,0,0,False,True,0,0.0,0.0,0.0,0.0,0.0,0.0,0.0,0.0,None,No material anomaly signal detected.,90.34,89.31,1,1,55.6,54.2,High,71.1,V41,RUN-20261008-254699,Audit,,False,ALT-V41-0107,HIGH,Pending Verification,Review supporting records
WS/MP18109/2024-2025/150125,,,Madhya Pradesh,SINGRAULI(District Collector Singrauli_IDA),DR. RAJESH MISHRA,RAJESH MISHRA,SIDHI,Normal/Others,GRAM PANCHAYAT CHITARWAI KALA ME BALUA NALA ME BRIDGE NIRMAN,2024-12-17,1200000.0,Work Completed,2025-05-20,1197216.0,Completed,,,,,0.0,,262724510.35,Madhya Pradesh,SIDHI,,,,1200000.0,,,,,0.45675220724604926,,,,,-211.0,1,Completed,170,33745665.0,0.0,0.0,259942.0,361.64144309115113,0,0.0,0.0,0,0,,0.0,0,2,0,False,0,0,False,0,False,0,False,0,0,0,0,0,False,True,0,0.0,0.0,0.0,0.0,0.0,0.0,0.0,0.0,None,No material anomaly signal detected.,91.5,89.19,1,1,55.6,54.9,High,71.1,V41,RUN-20261008-254699,Audit,,False,ALT-V41-0108,HIGH,Pending Verification,Review supporting records
WS/MP18109/2024-2025/150126,,,Madhya Pradesh,SINGRAULI(District Collector Singrauli_IDA),DR. RAJESH MISHRA,RAJESH MISHRA,SIDHI,Normal/Others,GRAM PANCHAYAT BIHARA ME SANTOSH TIWARI KE GHAR SE RAMASHRAY DUBEY KE GHAR TAK PCC SADAK NIRMAN,2025-01-07,2000000.0,Work Completed,2025-05-19,2000000.0,Completed,,,,,0.0,,262724510.35,Madhya Pradesh,SIDHI,,,,2000000.0,,,,,0.7612536787434154,,,,,-233.0,1,Completed,170,33745665.0,0.0,0.0,259942.0,669.4024051519185,0,0.0,0.0,0,0,,0.0,0,2,0,False,0,0,False,0,False,0,False,0,0,0,0,0,False,True,0,0.0,0.0,0.0,0.0,0.0,0.0,0.0,0.0,None,No material anomaly signal detected.,94.14,86.54,1,1,55.6,56.48,High,71.1,V41,RUN-20261008-254699,Audit,,False,ALT-V41-0109,HIGH,Pending Verification,Review supporting records
WS/MP18109/2024-2025/150127,,,Madhya Pradesh,SHAHDOL(District Collector Shahdol_IDA),DR. RAJESH MISHRA,RAJESH MISHRA,SIDHI,Normal/Others,GRAM PANCHAYAT GAJANI SE DADAR MARG ME JAWAHAR SINGH KE KHET KE PAS 1 NAG BRIDGE NIRMAN,2024-12-27,500000.0,Work partially Completed,,,,,,,,0.0,,262724510.35,Madhya Pradesh,SIDHI,,,,500000.0,,,,,0.19031341968585386,,,,,,1,Completed,170,33745665.0,0.0,0.0,259942.0,92.35060128797963,0,0.0,0.0,0,0,,0.0,0,1,0,False,0,0,False,0,False,0,False,0,0,0,0,0,False,True,0,0.0,0.0,0.0,0.0,0.0,0.0,0.0,0.0,None,No material anomaly signal detected.,87.81,98.41,1,1,55.6,52.69,High,71.1,V41,RUN-20261008-254699,Audit,,False,ALT-V41-0110,HIGH,Pending Verification,Review supporting records
WS/MP18109/2025-2026/240680,,,,,,,,,,,,,,,,154652.0,2026-08-18,SE O and M MPPKVVCL SIDHI,SE O AND M MPPKVVCL SIDHI,1.0,Payment In-Progress,,,,12.0,81134800.0,National Calamity; State Calamity,,,,,,,,,,,,0,Under Implementation,249,0.0,64270223.0,,,,10,2627693.0,262769.3,1,1,5.885466833454289,0.040160642570281124,0,2,0,False,0,0,False,1,True,0,False,0,0,0,0,0,False,False,1,0.0,0.0,0.0,1.0,0.0,0.0,0.0,14.0,Suspicious Vendor,vendor has high project concentration,89.83,78.92,1,1,48.1,59.5,High,66.3,V41,RUN-20261008-254699,Early-Warning,,False,ALT-V41-0111,HIGH,Pending Verification,Review supporting records
WS/MP18109/2025-2026/240681,,,,,,,,,,,,,,,,97276.0,2026-08-14,SE O and M MPPKVVCL SIDHI,SE O AND M MPPKVVCL SIDHI,1.0,Payment In-Progress,,,,12.0,81134800.0,National Calamity; State Calamity,,,,,,,,,,,,0,Under Implementation,249,0.0,64270223.0,,,,10,2627693.0,262769.3,1,1,3.7019545281735726,0.040160642570281124,0,2,0,False,0,0,False,1,True,0,False,0,0,0,0,0,False,False,1,0.0,0.0,0.0,1.0,0.0,0.0,0.0,14.0,Suspicious Vendor,vendor has high project concentration,92.5,84.32,1,1,48.1,61.1,High,66.3,V41,RUN-20261008-254699,Early-Warning,,False,ALT-V41-0112,HIGH,Pending Verification,Review supporting records
WS/MP18109/2025-2026/240682,,,,,,,,,,,,,,,,474807.0,2026-08-25,SE O and M MPPKVVCL SIDHI,SE O AND M MPPKVVCL SIDHI,2.0,Payment In-Progress,,,,12.0,81134800.0,National Calamity; State Calamity,,,,,,,,,,,,0,Under Implementation,249,0.0,64270223.0,,,,10,2627693.0,262769.3,1,1,18.06934828383681,0.040160642570281124,1,2,0,False,0,0,False,1,True,1,True,0,0,0,0,0,False,False,2,0.0,0.0,0.0,1.0,0.0,0.0,0.0,14.0,Suspicious Vendor,vendor has high project concentration,94.73,86.85,1,1,48.1,62.44,High,66.3,V41,RUN-20261008-254699,Early-Warning,,False,ALT-V41-0113,HIGH,Pending Verification,Review supporting records
WS/MP18109/2025-2026/240683,,,,,,,,,,,,,,,,290193.0,2026-08-14,SE O and M MPPKVVCL SIDHI,SE O AND M MPPKVVCL SIDHI,1.0,Payment In-Progress,,,,12.0,81134800.0,National Calamity; State Calamity,,,,,,,,,,,,0,Under Implementation,249,0.0,64270223.0,,,,10,2627693.0,262769.3,1,1,11.043641703958567,0.040160642570281124,0,2,0,False,0,0,False,1,True,0,False,0,0,0,0,0,False,False,1,0.0,0.0,0.0,1.0,0.0,0.0,0.0,14.0,Suspicious Vendor,vendor has high project concentration,91.75,82.51,1,1,48.1,60.65,High,66.3,V41,RUN-20261008-254699,Early-Warning,,False,ALT-V41-0114,HIGH,Pending Verification,Review supporting records
WS/MP18109/2025-2026/240684,,,,,,,,,,,,,,,,345085.0,2026-08-11,SE O and M MPPKVVCL SIDHI,SE O AND M MPPKVVCL SIDHI,1.0,Payment In-Progress,,,,12.0,81134800.0,National Calamity; State Calamity,,,,,,,,,,,,0,Under Implementation,249,0.0,64270223.0,,,,10,2627693.0,262769.3,1,1,13.13262241822009,0.040160642570281124,0,2,0,False,0,0,False,1,True,0,False,0,0,0,0,0,False,False,1,0.0,0.0,0.0,1.0,0.0,0.0,0.0,14.0,Suspicious Vendor,vendor has high project concentration,93.47,85.87,1,1,48.1,61.68,High,66.3,V41,RUN-20261008-254699,Early-Warning,,False,ALT-V41-0115,HIGH,Pending Verification,Review supporting records
WS/MP18109/2025-2026/240685,,,,,,,,,,,,,,,,776983.0,2026-08-14,SE O and M MPPKVVCL SIDHI,SE O AND M MPPKVVCL SIDHI,1.0,Payment In-Progress,,,,12.0,81134800.0,National Calamity; State Calamity,,,,,,,,,,,,0,Under Implementation,249,0.0,64270223.0,,,,10,2627693.0,262769.3,1,1,29.56901738521205,0.040160642570281124,0,2,0,False,0,0,False,1,True,0,False,0,0,0,0,0,False,False,1,0.0,0.0,0.0,1.0,0.0,0.0,0.0,14.0,Suspicious Vendor,vendor has high project concentration,95.68,89.37,1,1,48.1,63.01,High,66.3,V41,RUN-20261008-254699,Early-Warning,,False,ALT-V41-0116,HIGH,Pending Verification,Review supporting records
WS/MP18109/2025-2026/240686,,,,,,,,,,,,,,,,308487.0,2026-08-10,SE O and M MPPKVVCL SIDHI,SE O AND M MPPKVVCL SIDHI,1.0,Payment In-Progress,,,,12.0,81134800.0,National Calamity; State Calamity,,,,,,,,,,,,0,Under Implementation,249,0.0,64270223.0,,,,10,2627693.0,262769.3,1,1,11.739841754725532,0.040160642570281124,0,2,0,False,0,0,False,1,True,0,False,0,0,0,0,0,False,False,1,0.0,0.0,0.0,1.0,0.0,0.0,0.0,14.0,Suspicious Vendor,vendor has high project concentration,92.42,84.01,1,1,48.1,61.05,High,66.3,V41,RUN-20261008-254699,Early-Warning,,False,ALT-V41-0117,HIGH,Pending Verification,Review supporting records
WS/MP18109/2025-2026/240687,,,,,,,,,,,,,,,,80296.0,2026-08-18,SE O and M MPPKVVCL SIDHI,SE O AND M MPPKVVCL SIDHI,1.0,Payment In-Progress,,,,12.0,81134800.0,National Calamity; State Calamity,,,,,,,,,,,,0,Under Implementation,249,0.0,64270223.0,,,,10,2627693.0,262769.3,1,1,3.0557603190327027,0.040160642570281124,0,2,0,False,0,0,False,1,True,0,False,0,0,0,0,0,False,False,1,0.0,0.0,0.0,1.0,0.0,0.0,0.0,14.0,Suspicious Vendor,vendor has high project concentration,92.63,84.54,1,1,48.1,61.18,High,66.3,V41,RUN-20261008-254699,Early-Warning,,False,ALT-V41-0118,HIGH,Pending Verification,Review supporting records
WS/MP18109/2025-2026/240688,,,,,,,,,,,,,,,,29584.0,2026-08-18,SE O and M MPPKVVCL SIDHI,SE O AND M MPPKVVCL SIDHI,1.0,Payment In-Progress,,,,12.0,81134800.0,National Calamity; State Calamity,,,,,,,,,,,,0,Under Implementation,249,0.0,64270223.0,,,,10,2627693.0,262769.3,1,1,1.1258545043123378,0.040160642570281124,0,2,0,False,0,0,False,1,True,0,False,0,0,0,0,0,False,False,1,0.0,0.0,0.0,1.0,0.0,0.0,0.0,14.0,Suspicious Vendor,vendor has high project concentration,93.1,85.59,1,1,48.1,61.46,High,66.3,V41,RUN-20261008-254699,Early-Warning,,False,ALT-V41-0119,HIGH,Pending Verification,Review supporting records
WS/MP18109/2025-2026/240689,,,,,,,,,,,,,,,,70330.0,2026-08-18,SE O and M MPPKVVCL SIDHI,SE O AND M MPPKVVCL SIDHI,1.0,Payment In-Progress,,,,12.0,81134800.0,National Calamity; State Calamity,,,,,,,,,,,,0,Under Implementation,249,0.0,64270223.0,,,,10,2627693.0,262769.3,1,1,2.676492269074051,0.040160642570281124,0,2,0,False,0,0,False,1,True,0,False,0,0,0,0,0,False,False,1,0.0,0.0,0.0,1.0,0.0,0.0,0.0,14.0,Suspicious Vendor,vendor has high project concentration,93.1,85.59,1,1,48.1,61.46,High,66.3,V41,RUN-20261008-254699,Early-Warning,,False,ALT-V41-0120,HIGH,Pending Verification,Review supporting records
WS/MP18109/2025-2026/244412,,,,,,,,,,,,,,,,249949.0,2026-08-25,Gram panchayat Madwa,GRAM PANCHAYAT MADWA,2.0,Payment In-Progress,,,,12.0,81134800.0,National Calamity; State Calamity,,,,,,,,,,,,0,Under Implementation,249,0.0,64270223.0,,,,1,249949.0,249949.0,1,1,100.0,0.004016064257028112,1,2,0,False,0,0,False,0,False,1,True,0,0,0,0,0,False,False,1,0.0,0.0,0.0,0.0,0.0,0.0,0.0,0.0,None,No material anomaly signal detected.,86.22,91.23,1,1,48.1,51.73,High,66.3,V41,RUN-20261008-254699,Early-Warning,,False,ALT-V41-0121,HIGH,Pending Verification,Review supporting records
WS/MP18109/2025-2026/244420,,,,,,,,,,,,,,,,236843.0,2026-08-24,GRAM PANCHAYAT TENDUHA NO 1,GRAM PANCHAYAT TENDUHA NO 1,3.0,Payment In-Progress,,,,12.0,81134800.0,National Calamity; State Calamity,,,,,,,,,,,,0,Under Implementation,249,0.0,64270223.0,,,,1,236843.0,236843.0,1,1,100.0,0.004016064257028112,1,2,0,False,0,0,False,0,False,1,True,0,0,0,0,0,False,False,1,0.0,0.0,0.0,0.0,0.0,0.0,0.0,0.0,None,No material anomaly signal detected.,88.51,95.13,1,1,48.1,53.11,High,66.3,V41,RUN-20261008-254699,Early-Warning,,False,ALT-V41-0122,HIGH,Pending Verification,Review supporting records
WS/MP18109/2026-2027/164962,,,,,,,,,,,,,,,,249870.0,2026-08-05,GRAM PANCHAYAT RAMPUR,GRAM PANCHAYAT RAMPUR,5.0,Payment Success,,,,12.0,81134800.0,National Calamity; State Calamity,,,,,,,,,,,,0,Under Implementation,249,0.0,64270223.0,,,,1,249870.0,249870.0,1,1,100.0,0.004016064257028112,1,2,0,False,0,0,False,0,False,1,True,1,0,0,0,0,False,False,2,0.0,0.0,0.0,0.0,1.0,0.0,0.0,18.0,Duplicate Payment,possible repeated work/vendor/amount payment pattern,86.57,91.81,1,1,48.1,59.14,High,66.3,V41,RUN-20261008-254699,Early-Warning,,False,ALT-V41-0123,HIGH,Pending Verification,Review supporting records
WS/MP18109/2026-2027/205624,,,,,,,,,,,,,,,,249728.0,2026-08-21,Sonu Singh,SONU SINGH,1.0,Payment In-Progress,,,,12.0,81134800.0,National Calamity; State Calamity,,,,,,,,,,,,0,Under Implementation,249,0.0,64270223.0,,,,1,249728.0,249728.0,1,1,100.0,0.004016064257028112,0,2,0,False,0,0,False,0,False,0,False,0,0,0,0,0,False,False,0,0.0,0.0,0.0,0.0,0.0,0.0,0.0,0.0,None,No material anomaly signal detected.,86.64,91.9,1,1,48.1,51.98,High,66.3,V41,RUN-20261008-254699,Early-Warning,,False,ALT-V41-0124,HIGH,Pending Verification,Review supporting records
WS/MP18109/2026-2027/230484,,,,,,,,,,,,,,,,249940.0,2026-07-27,GRAM PANCHAYAT BADHAURA,GRAM PANCHAYAT BADHAURA,5.0,Payment Success,,,,12.0,81134800.0,National Calamity; State Calamity,,,,,,,,,,,,0,Under Implementation,249,0.0,64270223.0,,,,1,249940.0,249940.0,1,1,100.0,0.004016064257028112,1,2,0,False,0,0,False,0,False,1,True,0,0,0,0,0,False,False,1,0.0,0.0,0.0,0.0,0.0,0.0,0.0,0.0,None,No material anomaly signal detected.,86.27,91.28,1,1,48.1,51.76,High,66.3,V41,RUN-20261008-254699,Early-Warning,,False,ALT-V41-0125,HIGH,Pending Verification,Review supporting records
WS/MP18109/2026-2027/238385,,,,,,,,,,,,,,,,350000.0,2026-07-16,GRAM PANCHAYAT NAUGAWAN DHIR SINGH,GRAM PANCHAYAT NAUGAWAN DHIR SINGH,2.0,Payment Success,,,,12.0,81134800.0,National Calamity; State Calamity,,,,,,,,,,,,0,Under Implementation,249,0.0,64270223.0,,,,1,350000.0,350000.0,1,1,100.0,0.004016064257028112,1,2,0,False,0,0,False,0,False,1,True,0,0,0,0,0,False,False,1,0.0,0.0,0.0,0.0,0.0,0.0,0.0,0.0,None,No material anomaly signal detected.,86.14,78.37,1,1,48.1,51.68,High,66.3,V41,RUN-20261008-254699,Early-Warning,,False,ALT-V41-0126,HIGH,Pending Verification,Review supporting records
WS/MP18109/2026-2027/244415,,,,,,,,,,,,,,,,192500.0,2026-07-07,GRAM PANCHAYAT BAGHAYU,GRAM PANCHAYAT BAGHAYU,6.0,Payment Success,,,,12.0,81134800.0,National Calamity; State Calamity,,,,,,,,,,,,0,Under Implementation,249,0.0,64270223.0,,,,1,192500.0,192500.0,1,1,100.0,0.004016064257028112,1,2,0,False,0,0,False,0,False,1,True,1,0,0,0,0,False,False,2,0.0,0.0,0.0,0.0,1.0,0.0,0.0,18.0,Duplicate Payment,possible repeated work/vendor/amount payment pattern,87.44,88.71,1,1,48.1,59.66,High,66.3,V41,RUN-20261008-254699,Early-Warning,,False,ALT-V41-0127,HIGH,Pending Verification,Review supporting records
WS/MP18109/2026-2027/247523,,,,,,,,,,,,,,,,200000.0,2026-08-27,GRAM PANCHAYAT OBARHA JANPAD PANCHAYAT SIDHI,GRAM PANCHAYAT OBARHA JANPAD PANCHAYAT SIDHI,2.0,Payment In-Progress,,,,12.0,81134800.0,National Calamity; State Calamity,,,,,,,,,,,,0,Under Implementation,249,0.0,64270223.0,,,,1,200000.0,200000.0,1,1,100.0,0.004016064257028112,1,2,0,False,0,0,False,0,False,1,True,1,0,0,0,0,False,False,2,0.0,0.0,0.0,0.0,1.0,0.0,0.0,18.0,Duplicate Payment,possible repeated work/vendor/amount payment pattern,87.61,91.01,1,1,48.1,59.77,High,66.3,V41,RUN-20261008-254699,Early-Warning,,False,ALT-V41-0128,HIGH,Pending Verification,Review supporting records
WS/MP18357/2024-2025/143830,2024-09-26,585000.0,Madhya Pradesh,SHIVPURI(District Collector Shivpuri_IDA),JYOTIRADITYA M. SCINDIA,JYOTIRADITYA M SCINDIA,GUNA,Normal/Others,,2024-09-27,585000.0,Physical Inspection,2025-03-28,585000.0,Completed,,,,,0.0,,147000000.0,Madhya Pradesh,GUNA,,,,585000.0,,,,,0.3979591836734694,,1.0,,183.0,-183.0,1,Completed,47,13455273.0,494899.0,3.6781044873634303,259942.0,125.05020350693616,0,0.0,0.0,0,0,,0.0,0,3,0,False,0,0,False,0,False,0,False,0,0,0,0,0,False,True,0,0.0,0.0,0.0,0.0,0.0,0.0,0.0,0.0,None,No material anomaly signal detected.,95.23,88.95,1,1,66.7,57.14,High,78.4,V41,RUN-20261008-254699,Audit,,False,ALT-V41-0129,HIGH,Pending Verification,Review supporting records
WS/MP18357/2024-2025/143831,2024-09-26,585000.0,Madhya Pradesh,SHIVPURI(District Collector Shivpuri_IDA),JYOTIRADITYA M. SCINDIA,JYOTIRADITYA M SCINDIA,GUNA,Normal/Others,,2024-09-27,585000.0,Physical Inspection,2025-03-28,585000.0,Completed,,,,,0.0,,147000000.0,Madhya Pradesh,GUNA,,,,585000.0,,,,,0.3979591836734694,,1.0,,183.0,-183.0,1,Completed,47,13455273.0,494899.0,3.6781044873634303,259942.0,125.05020350693616,0,0.0,0.0,0,0,,0.0,0,3,0,False,0,0,False,0,False,0,False,0,0,0,0,0,False,True,0,0.0,0.0,0.0,0.0,0.0,0.0,0.0,0.0,None,No material anomaly signal detected.,95.23,88.95,1,1,66.7,57.14,High,78.4,V41,RUN-20261008-254699,Audit,,False,ALT-V41-0130,HIGH,Pending Verification,Review supporting records
WS/MP18357/2024-2025/143832,2024-09-26,585000.0,Madhya Pradesh,SHIVPURI(District Collector Shivpuri_IDA),JYOTIRADITYA M. SCINDIA,JYOTIRADITYA M SCINDIA,GUNA,Normal/Others,,2024-09-27,585000.0,Physical Inspection,2025-03-28,585000.0,Completed,,,,,0.0,,147000000.0,Madhya Pradesh,GUNA,,,,585000.0,,,,,0.3979591836734694,,1.0,,183.0,-183.0,1,Completed,47,13455273.0,494899.0,3.6781044873634303,259942.0,125.05020350693616,0,0.0,0.0,0,0,,0.0,0,3,0,False,0,0,False,0,False,0,False,0,0,0,0,0,False,True,0,0.0,0.0,0.0,0.0,0.0,0.0,0.0,0.0,None,No material anomaly signal detected.,95.23,88.95,1,1,66.7,57.14,High,78.4,V41,RUN-20261008-254699,Audit,,False,ALT-V41-0131,HIGH,Pending Verification,Review supporting records
WS/MP18357/2024-2025/143833,2024-09-26,585000.0,Madhya Pradesh,SHIVPURI(District Collector Shivpuri_IDA),JYOTIRADITYA M. SCINDIA,JYOTIRADITYA M SCINDIA,GUNA,Normal/Others,,2024-09-27,585000.0,Physical Inspection,2025-03-28,585000.0,Completed,,,,,0.0,,147000000.0,Madhya Pradesh,GUNA,,,,585000.0,,,,,0.3979591836734694,,1.0,,183.0,-183.0,1,Completed,47,13455273.0,494899.0,3.6781044873634303,259942.0,125.05020350693616,0,0.0,0.0,0,0,,0.0,0,3,0,False,0,0,False,0,False,0,False,0,0,0,0,0,False,True,0,0.0,0.0,0.0,0.0,0.0,0.0,0.0,0.0,None,No material anomaly signal detected.,95.23,88.95,1,1,66.7,57.14,High,78.4,V41,RUN-20261008-254699,Audit,,False,ALT-V41-0132,HIGH,Pending Verification,Review supporting records
WS/MP18357/2024-2025/143834,2024-09-26,585000.0,Madhya Pradesh,SHIVPURI(District Collector Shivpuri_IDA),JYOTIRADITYA M. SCINDIA,JYOTIRADITYA M SCINDIA,GUNA,Normal/Others,,2024-09-27,585000.0,Physical Inspection,2025-03-28,585000.0,Completed,,,,,0.0,,147000000.0,Madhya Pradesh,GUNA,,,,585000.0,,,,,0.3979591836734694,,1.0,,183.0,-183.0,1,Completed,47,13455273.0,494899.0,3.6781044873634303,259942.0,125.05020350693616,0,0.0,0.0,0,0,,0.0,0,3,0,False,0,0,False,0,False,0,False,0,0,0,0,0,False,True,0,0.0,0.0,0.0,0.0,0.0,0.0,0.0,0.0,None,No material anomaly signal detected.,95.23,88.95,1,1,66.7,57.14,High,78.4,V41,RUN-20261008-254699,Audit,,False,ALT-V41-0133,HIGH,Pending Verification,Review supporting records
WS/MP18357/2024-2025/143835,2024-09-26,585000.0,Madhya Pradesh,SHIVPURI(District Collector Shivpuri_IDA),JYOTIRADITYA M. SCINDIA,JYOTIRADITYA M SCINDIA,GUNA,Normal/Others,,2024-09-27,585000.0,Physical Inspection,2025-03-28,585000.0,Completed,,,,,0.0,,147000000.0,Madhya Pradesh,GUNA,,,,585000.0,,,,,0.3979591836734694,,1.0,,183.0,-183.0,1,Completed,47,13455273.0,494899.0,3.6781044873634303,259942.0,125.05020350693616,0,0.0,0.0,0,0,,0.0,0,3,0,False,0,0,False,0,False,0,False,0,0,0,0,0,False,True,0,0.0,0.0,0.0,0.0,0.0,0.0,0.0,0.0,None,No material anomaly signal detected.,95.23,88.95,1,1,66.7,57.14,High,78.4,V41,RUN-20261008-254699,Audit,,False,ALT-V41-0134,HIGH,Pending Verification,Review supporting records
WS/MP18357/2024-2025/143836,2024-09-26,585000.0,Madhya Pradesh,SHIVPURI(District Collector Shivpuri_IDA),JYOTIRADITYA M. SCINDIA,JYOTIRADITYA M SCINDIA,GUNA,Normal/Others,,2024-09-27,585000.0,Physical Inspection,2025-03-28,585000.0,Completed,,,,,0.0,,147000000.0,Madhya Pradesh,GUNA,,,,585000.0,,,,,0.3979591836734694,,1.0,,183.0,-183.0,1,Completed,47,13455273.0,494899.0,3.6781044873634303,259942.0,125.05020350693616,0,0.0,0.0,0,0,,0.0,0,3,0,False,0,0,False,0,False,0,False,0,0,0,0,0,False,True,0,0.0,0.0,0.0,0.0,0.0,0.0,0.0,0.0,None,No material anomaly signal detected.,95.23,88.95,1,1,66.7,57.14,High,78.4,V41,RUN-20261008-254699,Audit,,False,ALT-V41-0135,HIGH,Pending Verification,Review supporting records
WS/MP18357/2024-2025/143837,2024-09-26,585000.0,Madhya Pradesh,SHIVPURI(District Collector Shivpuri_IDA),JYOTIRADITYA M. SCINDIA,JYOTIRADITYA M SCINDIA,GUNA,Normal/Others,,2024-09-27,585000.0,Physical Inspection,2025-03-28,585000.0,Completed,,,,,0.0,,147000000.0,Madhya Pradesh,GUNA,,,,585000.0,,,,,0.3979591836734694,,1.0,,183.0,-183.0,1,Completed,47,13455273.0,494899.0,3.6781044873634303,259942.0,125.05020350693616,0,0.0,0.0,0,0,,0.0,0,3,0,False,0,0,False,0,False,0,False,0,0,0,0,0,False,True,0,0.0,0.0,0.0,0.0,0.0,0.0,0.0,0.0,None,No material anomaly signal detected.,95.23,88.95,1,1,66.7,57.14,High,78.4,V41,RUN-20261008-254699,Audit,,False,ALT-V41-0136,HIGH,Pending Verification,Review supporting records
WS/MP18357/2024-2025/143838,2024-09-26,585000.0,Madhya Pradesh,SHIVPURI(District Collector Shivpuri_IDA),JYOTIRADITYA M. SCINDIA,JYOTIRADITYA M SCINDIA,GUNA,Normal/Others,,2024-09-27,585000.0,Physical Inspection,2025-03-28,585000.0,Completed,,,,,0.0,,147000000.0,Madhya Pradesh,GUNA,,,,585000.0,,,,,0.3979591836734694,,1.0,,183.0,-183.0,1,Completed,47,13455273.0,494899.0,3.6781044873634303,259942.0,125.05020350693616,0,0.0,0.0,0,0,,0.0,0,3,0,False,0,0,False,0,False,0,False,0,0,0,0,0,False,True,0,0.0,0.0,0.0,0.0,0.0,0.0,0.0,0.0,None,No material anomaly signal detected.,95.23,88.95,1,1,66.7,57.14,High,78.4,V41,RUN-20261008-254699,Audit,,False,ALT-V41-0137,HIGH,Pending Verification,Review supporting records
WS/MP18357/2024-2025/143839,2024-09-26,585000.0,Madhya Pradesh,SHIVPURI(District Collector Shivpuri_IDA),JYOTIRADITYA M. SCINDIA,JYOTIRADITYA M SCINDIA,GUNA,Normal/Others,,2024-09-27,585000.0,Physical Inspection,2025-03-28,585000.0,Completed,,,,,0.0,,147000000.0,Madhya Pradesh,GUNA,,,,585000.0,,,,,0.3979591836734694,,1.0,,183.0,-183.0,1,Completed,47,13455273.0,494899.0,3.6781044873634303,259942.0,125.05020350693616,0,0.0,0.0,0,0,,0.0,0,3,0,False,0,0,False,0,False,0,False,0,0,0,0,0,False,True,0,0.0,0.0,0.0,0.0,0.0,0.0,0.0,0.0,None,No material anomaly signal detected.,95.23,88.95,1,1,66.7,57.14,High,78.4,V41,RUN-20261008-254699,Audit,,False,ALT-V41-0138,HIGH,Pending Verification,Review supporting records
WS/MP18357/2024-2025/146473,,,Madhya Pradesh,GUNA(District Collector Guna_IDA),JYOTIRADITYA M. SCINDIA,JYOTIRADITYA M SCINDIA,GUNA,Repair and Renovation,"Roof Grading, Water Proofing, Plaster, Floor and Whitewash related important work of Government Primary School Ganeshpura Block Guna",2025-02-25,300000.0,Vendor Identification,,,,,,,,0.0,,147000000.0,Madhya Pradesh,GUNA,,,,300000.0,,,,,0.20408163265306123,,,,,,0,Under Implementation,47,13455273.0,494899.0,3.6781044873634303,300000.0,0.0,0,0.0,0.0,0,0,,0.0,0,1,0,False,0,0,False,0,False,0,False,0,0,0,0,0,False,True,0,0.0,0.0,0.0,0.0,0.0,0.0,0.0,0.0,None,No material anomaly signal detected.,92.77,99.91,1,1,55.6,55.66,High,71.1,V41,RUN-20261008-254699,Early-Warning,,False,ALT-V41-0139,HIGH,Pending Verification,Review supporting records
WS/MP18357/2024-2025/146474,,,Madhya Pradesh,GUNA(District Collector Guna_IDA),JYOTIRADITYA M. SCINDIA,JYOTIRADITYA M SCINDIA,GUNA,Repair and Renovation,"Roof Grading, Water Proofing, Plaster, Floor and Whitewash related important work of Government Primary School Khaskhera Block Guna",2025-02-25,321000.0,Vendor Identification,,,,,,,,0.0,,147000000.0,Madhya Pradesh,GUNA,,,,321000.0,,,,,0.2183673469387755,,,,,,0,Under Implementation,47,13455273.0,494899.0,3.6781044873634303,300000.0,7.000000000000001,0,0.0,0.0,0,0,,0.0,0,1,0,False,0,0,False,0,False,0,False,0,0,0,0,0,False,True,0,0.0,0.0,0.0,0.0,0.0,0.0,0.0,0.0,None,No material anomaly signal detected.,93.02,99.96,1,1,55.6,55.81,High,71.1,V41,RUN-20261008-254699,Early-Warning,,False,ALT-V41-0140,HIGH,Pending Verification,Review supporting records
WS/MP18357/2024-2025/148885,,,Madhya Pradesh,ASHOKNAGAR(DISTRICT COLLECTOR ASHOKNAGAR_IDA),JYOTIRADITYA M. SCINDIA,JYOTIRADITYA M SCINDIA,GUNA,Normal/Others,CC Road Construction in Village Ratbhanpur,2025-01-02,1000000.0,Vendor Identification,,,,,,,,0.0,,147000000.0,Madhya Pradesh,GUNA,,,,1000000.0,,,,,0.6802721088435374,,,,,,0,Under Implementation,47,13455273.0,494899.0,3.6781044873634303,259942.0,284.70120257595926,0,0.0,0.0,0,0,,0.0,0,1,0,False,0,0,False,0,False,0,False,0,0,0,0,0,False,True,0,0.0,0.0,0.0,0.0,0.0,0.0,0.0,0.0,None,No material anomaly signal detected.,92.49,88.57,1,1,55.6,55.49,High,71.1,V41,RUN-20261008-254699,Early-Warning,,False,ALT-V41-0141,HIGH,Pending Verification,Review supporting records
WS/MP18357/2024-2025/148886,,,Madhya Pradesh,ASHOKNAGAR(DISTRICT COLLECTOR ASHOKNAGAR_IDA),JYOTIRADITYA M. SCINDIA,JYOTIRADITYA M SCINDIA,GUNA,Normal/Others,Construction of Community Hall and CC Road in Village Chakk Churaman,2025-01-02,997901.0,Physical Inspection,2025-03-26,997901.0,Completed,,,,,0.0,,147000000.0,Madhya Pradesh,GUNA,,,,997901.0,,,,,0.6788442176870748,,,,,-282.0,1,Completed,47,13455273.0,494899.0,3.6781044873634303,259942.0,283.8937147517523,0,0.0,0.0,0,0,,0.0,0,2,0,False,0,0,False,0,False,0,False,0,0,0,0,0,False,True,0,0.0,0.0,0.0,0.0,0.0,0.0,0.0,0.0,None,No material anomaly signal detected.,92.53,88.44,1,1,55.6,55.52,High,71.1,V41,RUN-20261008-254699,Audit,,False,ALT-V41-0142,HIGH,Pending Verification,Review supporting records
WS/MP18357/2024-2025/151498,,,Madhya Pradesh,ASHOKNAGAR(DISTRICT COLLECTOR ASHOKNAGAR_IDA),JYOTIRADITYA M. SCINDIA,JYOTIRADITYA M SCINDIA,GUNA,Normal/Others,,2025-01-06,1000000.0,Physical Inspection,2026-04-02,1000000.0,Completed,,,,,0.0,,147000000.0,Madhya Pradesh,GUNA,,,,1000000.0,,,,,0.6802721088435374,,,,,86.0,1,Completed,47,13455273.0,494899.0,3.6781044873634303,259942.0,284.70120257595926,0,0.0,0.0,0,0,,0.0,0,2,0,False,0,0,False,0,False,0,False,0,0,0,0,0,False,True,0,0.0,0.0,0.0,0.0,0.0,0.0,0.0,0.0,None,No material anomaly signal detected.,92.49,88.57,1,1,55.6,55.49,High,71.1,V41,RUN-20261008-254699,Audit,,False,ALT-V41-0143,HIGH,Pending Verification,Review supporting records
WS/MP18357/2024-2025/151499,,,Madhya Pradesh,ASHOKNAGAR(DISTRICT COLLECTOR ASHOKNAGAR_IDA),JYOTIRADITYA M. SCINDIA,JYOTIRADITYA M SCINDIA,GUNA,Normal/Others,,2024-12-29,991930.0,Physical Inspection,2025-07-03,991930.0,Completed,,,,,0.0,,147000000.0,Madhya Pradesh,GUNA,,,,991930.0,,,,,0.6747823129251701,,,,,-179.0,1,Completed,47,13455273.0,494899.0,3.6781044873634303,259942.0,281.5966638711713,0,0.0,0.0,0,0,,0.0,0,2,0,False,0,0,False,0,False,0,False,0,0,0,0,0,False,True,0,0.0,0.0,0.0,0.0,0.0,0.0,0.0,0.0,None,No material anomaly signal detected.,92.6,88.4,1,1,55.6,55.56,High,71.1,V41,RUN-20261008-254699,Audit,,False,ALT-V41-0144,HIGH,Pending Verification,Review supporting records
WS/MP18357/2024-2025/151500,,,Madhya Pradesh,ASHOKNAGAR(DISTRICT COLLECTOR ASHOKNAGAR_IDA),JYOTIRADITYA M. SCINDIA,JYOTIRADITYA M SCINDIA,GUNA,Normal/Others,,2024-12-29,999442.0,Physical Inspection,2025-10-10,999442.0,Completed,,,,,0.0,,147000000.0,Madhya Pradesh,GUNA,,,,999442.0,,,,,0.6798925170068028,,,,,-80.0,1,Completed,47,13455273.0,494899.0,3.6781044873634303,259942.0,284.48653930492185,0,0.0,0.0,0,0,,0.0,0,2,0,False,0,0,False,0,False,0,False,0,0,0,0,0,False,True,0,0.0,0.0,0.0,0.0,0.0,0.0,0.0,0.0,None,No material anomaly signal detected.,92.52,88.49,1,1,55.6,55.51,High,71.1,V41,RUN-20261008-254699,Audit,,False,ALT-V41-0145,HIGH,Pending Verification,Review supporting records
WS/MP18357/2024-2025/151501,,,Madhya Pradesh,ASHOKNAGAR(DISTRICT COLLECTOR ASHOKNAGAR_IDA),JYOTIRADITYA M. SCINDIA,JYOTIRADITYA M SCINDIA,GUNA,Normal/Others,,2024-12-30,995000.0,Physical Inspection,2026-03-31,995000.0,Completed,,,,,0.0,,147000000.0,Madhya Pradesh,GUNA,,,,995000.0,,,,,0.6768707482993197,,,,,91.0,1,Completed,47,13455273.0,494899.0,3.6781044873634303,259942.0,282.7776965630795,0,0.0,0.0,0,0,,0.0,0,2,0,False,0,0,False,0,False,0,False,0,0,0,0,0,False,True,0,0.0,0.0,0.0,0.0,0.0,0.0,0.0,0.0,None,No material anomaly signal detected.,92.66,88.66,1,1,55.6,55.6,High,71.1,V41,RUN-20261008-254699,Audit,,False,ALT-V41-0146,HIGH,Pending Verification,Review supporting records
WS/MP18357/2024-2025/151502,,,Madhya Pradesh,ASHOKNAGAR(DISTRICT COLLECTOR ASHOKNAGAR_IDA),JYOTIRADITYA M. SCINDIA,JYOTIRADITYA M SCINDIA,GUNA,Normal/Others,,2024-12-29,1000000.0,Physical Inspection,2025-02-20,1000000.0,Completed,,,,,0.0,,147000000.0,Madhya Pradesh,GUNA,,,,1000000.0,,,,,0.6802721088435374,,,,,-312.0,1,Completed,47,13455273.0,494899.0,3.6781044873634303,259942.0,284.70120257595926,0,0.0,0.0,0,0,,0.0,0,2,0,False,0,0,False,0,False,0,False,0,0,0,0,0,False,True,0,0.0,0.0,0.0,0.0,0.0,0.0,0.0,0.0,None,No material anomaly signal detected.,92.49,88.57,1,1,55.6,55.49,High,71.1,V41,RUN-20261008-254699,Audit,,False,ALT-V41-0147,HIGH,Pending Verification,Review supporting records
WS/MP18357/2025-2026/193426,,,Madhya Pradesh,SHIVPURI(District Collector Shivpuri_IDA),JYOTIRADITYA M. SCINDIA,JYOTIRADITYA M SCINDIA,GUNA,Normal/Others,CC Road Construction,,,,2026-08-18,994899.0,Completed,494899.0,2026-08-19,gram panchayat gadi barod,GRAM PANCHAYAT GADI BAROD,1.0,Payment In-Progress,147000000.0,Madhya Pradesh,GUNA,,,,,,,,,,,,,,,1,Completed,47,13455273.0,494899.0,3.6781044873634303,259942.0,,1,494899.0,494899.0,1,1,100.0,0.02127659574468085,0,3,0,False,0,0,False,0,False,0,False,0,0,0,0,0,False,True,0,0.0,0.0,0.0,0.0,0.0,0.0,0.0,0.0,None,No material anomaly signal detected.,93.15,90.12,1,1,51.9,55.89,High,68.7,V41,RUN-20261008-254699,Audit,,False,ALT-V41-0148,HIGH,Pending Verification,Review supporting records
WS/MP356/2024-2025/137860,2024-08-30,100000.0,Madhya Pradesh,NEEMUCH(District Collector Neemuch_IDA),Shri Sudheer Gupta,SUDHEER GUPTA,MANDSOUR,Normal/Others,PURCHASE OF BOOK IN SCHOOL LIBRARY,2024-11-20,100000.0,Physical Inspection,2026-04-26,100000.0,Completed,,,,,0.0,,148988014.83,Madhya Pradesh,MANDSOUR,,,,100000.0,,,,,0.06711949287605659,,82.0,,604.0,157.0,1,Completed,62,6794092.0,0.0,0.0,259942.0,-61.52987974240407,0,0.0,0.0,0,0,,0.0,0,3,0,False,0,0,False,0,False,0,False,0,0,0,0,0,False,True,0,0.0,0.0,0.0,0.0,0.0,0.0,0.0,0.0,None,No material anomaly signal detected.,86.14,91.12,1,1,66.7,51.68,High,78.4,V41,RUN-20261008-254699,Audit,,False,ALT-V41-0149,HIGH,Pending Verification,Review supporting records
WS/MP356/2024-2025/137862,2024-08-30,100000.0,Madhya Pradesh,NEEMUCH(District Collector Neemuch_IDA),Shri Sudheer Gupta,SUDHEER GUPTA,MANDSOUR,Normal/Others,PURCHASE OF BOOK IN SCHOOL LIBRARY,2024-11-20,100000.0,Physical Inspection,2026-04-26,100000.0,Completed,,,,,0.0,,148988014.83,Madhya Pradesh,MANDSOUR,,,,100000.0,,,,,0.06711949287605659,,82.0,,604.0,157.0,1,Completed,62,6794092.0,0.0,0.0,259942.0,-61.52987974240407,0,0.0,0.0,0,0,,0.0,0,3,0,False,0,0,False,0,False,0,False,0,0,0,0,0,False,True,0,0.0,0.0,0.0,0.0,0.0,0.0,0.0,0.0,None,No material anomaly signal detected.,86.14,91.12,1,1,66.7,51.68,High,78.4,V41,RUN-20261008-254699,Audit,,False,ALT-V41-0150,HIGH,Pending Verification,Review supporting records
WS/MP356/2024-2025/137884,2024-08-30,94846.0,Madhya Pradesh,NEEMUCH(District Collector Neemuch_IDA),Shri Sudheer Gupta,SUDHEER GUPTA,MANDSOUR,Normal/Others,PURCHASE OF BOOK,2024-11-20,94846.0,Physical Inspection,2026-04-28,94846.0,Completed,,,,,0.0,,148988014.83,Madhya Pradesh,MANDSOUR,,,,94846.0,,,,,0.06366015421322464,,82.0,,606.0,159.0,1,Completed,62,6794092.0,0.0,0.0,259942.0,-63.51262974048056,0,0.0,0.0,0,0,,0.0,0,3,0,False,0,1,True,0,False,0,False,0,0,0,0,0,False,True,1,0.0,0.0,0.5,0.0,0.0,0.0,0.0,7.0,Delayed Project,project implementation duration is unusually prolonged,86.12,91.19,1,1,66.7,54.47,High,78.4,V41,RUN-20261008-254699,Audit,,False,ALT-V41-0151,HIGH,Pending Verification,Review supporting records
WS/MP356/2025-2026/140605,2024-09-13,499246.0,Madhya Pradesh,MANDSAUR(DISTRICT COLLECTOR MANDSAUR_IDA),Shri Sudheer Gupta,SUDHEER GUPTA,MANDSOUR,Normal/Others,11 KV LINE TRANSFER,2026-02-16,499246.0,Vendor Identification,,,,,,,,0.0,,148988014.83,Madhya Pradesh,MANDSOUR,,,,499246.0,,,,,0.3350913834039975,,521.0,,,,0,Under Implementation,62,6794092.0,0.0,0.0,259942.0,92.06053658123736,0,0.0,0.0,0,0,,0.0,0,2,0,False,0,0,False,0,False,0,False,0,0,0,0,0,False,True,0,0.0,0.0,0.0,0.0,0.0,0.0,0.0,0.0,None,No material anomaly signal detected.,88.43,99.6,1,1,63.0,53.06,High,76.0,V41,RUN-20261008-254699,Early-Warning,,False,ALT-V41-0152,HIGH,Pending Verification,Review supporting records
WS/MP356/2025-2026/225529,,,,,,,,,,,,,,,,75000.0,2026-08-27,CEO JANPAD PANCHAYAT SITAMAU,CEO JANPAD PANCHAYAT SITAMAU,1.0,Payment In-Progress,,,,12.0,81134800.0,National Calamity; State Calamity,,,,,,,,,,,,0,Under Implementation,249,0.0,64270223.0,,,,6,575000.0,95833.33333333333,1,1,13.043478260869565,0.024096385542168676,0,2,0,False,0,0,False,1,True,0,False,0,0,0,0,0,False,False,1,0.0,0.0,0.0,0.6,0.0,0.0,0.0,8.4,Suspicious Vendor,vendor has high project concentration,89.57,77.73,1,1,48.1,57.1,High,66.3,V41,RUN-20261008-254699,Early-Warning,,False,ALT-V41-0153,HIGH,Pending Verification,Review supporting records
WS/MP356/2026-2027/277509,,,,,,,,,,,,,,,,100000.0,2026-08-27,CEO JANPAD PANCHAYAT SITAMAU,CEO JANPAD PANCHAYAT SITAMAU,1.0,Payment In-Progress,,,,12.0,81134800.0,National Calamity; State Calamity,,,,,,,,,,,,0,Under Implementation,249,0.0,64270223.0,,,,6,575000.0,95833.33333333333,1,1,17.391304347826086,0.024096385542168676,0,2,0,False,0,0,False,1,True,0,False,0,0,0,0,0,False,False,1,0.0,0.0,0.0,0.6,0.0,0.0,0.0,8.4,Suspicious Vendor,vendor has high project concentration,89.04,77.73,1,1,48.1,56.78,High,66.3,V41,RUN-20261008-254699,Early-Warning,,False,ALT-V41-0154,HIGH,Pending Verification,Review supporting records
WS/MP356/2026-2027/277658,,,,,,,,,,,,,,,,100000.0,2026-07-23,Gram Panchayat Gothda,GRAM PANCHAYAT GOTHDA,1.0,Payment Success,,,,12.0,81134800.0,National Calamity; State Calamity,,,,,,,,,,,,0,Under Implementation,249,0.0,64270223.0,,,,1,100000.0,100000.0,1,1,100.0,0.004016064257028112,0,2,0,False,0,0,False,0,False,0,False,0,0,0,0,0,False,False,0,0.0,0.0,0.0,0.0,0.0,0.0,0.0,0.0,None,No material anomaly signal detected.,85.36,80.29,1,1,48.1,51.22,High,66.3,V41,RUN-20261008-254699,Early-Warning,,False,ALT-V41-0155,HIGH,Pending Verification,Review supporting records
WS/MP356/2026-2027/284014,,,,,,,,,,,,,,,,100000.0,2026-08-27,CEO JANPAD PANCHAYAT SITAMAU,CEO JANPAD PANCHAYAT SITAMAU,1.0,Payment In-Progress,,,,12.0,81134800.0,National Calamity; State Calamity,,,,,,,,,,,,0,Under Implementation,249,0.0,64270223.0,,,,6,575000.0,95833.33333333333,1,1,17.391304347826086,0.024096385542168676,0,2,0,False,0,0,False,1,True,0,False,0,0,0,0,0,False,False,1,0.0,0.0,0.0,0.6,0.0,0.0,0.0,8.4,Suspicious Vendor,vendor has high project concentration,89.04,77.73,1,1,48.1,56.78,High,66.3,V41,RUN-20261008-254699,Early-Warning,,False,ALT-V41-0156,HIGH,Pending Verification,Review supporting records
WS/MP356/2026-2027/284065,,,,,,,,,,,,,,,,100000.0,2026-08-27,CEO JANPAD PANCHAYAT SITAMAU,CEO JANPAD PANCHAYAT SITAMAU,1.0,Payment In-Progress,,,,12.0,81134800.0,National Calamity; State Calamity,,,,,,,,,,,,0,Under Implementation,249,0.0,64270223.0,,,,6,575000.0,95833.33333333333,1,1,17.391304347826086,0.024096385542168676,0,2,0,False,0,0,False,1,True,0,False,0,0,0,0,0,False,False,1,0.0,0.0,0.0,0.6,0.0,0.0,0.0,8.4,Suspicious Vendor,vendor has high project concentration,89.04,77.73,1,1,48.1,56.78,High,66.3,V41,RUN-20261008-254699,Early-Warning,,False,ALT-V41-0157,HIGH,Pending Verification,Review supporting records
WS/MP356/2026-2027/295201,,,,,,,,,,,,,,,,75000.0,2026-08-27,CEO JANPAD PANCHAYAT SITAMAU,CEO JANPAD PANCHAYAT SITAMAU,1.0,Payment In-Progress,,,,12.0,81134800.0,National Calamity; State Calamity,,,,,,,,,,,,0,Under Implementation,249,0.0,64270223.0,,,,6,575000.0,95833.33333333333,1,1,13.043478260869565,0.024096385542168676,0,2,0,False,0,0,False,1,True,0,False,0,0,0,0,0,False,False,1,0.0,0.0,0.0,0.6,0.0,0.0,0.0,8.4,Suspicious Vendor,vendor has high project concentration,89.57,77.73,1,1,48.1,57.1,High,66.3,V41,RUN-20261008-254699,Early-Warning,,False,ALT-V41-0158,HIGH,Pending Verification,Review supporting records
WS/MP360/2025-2026/214359,,,,,,,,,,,,,,,,400000.0,2026-08-07,GRAM PANCHAYAT AMLAWADBEEKA,GRAM PANCHAYAT AMLAWADBEEKA,1.0,Payment In-Progress,,,,12.0,81134800.0,National Calamity; State Calamity,,,,,,,,,,,,0,Under Implementation,249,0.0,64270223.0,,,,1,400000.0,400000.0,1,1,100.0,0.004016064257028112,0,2,0,False,0,0,False,0,False,0,False,0,0,0,0,0,False,False,0,0.0,0.0,0.0,0.0,0.0,0.0,0.0,0.0,None,No material anomaly signal detected.,89.47,86.07,1,1,48.1,53.68,High,66.3,V41,RUN-20261008-254699,Early-Warning,,False,ALT-V41-0159,HIGH,Pending Verification,Review supporting records
WS/MP443/2024-2025/138721,2024-09-03,16177075.0,Madhya Pradesh,RAJGARH(DISTRICT COLLECTOR RAJGARH_IDA),Rodmal Nagar,RODMAL NAGAR,RAJGARH,Normal/Others,General workshed with toilets (125×80feet),2024-11-12,16177075.0,Work Completed,2025-07-22,16176660.0,Completed,,,,,0.0,,147000000.0,Madhya Pradesh,RAJGARH,,,,16177075.0,,,,,11.004812925170068,,70.0,,322.0,-113.0,1,Completed,110,45840547.0,0.0,0.0,259942.0,6123.340206661485,0,0.0,0.0,0,0,,0.0,0,3,0,False,0,0,False,0,False,0,False,0,0,0,0,0,False,True,0,0.0,0.0,0.0,0.0,0.0,0.0,0.0,0.0,None,No material anomaly signal detected.,92.71,80.56,1,1,66.7,55.63,High,78.4,V41,RUN-20261008-254699,Audit,,False,ALT-V41-0160,HIGH,Pending Verification,Review supporting records
WS/MP443/2024-2025/138722,2024-09-03,1443000.0,Madhya Pradesh,RAJGARH(DISTRICT COLLECTOR RAJGARH_IDA),Rodmal Nagar,RODMAL NAGAR,RAJGARH,Normal/Others,General workshed with toilets (40×30feet),2024-11-09,1443000.0,Work Completed,2026-02-23,1400153.0,Completed,,,,,0.0,,147000000.0,Madhya Pradesh,RAJGARH,,,,1443000.0,,,,,0.9816326530612245,,67.0,,538.0,106.0,1,Completed,110,45840547.0,0.0,0.0,259942.0,455.1238353171092,0,0.0,0.0,0,0,,0.0,0,3,0,False,0,0,False,0,False,0,False,0,0,0,0,0,False,True,0,0.0,0.0,0.0,0.0,0.0,0.0,0.0,0.0,None,No material anomaly signal detected.,95.09,86.43,1,1,66.7,57.05,High,78.4,V41,RUN-20261008-254699,Audit,,False,ALT-V41-0161,HIGH,Pending Verification,Review supporting records
WS/MP443/2024-2025/138723,2024-09-03,2353000.0,Madhya Pradesh,RAJGARH(DISTRICT COLLECTOR RAJGARH_IDA),Rodmal Nagar,RODMAL NAGAR,RAJGARH,Normal/Others,General workshed with toilets full brick work (40×30feet),2024-11-09,2353000.0,Work Completed,2026-02-23,2258932.0,Completed,,,,,0.0,,147000000.0,Madhya Pradesh,RAJGARH,,,,2353000.0,,,,,1.6006802721088436,,67.0,,538.0,106.0,1,Completed,110,45840547.0,0.0,0.0,259942.0,805.2019296612322,0,0.0,0.0,0,0,,0.0,0,3,0,False,0,0,False,0,False,0,False,0,0,0,0,0,False,True,0,0.0,0.0,0.0,0.0,0.0,0.0,0.0,0.0,None,No material anomaly signal detected.,95.09,86.43,1,1,66.7,57.05,High,78.4,V41,RUN-20261008-254699,Audit,,False,ALT-V41-0162,HIGH,Pending Verification,Review supporting records
WS/MP443/2024-2025/138724,2024-09-03,1443000.0,Madhya Pradesh,RAJGARH(DISTRICT COLLECTOR RAJGARH_IDA),Rodmal Nagar,RODMAL NAGAR,RAJGARH,Normal/Others,General workshed (40×30feet),2024-11-09,1443000.0,Work Completed,2026-02-23,1386077.0,Completed,,,,,0.0,,147000000.0,Madhya Pradesh,RAJGARH,,,,1443000.0,,,,,0.9816326530612245,,67.0,,538.0,106.0,1,Completed,110,45840547.0,0.0,0.0,259942.0,455.1238353171092,0,0.0,0.0,0,0,,0.0,0,3,0,False,0,0,False,0,False,0,False,0,0,0,0,0,False,True,0,0.0,0.0,0.0,0.0,0.0,0.0,0.0,0.0,None,No material anomaly signal detected.,95.09,86.43,1,1,66.7,57.05,High,78.4,V41,RUN-20261008-254699,Audit,,False,ALT-V41-0163,HIGH,Pending Verification,Review supporting records
WS/MP443/2024-2025/138725,2024-09-03,2353000.0,Madhya Pradesh,RAJGARH(DISTRICT COLLECTOR RAJGARH_IDA),Rodmal Nagar,RODMAL NAGAR,RAJGARH,Normal/Others,General workshed with toilets full brick work (40×30feet),2024-11-09,2353000.0,Work Completed,2026-02-23,2258637.0,Completed,,,,,0.0,,147000000.0,Madhya Pradesh,RAJGARH,,,,2353000.0,,,,,1.6006802721088436,,67.0,,538.0,106.0,1,Completed,110,45840547.0,0.0,0.0,259942.0,805.2019296612322,0,0.0,0.0,0,0,,0.0,0,3,0,False,0,0,False,0,False,0,False,0,0,0,0,0,False,True,0,0.0,0.0,0.0,0.0,0.0,0.0,0.0,0.0,None,No material anomaly signal detected.,95.09,86.43,1,1,66.7,57.05,High,78.4,V41,RUN-20261008-254699,Audit,,False,ALT-V41-0164,HIGH,Pending Verification,Review supporting records
WS/MP443/2025-2026/142841,2024-09-23,387988.0,Madhya Pradesh,RAJGARH(DISTRICT COLLECTOR RAJGARH_IDA),Rodmal Nagar,RODMAL NAGAR,RAJGARH,Normal/Others,"open gym material (ped deck, rover, air swing swing, leg press, surf board, cross trainer, parralel bar)",2025-04-21,387988.0,Work Completed,2025-06-20,387988.0,Completed,,,,,0.0,,147000000.0,Madhya Pradesh,RAJGARH,,,,387988.0,,,,,0.2639374149659864,,210.0,,270.0,-305.0,1,Completed,110,45840547.0,0.0,0.0,259942.0,49.259450185041274,0,0.0,0.0,0,0,,0.0,0,3,0,False,0,0,False,0,False,0,False,0,0,0,0,0,False,True,0,0.0,0.0,0.0,0.0,0.0,0.0,0.0,0.0,None,No material anomaly signal detected.,87.12,97.45,1,1,66.7,52.27,High,78.4,V41,RUN-20261008-254699,Audit,,False,ALT-V41-0165,HIGH,Pending Verification,Review supporting records
WS/MP443/2025-2026/142843,2024-09-23,387988.0,Madhya Pradesh,RAJGARH(DISTRICT COLLECTOR RAJGARH_IDA),Rodmal Nagar,RODMAL NAGAR,RAJGARH,Normal/Others,"open gym material (ped deck, rover, air swing swing, leg press, surf board, cross trainer, parralel bar)",2025-04-21,387988.0,Work Completed,2025-06-20,387988.0,Completed,,,,,0.0,,147000000.0,Madhya Pradesh,RAJGARH,,,,387988.0,,,,,0.2639374149659864,,210.0,,270.0,-305.0,1,Completed,110,45840547.0,0.0,0.0,259942.0,49.259450185041274,0,0.0,0.0,0,0,,0.0,0,3,0,False,0,0,False,0,False,0,False,0,0,0,0,0,False,True,0,0.0,0.0,0.0,0.0,0.0,0.0,0.0,0.0,None,No material anomaly signal detected.,87.12,97.45,1,1,66.7,52.27,High,78.4,V41,RUN-20261008-254699,Audit,,False,ALT-V41-0166,HIGH,Pending Verification,Review supporting records
WS/MP443/2025-2026/142845,2024-09-23,387988.0,Madhya Pradesh,RAJGARH(DISTRICT COLLECTOR RAJGARH_IDA),Rodmal Nagar,RODMAL NAGAR,RAJGARH,Normal/Others,"open gym material (ped deck, rover, air swing swing, leg press, surf board, cross trainer, parralel bar)",2025-04-21,387988.0,Work Completed,2025-06-20,387988.0,Completed,,,,,0.0,,147000000.0,Madhya Pradesh,RAJGARH,,,,387988.0,,,,,0.2639374149659864,,210.0,,270.0,-305.0,1,Completed,110,45840547.0,0.0,0.0,259942.0,49.259450185041274,0,0.0,0.0,0,0,,0.0,0,3,0,False,0,0,False,0,False,0,False,0,0,0,0,0,False,True,0,0.0,0.0,0.0,0.0,0.0,0.0,0.0,0.0,None,No material anomaly signal detected.,87.12,97.45,1,1,66.7,52.27,High,78.4,V41,RUN-20261008-254699,Audit,,False,ALT-V41-0167,HIGH,Pending Verification,Review supporting records
WS/MP443/2025-2026/142847,2024-09-23,387988.0,Madhya Pradesh,RAJGARH(DISTRICT COLLECTOR RAJGARH_IDA),Rodmal Nagar,RODMAL NAGAR,RAJGARH,Normal/Others,"open gym material (ped deck, rover, air swing swing, leg press, surf board, cross trainer, parralel bar)",2025-04-21,387988.0,Work Completed,2025-06-20,387988.0,Completed,,,,,0.0,,147000000.0,Madhya Pradesh,RAJGARH,,,,387988.0,,,,,0.2639374149659864,,210.0,,270.0,-305.0,1,Completed,110,45840547.0,0.0,0.0,259942.0,49.259450185041274,0,0.0,0.0,0,0,,0.0,0,3,0,False,0,0,False,0,False,0,False,0,0,0,0,0,False,True,0,0.0,0.0,0.0,0.0,0.0,0.0,0.0,0.0,None,No material anomaly signal detected.,87.12,97.45,1,1,66.7,52.27,High,78.4,V41,RUN-20261008-254699,Audit,,False,ALT-V41-0168,HIGH,Pending Verification,Review supporting records
WS/MP443/2025-2026/142853,2024-09-23,387988.0,Madhya Pradesh,RAJGARH(DISTRICT COLLECTOR RAJGARH_IDA),Rodmal Nagar,RODMAL NAGAR,RAJGARH,Normal/Others,"open gym material (ped deck, rover, air swing swing, leg press, surf board, cross trainer, parralel bar)",2025-04-21,387988.0,Work Completed,2025-06-20,387988.0,Completed,,,,,0.0,,147000000.0,Madhya Pradesh,RAJGARH,,,,387988.0,,,,,0.2639374149659864,,210.0,,270.0,-305.0,1,Completed,110,45840547.0,0.0,0.0,259942.0,49.259450185041274,0,0.0,0.0,0,0,,0.0,0,3,0,False,0,0,False,0,False,0,False,0,0,0,0,0,False,True,0,0.0,0.0,0.0,0.0,0.0,0.0,0.0,0.0,None,No material anomaly signal detected.,87.12,97.45,1,1,66.7,52.27,High,78.4,V41,RUN-20261008-254699,Audit,,False,ALT-V41-0169,HIGH,Pending Verification,Review supporting records
WS/MP443/2025-2026/142855,2024-09-23,387988.0,Madhya Pradesh,RAJGARH(DISTRICT COLLECTOR RAJGARH_IDA),Rodmal Nagar,RODMAL NAGAR,RAJGARH,Normal/Others,"open gym material (ped deck, rover, air swing swing, leg press, surf board, cross trainer, parralel bar)",2025-04-21,387988.0,Work Completed,2025-06-20,387988.0,Completed,,,,,0.0,,147000000.0,Madhya Pradesh,RAJGARH,,,,387988.0,,,,,0.2639374149659864,,210.0,,270.0,-305.0,1,Completed,110,45840547.0,0.0,0.0,259942.0,49.259450185041274,0,0.0,0.0,0,0,,0.0,0,3,0,False,0,0,False,0,False,0,False,0,0,0,0,0,False,True,0,0.0,0.0,0.0,0.0,0.0,0.0,0.0,0.0,None,No material anomaly signal detected.,87.12,97.45,1,1,66.7,52.27,High,78.4,V41,RUN-20261008-254699,Audit,,False,ALT-V41-0170,HIGH,Pending Verification,Review supporting records
WS/MP443/2025-2026/142869,2024-09-23,387988.0,Madhya Pradesh,RAJGARH(DISTRICT COLLECTOR RAJGARH_IDA),Rodmal Nagar,RODMAL NAGAR,RAJGARH,Normal/Others,"open gym material (ped deck, rover, air swing swing, leg press, surf board, cross trainer, parralel bar)",2025-04-21,387988.0,Work Completed,2025-06-20,387988.0,Completed,,,,,0.0,,147000000.0,Madhya Pradesh,RAJGARH,,,,387988.0,,,,,0.2639374149659864,,210.0,,270.0,-305.0,1,Completed,110,45840547.0,0.0,0.0,259942.0,49.259450185041274,0,0.0,0.0,0,0,,0.0,0,3,0,False,0,0,False,0,False,0,False,0,0,0,0,0,False,True,0,0.0,0.0,0.0,0.0,0.0,0.0,0.0,0.0,None,No material anomaly signal detected.,87.12,97.45,1,1,66.7,52.27,High,78.4,V41,RUN-20261008-254699,Audit,,False,ALT-V41-0171,HIGH,Pending Verification,Review supporting records
WS/MP443/2025-2026/142900,2024-09-23,387988.0,Madhya Pradesh,RAJGARH(DISTRICT COLLECTOR RAJGARH_IDA),Rodmal Nagar,RODMAL NAGAR,RAJGARH,Normal/Others,"open gym material (ped deck, rover, air swing swing, leg press, surf board, cross trainer, parralel bar)",2025-04-21,387988.0,Work Completed,2025-06-20,387988.0,Completed,,,,,0.0,,147000000.0,Madhya Pradesh,RAJGARH,,,,387988.0,,,,,0.2639374149659864,,210.0,,270.0,-305.0,1,Completed,110,45840547.0,0.0,0.0,259942.0,49.259450185041274,0,0.0,0.0,0,0,,0.0,0,3,0,False,0,0,False,0,False,0,False,0,0,0,0,0,False,True,0,0.0,0.0,0.0,0.0,0.0,0.0,0.0,0.0,None,No material anomaly signal detected.,87.12,97.45,1,1,66.7,52.27,High,78.4,V41,RUN-20261008-254699,Audit,,False,ALT-V41-0172,HIGH,Pending Verification,Review supporting records
WS/MP443/2025-2026/142901,2024-09-23,387988.0,Madhya Pradesh,RAJGARH(DISTRICT COLLECTOR RAJGARH_IDA),Rodmal Nagar,RODMAL NAGAR,RAJGARH,Normal/Others,"open gym material (ped deck, rover, air swing swing, leg press, surf board, cross trainer, parralel bar, cross trainer, parralel bar)",2025-04-21,387988.0,Work Completed,2025-06-20,387988.0,Completed,,,,,0.0,,147000000.0,Madhya Pradesh,RAJGARH,,,,387988.0,,,,,0.2639374149659864,,210.0,,270.0,-305.0,1,Completed,110,45840547.0,0.0,0.0,259942.0,49.259450185041274,0,0.0,0.0,0,0,,0.0,0,3,0,False,0,0,False,0,False,0,False,0,0,0,0,0,False,True,0,0.0,0.0,0.0,0.0,0.0,0.0,0.0,0.0,None,No material anomaly signal detected.,87.12,97.45,1,1,66.7,52.27,High,78.4,V41,RUN-20261008-254699,Audit,,False,ALT-V41-0173,HIGH,Pending Verification,Review supporting records
WS/MP443/2025-2026/142904,2024-09-23,387988.0,Madhya Pradesh,RAJGARH(DISTRICT COLLECTOR RAJGARH_IDA),Rodmal Nagar,RODMAL NAGAR,RAJGARH,Normal/Others,"open gym material (ped deck, rover, air swing swing, leg press, surf board, cross trainer, parralel bar)",2025-04-21,387988.0,Work Completed,2025-06-20,387988.0,Completed,,,,,0.0,,147000000.0,Madhya Pradesh,RAJGARH,,,,387988.0,,,,,0.2639374149659864,,210.0,,270.0,-305.0,1,Completed,110,45840547.0,0.0,0.0,259942.0,49.259450185041274,0,0.0,0.0,0,0,,0.0,0,3,0,False,0,0,False,0,False,0,False,0,0,0,0,0,False,True,0,0.0,0.0,0.0,0.0,0.0,0.0,0.0,0.0,None,No material anomaly signal detected.,87.12,97.45,1,1,66.7,52.27,High,78.4,V41,RUN-20261008-254699,Audit,,False,ALT-V41-0174,HIGH,Pending Verification,Review supporting records
WS/MP443/2025-2026/142905,2024-09-23,387988.0,Madhya Pradesh,RAJGARH(DISTRICT COLLECTOR RAJGARH_IDA),Rodmal Nagar,RODMAL NAGAR,RAJGARH,Normal/Others,"open gym material (ped deck, rover, air swing swing, leg press, surf board, cross trainer, parralel bar)",2025-04-21,387988.0,Work Completed,2025-06-20,387988.0,Completed,,,,,0.0,,147000000.0,Madhya Pradesh,RAJGARH,,,,387988.0,,,,,0.2639374149659864,,210.0,,270.0,-305.0,1,Completed,110,45840547.0,0.0,0.0,259942.0,49.259450185041274,0,0.0,0.0,0,0,,0.0,0,3,0,False,0,0,False,0,False,0,False,0,0,0,0,0,False,True,0,0.0,0.0,0.0,0.0,0.0,0.0,0.0,0.0,None,No material anomaly signal detected.,87.12,97.45,1,1,66.7,52.27,High,78.4,V41,RUN-20261008-254699,Audit,,False,ALT-V41-0175,HIGH,Pending Verification,Review supporting records
WS/MP443/2025-2026/142908,2024-09-23,387988.0,Madhya Pradesh,RAJGARH(DISTRICT COLLECTOR RAJGARH_IDA),Rodmal Nagar,RODMAL NAGAR,RAJGARH,Normal/Others,"open gym material (ped deck, rover, air swing swing, leg press, surf board cross trainer, parralel bar)",2025-04-21,387988.0,Work Completed,2025-06-20,387988.0,Completed,,,,,0.0,,147000000.0,Madhya Pradesh,RAJGARH,,,,387988.0,,,,,0.2639374149659864,,210.0,,270.0,-305.0,1,Completed,110,45840547.0,0.0,0.0,259942.0,49.259450185041274,0,0.0,0.0,0,0,,0.0,0,3,0,False,0,0,False,0,False,0,False,0,0,0,0,0,False,True,0,0.0,0.0,0.0,0.0,0.0,0.0,0.0,0.0,None,No material anomaly signal detected.,87.12,97.45,1,1,66.7,52.27,High,78.4,V41,RUN-20261008-254699,Audit,,False,ALT-V41-0176,HIGH,Pending Verification,Review supporting records
WS/MP443/2025-2026/142911,2024-09-23,387988.0,Madhya Pradesh,RAJGARH(DISTRICT COLLECTOR RAJGARH_IDA),Rodmal Nagar,RODMAL NAGAR,RAJGARH,Normal/Others,"open gym material (ped deck, rover, air swing swing, leg press, surf board, cross trainer, parralel bar)",2025-04-21,387988.0,Work Completed,2025-06-20,387988.0,Completed,,,,,0.0,,147000000.0,Madhya Pradesh,RAJGARH,,,,387988.0,,,,,0.2639374149659864,,210.0,,270.0,-305.0,1,Completed,110,45840547.0,0.0,0.0,259942.0,49.259450185041274,0,0.0,0.0,0,0,,0.0,0,3,0,False,0,0,False,0,False,0,False,0,0,0,0,0,False,True,0,0.0,0.0,0.0,0.0,0.0,0.0,0.0,0.0,None,No material anomaly signal detected.,87.12,97.45,1,1,66.7,52.27,High,78.4,V41,RUN-20261008-254699,Audit,,False,ALT-V41-0177,HIGH,Pending Verification,Review supporting records
WS/MP443/2025-2026/142913,2024-09-23,387988.0,Madhya Pradesh,RAJGARH(DISTRICT COLLECTOR RAJGARH_IDA),Rodmal Nagar,RODMAL NAGAR,RAJGARH,Normal/Others,"open gym material (ped deck, rover, air swing swing, leg press, surf board, cross trainer, parralel bar)",2025-04-21,387988.0,Work Completed,2025-06-20,387988.0,Completed,,,,,0.0,,147000000.0,Madhya Pradesh,RAJGARH,,,,387988.0,,,,,0.2639374149659864,,210.0,,270.0,-305.0,1,Completed,110,45840547.0,0.0,0.0,259942.0,49.259450185041274,0,0.0,0.0,0,0,,0.0,0,3,0,False,0,0,False,0,False,0,False,0,0,0,0,0,False,True,0,0.0,0.0,0.0,0.0,0.0,0.0,0.0,0.0,None,No material anomaly signal detected.,87.12,97.45,1,1,66.7,52.27,High,78.4,V41,RUN-20261008-254699,Audit,,False,ALT-V41-0178,HIGH,Pending Verification,Review supporting records
WS/MP443/2026-2027/292931,,,,,,,,,,,,,,,,150000.0,2026-08-18,GP JAMONIYA JP BIAORA,GP JAMONIYA JP BIAORA,1.0,Payment Success,,,,12.0,81134800.0,National Calamity; State Calamity,,,,,,,,,,,,0,Under Implementation,249,0.0,64270223.0,,,,1,150000.0,150000.0,1,1,100.0,0.004016064257028112,0,2,0,False,0,0,False,0,False,0,False,0,0,0,0,0,False,False,0,0.0,0.0,0.0,0.0,0.0,0.0,0.0,0.0,None,No material anomaly signal detected.,86.88,85.39,1,1,48.1,52.13,High,66.3,V41,RUN-20261008-254699,Early-Warning,,False,ALT-V41-0179,HIGH,Pending Verification,Review supporting records
WS/MP444/2024-2025/149425,,,Madhya Pradesh,HARDA(District Collector Harda_IDA),Durga Das Uikey,DURGA DAS UIKEY,BETUL(ST),Normal/Others,L.No. 211 Dt. 23.10.2024 Police Line Harda me pared ground me Shahid Smarak ke baju me Shade nirman ward No. 32 Shahid Deepsingh Ward,2024-11-06,1321924.0,Physical Inspection,2025-12-31,1321924.0,Completed,,,,,0.0,,151569502.91,Madhya Pradesh,BETUL(ST),,,,1321924.0,,,,,0.8721569805404332,,,,,55.0,1,Completed,221,32631426.0,0.0,0.0,259942.0,408.54575251402235,0,0.0,0.0,0,0,,0.0,0,2,0,False,0,0,False,0,False,0,False,0,0,0,0,0,False,True,0,0.0,0.0,0.0,0.0,0.0,0.0,0.0,0.0,None,No material anomaly signal detected.,88.57,83.97,1,1,55.6,53.14,High,71.1,V41,RUN-20261008-254699,Audit,,False,ALT-V41-0180,HIGH,Pending Verification,Review supporting records
WS/MP444/2026-2027/254267,,,,,,,,,,,,,,,,1999844.0,2026-07-27,PRATIBHA PRATISHTHAN,PRATIBHA PRATISHTHAN,1.0,Payment In-Progress,,,,12.0,81134800.0,National Calamity; State Calamity,,,,,,,,,,,,0,Under Implementation,249,0.0,64270223.0,,,,1,1999844.0,1999844.0,1,1,100.0,0.004016064257028112,0,2,0,False,0,0,False,0,False,0,False,0,0,0,1,1,True,False,2,0.0,0.0,0.0,0.0,0.0,0.0,0.6520123714652946,16.95,Unusual Expenditure; Transaction Outlier,expenditure is in an extreme upper range,93.71,86.14,1,1,48.1,63.01,High,66.3,V41,RUN-20261008-254699,Early-Warning,,False,ALT-V41-0181,HIGH,Pending Verification,Review supporting records
WS/MP446/2026-2027/288488,,,,,,,,,,,,,,,,300000.0,2026-08-21,GRAM PANCHAYAT BAMITHA,GRAM PANCHAYAT BAMITHA,1.0,Payment In-Progress,,,,12.0,81134800.0,National Calamity; State Calamity,,,,,,,,,,,,0,Under Implementation,249,0.0,64270223.0,,,,2,600000.0,300000.0,1,1,50.0,0.008032128514056224,0,2,0,False,0,0,False,0,False,0,False,0,0,0,0,0,False,False,0,0.0,0.0,0.0,0.0,0.0,0.0,0.0,0.0,None,No material anomaly signal detected.,90.49,88.15,1,1,48.1,54.29,High,66.3,V41,RUN-20261008-254699,Early-Warning,,False,ALT-V41-0182,HIGH,Pending Verification,Review supporting records
WS/MP446/2026-2027/288493,,,,,,,,,,,,,,,,300000.0,2026-07-30,GRAM PANCHAYAT MAUMASANIYA,GRAM PANCHAYAT MAUMASANIYA,1.0,Payment Success,,,,12.0,81134800.0,National Calamity; State Calamity,,,,,,,,,,,,0,Under Implementation,249,0.0,64270223.0,,,,2,600000.0,300000.0,1,1,50.0,0.008032128514056224,0,2,0,False,0,0,False,0,False,0,False,0,0,0,0,0,False,False,0,0.0,0.0,0.0,0.0,0.0,0.0,0.0,0.0,None,No material anomaly signal detected.,90.49,88.15,1,1,48.1,54.29,High,66.3,V41,RUN-20261008-254699,Early-Warning,,False,ALT-V41-0183,HIGH,Pending Verification,Review supporting records
WS/MP446/2026-2027/288513,,,,,,,,,,,,,,,,300000.0,2026-08-21,GRAM PANCHAYAT PRATAPPURA,GRAM PANCHAYAT PRATAPPURA,1.0,Payment In-Progress,,,,12.0,81134800.0,National Calamity; State Calamity,,,,,,,,,,,,0,Under Implementation,249,0.0,64270223.0,,,,1,300000.0,300000.0,1,1,100.0,0.004016064257028112,0,2,0,False,0,0,False,0,False,0,False,0,0,0,0,0,False,False,0,0.0,0.0,0.0,0.0,0.0,0.0,0.0,0.0,None,No material anomaly signal detected.,89.62,94.2,1,1,48.1,53.77,High,66.3,V41,RUN-20261008-254699,Early-Warning,,False,ALT-V41-0184,HIGH,Pending Verification,Review supporting records
WS/MP446/2026-2027/288515,,,,,,,,,,,,,,,,300000.0,2026-08-11,GRAM PANCHAYAT SILON,GRAM PANCHAYAT SILON,1.0,Payment Success,,,,12.0,81134800.0,National Calamity; State Calamity,,,,,,,,,,,,0,Under Implementation,249,0.0,64270223.0,,,,1,300000.0,300000.0,1,1,100.0,0.004016064257028112,0,2,0,False,0,0,False,0,False,0,False,0,0,0,0,0,False,False,0,0.0,0.0,0.0,0.0,0.0,0.0,0.0,0.0,None,No material anomaly signal detected.,89.62,94.2,1,1,48.1,53.77,High,66.3,V41,RUN-20261008-254699,Early-Warning,,False,ALT-V41-0185,HIGH,Pending Verification,Review supporting records
WS/MP446/2026-2027/288604,,,,,,,,,,,,,,,,300000.0,2026-07-31,GRAM PANCHAYAT PATNA,GRAM PANCHAYAT PATNA,1.0,Payment Success,,,,12.0,81134800.0,National Calamity; State Calamity,,,,,,,,,,,,0,Under Implementation,249,0.0,64270223.0,,,,1,300000.0,300000.0,1,1,100.0,0.004016064257028112,0,2,0,False,0,0,False,0,False,0,False,0,0,0,0,0,False,False,0,0.0,0.0,0.0,0.0,0.0,0.0,0.0,0.0,None,No material anomaly signal detected.,89.62,94.2,1,1,48.1,53.77,High,66.3,V41,RUN-20261008-254699,Early-Warning,,False,ALT-V41-0186,HIGH,Pending Verification,Review supporting records
WS/MP446/2026-2027/288623,,,,,,,,,,,,,,,,300000.0,2026-08-21,GRAM PANCHAYAT BAMITHA,GRAM PANCHAYAT BAMITHA,1.0,Payment In-Progress,,,,12.0,81134800.0,National Calamity; State Calamity,,,,,,,,,,,,0,Under Implementation,249,0.0,64270223.0,,,,2,600000.0,300000.0,1,1,50.0,0.008032128514056224,0,2,0,False,0,0,False,0,False,0,False,0,0,0,0,0,False,False,0,0.0,0.0,0.0,0.0,0.0,0.0,0.0,0.0,None,No material anomaly signal detected.,90.49,88.15,1,1,48.1,54.29,High,66.3,V41,RUN-20261008-254699,Early-Warning,,False,ALT-V41-0187,HIGH,Pending Verification,Review supporting records
WS/MP446/2026-2027/288625,,,,,,,,,,,,,,,,360000.0,2026-08-25,GRAM PANCHAYAT NAYAGAON,GRAM PANCHAYAT NAYAGAON,1.0,Payment In-Progress,,,,12.0,81134800.0,National Calamity; State Calamity,,,,,,,,,,,,0,Under Implementation,249,0.0,64270223.0,,,,1,360000.0,360000.0,1,1,100.0,0.004016064257028112,0,2,0,False,0,0,False,0,False,0,False,0,0,0,0,0,False,False,0,0.0,0.0,0.0,0.0,0.0,0.0,0.0,0.0,None,No material anomaly signal detected.,87.88,83.11,1,1,48.1,52.73,High,66.3,V41,RUN-20261008-254699,Early-Warning,,False,ALT-V41-0188,HIGH,Pending Verification,Review supporting records
WS/MP446/2026-2027/288626,,,,,,,,,,,,,,,,300000.0,2026-07-30,GRAM PANCHAYAT MAUMASANIYA,GRAM PANCHAYAT MAUMASANIYA,1.0,Payment Success,,,,12.0,81134800.0,National Calamity; State Calamity,,,,,,,,,,,,0,Under Implementation,249,0.0,64270223.0,,,,2,600000.0,300000.0,1,1,50.0,0.008032128514056224,0,2,0,False,0,0,False,0,False,0,False,0,0,0,0,0,False,False,0,0.0,0.0,0.0,0.0,0.0,0.0,0.0,0.0,None,No material anomaly signal detected.,90.49,88.15,1,1,48.1,54.29,High,66.3,V41,RUN-20261008-254699,Early-Warning,,False,ALT-V41-0189,HIGH,Pending Verification,Review supporting records
WS/MP446/2026-2027/288627,,,,,,,,,,,,,,,,300000.0,2026-08-21,GRAM PANCHAYAT BUMHORIPURWA,GRAM PANCHAYAT BUMHORIPURWA,1.0,Payment In-Progress,,,,12.0,81134800.0,National Calamity; State Calamity,,,,,,,,,,,,0,Under Implementation,249,0.0,64270223.0,,,,1,300000.0,300000.0,1,1,100.0,0.004016064257028112,0,2,0,False,0,0,False,0,False,0,False,0,0,0,0,0,False,False,0,0.0,0.0,0.0,0.0,0.0,0.0,0.0,0.0,None,No material anomaly signal detected.,89.62,94.2,1,1,48.1,53.77,High,66.3,V41,RUN-20261008-254699,Early-Warning,,False,ALT-V41-0190,HIGH,Pending Verification,Review supporting records
WS/MP446/2026-2027/288629,,,,,,,,,,,,,,,,360000.0,2026-08-20,GRAM PANCHAYAT PAHADI WAVAN,GRAM PANCHAYAT PAHADI WAVAN,1.0,Payment In-Progress,,,,12.0,81134800.0,National Calamity; State Calamity,,,,,,,,,,,,0,Under Implementation,249,0.0,64270223.0,,,,1,360000.0,360000.0,1,1,100.0,0.004016064257028112,0,2,0,False,0,0,False,0,False,0,False,0,0,0,0,0,False,False,0,0.0,0.0,0.0,0.0,0.0,0.0,0.0,0.0,None,No material anomaly signal detected.,87.88,83.11,1,1,48.1,52.73,High,66.3,V41,RUN-20261008-254699,Early-Warning,,False,ALT-V41-0191,HIGH,Pending Verification,Review supporting records
WS/MP446/2026-2027/288636,,,,,,,,,,,,,,,,300000.0,2026-07-31,GRAM PANCHAYAT GUDHORA,GRAM PANCHAYAT GUDHORA,1.0,Payment Success,,,,12.0,81134800.0,National Calamity; State Calamity,,,,,,,,,,,,0,Under Implementation,249,0.0,64270223.0,,,,1,300000.0,300000.0,1,1,100.0,0.004016064257028112,0,2,0,False,0,0,False,0,False,0,False,0,0,0,0,0,False,False,0,0.0,0.0,0.0,0.0,0.0,0.0,0.0,0.0,None,No material anomaly signal detected.,89.62,94.2,1,1,48.1,53.77,High,66.3,V41,RUN-20261008-254699,Early-Warning,,False,ALT-V41-0192,HIGH,Pending Verification,Review supporting records
WS/MP446/2026-2027/288640,,,,,,,,,,,,,,,,300000.0,2026-08-21,GRAM PANCHAYAT ANDHIYARI BARI,GRAM PANCHAYAT ANDHIYARI BARI,1.0,Payment In-Progress,,,,12.0,81134800.0,National Calamity; State Calamity,,,,,,,,,,,,0,Under Implementation,249,0.0,64270223.0,,,,1,300000.0,300000.0,1,1,100.0,0.004016064257028112,0,2,0,False,0,0,False,0,False,0,False,0,0,0,0,0,False,False,0,0.0,0.0,0.0,0.0,0.0,0.0,0.0,0.0,None,No material anomaly signal detected.,89.62,94.2,1,1,48.1,53.77,High,66.3,V41,RUN-20261008-254699,Early-Warning,,False,ALT-V41-0193,HIGH,Pending Verification,Review supporting records
WS/MP638/2024-2025/152354,,,Madhya Pradesh,TIKAMGARH(DISTRICT COLLECTOR TIKAMGARH_IDA),Virendra Kumar,VIRENDRA KUMAR,TIKAMGARH(SC),Normal/Others,Saansad Utsav Dham,2025-03-30,1200000.0,Sanction,,,,,,,,0.0,,147000000.0,Madhya Pradesh,TIKAMGARH(SC),,,,1200000.0,,,,,0.8163265306122449,,,,,,0,Under Implementation,14,3849039.0,0.0,0.0,259942.0,361.64144309115113,0,0.0,0.0,0,0,,0.0,0,1,0,False,0,0,False,0,False,0,False,0,0,0,0,0,False,True,0,0.0,0.0,0.0,0.0,0.0,0.0,0.0,0.0,None,No material anomaly signal detected.,87.97,83.88,1,1,55.6,52.78,High,71.1,V41,RUN-20261008-254699,Early-Warning,,False,ALT-V41-0194,HIGH,Pending Verification,Review supporting records
WS/MP638/2024-2025/152371,,,Madhya Pradesh,TIKAMGARH(DISTRICT COLLECTOR TIKAMGARH_IDA),Virendra Kumar,VIRENDRA KUMAR,TIKAMGARH(SC),Normal/Others,Saansad Utsav Dham,2025-03-30,1200000.0,Sanction,,,,,,,,0.0,,147000000.0,Madhya Pradesh,TIKAMGARH(SC),,,,1200000.0,,,,,0.8163265306122449,,,,,,0,Under Implementation,14,3849039.0,0.0,0.0,259942.0,361.64144309115113,0,0.0,0.0,0,0,,0.0,0,1,0,False,0,0,False,0,False,0,False,0,0,0,0,0,False,True,0,0.0,0.0,0.0,0.0,0.0,0.0,0.0,0.0,None,No material anomaly signal detected.,87.97,83.88,1,1,55.6,52.78,High,71.1,V41,RUN-20261008-254699,Early-Warning,,False,ALT-V41-0195,HIGH,Pending Verification,Review supporting records
WS/MP638/2024-2025/152372,,,Madhya Pradesh,TIKAMGARH(DISTRICT COLLECTOR TIKAMGARH_IDA),Virendra Kumar,VIRENDRA KUMAR,TIKAMGARH(SC),Normal/Others,Saansad Utsav Dham,2025-03-30,1200000.0,Vendor Identification,,,,,,,,0.0,,147000000.0,Madhya Pradesh,TIKAMGARH(SC),,,,1200000.0,,,,,0.8163265306122449,,,,,,0,Under Implementation,14,3849039.0,0.0,0.0,259942.0,361.64144309115113,0,0.0,0.0,0,0,,0.0,0,1,0,False,0,0,False,0,False,0,False,0,0,0,0,0,False,True,0,0.0,0.0,0.0,0.0,0.0,0.0,0.0,0.0,None,No material anomaly signal detected.,87.97,83.88,1,1,55.6,52.78,High,71.1,V41,RUN-20261008-254699,Early-Warning,,False,ALT-V41-0196,HIGH,Pending Verification,Review supporting records
WS/MP638/2024-2025/152443,,,,,,,,,,,,,,,,1176053.0,2026-08-25,DEEPAK KUMAR SHARMA,DEEPAK KUMAR SHARMA,1.0,Payment In-Progress,,,,12.0,81134800.0,National Calamity; State Calamity,,,,,,,,,,,,0,Under Implementation,249,0.0,64270223.0,,,,3,3528574.0,1176191.3333333333,1,1,33.32941295832254,0.012048192771084338,0,2,0,False,0,0,False,0,False,0,False,0,0,0,0,0,False,False,0,0.0,0.0,0.0,0.0,0.0,0.0,0.0,0.0,None,No material anomaly signal detected.,96.13,89.59,1,1,48.1,57.68,High,66.3,V41,RUN-20261008-254699,Early-Warning,,False,ALT-V41-0197,HIGH,Pending Verification,Review supporting records
WS/MP638/2024-2025/152444,,,,,,,,,,,,,,,,1176251.0,2026-08-25,DEEPAK KUMAR SHARMA,DEEPAK KUMAR SHARMA,1.0,Payment In-Progress,,,,12.0,81134800.0,National Calamity; State Calamity,,,,,,,,,,,,0,Under Implementation,249,0.0,64270223.0,,,,3,3528574.0,1176191.3333333333,1,1,33.3350242902657,0.012048192771084338,0,2,0,False,0,0,False,0,False,0,False,0,0,0,0,0,False,False,0,0.0,0.0,0.0,0.0,0.0,0.0,0.0,0.0,None,No material anomaly signal detected.,96.07,89.55,1,1,48.1,57.64,High,66.3,V41,RUN-20261008-254699,Early-Warning,,False,ALT-V41-0198,HIGH,Pending Verification,Review supporting records
WS/MP638/2024-2025/152450,,,,,,,,,,,,,,,,1176270.0,2026-08-25,DEEPAK KUMAR SHARMA,DEEPAK KUMAR SHARMA,1.0,Payment In-Progress,,,,12.0,81134800.0,National Calamity; State Calamity,,,,,,,,,,,,0,Under Implementation,249,0.0,64270223.0,,,,3,3528574.0,1176191.3333333333,1,1,33.335562751411764,0.012048192771084338,0,2,0,False,0,0,False,0,False,0,False,0,0,0,0,0,False,False,0,0.0,0.0,0.0,0.0,0.0,0.0,0.0,0.0,None,No material anomaly signal detected.,96.05,89.5,1,1,48.1,57.63,High,66.3,V41,RUN-20261008-254699,Early-Warning,,False,ALT-V41-0199,HIGH,Pending Verification,Review supporting records
WS/MP638/2025-2026/235577,,,,,,,,,,,,,,,,103817.0,2026-07-25,gram panchayat sijora,GRAM PANCHAYAT SIJORA,1.0,Payment In-Progress,,,,12.0,81134800.0,National Calamity; State Calamity,,,,,,,,,,,,0,Under Implementation,249,0.0,64270223.0,,,,1,103817.0,103817.0,1,1,100.0,0.004016064257028112,0,2,0,False,0,0,False,0,False,0,False,0,0,0,0,0,False,False,0,0.0,0.0,0.0,0.0,0.0,0.0,0.0,0.0,None,No material anomaly signal detected.,85.11,78.79,1,1,48.1,51.07,High,66.3,V41,RUN-20261008-254699,Early-Warning,,False,ALT-V41-0200,HIGH,Pending Verification,Review supporting records
WS/MP638/2026-2027/235940,,,,,,,,,,,,,,,,103819.0,2026-07-11,GRAM PANCHAYAT TILA,GRAM PANCHAYAT TILA,1.0,Payment In-Progress,,,,12.0,81134800.0,National Calamity; State Calamity,,,,,,,,,,,,0,Under Implementation,249,0.0,64270223.0,,,,1,103819.0,103819.0,1,1,100.0,0.004016064257028112,0,2,0,False,0,0,False,0,False,0,False,0,0,0,0,0,False,False,0,0.0,0.0,0.0,0.0,0.0,0.0,0.0,0.0,None,No material anomaly signal detected.,85.12,78.83,1,1,48.1,51.07,High,66.3,V41,RUN-20261008-254699,Early-Warning,,False,ALT-V41-0201,HIGH,Pending Verification,Review supporting records
WS/MP638/2026-2027/236221,,,,,,,,,,,,,,,,124582.0,2026-08-20,GRAM PANCHAYAT SARSED,GRAM PANCHAYAT SARSED,1.0,Payment In-Progress,,,,12.0,81134800.0,National Calamity; State Calamity,,,,,,,,,,,,0,Under Implementation,249,0.0,64270223.0,,,,1,124582.0,124582.0,1,1,100.0,0.004016064257028112,0,2,0,False,0,0,False,0,False,0,False,0,0,0,0,0,False,False,0,0.0,0.0,0.0,0.0,0.0,0.0,0.0,0.0,None,No material anomaly signal detected.,84.74,77.46,1,1,48.1,50.84,High,66.3,V41,RUN-20261008-254699,Early-Warning,,False,ALT-V41-0202,HIGH,Pending Verification,Review supporting records
WS/MP638/2026-2027/236542,,,,,,,,,,,,,,,,240000.0,2026-08-11,GRAM PANCHAYAT BUDOUR,GRAM PANCHAYAT BUDOUR,1.0,Payment Success,,,,12.0,81134800.0,National Calamity; State Calamity,,,,,,,,,,,,0,Under Implementation,249,0.0,64270223.0,,,,1,240000.0,240000.0,1,1,100.0,0.004016064257028112,0,2,0,False,0,0,False,0,False,0,False,0,0,0,0,0,False,False,0,0.0,0.0,0.0,0.0,0.0,0.0,0.0,0.0,None,No material anomaly signal detected.,88.08,94.64,1,1,48.1,52.85,High,66.3,V41,RUN-20261008-254699,Early-Warning,,False,ALT-V41-0203,HIGH,Pending Verification,Review supporting records
WS/MP638/2026-2027/259975,,,,,,,,,,,,,,,,180000.0,2026-07-14,GRAM PANCHAYAT DAURIYA,GRAM PANCHAYAT DAURIYA,1.0,Payment Success,,,,12.0,81134800.0,National Calamity; State Calamity,,,,,,,,,,,,0,Under Implementation,249,0.0,64270223.0,,,,1,180000.0,180000.0,1,1,100.0,0.004016064257028112,0,2,0,False,0,0,False,0,False,0,False,0,0,0,0,0,False,False,0,0.0,0.0,0.0,0.0,0.0,0.0,0.0,0.0,None,No material anomaly signal detected.,87.25,86.76,1,1,48.1,52.35,High,66.3,V41,RUN-20261008-254699,Early-Warning,,False,ALT-V41-0204,HIGH,Pending Verification,Review supporting records
WS/MP638/2026-2027/260001,,,,,,,,,,,,,,,,200000.0,2026-08-19,Gram Panchayat Kanera,GRAM PANCHAYAT KANERA,1.0,Payment In-Progress,,,,12.0,81134800.0,National Calamity; State Calamity,,,,,,,,,,,,0,Under Implementation,249,0.0,64270223.0,,,,1,200000.0,200000.0,1,1,100.0,0.004016064257028112,0,2,0,False,0,0,False,0,False,0,False,0,0,0,0,0,False,False,0,0.0,0.0,0.0,0.0,0.0,0.0,0.0,0.0,None,No material anomaly signal detected.,87.61,91.01,1,1,48.1,52.57,High,66.3,V41,RUN-20261008-254699,Early-Warning,,False,ALT-V41-0205,HIGH,Pending Verification,Review supporting records
WS/MP638/2026-2027/294139,,,,,,,,,,,,,,,,180000.0,2026-08-21,GRAM PANCHAYAT BANDNI,GRAM PANCHAYAT BANDNI,1.0,Payment In-Progress,,,,12.0,81134800.0,National Calamity; State Calamity,,,,,,,,,,,,0,Under Implementation,249,0.0,64270223.0,,,,1,180000.0,180000.0,1,1,100.0,0.004016064257028112,0,2,0,False,0,0,False,0,False,0,False,0,0,0,0,0,False,False,0,0.0,0.0,0.0,0.0,0.0,0.0,0.0,0.0,None,No material anomaly signal detected.,87.25,86.76,1,1,48.1,52.35,High,66.3,V41,RUN-20261008-254699,Early-Warning,,False,ALT-V41-0206,HIGH,Pending Verification,Review supporting records
WS/MP640/2026-2027/270690,,,,,,,,,,,,,,,,100000.0,2026-07-27,gram panchayat noni,GRAM PANCHAYAT NONI,1.0,Payment Success,,,,12.0,81134800.0,National Calamity; State Calamity,,,,,,,,,,,,0,Under Implementation,249,0.0,64270223.0,,,,1,100000.0,100000.0,1,1,100.0,0.004016064257028112,0,2,0,False,0,0,False,0,False,0,False,0,0,0,0,0,False,False,0,0.0,0.0,0.0,0.0,0.0,0.0,0.0,0.0,None,No material anomaly signal detected.,85.36,80.29,1,1,48.1,51.22,High,66.3,V41,RUN-20261008-254699,Early-Warning,,False,ALT-V41-0207,HIGH,Pending Verification,Review supporting records
WS/MP640/2026-2027/270699,,,,,,,,,,,,,,,,100000.0,2026-07-27,gram panchayat khamariya,GRAM PANCHAYAT KHAMARIYA,1.0,Payment Success,,,,12.0,81134800.0,National Calamity; State Calamity,,,,,,,,,,,,0,Under Implementation,249,0.0,64270223.0,,,,1,100000.0,100000.0,1,1,100.0,0.004016064257028112,0,2,0,False,0,0,False,0,False,0,False,0,0,0,0,0,False,False,0,0.0,0.0,0.0,0.0,0.0,0.0,0.0,0.0,None,No material anomaly signal detected.,85.36,80.29,1,1,48.1,51.22,High,66.3,V41,RUN-20261008-254699,Early-Warning,,False,ALT-V41-0208,HIGH,Pending Verification,Review supporting records
WS/MP640/2026-2027/270768,,,,,,,,,,,,,,,,100000.0,2026-08-04,gram panchayat katkuhi,GRAM PANCHAYAT KATKUHI,1.0,Payment Success,,,,12.0,81134800.0,National Calamity; State Calamity,,,,,,,,,,,,0,Under Implementation,249,0.0,64270223.0,,,,1,100000.0,100000.0,1,1,100.0,0.004016064257028112,0,2,0,False,0,0,False,0,False,0,False,0,0,0,0,0,False,False,0,0.0,0.0,0.0,0.0,0.0,0.0,0.0,0.0,None,No material anomaly signal detected.,85.36,80.29,1,1,48.1,51.22,High,66.3,V41,RUN-20261008-254699,Early-Warning,,False,ALT-V41-0209,HIGH,Pending Verification,Review supporting records
WS/MP640/2026-2027/270992,,,,,,,,,,,,,,,,300000.0,2026-07-03,GRAM PANCHAYAT INDRI MAWAI,GRAM PANCHAYAT INDRI MAWAI,1.0,Payment Success,,,,12.0,81134800.0,National Calamity; State Calamity,,,,,,,,,,,,0,Under Implementation,249,0.0,64270223.0,,,,1,300000.0,300000.0,1,1,100.0,0.004016064257028112,0,2,0,False,0,0,False,0,False,0,False,0,0,0,0,0,False,False,0,0.0,0.0,0.0,0.0,0.0,0.0,0.0,0.0,None,No material anomaly signal detected.,89.62,94.2,1,1,48.1,53.77,High,66.3,V41,RUN-20261008-254699,Early-Warning,,False,ALT-V41-0210,HIGH,Pending Verification,Review supporting records
WS/MP640/2026-2027/271113,,,,,,,,,,,,,,,,300000.0,2026-07-03,GRAM PANCHAYAT JHIRIYA,GRAM PANCHAYAT JHIRIYA,1.0,Payment Success,,,,12.0,81134800.0,National Calamity; State Calamity,,,,,,,,,,,,0,Under Implementation,249,0.0,64270223.0,,,,1,300000.0,300000.0,1,1,100.0,0.004016064257028112,0,2,0,False,0,0,False,0,False,0,False,0,0,0,0,0,False,False,0,0.0,0.0,0.0,0.0,0.0,0.0,0.0,0.0,None,No material anomaly signal detected.,89.62,94.2,1,1,48.1,53.77,High,66.3,V41,RUN-20261008-254699,Early-Warning,,False,ALT-V41-0211,HIGH,Pending Verification,Review supporting records
WS/MP640/2026-2027/271122,,,,,,,,,,,,,,,,300000.0,2026-08-12,GRAM PANCHAYAT SINGARPUR,GRAM PANCHAYAT SINGARPUR,1.0,Payment Success,,,,12.0,81134800.0,National Calamity; State Calamity,,,,,,,,,,,,0,Under Implementation,249,0.0,64270223.0,,,,1,300000.0,300000.0,1,1,100.0,0.004016064257028112,0,2,0,False,0,0,False,0,False,0,False,0,0,0,0,0,False,False,0,0.0,0.0,0.0,0.0,0.0,0.0,0.0,0.0,None,No material anomaly signal detected.,89.62,94.2,1,1,48.1,53.77,High,66.3,V41,RUN-20261008-254699,Early-Warning,,False,ALT-V41-0212,HIGH,Pending Verification,Review supporting records
WS/MP640/2026-2027/271123,,,,,,,,,,,,,,,,300000.0,2026-07-03,GRAM PANCHAYAT BARKHEDA,GRAM PANCHAYAT BARKHEDA,1.0,Payment Success,,,,12.0,81134800.0,National Calamity; State Calamity,,,,,,,,,,,,0,Under Implementation,249,0.0,64270223.0,,,,1,300000.0,300000.0,1,1,100.0,0.004016064257028112,0,2,0,False,0,0,False,0,False,0,False,0,0,0,0,0,False,False,0,0.0,0.0,0.0,0.0,0.0,0.0,0.0,0.0,None,No material anomaly signal detected.,89.62,94.2,1,1,48.1,53.77,High,66.3,V41,RUN-20261008-254699,Early-Warning,,False,ALT-V41-0213,HIGH,Pending Verification,Review supporting records
WS/MP640/2026-2027/271458,,,,,,,,,,,,,,,,375000.0,2026-07-09,GRAM PANCHAYAT DHANOURA,GRAM PANCHAYAT DHANOURA,1.0,Payment Success,,,,12.0,81134800.0,National Calamity; State Calamity,,,,,,,,,,,,0,Under Implementation,249,0.0,64270223.0,,,,1,375000.0,375000.0,1,1,100.0,0.004016064257028112,0,2,0,False,0,0,False,0,False,0,False,0,0,0,0,0,False,False,0,0.0,0.0,0.0,0.0,0.0,0.0,0.0,0.0,None,No material anomaly signal detected.,88.94,85.74,1,1,48.1,53.36,High,66.3,V41,RUN-20261008-254699,Early-Warning,,False,ALT-V41-0214,HIGH,Pending Verification,Review supporting records
WS/MP640/2026-2027/273061,,,,,,,,,,,,,,,,150000.0,2026-07-08,GRAM PANCHAYAT CHHUI,GRAM PANCHAYAT CHHUI,1.0,Payment Success,,,,12.0,81134800.0,National Calamity; State Calamity,,,,,,,,,,,,0,Under Implementation,249,0.0,64270223.0,,,,1,150000.0,150000.0,1,1,100.0,0.004016064257028112,0,2,0,False,0,0,False,0,False,0,False,0,0,0,0,0,False,False,0,0.0,0.0,0.0,0.0,0.0,0.0,0.0,0.0,None,No material anomaly signal detected.,86.88,85.39,1,1,48.1,52.13,High,66.3,V41,RUN-20261008-254699,Early-Warning,,False,ALT-V41-0215,HIGH,Pending Verification,Review supporting records
WS/MP640/2026-2027/274765,,,,,,,,,,,,,,,,300000.0,2026-08-14,GRAM PANCHAYAT NARENDRAGARH,GRAM PANCHAYAT NARENDRAGARH,1.0,Payment Success,,,,12.0,81134800.0,National Calamity; State Calamity,,,,,,,,,,,,0,Under Implementation,249,0.0,64270223.0,,,,1,300000.0,300000.0,1,1,100.0,0.004016064257028112,0,2,0,False,0,0,False,0,False,0,False,0,0,0,0,0,False,False,0,0.0,0.0,0.0,0.0,0.0,0.0,0.0,0.0,None,No material anomaly signal detected.,89.62,94.2,1,1,48.1,53.77,High,66.3,V41,RUN-20261008-254699,Early-Warning,,False,ALT-V41-0216,HIGH,Pending Verification,Review supporting records
WS/MP641/2024-2025/133904,2024-07-22,1000000.0,Madhya Pradesh,Khargone (West Nimar)(DISTRICT COLLECTOR KHARGONE_IDA),Gajendra Singh Patel,GAJENDRA SINGH PATEL,KHARGONE(ST),Normal/Others,Construction of flood control embankments in village Makadkheda (Narmada River),2025-01-21,1000000.0,Vendor Identification,,,,,,,,0.0,,147000000.0,Madhya Pradesh,KHARGONE(ST),,,,1000000.0,,,,,0.6802721088435374,,183.0,,,,0,Under Implementation,127,38671465.0,0.0,0.0,259942.0,284.70120257595926,0,0.0,0.0,0,0,,0.0,0,2,0,False,0,0,False,0,False,0,False,0,0,0,0,0,False,True,0,0.0,0.0,0.0,0.0,0.0,0.0,0.0,0.0,None,No material anomaly signal detected.,90.55,87.16,1,1,63.0,54.33,High,76.0,V41,RUN-20261008-254699,Early-Warning,,False,ALT-V41-0217,HIGH,Pending Verification,Review supporting records
WS/MP641/2024-2025/133906,2024-07-22,500000.0,Madhya Pradesh,Khargone (West Nimar)(DISTRICT COLLECTOR KHARGONE_IDA),Gajendra Singh Patel,GAJENDRA SINGH PATEL,KHARGONE(ST),Normal/Others,Construction of community hall in village Oon Bujurga at behind Bholaram farm,2025-01-05,500000.0,Work partially Completed,,,,,,,,0.0,,147000000.0,Madhya Pradesh,KHARGONE(ST),,,,500000.0,,,,,0.3401360544217687,,167.0,,,,1,Completed,127,38671465.0,0.0,0.0,259942.0,92.35060128797963,0,0.0,0.0,0,0,,0.0,0,2,0,False,0,0,False,0,False,0,False,0,0,0,0,0,False,True,0,0.0,0.0,0.0,0.0,0.0,0.0,0.0,0.0,None,No material anomaly signal detected.,86.95,99.56,1,1,63.0,52.17,High,76.0,V41,RUN-20261008-254699,Audit,,False,ALT-V41-0218,HIGH,Pending Verification,Review supporting records
WS/MP641/2024-2025/133912,2024-07-22,1000000.0,Madhya Pradesh,BARWANI(DISTRICT COLLECTOR BADWANI_IDA),Gajendra Singh Patel,GAJENDRA SINGH PATEL,KHARGONE(ST),Normal/Others,Construction of community hall in village Bakwadi at near Damodar sahu farm,2024-10-22,1000000.0,Vendor Identification,,,,,,,,0.0,,147000000.0,Madhya Pradesh,KHARGONE(ST),,,,1000000.0,,,,,0.6802721088435374,,92.0,,,,0,Under Implementation,127,38671465.0,0.0,0.0,259942.0,284.70120257595926,0,0.0,0.0,0,0,,0.0,0,2,0,False,0,0,False,0,False,0,False,0,0,0,0,0,False,True,0,0.0,0.0,0.0,0.0,0.0,0.0,0.0,0.0,None,No material anomaly signal detected.,86.55,77.11,1,1,63.0,51.93,High,76.0,V41,RUN-20261008-254699,Early-Warning,,False,ALT-V41-0219,HIGH,Pending Verification,Review supporting records
WS/MP641/2024-2025/133913,2024-07-22,500000.0,Madhya Pradesh,BARWANI(DISTRICT COLLECTOR BADWANI_IDA),Gajendra Singh Patel,GAJENDRA SINGH PATEL,KHARGONE(ST),Normal/Others,Construction of common work shed in village Barda at near ShriRam Mandir,2025-03-27,500000.0,Vendor Identification,,,,,,,,0.0,,147000000.0,Madhya Pradesh,KHARGONE(ST),,,,500000.0,,,,,0.3401360544217687,,248.0,,,,0,Under Implementation,127,38671465.0,0.0,0.0,259942.0,92.35060128797963,0,0.0,0.0,0,0,,0.0,0,2,0,False,0,0,False,0,False,0,False,0,0,0,0,0,False,True,0,0.0,0.0,0.0,0.0,0.0,0.0,0.0,0.0,None,No material anomaly signal detected.,89.66,99.45,1,1,63.0,53.8,High,76.0,V41,RUN-20261008-254699,Early-Warning,,False,ALT-V41-0220,HIGH,Pending Verification,Review supporting records
WS/MP641/2024-2025/137260,2024-08-27,2000000.0,Madhya Pradesh,Khargone (West Nimar)(DISTRICT COLLECTOR KHARGONE_IDA),Gajendra Singh Patel,GAJENDRA SINGH PATEL,KHARGONE(ST),Normal/Others,Construction of community hall in village Dabriya at Janjati Mohalla,2024-11-28,2000000.0,Work partially Completed,,,,,,,,0.0,,147000000.0,Madhya Pradesh,KHARGONE(ST),,,,2000000.0,,,,,1.3605442176870748,,93.0,,,,1,Completed,127,38671465.0,0.0,0.0,259942.0,669.4024051519185,0,0.0,0.0,0,0,,0.0,0,2,0,False,0,0,False,0,False,0,False,0,0,0,0,0,False,True,0,0.0,0.0,0.0,0.0,0.0,0.0,0.0,0.0,None,No material anomaly signal detected.,91.94,80.6,1,1,63.0,55.16,High,76.0,V41,RUN-20261008-254699,Audit,,False,ALT-V41-0221,HIGH,Pending Verification,Review supporting records
WS/MP641/2024-2025/137262,2024-08-27,500000.0,Madhya Pradesh,Khargone (West Nimar)(DISTRICT COLLECTOR KHARGONE_IDA),Gajendra Singh Patel,GAJENDRA SINGH PATEL,KHARGONE(ST),Normal/Others,Construction of hall in village Machalpur Khurd at Ahir Mohalla,2024-12-20,500000.0,Vendor Identification,,,,,,,,0.0,,147000000.0,Madhya Pradesh,KHARGONE(ST),,,,500000.0,,,,,0.3401360544217687,,115.0,,,,0,Under Implementation,127,38671465.0,0.0,0.0,259942.0,92.35060128797963,0,0.0,0.0,0,0,,0.0,0,2,0,False,0,0,False,0,False,0,False,0,0,0,0,0,False,True,0,0.0,0.0,0.0,0.0,0.0,0.0,0.0,0.0,None,No material anomaly signal detected.,84.38,94.77,1,1,63.0,50.63,High,76.0,V41,RUN-20261008-254699,Early-Warning,,False,ALT-V41-0222,HIGH,Pending Verification,Review supporting records
WS/MP641/2024-2025/143280,2024-09-24,2000000.0,Madhya Pradesh,Khargone (West Nimar)(DISTRICT COLLECTOR KHARGONE_IDA),Gajendra Singh Patel,GAJENDRA SINGH PATEL,KHARGONE(ST),Normal/Others,Setting up of farmers’ training and assistance center in village Jalud at near Madhwashram Gaushala,2024-09-27,2000000.0,Work Completed,2025-02-20,2000000.0,Completed,,,,,0.0,,147000000.0,Madhya Pradesh,KHARGONE(ST),,,,2000000.0,,,,,1.3605442176870748,,3.0,,149.0,-219.0,1,Completed,127,38671465.0,0.0,0.0,259942.0,669.4024051519185,0,0.0,0.0,0,0,,0.0,0,3,0,False,0,0,False,0,False,0,False,0,0,0,0,0,False,True,0,0.0,0.0,0.0,0.0,0.0,0.0,0.0,0.0,None,No material anomaly signal detected.,93.58,82.55,1,1,66.7,56.15,High,78.4,V41,RUN-20261008-254699,Audit,,False,ALT-V41-0223,HIGH,Pending Verification,Review supporting records
WS/MP641/2024-2025/143281,2024-09-24,1500000.0,Madhya Pradesh,Khargone (West Nimar)(DISTRICT COLLECTOR KHARGONE_IDA),Gajendra Singh Patel,GAJENDRA SINGH PATEL,KHARGONE(ST),Normal/Others,Setting up of farmers’ training and assistance center in village Jalud at near Gaushala,2024-09-27,1500000.0,Work Completed,2025-05-16,1500000.0,Completed,,,,,0.0,,147000000.0,Madhya Pradesh,KHARGONE(ST),,,,1500000.0,,,,,1.0204081632653061,,3.0,,234.0,-134.0,1,Completed,127,38671465.0,0.0,0.0,259942.0,477.05180386393886,0,0.0,0.0,0,0,,0.0,0,3,0,False,0,0,False,0,False,0,False,0,0,0,0,0,False,True,0,0.0,0.0,0.0,0.0,0.0,0.0,0.0,0.0,None,No material anomaly signal detected.,92.85,80.74,1,1,66.7,55.71,High,78.4,V41,RUN-20261008-254699,Audit,,False,ALT-V41-0224,HIGH,Pending Verification,Review supporting records
WS/MP641/2024-2025/147436,,,Madhya Pradesh,Khargone (West Nimar)(DISTRICT COLLECTOR KHARGONE_IDA),Gajendra Singh Patel,GAJENDRA SINGH PATEL,KHARGONE(ST),Normal/Others,Construction of community hall in village Piprata at Kushwaha Mohalla,2024-12-20,1000000.0,Work Completed,2026-01-21,1000000.0,Completed,,,,,0.0,,147000000.0,Madhya Pradesh,KHARGONE(ST),,,,1000000.0,,,,,0.6802721088435374,,,,,32.0,1,Completed,127,38671465.0,0.0,0.0,259942.0,284.70120257595926,0,0.0,0.0,0,0,,0.0,0,2,0,False,0,0,False,0,False,0,False,0,0,0,0,0,False,True,0,0.0,0.0,0.0,0.0,0.0,0.0,0.0,0.0,None,No material anomaly signal detected.,83.67,81.62,1,1,55.6,50.2,High,71.1,V41,RUN-20261008-254699,Audit,,False,ALT-V41-0225,HIGH,Pending Verification,Review supporting records
WS/MP641/2024-2025/147438,,,Madhya Pradesh,Khargone (West Nimar)(DISTRICT COLLECTOR KHARGONE_IDA),Gajendra Singh Patel,GAJENDRA SINGH PATEL,KHARGONE(ST),Normal/Others,Construction of community hall in village Nandgaon at Gurjar Mohalla,2025-01-05,1000000.0,Work Completed,2026-02-05,1000000.0,Completed,,,,,0.0,,147000000.0,Madhya Pradesh,KHARGONE(ST),,,,1000000.0,,,,,0.6802721088435374,,,,,31.0,1,Completed,127,38671465.0,0.0,0.0,259942.0,284.70120257595926,0,0.0,0.0,0,0,,0.0,0,2,0,False,0,0,False,0,False,0,False,0,0,0,0,0,False,True,0,0.0,0.0,0.0,0.0,0.0,0.0,0.0,0.0,None,No material anomaly signal detected.,83.67,81.62,1,1,55.6,50.2,High,71.1,V41,RUN-20261008-254699,Audit,,False,ALT-V41-0226,HIGH,Pending Verification,Review supporting records
WS/MP641/2024-2025/147442,,,Madhya Pradesh,Khargone (West Nimar)(DISTRICT COLLECTOR KHARGONE_IDA),Gajendra Singh Patel,GAJENDRA SINGH PATEL,KHARGONE(ST),Normal/Others,Construction of community hall in village Rampura (Narayanpura),2024-12-20,1000000.0,Vendor Identification,,,,,,,,0.0,,147000000.0,Madhya Pradesh,KHARGONE(ST),,,,1000000.0,,,,,0.6802721088435374,,,,,,0,Under Implementation,127,38671465.0,0.0,0.0,259942.0,284.70120257595926,0,0.0,0.0,0,0,,0.0,0,1,0,False,0,0,False,0,False,0,False,0,0,0,0,0,False,True,0,0.0,0.0,0.0,0.0,0.0,0.0,0.0,0.0,None,No material anomaly signal detected.,83.67,81.62,1,1,55.6,50.2,High,71.1,V41,RUN-20261008-254699,Early-Warning,,False,ALT-V41-0227,HIGH,Pending Verification,Review supporting records
WS/MP641/2024-2025/147444,,,Madhya Pradesh,Khargone (West Nimar)(DISTRICT COLLECTOR KHARGONE_IDA),Gajendra Singh Patel,GAJENDRA SINGH PATEL,KHARGONE(ST),Normal/Others,Construction of community hall in village Dasanga at Patidar Mohalla,2025-02-08,1000000.0,Work Completed,2026-04-24,1000000.0,Completed,,,,,0.0,,147000000.0,Madhya Pradesh,KHARGONE(ST),,,,1000000.0,,,,,0.6802721088435374,,,,,75.0,1,Completed,127,38671465.0,0.0,0.0,259942.0,284.70120257595926,0,0.0,0.0,0,0,,0.0,0,2,0,False,0,0,False,0,False,0,False,0,0,0,0,0,False,True,0,0.0,0.0,0.0,0.0,0.0,0.0,0.0,0.0,None,No material anomaly signal detected.,83.67,81.62,1,1,55.6,50.2,High,71.1,V41,RUN-20261008-254699,Audit,,False,ALT-V41-0228,HIGH,Pending Verification,Review supporting records
WS/MP641/2024-2025/147659,,,Madhya Pradesh,Khargone (West Nimar)(DISTRICT COLLECTOR KHARGONE_IDA),Gajendra Singh Patel,GAJENDRA SINGH PATEL,KHARGONE(ST),Normal/Others,Construction of common work shed in village Choli at Near Radha Bihari Gaushala,2024-11-28,1000000.0,Work Completed,2025-09-17,1000000.0,Completed,,,,,0.0,,147000000.0,Madhya Pradesh,KHARGONE(ST),,,,1000000.0,,,,,0.6802721088435374,,,,,-72.0,1,Completed,127,38671465.0,0.0,0.0,259942.0,284.70120257595926,0,0.0,0.0,0,0,,0.0,0,2,0,False,0,0,False,0,False,0,False,0,0,0,0,0,False,True,0,0.0,0.0,0.0,0.0,0.0,0.0,0.0,0.0,None,No material anomaly signal detected.,83.67,81.62,1,1,55.6,50.2,High,71.1,V41,RUN-20261008-254699,Audit,,False,ALT-V41-0229,HIGH,Pending Verification,Review supporting records
WS/MP641/2024-2025/147668,,,Madhya Pradesh,BARWANI(DISTRICT COLLECTOR BADWANI_IDA),Gajendra Singh Patel,GAJENDRA SINGH PATEL,KHARGONE(ST),Normal/Others,Construction of community hall in ward no 23 Mahavir ward at near Ramkulleshwar Mandir,2025-01-30,1000000.0,Vendor Identification,,,,,,,,0.0,,147000000.0,Madhya Pradesh,KHARGONE(ST),,,,1000000.0,,,,,0.6802721088435374,,,,,,0,Under Implementation,127,38671465.0,0.0,0.0,259942.0,284.70120257595926,0,0.0,0.0,0,0,,0.0,0,1,0,False,0,0,False,0,False,0,False,0,0,0,0,0,False,True,0,0.0,0.0,0.0,0.0,0.0,0.0,0.0,0.0,None,No material anomaly signal detected.,83.67,81.62,1,1,55.6,50.2,High,71.1,V41,RUN-20261008-254699,Early-Warning,,False,ALT-V41-0230,HIGH,Pending Verification,Review supporting records
WS/MP641/2024-2025/147737,,,Madhya Pradesh,BARWANI(DISTRICT COLLECTOR BADWANI_IDA),Gajendra Singh Patel,GAJENDRA SINGH PATEL,KHARGONE(ST),Normal/Others,Construction of community hall in village Pati at near chausath jagni mata mandir,2025-03-27,1100000.0,Vendor Identification,,,,,,,,0.0,,147000000.0,Madhya Pradesh,KHARGONE(ST),,,,1100000.0,,,,,0.7482993197278911,,,,,,0,Under Implementation,127,38671465.0,0.0,0.0,259942.0,323.17132283355517,0,0.0,0.0,0,0,,0.0,0,1,0,False,0,0,False,0,False,0,False,0,0,0,0,0,False,True,0,0.0,0.0,0.0,0.0,0.0,0.0,0.0,0.0,None,No material anomaly signal detected.,87.26,84.23,1,1,55.6,52.36,High,71.1,V41,RUN-20261008-254699,Early-Warning,,False,ALT-V41-0231,HIGH,Pending Verification,Review supporting records
WS/MP641/2025-2026/133920,2024-07-22,500000.0,Madhya Pradesh,BARWANI(DISTRICT COLLECTOR BADWANI_IDA),Gajendra Singh Patel,GAJENDRA SINGH PATEL,KHARGONE(ST),Normal/Others,Construction of community hall in Anjad at ward no 01 Dashahara Maidan Kshtriya Rathod Dharmshala,2025-05-12,500000.0,Vendor Identification,,,,,,,,0.0,,147000000.0,Madhya Pradesh,KHARGONE(ST),,,,500000.0,,,,,0.3401360544217687,,294.0,,,,0,Under Implementation,127,38671465.0,0.0,0.0,259942.0,92.35060128797963,0,0.0,0.0,0,0,,0.0,0,2,0,False,0,0,False,0,False,0,False,0,0,0,0,0,False,True,0,0.0,0.0,0.0,0.0,0.0,0.0,0.0,0.0,None,No material anomaly signal detected.,89.66,99.45,1,1,63.0,53.8,High,76.0,V41,RUN-20261008-254699,Early-Warning,,False,ALT-V41-0232,HIGH,Pending Verification,Review supporting records
WS/MP641/2025-2026/133921,2024-07-22,500000.0,Madhya Pradesh,BARWANI(DISTRICT COLLECTOR BADWANI_IDA),Gajendra Singh Patel,GAJENDRA SINGH PATEL,KHARGONE(ST),Normal/Others,Construction of community hall in Palsud at ward no 04 Sai Mandir Road behind Rameshwar gole house,2025-05-05,500000.0,Vendor Identification,,,,,,,,0.0,,147000000.0,Madhya Pradesh,KHARGONE(ST),,,,500000.0,,,,,0.3401360544217687,,287.0,,,,0,Under Implementation,127,38671465.0,0.0,0.0,259942.0,92.35060128797963,0,0.0,0.0,0,0,,0.0,0,2,0,False,0,0,False,0,False,0,False,0,0,0,0,0,False,True,0,0.0,0.0,0.0,0.0,0.0,0.0,0.0,0.0,None,No material anomaly signal detected.,89.66,99.45,1,1,63.0,53.8,High,76.0,V41,RUN-20261008-254699,Early-Warning,,False,ALT-V41-0233,HIGH,Pending Verification,Review supporting records
WS/MP641/2025-2026/137257,2024-08-27,500000.0,Madhya Pradesh,BARWANI(DISTRICT COLLECTOR BADWANI_IDA),Gajendra Singh Patel,GAJENDRA SINGH PATEL,KHARGONE(ST),Normal/Others,Construction of road in ward 22 at Chunabhatti from police line to main road,2025-06-06,500000.0,Vendor Identification,,,,,,,,0.0,,147000000.0,Madhya Pradesh,KHARGONE(ST),,,,500000.0,,,,,0.3401360544217687,,283.0,,,,0,Under Implementation,127,38671465.0,0.0,0.0,259942.0,92.35060128797963,0,0.0,0.0,0,0,,0.0,0,2,0,False,0,0,False,0,False,0,False,0,0,0,0,0,False,True,0,0.0,0.0,0.0,0.0,0.0,0.0,0.0,0.0,None,No material anomaly signal detected.,89.66,99.45,1,1,63.0,53.8,High,76.0,V41,RUN-20261008-254699,Early-Warning,,False,ALT-V41-0234,HIGH,Pending Verification,Review supporting records
WS/MP641/2025-2026/147756,,,Madhya Pradesh,BARWANI(DISTRICT COLLECTOR BADWANI_IDA),Gajendra Singh Patel,GAJENDRA SINGH PATEL,KHARGONE(ST),Normal/Others,Construction of community hall in village Taloon Bu at Near Tejaji Maharaj Bhandara sthal,2025-04-12,1000000.0,Work partially Completed,,,,,,,,0.0,,147000000.0,Madhya Pradesh,KHARGONE(ST),,,,1000000.0,,,,,0.6802721088435374,,,,,,1,Completed,127,38671465.0,0.0,0.0,259942.0,284.70120257595926,0,0.0,0.0,0,0,,0.0,0,1,0,False,0,0,False,0,False,0,False,0,0,0,0,0,False,True,0,0.0,0.0,0.0,0.0,0.0,0.0,0.0,0.0,None,No material anomaly signal detected.,83.67,81.62,1,1,55.6,50.2,High,71.1,V41,RUN-20261008-254699,Audit,,False,ALT-V41-0235,HIGH,Pending Verification,Review supporting records
WS/MP641/2026-2027/258152,,,,,,,,,,,,,,,,150000.0,2026-04-24,cmobistan,CMOBISTAN,1.0,Payment In-Progress,,,,12.0,81134800.0,National Calamity; State Calamity,,,,,,,,,,,,0,Under Implementation,249,0.0,64270223.0,,,,1,150000.0,150000.0,1,1,100.0,0.004016064257028112,0,2,0,False,0,0,False,0,False,0,False,0,0,0,0,0,False,False,0,0.0,0.0,0.0,0.0,0.0,0.0,0.0,0.0,None,No material anomaly signal detected.,86.88,85.39,1,1,48.1,52.13,High,66.3,V41,RUN-20261008-254699,Early-Warning,,False,ALT-V41-0236,HIGH,Pending Verification,Review supporting records
WS/MP642/2025-2026/196576,,,,,,,,,,,,,,,,251896.0,2026-08-27,ARVIND SINGH SATNA,ARVIND SINGH SATNA,1.0,Payment In-Progress,,,,12.0,81134800.0,National Calamity; State Calamity,,,,,,,,,,,,0,Under Implementation,249,0.0,64270223.0,,,,16,3370745.0,210671.5625,1,1,7.473006709199302,0.0642570281124498,0,2,0,False,0,0,False,1,True,0,False,0,0,0,0,0,False,False,1,0.0,0.0,0.0,1.0,0.0,0.0,0.0,14.0,Suspicious Vendor,vendor has high project concentration,93.63,89.68,1,1,48.1,61.78,High,66.3,V41,RUN-20261008-254699,Early-Warning,,False,ALT-V41-0237,HIGH,Pending Verification,Review supporting records
WS/MP642/2025-2026/196579,,,,,,,,,,,,,,,,186922.0,2026-08-27,ARVIND SINGH SATNA,ARVIND SINGH SATNA,1.0,Payment In-Progress,,,,12.0,81134800.0,National Calamity; State Calamity,,,,,,,,,,,,0,Under Implementation,249,0.0,64270223.0,,,,16,3370745.0,210671.5625,1,1,5.545420967768253,0.0642570281124498,0,2,0,False,0,0,False,1,True,0,False,0,0,0,0,0,False,False,1,0.0,0.0,0.0,1.0,0.0,0.0,0.0,14.0,Suspicious Vendor,vendor has high project concentration,93.37,90.26,1,1,48.1,61.62,High,66.3,V41,RUN-20261008-254699,Early-Warning,,False,ALT-V41-0238,HIGH,Pending Verification,Review supporting records
WS/MP642/2025-2026/196588,,,,,,,,,,,,,,,,285774.0,2026-08-27,ARVIND SINGH SATNA,ARVIND SINGH SATNA,1.0,Payment In-Progress,,,,12.0,81134800.0,National Calamity; State Calamity,,,,,,,,,,,,0,Under Implementation,249,0.0,64270223.0,,,,16,3370745.0,210671.5625,1,1,8.478066421518092,0.0642570281124498,0,2,0,False,0,0,False,1,True,0,False,0,0,0,0,0,False,False,1,0.0,0.0,0.0,1.0,0.0,0.0,0.0,14.0,Suspicious Vendor,vendor has high project concentration,94.28,89.9,1,1,48.1,62.17,High,66.3,V41,RUN-20261008-254699,Early-Warning,,False,ALT-V41-0239,HIGH,Pending Verification,Review supporting records
WS/MP642/2025-2026/196589,,,,,,,,,,,,,,,,252878.0,2026-08-27,ARVIND SINGH SATNA,ARVIND SINGH SATNA,1.0,Payment In-Progress,,,,12.0,81134800.0,National Calamity; State Calamity,,,,,,,,,,,,0,Under Implementation,249,0.0,64270223.0,,,,16,3370745.0,210671.5625,1,1,7.5021397346877325,0.0642570281124498,0,2,0,False,0,0,False,1,True,0,False,0,0,0,0,0,False,False,1,0.0,0.0,0.0,1.0,0.0,0.0,0.0,14.0,Suspicious Vendor,vendor has high project concentration,93.67,89.73,1,1,48.1,61.8,High,66.3,V41,RUN-20261008-254699,Early-Warning,,False,ALT-V41-0240,HIGH,Pending Verification,Review supporting records
WS/MP642/2025-2026/196590,,,,,,,,,,,,,,,,267676.0,2026-08-27,ARVIND SINGH SATNA,ARVIND SINGH SATNA,1.0,Payment In-Progress,,,,12.0,81134800.0,National Calamity; State Calamity,,,,,,,,,,,,0,Under Implementation,249,0.0,64270223.0,,,,16,3370745.0,210671.5625,1,1,7.941152475194653,0.0642570281124498,0,2,0,False,0,0,False,1,True,0,False,0,0,0,0,0,False,False,1,0.0,0.0,0.0,1.0,0.0,0.0,0.0,14.0,Suspicious Vendor,vendor has high project concentration,93.92,89.86,1,1,48.1,61.95,High,66.3,V41,RUN-20261008-254699,Early-Warning,,False,ALT-V41-0241,HIGH,Pending Verification,Review supporting records
WS/MP642/2025-2026/196593,,,,,,,,,,,,,,,,260120.0,2026-08-27,ARVIND SINGH SATNA,ARVIND SINGH SATNA,1.0,Payment In-Progress,,,,12.0,81134800.0,National Calamity; State Calamity,,,,,,,,,,,,0,Under Implementation,249,0.0,64270223.0,,,,16,3370745.0,210671.5625,1,1,7.7169883809068915,0.0642570281124498,0,2,0,False,0,0,False,1,True,0,False,0,0,0,0,0,False,False,1,0.0,0.0,0.0,1.0,0.0,0.0,0.0,14.0,Suspicious Vendor,vendor has high project concentration,93.74,89.77,1,1,48.1,61.84,High,66.3,V41,RUN-20261008-254699,Early-Warning,,False,ALT-V41-0242,HIGH,Pending Verification,Review supporting records
WS/MP642/2025-2026/196594,,,,,,,,,,,,,,,,227606.0,2026-08-27,ARVIND SINGH SATNA,ARVIND SINGH SATNA,1.0,Payment In-Progress,,,,12.0,81134800.0,National Calamity; State Calamity,,,,,,,,,,,,0,Under Implementation,249,0.0,64270223.0,,,,16,3370745.0,210671.5625,1,1,6.752394500325595,0.0642570281124498,0,2,0,False,0,0,False,1,True,0,False,0,0,0,0,0,False,False,1,0.0,0.0,0.0,1.0,0.0,0.0,0.0,14.0,Suspicious Vendor,vendor has high project concentration,93.54,90.17,1,1,48.1,61.72,High,66.3,V41,RUN-20261008-254699,Early-Warning,,False,ALT-V41-0243,HIGH,Pending Verification,Review supporting records
WS/MP642/2025-2026/196597,,,,,,,,,,,,,,,,265681.0,2026-08-27,ARVIND SINGH SATNA,ARVIND SINGH SATNA,1.0,Payment In-Progress,,,,12.0,81134800.0,National Calamity; State Calamity,,,,,,,,,,,,0,Under Implementation,249,0.0,64270223.0,,,,16,3370745.0,210671.5625,1,1,7.881966746223758,0.0642570281124498,0,2,0,False,0,0,False,1,True,0,False,0,0,0,0,0,False,False,1,0.0,0.0,0.0,1.0,0.0,0.0,0.0,14.0,Suspicious Vendor,vendor has high project concentration,93.87,89.81,1,1,48.1,61.92,High,66.3,V41,RUN-20261008-254699,Early-Warning,,False,ALT-V41-0244,HIGH,Pending Verification,Review supporting records
WS/MP642/2025-2026/196598,,,,,,,,,,,,,,,,55373.0,2026-08-27,ARVIND SINGH SATNA,ARVIND SINGH SATNA,1.0,Payment In-Progress,,,,12.0,81134800.0,National Calamity; State Calamity,,,,,,,,,,,,0,Under Implementation,249,0.0,64270223.0,,,,16,3370745.0,210671.5625,1,1,1.6427525665691116,0.0642570281124498,0,2,0,False,0,0,False,1,True,0,False,0,0,0,0,0,False,False,1,0.0,0.0,0.0,1.0,0.0,0.0,0.0,14.0,Suspicious Vendor,vendor has high project concentration,94.57,90.37,1,1,48.1,62.34,High,66.3,V41,RUN-20261008-254699,Early-Warning,,False,ALT-V41-0245,HIGH,Pending Verification,Review supporting records
WS/MP642/2025-2026/196603,,,,,,,,,,,,,,,,237046.0,2026-08-27,ARVIND SINGH SATNA,ARVIND SINGH SATNA,1.0,Payment In-Progress,,,,12.0,81134800.0,National Calamity; State Calamity,,,,,,,,,,,,0,Under Implementation,249,0.0,64270223.0,,,,16,3370745.0,210671.5625,1,1,7.03245128302497,0.0642570281124498,0,2,0,False,0,0,False,1,True,0,False,0,0,0,0,0,False,False,1,0.0,0.0,0.0,1.0,0.0,0.0,0.0,14.0,Suspicious Vendor,vendor has high project concentration,93.5,89.99,1,1,48.1,61.7,High,66.3,V41,RUN-20261008-254699,Early-Warning,,False,ALT-V41-0246,HIGH,Pending Verification,Review supporting records
WS/MP642/2025-2026/196604,,,,,,,,,,,,,,,,234493.0,2026-08-27,ARVIND SINGH SATNA,ARVIND SINGH SATNA,1.0,Payment In-Progress,,,,12.0,81134800.0,National Calamity; State Calamity,,,,,,,,,,,,0,Under Implementation,249,0.0,64270223.0,,,,16,3370745.0,210671.5625,1,1,6.956711350161463,0.0642570281124498,0,2,0,False,0,0,False,1,True,0,False,0,0,0,0,0,False,False,1,0.0,0.0,0.0,1.0,0.0,0.0,0.0,14.0,Suspicious Vendor,vendor has high project concentration,93.52,89.95,1,1,48.1,61.71,High,66.3,V41,RUN-20261008-254699,Early-Warning,,False,ALT-V41-0247,HIGH,Pending Verification,Review supporting records
WS/MP642/2025-2026/196613,,,,,,,,,,,,,,,,244262.0,2026-08-27,ARVIND SINGH SATNA,ARVIND SINGH SATNA,1.0,Payment In-Progress,,,,12.0,81134800.0,National Calamity; State Calamity,,,,,,,,,,,,0,Under Implementation,249,0.0,64270223.0,,,,16,3370745.0,210671.5625,1,1,7.246528586410422,0.0642570281124498,0,2,0,False,0,0,False,1,True,0,False,0,0,0,0,0,False,False,1,0.0,0.0,0.0,1.0,0.0,0.0,0.0,14.0,Suspicious Vendor,vendor has high project concentration,93.66,90.04,1,1,48.1,61.8,High,66.3,V41,RUN-20261008-254699,Early-Warning,,False,ALT-V41-0248,HIGH,Pending Verification,Review supporting records
WS/MP642/2025-2026/196614,,,,,,,,,,,,,,,,94797.0,2026-08-27,ARVIND SINGH SATNA,ARVIND SINGH SATNA,1.0,Payment In-Progress,,,,12.0,81134800.0,National Calamity; State Calamity,,,,,,,,,,,,0,Under Implementation,249,0.0,64270223.0,,,,16,3370745.0,210671.5625,1,1,2.8123456387237837,0.0642570281124498,0,2,0,False,0,0,False,1,True,0,False,0,0,0,0,0,False,False,1,0.0,0.0,0.0,1.0,0.0,0.0,0.0,14.0,Suspicious Vendor,vendor has high project concentration,94.39,90.3,1,1,48.1,62.23,High,66.3,V41,RUN-20261008-254699,Early-Warning,,False,ALT-V41-0249,HIGH,Pending Verification,Review supporting records
WS/MP642/2025-2026/196619,,,,,,,,,,,,,,,,193957.0,2026-08-27,ARVIND SINGH SATNA,ARVIND SINGH SATNA,1.0,Payment In-Progress,,,,12.0,81134800.0,National Calamity; State Calamity,,,,,,,,,,,,0,Under Implementation,249,0.0,64270223.0,,,,16,3370745.0,210671.5625,1,1,5.754128538349831,0.0642570281124498,0,2,0,False,0,0,False,1,True,0,False,0,0,0,0,0,False,False,1,0.0,0.0,0.0,1.0,0.0,0.0,0.0,14.0,Suspicious Vendor,vendor has high project concentration,93.47,90.21,1,1,48.1,61.68,High,66.3,V41,RUN-20261008-254699,Early-Warning,,False,ALT-V41-0250,HIGH,Pending Verification,Review supporting records
WS/MP642/2025-2026/196620,,,,,,,,,,,,,,,,247324.0,2026-08-27,ARVIND SINGH SATNA,ARVIND SINGH SATNA,1.0,Payment In-Progress,,,,12.0,81134800.0,National Calamity; State Calamity,,,,,,,,,,,,0,Under Implementation,249,0.0,64270223.0,,,,16,3370745.0,210671.5625,1,1,7.337369038595325,0.0642570281124498,0,2,0,False,0,0,False,1,True,0,False,0,0,0,0,0,False,False,1,0.0,0.0,0.0,1.0,0.0,0.0,0.0,14.0,Suspicious Vendor,vendor has high project concentration,93.71,90.08,1,1,48.1,61.83,High,66.3,V41,RUN-20261008-254699,Early-Warning,,False,ALT-V41-0251,HIGH,Pending Verification,Review supporting records
WS/MP642/2025-2026/196624,,,,,,,,,,,,,,,,64940.0,2026-08-27,ARVIND SINGH SATNA,ARVIND SINGH SATNA,1.0,Payment In-Progress,,,,12.0,81134800.0,National Calamity; State Calamity,,,,,,,,,,,,0,Under Implementation,249,0.0,64270223.0,,,,16,3370745.0,210671.5625,1,1,1.9265770623408178,0.0642570281124498,0,2,0,False,0,0,False,1,True,0,False,0,0,0,0,0,False,False,1,0.0,0.0,0.0,1.0,0.0,0.0,0.0,14.0,Suspicious Vendor,vendor has high project concentration,94.57,90.37,1,1,48.1,62.34,High,66.3,V41,RUN-20261008-254699,Early-Warning,,False,ALT-V41-0252,HIGH,Pending Verification,Review supporting records
WS/MP642/2026-2027/197112,,,,,,,,,,,,,,,,63837.0,2026-07-17,SHREE KRIPA ENTERPRISES SATNA,SHREE KRIPA ENTERPRISES SATNA,1.0,Payment Success,,,,12.0,81134800.0,National Calamity; State Calamity,,,,,,,,,,,,0,Under Implementation,249,0.0,64270223.0,,,,29,5809403.0,200324.24137931035,1,1,1.0988564573674782,0.11646586345381527,0,2,0,False,0,0,False,1,True,0,False,0,0,0,0,0,False,False,1,0.0,0.0,0.0,1.0,0.0,0.0,0.0,14.0,Suspicious Vendor,vendor has high project concentration,95.37,88.33,1,1,48.1,62.82,High,66.3,V41,RUN-20261008-254699,Early-Warning,,False,ALT-V41-0253,HIGH,Pending Verification,Review supporting records
WS/MP642/2026-2027/197123,,,,,,,,,,,,,,,,233533.0,2026-07-14,SHREE KRIPA ENTERPRISES SATNA,SHREE KRIPA ENTERPRISES SATNA,1.0,Payment Success,,,,12.0,81134800.0,National Calamity; State Calamity,,,,,,,,,,,,0,Under Implementation,249,0.0,64270223.0,,,,29,5809403.0,200324.24137931035,1,1,4.019913922308368,0.11646586345381527,0,2,0,False,0,0,False,1,True,0,False,0,0,0,0,0,False,False,1,0.0,0.0,0.0,1.0,0.0,0.0,0.0,14.0,Suspicious Vendor,vendor has high project concentration,90.68,76.91,1,1,48.1,60.01,High,66.3,V41,RUN-20261008-254699,Early-Warning,,False,ALT-V41-0254,HIGH,Pending Verification,Review supporting records
WS/MP642/2026-2027/197128,,,,,,,,,,,,,,,,247050.0,2026-07-19,SHREE KRIPA ENTERPRISES SATNA,SHREE KRIPA ENTERPRISES SATNA,1.0,Payment Success,,,,12.0,81134800.0,National Calamity; State Calamity,,,,,,,,,,,,0,Under Implementation,249,0.0,64270223.0,,,,29,5809403.0,200324.24137931035,1,1,4.252588432925036,0.11646586345381527,0,2,0,False,0,0,False,1,True,0,False,0,0,0,0,0,False,False,1,0.0,0.0,0.0,1.0,0.0,0.0,0.0,14.0,Suspicious Vendor,vendor has high project concentration,90.89,77.02,1,1,48.1,60.13,High,66.3,V41,RUN-20261008-254699,Early-Warning,,False,ALT-V41-0255,HIGH,Pending Verification,Review supporting records
WS/MP642/2026-2027/197129,,,,,,,,,,,,,,,,75946.0,2026-07-19,SHREE KRIPA ENTERPRISES SATNA,SHREE KRIPA ENTERPRISES SATNA,1.0,Payment Success,,,,12.0,81134800.0,National Calamity; State Calamity,,,,,,,,,,,,0,Under Implementation,249,0.0,64270223.0,,,,29,5809403.0,200324.24137931035,1,1,1.3072943984089243,0.11646586345381527,0,2,0,False,0,0,False,1,True,0,False,0,0,0,0,0,False,False,1,0.0,0.0,0.0,1.0,0.0,0.0,0.0,14.0,Suspicious Vendor,vendor has high project concentration,95.18,88.04,1,1,48.1,62.71,High,66.3,V41,RUN-20261008-254699,Early-Warning,,False,ALT-V41-0256,HIGH,Pending Verification,Review supporting records
WS/MP642/2026-2027/197133,,,,,,,,,,,,,,,,73031.0,2026-07-14,SHREE KRIPA ENTERPRISES SATNA,SHREE KRIPA ENTERPRISES SATNA,1.0,Payment Success,,,,12.0,81134800.0,National Calamity; State Calamity,,,,,,,,,,,,0,Under Implementation,249,0.0,64270223.0,,,,29,5809403.0,200324.24137931035,1,1,1.2571171254602238,0.11646586345381527,0,2,0,False,0,0,False,1,True,0,False,0,0,0,0,0,False,False,1,0.0,0.0,0.0,1.0,0.0,0.0,0.0,14.0,Suspicious Vendor,vendor has high project concentration,95.35,88.26,1,1,48.1,62.81,High,66.3,V41,RUN-20261008-254699,Early-Warning,,False,ALT-V41-0257,HIGH,Pending Verification,Review supporting records
WS/MP642/2026-2027/198553,,,,,,,,,,,,,,,,256842.0,2026-08-27,SHREE KRIPA ENTERPRISES SATNA,SHREE KRIPA ENTERPRISES SATNA,1.0,Payment In-Progress,,,,12.0,81134800.0,National Calamity; State Calamity,,,,,,,,,,,,0,Under Implementation,249,0.0,64270223.0,,,,29,5809403.0,200324.24137931035,1,1,4.421142757698166,0.11646586345381527,0,2,0,False,0,0,False,1,True,0,False,0,0,0,0,0,False,False,1,0.0,0.0,0.0,1.0,0.0,0.0,0.0,14.0,Suspicious Vendor,vendor has high project concentration,91.21,77.02,1,1,48.1,60.33,High,66.3,V41,RUN-20261008-254699,Early-Warning,,False,ALT-V41-0258,HIGH,Pending Verification,Review supporting records
WS/MP642/2026-2027/198566,,,,,,,,,,,,,,,,267660.0,2026-07-19,SHREE KRIPA ENTERPRISES SATNA,SHREE KRIPA ENTERPRISES SATNA,1.0,Payment Success,,,,12.0,81134800.0,National Calamity; State Calamity,,,,,,,,,,,,0,Under Implementation,249,0.0,64270223.0,,,,29,5809403.0,200324.24137931035,1,1,4.607358105471423,0.11646586345381527,0,2,0,False,0,0,False,1,True,0,False,0,0,0,0,0,False,False,1,0.0,0.0,0.0,1.0,0.0,0.0,0.0,14.0,Suspicious Vendor,vendor has high project concentration,92.02,79.19,1,1,48.1,60.81,High,66.3,V41,RUN-20261008-254699,Early-Warning,,False,ALT-V41-0259,HIGH,Pending Verification,Review supporting records
WS/MP642/2026-2027/199817,,,,,,,,,,,,,,,,291965.0,2026-08-27,SHREE KRIPA ENTERPRISES SATNA,SHREE KRIPA ENTERPRISES SATNA,1.0,Payment In-Progress,,,,12.0,81134800.0,National Calamity; State Calamity,,,,,,,,,,,,0,Under Implementation,249,0.0,64270223.0,,,,29,5809403.0,200324.24137931035,1,1,5.0257315596800565,0.11646586345381527,0,2,0,False,0,0,False,1,True,0,False,0,0,0,0,0,False,False,1,0.0,0.0,0.0,1.0,0.0,0.0,0.0,14.0,Suspicious Vendor,vendor has high project concentration,94.7,86.18,1,1,48.1,62.42,High,66.3,V41,RUN-20261008-254699,Early-Warning,,False,ALT-V41-0260,HIGH,Pending Verification,Review supporting records
WS/MP642/2026-2027/199820,,,,,,,,,,,,,,,,245954.0,2026-08-27,SHREE KRIPA ENTERPRISES SATNA,SHREE KRIPA ENTERPRISES SATNA,1.0,Payment In-Progress,,,,12.0,81134800.0,National Calamity; State Calamity,,,,,,,,,,,,0,Under Implementation,249,0.0,64270223.0,,,,29,5809403.0,200324.24137931035,1,1,4.233722466835232,0.11646586345381527,0,2,0,False,0,0,False,1,True,0,False,0,0,0,0,0,False,False,1,0.0,0.0,0.0,1.0,0.0,0.0,0.0,14.0,Suspicious Vendor,vendor has high project concentration,90.86,77.02,1,1,48.1,60.12,High,66.3,V41,RUN-20261008-254699,Early-Warning,,False,ALT-V41-0261,HIGH,Pending Verification,Review supporting records
WS/MP642/2026-2027/199837,,,,,,,,,,,,,,,,49611.0,2026-08-27,SHREE KRIPA ENTERPRISES SATNA,SHREE KRIPA ENTERPRISES SATNA,1.0,Payment In-Progress,,,,12.0,81134800.0,National Calamity; State Calamity,,,,,,,,,,,,0,Under Implementation,249,0.0,64270223.0,,,,29,5809403.0,200324.24137931035,1,1,0.8539775945996517,0.11646586345381527,0,2,0,False,0,0,False,1,True,0,False,0,0,0,0,0,False,False,1,0.0,0.0,0.0,1.0,0.0,0.0,0.0,14.0,Suspicious Vendor,vendor has high project concentration,95.37,88.33,1,1,48.1,62.82,High,66.3,V41,RUN-20261008-254699,Early-Warning,,False,ALT-V41-0262,HIGH,Pending Verification,Review supporting records
WS/MP642/2026-2027/199842,,,,,,,,,,,,,,,,233565.0,2026-08-27,SHREE KRIPA ENTERPRISES SATNA,SHREE KRIPA ENTERPRISES SATNA,1.0,Payment In-Progress,,,,12.0,81134800.0,National Calamity; State Calamity,,,,,,,,,,,,0,Under Implementation,249,0.0,64270223.0,,,,29,5809403.0,200324.24137931035,1,1,4.0204647534350775,0.11646586345381527,0,2,0,False,0,0,False,1,True,0,False,0,0,0,0,0,False,False,1,0.0,0.0,0.0,1.0,0.0,0.0,0.0,14.0,Suspicious Vendor,vendor has high project concentration,90.71,76.91,1,1,48.1,60.03,High,66.3,V41,RUN-20261008-254699,Early-Warning,,False,ALT-V41-0263,HIGH,Pending Verification,Review supporting records
WS/MP642/2026-2027/246074,,,,,,,,,,,,,,,,92774.0,2026-07-19,SHREE KRIPA ENTERPRISES SATNA,SHREE KRIPA ENTERPRISES SATNA,1.0,Payment Success,,,,12.0,81134800.0,National Calamity; State Calamity,,,,,,,,,,,,0,Under Implementation,249,0.0,64270223.0,,,,29,5809403.0,200324.24137931035,1,1,1.5969627171673235,0.11646586345381527,0,2,0,False,0,0,False,1,True,0,False,0,0,0,0,0,False,False,1,0.0,0.0,0.0,1.0,0.0,0.0,0.0,14.0,Suspicious Vendor,vendor has high project concentration,94.8,87.2,1,1,48.1,62.48,High,66.3,V41,RUN-20261008-254699,Early-Warning,,False,ALT-V41-0264,HIGH,Pending Verification,Review supporting records
WS/MP642/2026-2027/246075,,,,,,,,,,,,,,,,466151.0,2026-07-19,SHREE KRIPA ENTERPRISES SATNA,SHREE KRIPA ENTERPRISES SATNA,1.0,Payment Success,,,,12.0,81134800.0,National Calamity; State Calamity,,,,,,,,,,,,0,Under Implementation,249,0.0,64270223.0,,,,29,5809403.0,200324.24137931035,1,1,8.024077517087385,0.11646586345381527,0,2,0,False,0,0,False,1,True,0,False,0,0,0,0,0,False,False,1,0.0,0.0,0.0,1.0,0.0,0.0,0.0,14.0,Suspicious Vendor,vendor has high project concentration,96.29,89.64,1,1,48.1,63.37,High,66.3,V41,RUN-20261008-254699,Early-Warning,,False,ALT-V41-0265,HIGH,Pending Verification,Review supporting records
WS/MP643/2024-2025/135908,2024-08-16,100000.0,Madhya Pradesh,BURHANPUR(District Collector Burhanpur_IDA),Gyaneshwar Patil,GYANESHWAR PATIL,KHANDWA,Normal/Others,Purchase of books for students intellectual development at various schools of Burhanpur district,2024-12-16,100000.0,Physical Inspection,2025-07-03,100000.0,Completed,,,,,0.0,,155690684.77,Madhya Pradesh,KHANDWA,,,,100000.0,,,,,0.064229918538626,,122.0,,321.0,-166.0,1,Completed,218,24731533.0,150000.0,0.6065131506405202,259942.0,-61.52987974240407,0,0.0,0.0,0,0,,0.0,0,3,0,False,0,0,False,0,False,0,False,0,0,0,0,0,False,True,0,0.0,0.0,0.0,0.0,0.0,0.0,0.0,0.0,None,No material anomaly signal detected.,86.17,97.94,1,1,66.7,51.7,High,78.4,V41,RUN-20261008-254699,Audit,,False,ALT-V41-0266,HIGH,Pending Verification,Review supporting records
WS/MP643/2024-2025/135909,2024-08-16,100000.0,Madhya Pradesh,BURHANPUR(District Collector Burhanpur_IDA),Gyaneshwar Patil,GYANESHWAR PATIL,KHANDWA,Normal/Others,Purchase of books for students intellectual development at various schools of Burhanpur district,2024-12-16,100000.0,Physical Inspection,2025-07-03,100000.0,Completed,,,,,0.0,,155690684.77,Madhya Pradesh,KHANDWA,,,,100000.0,,,,,0.064229918538626,,122.0,,321.0,-166.0,1,Completed,218,24731533.0,150000.0,0.6065131506405202,259942.0,-61.52987974240407,0,0.0,0.0,0,0,,0.0,0,3,0,False,0,0,False,0,False,0,False,0,0,0,0,0,False,True,0,0.0,0.0,0.0,0.0,0.0,0.0,0.0,0.0,None,No material anomaly signal detected.,86.17,97.94,1,1,66.7,51.7,High,78.4,V41,RUN-20261008-254699,Audit,,False,ALT-V41-0267,HIGH,Pending Verification,Review supporting records
WS/MP643/2024-2025/135911,2024-08-16,100000.0,Madhya Pradesh,BURHANPUR(District Collector Burhanpur_IDA),Gyaneshwar Patil,GYANESHWAR PATIL,KHANDWA,Normal/Others,Purchase of books for students intellectual development at various schools of Burhanpur district,2024-12-16,100000.0,Physical Inspection,2025-07-03,100000.0,Completed,,,,,0.0,,155690684.77,Madhya Pradesh,KHANDWA,,,,100000.0,,,,,0.064229918538626,,122.0,,321.0,-166.0,1,Completed,218,24731533.0,150000.0,0.6065131506405202,259942.0,-61.52987974240407,0,0.0,0.0,0,0,,0.0,0,3,0,False,0,0,False,0,False,0,False,0,0,0,0,0,False,True,0,0.0,0.0,0.0,0.0,0.0,0.0,0.0,0.0,None,No material anomaly signal detected.,86.17,97.94,1,1,66.7,51.7,High,78.4,V41,RUN-20261008-254699,Audit,,False,ALT-V41-0268,HIGH,Pending Verification,Review supporting records
WS/MP643/2024-2025/135912,2024-08-16,100000.0,Madhya Pradesh,BURHANPUR(District Collector Burhanpur_IDA),Gyaneshwar Patil,GYANESHWAR PATIL,KHANDWA,Normal/Others,Purchase of books for students intellectual development at various schools of Burhanpur district,2024-12-16,100000.0,Physical Inspection,2025-07-03,100000.0,Completed,,,,,0.0,,155690684.77,Madhya Pradesh,KHANDWA,,,,100000.0,,,,,0.064229918538626,,122.0,,321.0,-166.0,1,Completed,218,24731533.0,150000.0,0.6065131506405202,259942.0,-61.52987974240407,0,0.0,0.0,0,0,,0.0,0,3,0,False,0,0,False,0,False,0,False,0,0,0,0,0,False,True,0,0.0,0.0,0.0,0.0,0.0,0.0,0.0,0.0,None,No material anomaly signal detected.,86.17,97.94,1,1,66.7,51.7,High,78.4,V41,RUN-20261008-254699,Audit,,False,ALT-V41-0269,HIGH,Pending Verification,Review supporting records
WS/MP643/2024-2025/135914,2024-08-16,100000.0,Madhya Pradesh,BURHANPUR(District Collector Burhanpur_IDA),Gyaneshwar Patil,GYANESHWAR PATIL,KHANDWA,Normal/Others,Purchase of books for students intellectual development at various schools of Burhanpur district,2024-12-16,100000.0,Physical Inspection,2025-07-03,100000.0,Completed,,,,,0.0,,155690684.77,Madhya Pradesh,KHANDWA,,,,100000.0,,,,,0.064229918538626,,122.0,,321.0,-166.0,1,Completed,218,24731533.0,150000.0,0.6065131506405202,259942.0,-61.52987974240407,0,0.0,0.0,0,0,,0.0,0,3,0,False,0,0,False,0,False,0,False,0,0,0,0,0,False,True,0,0.0,0.0,0.0,0.0,0.0,0.0,0.0,0.0,None,No material anomaly signal detected.,86.17,97.94,1,1,66.7,51.7,High,78.4,V41,RUN-20261008-254699,Audit,,False,ALT-V41-0270,HIGH,Pending Verification,Review supporting records
WS/MP643/2024-2025/135915,2024-08-16,100000.0,Madhya Pradesh,BURHANPUR(District Collector Burhanpur_IDA),Gyaneshwar Patil,GYANESHWAR PATIL,KHANDWA,Normal/Others,Purchase of books for students intellectual development at various schools of Burhanpur district,2024-12-16,100000.0,Physical Inspection,2025-07-03,100000.0,Completed,,,,,0.0,,155690684.77,Madhya Pradesh,KHANDWA,,,,100000.0,,,,,0.064229918538626,,122.0,,321.0,-166.0,1,Completed,218,24731533.0,150000.0,0.6065131506405202,259942.0,-61.52987974240407,0,0.0,0.0,0,0,,0.0,0,3,0,False,0,0,False,0,False,0,False,0,0,0,0,0,False,True,0,0.0,0.0,0.0,0.0,0.0,0.0,0.0,0.0,None,No material anomaly signal detected.,86.17,97.94,1,1,66.7,51.7,High,78.4,V41,RUN-20261008-254699,Audit,,False,ALT-V41-0271,HIGH,Pending Verification,Review supporting records
WS/MP643/2024-2025/135916,2024-08-16,100000.0,Madhya Pradesh,BURHANPUR(District Collector Burhanpur_IDA),Gyaneshwar Patil,GYANESHWAR PATIL,KHANDWA,Normal/Others,Purchase of books for students intellectual development at various schools of Burhanpur district,2024-12-16,100000.0,Physical Inspection,2025-07-03,100000.0,Completed,,,,,0.0,,155690684.77,Madhya Pradesh,KHANDWA,,,,100000.0,,,,,0.064229918538626,,122.0,,321.0,-166.0,1,Completed,218,24731533.0,150000.0,0.6065131506405202,259942.0,-61.52987974240407,0,0.0,0.0,0,0,,0.0,0,3,0,False,0,0,False,0,False,0,False,0,0,0,0,0,False,True,0,0.0,0.0,0.0,0.0,0.0,0.0,0.0,0.0,None,No material anomaly signal detected.,86.17,97.94,1,1,66.7,51.7,High,78.4,V41,RUN-20261008-254699,Audit,,False,ALT-V41-0272,HIGH,Pending Verification,Review supporting records
WS/MP643/2024-2025/135917,2024-08-16,100000.0,Madhya Pradesh,BURHANPUR(District Collector Burhanpur_IDA),Gyaneshwar Patil,GYANESHWAR PATIL,KHANDWA,Normal/Others,Purchase of books for students intellectual development at various schools of Burhanpur district,2024-12-16,100000.0,Physical Inspection,2025-07-03,100000.0,Completed,,,,,0.0,,155690684.77,Madhya Pradesh,KHANDWA,,,,100000.0,,,,,0.064229918538626,,122.0,,321.0,-166.0,1,Completed,218,24731533.0,150000.0,0.6065131506405202,259942.0,-61.52987974240407,0,0.0,0.0,0,0,,0.0,0,3,0,False,0,0,False,0,False,0,False,0,0,0,0,0,False,True,0,0.0,0.0,0.0,0.0,0.0,0.0,0.0,0.0,None,No material anomaly signal detected.,86.17,97.94,1,1,66.7,51.7,High,78.4,V41,RUN-20261008-254699,Audit,,False,ALT-V41-0273,HIGH,Pending Verification,Review supporting records
WS/MP643/2024-2025/139577,2024-09-07,100000.0,Madhya Pradesh,Khandwa (East Nimar)(DISTRICT COLLECTOR EAST NIMAR_IDA),Gyaneshwar Patil,GYANESHWAR PATIL,KHANDWA,Normal/Others,books suplly at various schools of khandwa district,2025-01-06,100000.0,Physical Inspection,2025-03-21,100000.0,Completed,,,,,0.0,,155690684.77,Madhya Pradesh,KHANDWA,,,,100000.0,,,,,0.064229918538626,,121.0,,195.0,-291.0,1,Completed,218,24731533.0,150000.0,0.6065131506405202,259942.0,-61.52987974240407,0,0.0,0.0,0,0,,0.0,0,3,0,False,0,0,False,0,False,0,False,0,0,0,0,0,False,True,0,0.0,0.0,0.0,0.0,0.0,0.0,0.0,0.0,None,No material anomaly signal detected.,85.22,84.9,1,1,66.7,51.13,High,78.4,V41,RUN-20261008-254699,Audit,,False,ALT-V41-0274,HIGH,Pending Verification,Review supporting records
WS/MP643/2024-2025/139578,2024-09-07,100000.0,Madhya Pradesh,Khandwa (East Nimar)(DISTRICT COLLECTOR EAST NIMAR_IDA),Gyaneshwar Patil,GYANESHWAR PATIL,KHANDWA,Normal/Others,books suplly at various schools of khandwa district,2025-01-06,100000.0,Physical Inspection,2025-03-21,100000.0,Completed,,,,,0.0,,155690684.77,Madhya Pradesh,KHANDWA,,,,100000.0,,,,,0.064229918538626,,121.0,,195.0,-291.0,1,Completed,218,24731533.0,150000.0,0.6065131506405202,259942.0,-61.52987974240407,0,0.0,0.0,0,0,,0.0,0,3,0,False,0,0,False,0,False,0,False,0,0,0,0,0,False,True,0,0.0,0.0,0.0,0.0,0.0,0.0,0.0,0.0,None,No material anomaly signal detected.,85.22,84.9,1,1,66.7,51.13,High,78.4,V41,RUN-20261008-254699,Audit,,False,ALT-V41-0275,HIGH,Pending Verification,Review supporting records
WS/MP643/2024-2025/139579,2024-09-07,100000.0,Madhya Pradesh,Khandwa (East Nimar)(DISTRICT COLLECTOR EAST NIMAR_IDA),Gyaneshwar Patil,GYANESHWAR PATIL,KHANDWA,Normal/Others,books suplly at various schools of khandwa district,2025-01-06,100000.0,Physical Inspection,2025-03-21,100000.0,Completed,,,,,0.0,,155690684.77,Madhya Pradesh,KHANDWA,,,,100000.0,,,,,0.064229918538626,,121.0,,195.0,-291.0,1,Completed,218,24731533.0,150000.0,0.6065131506405202,259942.0,-61.52987974240407,0,0.0,0.0,0,0,,0.0,0,3,0,False,0,0,False,0,False,0,False,0,0,0,0,0,False,True,0,0.0,0.0,0.0,0.0,0.0,0.0,0.0,0.0,None,No material anomaly signal detected.,85.22,84.9,1,1,66.7,51.13,High,78.4,V41,RUN-20261008-254699,Audit,,False,ALT-V41-0276,HIGH,Pending Verification,Review supporting records
WS/MP643/2024-2025/139580,2024-09-07,100000.0,Madhya Pradesh,Khandwa (East Nimar)(DISTRICT COLLECTOR EAST NIMAR_IDA),Gyaneshwar Patil,GYANESHWAR PATIL,KHANDWA,Normal/Others,books suplly at various schools of khandwa district,2025-01-06,100000.0,Physical Inspection,2025-03-21,100000.0,Completed,,,,,0.0,,155690684.77,Madhya Pradesh,KHANDWA,,,,100000.0,,,,,0.064229918538626,,121.0,,195.0,-291.0,1,Completed,218,24731533.0,150000.0,0.6065131506405202,259942.0,-61.52987974240407,0,0.0,0.0,0,0,,0.0,0,3,0,False,0,0,False,0,False,0,False,0,0,0,0,0,False,True,0,0.0,0.0,0.0,0.0,0.0,0.0,0.0,0.0,None,No material anomaly signal detected.,85.22,84.9,1,1,66.7,51.13,High,78.4,V41,RUN-20261008-254699,Audit,,False,ALT-V41-0277,HIGH,Pending Verification,Review supporting records
WS/MP643/2024-2025/139581,2024-09-07,100000.0,Madhya Pradesh,Khandwa (East Nimar)(DISTRICT COLLECTOR EAST NIMAR_IDA),Gyaneshwar Patil,GYANESHWAR PATIL,KHANDWA,Normal/Others,books suplly at various schools of khandwa district,2025-01-06,100000.0,Physical Inspection,2025-03-21,100000.0,Completed,,,,,0.0,,155690684.77,Madhya Pradesh,KHANDWA,,,,100000.0,,,,,0.064229918538626,,121.0,,195.0,-291.0,1,Completed,218,24731533.0,150000.0,0.6065131506405202,259942.0,-61.52987974240407,0,0.0,0.0,0,0,,0.0,0,3,0,False,0,0,False,0,False,0,False,0,0,0,0,0,False,True,0,0.0,0.0,0.0,0.0,0.0,0.0,0.0,0.0,None,No material anomaly signal detected.,85.22,84.9,1,1,66.7,51.13,High,78.4,V41,RUN-20261008-254699,Audit,,False,ALT-V41-0278,HIGH,Pending Verification,Review supporting records
WS/MP643/2024-2025/139582,2024-09-07,100000.0,Madhya Pradesh,Khandwa (East Nimar)(DISTRICT COLLECTOR EAST NIMAR_IDA),Gyaneshwar Patil,GYANESHWAR PATIL,KHANDWA,Normal/Others,books suplly at various schools of khandwa district,2025-01-06,100000.0,Physical Inspection,2025-03-21,100000.0,Completed,,,,,0.0,,155690684.77,Madhya Pradesh,KHANDWA,,,,100000.0,,,,,0.064229918538626,,121.0,,195.0,-291.0,1,Completed,218,24731533.0,150000.0,0.6065131506405202,259942.0,-61.52987974240407,0,0.0,0.0,0,0,,0.0,0,3,0,False,0,0,False,0,False,0,False,0,0,0,0,0,False,True,0,0.0,0.0,0.0,0.0,0.0,0.0,0.0,0.0,None,No material anomaly signal detected.,85.22,84.9,1,1,66.7,51.13,High,78.4,V41,RUN-20261008-254699,Audit,,False,ALT-V41-0279,HIGH,Pending Verification,Review supporting records
WS/MP643/2024-2025/139583,2024-09-07,100000.0,Madhya Pradesh,Khandwa (East Nimar)(DISTRICT COLLECTOR EAST NIMAR_IDA),Gyaneshwar Patil,GYANESHWAR PATIL,KHANDWA,Normal/Others,books suplly at various schools of khandwa district,2025-01-06,100000.0,Physical Inspection,2025-03-21,100000.0,Completed,,,,,0.0,,155690684.77,Madhya Pradesh,KHANDWA,,,,100000.0,,,,,0.064229918538626,,121.0,,195.0,-291.0,1,Completed,218,24731533.0,150000.0,0.6065131506405202,259942.0,-61.52987974240407,0,0.0,0.0,0,0,,0.0,0,3,0,False,0,0,False,0,False,0,False,0,0,0,0,0,False,True,0,0.0,0.0,0.0,0.0,0.0,0.0,0.0,0.0,None,No material anomaly signal detected.,85.22,84.9,1,1,66.7,51.13,High,78.4,V41,RUN-20261008-254699,Audit,,False,ALT-V41-0280,HIGH,Pending Verification,Review supporting records
WS/MP643/2024-2025/139584,2024-09-07,100000.0,Madhya Pradesh,Khandwa (East Nimar)(DISTRICT COLLECTOR EAST NIMAR_IDA),Gyaneshwar Patil,GYANESHWAR PATIL,KHANDWA,Normal/Others,books suplly at various schools of khandwa district,2025-01-06,100000.0,Physical Inspection,2025-03-21,100000.0,Completed,,,,,0.0,,155690684.77,Madhya Pradesh,KHANDWA,,,,100000.0,,,,,0.064229918538626,,121.0,,195.0,-291.0,1,Completed,218,24731533.0,150000.0,0.6065131506405202,259942.0,-61.52987974240407,0,0.0,0.0,0,0,,0.0,0,3,0,False,0,0,False,0,False,0,False,0,0,0,0,0,False,True,0,0.0,0.0,0.0,0.0,0.0,0.0,0.0,0.0,None,No material anomaly signal detected.,85.22,84.9,1,1,66.7,51.13,High,78.4,V41,RUN-20261008-254699,Audit,,False,ALT-V41-0281,HIGH,Pending Verification,Review supporting records
WS/MP643/2024-2025/139585,2024-09-07,100000.0,Madhya Pradesh,Khandwa (East Nimar)(DISTRICT COLLECTOR EAST NIMAR_IDA),Gyaneshwar Patil,GYANESHWAR PATIL,KHANDWA,Normal/Others,books suplly at various schools of khandwa district,2025-01-06,100000.0,Physical Inspection,2025-03-21,100000.0,Completed,,,,,0.0,,155690684.77,Madhya Pradesh,KHANDWA,,,,100000.0,,,,,0.064229918538626,,121.0,,195.0,-291.0,1,Completed,218,24731533.0,150000.0,0.6065131506405202,259942.0,-61.52987974240407,0,0.0,0.0,0,0,,0.0,0,3,0,False,0,0,False,0,False,0,False,0,0,0,0,0,False,True,0,0.0,0.0,0.0,0.0,0.0,0.0,0.0,0.0,None,No material anomaly signal detected.,85.22,84.9,1,1,66.7,51.13,High,78.4,V41,RUN-20261008-254699,Audit,,False,ALT-V41-0282,HIGH,Pending Verification,Review supporting records
WS/MP643/2024-2025/139586,2024-09-07,100000.0,Madhya Pradesh,Khandwa (East Nimar)(DISTRICT COLLECTOR EAST NIMAR_IDA),Gyaneshwar Patil,GYANESHWAR PATIL,KHANDWA,Normal/Others,books suplly at various schools of khandwa district,2025-01-06,100000.0,Physical Inspection,2025-03-21,100000.0,Completed,,,,,0.0,,155690684.77,Madhya Pradesh,KHANDWA,,,,100000.0,,,,,0.064229918538626,,121.0,,195.0,-291.0,1,Completed,218,24731533.0,150000.0,0.6065131506405202,259942.0,-61.52987974240407,0,0.0,0.0,0,0,,0.0,0,3,0,False,0,0,False,0,False,0,False,0,0,0,0,0,False,True,0,0.0,0.0,0.0,0.0,0.0,0.0,0.0,0.0,None,No material anomaly signal detected.,85.22,84.9,1,1,66.7,51.13,High,78.4,V41,RUN-20261008-254699,Audit,,False,ALT-V41-0283,HIGH,Pending Verification,Review supporting records
WS/MP643/2024-2025/139591,2024-09-07,100000.0,Madhya Pradesh,Khandwa (East Nimar)(DISTRICT COLLECTOR EAST NIMAR_IDA),Gyaneshwar Patil,GYANESHWAR PATIL,KHANDWA,Normal/Others,supply of books for various schools at khandwa district,2025-01-06,100000.0,Physical Inspection,2025-03-21,100000.0,Completed,,,,,0.0,,155690684.77,Madhya Pradesh,KHANDWA,,,,100000.0,,,,,0.064229918538626,,121.0,,195.0,-291.0,1,Completed,218,24731533.0,150000.0,0.6065131506405202,259942.0,-61.52987974240407,0,0.0,0.0,0,0,,0.0,0,3,0,False,0,0,False,0,False,0,False,0,0,0,0,0,False,True,0,0.0,0.0,0.0,0.0,0.0,0.0,0.0,0.0,None,No material anomaly signal detected.,85.22,84.9,1,1,66.7,51.13,High,78.4,V41,RUN-20261008-254699,Audit,,False,ALT-V41-0284,HIGH,Pending Verification,Review supporting records
WS/MP643/2024-2025/139592,2024-09-07,100000.0,Madhya Pradesh,Khandwa (East Nimar)(DISTRICT COLLECTOR EAST NIMAR_IDA),Gyaneshwar Patil,GYANESHWAR PATIL,KHANDWA,Normal/Others,supply of books for various schools at khandwa district,2025-01-06,100000.0,Physical Inspection,2025-03-21,100000.0,Completed,,,,,0.0,,155690684.77,Madhya Pradesh,KHANDWA,,,,100000.0,,,,,0.064229918538626,,121.0,,195.0,-291.0,1,Completed,218,24731533.0,150000.0,0.6065131506405202,259942.0,-61.52987974240407,0,0.0,0.0,0,0,,0.0,0,3,0,False,0,0,False,0,False,0,False,0,0,0,0,0,False,True,0,0.0,0.0,0.0,0.0,0.0,0.0,0.0,0.0,None,No material anomaly signal detected.,85.22,84.9,1,1,66.7,51.13,High,78.4,V41,RUN-20261008-254699,Audit,,False,ALT-V41-0285,HIGH,Pending Verification,Review supporting records
WS/MP643/2024-2025/139593,2024-09-07,100000.0,Madhya Pradesh,Khandwa (East Nimar)(DISTRICT COLLECTOR EAST NIMAR_IDA),Gyaneshwar Patil,GYANESHWAR PATIL,KHANDWA,Normal/Others,supply of books for various schools at khandwa district,2025-01-06,100000.0,Physical Inspection,2025-03-21,100000.0,Completed,,,,,0.0,,155690684.77,Madhya Pradesh,KHANDWA,,,,100000.0,,,,,0.064229918538626,,121.0,,195.0,-291.0,1,Completed,218,24731533.0,150000.0,0.6065131506405202,259942.0,-61.52987974240407,0,0.0,0.0,0,0,,0.0,0,3,0,False,0,0,False,0,False,0,False,0,0,0,0,0,False,True,0,0.0,0.0,0.0,0.0,0.0,0.0,0.0,0.0,None,No material anomaly signal detected.,85.22,84.9,1,1,66.7,51.13,High,78.4,V41,RUN-20261008-254699,Audit,,False,ALT-V41-0286,HIGH,Pending Verification,Review supporting records
WS/MP643/2024-2025/139594,2024-09-07,100000.0,Madhya Pradesh,Khandwa (East Nimar)(DISTRICT COLLECTOR EAST NIMAR_IDA),Gyaneshwar Patil,GYANESHWAR PATIL,KHANDWA,Normal/Others,supply of books for various schools at khandwa district,2025-01-06,100000.0,Physical Inspection,2025-03-21,100000.0,Completed,,,,,0.0,,155690684.77,Madhya Pradesh,KHANDWA,,,,100000.0,,,,,0.064229918538626,,121.0,,195.0,-291.0,1,Completed,218,24731533.0,150000.0,0.6065131506405202,259942.0,-61.52987974240407,0,0.0,0.0,0,0,,0.0,0,3,0,False,0,0,False,0,False,0,False,0,0,0,0,0,False,True,0,0.0,0.0,0.0,0.0,0.0,0.0,0.0,0.0,None,No material anomaly signal detected.,85.22,84.9,1,1,66.7,51.13,High,78.4,V41,RUN-20261008-254699,Audit,,False,ALT-V41-0287,HIGH,Pending Verification,Review supporting records
WS/MP643/2024-2025/139595,2024-09-07,100000.0,Madhya Pradesh,Khandwa (East Nimar)(DISTRICT COLLECTOR EAST NIMAR_IDA),Gyaneshwar Patil,GYANESHWAR PATIL,KHANDWA,Normal/Others,supply of books for various schools at khandwa district,2025-01-06,100000.0,Physical Inspection,2025-03-21,100000.0,Completed,,,,,0.0,,155690684.77,Madhya Pradesh,KHANDWA,,,,100000.0,,,,,0.064229918538626,,121.0,,195.0,-291.0,1,Completed,218,24731533.0,150000.0,0.6065131506405202,259942.0,-61.52987974240407,0,0.0,0.0,0,0,,0.0,0,3,0,False,0,0,False,0,False,0,False,0,0,0,0,0,False,True,0,0.0,0.0,0.0,0.0,0.0,0.0,0.0,0.0,None,No material anomaly signal detected.,85.22,84.9,1,1,66.7,51.13,High,78.4,V41,RUN-20261008-254699,Audit,,False,ALT-V41-0288,HIGH,Pending Verification,Review supporting records
WS/MP643/2024-2025/146168,,,Madhya Pradesh,Khargone (West Nimar)(DISTRICT COLLECTOR KHARGONE_IDA),Gyaneshwar Patil,GYANESHWAR PATIL,KHANDWA,Normal/Others,GRAM JHIRNIYA OLD BUS STAND TILL GURUDWARA PEVAR BLOCKS,2024-12-30,1000000.0,Vendor Identification,,,,,,,,0.0,,155690684.77,Madhya Pradesh,KHANDWA,,,,1000000.0,,,,,0.64229918538626,,,,,,0,Under Implementation,218,24731533.0,150000.0,0.6065131506405202,259942.0,284.70120257595926,0,0.0,0.0,0,0,,0.0,0,1,0,False,0,0,False,0,False,0,False,0,0,0,0,0,False,True,0,0.0,0.0,0.0,0.0,0.0,0.0,0.0,0.0,None,No material anomaly signal detected.,88.67,86.23,1,1,55.6,53.2,High,71.1,V41,RUN-20261008-254699,Early-Warning,,False,ALT-V41-0289,HIGH,Pending Verification,Review supporting records
WS/MP643/2024-2025/146340,,,Madhya Pradesh,Khandwa (East Nimar)(DISTRICT COLLECTOR EAST NIMAR_IDA),Gyaneshwar Patil,GYANESHWAR PATIL,KHANDWA,Normal/Others,nalkup khanan at various wards khandwa,2025-02-19,300000.0,Vendor Identification,,,,150000.0,2025-06-10,Kamdhenu Agency,KAMDHENU AGENCY,1.0,Payment In-Progress,155690684.77,Madhya Pradesh,KHANDWA,,,,300000.0,-150000.0,-50.0,50.0,150000.0,0.192689755615878,0.5,,111.0,,,0,Under Implementation,218,24731533.0,150000.0,0.6065131506405202,259942.0,15.410360772787776,1,150000.0,150000.0,1,1,100.0,0.0045871559633027525,0,3,0,False,0,0,False,0,False,0,False,0,0,0,0,0,False,True,0,0.0,0.0,0.0,0.0,0.0,0.0,0.0,0.0,None,No material anomaly signal detected.,88.27,90.92,1,1,81.5,52.96,High,88.0,V41,RUN-20261008-254699,Early-Warning,,False,ALT-V41-0290,HIGH,Pending Verification,Review supporting records
WS/MP643/2024-2025/146592,,,Madhya Pradesh,Khandwa (East Nimar)(DISTRICT COLLECTOR EAST NIMAR_IDA),Gyaneshwar Patil,GYANESHWAR PATIL,KHANDWA,Normal/Others,near kunbhi samaj go shala singot bhavan nirman,2025-01-02,1500000.0,Vendor Identification,,,,,,,,0.0,,155690684.77,Madhya Pradesh,KHANDWA,,,,1500000.0,,,,,0.9634487780793899,,,,,,0,Under Implementation,218,24731533.0,150000.0,0.6065131506405202,259942.0,477.05180386393886,0,0.0,0.0,0,0,,0.0,0,1,0,False,0,0,False,0,False,0,False,0,0,0,0,0,False,True,0,0.0,0.0,0.0,0.0,0.0,0.0,0.0,0.0,None,No material anomaly signal detected.,92.05,84.37,1,1,55.6,55.23,High,71.1,V41,RUN-20261008-254699,Early-Warning,,False,ALT-V41-0291,HIGH,Pending Verification,Review supporting records
WS/MP643/2025-2026/146319,,,Madhya Pradesh,Khandwa (East Nimar)(DISTRICT COLLECTOR EAST NIMAR_IDA),Gyaneshwar Patil,GYANESHWAR PATIL,KHANDWA,Normal/Others,tin shed nirman near rajput dharmshala,2025-04-22,700000.0,Physical Inspection,2026-04-17,700000.0,Completed,,,,,0.0,,155690684.77,Madhya Pradesh,KHANDWA,,,,700000.0,,,,,0.449609429770382,,,,,-5.0,1,Completed,218,24731533.0,150000.0,0.6065131506405202,259942.0,169.29084180317147,0,0.0,0.0,0,0,,0.0,0,2,0,False,0,0,False,0,False,0,False,0,0,0,0,0,False,True,0,0.0,0.0,0.0,0.0,0.0,0.0,0.0,0.0,None,No material anomaly signal detected.,84.25,85.25,1,1,55.6,50.55,High,71.1,V41,RUN-20261008-254699,Audit,,False,ALT-V41-0292,HIGH,Pending Verification,Review supporting records
WS/MP644/2024-2025/151113,,,Madhya Pradesh,REWA(DISTRICT COLLECTOR REWA_IDA),Janardan Mishra,JANARDAN MISHRA,REWA,Normal/Others,Solar Street Lights,2025-03-28,3663450.0,Vendor Identification,,,,,,,,0.0,,147000000.0,Madhya Pradesh,REWA,,,,3663450.0,,,,,2.492142857142857,,,,,,0,Under Implementation,23,31557367.0,0.0,0.0,259942.0,1309.333620576898,0,0.0,0.0,0,0,,0.0,0,1,0,False,0,0,False,0,False,0,False,0,0,0,0,0,False,True,0,0.0,0.0,0.0,0.0,0.0,0.0,0.0,0.0,None,No material anomaly signal detected.,88.86,81.95,1,1,55.6,53.32,High,71.1,V41,RUN-20261008-254699,Early-Warning,,False,ALT-V41-0293,HIGH,Pending Verification,Review supporting records
WS/MP644/2024-2025/151117,,,Madhya Pradesh,REWA(DISTRICT COLLECTOR REWA_IDA),Janardan Mishra,JANARDAN MISHRA,REWA,Normal/Others,Solar Street lights,2025-01-17,1744500.0,Vendor Identification,,,,,,,,0.0,,147000000.0,Madhya Pradesh,REWA,,,,1744500.0,,,,,1.186734693877551,,,,,,0,Under Implementation,23,31557367.0,0.0,0.0,259942.0,571.111247893761,0,0.0,0.0,0,0,,0.0,0,1,0,False,0,0,False,0,False,0,False,0,0,0,0,0,False,True,0,0.0,0.0,0.0,0.0,0.0,0.0,0.0,0.0,None,No material anomaly signal detected.,88.86,81.95,1,1,55.6,53.32,High,71.1,V41,RUN-20261008-254699,Early-Warning,,False,ALT-V41-0294,HIGH,Pending Verification,Review supporting records
WS/MP644/2024-2025/151160,,,Madhya Pradesh,REWA(DISTRICT COLLECTOR REWA_IDA),Janardan Mishra,JANARDAN MISHRA,REWA,Normal/Others,Solar Street lights,2025-01-17,1395600.0,Vendor Identification,,,,,,,,0.0,,147000000.0,Madhya Pradesh,REWA,,,,1395600.0,,,,,0.9493877551020408,,,,,,0,Under Implementation,23,31557367.0,0.0,0.0,259942.0,436.8889983150087,0,0.0,0.0,0,0,,0.0,0,1,0,False,0,0,False,0,False,0,False,0,0,0,0,0,False,True,0,0.0,0.0,0.0,0.0,0.0,0.0,0.0,0.0,None,No material anomaly signal detected.,87.69,79.92,1,1,55.6,52.61,High,71.1,V41,RUN-20261008-254699,Early-Warning,,False,ALT-V41-0295,HIGH,Pending Verification,Review supporting records
WS/MP644/2024-2025/151169,,,Madhya Pradesh,REWA(DISTRICT COLLECTOR REWA_IDA),Janardan Mishra,JANARDAN MISHRA,REWA,Normal/Others,Solar Street lights,2025-01-17,1395600.0,Vendor Identification,,,,,,,,0.0,,147000000.0,Madhya Pradesh,REWA,,,,1395600.0,,,,,0.9493877551020408,,,,,,0,Under Implementation,23,31557367.0,0.0,0.0,259942.0,436.8889983150087,0,0.0,0.0,0,0,,0.0,0,1,0,False,0,0,False,0,False,0,False,0,0,0,0,0,False,True,0,0.0,0.0,0.0,0.0,0.0,0.0,0.0,0.0,None,No material anomaly signal detected.,87.69,79.92,1,1,55.6,52.61,High,71.1,V41,RUN-20261008-254699,Early-Warning,,False,ALT-V41-0296,HIGH,Pending Verification,Review supporting records
WS/MP644/2024-2025/151181,,,Madhya Pradesh,REWA(DISTRICT COLLECTOR REWA_IDA),Janardan Mishra,JANARDAN MISHRA,REWA,Normal/Others,Solar Street Lights,2025-01-17,3837900.0,Vendor Identification,,,,,,,,0.0,,147000000.0,Madhya Pradesh,REWA,,,,3837900.0,,,,,2.610816326530612,,,,,,0,Under Implementation,23,31557367.0,0.0,0.0,259942.0,1376.444745366274,0,0.0,0.0,0,0,,0.0,0,1,0,False,0,0,False,0,False,0,False,0,0,0,0,0,False,True,0,0.0,0.0,0.0,0.0,0.0,0.0,0.0,0.0,None,No material anomaly signal detected.,88.86,81.95,1,1,55.6,53.32,High,71.1,V41,RUN-20261008-254699,Early-Warning,,False,ALT-V41-0297,HIGH,Pending Verification,Review supporting records
WS/MP644/2024-2025/151187,,,Madhya Pradesh,MAUGANJ(District Collector Mauganj_IDA),Janardan Mishra,JANARDAN MISHRA,REWA,Normal/Others,Solar Street Lights,2025-01-24,1395716.0,Vendor Identification,,,,,,,,0.0,,147000000.0,Madhya Pradesh,REWA,,,,1395716.0,,,,,0.9494666666666667,,,,,,0,Under Implementation,23,31557367.0,0.0,0.0,259942.0,436.9336236545076,0,0.0,0.0,0,0,,0.0,0,1,0,False,0,0,False,0,False,0,False,0,0,0,0,0,False,True,0,0.0,0.0,0.0,0.0,0.0,0.0,0.0,0.0,None,No material anomaly signal detected.,87.76,79.98,1,1,55.6,52.66,High,71.1,V41,RUN-20261008-254699,Early-Warning,,False,ALT-V41-0298,HIGH,Pending Verification,Review supporting records
WS/MP644/2024-2025/151191,,,Madhya Pradesh,MAUGANJ(District Collector Mauganj_IDA),Janardan Mishra,JANARDAN MISHRA,REWA,Normal/Others,Solar Street Lights,2025-01-24,3140358.0,Vendor Identification,,,,,,,,0.0,,147000000.0,Madhya Pradesh,REWA,,,,3140358.0,,,,,2.1362979591836733,,,,,,0,Under Implementation,23,31557367.0,0.0,0.0,259942.0,1108.0994991190344,0,0.0,0.0,0,0,,0.0,0,1,0,False,0,0,False,0,False,0,False,0,0,0,0,0,False,True,0,0.0,0.0,0.0,0.0,0.0,0.0,0.0,0.0,None,No material anomaly signal detected.,88.86,81.95,1,1,55.6,53.32,High,71.1,V41,RUN-20261008-254699,Early-Warning,,False,ALT-V41-0299,HIGH,Pending Verification,Review supporting records
WS/MP644/2024-2025/151198,,,Madhya Pradesh,MAUGANJ(District Collector Mauganj_IDA),Janardan Mishra,JANARDAN MISHRA,REWA,Normal/Others,Solar Street Lights,2025-01-24,1046786.0,Vendor Identification,,,,,,,,0.0,,147000000.0,Madhya Pradesh,REWA,,,,1046786.0,,,,,0.7120993197278912,,,,,,0,Under Implementation,23,31557367.0,0.0,0.0,259942.0,302.6998330396781,0,0.0,0.0,0,0,,0.0,0,1,0,False,0,0,False,0,False,0,False,0,0,0,0,0,False,True,0,0.0,0.0,0.0,0.0,0.0,0.0,0.0,0.0,None,No material anomaly signal detected.,85.02,78.66,1,1,55.6,51.01,High,71.1,V41,RUN-20261008-254699,Early-Warning,,False,ALT-V41-0300,HIGH,Pending Verification,Review supporting records
WS/MP644/2024-2025/151374,,,Madhya Pradesh,MAUGANJ(District Collector Mauganj_IDA),Janardan Mishra,JANARDAN MISHRA,REWA,Normal/Others,water tanker,2025-01-24,1286088.0,Vendor Identification,,,,,,,,0.0,,147000000.0,Madhya Pradesh,REWA,,,,1286088.0,,,,,0.8748897959183674,,,,,,0,Under Implementation,23,31557367.0,0.0,0.0,259942.0,394.7596002185103,0,0.0,0.0,0,0,,0.0,0,1,0,False,0,0,False,0,False,0,False,0,0,0,0,0,False,True,0,0.0,0.0,0.0,0.0,0.0,0.0,0.0,0.0,None,No material anomaly signal detected.,86.81,79.01,1,1,55.6,52.09,High,71.1,V41,RUN-20261008-254699,Early-Warning,,False,ALT-V41-0301,HIGH,Pending Verification,Review supporting records
WS/MP644/2024-2025/151376,,,Madhya Pradesh,MAUGANJ(District Collector Mauganj_IDA),Janardan Mishra,JANARDAN MISHRA,REWA,Normal/Others,water tanker,2025-01-24,1125327.0,Work Completed,2025-04-25,1125327.0,Completed,,,,,0.0,,147000000.0,Madhya Pradesh,REWA,,,,1125327.0,,,,,0.7655285714285714,,,,,-274.0,1,Completed,23,31557367.0,0.0,0.0,259942.0,332.91465019119653,0,0.0,0.0,0,0,,0.0,0,2,0,False,0,0,False,0,False,0,False,0,0,0,0,0,False,True,0,0.0,0.0,0.0,0.0,0.0,0.0,0.0,0.0,None,No material anomaly signal detected.,85.73,78.97,1,1,55.6,51.44,High,71.1,V41,RUN-20261008-254699,Audit,,False,ALT-V41-0302,HIGH,Pending Verification,Review supporting records
WS/MP644/2024-2025/151387,,,Madhya Pradesh,REWA(DISTRICT COLLECTOR REWA_IDA),Janardan Mishra,JANARDAN MISHRA,REWA,Normal/Others,RCC Bench,2025-01-21,3062430.0,Vendor Identification,,,,,,,,0.0,,147000000.0,Madhya Pradesh,REWA,,,,3062430.0,,,,,2.083285714285714,,,,,,0,Under Implementation,23,31557367.0,0.0,0.0,259942.0,1078.1205038046949,0,0.0,0.0,0,0,,0.0,0,1,0,False,0,0,False,0,False,0,False,0,0,0,0,0,False,True,0,0.0,0.0,0.0,0.0,0.0,0.0,0.0,0.0,None,No material anomaly signal detected.,88.86,81.95,1,1,55.6,53.32,High,71.1,V41,RUN-20261008-254699,Early-Warning,,False,ALT-V41-0303,HIGH,Pending Verification,Review supporting records
WS/MP644/2024-2025/151390,,,Madhya Pradesh,REWA(DISTRICT COLLECTOR REWA_IDA),Janardan Mishra,JANARDAN MISHRA,REWA,Normal/Others,RCC Bench,2025-01-21,1749960.0,Vendor Identification,,,,,,,,0.0,,147000000.0,Madhya Pradesh,REWA,,,,1749960.0,,,,,1.1904489795918367,,,,,,0,Under Implementation,23,31557367.0,0.0,0.0,259942.0,573.2117164598257,0,0.0,0.0,0,0,,0.0,0,1,0,False,0,0,False,0,False,0,False,0,0,0,0,0,False,True,0,0.0,0.0,0.0,0.0,0.0,0.0,0.0,0.0,None,No material anomaly signal detected.,88.86,81.95,1,1,55.6,53.32,High,71.1,V41,RUN-20261008-254699,Early-Warning,,False,ALT-V41-0304,HIGH,Pending Verification,Review supporting records
WS/MP644/2026-2027/287554,,,,,,,,,,,,,,,,300000.0,2026-08-20,GP KATKI,GP KATKI,1.0,Payment In-Progress,,,,12.0,81134800.0,National Calamity; State Calamity,,,,,,,,,,,,0,Under Implementation,249,0.0,64270223.0,,,,1,300000.0,300000.0,1,1,100.0,0.004016064257028112,0,2,0,False,0,0,False,0,False,0,False,0,0,0,0,0,False,False,0,0.0,0.0,0.0,0.0,0.0,0.0,0.0,0.0,None,No material anomaly signal detected.,89.62,94.2,1,1,48.1,53.77,High,66.3,V41,RUN-20261008-254699,Early-Warning,,False,ALT-V41-0305,HIGH,Pending Verification,Review supporting records
WS/MP644/2026-2027/289040,,,,,,,,,,,,,,,,375000.0,2026-08-21,GP CHANDEH,GP CHANDEH,1.0,Payment In-Progress,,,,12.0,81134800.0,National Calamity; State Calamity,,,,,,,,,,,,0,Under Implementation,249,0.0,64270223.0,,,,1,375000.0,375000.0,1,1,100.0,0.004016064257028112,0,2,0,False,0,0,False,0,False,0,False,0,0,0,0,0,False,False,0,0.0,0.0,0.0,0.0,0.0,0.0,0.0,0.0,None,No material anomaly signal detected.,88.94,85.74,1,1,48.1,53.36,High,66.3,V41,RUN-20261008-254699,Early-Warning,,False,ALT-V41-0306,HIGH,Pending Verification,Review supporting records
WS/MP650/2025-2026/212495,,,,,,,,,,,,,,,,201594.0,2026-08-19,TANVEER Engineering,TANVEER ENGINEERING,1.0,Payment Success,,,,12.0,81134800.0,National Calamity; State Calamity,,,,,,,,,,,,0,Under Implementation,249,0.0,64270223.0,,,,1,201594.0,201594.0,1,1,100.0,0.004016064257028112,0,2,0,False,0,0,False,0,False,0,False,0,0,0,0,0,False,False,0,0.0,0.0,0.0,0.0,0.0,0.0,0.0,0.0,None,No material anomaly signal detected.,89.23,93.89,1,1,48.1,53.54,High,66.3,V41,RUN-20261008-254699,Early-Warning,,False,ALT-V41-0307,HIGH,Pending Verification,Review supporting records
WS/MP650/2025-2026/212496,,,,,,,,,,,,,,,,249621.0,2026-08-19,Jai Baba Barfani trader,JAI BABA BARFANI TRADER,1.0,Payment Success,,,,12.0,81134800.0,National Calamity; State Calamity,,,,,,,,,,,,0,Under Implementation,249,0.0,64270223.0,,,,1,249621.0,249621.0,1,1,100.0,0.004016064257028112,0,2,0,False,0,0,False,0,False,0,False,0,0,0,0,0,False,False,0,0.0,0.0,0.0,0.0,0.0,0.0,0.0,0.0,None,No material anomaly signal detected.,86.66,91.94,1,1,48.1,52.0,High,66.3,V41,RUN-20261008-254699,Early-Warning,,False,ALT-V41-0308,HIGH,Pending Verification,Review supporting records
WS/MP650/2025-2026/242025,,,,,,,,,,,,,,,,101562.0,2026-08-23,SHRI GANESH ASSOCIATES PROPRIETOR NARAYAN SHARMA,GANESH ASSOCIATES PROPRIETOR NARAYAN SHARMA,1.0,Payment In-Progress,,,,12.0,81134800.0,National Calamity; State Calamity,,,,,,,,,,,,0,Under Implementation,249,0.0,64270223.0,,,,2,198912.0,99456.0,1,1,51.05875965250966,0.008032128514056224,0,2,0,False,0,0,False,0,False,0,False,0,0,0,0,0,False,False,0,0.0,0.0,0.0,0.0,0.0,0.0,0.0,0.0,None,No material anomaly signal detected.,88.71,84.28,1,1,48.1,53.23,High,66.3,V41,RUN-20261008-254699,Early-Warning,,False,ALT-V41-0309,HIGH,Pending Verification,Review supporting records
WS/MP650/2025-2026/270890,,,,,,,,,,,,,,,,88717.0,2026-08-23,NAVKANJ ASSOCIATES,NAVKANJ ASSOCIATES,1.0,Payment In-Progress,,,,12.0,81134800.0,National Calamity; State Calamity,,,,,,,,,,,,0,Under Implementation,249,0.0,64270223.0,,,,8,758364.0,94795.5,1,1,11.698471973880617,0.0321285140562249,0,2,0,False,0,0,False,1,True,0,False,0,0,0,0,0,False,False,1,0.0,0.0,0.0,0.8,0.0,0.0,0.0,11.2,Suspicious Vendor,vendor has high project concentration,90.13,78.21,1,1,48.1,58.56,High,66.3,V41,RUN-20261008-254699,Early-Warning,,False,ALT-V41-0310,HIGH,Pending Verification,Review supporting records
WS/MP650/2025-2026/270891,,,,,,,,,,,,,,,,98115.0,2026-08-23,NAVKANJ ASSOCIATES,NAVKANJ ASSOCIATES,1.0,Payment In-Progress,,,,12.0,81134800.0,National Calamity; State Calamity,,,,,,,,,,,,0,Under Implementation,249,0.0,64270223.0,,,,8,758364.0,94795.5,1,1,12.937718562589998,0.0321285140562249,0,2,0,False,0,0,False,1,True,0,False,0,0,0,0,0,False,False,1,0.0,0.0,0.0,0.8,0.0,0.0,0.0,11.2,Suspicious Vendor,vendor has high project concentration,89.8,77.86,1,1,48.1,58.36,High,66.3,V41,RUN-20261008-254699,Early-Warning,,False,ALT-V41-0311,HIGH,Pending Verification,Review supporting records
WS/MP650/2025-2026/270895,,,,,,,,,,,,,,,,99970.0,2026-08-23,NAVKANJ ASSOCIATES,NAVKANJ ASSOCIATES,1.0,Payment In-Progress,,,,12.0,81134800.0,National Calamity; State Calamity,,,,,,,,,,,,0,Under Implementation,249,0.0,64270223.0,,,,8,758364.0,94795.5,1,1,13.182324055466768,0.0321285140562249,0,2,0,False,0,0,False,1,True,0,False,0,0,0,0,0,False,False,1,0.0,0.0,0.0,0.8,0.0,0.0,0.0,11.2,Suspicious Vendor,vendor has high project concentration,89.85,77.9,1,1,48.1,58.39,High,66.3,V41,RUN-20261008-254699,Early-Warning,,False,ALT-V41-0312,HIGH,Pending Verification,Review supporting records
WS/MP650/2025-2026/270897,,,,,,,,,,,,,,,,89912.0,2026-08-23,NAVKANJ ASSOCIATES,NAVKANJ ASSOCIATES,1.0,Payment In-Progress,,,,12.0,81134800.0,National Calamity; State Calamity,,,,,,,,,,,,0,Under Implementation,249,0.0,64270223.0,,,,8,758364.0,94795.5,1,1,11.856048019157027,0.0321285140562249,0,2,0,False,0,0,False,1,True,0,False,0,0,0,0,0,False,False,1,0.0,0.0,0.0,0.8,0.0,0.0,0.0,11.2,Suspicious Vendor,vendor has high project concentration,90.05,78.12,1,1,48.1,58.51,High,66.3,V41,RUN-20261008-254699,Early-Warning,,False,ALT-V41-0313,HIGH,Pending Verification,Review supporting records
WS/MP650/2025-2026/270899,,,,,,,,,,,,,,,,94314.0,2026-08-23,NAVKANJ ASSOCIATES,NAVKANJ ASSOCIATES,1.0,Payment In-Progress,,,,12.0,81134800.0,National Calamity; State Calamity,,,,,,,,,,,,0,Under Implementation,249,0.0,64270223.0,,,,8,758364.0,94795.5,1,1,12.436508062091555,0.0321285140562249,0,2,0,False,0,0,False,1,True,0,False,0,0,0,0,0,False,False,1,0.0,0.0,0.0,0.8,0.0,0.0,0.0,11.2,Suspicious Vendor,vendor has high project concentration,89.98,78.04,1,1,48.1,58.47,High,66.3,V41,RUN-20261008-254699,Early-Warning,,False,ALT-V41-0314,HIGH,Pending Verification,Review supporting records
WS/MP650/2025-2026/271210,,,,,,,,,,,,,,,,102276.0,2026-08-23,NAVKANJ ASSOCIATES,NAVKANJ ASSOCIATES,1.0,Payment In-Progress,,,,12.0,81134800.0,National Calamity; State Calamity,,,,,,,,,,,,0,Under Implementation,249,0.0,64270223.0,,,,8,758364.0,94795.5,1,1,13.486399670870453,0.0321285140562249,0,2,0,False,0,0,False,1,True,0,False,0,0,0,0,0,False,False,1,0.0,0.0,0.0,0.8,0.0,0.0,0.0,11.2,Suspicious Vendor,vendor has high project concentration,89.79,77.99,1,1,48.1,58.35,High,66.3,V41,RUN-20261008-254699,Early-Warning,,False,ALT-V41-0315,HIGH,Pending Verification,Review supporting records
WS/MP650/2025-2026/271214,,,,,,,,,,,,,,,,89695.0,2026-08-23,NAVKANJ ASSOCIATES,NAVKANJ ASSOCIATES,1.0,Payment In-Progress,,,,12.0,81134800.0,National Calamity; State Calamity,,,,,,,,,,,,0,Under Implementation,249,0.0,64270223.0,,,,8,758364.0,94795.5,1,1,11.827433791688424,0.0321285140562249,0,2,0,False,0,0,False,1,True,0,False,0,0,0,0,0,False,False,1,0.0,0.0,0.0,0.8,0.0,0.0,0.0,11.2,Suspicious Vendor,vendor has high project concentration,90.07,78.17,1,1,48.1,58.52,High,66.3,V41,RUN-20261008-254699,Early-Warning,,False,ALT-V41-0316,HIGH,Pending Verification,Review supporting records
WS/MP650/2025-2026/271215,,,,,,,,,,,,,,,,95365.0,2026-08-23,NAVKANJ ASSOCIATES,NAVKANJ ASSOCIATES,1.0,Payment In-Progress,,,,12.0,81134800.0,National Calamity; State Calamity,,,,,,,,,,,,0,Under Implementation,249,0.0,64270223.0,,,,8,758364.0,94795.5,1,1,12.57509586425516,0.0321285140562249,0,2,0,False,0,0,False,1,True,0,False,0,0,0,0,0,False,False,1,0.0,0.0,0.0,0.8,0.0,0.0,0.0,11.2,Suspicious Vendor,vendor has high project concentration,89.89,77.95,1,1,48.1,58.41,High,66.3,V41,RUN-20261008-254699,Early-Warning,,False,ALT-V41-0317,HIGH,Pending Verification,Review supporting records
WS/MP653/2026-2027/289947,,,,,,,,,,,,,,,,200000.0,2026-08-10,GP SHEKUKHEDA JAWAR,GP SHEKUKHEDA JAWAR,1.0,Payment Success,,,,12.0,81134800.0,National Calamity; State Calamity,,,,,,,,,,,,0,Under Implementation,249,0.0,64270223.0,,,,1,200000.0,200000.0,1,1,100.0,0.004016064257028112,0,2,0,False,0,0,False,0,False,0,False,0,0,0,0,0,False,False,0,0.0,0.0,0.0,0.0,0.0,0.0,0.0,0.0,None,No material anomaly signal detected.,87.61,91.01,1,1,48.1,52.57,High,66.3,V41,RUN-20261008-254699,Early-Warning,,False,ALT-V41-0318,HIGH,Pending Verification,Review supporting records
WS/MP654/2024-2025/142738,2024-09-23,1495940.0,Madhya Pradesh,ANUPPUR(DISTRICT COLLECTOR ANUPPUR_IDA),Smt Himadri Singh,HIMADRI SINGH,SHAHDOL (ST),Normal/Others,"Construction work of a culvert in Kahjuraha Nala, Baiga Mohalla",2024-11-06,1495940.0,Physical Inspection,2025-04-28,1495940.0,Completed,,,,,0.0,,150724861.11,Madhya Pradesh,SHAHDOL (ST),,,,1495940.0,,,,,0.9924971826036402,,44.0,,217.0,-192.0,1,Completed,49,12472040.0,0.0,0.0,259942.0,475.48991698148046,0,0.0,0.0,0,0,,0.0,0,3,0,False,0,0,False,0,False,0,False,0,0,0,0,0,False,True,0,0.0,0.0,0.0,0.0,0.0,0.0,0.0,0.0,None,No material anomaly signal detected.,92.53,79.72,1,1,66.7,55.52,High,78.4,V41,RUN-20261008-254699,Audit,,False,ALT-V41-0319,HIGH,Pending Verification,Review supporting records
WS/MP654/2024-2025/142740,2024-09-23,999000.0,Madhya Pradesh,ANUPPUR(DISTRICT COLLECTOR ANUPPUR_IDA),Smt Himadri Singh,HIMADRI SINGH,SHAHDOL (ST),Normal/Others,"Construction work of a culvert in ward no. 09, Dadratola",2024-11-06,999000.0,Physical Inspection,2025-03-20,999000.0,Completed,,,,,0.0,,150724861.11,Madhya Pradesh,SHAHDOL (ST),,,,999000.0,,,,,0.6627970944162443,,44.0,,178.0,-231.0,1,Completed,49,12472040.0,0.0,0.0,259942.0,284.3165013733833,0,0.0,0.0,0,0,,0.0,0,3,0,False,0,0,False,0,False,0,False,0,0,0,0,0,False,True,0,0.0,0.0,0.0,0.0,0.0,0.0,0.0,0.0,None,No material anomaly signal detected.,91.01,78.52,1,1,66.7,54.61,High,78.4,V41,RUN-20261008-254699,Audit,,False,ALT-V41-0320,HIGH,Pending Verification,Review supporting records
WS/MP654/2024-2025/142741,2024-09-23,1499800.0,Madhya Pradesh,ANUPPUR(DISTRICT COLLECTOR ANUPPUR_IDA),Smt Himadri Singh,HIMADRI SINGH,SHAHDOL (ST),Normal/Others,construction of culvert near sant kumar's field.,2024-11-06,1499800.0,Physical Inspection,2025-03-20,1499800.0,Completed,,,,,0.0,,150724861.11,Madhya Pradesh,SHAHDOL (ST),,,,1499800.0,,,,,0.9950581403458291,,44.0,,178.0,-231.0,1,Completed,49,12472040.0,0.0,0.0,259942.0,476.9748636234237,0,0.0,0.0,0,0,,0.0,0,3,0,False,0,0,False,0,False,0,False,0,0,0,0,0,False,True,0,0.0,0.0,0.0,0.0,0.0,0.0,0.0,0.0,None,No material anomaly signal detected.,93.39,82.11,1,1,66.7,56.03,High,78.4,V41,RUN-20261008-254699,Audit,,False,ALT-V41-0321,HIGH,Pending Verification,Review supporting records
WS/MP654/2024-2025/149303,,,Madhya Pradesh,SHAHDOL(District Collector Shahdol_IDA),Smt Himadri Singh,HIMADRI SINGH,SHAHDOL (ST),Normal/Others,Culvert and Returning wall construction work in Mairtola access road. Implementing Agency - Gram Panchayat,2025-03-10,2499000.0,Vendor Identification,,,,,,,,0.0,,150724861.11,Madhya Pradesh,SHAHDOL (ST),,,,2499000.0,,,,,1.657987926873068,,,,,,0,Under Implementation,49,12472040.0,0.0,0.0,259942.0,861.3683052373223,0,0.0,0.0,0,0,,0.0,0,1,0,False,0,0,False,0,False,0,False,0,0,0,0,0,False,True,0,0.0,0.0,0.0,0.0,0.0,0.0,0.0,0.0,None,No material anomaly signal detected.,88.34,81.31,1,1,55.6,53.0,High,71.1,V41,RUN-20261008-254699,Early-Warning,,False,ALT-V41-0322,HIGH,Pending Verification,Review supporting records
WS/MP654/2024-2025/149305,,,Madhya Pradesh,ANUPPUR(DISTRICT COLLECTOR ANUPPUR_IDA),Smt Himadri Singh,HIMADRI SINGH,SHAHDOL (ST),Normal/Others,RCC drain construction work from next to Panchayat Bhawan towards Gendlal Bhaina's house. Implementing Agency - Gram Panchayat,2024-11-20,1479000.0,Work partially Completed,,,,,,,,0.0,,150724861.11,Madhya Pradesh,SHAHDOL (ST),,,,1479000.0,,,,,0.9812581608024279,,,,,,1,Completed,49,12472040.0,0.0,0.0,259942.0,468.9730786098437,0,0.0,0.0,0,0,,0.0,0,1,0,False,0,0,False,0,False,0,False,0,0,0,0,0,False,True,0,0.0,0.0,0.0,0.0,0.0,0.0,0.0,0.0,None,No material anomaly signal detected.,88.34,81.31,1,1,55.6,53.0,High,71.1,V41,RUN-20261008-254699,Audit,,False,ALT-V41-0323,HIGH,Pending Verification,Review supporting records
WS/MP654/2024-2025/151713,,,Madhya Pradesh,SHAHDOL(District Collector Shahdol_IDA),Smt Himadri Singh,HIMADRI SINGH,SHAHDOL (ST),Normal/Others,Culvert construction work near Babulal's house in village Bhatigawan. Implementing Agency - Gram Panchayat,2024-12-03,1500000.0,Vendor Identification,,,,,,,,0.0,,150724861.11,Madhya Pradesh,SHAHDOL (ST),,,,1500000.0,,,,,0.9951908324568234,,,,,,0,Under Implementation,49,12472040.0,0.0,0.0,259942.0,477.05180386393886,0,0.0,0.0,0,0,,0.0,0,1,0,False,0,0,False,0,False,0,False,0,0,0,0,0,False,True,0,0.0,0.0,0.0,0.0,0.0,0.0,0.0,0.0,None,No material anomaly signal detected.,88.34,81.31,1,1,55.6,53.0,High,71.1,V41,RUN-20261008-254699,Early-Warning,,False,ALT-V41-0324,HIGH,Pending Verification,Review supporting records
WS/MP654/2026-2027/300734,,,,,,,,,,,,,,,,400000.0,2026-08-27,Gram Panchayat Khamhariya Baagri,GRAM PANCHAYAT KHAMHARIYA BAAGRI,1.0,Payment In-Progress,,,,12.0,81134800.0,National Calamity; State Calamity,,,,,,,,,,,,0,Under Implementation,249,0.0,64270223.0,,,,2,750000.0,375000.0,1,1,53.333333333333336,0.008032128514056224,0,2,0,False,0,0,False,0,False,0,False,0,0,0,0,0,False,False,0,0.0,0.0,0.0,0.0,0.0,0.0,0.0,0.0,None,No material anomaly signal detected.,93.16,86.63,1,1,48.1,55.9,High,66.3,V41,RUN-20261008-254699,Early-Warning,,False,ALT-V41-0325,HIGH,Pending Verification,Review supporting records
WS/MP654/2026-2027/301028,,,,,,,,,,,,,,,,350000.0,2026-08-27,Gram Panchayat Khamhariya Baagri,GRAM PANCHAYAT KHAMHARIYA BAAGRI,1.0,Payment In-Progress,,,,12.0,81134800.0,National Calamity; State Calamity,,,,,,,,,,,,0,Under Implementation,249,0.0,64270223.0,,,,2,750000.0,375000.0,1,1,46.666666666666664,0.008032128514056224,0,2,0,False,0,0,False,0,False,0,False,0,0,0,0,0,False,False,0,0.0,0.0,0.0,0.0,0.0,0.0,0.0,0.0,None,No material anomaly signal detected.,92.97,86.67,1,1,48.1,55.78,High,66.3,V41,RUN-20261008-254699,Early-Warning,,False,ALT-V41-0326,HIGH,Pending Verification,Review supporting records
