work_id,dataset_version,state,constituency,mp_name,work_category,sanction_amount,work_status,analysis_mode,effectively_completed,risk_score,risk_category,n_signals_available,split_payment_flag,is_govt_body,any_is_anomaly_v2,any_is_anomaly_lof,cost_deviation_pct,utilization_pct_completed,recommendation_to_sanction_days,rule_expenditure_over_sanction,rule_extreme_delay,rule_vendor_concentration,known_false_positive,effective_sanction_amount,expenditure_amount,amount_disbursed,allocated_amount,recommended_date,sanction_date,completion_date,expenditure_date,project_duration_days,vendor_name,vendor_project_count,vendor_total_payment,anomaly_count,anomaly_type,ml_anomaly_score,rule_score,risk_signal_strength,explanation,dashboard_status,analysis_run_id
WS/MP18107/2024-2025/163595,V41,,,,,,,Early-Warning,0,63.94,High,2,0,False,1,1,,,,False,False,False,False,,2202571.0,,,,,,2026-07-06,,GURJEET SINGH,1,2202571.0,2,Unusual Expenditure; Transaction Outlier,94.12,18.67,66.3,expenditure is in an extreme upper range,Under Implementation,RUN-20261008-254699
WS/MP642/2026-2027/246075,V41,,,,,,,Early-Warning,0,63.37,High,2,0,False,1,1,,,,False,False,True,False,,466151.0,,,,,,2026-07-19,,SHREE KRIPA ENTERPRISES SATNA,29,5809403.0,1,Suspicious Vendor,96.29,14.0,66.3,vendor has high project concentration,Under Implementation,RUN-20261008-254699
WS/MP444/2026-2027/254267,V41,,,,,,,Early-Warning,0,63.01,High,2,0,False,1,1,,,,False,False,False,False,,1999844.0,,,,,,2026-07-27,,PRATIBHA PRATISHTHAN,1,1999844.0,2,Unusual Expenditure; Transaction Outlier,93.71,16.95,66.3,expenditure is in an extreme upper range,Under Implementation,RUN-20261008-254699
WS/MP18109/2025-2026/240685,V41,,,,,,,Early-Warning,0,63.01,High,2,0,False,1,1,,,,False,False,True,False,,776983.0,,,,,,2026-08-14,,SE O and M MPPKVVCL SIDHI,10,2627693.0,1,Suspicious Vendor,95.68,14.0,66.3,vendor has high project concentration,Under Implementation,RUN-20261008-254699
WS/MP642/2026-2027/199837,V41,,,,,,,Early-Warning,0,62.82,High,2,0,False,1,1,,,,False,False,True,False,,49611.0,,,,,,2026-08-27,,SHREE KRIPA ENTERPRISES SATNA,29,5809403.0,1,Suspicious Vendor,95.37,14.0,66.3,vendor has high project concentration,Under Implementation,RUN-20261008-254699
WS/MP642/2026-2027/197112,V41,,,,,,,Early-Warning,0,62.82,High,2,0,False,1,1,,,,False,False,True,False,,63837.0,,,,,,2026-07-17,,SHREE KRIPA ENTERPRISES SATNA,29,5809403.0,1,Suspicious Vendor,95.37,14.0,66.3,vendor has high project concentration,Under Implementation,RUN-20261008-254699
WS/MP642/2026-2027/197133,V41,,,,,,,Early-Warning,0,62.81,High,2,0,False,1,1,,,,False,False,True,False,,73031.0,,,,,,2026-07-14,,SHREE KRIPA ENTERPRISES SATNA,29,5809403.0,1,Suspicious Vendor,95.35,14.0,66.3,vendor has high project concentration,Under Implementation,RUN-20261008-254699
WS/MP642/2026-2027/197129,V41,,,,,,,Early-Warning,0,62.71,High,2,0,False,1,1,,,,False,False,True,False,,75946.0,,,,,,2026-07-19,,SHREE KRIPA ENTERPRISES SATNA,29,5809403.0,1,Suspicious Vendor,95.18,14.0,66.3,vendor has high project concentration,Under Implementation,RUN-20261008-254699
WS/MP642/2026-2027/246074,V41,,,,,,,Early-Warning,0,62.48,High,2,0,False,1,1,,,,False,False,True,False,,92774.0,,,,,,2026-07-19,,SHREE KRIPA ENTERPRISES SATNA,29,5809403.0,1,Suspicious Vendor,94.8,14.0,66.3,vendor has high project concentration,Under Implementation,RUN-20261008-254699
WS/MP18109/2025-2026/240682,V41,,,,,,,Early-Warning,0,62.44,High,2,1,False,1,1,,,,False,False,True,False,,474807.0,,,,,,2026-08-25,,SE O and M MPPKVVCL SIDHI,10,2627693.0,2,Suspicious Vendor,94.73,14.0,66.3,vendor has high project concentration,Under Implementation,RUN-20261008-254699
WS/MP642/2026-2027/199817,V41,,,,,,,Early-Warning,0,62.42,High,2,0,False,1,1,,,,False,False,True,False,,291965.0,,,,,,2026-08-27,,SHREE KRIPA ENTERPRISES SATNA,29,5809403.0,1,Suspicious Vendor,94.7,14.0,66.3,vendor has high project concentration,Under Implementation,RUN-20261008-254699
WS/MP642/2025-2026/196624,V41,,,,,,,Early-Warning,0,62.34,High,2,0,False,1,1,,,,False,False,True,False,,64940.0,,,,,,2026-08-27,,ARVIND SINGH SATNA,16,3370745.0,1,Suspicious Vendor,94.57,14.0,66.3,vendor has high project concentration,Under Implementation,RUN-20261008-254699
WS/MP642/2025-2026/196598,V41,,,,,,,Early-Warning,0,62.34,High,2,0,False,1,1,,,,False,False,True,False,,55373.0,,,,,,2026-08-27,,ARVIND SINGH SATNA,16,3370745.0,1,Suspicious Vendor,94.57,14.0,66.3,vendor has high project concentration,Under Implementation,RUN-20261008-254699
WS/MP642/2025-2026/196614,V41,,,,,,,Early-Warning,0,62.23,High,2,0,False,1,1,,,,False,False,True,False,,94797.0,,,,,,2026-08-27,,ARVIND SINGH SATNA,16,3370745.0,1,Suspicious Vendor,94.39,14.0,66.3,vendor has high project concentration,Under Implementation,RUN-20261008-254699
WS/MP642/2025-2026/196588,V41,,,,,,,Early-Warning,0,62.17,High,2,0,False,1,1,,,,False,False,True,False,,285774.0,,,,,,2026-08-27,,ARVIND SINGH SATNA,16,3370745.0,1,Suspicious Vendor,94.28,14.0,66.3,vendor has high project concentration,Under Implementation,RUN-20261008-254699
WS/MP642/2025-2026/196590,V41,,,,,,,Early-Warning,0,61.95,High,2,0,False,1,1,,,,False,False,True,False,,267676.0,,,,,,2026-08-27,,ARVIND SINGH SATNA,16,3370745.0,1,Suspicious Vendor,93.92,14.0,66.3,vendor has high project concentration,Under Implementation,RUN-20261008-254699
WS/MP642/2025-2026/196597,V41,,,,,,,Early-Warning,0,61.92,High,2,0,False,1,1,,,,False,False,True,False,,265681.0,,,,,,2026-08-27,,ARVIND SINGH SATNA,16,3370745.0,1,Suspicious Vendor,93.87,14.0,66.3,vendor has high project concentration,Under Implementation,RUN-20261008-254699
WS/MP642/2025-2026/196593,V41,,,,,,,Early-Warning,0,61.84,High,2,0,False,1,1,,,,False,False,True,False,,260120.0,,,,,,2026-08-27,,ARVIND SINGH SATNA,16,3370745.0,1,Suspicious Vendor,93.74,14.0,66.3,vendor has high project concentration,Under Implementation,RUN-20261008-254699
WS/MP642/2025-2026/196620,V41,,,,,,,Early-Warning,0,61.83,High,2,0,False,1,1,,,,False,False,True,False,,247324.0,,,,,,2026-08-27,,ARVIND SINGH SATNA,16,3370745.0,1,Suspicious Vendor,93.71,14.0,66.3,vendor has high project concentration,Under Implementation,RUN-20261008-254699
WS/MP642/2025-2026/196613,V41,,,,,,,Early-Warning,0,61.8,High,2,0,False,1,1,,,,False,False,True,False,,244262.0,,,,,,2026-08-27,,ARVIND SINGH SATNA,16,3370745.0,1,Suspicious Vendor,93.66,14.0,66.3,vendor has high project concentration,Under Implementation,RUN-20261008-254699
WS/MP642/2025-2026/196589,V41,,,,,,,Early-Warning,0,61.8,High,2,0,False,1,1,,,,False,False,True,False,,252878.0,,,,,,2026-08-27,,ARVIND SINGH SATNA,16,3370745.0,1,Suspicious Vendor,93.67,14.0,66.3,vendor has high project concentration,Under Implementation,RUN-20261008-254699
WS/MP642/2025-2026/196576,V41,,,,,,,Early-Warning,0,61.78,High,2,0,False,1,1,,,,False,False,True,False,,251896.0,,,,,,2026-08-27,,ARVIND SINGH SATNA,16,3370745.0,1,Suspicious Vendor,93.63,14.0,66.3,vendor has high project concentration,Under Implementation,RUN-20261008-254699
WS/MP642/2025-2026/196594,V41,,,,,,,Early-Warning,0,61.72,High,2,0,False,1,1,,,,False,False,True,False,,227606.0,,,,,,2026-08-27,,ARVIND SINGH SATNA,16,3370745.0,1,Suspicious Vendor,93.54,14.0,66.3,vendor has high project concentration,Under Implementation,RUN-20261008-254699
WS/MP642/2025-2026/196604,V41,,,,,,,Early-Warning,0,61.71,High,2,0,False,1,1,,,,False,False,True,False,,234493.0,,,,,,2026-08-27,,ARVIND SINGH SATNA,16,3370745.0,1,Suspicious Vendor,93.52,14.0,66.3,vendor has high project concentration,Under Implementation,RUN-20261008-254699
WS/MP642/2025-2026/196603,V41,,,,,,,Early-Warning,0,61.7,High,2,0,False,1,1,,,,False,False,True,False,,237046.0,,,,,,2026-08-27,,ARVIND SINGH SATNA,16,3370745.0,1,Suspicious Vendor,93.5,14.0,66.3,vendor has high project concentration,Under Implementation,RUN-20261008-254699
WS/MP18109/2025-2026/240684,V41,,,,,,,Early-Warning,0,61.68,High,2,0,False,1,1,,,,False,False,True,False,,345085.0,,,,,,2026-08-11,,SE O and M MPPKVVCL SIDHI,10,2627693.0,1,Suspicious Vendor,93.47,14.0,66.3,vendor has high project concentration,Under Implementation,RUN-20261008-254699
WS/MP642/2025-2026/196619,V41,,,,,,,Early-Warning,0,61.68,High,2,0,False,1,1,,,,False,False,True,False,,193957.0,,,,,,2026-08-27,,ARVIND SINGH SATNA,16,3370745.0,1,Suspicious Vendor,93.47,14.0,66.3,vendor has high project concentration,Under Implementation,RUN-20261008-254699
WS/MP642/2025-2026/196579,V41,,,,,,,Early-Warning,0,61.62,High,2,0,False,1,1,,,,False,False,True,False,,186922.0,,,,,,2026-08-27,,ARVIND SINGH SATNA,16,3370745.0,1,Suspicious Vendor,93.37,14.0,66.3,vendor has high project concentration,Under Implementation,RUN-20261008-254699
WS/MP18109/2025-2026/240689,V41,,,,,,,Early-Warning,0,61.46,High,2,0,False,1,1,,,,False,False,True,False,,70330.0,,,,,,2026-08-18,,SE O and M MPPKVVCL SIDHI,10,2627693.0,1,Suspicious Vendor,93.1,14.0,66.3,vendor has high project concentration,Under Implementation,RUN-20261008-254699
WS/MP18109/2025-2026/240688,V41,,,,,,,Early-Warning,0,61.46,High,2,0,False,1,1,,,,False,False,True,False,,29584.0,,,,,,2026-08-18,,SE O and M MPPKVVCL SIDHI,10,2627693.0,1,Suspicious Vendor,93.1,14.0,66.3,vendor has high project concentration,Under Implementation,RUN-20261008-254699
WS/MP18109/2025-2026/240687,V41,,,,,,,Early-Warning,0,61.18,High,2,0,False,1,1,,,,False,False,True,False,,80296.0,,,,,,2026-08-18,,SE O and M MPPKVVCL SIDHI,10,2627693.0,1,Suspicious Vendor,92.63,14.0,66.3,vendor has high project concentration,Under Implementation,RUN-20261008-254699
WS/MP18109/2025-2026/240681,V41,,,,,,,Early-Warning,0,61.1,High,2,0,False,1,1,,,,False,False,True,False,,97276.0,,,,,,2026-08-14,,SE O and M MPPKVVCL SIDHI,10,2627693.0,1,Suspicious Vendor,92.5,14.0,66.3,vendor has high project concentration,Under Implementation,RUN-20261008-254699
WS/MP18109/2025-2026/240686,V41,,,,,,,Early-Warning,0,61.05,High,2,0,False,1,1,,,,False,False,True,False,,308487.0,,,,,,2026-08-10,,SE O and M MPPKVVCL SIDHI,10,2627693.0,1,Suspicious Vendor,92.42,14.0,66.3,vendor has high project concentration,Under Implementation,RUN-20261008-254699
WS/MP642/2026-2027/198566,V41,,,,,,,Early-Warning,0,60.81,High,2,0,False,1,1,,,,False,False,True,False,,267660.0,,,,,,2026-07-19,,SHREE KRIPA ENTERPRISES SATNA,29,5809403.0,1,Suspicious Vendor,92.02,14.0,66.3,vendor has high project concentration,Under Implementation,RUN-20261008-254699
WS/MP18109/2025-2026/240683,V41,,,,,,,Early-Warning,0,60.65,High,2,0,False,1,1,,,,False,False,True,False,,290193.0,,,,,,2026-08-14,,SE O and M MPPKVVCL SIDHI,10,2627693.0,1,Suspicious Vendor,91.75,14.0,66.3,vendor has high project concentration,Under Implementation,RUN-20261008-254699
WS/MP642/2026-2027/198553,V41,,,,,,,Early-Warning,0,60.33,High,2,0,False,1,1,,,,False,False,True,False,,256842.0,,,,,,2026-08-27,,SHREE KRIPA ENTERPRISES SATNA,29,5809403.0,1,Suspicious Vendor,91.21,14.0,66.3,vendor has high project concentration,Under Implementation,RUN-20261008-254699
WS/MP642/2026-2027/197128,V41,,,,,,,Early-Warning,0,60.13,High,2,0,False,1,1,,,,False,False,True,False,,247050.0,,,,,,2026-07-19,,SHREE KRIPA ENTERPRISES SATNA,29,5809403.0,1,Suspicious Vendor,90.89,14.0,66.3,vendor has high project concentration,Under Implementation,RUN-20261008-254699
WS/MP642/2026-2027/199820,V41,,,,,,,Early-Warning,0,60.12,High,2,0,False,1,1,,,,False,False,True,False,,245954.0,,,,,,2026-08-27,,SHREE KRIPA ENTERPRISES SATNA,29,5809403.0,1,Suspicious Vendor,90.86,14.0,66.3,vendor has high project concentration,Under Implementation,RUN-20261008-254699
WS/MP642/2026-2027/199842,V41,,,,,,,Early-Warning,0,60.03,High,2,0,False,1,1,,,,False,False,True,False,,233565.0,,,,,,2026-08-27,,SHREE KRIPA ENTERPRISES SATNA,29,5809403.0,1,Suspicious Vendor,90.71,14.0,66.3,vendor has high project concentration,Under Implementation,RUN-20261008-254699
WS/MP642/2026-2027/197123,V41,,,,,,,Early-Warning,0,60.01,High,2,0,False,1,1,,,,False,False,True,False,,233533.0,,,,,,2026-07-14,,SHREE KRIPA ENTERPRISES SATNA,29,5809403.0,1,Suspicious Vendor,90.68,14.0,66.3,vendor has high project concentration,Under Implementation,RUN-20261008-254699
WS/MP18109/2026-2027/247523,V41,,,,,,,Early-Warning,0,59.77,High,2,1,False,1,1,,,,False,False,False,False,,200000.0,,,,,,2026-08-27,,GRAM PANCHAYAT OBARHA JANPAD PANCHAYAT SIDHI,1,200000.0,2,Duplicate Payment,87.61,18.0,66.3,possible repeated work/vendor/amount payment pattern,Under Implementation,RUN-20261008-254699
WS/MP18109/2026-2027/244415,V41,,,,,,,Early-Warning,0,59.66,High,2,1,False,1,1,,,,False,False,False,False,,192500.0,,,,,,2026-07-07,,GRAM PANCHAYAT BAGHAYU,1,192500.0,2,Duplicate Payment,87.44,18.0,66.3,possible repeated work/vendor/amount payment pattern,Under Implementation,RUN-20261008-254699
WS/MP18109/2025-2026/240680,V41,,,,,,,Early-Warning,0,59.5,High,2,0,False,1,1,,,,False,False,True,False,,154652.0,,,,,,2026-08-18,,SE O and M MPPKVVCL SIDHI,10,2627693.0,1,Suspicious Vendor,89.83,14.0,66.3,vendor has high project concentration,Under Implementation,RUN-20261008-254699
WS/MP18109/2026-2027/164962,V41,,,,,,,Early-Warning,0,59.14,High,2,1,False,1,1,,,,False,False,False,False,,249870.0,,,,,,2026-08-05,,GRAM PANCHAYAT RAMPUR,1,249870.0,2,Duplicate Payment,86.57,18.0,66.3,possible repeated work/vendor/amount payment pattern,Under Implementation,RUN-20261008-254699
WS/MP18104/2026-2027/288543,V41,,,,,,,Early-Warning,0,59.11,High,2,1,False,1,1,,,,False,False,False,False,,160000.0,,,,,,2026-08-06,,SARPANCH GRAM PANCHAYAT SHIVPUR,1,160000.0,2,Duplicate Payment,86.52,18.0,66.3,possible repeated work/vendor/amount payment pattern,Under Implementation,RUN-20261008-254699
WS/MP650/2025-2026/270890,V41,,,,,,,Early-Warning,0,58.56,High,2,0,False,1,1,,,,False,False,True,False,,88717.0,,,,,,2026-08-23,,NAVKANJ ASSOCIATES,8,758364.0,1,Suspicious Vendor,90.13,11.2,66.3,vendor has high project concentration,Under Implementation,RUN-20261008-254699
WS/MP650/2025-2026/271214,V41,,,,,,,Early-Warning,0,58.52,High,2,0,False,1,1,,,,False,False,True,False,,89695.0,,,,,,2026-08-23,,NAVKANJ ASSOCIATES,8,758364.0,1,Suspicious Vendor,90.07,11.2,66.3,vendor has high project concentration,Under Implementation,RUN-20261008-254699
WS/MP650/2025-2026/270897,V41,,,,,,,Early-Warning,0,58.51,High,2,0,False,1,1,,,,False,False,True,False,,89912.0,,,,,,2026-08-23,,NAVKANJ ASSOCIATES,8,758364.0,1,Suspicious Vendor,90.05,11.2,66.3,vendor has high project concentration,Under Implementation,RUN-20261008-254699
WS/MP650/2025-2026/270899,V41,,,,,,,Early-Warning,0,58.47,High,2,0,False,1,1,,,,False,False,True,False,,94314.0,,,,,,2026-08-23,,NAVKANJ ASSOCIATES,8,758364.0,1,Suspicious Vendor,89.98,11.2,66.3,vendor has high project concentration,Under Implementation,RUN-20261008-254699
WS/MP650/2025-2026/271215,V41,,,,,,,Early-Warning,0,58.41,High,2,0,False,1,1,,,,False,False,True,False,,95365.0,,,,,,2026-08-23,,NAVKANJ ASSOCIATES,8,758364.0,1,Suspicious Vendor,89.89,11.2,66.3,vendor has high project concentration,Under Implementation,RUN-20261008-254699
WS/MP650/2025-2026/270895,V41,,,,,,,Early-Warning,0,58.39,High,2,0,False,1,1,,,,False,False,True,False,,99970.0,,,,,,2026-08-23,,NAVKANJ ASSOCIATES,8,758364.0,1,Suspicious Vendor,89.85,11.2,66.3,vendor has high project concentration,Under Implementation,RUN-20261008-254699
WS/MP650/2025-2026/270891,V41,,,,,,,Early-Warning,0,58.36,High,2,0,False,1,1,,,,False,False,True,False,,98115.0,,,,,,2026-08-23,,NAVKANJ ASSOCIATES,8,758364.0,1,Suspicious Vendor,89.8,11.2,66.3,vendor has high project concentration,Under Implementation,RUN-20261008-254699
WS/MP650/2025-2026/271210,V41,,,,,,,Early-Warning,0,58.35,High,2,0,False,1,1,,,,False,False,True,False,,102276.0,,,,,,2026-08-23,,NAVKANJ ASSOCIATES,8,758364.0,1,Suspicious Vendor,89.79,11.2,66.3,vendor has high project concentration,Under Implementation,RUN-20261008-254699
WS/MP638/2024-2025/152443,V41,,,,,,,Early-Warning,0,57.68,High,2,0,False,1,1,,,,False,False,False,False,,1176053.0,,,,,,2026-08-25,,DEEPAK KUMAR SHARMA,3,3528574.0,0,None,96.13,0.0,66.3,No material anomaly signal detected.,Under Implementation,RUN-20261008-254699
WS/MP638/2024-2025/152444,V41,,,,,,,Early-Warning,0,57.64,High,2,0,False,1,1,,,,False,False,False,False,,1176251.0,,,,,,2026-08-25,,DEEPAK KUMAR SHARMA,3,3528574.0,0,None,96.07,0.0,66.3,No material anomaly signal detected.,Under Implementation,RUN-20261008-254699
WS/MP638/2024-2025/152450,V41,,,,,,,Early-Warning,0,57.63,High,2,0,False,1,1,,,,False,False,False,False,,1176270.0,,,,,,2026-08-25,,DEEPAK KUMAR SHARMA,3,3528574.0,0,None,96.05,0.0,66.3,No material anomaly signal detected.,Under Implementation,RUN-20261008-254699
WS/MP18357/2024-2025/143831,V41,Madhya Pradesh,GUNA,JYOTIRADITYA M. SCINDIA,Normal/Others,585000.0,Physical Inspection,Audit,1,57.14,High,3,0,True,1,1,,,1.0,False,False,False,False,585000.0,,585000.0,147000000.0,2024-09-26,2024-09-27,2025-03-28,,183.0,,0,0.0,0,None,95.23,0.0,78.4,No material anomaly signal detected.,Completed,RUN-20261008-254699
WS/MP18357/2024-2025/143832,V41,Madhya Pradesh,GUNA,JYOTIRADITYA M. SCINDIA,Normal/Others,585000.0,Physical Inspection,Audit,1,57.14,High,3,0,True,1,1,,,1.0,False,False,False,False,585000.0,,585000.0,147000000.0,2024-09-26,2024-09-27,2025-03-28,,183.0,,0,0.0,0,None,95.23,0.0,78.4,No material anomaly signal detected.,Completed,RUN-20261008-254699
WS/MP18357/2024-2025/143833,V41,Madhya Pradesh,GUNA,JYOTIRADITYA M. SCINDIA,Normal/Others,585000.0,Physical Inspection,Audit,1,57.14,High,3,0,True,1,1,,,1.0,False,False,False,False,585000.0,,585000.0,147000000.0,2024-09-26,2024-09-27,2025-03-28,,183.0,,0,0.0,0,None,95.23,0.0,78.4,No material anomaly signal detected.,Completed,RUN-20261008-254699
WS/MP18357/2024-2025/143834,V41,Madhya Pradesh,GUNA,JYOTIRADITYA M. SCINDIA,Normal/Others,585000.0,Physical Inspection,Audit,1,57.14,High,3,0,True,1,1,,,1.0,False,False,False,False,585000.0,,585000.0,147000000.0,2024-09-26,2024-09-27,2025-03-28,,183.0,,0,0.0,0,None,95.23,0.0,78.4,No material anomaly signal detected.,Completed,RUN-20261008-254699
WS/MP18357/2024-2025/143836,V41,Madhya Pradesh,GUNA,JYOTIRADITYA M. SCINDIA,Normal/Others,585000.0,Physical Inspection,Audit,1,57.14,High,3,0,True,1,1,,,1.0,False,False,False,False,585000.0,,585000.0,147000000.0,2024-09-26,2024-09-27,2025-03-28,,183.0,,0,0.0,0,None,95.23,0.0,78.4,No material anomaly signal detected.,Completed,RUN-20261008-254699
WS/MP18357/2024-2025/143837,V41,Madhya Pradesh,GUNA,JYOTIRADITYA M. SCINDIA,Normal/Others,585000.0,Physical Inspection,Audit,1,57.14,High,3,0,True,1,1,,,1.0,False,False,False,False,585000.0,,585000.0,147000000.0,2024-09-26,2024-09-27,2025-03-28,,183.0,,0,0.0,0,None,95.23,0.0,78.4,No material anomaly signal detected.,Completed,RUN-20261008-254699
WS/MP18357/2024-2025/143838,V41,Madhya Pradesh,GUNA,JYOTIRADITYA M. SCINDIA,Normal/Others,585000.0,Physical Inspection,Audit,1,57.14,High,3,0,True,1,1,,,1.0,False,False,False,False,585000.0,,585000.0,147000000.0,2024-09-26,2024-09-27,2025-03-28,,183.0,,0,0.0,0,None,95.23,0.0,78.4,No material anomaly signal detected.,Completed,RUN-20261008-254699
WS/MP18357/2024-2025/143839,V41,Madhya Pradesh,GUNA,JYOTIRADITYA M. SCINDIA,Normal/Others,585000.0,Physical Inspection,Audit,1,57.14,High,3,0,True,1,1,,,1.0,False,False,False,False,585000.0,,585000.0,147000000.0,2024-09-26,2024-09-27,2025-03-28,,183.0,,0,0.0,0,None,95.23,0.0,78.4,No material anomaly signal detected.,Completed,RUN-20261008-254699
WS/MP18357/2024-2025/143830,V41,Madhya Pradesh,GUNA,JYOTIRADITYA M. SCINDIA,Normal/Others,585000.0,Physical Inspection,Audit,1,57.14,High,3,0,True,1,1,,,1.0,False,False,False,False,585000.0,,585000.0,147000000.0,2024-09-26,2024-09-27,2025-03-28,,183.0,,0,0.0,0,None,95.23,0.0,78.4,No material anomaly signal detected.,Completed,RUN-20261008-254699
WS/MP18357/2024-2025/143835,V41,Madhya Pradesh,GUNA,JYOTIRADITYA M. SCINDIA,Normal/Others,585000.0,Physical Inspection,Audit,1,57.14,High,3,0,True,1,1,,,1.0,False,False,False,False,585000.0,,585000.0,147000000.0,2024-09-26,2024-09-27,2025-03-28,,183.0,,0,0.0,0,None,95.23,0.0,78.4,No material anomaly signal detected.,Completed,RUN-20261008-254699
WS/MP356/2025-2026/225529,V41,,,,,,,Early-Warning,0,57.1,High,2,0,False,1,1,,,,False,False,True,False,,75000.0,,,,,,2026-08-27,,CEO JANPAD PANCHAYAT SITAMAU,6,575000.0,1,Suspicious Vendor,89.57,8.4,66.3,vendor has high project concentration,Under Implementation,RUN-20261008-254699
WS/MP356/2026-2027/295201,V41,,,,,,,Early-Warning,0,57.1,High,2,0,False,1,1,,,,False,False,True,False,,75000.0,,,,,,2026-08-27,,CEO JANPAD PANCHAYAT SITAMAU,6,575000.0,1,Suspicious Vendor,89.57,8.4,66.3,vendor has high project concentration,Under Implementation,RUN-20261008-254699
WS/MP443/2024-2025/138724,V41,Madhya Pradesh,RAJGARH,Rodmal Nagar,Normal/Others,1443000.0,Work Completed,Audit,1,57.05,High,3,0,True,1,1,,,67.0,False,False,False,False,1443000.0,,1386077.0,147000000.0,2024-09-03,2024-11-09,2026-02-23,,538.0,,0,0.0,0,None,95.09,0.0,78.4,No material anomaly signal detected.,Completed,RUN-20261008-254699
WS/MP443/2024-2025/138725,V41,Madhya Pradesh,RAJGARH,Rodmal Nagar,Normal/Others,2353000.0,Work Completed,Audit,1,57.05,High,3,0,True,1,1,,,67.0,False,False,False,False,2353000.0,,2258637.0,147000000.0,2024-09-03,2024-11-09,2026-02-23,,538.0,,0,0.0,0,None,95.09,0.0,78.4,No material anomaly signal detected.,Completed,RUN-20261008-254699
WS/MP443/2024-2025/138722,V41,Madhya Pradesh,RAJGARH,Rodmal Nagar,Normal/Others,1443000.0,Work Completed,Audit,1,57.05,High,3,0,True,1,1,,,67.0,False,False,False,False,1443000.0,,1400153.0,147000000.0,2024-09-03,2024-11-09,2026-02-23,,538.0,,0,0.0,0,None,95.09,0.0,78.4,No material anomaly signal detected.,Completed,RUN-20261008-254699
WS/MP443/2024-2025/138723,V41,Madhya Pradesh,RAJGARH,Rodmal Nagar,Normal/Others,2353000.0,Work Completed,Audit,1,57.05,High,3,0,True,1,1,,,67.0,False,False,False,False,2353000.0,,2258932.0,147000000.0,2024-09-03,2024-11-09,2026-02-23,,538.0,,0,0.0,0,None,95.09,0.0,78.4,No material anomaly signal detected.,Completed,RUN-20261008-254699
WS/MP18108/2025-2026/150369,V41,Madhya Pradesh,SAGAR,DR. LATA WANKHEDE,Normal/Others,700000.0,Vendor Identification,Early-Warning,0,56.96,High,3,0,True,1,1,-64.58971428571428,,,False,False,False,False,700000.0,247872.0,,147000000.0,,2025-12-11,,2026-08-24,,Sardar Vallabhbhi Patel Samiti,1,247872.0,0,None,94.93,0.0,88.0,No material anomaly signal detected.,Under Implementation,RUN-20261008-254699
WS/MP356/2026-2027/284014,V41,,,,,,,Early-Warning,0,56.78,High,2,0,False,1,1,,,,False,False,True,False,,100000.0,,,,,,2026-08-27,,CEO JANPAD PANCHAYAT SITAMAU,6,575000.0,1,Suspicious Vendor,89.04,8.4,66.3,vendor has high project concentration,Under Implementation,RUN-20261008-254699
WS/MP356/2026-2027/277509,V41,,,,,,,Early-Warning,0,56.78,High,2,0,False,1,1,,,,False,False,True,False,,100000.0,,,,,,2026-08-27,,CEO JANPAD PANCHAYAT SITAMAU,6,575000.0,1,Suspicious Vendor,89.04,8.4,66.3,vendor has high project concentration,Under Implementation,RUN-20261008-254699
WS/MP356/2026-2027/284065,V41,,,,,,,Early-Warning,0,56.78,High,2,0,False,1,1,,,,False,False,True,False,,100000.0,,,,,,2026-08-27,,CEO JANPAD PANCHAYAT SITAMAU,6,575000.0,1,Suspicious Vendor,89.04,8.4,66.3,vendor has high project concentration,Under Implementation,RUN-20261008-254699
WS/MP18108/2024-2025/143816,V41,Madhya Pradesh,SAGAR,DR. LATA WANKHEDE,Normal/Others,2698500.0,Physical Inspection,Audit,1,56.67,High,3,0,True,1,1,,,48.0,False,False,False,False,2698500.0,,2698500.0,147000000.0,2024-09-26,2024-11-13,2024-11-18,,53.0,,0,0.0,0,None,94.45,0.0,78.4,No material anomaly signal detected.,Completed,RUN-20261008-254699
WS/MP18108/2024-2025/143811,V41,Madhya Pradesh,SAGAR,DR. LATA WANKHEDE,Normal/Others,2599420.0,Physical Inspection,Audit,1,56.66,High,3,0,True,1,1,,,46.0,False,False,False,False,2599420.0,,2599420.0,147000000.0,2024-09-26,2024-11-11,2024-11-14,,49.0,,0,0.0,0,None,94.44,0.0,78.4,No material anomaly signal detected.,Completed,RUN-20261008-254699
WS/MP18109/2024-2025/150126,V41,Madhya Pradesh,SIDHI,DR. RAJESH MISHRA,Normal/Others,2000000.0,Work Completed,Audit,1,56.48,High,2,0,True,1,1,,,,False,False,False,False,2000000.0,,2000000.0,262724510.35,,2025-01-07,2025-05-19,,,,0,0.0,0,None,94.14,0.0,71.1,No material anomaly signal detected.,Completed,RUN-20261008-254699
WS/MP641/2024-2025/143280,V41,Madhya Pradesh,KHARGONE(ST),Gajendra Singh Patel,Normal/Others,2000000.0,Work Completed,Audit,1,56.15,High,3,0,True,1,1,,,3.0,False,False,False,False,2000000.0,,2000000.0,147000000.0,2024-09-24,2024-09-27,2025-02-20,,149.0,,0,0.0,0,None,93.58,0.0,78.4,No material anomaly signal detected.,Completed,RUN-20261008-254699
WS/MP654/2024-2025/142741,V41,Madhya Pradesh,SHAHDOL (ST),Smt Himadri Singh,Normal/Others,1499800.0,Physical Inspection,Audit,1,56.03,High,3,0,True,1,1,,,44.0,False,False,False,False,1499800.0,,1499800.0,150724861.11,2024-09-23,2024-11-06,2025-03-20,,178.0,,0,0.0,0,None,93.39,0.0,78.4,No material anomaly signal detected.,Completed,RUN-20261008-254699
WS/MP654/2026-2027/300734,V41,,,,,,,Early-Warning,0,55.9,High,2,0,False,1,1,,,,False,False,False,False,,400000.0,,,,,,2026-08-27,,Gram Panchayat Khamhariya Baagri,2,750000.0,0,None,93.16,0.0,66.3,No material anomaly signal detected.,Under Implementation,RUN-20261008-254699
WS/MP18357/2025-2026/193426,V41,Madhya Pradesh,GUNA,JYOTIRADITYA M. SCINDIA,Normal/Others,,,Audit,1,55.89,High,3,0,True,1,1,,,,False,False,False,False,,494899.0,994899.0,147000000.0,,,2026-08-18,2026-08-19,,gram panchayat gadi barod,1,494899.0,0,None,93.15,0.0,68.7,No material anomaly signal detected.,Completed,RUN-20261008-254699
WS/MP18357/2024-2025/146474,V41,Madhya Pradesh,GUNA,JYOTIRADITYA M. SCINDIA,Repair and Renovation,321000.0,Vendor Identification,Early-Warning,0,55.81,High,1,0,True,1,1,,,,False,False,False,False,321000.0,,,147000000.0,,2025-02-25,,,,,0,0.0,0,None,93.02,0.0,71.1,No material anomaly signal detected.,Under Implementation,RUN-20261008-254699
WS/MP654/2026-2027/301028,V41,,,,,,,Early-Warning,0,55.78,High,2,0,False,1,1,,,,False,False,False,False,,350000.0,,,,,,2026-08-27,,Gram Panchayat Khamhariya Baagri,2,750000.0,0,None,92.97,0.0,66.3,No material anomaly signal detected.,Under Implementation,RUN-20261008-254699
WS/MP641/2024-2025/143281,V41,Madhya Pradesh,KHARGONE(ST),Gajendra Singh Patel,Normal/Others,1500000.0,Work Completed,Audit,1,55.71,High,3,0,True,1,1,,,3.0,False,False,False,False,1500000.0,,1500000.0,147000000.0,2024-09-24,2024-09-27,2025-05-16,,234.0,,0,0.0,0,None,92.85,0.0,78.4,No material anomaly signal detected.,Completed,RUN-20261008-254699
WS/MP18357/2024-2025/146473,V41,Madhya Pradesh,GUNA,JYOTIRADITYA M. SCINDIA,Repair and Renovation,300000.0,Vendor Identification,Early-Warning,0,55.66,High,1,0,True,1,1,,,,False,False,False,False,300000.0,,,147000000.0,,2025-02-25,,,,,0,0.0,0,None,92.77,0.0,71.1,No material anomaly signal detected.,Under Implementation,RUN-20261008-254699
WS/MP443/2024-2025/138721,V41,Madhya Pradesh,RAJGARH,Rodmal Nagar,Normal/Others,16177075.0,Work Completed,Audit,1,55.63,High,3,0,True,1,1,,,70.0,False,False,False,False,16177075.0,,16176660.0,147000000.0,2024-09-03,2024-11-12,2025-07-22,,322.0,,0,0.0,0,None,92.71,0.0,78.4,No material anomaly signal detected.,Completed,RUN-20261008-254699
WS/MP18108/2024-2025/139268,V41,Madhya Pradesh,SAGAR,DR. LATA WANKHEDE,Normal/Others,1299710.0,Physical Inspection,Audit,1,55.62,High,3,0,True,1,1,,,29.0,False,False,False,False,1299710.0,,1299710.0,147000000.0,2024-09-05,2024-10-04,2024-11-14,,70.0,,0,0.0,0,None,92.7,0.0,78.4,No material anomaly signal detected.,Completed,RUN-20261008-254699
WS/MP18357/2024-2025/151501,V41,Madhya Pradesh,GUNA,JYOTIRADITYA M. SCINDIA,Normal/Others,995000.0,Physical Inspection,Audit,1,55.6,High,2,0,True,1,1,,,,False,False,False,False,995000.0,,995000.0,147000000.0,,2024-12-30,2026-03-31,,,,0,0.0,0,None,92.66,0.0,71.1,No material anomaly signal detected.,Completed,RUN-20261008-254699
WS/MP18108/2024-2025/150382,V41,Madhya Pradesh,SAGAR,DR. LATA WANKHEDE,Normal/Others,1500000.0,Physical Inspection,Audit,1,55.58,High,2,0,True,1,1,,,,False,False,False,False,1500000.0,,1500000.0,147000000.0,,2024-12-21,2025-10-22,,,,0,0.0,0,None,92.63,0.0,71.1,No material anomaly signal detected.,Completed,RUN-20261008-254699
WS/MP18357/2024-2025/151499,V41,Madhya Pradesh,GUNA,JYOTIRADITYA M. SCINDIA,Normal/Others,991930.0,Physical Inspection,Audit,1,55.56,High,2,0,True,1,1,,,,False,False,False,False,991930.0,,991930.0,147000000.0,,2024-12-29,2025-07-03,,,,0,0.0,0,None,92.6,0.0,71.1,No material anomaly signal detected.,Completed,RUN-20261008-254699
WS/MP654/2024-2025/142738,V41,Madhya Pradesh,SHAHDOL (ST),Smt Himadri Singh,Normal/Others,1495940.0,Physical Inspection,Audit,1,55.52,High,3,0,True,1,1,,,44.0,False,False,False,False,1495940.0,,1495940.0,150724861.11,2024-09-23,2024-11-06,2025-04-28,,217.0,,0,0.0,0,None,92.53,0.0,78.4,No material anomaly signal detected.,Completed,RUN-20261008-254699
WS/MP18357/2024-2025/148886,V41,Madhya Pradesh,GUNA,JYOTIRADITYA M. SCINDIA,Normal/Others,997901.0,Physical Inspection,Audit,1,55.52,High,2,0,True,1,1,,,,False,False,False,False,997901.0,,997901.0,147000000.0,,2025-01-02,2025-03-26,,,,0,0.0,0,None,92.53,0.0,71.1,No material anomaly signal detected.,Completed,RUN-20261008-254699
WS/MP18357/2024-2025/151500,V41,Madhya Pradesh,GUNA,JYOTIRADITYA M. SCINDIA,Normal/Others,999442.0,Physical Inspection,Audit,1,55.51,High,2,0,True,1,1,,,,False,False,False,False,999442.0,,999442.0,147000000.0,,2024-12-29,2025-10-10,,,,0,0.0,0,None,92.52,0.0,71.1,No material anomaly signal detected.,Completed,RUN-20261008-254699
WS/MP18357/2024-2025/151498,V41,Madhya Pradesh,GUNA,JYOTIRADITYA M. SCINDIA,Normal/Others,1000000.0,Physical Inspection,Audit,1,55.49,High,2,0,True,1,1,,,,False,False,False,False,1000000.0,,1000000.0,147000000.0,,2025-01-06,2026-04-02,,,,0,0.0,0,None,92.49,0.0,71.1,No material anomaly signal detected.,Completed,RUN-20261008-254699
WS/MP18357/2024-2025/151502,V41,Madhya Pradesh,GUNA,JYOTIRADITYA M. SCINDIA,Normal/Others,1000000.0,Physical Inspection,Audit,1,55.49,High,2,0,True,1,1,,,,False,False,False,False,1000000.0,,1000000.0,147000000.0,,2024-12-29,2025-02-20,,,,0,0.0,0,None,92.49,0.0,71.1,No material anomaly signal detected.,Completed,RUN-20261008-254699
WS/MP18357/2024-2025/148885,V41,Madhya Pradesh,GUNA,JYOTIRADITYA M. SCINDIA,Normal/Others,1000000.0,Vendor Identification,Early-Warning,0,55.49,High,1,0,True,1,1,,,,False,False,False,False,1000000.0,,,147000000.0,,2025-01-02,,,,,0,0.0,0,None,92.49,0.0,71.1,No material anomaly signal detected.,Under Implementation,RUN-20261008-254699
WS/MP18101/2024-2025/143856,V41,Madhya Pradesh,DAMOH,RAHUL SINGH LODHI,Normal/Others,1800000.0,Vendor Identification,Early-Warning,0,55.43,High,2,0,True,1,1,,,43.0,False,False,False,False,1800000.0,,,163058785.37,2024-09-26,2024-11-08,,,,,0,0.0,0,None,92.38,0.0,76.0,No material anomaly signal detected.,Under Implementation,RUN-20261008-254699
WS/MP643/2024-2025/146592,V41,Madhya Pradesh,KHANDWA,Gyaneshwar Patil,Normal/Others,1500000.0,Vendor Identification,Early-Warning,0,55.23,High,1,0,True,1,1,,,,False,False,False,False,1500000.0,,,155690684.77,,2025-01-02,,,,,0,0.0,0,None,92.05,0.0,71.1,No material anomaly signal detected.,Under Implementation,RUN-20261008-254699
WS/MP641/2024-2025/137260,V41,Madhya Pradesh,KHARGONE(ST),Gajendra Singh Patel,Normal/Others,2000000.0,Work partially Completed,Audit,1,55.16,High,2,0,True,1,1,,,93.0,False,False,False,False,2000000.0,,,147000000.0,2024-08-27,2024-11-28,,,,,0,0.0,0,None,91.94,0.0,76.0,No material anomaly signal detected.,Completed,RUN-20261008-254699
WS/MP18105/2025-2026/185740,V41,,,,,,,Early-Warning,0,55.1,High,2,0,False,1,1,,,,False,False,False,False,,233019.0,,,,,,2026-08-10,,VASTUANANTA DESIGNS,3,667591.0,0,None,91.83,0.0,66.3,No material anomaly signal detected.,Under Implementation,RUN-20261008-254699
WS/MP18105/2025-2026/185732,V41,,,,,,,Early-Warning,0,55.07,High,2,0,False,1,1,,,,False,False,False,False,,232259.0,,,,,,2026-08-25,,VASTUANANTA DESIGNS,3,667591.0,0,None,91.78,0.0,66.3,No material anomaly signal detected.,Under Implementation,RUN-20261008-254699
WS/MP18109/2024-2025/150125,V41,Madhya Pradesh,SIDHI,DR. RAJESH MISHRA,Normal/Others,1200000.0,Work Completed,Audit,1,54.9,High,2,0,True,1,1,,,,False,False,False,False,1200000.0,,1197216.0,262724510.35,,2024-12-17,2025-05-20,,,,0,0.0,0,None,91.5,0.0,71.1,No material anomaly signal detected.,Completed,RUN-20261008-254699
WS/MP18101/2024-2025/142502,V41,Madhya Pradesh,DAMOH,RAHUL SINGH LODHI,Normal/Others,1000000.0,Work Completed,Audit,1,54.8,High,3,0,True,1,1,,,30.0,False,False,False,False,1000000.0,,1000000.0,163058785.37,2024-09-22,2024-10-22,2025-01-13,,113.0,,0,0.0,0,None,91.34,0.0,78.4,No material anomaly signal detected.,Completed,RUN-20261008-254699
WS/MP18104/2025-2026/174717,V41,,,,,,,Early-Warning,0,54.67,High,2,0,False,1,1,,,,False,False,False,False,,47000.0,,,,,,2025-12-26,,Sachiv gram panchayat Mehraghat,2,94000.0,0,None,91.11,0.0,66.3,No material anomaly signal detected.,Under Implementation,RUN-20261008-254699
WS/MP18104/2025-2026/174718,V41,,,,,,,Early-Warning,0,54.67,High,2,0,False,1,1,,,,False,False,False,False,,47000.0,,,,,,2025-12-26,,Sachiv gram panchayat Mehraghat,2,94000.0,0,None,91.11,0.0,66.3,No material anomaly signal detected.,Under Implementation,RUN-20261008-254699
WS/MP654/2024-2025/142740,V41,Madhya Pradesh,SHAHDOL (ST),Smt Himadri Singh,Normal/Others,999000.0,Physical Inspection,Audit,1,54.61,High,3,0,True,1,1,,,44.0,False,False,False,False,999000.0,,999000.0,150724861.11,2024-09-23,2024-11-06,2025-03-20,,178.0,,0,0.0,0,None,91.01,0.0,78.4,No material anomaly signal detected.,Completed,RUN-20261008-254699
WS/MP18106/2024-2025/142125,V41,Madhya Pradesh,MORENA,SHIVMANGAL SINGH TOMAR,Normal/Others,800000.0,Work Completed,Audit,1,54.57,High,3,0,True,1,1,,,12.0,False,False,False,False,800000.0,,800000.0,147000000.0,2024-09-26,2024-10-08,2025-06-06,,253.0,,0,0.0,0,None,90.95,0.0,78.4,No material anomaly signal detected.,Completed,RUN-20261008-254699
WS/MP18106/2024-2025/142119,V41,Madhya Pradesh,MORENA,SHIVMANGAL SINGH TOMAR,Normal/Others,800000.0,Work Completed,Audit,1,54.57,High,3,0,True,1,1,,,12.0,False,False,False,False,800000.0,,800000.0,147000000.0,2024-09-26,2024-10-08,2025-06-06,,253.0,,0,0.0,0,None,90.95,0.0,78.4,No material anomaly signal detected.,Completed,RUN-20261008-254699
WS/MP18106/2024-2025/142103,V41,Madhya Pradesh,MORENA,SHIVMANGAL SINGH TOMAR,Normal/Others,800000.0,Work Completed,Audit,1,54.55,High,3,0,True,1,1,,,14.0,False,False,False,False,800000.0,,800000.0,147000000.0,2024-09-24,2024-10-08,2025-06-06,,255.0,,0,0.0,0,None,90.92,0.0,78.4,No material anomaly signal detected.,Completed,RUN-20261008-254699
WS/MP356/2024-2025/137884,V41,Madhya Pradesh,MANDSOUR,Shri Sudheer Gupta,Normal/Others,94846.0,Physical Inspection,Audit,1,54.47,High,3,0,True,1,1,,,82.0,False,True,False,False,94846.0,,94846.0,148988014.83,2024-08-30,2024-11-20,2026-04-28,,606.0,,0,0.0,1,Delayed Project,86.12,7.0,78.4,project implementation duration is unusually prolonged,Completed,RUN-20261008-254699
WS/MP18106/2024-2025/142099,V41,Madhya Pradesh,MORENA,SHIVMANGAL SINGH TOMAR,Normal/Others,800000.0,Work Completed,Audit,1,54.46,High,3,0,True,1,1,,,18.0,False,False,False,False,800000.0,,800000.0,147000000.0,2024-09-20,2024-10-08,2025-06-03,,256.0,,0,0.0,0,None,90.76,0.0,78.4,No material anomaly signal detected.,Completed,RUN-20261008-254699
WS/MP641/2024-2025/133904,V41,Madhya Pradesh,KHARGONE(ST),Gajendra Singh Patel,Normal/Others,1000000.0,Vendor Identification,Early-Warning,0,54.33,High,2,0,True,1,1,,,183.0,False,False,False,False,1000000.0,,,147000000.0,2024-07-22,2025-01-21,,,,,0,0.0,0,None,90.55,0.0,76.0,No material anomaly signal detected.,Under Implementation,RUN-20261008-254699
WS/MP446/2026-2027/288623,V41,,,,,,,Early-Warning,0,54.29,High,2,0,False,1,1,,,,False,False,False,False,,300000.0,,,,,,2026-08-21,,GRAM PANCHAYAT BAMITHA,2,600000.0,0,None,90.49,0.0,66.3,No material anomaly signal detected.,Under Implementation,RUN-20261008-254699
WS/MP446/2026-2027/288626,V41,,,,,,,Early-Warning,0,54.29,High,2,0,False,1,1,,,,False,False,False,False,,300000.0,,,,,,2026-07-30,,GRAM PANCHAYAT MAUMASANIYA,2,600000.0,0,None,90.49,0.0,66.3,No material anomaly signal detected.,Under Implementation,RUN-20261008-254699
WS/MP446/2026-2027/288488,V41,,,,,,,Early-Warning,0,54.29,High,2,0,False,1,1,,,,False,False,False,False,,300000.0,,,,,,2026-08-21,,GRAM PANCHAYAT BAMITHA,2,600000.0,0,None,90.49,0.0,66.3,No material anomaly signal detected.,Under Implementation,RUN-20261008-254699
WS/MP446/2026-2027/288493,V41,,,,,,,Early-Warning,0,54.29,High,2,0,False,1,1,,,,False,False,False,False,,300000.0,,,,,,2026-07-30,,GRAM PANCHAYAT MAUMASANIYA,2,600000.0,0,None,90.49,0.0,66.3,No material anomaly signal detected.,Under Implementation,RUN-20261008-254699
WS/MP18109/2024-2025/150119,V41,Madhya Pradesh,SIDHI,DR. RAJESH MISHRA,Normal/Others,998305.0,Physical Inspection,Audit,1,54.22,High,2,0,True,1,1,,,,False,False,False,False,998305.0,,998305.0,262724510.35,,2025-01-28,2025-09-08,,,,0,0.0,0,None,90.36,0.0,71.1,No material anomaly signal detected.,Completed,RUN-20261008-254699
WS/MP18109/2024-2025/150124,V41,Madhya Pradesh,SIDHI,DR. RAJESH MISHRA,Normal/Others,1000000.0,Work Completed,Audit,1,54.2,High,2,0,True,1,1,,,,False,False,False,False,1000000.0,,992000.0,262724510.35,,2024-12-17,2025-06-03,,,,0,0.0,0,None,90.34,0.0,71.1,No material anomaly signal detected.,Completed,RUN-20261008-254699
WS/MP18109/2024-2025/150121,V41,Madhya Pradesh,SIDHI,DR. RAJESH MISHRA,Normal/Others,1000000.0,Vendor Identification,Early-Warning,0,54.2,High,1,0,True,1,1,,,,False,False,False,False,1000000.0,,,262724510.35,,2025-01-28,,,,,0,0.0,0,None,90.34,0.0,71.1,No material anomaly signal detected.,Under Implementation,RUN-20261008-254699
WS/MP641/2025-2026/133920,V41,Madhya Pradesh,KHARGONE(ST),Gajendra Singh Patel,Normal/Others,500000.0,Vendor Identification,Early-Warning,0,53.8,High,2,0,True,1,1,,,294.0,False,False,False,False,500000.0,,,147000000.0,2024-07-22,2025-05-12,,,,,0,0.0,0,None,89.66,0.0,76.0,No material anomaly signal detected.,Under Implementation,RUN-20261008-254699
WS/MP641/2025-2026/133921,V41,Madhya Pradesh,KHARGONE(ST),Gajendra Singh Patel,Normal/Others,500000.0,Vendor Identification,Early-Warning,0,53.8,High,2,0,True,1,1,,,287.0,False,False,False,False,500000.0,,,147000000.0,2024-07-22,2025-05-05,,,,,0,0.0,0,None,89.66,0.0,76.0,No material anomaly signal detected.,Under Implementation,RUN-20261008-254699
WS/MP641/2025-2026/137257,V41,Madhya Pradesh,KHARGONE(ST),Gajendra Singh Patel,Normal/Others,500000.0,Vendor Identification,Early-Warning,0,53.8,High,2,0,True,1,1,,,283.0,False,False,False,False,500000.0,,,147000000.0,2024-08-27,2025-06-06,,,,,0,0.0,0,None,89.66,0.0,76.0,No material anomaly signal detected.,Under Implementation,RUN-20261008-254699
WS/MP641/2024-2025/133913,V41,Madhya Pradesh,KHARGONE(ST),Gajendra Singh Patel,Normal/Others,500000.0,Vendor Identification,Early-Warning,0,53.8,High,2,0,True,1,1,,,248.0,False,False,False,False,500000.0,,,147000000.0,2024-07-22,2025-03-27,,,,,0,0.0,0,None,89.66,0.0,76.0,No material anomaly signal detected.,Under Implementation,RUN-20261008-254699
WS/MP446/2026-2027/288627,V41,,,,,,,Early-Warning,0,53.77,High,2,0,False,1,1,,,,False,False,False,False,,300000.0,,,,,,2026-08-21,,GRAM PANCHAYAT BUMHORIPURWA,1,300000.0,0,None,89.62,0.0,66.3,No material anomaly signal detected.,Under Implementation,RUN-20261008-254699
WS/MP446/2026-2027/288636,V41,,,,,,,Early-Warning,0,53.77,High,2,0,False,1,1,,,,False,False,False,False,,300000.0,,,,,,2026-07-31,,GRAM PANCHAYAT GUDHORA,1,300000.0,0,None,89.62,0.0,66.3,No material anomaly signal detected.,Under Implementation,RUN-20261008-254699
WS/MP640/2026-2027/270992,V41,,,,,,,Early-Warning,0,53.77,High,2,0,False,1,1,,,,False,False,False,False,,300000.0,,,,,,2026-07-03,,GRAM PANCHAYAT INDRI MAWAI,1,300000.0,0,None,89.62,0.0,66.3,No material anomaly signal detected.,Under Implementation,RUN-20261008-254699
WS/MP446/2026-2027/288604,V41,,,,,,,Early-Warning,0,53.77,High,2,0,False,1,1,,,,False,False,False,False,,300000.0,,,,,,2026-07-31,,GRAM PANCHAYAT PATNA,1,300000.0,0,None,89.62,0.0,66.3,No material anomaly signal detected.,Under Implementation,RUN-20261008-254699
WS/MP446/2026-2027/288515,V41,,,,,,,Early-Warning,0,53.77,High,2,0,False,1,1,,,,False,False,False,False,,300000.0,,,,,,2026-08-11,,GRAM PANCHAYAT SILON,1,300000.0,0,None,89.62,0.0,66.3,No material anomaly signal detected.,Under Implementation,RUN-20261008-254699
WS/MP446/2026-2027/288513,V41,,,,,,,Early-Warning,0,53.77,High,2,0,False,1,1,,,,False,False,False,False,,300000.0,,,,,,2026-08-21,,GRAM PANCHAYAT PRATAPPURA,1,300000.0,0,None,89.62,0.0,66.3,No material anomaly signal detected.,Under Implementation,RUN-20261008-254699
WS/MP18101/2026-2027/287604,V41,,,,,,,Early-Warning,0,53.77,High,2,0,False,1,1,,,,False,False,False,False,,300000.0,,,,,,2026-08-10,,GRAM PANCHAYAT MAHANTPUR JP DAMOH,1,300000.0,0,None,89.62,0.0,66.3,No material anomaly signal detected.,Under Implementation,RUN-20261008-254699
WS/MP446/2026-2027/288640,V41,,,,,,,Early-Warning,0,53.77,High,2,0,False,1,1,,,,False,False,False,False,,300000.0,,,,,,2026-08-21,,GRAM PANCHAYAT ANDHIYARI BARI,1,300000.0,0,None,89.62,0.0,66.3,No material anomaly signal detected.,Under Implementation,RUN-20261008-254699
WS/MP644/2026-2027/287554,V41,,,,,,,Early-Warning,0,53.77,High,2,0,False,1,1,,,,False,False,False,False,,300000.0,,,,,,2026-08-20,,GP KATKI,1,300000.0,0,None,89.62,0.0,66.3,No material anomaly signal detected.,Under Implementation,RUN-20261008-254699
WS/MP640/2026-2027/271123,V41,,,,,,,Early-Warning,0,53.77,High,2,0,False,1,1,,,,False,False,False,False,,300000.0,,,,,,2026-07-03,,GRAM PANCHAYAT BARKHEDA,1,300000.0,0,None,89.62,0.0,66.3,No material anomaly signal detected.,Under Implementation,RUN-20261008-254699
WS/MP640/2026-2027/271122,V41,,,,,,,Early-Warning,0,53.77,High,2,0,False,1,1,,,,False,False,False,False,,300000.0,,,,,,2026-08-12,,GRAM PANCHAYAT SINGARPUR,1,300000.0,0,None,89.62,0.0,66.3,No material anomaly signal detected.,Under Implementation,RUN-20261008-254699
WS/MP640/2026-2027/271113,V41,,,,,,,Early-Warning,0,53.77,High,2,0,False,1,1,,,,False,False,False,False,,300000.0,,,,,,2026-07-03,,GRAM PANCHAYAT JHIRIYA,1,300000.0,0,None,89.62,0.0,66.3,No material anomaly signal detected.,Under Implementation,RUN-20261008-254699
WS/MP640/2026-2027/274765,V41,,,,,,,Early-Warning,0,53.77,High,2,0,False,1,1,,,,False,False,False,False,,300000.0,,,,,,2026-08-14,,GRAM PANCHAYAT NARENDRAGARH,1,300000.0,0,None,89.62,0.0,66.3,No material anomaly signal detected.,Under Implementation,RUN-20261008-254699
WS/MP18102/2025-2026/233973,V41,,,,,,,Early-Warning,0,53.68,High,2,0,False,1,1,,,,False,False,False,False,,400000.0,,,,,,2026-08-20,,Gram Panchayat Amjhera janpad Panchayat sardarpur,1,400000.0,0,None,89.47,0.0,66.3,No material anomaly signal detected.,Under Implementation,RUN-20261008-254699
WS/MP360/2025-2026/214359,V41,,,,,,,Early-Warning,0,53.68,High,2,0,False,1,1,,,,False,False,False,False,,400000.0,,,,,,2026-08-07,,GRAM PANCHAYAT AMLAWADBEEKA,1,400000.0,0,None,89.47,0.0,66.3,No material anomaly signal detected.,Under Implementation,RUN-20261008-254699
WS/MP18106/2024-2025/142118,V41,Madhya Pradesh,MORENA,SHIVMANGAL SINGH TOMAR,Normal/Others,800000.0,Vendor Identification,Early-Warning,0,53.6,High,2,0,True,1,1,,,12.0,False,False,False,False,800000.0,,,147000000.0,2024-09-26,2024-10-08,,,,,0,0.0,0,None,89.34,0.0,76.0,No material anomaly signal detected.,Under Implementation,RUN-20261008-254699
WS/MP18106/2024-2025/142108,V41,Madhya Pradesh,MORENA,SHIVMANGAL SINGH TOMAR,Normal/Others,800000.0,Vendor Identification,Early-Warning,0,53.6,High,2,0,True,1,1,,,1.0,False,False,False,False,800000.0,,,147000000.0,2024-09-24,2024-09-25,,,,,0,0.0,0,None,89.34,0.0,76.0,No material anomaly signal detected.,Under Implementation,RUN-20261008-254699
WS/MP18106/2024-2025/142107,V41,Madhya Pradesh,MORENA,SHIVMANGAL SINGH TOMAR,Normal/Others,800000.0,Vendor Identification,Early-Warning,0,53.6,High,2,0,True,1,1,,,12.0,False,False,False,False,800000.0,,,147000000.0,2024-09-26,2024-10-08,,,,,0,0.0,0,None,89.34,0.0,76.0,No material anomaly signal detected.,Under Implementation,RUN-20261008-254699
WS/MP18098/2026-2027/261046,V41,,,,,,,Early-Warning,0,53.56,High,2,1,False,1,1,,,,False,False,False,False,,276078.0,,,,,,2026-08-18,,L R URADE BILDING MATERIAL SUPLAYARS,1,276078.0,1,None,89.26,0.0,66.3,No material anomaly signal detected.,Under Implementation,RUN-20261008-254699
WS/MP650/2025-2026/212495,V41,,,,,,,Early-Warning,0,53.54,High,2,0,False,1,1,,,,False,False,False,False,,201594.0,,,,,,2026-08-19,,TANVEER Engineering,1,201594.0,0,None,89.23,0.0,66.3,No material anomaly signal detected.,Under Implementation,RUN-20261008-254699
WS/MP18108/2026-2027/282359,V41,,,,,,,Early-Warning,0,53.54,High,2,0,False,1,1,,,,False,False,False,False,,150000.0,,,,,,2026-08-20,,Gram Panchayat Heerapur,2,300000.0,0,None,89.23,0.0,66.3,No material anomaly signal detected.,Under Implementation,RUN-20261008-254699
WS/MP18108/2026-2027/282360,V41,,,,,,,Early-Warning,0,53.54,High,2,0,False,1,1,,,,False,False,False,False,,150000.0,,,,,,2026-08-20,,Gram Panchayat Heerapur,2,300000.0,0,None,89.23,0.0,66.3,No material anomaly signal detected.,Under Implementation,RUN-20261008-254699
WS/MP18108/2026-2027/298837,V41,,,,,,,Early-Warning,0,53.36,High,2,0,False,1,1,,,,False,False,False,False,,375000.0,,,,,,2026-08-25,,Gram Panchayat Kathoda Fazalpur,1,375000.0,0,None,88.94,0.0,66.3,No material anomaly signal detected.,Under Implementation,RUN-20261008-254699
WS/MP640/2026-2027/271458,V41,,,,,,,Early-Warning,0,53.36,High,2,0,False,1,1,,,,False,False,False,False,,375000.0,,,,,,2026-07-09,,GRAM PANCHAYAT DHANOURA,1,375000.0,0,None,88.94,0.0,66.3,No material anomaly signal detected.,Under Implementation,RUN-20261008-254699
WS/MP18108/2026-2027/282357,V41,,,,,,,Early-Warning,0,53.36,High,2,0,False,1,1,,,,False,False,False,False,,375000.0,,,,,,2026-08-20,,Gram Panchayat Chandwar,1,375000.0,0,None,88.94,0.0,66.3,No material anomaly signal detected.,Under Implementation,RUN-20261008-254699
WS/MP18108/2026-2027/298838,V41,,,,,,,Early-Warning,0,53.36,High,2,0,False,1,1,,,,False,False,False,False,,375000.0,,,,,,2026-08-24,,Gram Panchayat Airan Mirjapur,1,375000.0,0,None,88.94,0.0,66.3,No material anomaly signal detected.,Under Implementation,RUN-20261008-254699
WS/MP644/2026-2027/289040,V41,,,,,,,Early-Warning,0,53.36,High,2,0,False,1,1,,,,False,False,False,False,,375000.0,,,,,,2026-08-21,,GP CHANDEH,1,375000.0,0,None,88.94,0.0,66.3,No material anomaly signal detected.,Under Implementation,RUN-20261008-254699
WS/MP644/2024-2025/151387,V41,Madhya Pradesh,REWA,Janardan Mishra,Normal/Others,3062430.0,Vendor Identification,Early-Warning,0,53.32,High,1,0,True,1,1,,,,False,False,False,False,3062430.0,,,147000000.0,,2025-01-21,,,,,0,0.0,0,None,88.86,0.0,71.1,No material anomaly signal detected.,Under Implementation,RUN-20261008-254699
WS/MP644/2024-2025/151113,V41,Madhya Pradesh,REWA,Janardan Mishra,Normal/Others,3663450.0,Vendor Identification,Early-Warning,0,53.32,High,1,0,True,1,1,,,,False,False,False,False,3663450.0,,,147000000.0,,2025-03-28,,,,,0,0.0,0,None,88.86,0.0,71.1,No material anomaly signal detected.,Under Implementation,RUN-20261008-254699
WS/MP644/2024-2025/151117,V41,Madhya Pradesh,REWA,Janardan Mishra,Normal/Others,1744500.0,Vendor Identification,Early-Warning,0,53.32,High,1,0,True,1,1,,,,False,False,False,False,1744500.0,,,147000000.0,,2025-01-17,,,,,0,0.0,0,None,88.86,0.0,71.1,No material anomaly signal detected.,Under Implementation,RUN-20261008-254699
WS/MP644/2024-2025/151181,V41,Madhya Pradesh,REWA,Janardan Mishra,Normal/Others,3837900.0,Vendor Identification,Early-Warning,0,53.32,High,1,0,True,1,1,,,,False,False,False,False,3837900.0,,,147000000.0,,2025-01-17,,,,,0,0.0,0,None,88.86,0.0,71.1,No material anomaly signal detected.,Under Implementation,RUN-20261008-254699
WS/MP644/2024-2025/151390,V41,Madhya Pradesh,REWA,Janardan Mishra,Normal/Others,1749960.0,Vendor Identification,Early-Warning,0,53.32,High,1,0,True,1,1,,,,False,False,False,False,1749960.0,,,147000000.0,,2025-01-21,,,,,0,0.0,0,None,88.86,0.0,71.1,No material anomaly signal detected.,Under Implementation,RUN-20261008-254699
WS/MP644/2024-2025/151191,V41,Madhya Pradesh,REWA,Janardan Mishra,Normal/Others,3140358.0,Vendor Identification,Early-Warning,0,53.32,High,1,0,True,1,1,,,,False,False,False,False,3140358.0,,,147000000.0,,2025-01-24,,,,,0,0.0,0,None,88.86,0.0,71.1,No material anomaly signal detected.,Under Implementation,RUN-20261008-254699
WS/MP650/2025-2026/242025,V41,,,,,,,Early-Warning,0,53.23,High,2,0,False,1,1,,,,False,False,False,False,,101562.0,,,,,,2026-08-23,,SHRI GANESH ASSOCIATES PROPRIETOR NARAYAN SHARMA,2,198912.0,0,None,88.71,0.0,66.3,No material anomaly signal detected.,Under Implementation,RUN-20261008-254699
WS/MP643/2024-2025/146168,V41,Madhya Pradesh,KHANDWA,Gyaneshwar Patil,Normal/Others,1000000.0,Vendor Identification,Early-Warning,0,53.2,High,1,0,True,1,1,,,,False,False,False,False,1000000.0,,,155690684.77,,2024-12-30,,,,,0,0.0,0,None,88.67,0.0,71.1,No material anomaly signal detected.,Under Implementation,RUN-20261008-254699
WS/MP444/2024-2025/149425,V41,Madhya Pradesh,BETUL(ST),Durga Das Uikey,Normal/Others,1321924.0,Physical Inspection,Audit,1,53.14,High,2,0,True,1,1,,,,False,False,False,False,1321924.0,,1321924.0,151569502.91,,2024-11-06,2025-12-31,,,,0,0.0,0,None,88.57,0.0,71.1,No material anomaly signal detected.,Completed,RUN-20261008-254699
WS/MP18109/2025-2026/244420,V41,,,,,,,Early-Warning,0,53.11,High,2,1,False,1,1,,,,False,False,False,False,,236843.0,,,,,,2026-08-24,,GRAM PANCHAYAT TENDUHA NO 1,1,236843.0,1,None,88.51,0.0,66.3,No material anomaly signal detected.,Under Implementation,RUN-20261008-254699
WS/MP356/2025-2026/140605,V41,Madhya Pradesh,MANDSOUR,Shri Sudheer Gupta,Normal/Others,499246.0,Vendor Identification,Early-Warning,0,53.06,High,2,0,True,1,1,,,521.0,False,False,False,False,499246.0,,,148988014.83,2024-09-13,2026-02-16,,,,,0,0.0,0,None,88.43,0.0,76.0,No material anomaly signal detected.,Under Implementation,RUN-20261008-254699
WS/MP18105/2025-2026/185722,V41,,,,,,,Early-Warning,0,53.03,High,2,0,False,1,1,,,,False,False,False,False,,202313.0,,,,,,2026-08-10,,VASTUANANTA DESIGNS,3,667591.0,0,None,88.39,0.0,66.3,No material anomaly signal detected.,Under Implementation,RUN-20261008-254699
WS/MP654/2024-2025/149305,V41,Madhya Pradesh,SHAHDOL (ST),Smt Himadri Singh,Normal/Others,1479000.0,Work partially Completed,Audit,1,53.0,High,1,0,True,1,1,,,,False,False,False,False,1479000.0,,,150724861.11,,2024-11-20,,,,,0,0.0,0,None,88.34,0.0,71.1,No material anomaly signal detected.,Completed,RUN-20261008-254699
WS/MP654/2024-2025/151713,V41,Madhya Pradesh,SHAHDOL (ST),Smt Himadri Singh,Normal/Others,1500000.0,Vendor Identification,Early-Warning,0,53.0,High,1,0,True,1,1,,,,False,False,False,False,1500000.0,,,150724861.11,,2024-12-03,,,,,0,0.0,0,None,88.34,0.0,71.1,No material anomaly signal detected.,Under Implementation,RUN-20261008-254699
WS/MP654/2024-2025/149303,V41,Madhya Pradesh,SHAHDOL (ST),Smt Himadri Singh,Normal/Others,2499000.0,Vendor Identification,Early-Warning,0,53.0,High,1,0,True,1,1,,,,False,False,False,False,2499000.0,,,150724861.11,,2025-03-10,,,,,0,0.0,0,None,88.34,0.0,71.1,No material anomaly signal detected.,Under Implementation,RUN-20261008-254699
WS/MP643/2024-2025/146340,V41,Madhya Pradesh,KHANDWA,Gyaneshwar Patil,Normal/Others,300000.0,Vendor Identification,Early-Warning,0,52.96,High,3,0,True,1,1,-50.0,,,False,False,False,False,300000.0,150000.0,,155690684.77,,2025-02-19,,2025-06-10,,Kamdhenu Agency,1,150000.0,0,None,88.27,0.0,88.0,No material anomaly signal detected.,Under Implementation,RUN-20261008-254699
WS/MP18101/2025-2026/229926,V41,,,,,,,Early-Warning,0,52.96,High,2,0,False,1,1,,,,False,False,False,False,,364616.0,,,,,,2026-08-19,,MP STATE AGRO CHHATARPUR,1,364616.0,0,None,88.26,0.0,66.3,No material anomaly signal detected.,Under Implementation,RUN-20261008-254699
WS/MP18100/2025-2026/206194,V41,,,,,,,Early-Warning,0,52.85,High,2,0,False,1,1,,,,False,False,False,False,,240000.0,,,,,,2026-08-27,,Gram panchayat Rajna,1,240000.0,0,None,88.08,0.0,66.3,No material anomaly signal detected.,Under Implementation,RUN-20261008-254699
WS/MP18100/2025-2026/179869,V41,,,,,,,Early-Warning,0,52.85,High,2,0,False,1,1,,,,False,False,False,False,,240000.0,,,,,,2026-08-27,,Gram panchayat Ambada,1,240000.0,0,None,88.08,0.0,66.3,No material anomaly signal detected.,Under Implementation,RUN-20261008-254699
WS/MP638/2026-2027/236542,V41,,,,,,,Early-Warning,0,52.85,High,2,0,False,1,1,,,,False,False,False,False,,240000.0,,,,,,2026-08-11,,GRAM PANCHAYAT BUDOUR,1,240000.0,0,None,88.08,0.0,66.3,No material anomaly signal detected.,Under Implementation,RUN-20261008-254699
WS/MP638/2024-2025/152372,V41,Madhya Pradesh,TIKAMGARH(SC),Virendra Kumar,Normal/Others,1200000.0,Vendor Identification,Early-Warning,0,52.78,High,1,0,True,1,1,,,,False,False,False,False,1200000.0,,,147000000.0,,2025-03-30,,,,,0,0.0,0,None,87.97,0.0,71.1,No material anomaly signal detected.,Under Implementation,RUN-20261008-254699
WS/MP638/2024-2025/152354,V41,Madhya Pradesh,TIKAMGARH(SC),Virendra Kumar,Normal/Others,1200000.0,Sanction,Early-Warning,0,52.78,High,1,0,True,1,1,,,,False,False,False,False,1200000.0,,,147000000.0,,2025-03-30,,,,,0,0.0,0,None,87.97,0.0,71.1,No material anomaly signal detected.,Under Implementation,RUN-20261008-254699
WS/MP638/2024-2025/152371,V41,Madhya Pradesh,TIKAMGARH(SC),Virendra Kumar,Normal/Others,1200000.0,Sanction,Early-Warning,0,52.78,High,1,0,True,1,1,,,,False,False,False,False,1200000.0,,,147000000.0,,2025-03-30,,,,,0,0.0,0,None,87.97,0.0,71.1,No material anomaly signal detected.,Under Implementation,RUN-20261008-254699
WS/MP446/2026-2027/288629,V41,,,,,,,Early-Warning,0,52.73,High,2,0,False,1,1,,,,False,False,False,False,,360000.0,,,,,,2026-08-20,,GRAM PANCHAYAT PAHADI WAVAN,1,360000.0,0,None,87.88,0.0,66.3,No material anomaly signal detected.,Under Implementation,RUN-20261008-254699
WS/MP446/2026-2027/288625,V41,,,,,,,Early-Warning,0,52.73,High,2,0,False,1,1,,,,False,False,False,False,,360000.0,,,,,,2026-08-25,,GRAM PANCHAYAT NAYAGAON,1,360000.0,0,None,87.88,0.0,66.3,No material anomaly signal detected.,Under Implementation,RUN-20261008-254699
WS/MP18109/2024-2025/146901,V41,Madhya Pradesh,SIDHI,DR. RAJESH MISHRA,Normal/Others,500000.0,Vendor Identification,Early-Warning,0,52.69,High,1,0,True,1,1,,,,False,False,False,False,500000.0,,,262724510.35,,2025-01-28,,,,,0,0.0,0,None,87.81,0.0,71.1,No material anomaly signal detected.,Under Implementation,RUN-20261008-254699
WS/MP18109/2024-2025/150127,V41,Madhya Pradesh,SIDHI,DR. RAJESH MISHRA,Normal/Others,500000.0,Work partially Completed,Audit,1,52.69,High,1,0,True,1,1,,,,False,False,False,False,500000.0,,,262724510.35,,2024-12-27,,,,,0,0.0,0,None,87.81,0.0,71.1,No material anomaly signal detected.,Completed,RUN-20261008-254699
WS/MP18109/2024-2025/146903,V41,Madhya Pradesh,SIDHI,DR. RAJESH MISHRA,Normal/Others,500000.0,Vendor Identification,Early-Warning,0,52.69,High,1,0,True,1,1,,,,False,False,False,False,500000.0,,,262724510.35,,2025-01-28,,,,,0,0.0,0,None,87.81,0.0,71.1,No material anomaly signal detected.,Under Implementation,RUN-20261008-254699
WS/MP18109/2024-2025/150115,V41,Madhya Pradesh,SIDHI,DR. RAJESH MISHRA,Normal/Others,500000.0,Vendor Identification,Early-Warning,0,52.69,High,1,0,True,1,1,,,,False,False,False,False,500000.0,,,262724510.35,,2025-01-28,,,,,0,0.0,0,None,87.81,0.0,71.1,No material anomaly signal detected.,Under Implementation,RUN-20261008-254699
WS/MP18109/2024-2025/150122,V41,Madhya Pradesh,SIDHI,DR. RAJESH MISHRA,Normal/Others,500000.0,Vendor Identification,Early-Warning,0,52.69,High,1,0,True,1,1,,,,False,False,False,False,500000.0,,,262724510.35,,2025-01-28,,,,,0,0.0,0,None,87.81,0.0,71.1,No material anomaly signal detected.,Under Implementation,RUN-20261008-254699
WS/MP18109/2024-2025/146906,V41,Madhya Pradesh,SIDHI,DR. RAJESH MISHRA,Normal/Others,500000.0,Vendor Identification,Early-Warning,0,52.69,High,1,0,True,1,1,,,,False,False,False,False,500000.0,,,262724510.35,,2025-01-28,,,,,0,0.0,0,None,87.81,0.0,71.1,No material anomaly signal detected.,Under Implementation,RUN-20261008-254699
WS/MP18109/2024-2025/146900,V41,Madhya Pradesh,SIDHI,DR. RAJESH MISHRA,Normal/Others,500000.0,Vendor Identification,Early-Warning,0,52.69,High,1,0,True,1,1,,,,False,False,False,False,500000.0,,,262724510.35,,2025-01-28,,,,,0,0.0,0,None,87.81,0.0,71.1,No material anomaly signal detected.,Under Implementation,RUN-20261008-254699
WS/MP18109/2024-2025/146899,V41,Madhya Pradesh,SIDHI,DR. RAJESH MISHRA,Normal/Others,500000.0,Vendor Identification,Early-Warning,0,52.69,High,1,0,True,1,1,,,,False,False,False,False,500000.0,,,262724510.35,,2025-01-28,,,,,0,0.0,0,None,87.81,0.0,71.1,No material anomaly signal detected.,Under Implementation,RUN-20261008-254699
WS/MP18109/2024-2025/146905,V41,Madhya Pradesh,SIDHI,DR. RAJESH MISHRA,Normal/Others,500000.0,Vendor Identification,Early-Warning,0,52.69,High,1,0,True,1,1,,,,False,False,False,False,500000.0,,,262724510.35,,2025-01-28,,,,,0,0.0,0,None,87.81,0.0,71.1,No material anomaly signal detected.,Under Implementation,RUN-20261008-254699
WS/MP18109/2024-2025/146898,V41,Madhya Pradesh,SIDHI,DR. RAJESH MISHRA,Normal/Others,500000.0,Vendor Identification,Early-Warning,0,52.69,High,1,0,True,1,1,,,,False,False,False,False,500000.0,,,262724510.35,,2025-01-28,,,,,0,0.0,0,None,87.81,0.0,71.1,No material anomaly signal detected.,Under Implementation,RUN-20261008-254699
WS/MP18109/2024-2025/146904,V41,Madhya Pradesh,SIDHI,DR. RAJESH MISHRA,Normal/Others,500000.0,Vendor Identification,Early-Warning,0,52.69,High,1,0,True,1,1,,,,False,False,False,False,500000.0,,,262724510.35,,2025-01-28,,,,,0,0.0,0,None,87.81,0.0,71.1,No material anomaly signal detected.,Under Implementation,RUN-20261008-254699
WS/MP644/2024-2025/151187,V41,Madhya Pradesh,REWA,Janardan Mishra,Normal/Others,1395716.0,Vendor Identification,Early-Warning,0,52.66,High,1,0,True,1,1,,,,False,False,False,False,1395716.0,,,147000000.0,,2025-01-24,,,,,0,0.0,0,None,87.76,0.0,71.1,No material anomaly signal detected.,Under Implementation,RUN-20261008-254699
WS/MP644/2024-2025/151160,V41,Madhya Pradesh,REWA,Janardan Mishra,Normal/Others,1395600.0,Vendor Identification,Early-Warning,0,52.61,High,1,0,True,1,1,,,,False,False,False,False,1395600.0,,,147000000.0,,2025-01-17,,,,,0,0.0,0,None,87.69,0.0,71.1,No material anomaly signal detected.,Under Implementation,RUN-20261008-254699
WS/MP644/2024-2025/151169,V41,Madhya Pradesh,REWA,Janardan Mishra,Normal/Others,1395600.0,Vendor Identification,Early-Warning,0,52.61,High,1,0,True,1,1,,,,False,False,False,False,1395600.0,,,147000000.0,,2025-01-17,,,,,0,0.0,0,None,87.69,0.0,71.1,No material anomaly signal detected.,Under Implementation,RUN-20261008-254699
WS/MP638/2026-2027/260001,V41,,,,,,,Early-Warning,0,52.57,High,2,0,False,1,1,,,,False,False,False,False,,200000.0,,,,,,2026-08-19,,Gram Panchayat Kanera,1,200000.0,0,None,87.61,0.0,66.3,No material anomaly signal detected.,Under Implementation,RUN-20261008-254699
WS/MP653/2026-2027/289947,V41,,,,,,,Early-Warning,0,52.57,High,2,0,False,1,1,,,,False,False,False,False,,200000.0,,,,,,2026-08-10,,GP SHEKUKHEDA JAWAR,1,200000.0,0,None,87.61,0.0,66.3,No material anomaly signal detected.,Under Implementation,RUN-20261008-254699
WS/MP18104/2025-2026/204535,V41,,,,,,,Early-Warning,0,52.53,High,2,0,False,1,1,,,,False,False,False,False,,148020.0,,,,,,2026-07-21,,YOGENDRA KUMAR PATEL,1,148020.0,0,None,87.55,0.0,66.3,No material anomaly signal detected.,Under Implementation,RUN-20261008-254699
WS/MP18107/2025-2026/261266,V41,,,,,,,Early-Warning,0,52.52,High,2,0,False,1,1,,,,False,False,False,False,,148562.0,,,,,,2026-07-13,,PUNNIYAKHIDI,1,148562.0,0,None,87.53,0.0,66.3,No material anomaly signal detected.,Under Implementation,RUN-20261008-254699
WS/MP18108/2025-2026/256422,V41,,,,,,,Early-Warning,0,52.45,High,2,1,False,1,1,,,,False,False,False,False,,465157.0,,,,,,2026-07-30,,Ramkishan Dubey,1,465157.0,1,None,87.41,0.0,66.3,No material anomaly signal detected.,Under Implementation,RUN-20261008-254699
WS/MP18106/2024-2025/142106,V41,Madhya Pradesh,MORENA,SHIVMANGAL SINGH TOMAR,Normal/Others,800000.0,Vendor Identification,Early-Warning,0,52.45,High,2,0,True,1,1,,,62.0,False,False,False,False,800000.0,,,147000000.0,2024-10-15,2024-12-16,,,,,0,0.0,0,None,87.42,0.0,76.0,No material anomaly signal detected.,Under Implementation,RUN-20261008-254699
WS/MP18106/2024-2025/142124,V41,Madhya Pradesh,MORENA,SHIVMANGAL SINGH TOMAR,Normal/Others,800000.0,Vendor Identification,Early-Warning,0,52.39,High,2,0,True,1,1,,,63.0,False,False,False,False,800000.0,,,147000000.0,2024-10-15,2024-12-17,,,,,0,0.0,0,None,87.31,0.0,76.0,No material anomaly signal detected.,Under Implementation,RUN-20261008-254699
WS/MP18106/2024-2025/142123,V41,Madhya Pradesh,MORENA,SHIVMANGAL SINGH TOMAR,Normal/Others,800000.0,Vendor Identification,Early-Warning,0,52.39,High,2,0,True,1,1,,,63.0,False,False,False,False,800000.0,,,147000000.0,2024-10-15,2024-12-17,,,,,0,0.0,0,None,87.31,0.0,76.0,No material anomaly signal detected.,Under Implementation,RUN-20261008-254699
WS/MP18106/2024-2025/142120,V41,Madhya Pradesh,MORENA,SHIVMANGAL SINGH TOMAR,Normal/Others,800000.0,Vendor Identification,Early-Warning,0,52.39,High,2,0,True,1,1,,,63.0,False,False,False,False,800000.0,,,147000000.0,2024-10-15,2024-12-17,,,,,0,0.0,0,None,87.31,0.0,76.0,No material anomaly signal detected.,Under Implementation,RUN-20261008-254699
WS/MP18106/2024-2025/142121,V41,Madhya Pradesh,MORENA,SHIVMANGAL SINGH TOMAR,Normal/Others,800000.0,Vendor Identification,Early-Warning,0,52.39,High,2,0,True,1,1,,,63.0,False,False,False,False,800000.0,,,147000000.0,2024-10-15,2024-12-17,,,,,0,0.0,0,None,87.31,0.0,76.0,No material anomaly signal detected.,Under Implementation,RUN-20261008-254699
WS/MP18108/2024-2025/151836,V41,Madhya Pradesh,SAGAR,DR. LATA WANKHEDE,Normal/Others,750000.0,Physical Inspection,Audit,1,52.37,High,2,0,True,1,1,,,,False,False,False,False,750000.0,,750000.0,147000000.0,,2024-12-21,2025-10-29,,,,0,0.0,0,None,87.29,0.0,71.1,No material anomaly signal detected.,Completed,RUN-20261008-254699
WS/MP641/2024-2025/147737,V41,Madhya Pradesh,KHARGONE(ST),Gajendra Singh Patel,Normal/Others,1100000.0,Vendor Identification,Early-Warning,0,52.36,High,1,0,True,1,1,,,,False,False,False,False,1100000.0,,,147000000.0,,2025-03-27,,,,,0,0.0,0,None,87.26,0.0,71.1,No material anomaly signal detected.,Under Implementation,RUN-20261008-254699
WS/MP638/2026-2027/294139,V41,,,,,,,Early-Warning,0,52.35,High,2,0,False,1,1,,,,False,False,False,False,,180000.0,,,,,,2026-08-21,,GRAM PANCHAYAT BANDNI,1,180000.0,0,None,87.25,0.0,66.3,No material anomaly signal detected.,Under Implementation,RUN-20261008-254699
WS/MP638/2026-2027/259975,V41,,,,,,,Early-Warning,0,52.35,High,2,0,False,1,1,,,,False,False,False,False,,180000.0,,,,,,2026-07-14,,GRAM PANCHAYAT DAURIYA,1,180000.0,0,None,87.25,0.0,66.3,No material anomaly signal detected.,Under Implementation,RUN-20261008-254699
WS/MP18104/2026-2027/154225,V41,,,,,,,Early-Warning,0,52.35,High,2,0,False,1,1,,,,False,False,False,False,,180000.0,,,,,,2026-07-21,,SHRI SANKAT MOCHAN JAN KALYAN SAMITI,1,180000.0,0,None,87.25,0.0,66.3,No material anomaly signal detected.,Under Implementation,RUN-20261008-254699
WS/MP18106/2024-2025/142105,V41,Madhya Pradesh,MORENA,SHIVMANGAL SINGH TOMAR,Normal/Others,800000.0,Vendor Identification,Early-Warning,0,52.31,High,2,0,True,1,1,,,66.0,False,False,False,False,800000.0,,,147000000.0,2024-10-11,2024-12-16,,,,,0,0.0,0,None,87.18,0.0,76.0,No material anomaly signal detected.,Under Implementation,RUN-20261008-254699
WS/MP443/2025-2026/142905,V41,Madhya Pradesh,RAJGARH,Rodmal Nagar,Normal/Others,387988.0,Work Completed,Audit,1,52.27,High,3,0,True,1,1,,,210.0,False,False,False,False,387988.0,,387988.0,147000000.0,2024-09-23,2025-04-21,2025-06-20,,270.0,,0,0.0,0,None,87.12,0.0,78.4,No material anomaly signal detected.,Completed,RUN-20261008-254699
WS/MP443/2025-2026/142913,V41,Madhya Pradesh,RAJGARH,Rodmal Nagar,Normal/Others,387988.0,Work Completed,Audit,1,52.27,High,3,0,True,1,1,,,210.0,False,False,False,False,387988.0,,387988.0,147000000.0,2024-09-23,2025-04-21,2025-06-20,,270.0,,0,0.0,0,None,87.12,0.0,78.4,No material anomaly signal detected.,Completed,RUN-20261008-254699
WS/MP443/2025-2026/142911,V41,Madhya Pradesh,RAJGARH,Rodmal Nagar,Normal/Others,387988.0,Work Completed,Audit,1,52.27,High,3,0,True,1,1,,,210.0,False,False,False,False,387988.0,,387988.0,147000000.0,2024-09-23,2025-04-21,2025-06-20,,270.0,,0,0.0,0,None,87.12,0.0,78.4,No material anomaly signal detected.,Completed,RUN-20261008-254699
WS/MP443/2025-2026/142908,V41,Madhya Pradesh,RAJGARH,Rodmal Nagar,Normal/Others,387988.0,Work Completed,Audit,1,52.27,High,3,0,True,1,1,,,210.0,False,False,False,False,387988.0,,387988.0,147000000.0,2024-09-23,2025-04-21,2025-06-20,,270.0,,0,0.0,0,None,87.12,0.0,78.4,No material anomaly signal detected.,Completed,RUN-20261008-254699
WS/MP443/2025-2026/142855,V41,Madhya Pradesh,RAJGARH,Rodmal Nagar,Normal/Others,387988.0,Work Completed,Audit,1,52.27,High,3,0,True,1,1,,,210.0,False,False,False,False,387988.0,,387988.0,147000000.0,2024-09-23,2025-04-21,2025-06-20,,270.0,,0,0.0,0,None,87.12,0.0,78.4,No material anomaly signal detected.,Completed,RUN-20261008-254699
WS/MP443/2025-2026/142904,V41,Madhya Pradesh,RAJGARH,Rodmal Nagar,Normal/Others,387988.0,Work Completed,Audit,1,52.27,High,3,0,True,1,1,,,210.0,False,False,False,False,387988.0,,387988.0,147000000.0,2024-09-23,2025-04-21,2025-06-20,,270.0,,0,0.0,0,None,87.12,0.0,78.4,No material anomaly signal detected.,Completed,RUN-20261008-254699
WS/MP443/2025-2026/142900,V41,Madhya Pradesh,RAJGARH,Rodmal Nagar,Normal/Others,387988.0,Work Completed,Audit,1,52.27,High,3,0,True,1,1,,,210.0,False,False,False,False,387988.0,,387988.0,147000000.0,2024-09-23,2025-04-21,2025-06-20,,270.0,,0,0.0,0,None,87.12,0.0,78.4,No material anomaly signal detected.,Completed,RUN-20261008-254699
WS/MP443/2025-2026/142841,V41,Madhya Pradesh,RAJGARH,Rodmal Nagar,Normal/Others,387988.0,Work Completed,Audit,1,52.27,High,3,0,True,1,1,,,210.0,False,False,False,False,387988.0,,387988.0,147000000.0,2024-09-23,2025-04-21,2025-06-20,,270.0,,0,0.0,0,None,87.12,0.0,78.4,No material anomaly signal detected.,Completed,RUN-20261008-254699
WS/MP443/2025-2026/142843,V41,Madhya Pradesh,RAJGARH,Rodmal Nagar,Normal/Others,387988.0,Work Completed,Audit,1,52.27,High,3,0,True,1,1,,,210.0,False,False,False,False,387988.0,,387988.0,147000000.0,2024-09-23,2025-04-21,2025-06-20,,270.0,,0,0.0,0,None,87.12,0.0,78.4,No material anomaly signal detected.,Completed,RUN-20261008-254699
WS/MP443/2025-2026/142845,V41,Madhya Pradesh,RAJGARH,Rodmal Nagar,Normal/Others,387988.0,Work Completed,Audit,1,52.27,High,3,0,True,1,1,,,210.0,False,False,False,False,387988.0,,387988.0,147000000.0,2024-09-23,2025-04-21,2025-06-20,,270.0,,0,0.0,0,None,87.12,0.0,78.4,No material anomaly signal detected.,Completed,RUN-20261008-254699
WS/MP443/2025-2026/142869,V41,Madhya Pradesh,RAJGARH,Rodmal Nagar,Normal/Others,387988.0,Work Completed,Audit,1,52.27,High,3,0,True,1,1,,,210.0,False,False,False,False,387988.0,,387988.0,147000000.0,2024-09-23,2025-04-21,2025-06-20,,270.0,,0,0.0,0,None,87.12,0.0,78.4,No material anomaly signal detected.,Completed,RUN-20261008-254699
WS/MP443/2025-2026/142847,V41,Madhya Pradesh,RAJGARH,Rodmal Nagar,Normal/Others,387988.0,Work Completed,Audit,1,52.27,High,3,0,True,1,1,,,210.0,False,False,False,False,387988.0,,387988.0,147000000.0,2024-09-23,2025-04-21,2025-06-20,,270.0,,0,0.0,0,None,87.12,0.0,78.4,No material anomaly signal detected.,Completed,RUN-20261008-254699
WS/MP443/2025-2026/142853,V41,Madhya Pradesh,RAJGARH,Rodmal Nagar,Normal/Others,387988.0,Work Completed,Audit,1,52.27,High,3,0,True,1,1,,,210.0,False,False,False,False,387988.0,,387988.0,147000000.0,2024-09-23,2025-04-21,2025-06-20,,270.0,,0,0.0,0,None,87.12,0.0,78.4,No material anomaly signal detected.,Completed,RUN-20261008-254699
WS/MP443/2025-2026/142901,V41,Madhya Pradesh,RAJGARH,Rodmal Nagar,Normal/Others,387988.0,Work Completed,Audit,1,52.27,High,3,0,True,1,1,,,210.0,False,False,False,False,387988.0,,387988.0,147000000.0,2024-09-23,2025-04-21,2025-06-20,,270.0,,0,0.0,0,None,87.12,0.0,78.4,No material anomaly signal detected.,Completed,RUN-20261008-254699
WS/MP641/2024-2025/133906,V41,Madhya Pradesh,KHARGONE(ST),Gajendra Singh Patel,Normal/Others,500000.0,Work partially Completed,Audit,1,52.17,High,2,0,True,1,1,,,167.0,False,False,False,False,500000.0,,,147000000.0,2024-07-22,2025-01-05,,,,,0,0.0,0,None,86.95,0.0,76.0,No material anomaly signal detected.,Completed,RUN-20261008-254699
WS/MP18104/2025-2026/181967,V41,,,,,,,Early-Warning,0,52.13,High,2,0,False,1,1,,,,False,False,False,False,,150000.0,,,,,,2026-07-20,,Sarpanch Gram Panchayat Luchgaon,1,150000.0,0,None,86.88,0.0,66.3,No material anomaly signal detected.,Under Implementation,RUN-20261008-254699
WS/MP443/2026-2027/292931,V41,,,,,,,Early-Warning,0,52.13,High,2,0,False,1,1,,,,False,False,False,False,,150000.0,,,,,,2026-08-18,,GP JAMONIYA JP BIAORA,1,150000.0,0,None,86.88,0.0,66.3,No material anomaly signal detected.,Under Implementation,RUN-20261008-254699
WS/MP18104/2026-2027/285482,V41,,,,,,,Early-Warning,0,52.13,High,2,0,False,1,1,,,,False,False,False,False,,150000.0,,,,,,2026-08-14,,GRAM PANCHAYAT MISROD SARPANCH GRAM,1,150000.0,0,None,86.88,0.0,66.3,No material anomaly signal detected.,Under Implementation,RUN-20261008-254699
WS/MP640/2026-2027/273061,V41,,,,,,,Early-Warning,0,52.13,High,2,0,False,1,1,,,,False,False,False,False,,150000.0,,,,,,2026-07-08,,GRAM PANCHAYAT CHHUI,1,150000.0,0,None,86.88,0.0,66.3,No material anomaly signal detected.,Under Implementation,RUN-20261008-254699
WS/MP641/2026-2027/258152,V41,,,,,,,Early-Warning,0,52.13,High,2,0,False,1,1,,,,False,False,False,False,,150000.0,,,,,,2026-04-24,,cmobistan,1,150000.0,0,None,86.88,0.0,66.3,No material anomaly signal detected.,Under Implementation,RUN-20261008-254699
WS/MP644/2024-2025/151374,V41,Madhya Pradesh,REWA,Janardan Mishra,Normal/Others,1286088.0,Vendor Identification,Early-Warning,0,52.09,High,1,0,True,1,1,,,,False,False,False,False,1286088.0,,,147000000.0,,2025-01-24,,,,,0,0.0,0,None,86.81,0.0,71.1,No material anomaly signal detected.,Under Implementation,RUN-20261008-254699
WS/MP650/2025-2026/212496,V41,,,,,,,Early-Warning,0,52.0,High,2,0,False,1,1,,,,False,False,False,False,,249621.0,,,,,,2026-08-19,,Jai Baba Barfani trader,1,249621.0,0,None,86.66,0.0,66.3,No material anomaly signal detected.,Under Implementation,RUN-20261008-254699
WS/MP18109/2026-2027/205624,V41,,,,,,,Early-Warning,0,51.98,High,2,0,False,1,1,,,,False,False,False,False,,249728.0,,,,,,2026-08-21,,Sonu Singh,1,249728.0,0,None,86.64,0.0,66.3,No material anomaly signal detected.,Under Implementation,RUN-20261008-254699
WS/MP641/2024-2025/133912,V41,Madhya Pradesh,KHARGONE(ST),Gajendra Singh Patel,Normal/Others,1000000.0,Vendor Identification,Early-Warning,0,51.93,High,2,0,True,1,1,,,92.0,False,False,False,False,1000000.0,,,147000000.0,2024-07-22,2024-10-22,,,,,0,0.0,0,None,86.55,0.0,76.0,No material anomaly signal detected.,Under Implementation,RUN-20261008-254699
WS/MP18104/2026-2027/290510,V41,,,,,,,Early-Warning,0,51.84,High,2,0,False,1,1,,,,False,False,False,False,,125000.0,,,,,,2026-08-25,,GRAM PANCHAYAT SURELA KISHOR SFC,1,125000.0,0,None,86.4,0.0,66.3,No material anomaly signal detected.,Under Implementation,RUN-20261008-254699
WS/MP18108/2024-2025/151874,V41,Madhya Pradesh,SAGAR,DR. LATA WANKHEDE,Normal/Others,700000.0,Physical Inspection,Audit,1,51.81,High,2,0,True,1,1,,,,False,False,False,False,700000.0,,700000.0,147000000.0,,2024-12-21,2025-10-17,,,,0,0.0,0,None,86.35,0.0,71.1,No material anomaly signal detected.,Completed,RUN-20261008-254699
WS/MP18109/2026-2027/230484,V41,,,,,,,Early-Warning,0,51.76,High,2,1,False,1,1,,,,False,False,False,False,,249940.0,,,,,,2026-07-27,,GRAM PANCHAYAT BADHAURA,1,249940.0,1,None,86.27,0.0,66.3,No material anomaly signal detected.,Under Implementation,RUN-20261008-254699
WS/MP18104/2025-2026/154234,V41,,,,,,,Early-Warning,0,51.73,High,2,0,False,1,1,,,,False,False,False,False,,25000.0,,,,,,2026-01-22,,Khyati Sports,1,25000.0,0,None,86.21,0.0,66.3,No material anomaly signal detected.,Under Implementation,RUN-20261008-254699
WS/MP18104/2024-2025/153170,V41,,,,,,,Early-Warning,0,51.73,High,2,0,False,1,1,,,,False,False,False,False,,25000.0,,,,,,2026-08-25,,GRAM PANCHAYAT RICHHEDA,1,25000.0,0,None,86.21,0.0,66.3,No material anomaly signal detected.,Under Implementation,RUN-20261008-254699
WS/MP18109/2025-2026/244412,V41,,,,,,,Early-Warning,0,51.73,High,2,1,False,1,1,,,,False,False,False,False,,249949.0,,,,,,2026-08-25,,Gram panchayat Madwa,1,249949.0,1,None,86.22,0.0,66.3,No material anomaly signal detected.,Under Implementation,RUN-20261008-254699
WS/MP643/2024-2025/135916,V41,Madhya Pradesh,KHANDWA,Gyaneshwar Patil,Normal/Others,100000.0,Physical Inspection,Audit,1,51.7,High,3,0,True,1,1,,,122.0,False,False,False,False,100000.0,,100000.0,155690684.77,2024-08-16,2024-12-16,2025-07-03,,321.0,,0,0.0,0,None,86.17,0.0,78.4,No material anomaly signal detected.,Completed,RUN-20261008-254699
WS/MP643/2024-2025/135914,V41,Madhya Pradesh,KHANDWA,Gyaneshwar Patil,Normal/Others,100000.0,Physical Inspection,Audit,1,51.7,High,3,0,True,1,1,,,122.0,False,False,False,False,100000.0,,100000.0,155690684.77,2024-08-16,2024-12-16,2025-07-03,,321.0,,0,0.0,0,None,86.17,0.0,78.4,No material anomaly signal detected.,Completed,RUN-20261008-254699
WS/MP643/2024-2025/135912,V41,Madhya Pradesh,KHANDWA,Gyaneshwar Patil,Normal/Others,100000.0,Physical Inspection,Audit,1,51.7,High,3,0,True,1,1,,,122.0,False,False,False,False,100000.0,,100000.0,155690684.77,2024-08-16,2024-12-16,2025-07-03,,321.0,,0,0.0,0,None,86.17,0.0,78.4,No material anomaly signal detected.,Completed,RUN-20261008-254699
WS/MP643/2024-2025/135911,V41,Madhya Pradesh,KHANDWA,Gyaneshwar Patil,Normal/Others,100000.0,Physical Inspection,Audit,1,51.7,High,3,0,True,1,1,,,122.0,False,False,False,False,100000.0,,100000.0,155690684.77,2024-08-16,2024-12-16,2025-07-03,,321.0,,0,0.0,0,None,86.17,0.0,78.4,No material anomaly signal detected.,Completed,RUN-20261008-254699
WS/MP643/2024-2025/135909,V41,Madhya Pradesh,KHANDWA,Gyaneshwar Patil,Normal/Others,100000.0,Physical Inspection,Audit,1,51.7,High,3,0,True,1,1,,,122.0,False,False,False,False,100000.0,,100000.0,155690684.77,2024-08-16,2024-12-16,2025-07-03,,321.0,,0,0.0,0,None,86.17,0.0,78.4,No material anomaly signal detected.,Completed,RUN-20261008-254699
WS/MP643/2024-2025/135908,V41,Madhya Pradesh,KHANDWA,Gyaneshwar Patil,Normal/Others,100000.0,Physical Inspection,Audit,1,51.7,High,3,0,True,1,1,,,122.0,False,False,False,False,100000.0,,100000.0,155690684.77,2024-08-16,2024-12-16,2025-07-03,,321.0,,0,0.0,0,None,86.17,0.0,78.4,No material anomaly signal detected.,Completed,RUN-20261008-254699
WS/MP643/2024-2025/135915,V41,Madhya Pradesh,KHANDWA,Gyaneshwar Patil,Normal/Others,100000.0,Physical Inspection,Audit,1,51.7,High,3,0,True,1,1,,,122.0,False,False,False,False,100000.0,,100000.0,155690684.77,2024-08-16,2024-12-16,2025-07-03,,321.0,,0,0.0,0,None,86.17,0.0,78.4,No material anomaly signal detected.,Completed,RUN-20261008-254699
WS/MP643/2024-2025/135917,V41,Madhya Pradesh,KHANDWA,Gyaneshwar Patil,Normal/Others,100000.0,Physical Inspection,Audit,1,51.7,High,3,0,True,1,1,,,122.0,False,False,False,False,100000.0,,100000.0,155690684.77,2024-08-16,2024-12-16,2025-07-03,,321.0,,0,0.0,0,None,86.17,0.0,78.4,No material anomaly signal detected.,Completed,RUN-20261008-254699
WS/MP18104/2026-2027/285516,V41,,,,,,,Early-Warning,0,51.68,High,2,0,False,1,1,,,,False,False,False,False,,350000.0,,,,,,2026-08-19,,Sarpanch Gram Panchayat Bharlai,1,350000.0,0,None,86.14,0.0,66.3,No material anomaly signal detected.,Under Implementation,RUN-20261008-254699
WS/MP18102/2026-2027/222598,V41,,,,,,,Early-Warning,0,51.68,High,2,0,False,1,1,,,,False,False,False,False,,350000.0,,,,,,2026-08-07,,Gram Panchayat Bachhadawada janpad Panchayat nalchha district dhar,1,350000.0,0,None,86.14,0.0,66.3,No material anomaly signal detected.,Under Implementation,RUN-20261008-254699
WS/MP18109/2026-2027/238385,V41,,,,,,,Early-Warning,0,51.68,High,2,1,False,1,1,,,,False,False,False,False,,350000.0,,,,,,2026-07-16,,GRAM PANCHAYAT NAUGAWAN DHIR SINGH,1,350000.0,1,None,86.14,0.0,66.3,No material anomaly signal detected.,Under Implementation,RUN-20261008-254699
WS/MP18099/2026-2027/286584,V41,,,,,,,Early-Warning,0,51.68,High,2,0,False,1,1,,,,False,False,False,False,,350000.0,,,,,,2026-08-05,,Dillod,1,350000.0,0,None,86.14,0.0,66.3,No material anomaly signal detected.,Under Implementation,RUN-20261008-254699
WS/MP356/2024-2025/137862,V41,Madhya Pradesh,MANDSOUR,Shri Sudheer Gupta,Normal/Others,100000.0,Physical Inspection,Audit,1,51.68,High,3,0,True,1,1,,,82.0,False,False,False,False,100000.0,,100000.0,148988014.83,2024-08-30,2024-11-20,2026-04-26,,604.0,,0,0.0,0,None,86.14,0.0,78.4,No material anomaly signal detected.,Completed,RUN-20261008-254699
WS/MP356/2024-2025/137860,V41,Madhya Pradesh,MANDSOUR,Shri Sudheer Gupta,Normal/Others,100000.0,Physical Inspection,Audit,1,51.68,High,3,0,True,1,1,,,82.0,False,False,False,False,100000.0,,100000.0,148988014.83,2024-08-30,2024-11-20,2026-04-26,,604.0,,0,0.0,0,None,86.14,0.0,78.4,No material anomaly signal detected.,Completed,RUN-20261008-254699
WS/MP644/2024-2025/151376,V41,Madhya Pradesh,REWA,Janardan Mishra,Normal/Others,1125327.0,Work Completed,Audit,1,51.44,High,2,0,True,1,1,,,,False,False,False,False,1125327.0,,1125327.0,147000000.0,,2025-01-24,2025-04-25,,,,0,0.0,0,None,85.73,0.0,71.1,No material anomaly signal detected.,Completed,RUN-20261008-254699
WS/MP18104/2026-2027/152597,V41,,,,,,,Early-Warning,0,51.22,High,2,0,False,1,1,,,,False,False,False,False,,100000.0,,,,,,2026-08-06,,SARPANCH GRAM PANCHAYAT CHOURAHET,1,100000.0,0,None,85.36,0.0,66.3,No material anomaly signal detected.,Under Implementation,RUN-20261008-254699
WS/MP18100/2026-2027/263076,V41,,,,,,,Early-Warning,0,51.22,High,2,0,False,1,1,,,,False,False,False,False,,100000.0,,,,,,2026-08-19,,sarpanch gp khamrajethu,1,100000.0,0,None,85.36,0.0,66.3,No material anomaly signal detected.,Under Implementation,RUN-20261008-254699
WS/MP18100/2026-2027/263127,V41,,,,,,,Early-Warning,0,51.22,High,2,0,False,1,1,,,,False,False,False,False,,100000.0,,,,,,2026-08-19,,GRAM PANCHYAT KHAMI,1,100000.0,0,None,85.36,0.0,66.3,No material anomaly signal detected.,Under Implementation,RUN-20261008-254699
WS/MP18104/2026-2027/229584,V41,,,,,,,Early-Warning,0,51.22,High,2,0,False,1,1,,,,False,False,False,False,,100000.0,,,,,,2026-07-02,,GP SILARIKALA JP UDAIPURA,1,100000.0,0,None,85.36,0.0,66.3,No material anomaly signal detected.,Under Implementation,RUN-20261008-254699
WS/MP356/2026-2027/277658,V41,,,,,,,Early-Warning,0,51.22,High,2,0,False,1,1,,,,False,False,False,False,,100000.0,,,,,,2026-07-23,,Gram Panchayat Gothda,1,100000.0,0,None,85.36,0.0,66.3,No material anomaly signal detected.,Under Implementation,RUN-20261008-254699
WS/MP18104/2026-2027/290505,V41,,,,,,,Early-Warning,0,51.22,High,2,0,False,1,1,,,,False,False,False,False,,100000.0,,,,,,2026-08-25,,GRAM PANCHAYAT MATKULI SFC,1,100000.0,0,None,85.36,0.0,66.3,No material anomaly signal detected.,Under Implementation,RUN-20261008-254699
WS/MP18104/2025-2026/229571,V41,,,,,,,Early-Warning,0,51.22,High,2,0,False,1,1,,,,False,False,False,False,,100000.0,,,,,,2026-07-24,,YVS Fitness and gym equipment,1,100000.0,0,None,85.36,0.0,66.3,No material anomaly signal detected.,Under Implementation,RUN-20261008-254699
WS/MP18104/2026-2027/287626,V41,,,,,,,Early-Warning,0,51.22,High,2,0,False,1,1,,,,False,False,False,False,,100000.0,,,,,,2026-08-25,,GRAM PANCHAYAT SANDIYA SFC,1,100000.0,0,None,85.36,0.0,66.3,No material anomaly signal detected.,Under Implementation,RUN-20261008-254699
WS/MP640/2026-2027/270690,V41,,,,,,,Early-Warning,0,51.22,High,2,0,False,1,1,,,,False,False,False,False,,100000.0,,,,,,2026-07-27,,gram panchayat noni,1,100000.0,0,None,85.36,0.0,66.3,No material anomaly signal detected.,Under Implementation,RUN-20261008-254699
WS/MP640/2026-2027/270699,V41,,,,,,,Early-Warning,0,51.22,High,2,0,False,1,1,,,,False,False,False,False,,100000.0,,,,,,2026-07-27,,gram panchayat khamariya,1,100000.0,0,None,85.36,0.0,66.3,No material anomaly signal detected.,Under Implementation,RUN-20261008-254699
WS/MP640/2026-2027/270768,V41,,,,,,,Early-Warning,0,51.22,High,2,0,False,1,1,,,,False,False,False,False,,100000.0,,,,,,2026-08-04,,gram panchayat katkuhi,1,100000.0,0,None,85.36,0.0,66.3,No material anomaly signal detected.,Under Implementation,RUN-20261008-254699
WS/MP643/2024-2025/139591,V41,Madhya Pradesh,KHANDWA,Gyaneshwar Patil,Normal/Others,100000.0,Physical Inspection,Audit,1,51.13,High,3,0,True,1,1,,,121.0,False,False,False,False,100000.0,,100000.0,155690684.77,2024-09-07,2025-01-06,2025-03-21,,195.0,,0,0.0,0,None,85.22,0.0,78.4,No material anomaly signal detected.,Completed,RUN-20261008-254699
WS/MP643/2024-2025/139577,V41,Madhya Pradesh,KHANDWA,Gyaneshwar Patil,Normal/Others,100000.0,Physical Inspection,Audit,1,51.13,High,3,0,True,1,1,,,121.0,False,False,False,False,100000.0,,100000.0,155690684.77,2024-09-07,2025-01-06,2025-03-21,,195.0,,0,0.0,0,None,85.22,0.0,78.4,No material anomaly signal detected.,Completed,RUN-20261008-254699
WS/MP643/2024-2025/139595,V41,Madhya Pradesh,KHANDWA,Gyaneshwar Patil,Normal/Others,100000.0,Physical Inspection,Audit,1,51.13,High,3,0,True,1,1,,,121.0,False,False,False,False,100000.0,,100000.0,155690684.77,2024-09-07,2025-01-06,2025-03-21,,195.0,,0,0.0,0,None,85.22,0.0,78.4,No material anomaly signal detected.,Completed,RUN-20261008-254699
WS/MP643/2024-2025/139594,V41,Madhya Pradesh,KHANDWA,Gyaneshwar Patil,Normal/Others,100000.0,Physical Inspection,Audit,1,51.13,High,3,0,True,1,1,,,121.0,False,False,False,False,100000.0,,100000.0,155690684.77,2024-09-07,2025-01-06,2025-03-21,,195.0,,0,0.0,0,None,85.22,0.0,78.4,No material anomaly signal detected.,Completed,RUN-20261008-254699
WS/MP643/2024-2025/139578,V41,Madhya Pradesh,KHANDWA,Gyaneshwar Patil,Normal/Others,100000.0,Physical Inspection,Audit,1,51.13,High,3,0,True,1,1,,,121.0,False,False,False,False,100000.0,,100000.0,155690684.77,2024-09-07,2025-01-06,2025-03-21,,195.0,,0,0.0,0,None,85.22,0.0,78.4,No material anomaly signal detected.,Completed,RUN-20261008-254699
WS/MP643/2024-2025/139593,V41,Madhya Pradesh,KHANDWA,Gyaneshwar Patil,Normal/Others,100000.0,Physical Inspection,Audit,1,51.13,High,3,0,True,1,1,,,121.0,False,False,False,False,100000.0,,100000.0,155690684.77,2024-09-07,2025-01-06,2025-03-21,,195.0,,0,0.0,0,None,85.22,0.0,78.4,No material anomaly signal detected.,Completed,RUN-20261008-254699
WS/MP643/2024-2025/139592,V41,Madhya Pradesh,KHANDWA,Gyaneshwar Patil,Normal/Others,100000.0,Physical Inspection,Audit,1,51.13,High,3,0,True,1,1,,,121.0,False,False,False,False,100000.0,,100000.0,155690684.77,2024-09-07,2025-01-06,2025-03-21,,195.0,,0,0.0,0,None,85.22,0.0,78.4,No material anomaly signal detected.,Completed,RUN-20261008-254699
WS/MP643/2024-2025/139580,V41,Madhya Pradesh,KHANDWA,Gyaneshwar Patil,Normal/Others,100000.0,Physical Inspection,Audit,1,51.13,High,3,0,True,1,1,,,121.0,False,False,False,False,100000.0,,100000.0,155690684.77,2024-09-07,2025-01-06,2025-03-21,,195.0,,0,0.0,0,None,85.22,0.0,78.4,No material anomaly signal detected.,Completed,RUN-20261008-254699
WS/MP643/2024-2025/139586,V41,Madhya Pradesh,KHANDWA,Gyaneshwar Patil,Normal/Others,100000.0,Physical Inspection,Audit,1,51.13,High,3,0,True,1,1,,,121.0,False,False,False,False,100000.0,,100000.0,155690684.77,2024-09-07,2025-01-06,2025-03-21,,195.0,,0,0.0,0,None,85.22,0.0,78.4,No material anomaly signal detected.,Completed,RUN-20261008-254699
WS/MP643/2024-2025/139585,V41,Madhya Pradesh,KHANDWA,Gyaneshwar Patil,Normal/Others,100000.0,Physical Inspection,Audit,1,51.13,High,3,0,True,1,1,,,121.0,False,False,False,False,100000.0,,100000.0,155690684.77,2024-09-07,2025-01-06,2025-03-21,,195.0,,0,0.0,0,None,85.22,0.0,78.4,No material anomaly signal detected.,Completed,RUN-20261008-254699
WS/MP643/2024-2025/139579,V41,Madhya Pradesh,KHANDWA,Gyaneshwar Patil,Normal/Others,100000.0,Physical Inspection,Audit,1,51.13,High,3,0,True,1,1,,,121.0,False,False,False,False,100000.0,,100000.0,155690684.77,2024-09-07,2025-01-06,2025-03-21,,195.0,,0,0.0,0,None,85.22,0.0,78.4,No material anomaly signal detected.,Completed,RUN-20261008-254699
WS/MP643/2024-2025/139584,V41,Madhya Pradesh,KHANDWA,Gyaneshwar Patil,Normal/Others,100000.0,Physical Inspection,Audit,1,51.13,High,3,0,True,1,1,,,121.0,False,False,False,False,100000.0,,100000.0,155690684.77,2024-09-07,2025-01-06,2025-03-21,,195.0,,0,0.0,0,None,85.22,0.0,78.4,No material anomaly signal detected.,Completed,RUN-20261008-254699
WS/MP643/2024-2025/139581,V41,Madhya Pradesh,KHANDWA,Gyaneshwar Patil,Normal/Others,100000.0,Physical Inspection,Audit,1,51.13,High,3,0,True,1,1,,,121.0,False,False,False,False,100000.0,,100000.0,155690684.77,2024-09-07,2025-01-06,2025-03-21,,195.0,,0,0.0,0,None,85.22,0.0,78.4,No material anomaly signal detected.,Completed,RUN-20261008-254699
WS/MP643/2024-2025/139582,V41,Madhya Pradesh,KHANDWA,Gyaneshwar Patil,Normal/Others,100000.0,Physical Inspection,Audit,1,51.13,High,3,0,True,1,1,,,121.0,False,False,False,False,100000.0,,100000.0,155690684.77,2024-09-07,2025-01-06,2025-03-21,,195.0,,0,0.0,0,None,85.22,0.0,78.4,No material anomaly signal detected.,Completed,RUN-20261008-254699
WS/MP643/2024-2025/139583,V41,Madhya Pradesh,KHANDWA,Gyaneshwar Patil,Normal/Others,100000.0,Physical Inspection,Audit,1,51.13,High,3,0,True,1,1,,,121.0,False,False,False,False,100000.0,,100000.0,155690684.77,2024-09-07,2025-01-06,2025-03-21,,195.0,,0,0.0,0,None,85.22,0.0,78.4,No material anomaly signal detected.,Completed,RUN-20261008-254699
WS/MP638/2026-2027/235940,V41,,,,,,,Early-Warning,0,51.07,High,2,0,False,1,1,,,,False,False,False,False,,103819.0,,,,,,2026-07-11,,GRAM PANCHAYAT TILA,1,103819.0,0,None,85.12,0.0,66.3,No material anomaly signal detected.,Under Implementation,RUN-20261008-254699
WS/MP638/2025-2026/235577,V41,,,,,,,Early-Warning,0,51.07,High,2,0,False,1,1,,,,False,False,False,False,,103817.0,,,,,,2026-07-25,,gram panchayat sijora,1,103817.0,0,None,85.11,0.0,66.3,No material anomaly signal detected.,Under Implementation,RUN-20261008-254699
WS/MP644/2024-2025/151198,V41,Madhya Pradesh,REWA,Janardan Mishra,Normal/Others,1046786.0,Vendor Identification,Early-Warning,0,51.01,High,1,0,True,1,1,,,,False,False,False,False,1046786.0,,,147000000.0,,2025-01-24,,,,,0,0.0,0,None,85.02,0.0,71.1,No material anomaly signal detected.,Under Implementation,RUN-20261008-254699
WS/MP18107/2024-2025/163615,V41,,,,,,,Early-Warning,0,50.89,High,2,0,False,1,1,,,,False,False,False,False,,120000.0,,,,,,2026-07-03,,PATDI,1,120000.0,0,None,84.82,0.0,66.3,No material anomaly signal detected.,Under Implementation,RUN-20261008-254699
WS/MP18100/2025-2026/249986,V41,,,,,,,Early-Warning,0,50.89,High,2,0,False,1,1,,,,False,False,False,False,,120000.0,,,,,,2026-02-03,,Sarpanch Gram Panchayat KERIYA,1,120000.0,0,None,84.82,0.0,66.3,No material anomaly signal detected.,Under Implementation,RUN-20261008-254699
WS/MP638/2026-2027/236221,V41,,,,,,,Early-Warning,0,50.84,High,2,0,False,1,1,,,,False,False,False,False,,124582.0,,,,,,2026-08-20,,GRAM PANCHAYAT SARSED,1,124582.0,0,None,84.74,0.0,66.3,No material anomaly signal detected.,Under Implementation,RUN-20261008-254699
WS/MP18104/2025-2026/153165,V41,,,,,,,Early-Warning,0,50.83,High,2,0,False,1,1,,,,False,False,False,False,,115000.0,,,,,,2025-11-10,,RACHNA ENTERPRISES,1,115000.0,0,None,84.72,0.0,66.3,No material anomaly signal detected.,Under Implementation,RUN-20261008-254699
WS/MP18101/2024-2025/139569,V41,Madhya Pradesh,DAMOH,RAHUL SINGH LODHI,Normal/Others,500000.0,Work Completed,Audit,1,50.77,High,3,0,True,1,1,,,24.0,False,False,False,False,500000.0,,500000.0,163058785.37,2024-09-07,2024-10-01,2025-09-09,,367.0,,0,0.0,0,None,84.61,0.0,78.4,No material anomaly signal detected.,Completed,RUN-20261008-254699
WS/MP18108/2026-2027/287227,V41,,,,,,,Early-Warning,0,50.64,High,2,0,False,1,0,,,,False,False,True,False,,157341.0,,,,,,2026-08-27,,MANISH FEBRICATION,22,3319262.0,1,Suspicious Vendor,75.06,14.0,66.3,vendor has high project concentration,Under Implementation,RUN-20261008-254699
WS/MP18108/2026-2027/287226,V41,,,,,,,Early-Warning,0,50.64,High,2,0,False,1,0,,,,False,False,True,False,,157341.0,,,,,,2026-08-27,,MANISH FEBRICATION,22,3319262.0,1,Suspicious Vendor,75.06,14.0,66.3,vendor has high project concentration,Under Implementation,RUN-20261008-254699
WS/MP641/2024-2025/137262,V41,Madhya Pradesh,KHARGONE(ST),Gajendra Singh Patel,Normal/Others,500000.0,Vendor Identification,Early-Warning,0,50.63,High,2,0,True,1,1,,,115.0,False,False,False,False,500000.0,,,147000000.0,2024-08-27,2024-12-20,,,,,0,0.0,0,None,84.38,0.0,76.0,No material anomaly signal detected.,Under Implementation,RUN-20261008-254699
WS/MP643/2025-2026/146319,V41,Madhya Pradesh,KHANDWA,Gyaneshwar Patil,Normal/Others,700000.0,Physical Inspection,Audit,1,50.55,High,2,0,True,1,1,,,,False,False,False,False,700000.0,,700000.0,155690684.77,,2025-04-22,2026-04-17,,,,0,0.0,0,None,84.25,0.0,71.1,No material anomaly signal detected.,Completed,RUN-20261008-254699
WS/MP18108/2024-2025/150370,V41,Madhya Pradesh,SAGAR,DR. LATA WANKHEDE,Normal/Others,500000.0,Physical Inspection,Audit,1,50.2,High,2,0,True,1,1,,,,False,False,False,False,500000.0,,500000.0,147000000.0,,2024-11-29,2025-02-04,,,,0,0.0,0,None,83.67,0.0,71.1,No material anomaly signal detected.,Completed,RUN-20261008-254699
WS/MP18108/2024-2025/150367,V41,Madhya Pradesh,SAGAR,DR. LATA WANKHEDE,Normal/Others,500000.0,Vendor Identification,Early-Warning,0,50.2,High,1,0,True,1,1,,,,False,False,False,False,500000.0,,,147000000.0,,2025-01-15,,,,,0,0.0,0,None,83.67,0.0,71.1,No material anomaly signal detected.,Under Implementation,RUN-20261008-254699
WS/MP18108/2024-2025/150371,V41,Madhya Pradesh,SAGAR,DR. LATA WANKHEDE,Normal/Others,500000.0,Physical Inspection,Audit,1,50.2,High,2,0,True,1,1,,,,False,False,False,False,500000.0,,500000.0,147000000.0,,2024-11-29,2025-10-15,,,,0,0.0,0,None,83.67,0.0,71.1,No material anomaly signal detected.,Completed,RUN-20261008-254699
WS/MP18108/2024-2025/150372,V41,Madhya Pradesh,SAGAR,DR. LATA WANKHEDE,Normal/Others,500000.0,Physical Inspection,Audit,1,50.2,High,2,0,True,1,1,,,,False,False,False,False,500000.0,,500000.0,147000000.0,,2024-11-29,2025-01-30,,,,0,0.0,0,None,83.67,0.0,71.1,No material anomaly signal detected.,Completed,RUN-20261008-254699
WS/MP18108/2024-2025/151956,V41,Madhya Pradesh,SAGAR,DR. LATA WANKHEDE,Normal/Others,500000.0,Physical Inspection,Audit,1,50.2,High,2,0,True,1,1,,,,False,False,False,False,500000.0,,500000.0,147000000.0,,2024-11-29,2025-10-29,,,,0,0.0,0,None,83.67,0.0,71.1,No material anomaly signal detected.,Completed,RUN-20261008-254699
WS/MP18108/2024-2025/150374,V41,Madhya Pradesh,SAGAR,DR. LATA WANKHEDE,Normal/Others,500000.0,Physical Inspection,Audit,1,50.2,High,2,0,True,1,1,,,,False,False,False,False,500000.0,,500000.0,147000000.0,,2024-11-29,2024-12-28,,,,0,0.0,0,None,83.67,0.0,71.1,No material anomaly signal detected.,Completed,RUN-20261008-254699
WS/MP641/2024-2025/147438,V41,Madhya Pradesh,KHARGONE(ST),Gajendra Singh Patel,Normal/Others,1000000.0,Work Completed,Audit,1,50.2,High,2,0,True,1,1,,,,False,False,False,False,1000000.0,,1000000.0,147000000.0,,2025-01-05,2026-02-05,,,,0,0.0,0,None,83.67,0.0,71.1,No material anomaly signal detected.,Completed,RUN-20261008-254699
WS/MP641/2025-2026/147756,V41,Madhya Pradesh,KHARGONE(ST),Gajendra Singh Patel,Normal/Others,1000000.0,Work partially Completed,Audit,1,50.2,High,1,0,True,1,1,,,,False,False,False,False,1000000.0,,,147000000.0,,2025-04-12,,,,,0,0.0,0,None,83.67,0.0,71.1,No material anomaly signal detected.,Completed,RUN-20261008-254699
WS/MP641/2024-2025/147668,V41,Madhya Pradesh,KHARGONE(ST),Gajendra Singh Patel,Normal/Others,1000000.0,Vendor Identification,Early-Warning,0,50.2,High,1,0,True,1,1,,,,False,False,False,False,1000000.0,,,147000000.0,,2025-01-30,,,,,0,0.0,0,None,83.67,0.0,71.1,No material anomaly signal detected.,Under Implementation,RUN-20261008-254699
WS/MP641/2024-2025/147659,V41,Madhya Pradesh,KHARGONE(ST),Gajendra Singh Patel,Normal/Others,1000000.0,Work Completed,Audit,1,50.2,High,2,0,True,1,1,,,,False,False,False,False,1000000.0,,1000000.0,147000000.0,,2024-11-28,2025-09-17,,,,0,0.0,0,None,83.67,0.0,71.1,No material anomaly signal detected.,Completed,RUN-20261008-254699
WS/MP18108/2025-2026/151835,V41,Madhya Pradesh,SAGAR,DR. LATA WANKHEDE,Normal/Others,500000.0,Physical Inspection,Audit,1,50.2,High,2,0,True,1,1,,,,False,False,False,False,500000.0,,500000.0,147000000.0,,2025-05-01,2025-10-24,,,,0,0.0,0,None,83.67,0.0,71.1,No material anomaly signal detected.,Completed,RUN-20261008-254699
WS/MP641/2024-2025/147436,V41,Madhya Pradesh,KHARGONE(ST),Gajendra Singh Patel,Normal/Others,1000000.0,Work Completed,Audit,1,50.2,High,2,0,True,1,1,,,,False,False,False,False,1000000.0,,1000000.0,147000000.0,,2024-12-20,2026-01-21,,,,0,0.0,0,None,83.67,0.0,71.1,No material anomaly signal detected.,Completed,RUN-20261008-254699
WS/MP18108/2024-2025/151892,V41,Madhya Pradesh,SAGAR,DR. LATA WANKHEDE,Normal/Others,500000.0,Physical Inspection,Audit,1,50.2,High,2,0,True,1,1,,,,False,False,False,False,500000.0,,500000.0,147000000.0,,2024-12-21,2025-10-23,,,,0,0.0,0,None,83.67,0.0,71.1,No material anomaly signal detected.,Completed,RUN-20261008-254699
WS/MP641/2024-2025/147444,V41,Madhya Pradesh,KHARGONE(ST),Gajendra Singh Patel,Normal/Others,1000000.0,Work Completed,Audit,1,50.2,High,2,0,True,1,1,,,,False,False,False,False,1000000.0,,1000000.0,147000000.0,,2025-02-08,2026-04-24,,,,0,0.0,0,None,83.67,0.0,71.1,No material anomaly signal detected.,Completed,RUN-20261008-254699
WS/MP18108/2024-2025/151957,V41,Madhya Pradesh,SAGAR,DR. LATA WANKHEDE,Normal/Others,500000.0,Vendor Identification,Early-Warning,0,50.2,High,1,0,True,1,1,,,,False,False,False,False,500000.0,,,147000000.0,,2025-01-02,,,,,0,0.0,0,None,83.67,0.0,71.1,No material anomaly signal detected.,Under Implementation,RUN-20261008-254699
WS/MP641/2024-2025/147442,V41,Madhya Pradesh,KHARGONE(ST),Gajendra Singh Patel,Normal/Others,1000000.0,Vendor Identification,Early-Warning,0,50.2,High,1,0,True,1,1,,,,False,False,False,False,1000000.0,,,147000000.0,,2024-12-20,,,,,0,0.0,0,None,83.67,0.0,71.1,No material anomaly signal detected.,Under Implementation,RUN-20261008-254699
WS/MP18108/2026-2027/288583,V41,,,,,,,Early-Warning,0,50.14,High,2,0,False,1,0,,,,False,False,True,False,,150229.0,,,,,,2026-08-27,,MANISH FEBRICATION,22,3319262.0,1,Suspicious Vendor,74.23,14.0,66.3,vendor has high project concentration,Under Implementation,RUN-20261008-254699
WS/MP18108/2026-2027/288339,V41,,,,,,,Early-Warning,0,50.14,High,2,0,False,1,0,,,,False,False,True,False,,150229.0,,,,,,2026-08-27,,MANISH FEBRICATION,22,3319262.0,1,Suspicious Vendor,74.23,14.0,66.3,vendor has high project concentration,Under Implementation,RUN-20261008-254699
WS/MP18108/2026-2027/288582,V41,,,,,,,Early-Warning,0,50.14,High,2,0,False,1,0,,,,False,False,True,False,,150229.0,,,,,,2026-08-27,,MANISH FEBRICATION,22,3319262.0,1,Suspicious Vendor,74.23,14.0,66.3,vendor has high project concentration,Under Implementation,RUN-20261008-254699
WS/MP18108/2026-2027/287223,V41,,,,,,,Early-Warning,0,50.14,High,2,0,False,1,0,,,,False,False,True,False,,150229.0,,,,,,2026-08-27,,MANISH FEBRICATION,22,3319262.0,1,Suspicious Vendor,74.23,14.0,66.3,vendor has high project concentration,Under Implementation,RUN-20261008-254699
WS/MP18108/2026-2027/287222,V41,,,,,,,Early-Warning,0,50.14,High,2,0,False,1,0,,,,False,False,True,False,,150229.0,,,,,,2026-08-27,,MANISH FEBRICATION,22,3319262.0,1,Suspicious Vendor,74.23,14.0,66.3,vendor has high project concentration,Under Implementation,RUN-20261008-254699
WS/MP18108/2026-2027/287224,V41,,,,,,,Early-Warning,0,50.14,High,2,0,False,1,0,,,,False,False,True,False,,150229.0,,,,,,2026-08-27,,MANISH FEBRICATION,22,3319262.0,1,Suspicious Vendor,74.23,14.0,66.3,vendor has high project concentration,Under Implementation,RUN-20261008-254699
WS/MP18108/2026-2027/287225,V41,,,,,,,Early-Warning,0,50.14,High,2,0,False,1,0,,,,False,False,True,False,,150229.0,,,,,,2026-08-27,,MANISH FEBRICATION,22,3319262.0,1,Suspicious Vendor,74.23,14.0,66.3,vendor has high project concentration,Under Implementation,RUN-20261008-254699
WS/MP18108/2026-2027/288545,V41,,,,,,,Early-Warning,0,50.14,High,2,0,False,1,0,,,,False,False,True,False,,150229.0,,,,,,2026-08-27,,MANISH FEBRICATION,22,3319262.0,1,Suspicious Vendor,74.23,14.0,66.3,vendor has high project concentration,Under Implementation,RUN-20261008-254699
WS/MP18108/2026-2027/288546,V41,,,,,,,Early-Warning,0,50.14,High,2,0,False,1,0,,,,False,False,True,False,,150229.0,,,,,,2026-08-27,,MANISH FEBRICATION,22,3319262.0,1,Suspicious Vendor,74.23,14.0,66.3,vendor has high project concentration,Under Implementation,RUN-20261008-254699
WS/MP18108/2026-2027/288337,V41,,,,,,,Early-Warning,0,50.14,High,2,0,False,1,0,,,,False,False,True,False,,150229.0,,,,,,2026-08-27,,MANISH FEBRICATION,22,3319262.0,1,Suspicious Vendor,74.23,14.0,66.3,vendor has high project concentration,Under Implementation,RUN-20261008-254699
WS/MP18108/2026-2027/287221,V41,,,,,,,Early-Warning,0,50.14,High,2,0,False,1,0,,,,False,False,True,False,,150229.0,,,,,,2026-08-27,,MANISH FEBRICATION,22,3319262.0,1,Suspicious Vendor,74.23,14.0,66.3,vendor has high project concentration,Under Implementation,RUN-20261008-254699
WS/MP18108/2026-2027/287218,V41,,,,,,,Early-Warning,0,50.14,High,2,0,False,1,0,,,,False,False,True,False,,150229.0,,,,,,2026-08-27,,MANISH FEBRICATION,22,3319262.0,1,Suspicious Vendor,74.23,14.0,66.3,vendor has high project concentration,Under Implementation,RUN-20261008-254699
WS/MP18108/2026-2027/287213,V41,,,,,,,Early-Warning,0,50.14,High,2,0,False,1,0,,,,False,False,True,False,,150229.0,,,,,,2026-08-27,,MANISH FEBRICATION,22,3319262.0,1,Suspicious Vendor,74.23,14.0,66.3,vendor has high project concentration,Under Implementation,RUN-20261008-254699
WS/MP18108/2026-2027/288338,V41,,,,,,,Early-Warning,0,50.14,High,2,0,False,1,0,,,,False,False,True,False,,150229.0,,,,,,2026-08-27,,MANISH FEBRICATION,22,3319262.0,1,Suspicious Vendor,74.23,14.0,66.3,vendor has high project concentration,Under Implementation,RUN-20261008-254699
WS/MP18108/2026-2027/287216,V41,,,,,,,Early-Warning,0,50.14,High,2,0,False,1,0,,,,False,False,True,False,,150229.0,,,,,,2026-08-27,,MANISH FEBRICATION,22,3319262.0,1,Suspicious Vendor,74.23,14.0,66.3,vendor has high project concentration,Under Implementation,RUN-20261008-254699
WS/MP18108/2026-2027/287217,V41,,,,,,,Early-Warning,0,50.14,High,2,0,False,1,0,,,,False,False,True,False,,150229.0,,,,,,2026-08-27,,MANISH FEBRICATION,22,3319262.0,1,Suspicious Vendor,74.23,14.0,66.3,vendor has high project concentration,Under Implementation,RUN-20261008-254699
WS/MP18108/2026-2027/287215,V41,,,,,,,Early-Warning,0,50.14,High,2,0,False,1,0,,,,False,False,True,False,,150229.0,,,,,,2026-08-27,,MANISH FEBRICATION,22,3319262.0,1,Suspicious Vendor,74.23,14.0,66.3,vendor has high project concentration,Under Implementation,RUN-20261008-254699
WS/MP18108/2026-2027/287214,V41,,,,,,,Early-Warning,0,50.14,High,2,0,False,1,0,,,,False,False,True,False,,150229.0,,,,,,2026-08-27,,MANISH FEBRICATION,22,3319262.0,1,Suspicious Vendor,74.23,14.0,66.3,vendor has high project concentration,Under Implementation,RUN-20261008-254699
WS/MP18108/2026-2027/287219,V41,,,,,,,Early-Warning,0,50.14,High,2,0,False,1,0,,,,False,False,True,False,,150229.0,,,,,,2026-08-27,,MANISH FEBRICATION,22,3319262.0,1,Suspicious Vendor,74.23,14.0,66.3,vendor has high project concentration,Under Implementation,RUN-20261008-254699
WS/MP18108/2026-2027/287220,V41,,,,,,,Early-Warning,0,50.14,High,2,0,False,1,0,,,,False,False,True,False,,150229.0,,,,,,2026-08-27,,MANISH FEBRICATION,22,3319262.0,1,Suspicious Vendor,74.23,14.0,66.3,vendor has high project concentration,Under Implementation,RUN-20261008-254699
WS/MP18108/2024-2025/143814,V41,Madhya Pradesh,SAGAR,DR. LATA WANKHEDE,Normal/Others,125000.0,Physical Inspection,Audit,1,49.84,Medium,3,0,True,1,1,,,86.0,False,False,False,False,125000.0,,124937.0,147000000.0,2024-09-26,2024-12-21,2025-09-09,,348.0,,0,0.0,0,None,83.07,0.0,78.4,No material anomaly signal detected.,Completed,RUN-20261008-254699
WS/MP641/2024-2025/138914,V41,Madhya Pradesh,KHARGONE(ST),Gajendra Singh Patel,Normal/Others,236755.0,Physical Inspection,Audit,1,49.78,Medium,3,0,True,1,1,,,77.0,False,False,False,False,236755.0,,236755.0,147000000.0,2024-09-04,2024-11-20,2026-04-09,,582.0,,0,0.0,0,None,82.96,0.0,78.4,No material anomaly signal detected.,Completed,RUN-20261008-254699
WS/MP641/2024-2025/138900,V41,Madhya Pradesh,KHARGONE(ST),Gajendra Singh Patel,Normal/Others,235251.0,Physical Inspection,Audit,1,49.69,Medium,3,0,True,1,1,,,77.0,False,False,False,False,235251.0,,235251.0,147000000.0,2024-09-04,2024-11-20,2026-04-09,,582.0,,0,0.0,0,None,82.81,0.0,78.4,No material anomaly signal detected.,Completed,RUN-20261008-254699
WS/MP641/2024-2025/138901,V41,Madhya Pradesh,KHARGONE(ST),Gajendra Singh Patel,Normal/Others,236003.0,Physical Inspection,Audit,1,49.65,Medium,3,0,True,1,1,,,77.0,False,False,False,False,236003.0,,236003.0,147000000.0,2024-09-04,2024-11-20,2026-04-09,,582.0,,0,0.0,0,None,82.75,0.0,78.4,No material anomaly signal detected.,Completed,RUN-20261008-254699
WS/MP641/2024-2025/138897,V41,Madhya Pradesh,KHARGONE(ST),Gajendra Singh Patel,Normal/Others,236003.0,Physical Inspection,Audit,1,49.65,Medium,3,0,True,1,1,,,77.0,False,False,False,False,236003.0,,236003.0,147000000.0,2024-09-04,2024-11-20,2026-04-09,,582.0,,0,0.0,0,None,82.75,0.0,78.4,No material anomaly signal detected.,Completed,RUN-20261008-254699
WS/MP641/2024-2025/138895,V41,Madhya Pradesh,KHARGONE(ST),Gajendra Singh Patel,Normal/Others,236003.0,Physical Inspection,Audit,1,49.65,Medium,3,0,True,1,1,,,77.0,False,False,False,False,236003.0,,236003.0,147000000.0,2024-09-04,2024-11-20,2026-04-09,,582.0,,0,0.0,0,None,82.75,0.0,78.4,No material anomaly signal detected.,Completed,RUN-20261008-254699
WS/MP641/2024-2025/138892,V41,Madhya Pradesh,KHARGONE(ST),Gajendra Singh Patel,Normal/Others,236003.0,Physical Inspection,Audit,1,49.65,Medium,3,0,True,1,1,,,77.0,False,False,False,False,236003.0,,236003.0,147000000.0,2024-09-04,2024-11-20,2026-04-09,,582.0,,0,0.0,0,None,82.75,0.0,78.4,No material anomaly signal detected.,Completed,RUN-20261008-254699
WS/MP641/2024-2025/138915,V41,Madhya Pradesh,KHARGONE(ST),Gajendra Singh Patel,Normal/Others,236003.0,Physical Inspection,Audit,1,49.65,Medium,3,0,True,1,1,,,77.0,False,False,False,False,236003.0,,236003.0,147000000.0,2024-09-04,2024-11-20,2026-04-09,,582.0,,0,0.0,0,None,82.75,0.0,78.4,No material anomaly signal detected.,Completed,RUN-20261008-254699
WS/MP641/2024-2025/138894,V41,Madhya Pradesh,KHARGONE(ST),Gajendra Singh Patel,Normal/Others,236003.0,Physical Inspection,Audit,1,49.65,Medium,3,0,True,1,1,,,77.0,False,False,False,False,236003.0,,236003.0,147000000.0,2024-09-04,2024-11-20,2026-04-09,,582.0,,0,0.0,0,None,82.75,0.0,78.4,No material anomaly signal detected.,Completed,RUN-20261008-254699
WS/MP641/2024-2025/138899,V41,Madhya Pradesh,KHARGONE(ST),Gajendra Singh Patel,Normal/Others,236003.0,Physical Inspection,Audit,1,49.65,Medium,3,0,True,1,1,,,77.0,False,False,False,False,236003.0,,236003.0,147000000.0,2024-09-04,2024-11-20,2026-04-09,,582.0,,0,0.0,0,None,82.75,0.0,78.4,No material anomaly signal detected.,Completed,RUN-20261008-254699
WS/MP18101/2024-2025/149367,V41,Madhya Pradesh,DAMOH,RAHUL SINGH LODHI,Normal/Others,1000000.0,Vendor Identification,Early-Warning,0,49.58,Medium,1,0,True,1,1,,,,False,False,False,False,1000000.0,,,163058785.37,,2024-12-30,,,,,0,0.0,0,None,82.63,0.0,71.1,No material anomaly signal detected.,Under Implementation,RUN-20261008-254699
WS/MP18108/2025-2026/150383,V41,Madhya Pradesh,SAGAR,DR. LATA WANKHEDE,Normal/Others,575000.0,Physical Inspection,Audit,1,49.42,Medium,2,0,True,1,1,,,,False,False,False,False,575000.0,,575000.0,147000000.0,,2025-05-26,2025-10-17,,,,0,0.0,0,None,82.37,0.0,71.1,No material anomaly signal detected.,Completed,RUN-20261008-254699
WS/MP641/2024-2025/137265,V41,Madhya Pradesh,KHARGONE(ST),Gajendra Singh Patel,Normal/Others,500000.0,Physical Inspection,Audit,1,49.21,Medium,3,0,True,1,1,,,113.0,False,False,False,False,500000.0,,500000.0,147000000.0,2024-08-27,2024-12-18,2025-07-08,,315.0,,0,0.0,0,None,82.01,0.0,78.4,No material anomaly signal detected.,Completed,RUN-20261008-254699
WS/MP641/2024-2025/133911,V41,Madhya Pradesh,KHARGONE(ST),Gajendra Singh Patel,Normal/Others,500000.0,Vendor Identification,Early-Warning,0,49.1,Medium,2,0,True,1,1,,,91.0,False,False,False,False,500000.0,,,147000000.0,2024-07-22,2024-10-21,,,,,0,0.0,0,None,81.83,0.0,76.0,No material anomaly signal detected.,Under Implementation,RUN-20261008-254699
WS/MP644/2024-2025/151370,V41,Madhya Pradesh,REWA,Janardan Mishra,Normal/Others,803805.0,Vendor Identification,Early-Warning,0,48.74,Medium,1,0,True,1,1,,,,False,False,False,False,803805.0,,,147000000.0,,2025-01-21,,,,,0,0.0,0,None,81.24,0.0,71.1,No material anomaly signal detected.,Under Implementation,RUN-20261008-254699
WS/MP18108/2025-2026/150360,V41,Madhya Pradesh,SAGAR,DR. LATA WANKHEDE,Trust and Society,300000.0,Vendor Identification,Early-Warning,0,48.57,Medium,1,0,True,1,1,,,,False,False,False,False,300000.0,,,147000000.0,,2025-11-12,,,,,0,0.0,0,None,80.95,0.0,71.1,No material anomaly signal detected.,Under Implementation,RUN-20261008-254699
WS/MP356/2024-2025/140604,V41,Madhya Pradesh,MANDSOUR,Shri Sudheer Gupta,Normal/Others,400000.0,Vendor Identification,Early-Warning,0,48.56,Medium,2,0,True,1,1,,,87.0,False,False,False,False,400000.0,,,148988014.83,2024-09-13,2024-12-09,,,,,0,0.0,0,None,80.94,0.0,76.0,No material anomaly signal detected.,Under Implementation,RUN-20261008-254699
WS/MP356/2025-2026/140606,V41,Madhya Pradesh,MANDSOUR,Shri Sudheer Gupta,Normal/Others,150000.0,Vendor Identification,Early-Warning,0,48.37,Medium,2,0,True,1,1,,,495.0,False,False,False,False,150000.0,,,148988014.83,2024-09-13,2026-01-21,,,,,0,0.0,0,None,80.62,0.0,76.0,No material anomaly signal detected.,Under Implementation,RUN-20261008-254699
WS/MP644/2024-2025/151389,V41,Madhya Pradesh,REWA,Janardan Mishra,Normal/Others,729150.0,Vendor Identification,Early-Warning,0,48.31,Medium,1,0,True,1,1,,,,False,False,False,False,729150.0,,,147000000.0,,2025-01-24,,,,,0,0.0,0,None,80.51,0.0,71.1,No material anomaly signal detected.,Under Implementation,RUN-20261008-254699
WS/MP641/2024-2025/138918,V41,Madhya Pradesh,KHARGONE(ST),Gajendra Singh Patel,Normal/Others,236003.0,Physical Inspection,Audit,1,48.2,Medium,3,0,True,1,1,,,117.0,False,False,False,False,236003.0,,236003.0,147000000.0,2024-09-04,2024-12-30,2025-03-18,,195.0,,0,0.0,0,None,80.34,0.0,78.4,No material anomaly signal detected.,Completed,RUN-20261008-254699
WS/MP18101/2024-2025/141648,V41,Madhya Pradesh,DAMOH,RAHUL SINGH LODHI,Normal/Others,198724.0,Physical Inspection,Audit,1,48.05,Medium,3,0,True,1,1,,,34.0,False,False,False,False,198724.0,,198724.0,163058785.37,2024-09-18,2024-10-22,2024-11-18,,61.0,,0,0.0,0,None,80.09,0.0,78.4,No material anomaly signal detected.,Completed,RUN-20261008-254699
WS/MP18101/2024-2025/141651,V41,Madhya Pradesh,DAMOH,RAHUL SINGH LODHI,Normal/Others,198724.0,Physical Inspection,Audit,1,48.05,Medium,3,0,True,1,1,,,34.0,False,False,False,False,198724.0,,198724.0,163058785.37,2024-09-18,2024-10-22,2024-11-18,,61.0,,0,0.0,0,None,80.09,0.0,78.4,No material anomaly signal detected.,Completed,RUN-20261008-254699
WS/MP18101/2024-2025/141649,V41,Madhya Pradesh,DAMOH,RAHUL SINGH LODHI,Normal/Others,198724.0,Physical Inspection,Audit,1,48.05,Medium,3,0,True,1,1,,,34.0,False,False,False,False,198724.0,,198724.0,163058785.37,2024-09-18,2024-10-22,2024-11-18,,61.0,,0,0.0,0,None,80.09,0.0,78.4,No material anomaly signal detected.,Completed,RUN-20261008-254699
WS/MP18101/2024-2025/141650,V41,Madhya Pradesh,DAMOH,RAHUL SINGH LODHI,Normal/Others,198724.0,Physical Inspection,Audit,1,48.05,Medium,3,0,True,1,1,,,34.0,False,False,False,False,198724.0,,198724.0,163058785.37,2024-09-18,2024-10-22,2024-11-18,,61.0,,0,0.0,0,None,80.09,0.0,78.4,No material anomaly signal detected.,Completed,RUN-20261008-254699
WS/MP18101/2024-2025/141647,V41,Madhya Pradesh,DAMOH,RAHUL SINGH LODHI,Normal/Others,198724.0,Physical Inspection,Audit,1,48.05,Medium,3,0,True,1,1,,,34.0,False,False,False,False,198724.0,,198724.0,163058785.37,2024-09-18,2024-10-22,2024-11-18,,61.0,,0,0.0,0,None,80.09,0.0,78.4,No material anomaly signal detected.,Completed,RUN-20261008-254699
WS/MP18101/2024-2025/141645,V41,Madhya Pradesh,DAMOH,RAHUL SINGH LODHI,Normal/Others,198724.0,Physical Inspection,Audit,1,48.05,Medium,3,0,True,1,1,,,34.0,False,False,False,False,198724.0,,198724.0,163058785.37,2024-09-18,2024-10-22,2024-11-18,,61.0,,0,0.0,0,None,80.09,0.0,78.4,No material anomaly signal detected.,Completed,RUN-20261008-254699
WS/MP18101/2024-2025/141646,V41,Madhya Pradesh,DAMOH,RAHUL SINGH LODHI,Normal/Others,198724.0,Physical Inspection,Audit,1,48.05,Medium,3,0,True,1,1,,,34.0,False,False,False,False,198724.0,,198724.0,163058785.37,2024-09-18,2024-10-22,2024-11-18,,61.0,,0,0.0,0,None,80.09,0.0,78.4,No material anomaly signal detected.,Completed,RUN-20261008-254699
WS/MP641/2024-2025/133929,V41,Madhya Pradesh,KHARGONE(ST),Gajendra Singh Patel,Normal/Others,200000.0,Vendor Identification,Early-Warning,0,47.84,Medium,2,0,True,1,1,,,248.0,False,False,False,False,200000.0,,,147000000.0,2024-07-22,2025-03-27,,,,,0,0.0,0,None,79.73,0.0,76.0,No material anomaly signal detected.,Under Implementation,RUN-20261008-254699
WS/MP641/2025-2026/147408,V41,Madhya Pradesh,KHARGONE(ST),Gajendra Singh Patel,Normal/Others,800000.0,Vendor Identification,Early-Warning,0,47.81,Medium,1,0,True,1,1,,,,False,False,False,False,800000.0,,,147000000.0,,2025-09-27,,,,,0,0.0,0,None,79.68,0.0,71.1,No material anomaly signal detected.,Under Implementation,RUN-20261008-254699
WS/MP356/2024-2025/140602,V41,Madhya Pradesh,MANDSOUR,Shri Sudheer Gupta,Normal/Others,300000.0,Vendor Identification,Early-Warning,0,47.81,Medium,2,0,True,1,1,,,66.0,False,False,False,False,300000.0,,,148988014.83,2024-09-13,2024-11-18,,,,,0,0.0,0,None,79.69,0.0,76.0,No material anomaly signal detected.,Under Implementation,RUN-20261008-254699
WS/MP641/2024-2025/136722,V41,Madhya Pradesh,KHARGONE(ST),Gajendra Singh Patel,Normal/Others,500000.0,Vendor Identification,Early-Warning,0,47.81,Medium,2,0,True,1,1,,,63.0,False,False,False,False,500000.0,,,147000000.0,2024-08-22,2024-10-24,,,,,0,0.0,0,None,79.68,0.0,76.0,No material anomaly signal detected.,Under Implementation,RUN-20261008-254699
WS/MP18099/2025-2026/229968,V41,Madhya Pradesh,BHOPAL,ALOK SHARMA,Trust and Society,,,Audit,1,47.8,Medium,1,0,True,1,1,,,,False,False,False,False,,,900000.0,147000000.0,,,2026-07-30,,,,0,0.0,0,None,79.66,0.0,61.5,No material anomaly signal detected.,Completed,RUN-20261008-254699
WS/MP18099/2025-2026/193406,V41,Madhya Pradesh,BHOPAL,ALOK SHARMA,Trust and Society,,,Audit,1,47.8,Medium,1,0,True,1,1,,,,False,False,False,False,,,1100000.0,147000000.0,,,2025-08-12,,,,0,0.0,0,None,79.66,0.0,61.5,No material anomaly signal detected.,Completed,RUN-20261008-254699
WS/MP446/2024-2025/156590,V41,Madhya Pradesh,KHAJURAHO,Vishnu Dutt Sharma,Trust and Society,,,Audit,1,47.8,Medium,1,0,True,1,1,,,,False,False,False,False,,,1500000.0,147000000.0,,,2025-11-14,,,,0,0.0,0,None,79.66,0.0,61.5,No material anomaly signal detected.,Completed,RUN-20261008-254699
WS/MP18109/2024-2025/150123,V41,Madhya Pradesh,SIDHI,DR. RAJESH MISHRA,Normal/Others,300000.0,Work Completed,Audit,1,47.78,Medium,2,0,True,1,1,,,,False,False,False,False,300000.0,,297216.0,262724510.35,,2024-12-17,2025-06-05,,,,0,0.0,0,None,79.64,0.0,71.1,No material anomaly signal detected.,Completed,RUN-20261008-254699
WS/MP18109/2024-2025/146897,V41,Madhya Pradesh,SIDHI,DR. RAJESH MISHRA,Normal/Others,300000.0,Vendor Identification,Early-Warning,0,47.78,Medium,1,0,True,1,1,,,,False,False,False,False,300000.0,,,262724510.35,,2025-01-28,,,,,0,0.0,0,None,79.64,0.0,71.1,No material anomaly signal detected.,Under Implementation,RUN-20261008-254699
WS/MP18109/2024-2025/146896,V41,Madhya Pradesh,SIDHI,DR. RAJESH MISHRA,Normal/Others,300000.0,Vendor Identification,Early-Warning,0,47.78,Medium,1,0,True,1,1,,,,False,False,False,False,300000.0,,,262724510.35,,2025-01-28,,,,,0,0.0,0,None,79.64,0.0,71.1,No material anomaly signal detected.,Under Implementation,RUN-20261008-254699
WS/MP18109/2024-2025/146895,V41,Madhya Pradesh,SIDHI,DR. RAJESH MISHRA,Normal/Others,300000.0,Vendor Identification,Early-Warning,0,47.78,Medium,1,0,True,1,1,,,,False,False,False,False,300000.0,,,262724510.35,,2025-01-28,,,,,0,0.0,0,None,79.64,0.0,71.1,No material anomaly signal detected.,Under Implementation,RUN-20261008-254699
WS/MP641/2024-2025/133905,V41,Madhya Pradesh,KHARGONE(ST),Gajendra Singh Patel,Normal/Others,250000.0,Work Completed,Audit,1,47.77,Medium,3,0,True,1,1,,,167.0,False,False,False,False,250000.0,,250000.0,147000000.0,2024-07-22,2025-01-05,2026-03-17,,603.0,,0,0.0,0,None,79.61,0.0,78.4,No material anomaly signal detected.,Completed,RUN-20261008-254699
WS/MP643/2024-2025/136986,V41,Madhya Pradesh,KHANDWA,Gyaneshwar Patil,Normal/Others,190546.0,Vendor Identification,Early-Warning,0,47.68,Medium,2,0,True,1,1,,,127.0,False,False,False,False,190546.0,,,155690684.77,2024-08-25,2024-12-30,,,,,0,0.0,0,None,79.46,0.0,76.0,No material anomaly signal detected.,Under Implementation,RUN-20261008-254699
WS/MP643/2024-2025/136987,V41,Madhya Pradesh,KHANDWA,Gyaneshwar Patil,Normal/Others,190546.0,Vendor Identification,Early-Warning,0,47.68,Medium,2,0,True,1,1,,,127.0,False,False,False,False,190546.0,,,155690684.77,2024-08-25,2024-12-30,,,,,0,0.0,0,None,79.46,0.0,76.0,No material anomaly signal detected.,Under Implementation,RUN-20261008-254699
WS/MP643/2024-2025/136985,V41,Madhya Pradesh,KHANDWA,Gyaneshwar Patil,Normal/Others,190546.0,Vendor Identification,Early-Warning,0,47.68,Medium,2,0,True,1,1,,,127.0,False,False,False,False,190546.0,,,155690684.77,2024-08-25,2024-12-30,,,,,0,0.0,0,None,79.46,0.0,76.0,No material anomaly signal detected.,Under Implementation,RUN-20261008-254699
WS/MP643/2024-2025/146341,V41,Madhya Pradesh,KHANDWA,Gyaneshwar Patil,Normal/Others,150000.0,Vendor Identification,Early-Warning,0,47.61,Medium,1,0,True,1,1,,,,False,False,False,False,150000.0,,,155690684.77,,2025-02-19,,,,,0,0.0,0,None,79.35,0.0,71.1,No material anomaly signal detected.,Under Implementation,RUN-20261008-254699
WS/MP643/2024-2025/146339,V41,Madhya Pradesh,KHANDWA,Gyaneshwar Patil,Normal/Others,150000.0,Vendor Identification,Early-Warning,0,47.61,Medium,1,0,True,1,1,,,,False,False,False,False,150000.0,,,155690684.77,,2025-02-19,,,,,0,0.0,0,None,79.35,0.0,71.1,No material anomaly signal detected.,Under Implementation,RUN-20261008-254699
WS/MP18109/2024-2025/150174,V41,Madhya Pradesh,SIDHI,DR. RAJESH MISHRA,Repair and Renovation,259942.0,Physical Inspection,Audit,1,47.57,Medium,2,0,True,1,1,,,,False,False,False,False,259942.0,,259942.0,262724510.35,,2025-02-04,2025-09-11,,,,0,0.0,0,None,79.29,0.0,71.1,No material anomaly signal detected.,Completed,RUN-20261008-254699
WS/MP18109/2025-2026/150117,V41,Madhya Pradesh,SIDHI,DR. RAJESH MISHRA,Normal/Others,35000.0,Vendor Identification,Early-Warning,0,47.41,Medium,1,0,True,1,1,,,,False,False,False,False,35000.0,,,262724510.35,,2025-08-08,,,,,0,0.0,0,None,79.02,0.0,71.1,No material anomaly signal detected.,Under Implementation,RUN-20261008-254699
WS/MP18109/2025-2026/150116,V41,Madhya Pradesh,SIDHI,DR. RAJESH MISHRA,Normal/Others,17000.0,Vendor Identification,Early-Warning,0,47.41,Medium,1,0,True,1,1,,,,False,False,False,False,17000.0,,,262724510.35,,2025-08-08,,,,,0,0.0,0,None,79.02,0.0,71.1,No material anomaly signal detected.,Under Implementation,RUN-20261008-254699
WS/MP18101/2024-2025/141629,V41,Madhya Pradesh,DAMOH,RAHUL SINGH LODHI,Normal/Others,198724.0,Physical Inspection,Audit,1,47.39,Medium,3,0,True,1,1,,,35.0,False,False,False,False,198724.0,,198724.0,163058785.37,2024-09-18,2024-10-23,2024-11-18,,61.0,,0,0.0,0,None,78.98,0.0,78.4,No material anomaly signal detected.,Completed,RUN-20261008-254699
WS/MP18101/2024-2025/141643,V41,Madhya Pradesh,DAMOH,RAHUL SINGH LODHI,Normal/Others,198724.0,Physical Inspection,Audit,1,47.39,Medium,3,0,True,1,1,,,35.0,False,False,False,False,198724.0,,198724.0,163058785.37,2024-09-18,2024-10-23,2024-11-18,,61.0,,0,0.0,0,None,78.98,0.0,78.4,No material anomaly signal detected.,Completed,RUN-20261008-254699
WS/MP18101/2024-2025/141626,V41,Madhya Pradesh,DAMOH,RAHUL SINGH LODHI,Normal/Others,198724.0,Physical Inspection,Audit,1,47.39,Medium,3,0,True,1,1,,,35.0,False,False,False,False,198724.0,,198724.0,163058785.37,2024-09-18,2024-10-23,2024-11-18,,61.0,,0,0.0,0,None,78.98,0.0,78.4,No material anomaly signal detected.,Completed,RUN-20261008-254699
WS/MP18101/2024-2025/141627,V41,Madhya Pradesh,DAMOH,RAHUL SINGH LODHI,Normal/Others,198724.0,Physical Inspection,Audit,1,47.39,Medium,3,0,True,1,1,,,35.0,False,False,False,False,198724.0,,198724.0,163058785.37,2024-09-18,2024-10-23,2024-11-18,,61.0,,0,0.0,0,None,78.98,0.0,78.4,No material anomaly signal detected.,Completed,RUN-20261008-254699
WS/MP18101/2024-2025/141628,V41,Madhya Pradesh,DAMOH,RAHUL SINGH LODHI,Normal/Others,198724.0,Physical Inspection,Audit,1,47.39,Medium,3,0,True,1,1,,,35.0,False,False,False,False,198724.0,,198724.0,163058785.37,2024-09-18,2024-10-23,2024-11-18,,61.0,,0,0.0,0,None,78.98,0.0,78.4,No material anomaly signal detected.,Completed,RUN-20261008-254699
WS/MP18101/2024-2025/141630,V41,Madhya Pradesh,DAMOH,RAHUL SINGH LODHI,Normal/Others,198724.0,Physical Inspection,Audit,1,47.39,Medium,3,0,True,1,1,,,35.0,False,False,False,False,198724.0,,198724.0,163058785.37,2024-09-18,2024-10-23,2024-11-18,,61.0,,0,0.0,0,None,78.98,0.0,78.4,No material anomaly signal detected.,Completed,RUN-20261008-254699
WS/MP18101/2024-2025/141642,V41,Madhya Pradesh,DAMOH,RAHUL SINGH LODHI,Normal/Others,198724.0,Physical Inspection,Audit,1,47.39,Medium,3,0,True,1,1,,,35.0,False,False,False,False,198724.0,,198724.0,163058785.37,2024-09-18,2024-10-23,2024-11-18,,61.0,,0,0.0,0,None,78.98,0.0,78.4,No material anomaly signal detected.,Completed,RUN-20261008-254699
WS/MP18101/2024-2025/141644,V41,Madhya Pradesh,DAMOH,RAHUL SINGH LODHI,Normal/Others,198724.0,Physical Inspection,Audit,1,47.39,Medium,3,0,True,1,1,,,35.0,False,False,False,False,198724.0,,198724.0,163058785.37,2024-09-18,2024-10-23,2024-11-18,,61.0,,0,0.0,0,None,78.98,0.0,78.4,No material anomaly signal detected.,Completed,RUN-20261008-254699
WS/MP644/2024-2025/151165,V41,Madhya Pradesh,REWA,Janardan Mishra,Normal/Others,697800.0,Vendor Identification,Early-Warning,0,47.38,Medium,1,0,True,1,1,,,,False,False,False,False,697800.0,,,147000000.0,,2025-01-17,,,,,0,0.0,0,None,78.97,0.0,71.1,No material anomaly signal detected.,Under Implementation,RUN-20261008-254699
WS/MP18106/2024-2025/147261,V41,Madhya Pradesh,MORENA,SHIVMANGAL SINGH TOMAR,Normal/Others,800000.0,Vendor Identification,Early-Warning,0,47.04,Medium,1,0,True,1,1,,,,False,False,False,False,800000.0,,,147000000.0,,2024-12-16,,,,,0,0.0,0,None,78.4,0.0,71.1,No material anomaly signal detected.,Under Implementation,RUN-20261008-254699
WS/MP18106/2024-2025/146922,V41,Madhya Pradesh,MORENA,SHIVMANGAL SINGH TOMAR,Normal/Others,800000.0,Vendor Identification,Early-Warning,0,47.04,Medium,1,0,True,1,1,,,,False,False,False,False,800000.0,,,147000000.0,,2024-12-16,,,,,0,0.0,0,None,78.4,0.0,71.1,No material anomaly signal detected.,Under Implementation,RUN-20261008-254699
WS/MP18106/2024-2025/146792,V41,Madhya Pradesh,MORENA,SHIVMANGAL SINGH TOMAR,Normal/Others,800000.0,Vendor Identification,Early-Warning,0,47.04,Medium,1,0,True,1,1,,,,False,False,False,False,800000.0,,,147000000.0,,2025-01-09,,,,,0,0.0,0,None,78.4,0.0,71.1,No material anomaly signal detected.,Under Implementation,RUN-20261008-254699
WS/MP18106/2024-2025/147187,V41,Madhya Pradesh,MORENA,SHIVMANGAL SINGH TOMAR,Normal/Others,800000.0,Work Completed,Audit,1,47.04,Medium,2,0,True,1,1,,,,False,False,False,False,800000.0,,799931.0,147000000.0,,2024-12-17,2025-10-09,,,,0,0.0,0,None,78.4,0.0,71.1,No material anomaly signal detected.,Completed,RUN-20261008-254699
WS/MP18106/2024-2025/147302,V41,Madhya Pradesh,MORENA,SHIVMANGAL SINGH TOMAR,Normal/Others,800000.0,Vendor Identification,Early-Warning,0,47.04,Medium,1,0,True,1,1,,,,False,False,False,False,800000.0,,,147000000.0,,2024-12-16,,,,,0,0.0,0,None,78.4,0.0,71.1,No material anomaly signal detected.,Under Implementation,RUN-20261008-254699
WS/MP18106/2024-2025/146793,V41,Madhya Pradesh,MORENA,SHIVMANGAL SINGH TOMAR,Normal/Others,800000.0,Vendor Identification,Early-Warning,0,47.04,Medium,1,0,True,1,1,,,,False,False,False,False,800000.0,,,147000000.0,,2024-12-05,,,,,0,0.0,0,None,78.4,0.0,71.1,No material anomaly signal detected.,Under Implementation,RUN-20261008-254699
WS/MP18106/2024-2025/146791,V41,Madhya Pradesh,MORENA,SHIVMANGAL SINGH TOMAR,Normal/Others,800000.0,Vendor Identification,Early-Warning,0,47.04,Medium,1,0,True,1,1,,,,False,False,False,False,800000.0,,,147000000.0,,2024-12-04,,,,,0,0.0,0,None,78.4,0.0,71.1,No material anomaly signal detected.,Under Implementation,RUN-20261008-254699
WS/MP643/2024-2025/146597,V41,Madhya Pradesh,KHANDWA,Gyaneshwar Patil,Normal/Others,500000.0,Physical Inspection,Audit,1,46.59,Medium,2,0,True,1,1,,,,False,False,False,False,500000.0,,500000.0,155690684.77,,2024-10-28,2025-10-17,,,,0,0.0,0,None,77.65,0.0,71.1,No material anomaly signal detected.,Completed,RUN-20261008-254699
WS/MP643/2024-2025/146596,V41,Madhya Pradesh,KHANDWA,Gyaneshwar Patil,Normal/Others,500000.0,Physical Inspection,Audit,1,46.59,Medium,2,0,True,1,1,,,,False,False,False,False,500000.0,,500000.0,155690684.77,,2025-03-05,2025-10-23,,,,0,0.0,0,None,77.65,0.0,71.1,No material anomaly signal detected.,Completed,RUN-20261008-254699
WS/MP643/2024-2025/146296,V41,Madhya Pradesh,KHANDWA,Gyaneshwar Patil,Normal/Others,500000.0,Work partially Completed,Audit,1,46.59,Medium,1,0,True,1,1,,,,False,False,False,False,500000.0,,,155690684.77,,2025-02-19,,,,,0,0.0,0,None,77.65,0.0,71.1,No material anomaly signal detected.,Completed,RUN-20261008-254699
WS/MP643/2026-2027/146407,V41,Madhya Pradesh,KHANDWA,Gyaneshwar Patil,Normal/Others,500000.0,Sanction,Early-Warning,0,46.59,Medium,1,0,True,1,1,,,,False,False,False,False,500000.0,,,155690684.77,,2026-05-20,,,,,0,0.0,0,None,77.65,0.0,71.1,No material anomaly signal detected.,Under Implementation,RUN-20261008-254699
WS/MP643/2025-2026/146322,V41,Madhya Pradesh,KHANDWA,Gyaneshwar Patil,Normal/Others,500000.0,Sanction,Early-Warning,0,46.59,Medium,1,0,True,1,1,,,,False,False,False,False,500000.0,,,155690684.77,,2025-04-24,,,,,0,0.0,0,None,77.65,0.0,71.1,No material anomaly signal detected.,Under Implementation,RUN-20261008-254699
WS/MP643/2025-2026/146594,V41,Madhya Pradesh,KHANDWA,Gyaneshwar Patil,Normal/Others,500000.0,Work partially Completed,Audit,1,46.59,Medium,1,0,True,1,1,,,,False,False,False,False,500000.0,,,155690684.77,,2025-04-23,,,,,0,0.0,0,None,77.65,0.0,71.1,No material anomaly signal detected.,Completed,RUN-20261008-254699
WS/MP643/2024-2025/136031,V41,Madhya Pradesh,KHANDWA,Gyaneshwar Patil,Normal/Others,190546.0,Vendor Identification,Early-Warning,0,46.47,Medium,2,0,True,1,1,,,25.0,False,False,False,False,190546.0,,,155690684.77,2024-08-17,2024-09-11,,,,,0,0.0,0,None,77.45,0.0,76.0,No material anomaly signal detected.,Under Implementation,RUN-20261008-254699
WS/MP643/2024-2025/136019,V41,Madhya Pradesh,KHANDWA,Gyaneshwar Patil,Normal/Others,190546.0,Vendor Identification,Early-Warning,0,46.47,Medium,2,0,True,1,1,,,25.0,False,False,False,False,190546.0,,,155690684.77,2024-08-17,2024-09-11,,,,,0,0.0,0,None,77.45,0.0,76.0,No material anomaly signal detected.,Under Implementation,RUN-20261008-254699
WS/MP643/2024-2025/136988,V41,Madhya Pradesh,KHANDWA,Gyaneshwar Patil,Normal/Others,190546.0,Vendor Identification,Early-Warning,0,46.47,Medium,2,0,True,1,1,,,17.0,False,False,False,False,190546.0,,,155690684.77,2024-08-25,2024-09-11,,,,,0,0.0,0,None,77.45,0.0,76.0,No material anomaly signal detected.,Under Implementation,RUN-20261008-254699
WS/MP643/2024-2025/136032,V41,Madhya Pradesh,KHANDWA,Gyaneshwar Patil,Normal/Others,190546.0,Vendor Identification,Early-Warning,0,46.47,Medium,2,0,True,1,1,,,25.0,False,False,False,False,190546.0,,,155690684.77,2024-08-17,2024-09-11,,,,,0,0.0,0,None,77.45,0.0,76.0,No material anomaly signal detected.,Under Implementation,RUN-20261008-254699
WS/MP643/2024-2025/136018,V41,Madhya Pradesh,KHANDWA,Gyaneshwar Patil,Normal/Others,190546.0,Vendor Identification,Early-Warning,0,46.47,Medium,2,0,True,1,1,,,25.0,False,False,False,False,190546.0,,,155690684.77,2024-08-17,2024-09-11,,,,,0,0.0,0,None,77.45,0.0,76.0,No material anomaly signal detected.,Under Implementation,RUN-20261008-254699
WS/MP643/2024-2025/136029,V41,Madhya Pradesh,KHANDWA,Gyaneshwar Patil,Normal/Others,190546.0,Vendor Identification,Early-Warning,0,46.47,Medium,2,0,True,1,1,,,25.0,False,False,False,False,190546.0,,,155690684.77,2024-08-17,2024-09-11,,,,,0,0.0,0,None,77.45,0.0,76.0,No material anomaly signal detected.,Under Implementation,RUN-20261008-254699
WS/MP643/2024-2025/136017,V41,Madhya Pradesh,KHANDWA,Gyaneshwar Patil,Normal/Others,190546.0,Vendor Identification,Early-Warning,0,46.47,Medium,2,0,True,1,1,,,25.0,False,False,False,False,190546.0,,,155690684.77,2024-08-17,2024-09-11,,,,,0,0.0,0,None,77.45,0.0,76.0,No material anomaly signal detected.,Under Implementation,RUN-20261008-254699
WS/MP643/2024-2025/136028,V41,Madhya Pradesh,KHANDWA,Gyaneshwar Patil,Normal/Others,190546.0,Vendor Identification,Early-Warning,0,46.47,Medium,2,0,True,1,1,,,25.0,False,False,False,False,190546.0,,,155690684.77,2024-08-17,2024-09-11,,,,,0,0.0,0,None,77.45,0.0,76.0,No material anomaly signal detected.,Under Implementation,RUN-20261008-254699
WS/MP643/2024-2025/136023,V41,Madhya Pradesh,KHANDWA,Gyaneshwar Patil,Normal/Others,190546.0,Vendor Identification,Early-Warning,0,46.47,Medium,2,0,True,1,1,,,25.0,False,False,False,False,190546.0,,,155690684.77,2024-08-17,2024-09-11,,,,,0,0.0,0,None,77.45,0.0,76.0,No material anomaly signal detected.,Under Implementation,RUN-20261008-254699
WS/MP643/2024-2025/136024,V41,Madhya Pradesh,KHANDWA,Gyaneshwar Patil,Normal/Others,190546.0,Vendor Identification,Early-Warning,0,46.47,Medium,2,0,True,1,1,,,25.0,False,False,False,False,190546.0,,,155690684.77,2024-08-17,2024-09-11,,,,,0,0.0,0,None,77.45,0.0,76.0,No material anomaly signal detected.,Under Implementation,RUN-20261008-254699
WS/MP643/2024-2025/136025,V41,Madhya Pradesh,KHANDWA,Gyaneshwar Patil,Normal/Others,190546.0,Vendor Identification,Early-Warning,0,46.47,Medium,2,0,True,1,1,,,25.0,False,False,False,False,190546.0,,,155690684.77,2024-08-17,2024-09-11,,,,,0,0.0,0,None,77.45,0.0,76.0,No material anomaly signal detected.,Under Implementation,RUN-20261008-254699
WS/MP643/2024-2025/136026,V41,Madhya Pradesh,KHANDWA,Gyaneshwar Patil,Normal/Others,190546.0,Vendor Identification,Early-Warning,0,46.47,Medium,2,0,True,1,1,,,25.0,False,False,False,False,190546.0,,,155690684.77,2024-08-17,2024-09-11,,,,,0,0.0,0,None,77.45,0.0,76.0,No material anomaly signal detected.,Under Implementation,RUN-20261008-254699
WS/MP643/2024-2025/136030,V41,Madhya Pradesh,KHANDWA,Gyaneshwar Patil,Normal/Others,190546.0,Vendor Identification,Early-Warning,0,46.47,Medium,2,0,True,1,1,,,25.0,False,False,False,False,190546.0,,,155690684.77,2024-08-17,2024-09-11,,,,,0,0.0,0,None,77.45,0.0,76.0,No material anomaly signal detected.,Under Implementation,RUN-20261008-254699
WS/MP643/2024-2025/136027,V41,Madhya Pradesh,KHANDWA,Gyaneshwar Patil,Normal/Others,190546.0,Vendor Identification,Early-Warning,0,46.47,Medium,2,0,True,1,1,,,25.0,False,False,False,False,190546.0,,,155690684.77,2024-08-17,2024-09-11,,,,,0,0.0,0,None,77.45,0.0,76.0,No material anomaly signal detected.,Under Implementation,RUN-20261008-254699
WS/MP643/2024-2025/136022,V41,Madhya Pradesh,KHANDWA,Gyaneshwar Patil,Normal/Others,190546.0,Vendor Identification,Early-Warning,0,46.47,Medium,2,0,True,1,1,,,25.0,False,False,False,False,190546.0,,,155690684.77,2024-08-17,2024-09-11,,,,,0,0.0,0,None,77.45,0.0,76.0,No material anomaly signal detected.,Under Implementation,RUN-20261008-254699
WS/MP643/2024-2025/136020,V41,Madhya Pradesh,KHANDWA,Gyaneshwar Patil,Normal/Others,190546.0,Vendor Identification,Early-Warning,0,46.47,Medium,2,0,True,1,1,,,25.0,False,False,False,False,190546.0,,,155690684.77,2024-08-17,2024-09-11,,,,,0,0.0,0,None,77.45,0.0,76.0,No material anomaly signal detected.,Under Implementation,RUN-20261008-254699
WS/MP643/2024-2025/136021,V41,Madhya Pradesh,KHANDWA,Gyaneshwar Patil,Normal/Others,190546.0,Vendor Identification,Early-Warning,0,46.47,Medium,2,0,True,1,1,,,25.0,False,False,False,False,190546.0,,,155690684.77,2024-08-17,2024-09-11,,,,,0,0.0,0,None,77.45,0.0,76.0,No material anomaly signal detected.,Under Implementation,RUN-20261008-254699
WS/MP644/2024-2025/151375,V41,Madhya Pradesh,REWA,Janardan Mishra,Normal/Others,643044.0,Vendor Identification,Early-Warning,0,46.29,Medium,1,0,True,1,1,,,,False,False,False,False,643044.0,,,147000000.0,,2025-01-24,,,,,0,0.0,0,None,77.15,0.0,71.1,No material anomaly signal detected.,Under Implementation,RUN-20261008-254699
WS/MP644/2024-2025/151372,V41,Madhya Pradesh,REWA,Janardan Mishra,Normal/Others,643044.0,Work partially Completed,Audit,1,46.29,Medium,1,0,True,1,1,,,,False,False,False,False,643044.0,,,147000000.0,,2025-01-21,,,,,0,0.0,0,None,77.15,0.0,71.1,No material anomaly signal detected.,Completed,RUN-20261008-254699
WS/MP641/2024-2025/147445,V41,Madhya Pradesh,KHARGONE(ST),Gajendra Singh Patel,Normal/Others,500000.0,Work Completed,Audit,1,45.01,Medium,2,0,True,1,1,,,,False,False,False,False,500000.0,,250000.0,147000000.0,,2024-11-19,2025-03-13,,,,0,0.0,0,None,75.02,0.0,71.1,No material anomaly signal detected.,Completed,RUN-20261008-254699
WS/MP641/2024-2025/147362,V41,Madhya Pradesh,KHARGONE(ST),Gajendra Singh Patel,Normal/Others,500000.0,Vendor Identification,Early-Warning,0,45.01,Medium,1,0,True,1,1,,,,False,False,False,False,500000.0,,,147000000.0,,2025-02-18,,,,,0,0.0,0,None,75.02,0.0,71.1,No material anomaly signal detected.,Under Implementation,RUN-20261008-254699
WS/MP641/2024-2025/149500,V41,Madhya Pradesh,KHARGONE(ST),Gajendra Singh Patel,Normal/Others,500000.0,Vendor Identification,Early-Warning,0,45.01,Medium,1,0,True,1,1,,,,False,False,False,False,500000.0,,,147000000.0,,2025-02-18,,,,,0,0.0,0,None,75.02,0.0,71.1,No material anomaly signal detected.,Under Implementation,RUN-20261008-254699
WS/MP641/2024-2025/149498,V41,Madhya Pradesh,KHARGONE(ST),Gajendra Singh Patel,Normal/Others,500000.0,Vendor Identification,Early-Warning,0,45.01,Medium,1,0,True,1,1,,,,False,False,False,False,500000.0,,,147000000.0,,2024-12-20,,,,,0,0.0,0,None,75.02,0.0,71.1,No material anomaly signal detected.,Under Implementation,RUN-20261008-254699
WS/MP641/2024-2025/147352,V41,Madhya Pradesh,KHARGONE(ST),Gajendra Singh Patel,Normal/Others,500000.0,Work partially Completed,Audit,1,45.01,Medium,1,0,True,1,1,,,,False,False,False,False,500000.0,,,147000000.0,,2024-12-24,,,,,0,0.0,0,None,75.02,0.0,71.1,No material anomaly signal detected.,Completed,RUN-20261008-254699
WS/MP641/2024-2025/149235,V41,Madhya Pradesh,KHARGONE(ST),Gajendra Singh Patel,Normal/Others,500000.0,Vendor Identification,Early-Warning,0,45.01,Medium,1,0,True,1,1,,,,False,False,False,False,500000.0,,,147000000.0,,2025-02-18,,,,,0,0.0,0,None,75.02,0.0,71.1,No material anomaly signal detected.,Under Implementation,RUN-20261008-254699
WS/MP641/2024-2025/147367,V41,Madhya Pradesh,KHARGONE(ST),Gajendra Singh Patel,Normal/Others,500000.0,Work partially Completed,Audit,1,45.01,Medium,1,0,True,1,1,,,,False,False,False,False,500000.0,,,147000000.0,,2024-12-24,,,,,0,0.0,0,None,75.02,0.0,71.1,No material anomaly signal detected.,Completed,RUN-20261008-254699
WS/MP641/2024-2025/147406,V41,Madhya Pradesh,KHARGONE(ST),Gajendra Singh Patel,Normal/Others,500000.0,Work partially Completed,Audit,1,45.01,Medium,1,0,True,1,1,,,,False,False,False,False,500000.0,,,147000000.0,,2025-03-27,,,,,0,0.0,0,None,75.02,0.0,71.1,No material anomaly signal detected.,Completed,RUN-20261008-254699
WS/MP641/2024-2025/147414,V41,Madhya Pradesh,KHARGONE(ST),Gajendra Singh Patel,Normal/Others,500000.0,Vendor Identification,Early-Warning,0,45.01,Medium,1,0,True,1,1,,,,False,False,False,False,500000.0,,,147000000.0,,2024-11-21,,,,,0,0.0,0,None,75.02,0.0,71.1,No material anomaly signal detected.,Under Implementation,RUN-20261008-254699
WS/MP641/2024-2025/147755,V41,Madhya Pradesh,KHARGONE(ST),Gajendra Singh Patel,Normal/Others,500000.0,Vendor Identification,Early-Warning,0,45.01,Medium,1,0,True,1,1,,,,False,False,False,False,500000.0,,,147000000.0,,2024-12-24,,,,,0,0.0,0,None,75.02,0.0,71.1,No material anomaly signal detected.,Under Implementation,RUN-20261008-254699
WS/MP641/2024-2025/147742,V41,Madhya Pradesh,KHARGONE(ST),Gajendra Singh Patel,Normal/Others,500000.0,Vendor Identification,Early-Warning,0,45.01,Medium,1,0,True,1,1,,,,False,False,False,False,500000.0,,,147000000.0,,2024-12-24,,,,,0,0.0,0,None,75.02,0.0,71.1,No material anomaly signal detected.,Under Implementation,RUN-20261008-254699
WS/MP356/2024-2025/140603,V41,Madhya Pradesh,MANDSOUR,Shri Sudheer Gupta,Normal/Others,300000.0,Physical Inspection,Audit,1,44.9,Medium,3,0,True,1,1,,,123.0,False,False,False,False,300000.0,,300000.0,148988014.83,2024-09-13,2025-01-14,2026-01-22,,496.0,,0,0.0,0,None,74.83,0.0,78.4,No material anomaly signal detected.,Completed,RUN-20261008-254699
WS/MP644/2024-2025/151384,V41,Madhya Pradesh,REWA,Janardan Mishra,Normal/Others,482283.0,Vendor Identification,Early-Warning,0,44.84,Medium,1,0,True,1,1,,,,False,False,False,False,482283.0,,,147000000.0,,2025-01-21,,,,,0,0.0,0,None,74.74,0.0,71.1,No material anomaly signal detected.,Under Implementation,RUN-20261008-254699
WS/MP18106/2024-2025/147204,V41,Madhya Pradesh,MORENA,SHIVMANGAL SINGH TOMAR,Normal/Others,400000.0,Vendor Identification,Early-Warning,0,44.08,Medium,1,0,True,1,1,,,,False,False,False,False,400000.0,,,147000000.0,,2024-12-05,,,,,0,0.0,0,None,73.46,0.0,71.1,No material anomaly signal detected.,Under Implementation,RUN-20261008-254699
WS/MP644/2024-2025/151371,V41,Madhya Pradesh,REWA,Janardan Mishra,Normal/Others,321522.0,Vendor Identification,Early-Warning,0,43.95,Medium,1,0,True,1,1,,,,False,False,False,False,321522.0,,,147000000.0,,2025-01-21,,,,,0,0.0,0,None,73.25,0.0,71.1,No material anomaly signal detected.,Under Implementation,RUN-20261008-254699
WS/MP644/2024-2025/151373,V41,Madhya Pradesh,REWA,Janardan Mishra,Normal/Others,321522.0,Vendor Identification,Early-Warning,0,43.95,Medium,1,0,True,1,1,,,,False,False,False,False,321522.0,,,147000000.0,,2025-01-21,,,,,0,0.0,0,None,73.25,0.0,71.1,No material anomaly signal detected.,Under Implementation,RUN-20261008-254699
WS/MP644/2024-2025/151382,V41,Madhya Pradesh,REWA,Janardan Mishra,Normal/Others,321522.0,Vendor Identification,Early-Warning,0,43.95,Medium,1,0,True,1,1,,,,False,False,False,False,321522.0,,,147000000.0,,2025-01-21,,,,,0,0.0,0,None,73.25,0.0,71.1,No material anomaly signal detected.,Under Implementation,RUN-20261008-254699
WS/MP641/2024-2025/133909,V41,Madhya Pradesh,KHARGONE(ST),Gajendra Singh Patel,Normal/Others,250000.0,Vendor Identification,Early-Warning,0,43.89,Medium,2,0,True,1,1,,,92.0,False,False,False,False,250000.0,,,147000000.0,2024-07-22,2024-10-22,,,,,0,0.0,0,None,73.15,0.0,76.0,No material anomaly signal detected.,Under Implementation,RUN-20261008-254699
WS/MP643/2025-2026/177006,V41,,,,,,,Early-Warning,0,43.49,Medium,2,1,False,0,0,,,,False,False,False,False,,599436.0,,,,,,2026-07-07,,Maa Durga Workshop,1,599436.0,2,Duplicate Payment,60.49,18.0,66.3,possible repeated work/vendor/amount payment pattern,Under Implementation,RUN-20261008-254699
WS/MP643/2025-2026/146414,V41,Madhya Pradesh,KHANDWA,Gyaneshwar Patil,Normal/Others,300000.0,Vendor Identification,Early-Warning,0,43.43,Medium,1,0,True,1,1,,,,False,False,False,False,300000.0,,,155690684.77,,2025-08-05,,,,,0,0.0,0,None,72.38,0.0,71.1,No material anomaly signal detected.,Under Implementation,RUN-20261008-254699
WS/MP643/2024-2025/146415,V41,Madhya Pradesh,KHANDWA,Gyaneshwar Patil,Normal/Others,300000.0,Physical Inspection,Audit,1,43.43,Medium,2,0,True,1,1,,,,False,False,False,False,300000.0,,300000.0,155690684.77,,2024-12-17,2026-02-10,,,,0,0.0,0,None,72.38,0.0,71.1,No material anomaly signal detected.,Completed,RUN-20261008-254699
WS/MP643/2024-2025/146290,V41,Madhya Pradesh,KHANDWA,Gyaneshwar Patil,Normal/Others,300000.0,Vendor Identification,Early-Warning,0,43.43,Medium,1,0,True,1,1,,,,False,False,False,False,300000.0,,,155690684.77,,2025-02-19,,,,,0,0.0,0,None,72.38,0.0,71.1,No material anomaly signal detected.,Under Implementation,RUN-20261008-254699
WS/MP643/2026-2027/146359,V41,Madhya Pradesh,KHANDWA,Gyaneshwar Patil,Normal/Others,300000.0,Vendor Identification,Early-Warning,0,43.43,Medium,1,0,True,1,1,,,,False,False,False,False,300000.0,,,155690684.77,,2026-04-17,,,,,0,0.0,0,None,72.38,0.0,71.1,No material anomaly signal detected.,Under Implementation,RUN-20261008-254699
WS/MP360/2026-2027/295381,V41,,,,,,,Early-Warning,0,43.38,Medium,2,0,False,0,0,,,,False,False,False,False,,1672640.0,,,,,,2026-08-17,,EE MPPKVVCL MANDSAUR AE MPPKVVCL RATLAM,1,1672640.0,2,Unusual Expenditure; Transaction Outlier,62.85,14.18,66.3,expenditure is in an extreme upper range,Under Implementation,RUN-20261008-254699
WS/MP643/2024-2025/146356,V41,Madhya Pradesh,KHANDWA,Gyaneshwar Patil,Normal/Others,200000.0,Vendor Identification,Early-Warning,0,43.34,Medium,1,0,True,1,1,,,,False,False,False,False,200000.0,,,155690684.77,,2025-01-22,,,,,0,0.0,0,None,72.23,0.0,71.1,No material anomaly signal detected.,Under Implementation,RUN-20261008-254699
WS/MP643/2024-2025/146416,V41,Madhya Pradesh,KHANDWA,Gyaneshwar Patil,Normal/Others,200000.0,Vendor Identification,Early-Warning,0,43.34,Medium,1,0,True,1,1,,,,False,False,False,False,200000.0,,,155690684.77,,2025-03-27,,,,,0,0.0,0,None,72.23,0.0,71.1,No material anomaly signal detected.,Under Implementation,RUN-20261008-254699
WS/MP642/2026-2027/198561,V41,,,,,,,Early-Warning,0,43.15,Medium,2,0,False,0,0,,,,False,False,True,False,,159462.0,,,,,,2026-08-27,,SHREE KRIPA ENTERPRISES SATNA,29,5809403.0,1,Suspicious Vendor,62.59,14.0,66.3,vendor has high project concentration,Under Implementation,RUN-20261008-254699
WS/MP642/2026-2027/199838,V41,,,,,,,Early-Warning,0,42.94,Medium,2,0,False,0,0,,,,False,False,True,False,,221633.0,,,,,,2026-08-27,,SHREE KRIPA ENTERPRISES SATNA,29,5809403.0,1,Suspicious Vendor,62.23,14.0,66.3,vendor has high project concentration,Under Implementation,RUN-20261008-254699
WS/MP642/2026-2027/199840,V41,,,,,,,Early-Warning,0,42.91,Medium,2,0,False,0,0,,,,False,False,True,False,,220725.0,,,,,,2026-08-27,,SHREE KRIPA ENTERPRISES SATNA,29,5809403.0,1,Suspicious Vendor,62.19,14.0,66.3,vendor has high project concentration,Under Implementation,RUN-20261008-254699
WS/MP18100/2025-2026/173912,V41,Madhya Pradesh,CHHINDWARA,BUNTY VIVEK SAHU,Trust and Society,,,Audit,1,42.86,Medium,1,0,True,1,1,,,,False,False,False,False,,,500000.0,147000000.0,,,2026-02-13,,,,0,0.0,0,None,71.44,0.0,63.9,No material anomaly signal detected.,Completed,RUN-20261008-254699
WS/MP18100/2025-2026/175777,V41,Madhya Pradesh,CHHINDWARA,BUNTY VIVEK SAHU,Trust and Society,,,Audit,1,42.86,Medium,1,0,True,1,1,,,,False,False,False,False,,,1000000.0,147000000.0,,,2025-10-17,,,,0,0.0,0,None,71.44,0.0,63.9,No material anomaly signal detected.,Completed,RUN-20261008-254699
WS/MP642/2026-2027/199824,V41,,,,,,,Early-Warning,0,42.78,Medium,2,0,False,0,0,,,,False,False,True,False,,217389.0,,,,,,2026-08-27,,SHREE KRIPA ENTERPRISES SATNA,29,5809403.0,1,Suspicious Vendor,61.97,14.0,66.3,vendor has high project concentration,Under Implementation,RUN-20261008-254699
WS/MP642/2026-2027/197134,V41,,,,,,,Early-Warning,0,42.76,Medium,2,0,False,0,0,,,,False,False,True,False,,161042.0,,,,,,2026-08-27,,SHREE KRIPA ENTERPRISES SATNA,29,5809403.0,1,Suspicious Vendor,61.94,14.0,66.3,vendor has high project concentration,Under Implementation,RUN-20261008-254699
WS/MP642/2026-2027/198554,V41,,,,,,,Early-Warning,0,42.76,Medium,2,0,False,0,0,,,,False,False,True,False,,161042.0,,,,,,2026-08-27,,SHREE KRIPA ENTERPRISES SATNA,29,5809403.0,1,Suspicious Vendor,61.94,14.0,66.3,vendor has high project concentration,Under Implementation,RUN-20261008-254699
WS/MP642/2026-2027/198565,V41,,,,,,,Early-Warning,0,42.61,Medium,2,0,False,0,0,,,,False,False,True,False,,194899.0,,,,,,2026-07-19,,SHREE KRIPA ENTERPRISES SATNA,29,5809403.0,1,Suspicious Vendor,61.69,14.0,66.3,vendor has high project concentration,Under Implementation,RUN-20261008-254699
WS/MP642/2026-2027/198560,V41,,,,,,,Early-Warning,0,42.61,Medium,2,0,False,0,0,,,,False,False,True,False,,194842.0,,,,,,2026-07-19,,SHREE KRIPA ENTERPRISES SATNA,29,5809403.0,1,Suspicious Vendor,61.69,14.0,66.3,vendor has high project concentration,Under Implementation,RUN-20261008-254699
WS/MP642/2026-2027/197124,V41,,,,,,,Early-Warning,0,42.6,Medium,2,0,False,0,0,,,,False,False,True,False,,214303.0,,,,,,2026-07-19,,SHREE KRIPA ENTERPRISES SATNA,29,5809403.0,1,Suspicious Vendor,61.67,14.0,66.3,vendor has high project concentration,Under Implementation,RUN-20261008-254699
WS/MP642/2026-2027/199841,V41,,,,,,,Early-Warning,0,42.54,Medium,2,0,False,0,0,,,,False,False,True,False,,213779.0,,,,,,2026-08-27,,SHREE KRIPA ENTERPRISES SATNA,29,5809403.0,1,Suspicious Vendor,61.57,14.0,66.3,vendor has high project concentration,Under Implementation,RUN-20261008-254699
WS/MP642/2026-2027/198564,V41,,,,,,,Early-Warning,0,42.54,Medium,2,0,False,0,0,,,,False,False,True,False,,212455.0,,,,,,2026-07-19,,SHREE KRIPA ENTERPRISES SATNA,29,5809403.0,1,Suspicious Vendor,61.57,14.0,66.3,vendor has high project concentration,Under Implementation,RUN-20261008-254699
WS/MP642/2026-2027/198562,V41,,,,,,,Early-Warning,0,42.53,Medium,2,0,False,0,0,,,,False,False,True,False,,203760.0,,,,,,2026-07-19,,SHREE KRIPA ENTERPRISES SATNA,29,5809403.0,1,Suspicious Vendor,61.55,14.0,66.3,vendor has high project concentration,Under Implementation,RUN-20261008-254699
WS/MP642/2026-2027/199835,V41,,,,,,,Early-Warning,0,42.52,Medium,2,0,False,0,0,,,,False,False,True,False,,209674.0,,,,,,2026-08-27,,SHREE KRIPA ENTERPRISES SATNA,29,5809403.0,1,Suspicious Vendor,61.53,14.0,66.3,vendor has high project concentration,Under Implementation,RUN-20261008-254699
WS/MP642/2026-2027/199839,V41,,,,,,,Early-Warning,0,42.51,Medium,2,0,False,0,0,,,,False,False,True,False,,203207.0,,,,,,2026-08-27,,SHREE KRIPA ENTERPRISES SATNA,29,5809403.0,1,Suspicious Vendor,61.52,14.0,66.3,vendor has high project concentration,Under Implementation,RUN-20261008-254699
WS/MP642/2026-2027/197131,V41,,,,,,,Early-Warning,0,42.5,Medium,2,0,False,0,0,,,,False,False,True,False,,211478.0,,,,,,2026-08-27,,SHREE KRIPA ENTERPRISES SATNA,29,5809403.0,1,Suspicious Vendor,61.5,14.0,66.3,vendor has high project concentration,Under Implementation,RUN-20261008-254699
WS/MP642/2026-2027/198568,V41,,,,,,,Early-Warning,0,42.45,Medium,2,0,False,0,0,,,,False,False,True,False,,211794.0,,,,,,2026-08-27,,SHREE KRIPA ENTERPRISES SATNA,29,5809403.0,1,Suspicious Vendor,61.42,14.0,66.3,vendor has high project concentration,Under Implementation,RUN-20261008-254699
WS/MP18100/2024-2025/151653,V41,Madhya Pradesh,CHHINDWARA,BUNTY VIVEK SAHU,Normal/Others,100000.0,Work partially Completed,Audit,1,42.31,Medium,1,0,True,1,1,,,,False,False,False,False,100000.0,,,147000000.0,,2025-01-31,,,,,0,0.0,0,None,70.52,0.0,71.1,No material anomaly signal detected.,Completed,RUN-20261008-254699
WS/MP356/2024-2025/137875,V41,Madhya Pradesh,MANDSOUR,Shri Sudheer Gupta,Normal/Others,100000.0,Physical Inspection,Audit,1,42.28,Medium,3,0,True,0,0,,,82.0,False,True,False,False,100000.0,,100000.0,148988014.83,2024-08-30,2024-11-20,2026-04-28,,606.0,,0,0.0,1,Delayed Project,65.8,7.0,78.4,project implementation duration is unusually prolonged,Completed,RUN-20261008-254699
WS/MP356/2024-2025/137883,V41,Madhya Pradesh,MANDSOUR,Shri Sudheer Gupta,Normal/Others,100000.0,Physical Inspection,Audit,1,42.28,Medium,3,0,True,0,0,,,82.0,False,True,False,False,100000.0,,100000.0,148988014.83,2024-08-30,2024-11-20,2026-04-28,,606.0,,0,0.0,1,Delayed Project,65.8,7.0,78.4,project implementation duration is unusually prolonged,Completed,RUN-20261008-254699
WS/MP356/2024-2025/137882,V41,Madhya Pradesh,MANDSOUR,Shri Sudheer Gupta,Normal/Others,100000.0,Physical Inspection,Audit,1,42.28,Medium,3,0,True,0,0,,,82.0,False,True,False,False,100000.0,,100000.0,148988014.83,2024-08-30,2024-11-20,2026-04-28,,606.0,,0,0.0,1,Delayed Project,65.8,7.0,78.4,project implementation duration is unusually prolonged,Completed,RUN-20261008-254699
WS/MP356/2024-2025/137881,V41,Madhya Pradesh,MANDSOUR,Shri Sudheer Gupta,Normal/Others,100000.0,Physical Inspection,Audit,1,42.28,Medium,3,0,True,0,0,,,82.0,False,True,False,False,100000.0,,100000.0,148988014.83,2024-08-30,2024-11-20,2026-04-28,,606.0,,0,0.0,1,Delayed Project,65.8,7.0,78.4,project implementation duration is unusually prolonged,Completed,RUN-20261008-254699
WS/MP356/2024-2025/137880,V41,Madhya Pradesh,MANDSOUR,Shri Sudheer Gupta,Normal/Others,100000.0,Physical Inspection,Audit,1,42.28,Medium,3,0,True,0,0,,,82.0,False,True,False,False,100000.0,,100000.0,148988014.83,2024-08-30,2024-11-20,2026-04-28,,606.0,,0,0.0,1,Delayed Project,65.8,7.0,78.4,project implementation duration is unusually prolonged,Completed,RUN-20261008-254699
WS/MP356/2024-2025/137879,V41,Madhya Pradesh,MANDSOUR,Shri Sudheer Gupta,Normal/Others,100000.0,Physical Inspection,Audit,1,42.28,Medium,3,0,True,0,0,,,82.0,False,True,False,False,100000.0,,100000.0,148988014.83,2024-08-30,2024-11-20,2026-04-28,,606.0,,0,0.0,1,Delayed Project,65.8,7.0,78.4,project implementation duration is unusually prolonged,Completed,RUN-20261008-254699
WS/MP356/2024-2025/137878,V41,Madhya Pradesh,MANDSOUR,Shri Sudheer Gupta,Normal/Others,100000.0,Physical Inspection,Audit,1,42.28,Medium,3,0,True,0,0,,,82.0,False,True,False,False,100000.0,,100000.0,148988014.83,2024-08-30,2024-11-20,2026-04-28,,606.0,,0,0.0,1,Delayed Project,65.8,7.0,78.4,project implementation duration is unusually prolonged,Completed,RUN-20261008-254699
WS/MP356/2024-2025/137877,V41,Madhya Pradesh,MANDSOUR,Shri Sudheer Gupta,Normal/Others,100000.0,Physical Inspection,Audit,1,42.28,Medium,3,0,True,0,0,,,82.0,False,True,False,False,100000.0,,100000.0,148988014.83,2024-08-30,2024-11-20,2026-04-28,,606.0,,0,0.0,1,Delayed Project,65.8,7.0,78.4,project implementation duration is unusually prolonged,Completed,RUN-20261008-254699
WS/MP356/2024-2025/137876,V41,Madhya Pradesh,MANDSOUR,Shri Sudheer Gupta,Normal/Others,100000.0,Physical Inspection,Audit,1,42.28,Medium,3,0,True,0,0,,,82.0,False,True,False,False,100000.0,,100000.0,148988014.83,2024-08-30,2024-11-20,2026-04-28,,606.0,,0,0.0,1,Delayed Project,65.8,7.0,78.4,project implementation duration is unusually prolonged,Completed,RUN-20261008-254699
WS/MP356/2024-2025/137874,V41,Madhya Pradesh,MANDSOUR,Shri Sudheer Gupta,Normal/Others,100000.0,Physical Inspection,Audit,1,42.28,Medium,3,0,True,0,0,,,82.0,False,True,False,False,100000.0,,100000.0,148988014.83,2024-08-30,2024-11-20,2026-04-28,,606.0,,0,0.0,1,Delayed Project,65.8,7.0,78.4,project implementation duration is unusually prolonged,Completed,RUN-20261008-254699
WS/MP356/2024-2025/137861,V41,Madhya Pradesh,MANDSOUR,Shri Sudheer Gupta,Normal/Others,100000.0,Physical Inspection,Audit,1,42.28,Medium,3,0,True,0,0,,,82.0,False,True,False,False,100000.0,,100000.0,148988014.83,2024-08-30,2024-11-20,2026-04-28,,606.0,,0,0.0,1,Delayed Project,65.8,7.0,78.4,project implementation duration is unusually prolonged,Completed,RUN-20261008-254699
WS/MP356/2024-2025/137867,V41,Madhya Pradesh,MANDSOUR,Shri Sudheer Gupta,Normal/Others,100000.0,Physical Inspection,Audit,1,42.28,Medium,3,0,True,0,0,,,82.0,False,True,False,False,100000.0,,100000.0,148988014.83,2024-08-30,2024-11-20,2026-04-28,,606.0,,0,0.0,1,Delayed Project,65.8,7.0,78.4,project implementation duration is unusually prolonged,Completed,RUN-20261008-254699
WS/MP356/2024-2025/137873,V41,Madhya Pradesh,MANDSOUR,Shri Sudheer Gupta,Normal/Others,100000.0,Physical Inspection,Audit,1,42.28,Medium,3,0,True,0,0,,,82.0,False,True,False,False,100000.0,,100000.0,148988014.83,2024-08-30,2024-11-20,2026-04-28,,606.0,,0,0.0,1,Delayed Project,65.8,7.0,78.4,project implementation duration is unusually prolonged,Completed,RUN-20261008-254699
WS/MP356/2024-2025/137864,V41,Madhya Pradesh,MANDSOUR,Shri Sudheer Gupta,Normal/Others,100000.0,Physical Inspection,Audit,1,42.28,Medium,3,0,True,0,0,,,82.0,False,True,False,False,100000.0,,100000.0,148988014.83,2024-08-30,2024-11-20,2026-04-28,,606.0,,0,0.0,1,Delayed Project,65.8,7.0,78.4,project implementation duration is unusually prolonged,Completed,RUN-20261008-254699
WS/MP356/2024-2025/137865,V41,Madhya Pradesh,MANDSOUR,Shri Sudheer Gupta,Normal/Others,100000.0,Physical Inspection,Audit,1,42.28,Medium,3,0,True,0,0,,,82.0,False,True,False,False,100000.0,,100000.0,148988014.83,2024-08-30,2024-11-20,2026-04-28,,606.0,,0,0.0,1,Delayed Project,65.8,7.0,78.4,project implementation duration is unusually prolonged,Completed,RUN-20261008-254699
WS/MP356/2024-2025/137866,V41,Madhya Pradesh,MANDSOUR,Shri Sudheer Gupta,Normal/Others,100000.0,Physical Inspection,Audit,1,42.28,Medium,3,0,True,0,0,,,82.0,False,True,False,False,100000.0,,100000.0,148988014.83,2024-08-30,2024-11-20,2026-04-28,,606.0,,0,0.0,1,Delayed Project,65.8,7.0,78.4,project implementation duration is unusually prolonged,Completed,RUN-20261008-254699
WS/MP356/2024-2025/137863,V41,Madhya Pradesh,MANDSOUR,Shri Sudheer Gupta,Normal/Others,100000.0,Physical Inspection,Audit,1,42.28,Medium,3,0,True,0,0,,,82.0,False,True,False,False,100000.0,,100000.0,148988014.83,2024-08-30,2024-11-20,2026-04-28,,606.0,,0,0.0,1,Delayed Project,65.8,7.0,78.4,project implementation duration is unusually prolonged,Completed,RUN-20261008-254699
WS/MP356/2024-2025/137868,V41,Madhya Pradesh,MANDSOUR,Shri Sudheer Gupta,Normal/Others,100000.0,Physical Inspection,Audit,1,42.28,Medium,3,0,True,0,0,,,82.0,False,True,False,False,100000.0,,100000.0,148988014.83,2024-08-30,2024-11-20,2026-04-28,,606.0,,0,0.0,1,Delayed Project,65.8,7.0,78.4,project implementation duration is unusually prolonged,Completed,RUN-20261008-254699
WS/MP356/2024-2025/137871,V41,Madhya Pradesh,MANDSOUR,Shri Sudheer Gupta,Normal/Others,100000.0,Physical Inspection,Audit,1,42.28,Medium,3,0,True,0,0,,,82.0,False,True,False,False,100000.0,,100000.0,148988014.83,2024-08-30,2024-11-20,2026-04-28,,606.0,,0,0.0,1,Delayed Project,65.8,7.0,78.4,project implementation duration is unusually prolonged,Completed,RUN-20261008-254699
WS/MP356/2024-2025/137869,V41,Madhya Pradesh,MANDSOUR,Shri Sudheer Gupta,Normal/Others,100000.0,Physical Inspection,Audit,1,42.28,Medium,3,0,True,0,0,,,82.0,False,True,False,False,100000.0,,100000.0,148988014.83,2024-08-30,2024-11-20,2026-04-28,,606.0,,0,0.0,1,Delayed Project,65.8,7.0,78.4,project implementation duration is unusually prolonged,Completed,RUN-20261008-254699
WS/MP356/2024-2025/137872,V41,Madhya Pradesh,MANDSOUR,Shri Sudheer Gupta,Normal/Others,100000.0,Physical Inspection,Audit,1,42.28,Medium,3,0,True,0,0,,,82.0,False,True,False,False,100000.0,,100000.0,148988014.83,2024-08-30,2024-11-20,2026-04-28,,606.0,,0,0.0,1,Delayed Project,65.8,7.0,78.4,project implementation duration is unusually prolonged,Completed,RUN-20261008-254699
WS/MP356/2024-2025/137870,V41,Madhya Pradesh,MANDSOUR,Shri Sudheer Gupta,Normal/Others,100000.0,Physical Inspection,Audit,1,42.28,Medium,3,0,True,0,0,,,82.0,False,True,False,False,100000.0,,100000.0,148988014.83,2024-08-30,2024-11-20,2026-04-28,,606.0,,0,0.0,1,Delayed Project,65.8,7.0,78.4,project implementation duration is unusually prolonged,Completed,RUN-20261008-254699
WS/MP641/2024-2025/147427,V41,Madhya Pradesh,KHARGONE(ST),Gajendra Singh Patel,Normal/Others,300000.0,Vendor Identification,Early-Warning,0,42.17,Medium,1,0,True,1,1,,,,False,False,False,False,300000.0,,,147000000.0,,2025-01-21,,,,,0,0.0,0,None,70.28,0.0,71.1,No material anomaly signal detected.,Under Implementation,RUN-20261008-254699
WS/MP643/2024-2025/146601,V41,Madhya Pradesh,KHANDWA,Gyaneshwar Patil,Normal/Others,262545.0,Physical Inspection,Audit,1,42.0,Medium,2,0,True,1,1,,,,False,False,False,False,262545.0,,262545.0,155690684.77,,2024-10-28,2024-12-23,,,,0,0.0,0,None,70.0,0.0,71.1,No material anomaly signal detected.,Completed,RUN-20261008-254699
WS/MP643/2024-2025/146293,V41,Madhya Pradesh,KHANDWA,Gyaneshwar Patil,Normal/Others,250000.0,Vendor Identification,Early-Warning,0,41.93,Medium,1,0,True,0,1,,,,False,False,False,False,250000.0,,,155690684.77,,2025-02-19,,,,,0,0.0,0,None,69.88,0.0,71.1,No material anomaly signal detected.,Under Implementation,RUN-20261008-254699
WS/MP643/2024-2025/147088,V41,Madhya Pradesh,KHANDWA,Gyaneshwar Patil,Normal/Others,250000.0,Work partially Completed,Audit,1,41.93,Medium,1,0,True,0,1,,,,False,False,False,False,250000.0,,,155690684.77,,2025-03-12,,,,,0,0.0,0,None,69.88,0.0,71.1,No material anomaly signal detected.,Completed,RUN-20261008-254699
WS/MP643/2024-2025/146413,V41,Madhya Pradesh,KHANDWA,Gyaneshwar Patil,Normal/Others,250000.0,Work partially Completed,Audit,1,41.93,Medium,1,0,True,0,1,,,,False,False,False,False,250000.0,,,155690684.77,,2024-12-30,,,,,0,0.0,0,None,69.88,0.0,71.1,No material anomaly signal detected.,Completed,RUN-20261008-254699
WS/MP643/2024-2025/146357,V41,Madhya Pradesh,KHANDWA,Gyaneshwar Patil,Normal/Others,250000.0,Work Completed,Audit,1,41.93,Medium,2,0,True,0,1,,,,False,False,False,False,250000.0,,250000.0,155690684.77,,2025-02-19,2026-04-07,,,,0,0.0,0,None,69.88,0.0,71.1,No material anomaly signal detected.,Completed,RUN-20261008-254699
WS/MP643/2024-2025/146344,V41,Madhya Pradesh,KHANDWA,Gyaneshwar Patil,Normal/Others,250000.0,Vendor Identification,Early-Warning,0,41.93,Medium,1,0,True,0,1,,,,False,False,False,False,250000.0,,,155690684.77,,2025-01-21,,,,,0,0.0,0,None,69.88,0.0,71.1,No material anomaly signal detected.,Under Implementation,RUN-20261008-254699
WS/MP643/2024-2025/146602,V41,Madhya Pradesh,KHANDWA,Gyaneshwar Patil,Normal/Others,249268.0,Physical Inspection,Audit,1,41.9,Medium,2,0,True,0,1,,,,False,False,False,False,249268.0,,249268.0,155690684.77,,2024-10-28,2024-12-20,,,,0,0.0,0,None,69.83,0.0,71.1,No material anomaly signal detected.,Completed,RUN-20261008-254699
WS/MP641/2024-2025/133910,V41,Madhya Pradesh,KHARGONE(ST),Gajendra Singh Patel,Normal/Others,200000.0,Vendor Identification,Early-Warning,0,41.71,Medium,2,0,True,0,1,,,95.0,False,False,False,False,200000.0,,,147000000.0,2024-07-22,2024-10-25,,,,,0,0.0,0,None,69.52,0.0,76.0,No material anomaly signal detected.,Under Implementation,RUN-20261008-254699
WS/MP443/2025-2026/179901,V41,Madhya Pradesh,RAJGARH,Rodmal Nagar,Normal/Others,,,Audit,1,41.45,Medium,1,0,True,0,1,,,,False,False,False,False,,,166026.0,147000000.0,,,2025-06-06,,,,0,0.0,0,None,69.09,0.0,63.9,No material anomaly signal detected.,Completed,RUN-20261008-254699
WS/MP443/2025-2026/179898,V41,Madhya Pradesh,RAJGARH,Rodmal Nagar,Normal/Others,,,Audit,1,41.45,Medium,1,0,True,0,1,,,,False,False,False,False,,,166026.0,147000000.0,,,2025-06-06,,,,0,0.0,0,None,69.09,0.0,63.9,No material anomaly signal detected.,Completed,RUN-20261008-254699
WS/MP443/2025-2026/179899,V41,Madhya Pradesh,RAJGARH,Rodmal Nagar,Normal/Others,,,Audit,1,41.45,Medium,1,0,True,0,1,,,,False,False,False,False,,,166026.0,147000000.0,,,2025-06-06,,,,0,0.0,0,None,69.09,0.0,63.9,No material anomaly signal detected.,Completed,RUN-20261008-254699
WS/MP443/2025-2026/179900,V41,Madhya Pradesh,RAJGARH,Rodmal Nagar,Normal/Others,,,Audit,1,41.45,Medium,1,0,True,0,1,,,,False,False,False,False,,,166026.0,147000000.0,,,2025-06-06,,,,0,0.0,0,None,69.09,0.0,63.9,No material anomaly signal detected.,Completed,RUN-20261008-254699
WS/MP443/2025-2026/179897,V41,Madhya Pradesh,RAJGARH,Rodmal Nagar,Normal/Others,,,Audit,1,41.45,Medium,1,0,True,0,1,,,,False,False,False,False,,,166026.0,147000000.0,,,2025-06-06,,,,0,0.0,0,None,69.09,0.0,63.9,No material anomaly signal detected.,Completed,RUN-20261008-254699
WS/MP443/2025-2026/179905,V41,Madhya Pradesh,RAJGARH,Rodmal Nagar,Normal/Others,,,Audit,1,41.45,Medium,1,0,True,0,1,,,,False,False,False,False,,,474678.0,147000000.0,,,2026-04-24,,,,0,0.0,0,None,69.09,0.0,63.9,No material anomaly signal detected.,Completed,RUN-20261008-254699
WS/MP443/2025-2026/179903,V41,Madhya Pradesh,RAJGARH,Rodmal Nagar,Normal/Others,,,Audit,1,41.45,Medium,1,0,True,0,1,,,,False,False,False,False,,,166026.0,147000000.0,,,2025-06-06,,,,0,0.0,0,None,69.09,0.0,63.9,No material anomaly signal detected.,Completed,RUN-20261008-254699
WS/MP443/2025-2026/179902,V41,Madhya Pradesh,RAJGARH,Rodmal Nagar,Normal/Others,,,Audit,1,41.45,Medium,1,0,True,0,1,,,,False,False,False,False,,,166026.0,147000000.0,,,2025-06-06,,,,0,0.0,0,None,69.09,0.0,63.9,No material anomaly signal detected.,Completed,RUN-20261008-254699
WS/MP443/2025-2026/179896,V41,Madhya Pradesh,RAJGARH,Rodmal Nagar,Normal/Others,,,Audit,1,41.45,Medium,1,0,True,0,1,,,,False,False,False,False,,,166026.0,147000000.0,,,2025-06-06,,,,0,0.0,0,None,69.09,0.0,63.9,No material anomaly signal detected.,Completed,RUN-20261008-254699
WS/MP443/2025-2026/179895,V41,Madhya Pradesh,RAJGARH,Rodmal Nagar,Normal/Others,,,Audit,1,41.45,Medium,1,0,True,0,1,,,,False,False,False,False,,,166026.0,147000000.0,,,2025-06-06,,,,0,0.0,0,None,69.09,0.0,63.9,No material anomaly signal detected.,Completed,RUN-20261008-254699
WS/MP443/2025-2026/179894,V41,Madhya Pradesh,RAJGARH,Rodmal Nagar,Normal/Others,,,Audit,1,41.45,Medium,1,0,True,0,1,,,,False,False,False,False,,,166026.0,147000000.0,,,2025-06-06,,,,0,0.0,0,None,69.09,0.0,63.9,No material anomaly signal detected.,Completed,RUN-20261008-254699
WS/MP18101/2024-2025/149005,V41,Madhya Pradesh,DAMOH,RAHUL SINGH LODHI,Normal/Others,198723.0,Physical Inspection,Audit,1,41.19,Medium,2,0,True,0,1,,,,False,False,False,False,198723.0,,198723.0,163058785.37,,2024-12-21,2025-07-15,,,,0,0.0,0,None,68.65,0.0,71.1,No material anomaly signal detected.,Completed,RUN-20261008-254699
WS/MP18101/2024-2025/149040,V41,Madhya Pradesh,DAMOH,RAHUL SINGH LODHI,Normal/Others,198723.0,Physical Inspection,Audit,1,41.19,Medium,2,0,True,0,1,,,,False,False,False,False,198723.0,,198723.0,163058785.37,,2025-01-17,2025-02-06,,,,0,0.0,0,None,68.65,0.0,71.1,No material anomaly signal detected.,Completed,RUN-20261008-254699
WS/MP18101/2024-2025/149022,V41,Madhya Pradesh,DAMOH,RAHUL SINGH LODHI,Normal/Others,198723.0,Physical Inspection,Audit,1,41.19,Medium,2,0,True,0,1,,,,False,False,False,False,198723.0,,198723.0,163058785.37,,2024-12-21,2025-07-15,,,,0,0.0,0,None,68.65,0.0,71.1,No material anomaly signal detected.,Completed,RUN-20261008-254699
WS/MP18101/2024-2025/149037,V41,Madhya Pradesh,DAMOH,RAHUL SINGH LODHI,Normal/Others,198723.0,Physical Inspection,Audit,1,41.19,Medium,2,0,True,0,1,,,,False,False,False,False,198723.0,,198723.0,163058785.37,,2025-01-17,2025-02-06,,,,0,0.0,0,None,68.65,0.0,71.1,No material anomaly signal detected.,Completed,RUN-20261008-254699
WS/MP18101/2024-2025/149023,V41,Madhya Pradesh,DAMOH,RAHUL SINGH LODHI,Normal/Others,198723.0,Physical Inspection,Audit,1,41.19,Medium,2,0,True,0,1,,,,False,False,False,False,198723.0,,198723.0,163058785.37,,2024-12-21,2025-07-15,,,,0,0.0,0,None,68.65,0.0,71.1,No material anomaly signal detected.,Completed,RUN-20261008-254699
WS/MP18101/2024-2025/149025,V41,Madhya Pradesh,DAMOH,RAHUL SINGH LODHI,Normal/Others,198723.0,Physical Inspection,Audit,1,41.19,Medium,2,0,True,0,1,,,,False,False,False,False,198723.0,,198723.0,163058785.37,,2024-12-21,2025-07-15,,,,0,0.0,0,None,68.65,0.0,71.1,No material anomaly signal detected.,Completed,RUN-20261008-254699
WS/MP18101/2024-2025/149026,V41,Madhya Pradesh,DAMOH,RAHUL SINGH LODHI,Normal/Others,198723.0,Physical Inspection,Audit,1,41.19,Medium,2,0,True,0,1,,,,False,False,False,False,198723.0,,198723.0,163058785.37,,2024-12-21,2025-07-15,,,,0,0.0,0,None,68.65,0.0,71.1,No material anomaly signal detected.,Completed,RUN-20261008-254699
WS/MP18101/2024-2025/149028,V41,Madhya Pradesh,DAMOH,RAHUL SINGH LODHI,Normal/Others,198723.0,Physical Inspection,Audit,1,41.19,Medium,2,0,True,0,1,,,,False,False,False,False,198723.0,,198723.0,163058785.37,,2025-01-17,2025-02-06,,,,0,0.0,0,None,68.65,0.0,71.1,No material anomaly signal detected.,Completed,RUN-20261008-254699
WS/MP18101/2024-2025/149031,V41,Madhya Pradesh,DAMOH,RAHUL SINGH LODHI,Normal/Others,198723.0,Physical Inspection,Audit,1,41.19,Medium,2,0,True,0,1,,,,False,False,False,False,198723.0,,198723.0,163058785.37,,2025-01-17,2025-02-06,,,,0,0.0,0,None,68.65,0.0,71.1,No material anomaly signal detected.,Completed,RUN-20261008-254699
WS/MP18101/2024-2025/149038,V41,Madhya Pradesh,DAMOH,RAHUL SINGH LODHI,Normal/Others,198723.0,Physical Inspection,Audit,1,41.19,Medium,2,0,True,0,1,,,,False,False,False,False,198723.0,,198723.0,163058785.37,,2025-01-17,2025-02-06,,,,0,0.0,0,None,68.65,0.0,71.1,No material anomaly signal detected.,Completed,RUN-20261008-254699
WS/MP18101/2024-2025/149377,V41,Madhya Pradesh,DAMOH,RAHUL SINGH LODHI,Normal/Others,198723.0,Physical Inspection,Audit,1,41.19,Medium,2,0,True,0,1,,,,False,False,False,False,198723.0,,198723.0,163058785.37,,2025-01-17,2025-02-06,,,,0,0.0,0,None,68.65,0.0,71.1,No material anomaly signal detected.,Completed,RUN-20261008-254699
WS/MP18101/2024-2025/149034,V41,Madhya Pradesh,DAMOH,RAHUL SINGH LODHI,Normal/Others,198723.0,Physical Inspection,Audit,1,41.19,Medium,2,0,True,0,1,,,,False,False,False,False,198723.0,,198723.0,163058785.37,,2025-01-17,2025-02-06,,,,0,0.0,0,None,68.65,0.0,71.1,No material anomaly signal detected.,Completed,RUN-20261008-254699
WS/MP641/2024-2025/147807,V41,Madhya Pradesh,KHARGONE(ST),Gajendra Singh Patel,Normal/Others,166026.0,Physical Inspection,Audit,1,41.05,Medium,2,0,True,0,1,,,,False,False,False,False,166026.0,,166026.0,147000000.0,,2024-10-25,2026-01-22,,,,0,0.0,0,None,68.42,0.0,71.1,No material anomaly signal detected.,Completed,RUN-20261008-254699
WS/MP641/2024-2025/147809,V41,Madhya Pradesh,KHARGONE(ST),Gajendra Singh Patel,Normal/Others,166026.0,Physical Inspection,Audit,1,41.05,Medium,2,0,True,0,1,,,,False,False,False,False,166026.0,,166026.0,147000000.0,,2024-10-25,2026-01-22,,,,0,0.0,0,None,68.42,0.0,71.1,No material anomaly signal detected.,Completed,RUN-20261008-254699
WS/MP641/2024-2025/147810,V41,Madhya Pradesh,KHARGONE(ST),Gajendra Singh Patel,Normal/Others,166026.0,Physical Inspection,Audit,1,41.05,Medium,2,0,True,0,1,,,,False,False,False,False,166026.0,,166026.0,147000000.0,,2024-10-25,2026-01-22,,,,0,0.0,0,None,68.42,0.0,71.1,No material anomaly signal detected.,Completed,RUN-20261008-254699
WS/MP641/2024-2025/147811,V41,Madhya Pradesh,KHARGONE(ST),Gajendra Singh Patel,Normal/Others,166026.0,Physical Inspection,Audit,1,41.05,Medium,2,0,True,0,1,,,,False,False,False,False,166026.0,,166026.0,147000000.0,,2024-10-25,2026-01-22,,,,0,0.0,0,None,68.42,0.0,71.1,No material anomaly signal detected.,Completed,RUN-20261008-254699
WS/MP641/2024-2025/147812,V41,Madhya Pradesh,KHARGONE(ST),Gajendra Singh Patel,Normal/Others,166026.0,Physical Inspection,Audit,1,41.05,Medium,2,0,True,0,1,,,,False,False,False,False,166026.0,,166026.0,147000000.0,,2024-10-25,2026-01-22,,,,0,0.0,0,None,68.42,0.0,71.1,No material anomaly signal detected.,Completed,RUN-20261008-254699
WS/MP641/2024-2025/147815,V41,Madhya Pradesh,KHARGONE(ST),Gajendra Singh Patel,Normal/Others,166026.0,Physical Inspection,Audit,1,41.05,Medium,2,0,True,0,1,,,,False,False,False,False,166026.0,,166026.0,147000000.0,,2024-10-25,2026-03-13,,,,0,0.0,0,None,68.42,0.0,71.1,No material anomaly signal detected.,Completed,RUN-20261008-254699
WS/MP641/2024-2025/147813,V41,Madhya Pradesh,KHARGONE(ST),Gajendra Singh Patel,Normal/Others,166026.0,Physical Inspection,Audit,1,41.05,Medium,2,0,True,0,1,,,,False,False,False,False,166026.0,,166026.0,147000000.0,,2024-10-25,2026-01-22,,,,0,0.0,0,None,68.42,0.0,71.1,No material anomaly signal detected.,Completed,RUN-20261008-254699
WS/MP641/2024-2025/147814,V41,Madhya Pradesh,KHARGONE(ST),Gajendra Singh Patel,Normal/Others,166026.0,Physical Inspection,Audit,1,41.05,Medium,2,0,True,0,1,,,,False,False,False,False,166026.0,,166026.0,147000000.0,,2024-10-25,2026-01-22,,,,0,0.0,0,None,68.42,0.0,71.1,No material anomaly signal detected.,Completed,RUN-20261008-254699
WS/MP641/2024-2025/147816,V41,Madhya Pradesh,KHARGONE(ST),Gajendra Singh Patel,Normal/Others,166026.0,Physical Inspection,Audit,1,41.05,Medium,2,0,True,0,1,,,,False,False,False,False,166026.0,,166026.0,147000000.0,,2024-10-25,2026-03-13,,,,0,0.0,0,None,68.42,0.0,71.1,No material anomaly signal detected.,Completed,RUN-20261008-254699
WS/MP641/2024-2025/147808,V41,Madhya Pradesh,KHARGONE(ST),Gajendra Singh Patel,Normal/Others,166026.0,Physical Inspection,Audit,1,41.05,Medium,2,0,True,0,1,,,,False,False,False,False,166026.0,,166026.0,147000000.0,,2024-10-25,2026-01-22,,,,0,0.0,0,None,68.42,0.0,71.1,No material anomaly signal detected.,Completed,RUN-20261008-254699
WS/MP18101/2024-2025/148985,V41,Madhya Pradesh,DAMOH,RAHUL SINGH LODHI,Normal/Others,198724.0,Physical Inspection,Audit,1,40.96,Medium,2,0,True,0,1,,,,False,False,False,False,198724.0,,198724.0,163058785.37,,2024-12-02,2024-12-23,,,,0,0.0,0,None,68.27,0.0,71.1,No material anomaly signal detected.,Completed,RUN-20261008-254699
WS/MP18101/2024-2025/148977,V41,Madhya Pradesh,DAMOH,RAHUL SINGH LODHI,Normal/Others,198724.0,Physical Inspection,Audit,1,40.96,Medium,2,0,True,0,1,,,,False,False,False,False,198724.0,,198724.0,163058785.37,,2024-12-02,2024-12-23,,,,0,0.0,0,None,68.27,0.0,71.1,No material anomaly signal detected.,Completed,RUN-20261008-254699
WS/MP18101/2024-2025/148978,V41,Madhya Pradesh,DAMOH,RAHUL SINGH LODHI,Normal/Others,198724.0,Physical Inspection,Audit,1,40.96,Medium,2,0,True,0,1,,,,False,False,False,False,198724.0,,198724.0,163058785.37,,2024-12-02,2024-12-23,,,,0,0.0,0,None,68.27,0.0,71.1,No material anomaly signal detected.,Completed,RUN-20261008-254699
WS/MP18101/2024-2025/148982,V41,Madhya Pradesh,DAMOH,RAHUL SINGH LODHI,Normal/Others,198724.0,Physical Inspection,Audit,1,40.96,Medium,2,0,True,0,1,,,,False,False,False,False,198724.0,,198724.0,163058785.37,,2024-12-02,2024-12-23,,,,0,0.0,0,None,68.27,0.0,71.1,No material anomaly signal detected.,Completed,RUN-20261008-254699
WS/MP18101/2024-2025/148967,V41,Madhya Pradesh,DAMOH,RAHUL SINGH LODHI,Normal/Others,198724.0,Physical Inspection,Audit,1,40.96,Medium,2,0,True,0,1,,,,False,False,False,False,198724.0,,198724.0,163058785.37,,2024-12-02,2024-12-23,,,,0,0.0,0,None,68.27,0.0,71.1,No material anomaly signal detected.,Completed,RUN-20261008-254699
WS/MP18375/2026-2027/286830,V41,,,,,,,Early-Warning,0,40.33,Medium,2,0,False,0,0,,,,False,False,False,False,,250000.0,,,,,,2026-08-03,,abhibhashak sangh goharganj,1,250000.0,0,None,67.22,0.0,66.3,No material anomaly signal detected.,Under Implementation,RUN-20261008-254699
WS/MP18103/2026-2027/288920,V41,,,,,,,Early-Warning,0,40.33,Medium,2,0,False,0,0,,,,False,False,False,False,,250000.0,,,,,,2026-07-31,,Gram Panchayat Talbhev,1,250000.0,0,None,67.22,0.0,66.3,No material anomaly signal detected.,Under Implementation,RUN-20261008-254699
WS/MP18102/2026-2027/286998,V41,,,,,,,Early-Warning,0,40.33,Medium,2,0,False,0,0,,,,False,False,False,False,,250000.0,,,,,,2026-08-27,,Gram Panchayat Kapasthal janpad Panchayat sardarpur,1,250000.0,0,None,67.22,0.0,66.3,No material anomaly signal detected.,Under Implementation,RUN-20261008-254699
WS/MP18103/2026-2027/285484,V41,,,,,,,Early-Warning,0,40.33,Medium,2,0,False,0,0,,,,False,False,False,False,,250000.0,,,,,,2026-08-14,,GP DUBAHA,1,250000.0,0,None,67.22,0.0,66.3,No material anomaly signal detected.,Under Implementation,RUN-20261008-254699
WS/MP18103/2026-2027/286173,V41,,,,,,,Early-Warning,0,40.33,Medium,2,0,False,0,0,,,,False,False,False,False,,250000.0,,,,,,2026-07-23,,Gram Panchayat Kaikhoda,1,250000.0,0,None,67.22,0.0,66.3,No material anomaly signal detected.,Under Implementation,RUN-20261008-254699
WS/MP18103/2026-2027/286520,V41,,,,,,,Early-Warning,0,40.33,Medium,2,0,False,0,0,,,,False,False,False,False,,250000.0,,,,,,2026-08-06,,Gram Panchayat Khudawali,1,250000.0,0,None,67.22,0.0,66.3,No material anomaly signal detected.,Under Implementation,RUN-20261008-254699
WS/MP18103/2026-2027/286528,V41,,,,,,,Early-Warning,0,40.33,Medium,2,0,False,0,0,,,,False,False,False,False,,250000.0,,,,,,2026-07-30,,GRAM PANCHAYAT KHARAIDAVAR,1,250000.0,0,None,67.22,0.0,66.3,No material anomaly signal detected.,Under Implementation,RUN-20261008-254699
WS/MP18103/2026-2027/286542,V41,,,,,,,Early-Warning,0,40.33,Medium,2,0,False,0,0,,,,False,False,False,False,,250000.0,,,,,,2026-07-30,,GRAM PANCHAYAT BAMRA,1,250000.0,0,None,67.22,0.0,66.3,No material anomaly signal detected.,Under Implementation,RUN-20261008-254699
WS/MP18103/2026-2027/286982,V41,,,,,,,Early-Warning,0,40.33,Medium,2,0,False,0,0,,,,False,False,False,False,,250000.0,,,,,,2026-08-10,,GRAM PANCHAYAT SALODA,1,250000.0,0,None,67.22,0.0,66.3,No material anomaly signal detected.,Under Implementation,RUN-20261008-254699
WS/MP18103/2026-2027/288095,V41,,,,,,,Early-Warning,0,40.33,Medium,2,0,False,0,0,,,,False,False,False,False,,250000.0,,,,,,2026-08-06,,GRAM PANCHAYAT CHARCH,1,250000.0,0,None,67.22,0.0,66.3,No material anomaly signal detected.,Under Implementation,RUN-20261008-254699
WS/MP18103/2026-2027/288864,V41,,,,,,,Early-Warning,0,40.33,Medium,2,0,False,0,0,,,,False,False,False,False,,250000.0,,,,,,2026-07-30,,GRAM PANCHAYAT GHATAI,1,250000.0,0,None,67.22,0.0,66.3,No material anomaly signal detected.,Under Implementation,RUN-20261008-254699
WS/MP18103/2026-2027/288868,V41,,,,,,,Early-Warning,0,40.33,Medium,2,0,False,0,0,,,,False,False,False,False,,250000.0,,,,,,2026-08-13,,Gram Panchayat Kathegra,1,250000.0,0,None,67.22,0.0,66.3,No material anomaly signal detected.,Under Implementation,RUN-20261008-254699
WS/MP18103/2026-2027/288880,V41,,,,,,,Early-Warning,0,40.33,Medium,2,0,False,0,0,,,,False,False,False,False,,250000.0,,,,,,2026-08-01,,GRAM PANCHAYAT FULIPURA,1,250000.0,0,None,67.22,0.0,66.3,No material anomaly signal detected.,Under Implementation,RUN-20261008-254699
WS/MP18103/2026-2027/288882,V41,,,,,,,Early-Warning,0,40.33,Medium,2,0,False,0,0,,,,False,False,False,False,,250000.0,,,,,,2026-07-26,,GramPanchayat Bahgavan,1,250000.0,0,None,67.22,0.0,66.3,No material anomaly signal detected.,Under Implementation,RUN-20261008-254699
WS/MP18103/2026-2027/288891,V41,,,,,,,Early-Warning,0,40.33,Medium,2,0,False,0,0,,,,False,False,False,False,,250000.0,,,,,,2026-07-23,,Gram Panchayat Sonhar,1,250000.0,0,None,67.22,0.0,66.3,No material anomaly signal detected.,Under Implementation,RUN-20261008-254699
WS/MP18103/2026-2027/288910,V41,,,,,,,Early-Warning,0,40.33,Medium,2,0,False,0,0,,,,False,False,False,False,,250000.0,,,,,,2026-07-30,,Gram Panchayat Jaitpur,1,250000.0,0,None,67.22,0.0,66.3,No material anomaly signal detected.,Under Implementation,RUN-20261008-254699
WS/MP18103/2026-2027/296135,V41,,,,,,,Early-Warning,0,40.33,Medium,2,0,False,0,0,,,,False,False,False,False,,250000.0,,,,,,2026-07-30,,GRAM PANCHAYAT RAIPUR,1,250000.0,0,None,67.22,0.0,66.3,No material anomaly signal detected.,Under Implementation,RUN-20261008-254699
WS/MP18103/2026-2027/295298,V41,,,,,,,Early-Warning,0,40.33,Medium,2,0,False,0,0,,,,False,False,False,False,,250000.0,,,,,,2026-08-12,,Gram Panchayat Chakrampur,1,250000.0,0,None,67.22,0.0,66.3,No material anomaly signal detected.,Under Implementation,RUN-20261008-254699
WS/MP18102/2026-2027/287005,V41,,,,,,,Early-Warning,0,40.33,Medium,2,0,False,0,0,,,,False,False,False,False,,250000.0,,,,,,2026-08-27,,Gram Panchayat Sundrel J P Dharmpuri Dhar,1,250000.0,0,None,67.22,0.0,66.3,No material anomaly signal detected.,Under Implementation,RUN-20261008-254699
WS/MP18103/2026-2027/288923,V41,,,,,,,Early-Warning,0,40.33,Medium,2,0,False,0,0,,,,False,False,False,False,,250000.0,,,,,,2026-07-26,,Gram Panchayat Barkhadi,1,250000.0,0,None,67.22,0.0,66.3,No material anomaly signal detected.,Under Implementation,RUN-20261008-254699
WS/MP18102/2025-2026/182464,V41,,,,,,,Early-Warning,0,40.33,Medium,2,0,False,0,0,,,,False,False,False,False,,250000.0,,,,,,2026-08-24,,GRAM PANCHAYAT PATHAMOTI JANPAD PANCHAYAT UMARBAN,1,250000.0,0,None,67.22,0.0,66.3,No material anomaly signal detected.,Under Implementation,RUN-20261008-254699
WS/MP356/2026-2027/294976,V41,,,,,,,Early-Warning,0,40.01,Medium,2,0,False,0,0,,,,False,False,True,False,,125000.0,,,,,,2026-08-27,,CEO JANPAD PANCHAYAT SITAMAU,6,575000.0,1,Suspicious Vendor,61.09,8.4,66.3,vendor has high project concentration,Under Implementation,RUN-20261008-254699
WS/MP18104/2025-2026/152189,V41,Madhya Pradesh,HOSHANGABAD,DARSHAN SINGH CHOUDHARY,Normal/Others,95000.0,Physical Inspection,Audit,1,39.97,Medium,2,0,True,0,1,,,,False,False,False,False,95000.0,,95000.0,147000000.0,,2025-04-21,2026-01-27,,,,0,0.0,0,None,66.62,0.0,71.1,No material anomaly signal detected.,Completed,RUN-20261008-254699
WS/MP18104/2025-2026/152325,V41,Madhya Pradesh,HOSHANGABAD,DARSHAN SINGH CHOUDHARY,Normal/Others,95000.0,Physical Inspection,Audit,1,39.97,Medium,2,0,True,0,1,,,,False,False,False,False,95000.0,,95000.0,147000000.0,,2025-04-23,2026-01-19,,,,0,0.0,0,None,66.62,0.0,71.1,No material anomaly signal detected.,Completed,RUN-20261008-254699
WS/MP18104/2025-2026/152324,V41,Madhya Pradesh,HOSHANGABAD,DARSHAN SINGH CHOUDHARY,Normal/Others,95000.0,Physical Inspection,Audit,1,39.97,Medium,2,0,True,0,1,,,,False,False,False,False,95000.0,,95000.0,147000000.0,,2025-04-23,2026-01-27,,,,0,0.0,0,None,66.62,0.0,71.1,No material anomaly signal detected.,Completed,RUN-20261008-254699
WS/MP18104/2025-2026/152192,V41,Madhya Pradesh,HOSHANGABAD,DARSHAN SINGH CHOUDHARY,Normal/Others,95000.0,Physical Inspection,Audit,1,39.97,Medium,2,0,True,0,1,,,,False,False,False,False,95000.0,,95000.0,147000000.0,,2025-04-23,2026-01-27,,,,0,0.0,0,None,66.62,0.0,71.1,No material anomaly signal detected.,Completed,RUN-20261008-254699
WS/MP18104/2025-2026/152329,V41,Madhya Pradesh,HOSHANGABAD,DARSHAN SINGH CHOUDHARY,Normal/Others,95000.0,Physical Inspection,Audit,1,39.97,Medium,2,0,True,0,1,,,,False,False,False,False,95000.0,,95000.0,147000000.0,,2025-04-23,2026-01-27,,,,0,0.0,0,None,66.62,0.0,71.1,No material anomaly signal detected.,Completed,RUN-20261008-254699
WS/MP18104/2025-2026/152328,V41,Madhya Pradesh,HOSHANGABAD,DARSHAN SINGH CHOUDHARY,Normal/Others,95000.0,Physical Inspection,Audit,1,39.97,Medium,2,0,True,0,1,,,,False,False,False,False,95000.0,,95000.0,147000000.0,,2025-04-23,2026-01-20,,,,0,0.0,0,None,66.62,0.0,71.1,No material anomaly signal detected.,Completed,RUN-20261008-254699
WS/MP18104/2025-2026/152327,V41,Madhya Pradesh,HOSHANGABAD,DARSHAN SINGH CHOUDHARY,Normal/Others,95000.0,Physical Inspection,Audit,1,39.97,Medium,2,0,True,0,1,,,,False,False,False,False,95000.0,,95000.0,147000000.0,,2025-04-23,2026-01-19,,,,0,0.0,0,None,66.62,0.0,71.1,No material anomaly signal detected.,Completed,RUN-20261008-254699
WS/MP18104/2025-2026/152326,V41,Madhya Pradesh,HOSHANGABAD,DARSHAN SINGH CHOUDHARY,Normal/Others,95000.0,Physical Inspection,Audit,1,39.97,Medium,2,0,True,0,1,,,,False,False,False,False,95000.0,,95000.0,147000000.0,,2025-04-23,2026-01-22,,,,0,0.0,0,None,66.62,0.0,71.1,No material anomaly signal detected.,Completed,RUN-20261008-254699
WS/MP18104/2025-2026/152188,V41,Madhya Pradesh,HOSHANGABAD,DARSHAN SINGH CHOUDHARY,Normal/Others,95000.0,Physical Inspection,Audit,1,39.97,Medium,2,0,True,0,1,,,,False,False,False,False,95000.0,,95000.0,147000000.0,,2025-04-23,2026-01-19,,,,0,0.0,0,None,66.62,0.0,71.1,No material anomaly signal detected.,Completed,RUN-20261008-254699
WS/MP18104/2025-2026/152187,V41,Madhya Pradesh,HOSHANGABAD,DARSHAN SINGH CHOUDHARY,Normal/Others,95000.0,Physical Inspection,Audit,1,39.97,Medium,2,0,True,0,1,,,,False,False,False,False,95000.0,,95000.0,147000000.0,,2025-04-23,2026-01-19,,,,0,0.0,0,None,66.62,0.0,71.1,No material anomaly signal detected.,Completed,RUN-20261008-254699
WS/MP641/2025-2026/147761,V41,Madhya Pradesh,KHARGONE(ST),Gajendra Singh Patel,Normal/Others,200000.0,Vendor Identification,Early-Warning,0,39.55,Medium,1,0,True,0,1,,,,False,False,False,False,200000.0,,,147000000.0,,2025-04-12,,,,,0,0.0,0,None,65.92,0.0,71.1,No material anomaly signal detected.,Under Implementation,RUN-20261008-254699
WS/MP641/2025-2026/147758,V41,Madhya Pradesh,KHARGONE(ST),Gajendra Singh Patel,Normal/Others,200000.0,Vendor Identification,Early-Warning,0,39.55,Medium,1,0,True,0,1,,,,False,False,False,False,200000.0,,,147000000.0,,2025-04-12,,,,,0,0.0,0,None,65.92,0.0,71.1,No material anomaly signal detected.,Under Implementation,RUN-20261008-254699
WS/MP641/2025-2026/147403,V41,Madhya Pradesh,KHARGONE(ST),Gajendra Singh Patel,Normal/Others,200000.0,Work partially Completed,Audit,1,39.55,Medium,1,0,True,0,1,,,,False,False,False,False,200000.0,,,147000000.0,,2025-09-01,,,,,0,0.0,0,None,65.92,0.0,71.1,No material anomaly signal detected.,Completed,RUN-20261008-254699
WS/MP641/2024-2025/150917,V41,Madhya Pradesh,KHARGONE(ST),Gajendra Singh Patel,Normal/Others,200000.0,Work partially Completed,Audit,1,39.55,Medium,1,0,True,0,1,,,,False,False,False,False,200000.0,,,147000000.0,,2024-12-24,,,,,0,0.0,0,None,65.92,0.0,71.1,No material anomaly signal detected.,Completed,RUN-20261008-254699
WS/MP18104/2025-2026/152335,V41,Madhya Pradesh,HOSHANGABAD,DARSHAN SINGH CHOUDHARY,Normal/Others,100000.0,Work partially Completed,Audit,1,39.4,Medium,1,0,True,0,1,,,,False,False,False,False,100000.0,,,147000000.0,,2025-09-22,,,,,0,0.0,0,None,65.67,0.0,71.1,No material anomaly signal detected.,Completed,RUN-20261008-254699
WS/MP18104/2025-2026/152331,V41,Madhya Pradesh,HOSHANGABAD,DARSHAN SINGH CHOUDHARY,Normal/Others,105000.0,Vendor Identification,Early-Warning,0,39.37,Medium,1,0,True,0,1,,,,False,False,False,False,105000.0,,,147000000.0,,2025-11-25,,,,,0,0.0,0,None,65.62,0.0,71.1,No material anomaly signal detected.,Under Implementation,RUN-20261008-254699
WS/MP18104/2025-2026/152190,V41,Madhya Pradesh,HOSHANGABAD,DARSHAN SINGH CHOUDHARY,Normal/Others,115000.0,Vendor Identification,Early-Warning,0,39.21,Medium,1,0,True,0,1,,,,False,False,False,False,115000.0,,,147000000.0,,2025-04-23,,,,,0,0.0,0,None,65.35,0.0,71.1,No material anomaly signal detected.,Under Implementation,RUN-20261008-254699
WS/MP18357/2025-2026/177246,V41,Madhya Pradesh,GUNA,JYOTIRADITYA M. SCINDIA,Normal/Others,,,Audit,1,38.19,Medium,1,0,True,0,0,,,,False,False,False,False,,,999555.0,147000000.0,,,2026-04-16,,,,0,0.0,0,None,63.65,0.0,63.9,No material anomaly signal detected.,Completed,RUN-20261008-254699
WS/MP18357/2024-2025/168726,V41,Madhya Pradesh,GUNA,JYOTIRADITYA M. SCINDIA,Normal/Others,,,Audit,1,38.19,Medium,1,0,True,0,0,,,,False,False,False,False,,,1000000.0,147000000.0,,,2025-03-11,,,,0,0.0,0,None,63.65,0.0,63.9,No material anomaly signal detected.,Completed,RUN-20261008-254699
WS/MP18357/2025-2026/177243,V41,Madhya Pradesh,GUNA,JYOTIRADITYA M. SCINDIA,Normal/Others,,,Audit,1,38.19,Medium,1,0,True,0,0,,,,False,False,False,False,,,998267.0,147000000.0,,,2026-04-16,,,,0,0.0,0,None,63.65,0.0,63.9,No material anomaly signal detected.,Completed,RUN-20261008-254699
WS/MP18357/2025-2026/199891,V41,Madhya Pradesh,GUNA,JYOTIRADITYA M. SCINDIA,Normal/Others,,,Audit,1,38.19,Medium,1,0,True,0,0,,,,False,False,False,False,,,996291.0,147000000.0,,,2026-08-19,,,,0,0.0,0,None,63.65,0.0,63.9,No material anomaly signal detected.,Completed,RUN-20261008-254699
WS/MP18357/2025-2026/177244,V41,Madhya Pradesh,GUNA,JYOTIRADITYA M. SCINDIA,Normal/Others,,,Audit,1,38.19,Medium,1,0,True,0,0,,,,False,False,False,False,,,1000000.0,147000000.0,,,2026-04-16,,,,0,0.0,0,None,63.65,0.0,63.9,No material anomaly signal detected.,Completed,RUN-20261008-254699
WS/MP18357/2025-2026/199890,V41,Madhya Pradesh,GUNA,JYOTIRADITYA M. SCINDIA,Normal/Others,,,Audit,1,38.19,Medium,1,0,True,0,0,,,,False,False,False,False,,,998910.0,147000000.0,,,2026-03-31,,,,0,0.0,0,None,63.65,0.0,63.9,No material anomaly signal detected.,Completed,RUN-20261008-254699
WS/MP18357/2025-2026/199888,V41,Madhya Pradesh,GUNA,JYOTIRADITYA M. SCINDIA,Normal/Others,,,Audit,1,38.19,Medium,1,0,True,0,0,,,,False,False,False,False,,,997937.0,147000000.0,,,2026-08-14,,,,0,0.0,0,None,63.65,0.0,63.9,No material anomaly signal detected.,Completed,RUN-20261008-254699
WS/MP18357/2024-2025/160266,V41,Madhya Pradesh,GUNA,JYOTIRADITYA M. SCINDIA,Normal/Others,,,Audit,1,38.19,Medium,1,0,True,0,0,,,,False,False,False,False,,,3184764.0,147000000.0,,,2025-02-27,,,,0,0.0,0,None,63.65,0.0,63.9,No material anomaly signal detected.,Completed,RUN-20261008-254699
WS/MP18357/2025-2026/177250,V41,Madhya Pradesh,GUNA,JYOTIRADITYA M. SCINDIA,Normal/Others,,,Audit,1,38.19,Medium,1,0,True,0,0,,,,False,False,False,False,,,999971.0,147000000.0,,,2026-03-26,,,,0,0.0,0,None,63.65,0.0,63.9,No material anomaly signal detected.,Completed,RUN-20261008-254699
WS/MP18357/2025-2026/177252,V41,Madhya Pradesh,GUNA,JYOTIRADITYA M. SCINDIA,Normal/Others,,,Audit,1,38.19,Medium,1,0,True,0,0,,,,False,False,False,False,,,999305.0,147000000.0,,,2026-04-13,,,,0,0.0,0,None,63.65,0.0,63.9,No material anomaly signal detected.,Completed,RUN-20261008-254699
WS/MP18357/2025-2026/199886,V41,Madhya Pradesh,GUNA,JYOTIRADITYA M. SCINDIA,Normal/Others,,,Audit,1,38.19,Medium,1,0,True,0,0,,,,False,False,False,False,,,1000000.0,147000000.0,,,2026-01-20,,,,0,0.0,0,None,63.65,0.0,63.9,No material anomaly signal detected.,Completed,RUN-20261008-254699
WS/MP18357/2025-2026/177248,V41,Madhya Pradesh,GUNA,JYOTIRADITYA M. SCINDIA,Normal/Others,,,Audit,1,38.19,Medium,1,0,True,0,0,,,,False,False,False,False,,,999500.0,147000000.0,,,2026-02-06,,,,0,0.0,0,None,63.65,0.0,63.9,No material anomaly signal detected.,Completed,RUN-20261008-254699
WS/MP18357/2024-2025/160268,V41,Madhya Pradesh,GUNA,JYOTIRADITYA M. SCINDIA,Normal/Others,,,Audit,1,38.19,Medium,1,0,True,0,0,,,,False,False,False,False,,,1000000.0,147000000.0,,,2025-06-23,,,,0,0.0,0,None,63.65,0.0,63.9,No material anomaly signal detected.,Completed,RUN-20261008-254699
WS/MP18357/2024-2025/161988,V41,Madhya Pradesh,GUNA,JYOTIRADITYA M. SCINDIA,Normal/Others,,,Audit,1,38.19,Medium,1,0,True,0,0,,,,False,False,False,False,,,1000000.0,147000000.0,,,2025-06-17,,,,0,0.0,0,None,63.65,0.0,63.9,No material anomaly signal detected.,Completed,RUN-20261008-254699
WS/MP18357/2025-2026/181410,V41,Madhya Pradesh,GUNA,JYOTIRADITYA M. SCINDIA,Normal/Others,,,Audit,1,38.19,Medium,1,0,True,0,0,,,,False,False,False,False,,,1000000.0,147000000.0,,,2025-08-26,,,,0,0.0,0,None,63.65,0.0,63.9,No material anomaly signal detected.,Completed,RUN-20261008-254699
WS/MP18357/2025-2026/177249,V41,Madhya Pradesh,GUNA,JYOTIRADITYA M. SCINDIA,Normal/Others,,,Audit,1,38.19,Medium,1,0,True,0,0,,,,False,False,False,False,,,999836.0,147000000.0,,,2026-03-26,,,,0,0.0,0,None,63.65,0.0,63.9,No material anomaly signal detected.,Completed,RUN-20261008-254699
WS/MP18357/2024-2025/161989,V41,Madhya Pradesh,GUNA,JYOTIRADITYA M. SCINDIA,Normal/Others,,,Audit,1,38.19,Medium,1,0,True,0,0,,,,False,False,False,False,,,999722.0,147000000.0,,,2025-10-31,,,,0,0.0,0,None,63.65,0.0,63.9,No material anomaly signal detected.,Completed,RUN-20261008-254699
WS/MP18357/2024-2025/161990,V41,Madhya Pradesh,GUNA,JYOTIRADITYA M. SCINDIA,Normal/Others,,,Audit,1,38.19,Medium,1,0,True,0,0,,,,False,False,False,False,,,1000000.0,147000000.0,,,2025-03-07,,,,0,0.0,0,None,63.65,0.0,63.9,No material anomaly signal detected.,Completed,RUN-20261008-254699
WS/MP18357/2025-2026/181069,V41,Madhya Pradesh,GUNA,JYOTIRADITYA M. SCINDIA,Normal/Others,,,Audit,1,38.19,Medium,1,0,True,0,0,,,,False,False,False,False,,,1608206.0,147000000.0,,,2025-05-21,,,,0,0.0,0,None,63.65,0.0,63.9,No material anomaly signal detected.,Completed,RUN-20261008-254699
WS/MP18357/2025-2026/181396,V41,Madhya Pradesh,GUNA,JYOTIRADITYA M. SCINDIA,Normal/Others,,,Audit,1,38.19,Medium,1,0,True,0,0,,,,False,False,False,False,,,1000000.0,147000000.0,,,2026-03-06,,,,0,0.0,0,None,63.65,0.0,63.9,No material anomaly signal detected.,Completed,RUN-20261008-254699
WS/MP18357/2025-2026/199887,V41,Madhya Pradesh,GUNA,JYOTIRADITYA M. SCINDIA,Normal/Others,,,Audit,1,38.19,Medium,1,0,True,0,0,,,,False,False,False,False,,,1000000.0,147000000.0,,,2026-08-16,,,,0,0.0,0,None,63.65,0.0,63.9,No material anomaly signal detected.,Completed,RUN-20261008-254699
WS/MP18357/2025-2026/181424,V41,Madhya Pradesh,GUNA,JYOTIRADITYA M. SCINDIA,Normal/Others,,,Audit,1,38.19,Medium,1,0,True,0,0,,,,False,False,False,False,,,1000000.0,147000000.0,,,2026-03-06,,,,0,0.0,0,None,63.65,0.0,63.9,No material anomaly signal detected.,Completed,RUN-20261008-254699
WS/MP18357/2025-2026/225305,V41,Madhya Pradesh,GUNA,JYOTIRADITYA M. SCINDIA,Normal/Others,,,Audit,1,38.19,Medium,1,0,True,0,0,,,,False,False,False,False,,,2998148.0,147000000.0,,,2026-03-31,,,,0,0.0,0,None,63.65,0.0,63.9,No material anomaly signal detected.,Completed,RUN-20261008-254699
WS/MP18357/2025-2026/199885,V41,Madhya Pradesh,GUNA,JYOTIRADITYA M. SCINDIA,Normal/Others,,,Audit,1,38.19,Medium,1,0,True,0,0,,,,False,False,False,False,,,1000000.0,147000000.0,,,2026-04-10,,,,0,0.0,0,None,63.65,0.0,63.9,No material anomaly signal detected.,Completed,RUN-20261008-254699
WS/MP18357/2025-2026/199884,V41,Madhya Pradesh,GUNA,JYOTIRADITYA M. SCINDIA,Normal/Others,,,Audit,1,38.19,Medium,1,0,True,0,0,,,,False,False,False,False,,,997056.0,147000000.0,,,2026-03-13,,,,0,0.0,0,None,63.65,0.0,63.9,No material anomaly signal detected.,Completed,RUN-20261008-254699
WS/MP18357/2025-2026/199882,V41,Madhya Pradesh,GUNA,JYOTIRADITYA M. SCINDIA,Normal/Others,,,Audit,1,38.19,Medium,1,0,True,0,0,,,,False,False,False,False,,,999229.0,147000000.0,,,2026-03-02,,,,0,0.0,0,None,63.65,0.0,63.9,No material anomaly signal detected.,Completed,RUN-20261008-254699
WS/MP18357/2025-2026/191785,V41,Madhya Pradesh,GUNA,JYOTIRADITYA M. SCINDIA,Normal/Others,,,Audit,1,38.19,Medium,1,0,True,0,0,,,,False,False,False,False,,,998328.0,147000000.0,,,2025-12-08,,,,0,0.0,0,None,63.65,0.0,63.9,No material anomaly signal detected.,Completed,RUN-20261008-254699
WS/MP356/2025-2026/145730,V41,Madhya Pradesh,MANDSOUR,Shri Sudheer Gupta,Normal/Others,150000.0,Physical Inspection,Audit,1,37.84,Medium,2,0,True,0,1,,,,False,False,False,False,150000.0,,150000.0,148988014.83,,2025-06-27,2026-01-23,,,,0,0.0,0,None,63.07,0.0,71.1,No material anomaly signal detected.,Completed,RUN-20261008-254699
WS/MP18104/2025-2026/152185,V41,Madhya Pradesh,HOSHANGABAD,DARSHAN SINGH CHOUDHARY,Normal/Others,150000.0,Vendor Identification,Early-Warning,0,37.81,Medium,1,0,True,0,1,,,,False,False,False,False,150000.0,,,147000000.0,,2025-08-28,,,,,0,0.0,0,None,63.01,0.0,71.1,No material anomaly signal detected.,Under Implementation,RUN-20261008-254699
WS/MP18102/2024-2025/152108,V41,Madhya Pradesh,DHAR(ST),SAVITRI THAKUR,Normal/Others,166026.0,Physical Inspection,Audit,1,37.59,Medium,2,0,True,0,1,,,,False,False,False,False,166026.0,,166026.0,147000000.0,,2024-12-24,2025-08-05,,,,0,0.0,0,None,62.65,0.0,71.1,No material anomaly signal detected.,Completed,RUN-20261008-254699
WS/MP18102/2024-2025/152109,V41,Madhya Pradesh,DHAR(ST),SAVITRI THAKUR,Normal/Others,166026.0,Physical Inspection,Audit,1,37.59,Medium,2,0,True,0,1,,,,False,False,False,False,166026.0,,166026.0,147000000.0,,2024-12-24,2025-08-05,,,,0,0.0,0,None,62.65,0.0,71.1,No material anomaly signal detected.,Completed,RUN-20261008-254699
WS/MP18102/2024-2025/152111,V41,Madhya Pradesh,DHAR(ST),SAVITRI THAKUR,Normal/Others,166026.0,Physical Inspection,Audit,1,37.59,Medium,2,0,True,0,1,,,,False,False,False,False,166026.0,,166026.0,147000000.0,,2024-12-24,2025-08-05,,,,0,0.0,0,None,62.65,0.0,71.1,No material anomaly signal detected.,Completed,RUN-20261008-254699
WS/MP18102/2024-2025/152112,V41,Madhya Pradesh,DHAR(ST),SAVITRI THAKUR,Normal/Others,166026.0,Physical Inspection,Audit,1,37.59,Medium,2,0,True,0,1,,,,False,False,False,False,166026.0,,166026.0,147000000.0,,2024-12-24,2025-08-05,,,,0,0.0,0,None,62.65,0.0,71.1,No material anomaly signal detected.,Completed,RUN-20261008-254699
WS/MP18102/2024-2025/152114,V41,Madhya Pradesh,DHAR(ST),SAVITRI THAKUR,Normal/Others,166026.0,Physical Inspection,Audit,1,37.59,Medium,2,0,True,0,1,,,,False,False,False,False,166026.0,,166026.0,147000000.0,,2024-12-24,2025-08-05,,,,0,0.0,0,None,62.65,0.0,71.1,No material anomaly signal detected.,Completed,RUN-20261008-254699
WS/MP18102/2024-2025/152121,V41,Madhya Pradesh,DHAR(ST),SAVITRI THAKUR,Normal/Others,166026.0,Physical Inspection,Audit,1,37.59,Medium,2,0,True,0,1,,,,False,False,False,False,166026.0,,166026.0,147000000.0,,2024-12-24,2025-08-05,,,,0,0.0,0,None,62.65,0.0,71.1,No material anomaly signal detected.,Completed,RUN-20261008-254699
WS/MP18102/2024-2025/152116,V41,Madhya Pradesh,DHAR(ST),SAVITRI THAKUR,Normal/Others,166026.0,Physical Inspection,Audit,1,37.59,Medium,2,0,True,0,1,,,,False,False,False,False,166026.0,,166026.0,147000000.0,,2024-12-24,2025-08-05,,,,0,0.0,0,None,62.65,0.0,71.1,No material anomaly signal detected.,Completed,RUN-20261008-254699
WS/MP18102/2024-2025/152118,V41,Madhya Pradesh,DHAR(ST),SAVITRI THAKUR,Normal/Others,166026.0,Physical Inspection,Audit,1,37.59,Medium,2,0,True,0,1,,,,False,False,False,False,166026.0,,166026.0,147000000.0,,2024-12-24,2025-08-05,,,,0,0.0,0,None,62.65,0.0,71.1,No material anomaly signal detected.,Completed,RUN-20261008-254699
WS/MP18102/2024-2025/152119,V41,Madhya Pradesh,DHAR(ST),SAVITRI THAKUR,Normal/Others,166026.0,Physical Inspection,Audit,1,37.59,Medium,2,0,True,0,1,,,,False,False,False,False,166026.0,,166026.0,147000000.0,,2024-12-24,2025-08-05,,,,0,0.0,0,None,62.65,0.0,71.1,No material anomaly signal detected.,Completed,RUN-20261008-254699
WS/MP18102/2024-2025/152105,V41,Madhya Pradesh,DHAR(ST),SAVITRI THAKUR,Normal/Others,166026.0,Physical Inspection,Audit,1,37.59,Medium,2,0,True,0,1,,,,False,False,False,False,166026.0,,166026.0,147000000.0,,2024-12-24,2025-08-05,,,,0,0.0,0,None,62.65,0.0,71.1,No material anomaly signal detected.,Completed,RUN-20261008-254699
WS/MP18102/2024-2025/152122,V41,Madhya Pradesh,DHAR(ST),SAVITRI THAKUR,Normal/Others,166026.0,Physical Inspection,Audit,1,37.59,Medium,2,0,True,0,1,,,,False,False,False,False,166026.0,,166026.0,147000000.0,,2024-12-24,2025-08-05,,,,0,0.0,0,None,62.65,0.0,71.1,No material anomaly signal detected.,Completed,RUN-20261008-254699
WS/MP18099/2026-2027/289986,V41,,,,,,,Early-Warning,0,37.59,Medium,2,0,False,0,0,,,,False,False,False,False,,1400000.0,,,,,,2026-07-20,,Khatakhedi,1,1400000.0,0,None,62.65,0.0,66.3,No material anomaly signal detected.,Under Implementation,RUN-20261008-254699
WS/MP18102/2024-2025/152107,V41,Madhya Pradesh,DHAR(ST),SAVITRI THAKUR,Normal/Others,166026.0,Physical Inspection,Audit,1,37.59,Medium,2,0,True,0,1,,,,False,False,False,False,166026.0,,166026.0,147000000.0,,2024-12-24,2025-08-05,,,,0,0.0,0,None,62.65,0.0,71.1,No material anomaly signal detected.,Completed,RUN-20261008-254699
WS/MP18102/2024-2025/152115,V41,Madhya Pradesh,DHAR(ST),SAVITRI THAKUR,Normal/Others,166026.0,Physical Inspection,Audit,1,37.59,Medium,2,0,True,0,1,,,,False,False,False,False,166026.0,,166026.0,147000000.0,,2024-12-24,2025-08-05,,,,0,0.0,0,None,62.65,0.0,71.1,No material anomaly signal detected.,Completed,RUN-20261008-254699
WS/MP18102/2024-2025/152104,V41,Madhya Pradesh,DHAR(ST),SAVITRI THAKUR,Normal/Others,166026.0,Physical Inspection,Audit,1,37.59,Medium,2,0,True,0,1,,,,False,False,False,False,166026.0,,166026.0,147000000.0,,2024-12-24,2025-08-05,,,,0,0.0,0,None,62.65,0.0,71.1,No material anomaly signal detected.,Completed,RUN-20261008-254699
WS/MP638/2025-2026/152378,V41,Madhya Pradesh,TIKAMGARH(SC),Virendra Kumar,Normal/Others,249039.0,Physical Inspection,Audit,1,37.58,Medium,2,0,True,0,1,,,,False,False,False,False,249039.0,,249039.0,147000000.0,,2025-07-18,2025-11-06,,,,0,0.0,0,None,62.64,0.0,71.1,No material anomaly signal detected.,Completed,RUN-20261008-254699
WS/MP18103/2025-2026/242477,V41,Madhya Pradesh,GWALIOR,BHARAT SINGH KUSHWAH,Normal/Others,,,Audit,1,37.54,Medium,1,0,True,0,1,,,,False,False,False,False,,,491425.0,151455276.04,,,2026-04-07,,,,0,0.0,0,None,62.57,0.0,61.5,No material anomaly signal detected.,Completed,RUN-20261008-254699
WS/MP443/2025-2026/142902,V41,Madhya Pradesh,RAJGARH,Rodmal Nagar,Normal/Others,387988.0,Vendor Identification,Early-Warning,0,37.51,Medium,2,0,True,0,0,,,210.0,False,False,False,False,387988.0,,,147000000.0,2024-09-23,2025-04-21,,,,,0,0.0,0,None,62.51,0.0,76.0,No material anomaly signal detected.,Under Implementation,RUN-20261008-254699
WS/MP443/2025-2026/142856,V41,Madhya Pradesh,RAJGARH,Rodmal Nagar,Normal/Others,387988.0,Vendor Identification,Early-Warning,0,37.51,Medium,2,0,True,0,0,,,210.0,False,False,False,False,387988.0,,,147000000.0,2024-09-23,2025-04-21,,,,,0,0.0,0,None,62.51,0.0,76.0,No material anomaly signal detected.,Under Implementation,RUN-20261008-254699
WS/MP443/2025-2026/142854,V41,Madhya Pradesh,RAJGARH,Rodmal Nagar,Normal/Others,387988.0,Vendor Identification,Early-Warning,0,37.51,Medium,2,0,True,0,0,,,210.0,False,False,False,False,387988.0,,,147000000.0,2024-09-23,2025-04-21,,,,,0,0.0,0,None,62.51,0.0,76.0,No material anomaly signal detected.,Under Implementation,RUN-20261008-254699
WS/MP443/2025-2026/142846,V41,Madhya Pradesh,RAJGARH,Rodmal Nagar,Normal/Others,387988.0,Vendor Identification,Early-Warning,0,37.51,Medium,2,0,True,0,0,,,210.0,False,False,False,False,387988.0,,,147000000.0,2024-09-23,2025-04-21,,,,,0,0.0,0,None,62.51,0.0,76.0,No material anomaly signal detected.,Under Implementation,RUN-20261008-254699
WS/MP443/2025-2026/142844,V41,Madhya Pradesh,RAJGARH,Rodmal Nagar,Normal/Others,387988.0,Vendor Identification,Early-Warning,0,37.51,Medium,2,0,True,0,0,,,210.0,False,False,False,False,387988.0,,,147000000.0,2024-09-23,2025-04-21,,,,,0,0.0,0,None,62.51,0.0,76.0,No material anomaly signal detected.,Under Implementation,RUN-20261008-254699
WS/MP443/2025-2026/142842,V41,Madhya Pradesh,RAJGARH,Rodmal Nagar,Normal/Others,387988.0,Vendor Identification,Early-Warning,0,37.51,Medium,2,0,True,0,0,,,210.0,False,False,False,False,387988.0,,,147000000.0,2024-09-23,2025-04-21,,,,,0,0.0,0,None,62.51,0.0,76.0,No material anomaly signal detected.,Under Implementation,RUN-20261008-254699
WS/MP443/2025-2026/142906,V41,Madhya Pradesh,RAJGARH,Rodmal Nagar,Normal/Others,387988.0,Vendor Identification,Early-Warning,0,37.51,Medium,2,0,True,0,0,,,210.0,False,False,False,False,387988.0,,,147000000.0,2024-09-23,2025-04-21,,,,,0,0.0,0,None,62.51,0.0,76.0,No material anomaly signal detected.,Under Implementation,RUN-20261008-254699
WS/MP443/2025-2026/142903,V41,Madhya Pradesh,RAJGARH,Rodmal Nagar,Normal/Others,387988.0,Vendor Identification,Early-Warning,0,37.51,Medium,2,0,True,0,0,,,210.0,False,False,False,False,387988.0,,,147000000.0,2024-09-23,2025-04-21,,,,,0,0.0,0,None,62.51,0.0,76.0,No material anomaly signal detected.,Under Implementation,RUN-20261008-254699
WS/MP443/2025-2026/142865,V41,Madhya Pradesh,RAJGARH,Rodmal Nagar,Normal/Others,387988.0,Vendor Identification,Early-Warning,0,37.51,Medium,2,0,True,0,0,,,210.0,False,False,False,False,387988.0,,,147000000.0,2024-09-23,2025-04-21,,,,,0,0.0,0,None,62.51,0.0,76.0,No material anomaly signal detected.,Under Implementation,RUN-20261008-254699
WS/MP443/2025-2026/142907,V41,Madhya Pradesh,RAJGARH,Rodmal Nagar,Normal/Others,387988.0,Vendor Identification,Early-Warning,0,37.51,Medium,2,0,True,0,0,,,210.0,False,False,False,False,387988.0,,,147000000.0,2024-09-23,2025-04-21,,,,,0,0.0,0,None,62.51,0.0,76.0,No material anomaly signal detected.,Under Implementation,RUN-20261008-254699
WS/MP443/2025-2026/142912,V41,Madhya Pradesh,RAJGARH,Rodmal Nagar,Normal/Others,387988.0,Vendor Identification,Early-Warning,0,37.51,Medium,2,0,True,0,0,,,210.0,False,False,False,False,387988.0,,,147000000.0,2024-09-23,2025-04-21,,,,,0,0.0,0,None,62.51,0.0,76.0,No material anomaly signal detected.,Under Implementation,RUN-20261008-254699
WS/MP443/2025-2026/142909,V41,Madhya Pradesh,RAJGARH,Rodmal Nagar,Normal/Others,387988.0,Vendor Identification,Early-Warning,0,37.51,Medium,2,0,True,0,0,,,210.0,False,False,False,False,387988.0,,,147000000.0,2024-09-23,2025-04-21,,,,,0,0.0,0,None,62.51,0.0,76.0,No material anomaly signal detected.,Under Implementation,RUN-20261008-254699
WS/MP443/2025-2026/142910,V41,Madhya Pradesh,RAJGARH,Rodmal Nagar,Normal/Others,387988.0,Vendor Identification,Early-Warning,0,37.51,Medium,2,0,True,0,0,,,210.0,False,False,False,False,387988.0,,,147000000.0,2024-09-23,2025-04-21,,,,,0,0.0,0,None,62.51,0.0,76.0,No material anomaly signal detected.,Under Implementation,RUN-20261008-254699
WS/MP443/2025-2026/142857,V41,Madhya Pradesh,RAJGARH,Rodmal Nagar,Normal/Others,387988.0,Vendor Identification,Early-Warning,0,37.51,Medium,2,0,True,0,0,,,210.0,False,False,False,False,387988.0,,,147000000.0,2024-09-23,2025-04-21,,,,,0,0.0,0,None,62.51,0.0,76.0,No material anomaly signal detected.,Under Implementation,RUN-20261008-254699
WS/MP443/2025-2026/142858,V41,Madhya Pradesh,RAJGARH,Rodmal Nagar,Normal/Others,387988.0,Vendor Identification,Early-Warning,0,37.51,Medium,2,0,True,0,0,,,210.0,False,False,False,False,387988.0,,,147000000.0,2024-09-23,2025-04-21,,,,,0,0.0,0,None,62.51,0.0,76.0,No material anomaly signal detected.,Under Implementation,RUN-20261008-254699
WS/MP443/2025-2026/142859,V41,Madhya Pradesh,RAJGARH,Rodmal Nagar,Normal/Others,387988.0,Vendor Identification,Early-Warning,0,37.51,Medium,2,0,True,0,0,,,210.0,False,False,False,False,387988.0,,,147000000.0,2024-09-23,2025-04-21,,,,,0,0.0,0,None,62.51,0.0,76.0,No material anomaly signal detected.,Under Implementation,RUN-20261008-254699
WS/MP443/2025-2026/142873,V41,Madhya Pradesh,RAJGARH,Rodmal Nagar,Normal/Others,387988.0,Vendor Identification,Early-Warning,0,37.51,Medium,2,0,True,0,0,,,210.0,False,False,False,False,387988.0,,,147000000.0,2024-09-23,2025-04-21,,,,,0,0.0,0,None,62.51,0.0,76.0,No material anomaly signal detected.,Under Implementation,RUN-20261008-254699
WS/MP443/2025-2026/142866,V41,Madhya Pradesh,RAJGARH,Rodmal Nagar,Normal/Others,387988.0,Vendor Identification,Early-Warning,0,37.51,Medium,2,0,True,0,0,,,210.0,False,False,False,False,387988.0,,,147000000.0,2024-09-23,2025-04-21,,,,,0,0.0,0,None,62.51,0.0,76.0,No material anomaly signal detected.,Under Implementation,RUN-20261008-254699
WS/MP443/2025-2026/142867,V41,Madhya Pradesh,RAJGARH,Rodmal Nagar,Normal/Others,387988.0,Vendor Identification,Early-Warning,0,37.51,Medium,2,0,True,0,0,,,210.0,False,False,False,False,387988.0,,,147000000.0,2024-09-23,2025-04-21,,,,,0,0.0,0,None,62.51,0.0,76.0,No material anomaly signal detected.,Under Implementation,RUN-20261008-254699
WS/MP443/2025-2026/142868,V41,Madhya Pradesh,RAJGARH,Rodmal Nagar,Normal/Others,387988.0,Vendor Identification,Early-Warning,0,37.51,Medium,2,0,True,0,0,,,210.0,False,False,False,False,387988.0,,,147000000.0,2024-09-23,2025-04-21,,,,,0,0.0,0,None,62.51,0.0,76.0,No material anomaly signal detected.,Under Implementation,RUN-20261008-254699
WS/MP443/2025-2026/142870,V41,Madhya Pradesh,RAJGARH,Rodmal Nagar,Normal/Others,387988.0,Vendor Identification,Early-Warning,0,37.51,Medium,2,0,True,0,0,,,210.0,False,False,False,False,387988.0,,,147000000.0,2024-09-23,2025-04-21,,,,,0,0.0,0,None,62.51,0.0,76.0,No material anomaly signal detected.,Under Implementation,RUN-20261008-254699
WS/MP443/2025-2026/142871,V41,Madhya Pradesh,RAJGARH,Rodmal Nagar,Normal/Others,387988.0,Vendor Identification,Early-Warning,0,37.51,Medium,2,0,True,0,0,,,210.0,False,False,False,False,387988.0,,,147000000.0,2024-09-23,2025-04-21,,,,,0,0.0,0,None,62.51,0.0,76.0,No material anomaly signal detected.,Under Implementation,RUN-20261008-254699
WS/MP443/2025-2026/142860,V41,Madhya Pradesh,RAJGARH,Rodmal Nagar,Normal/Others,387988.0,Vendor Identification,Early-Warning,0,37.51,Medium,2,0,True,0,0,,,210.0,False,False,False,False,387988.0,,,147000000.0,2024-09-23,2025-04-21,,,,,0,0.0,0,None,62.51,0.0,76.0,No material anomaly signal detected.,Under Implementation,RUN-20261008-254699
WS/MP443/2025-2026/142872,V41,Madhya Pradesh,RAJGARH,Rodmal Nagar,Normal/Others,387988.0,Vendor Identification,Early-Warning,0,37.51,Medium,2,0,True,0,0,,,210.0,False,False,False,False,387988.0,,,147000000.0,2024-09-23,2025-04-21,,,,,0,0.0,0,None,62.51,0.0,76.0,No material anomaly signal detected.,Under Implementation,RUN-20261008-254699
WS/MP443/2025-2026/142874,V41,Madhya Pradesh,RAJGARH,Rodmal Nagar,Normal/Others,387988.0,Vendor Identification,Early-Warning,0,37.51,Medium,2,0,True,0,0,,,210.0,False,False,False,False,387988.0,,,147000000.0,2024-09-23,2025-04-21,,,,,0,0.0,0,None,62.51,0.0,76.0,No material anomaly signal detected.,Under Implementation,RUN-20261008-254699
WS/MP443/2025-2026/142875,V41,Madhya Pradesh,RAJGARH,Rodmal Nagar,Normal/Others,387988.0,Vendor Identification,Early-Warning,0,37.51,Medium,2,0,True,0,0,,,210.0,False,False,False,False,387988.0,,,147000000.0,2024-09-23,2025-04-21,,,,,0,0.0,0,None,62.51,0.0,76.0,No material anomaly signal detected.,Under Implementation,RUN-20261008-254699
WS/MP443/2025-2026/142876,V41,Madhya Pradesh,RAJGARH,Rodmal Nagar,Normal/Others,387988.0,Vendor Identification,Early-Warning,0,37.51,Medium,2,0,True,0,0,,,210.0,False,False,False,False,387988.0,,,147000000.0,2024-09-23,2025-04-21,,,,,0,0.0,0,None,62.51,0.0,76.0,No material anomaly signal detected.,Under Implementation,RUN-20261008-254699
WS/MP443/2025-2026/142864,V41,Madhya Pradesh,RAJGARH,Rodmal Nagar,Normal/Others,387988.0,Vendor Identification,Early-Warning,0,37.51,Medium,2,0,True,0,0,,,210.0,False,False,False,False,387988.0,,,147000000.0,2024-09-23,2025-04-21,,,,,0,0.0,0,None,62.51,0.0,76.0,No material anomaly signal detected.,Under Implementation,RUN-20261008-254699
WS/MP443/2025-2026/142862,V41,Madhya Pradesh,RAJGARH,Rodmal Nagar,Normal/Others,387988.0,Vendor Identification,Early-Warning,0,37.51,Medium,2,0,True,0,0,,,210.0,False,False,False,False,387988.0,,,147000000.0,2024-09-23,2025-04-21,,,,,0,0.0,0,None,62.51,0.0,76.0,No material anomaly signal detected.,Under Implementation,RUN-20261008-254699
WS/MP443/2025-2026/142861,V41,Madhya Pradesh,RAJGARH,Rodmal Nagar,Normal/Others,387988.0,Vendor Identification,Early-Warning,0,37.51,Medium,2,0,True,0,0,,,210.0,False,False,False,False,387988.0,,,147000000.0,2024-09-23,2025-04-21,,,,,0,0.0,0,None,62.51,0.0,76.0,No material anomaly signal detected.,Under Implementation,RUN-20261008-254699
WS/MP18100/2024-2025/152312,V41,Madhya Pradesh,CHHINDWARA,BUNTY VIVEK SAHU,Normal/Others,300000.0,Physical Inspection,Audit,1,36.88,Medium,2,0,True,0,1,,,,False,False,False,False,300000.0,,300000.0,147000000.0,,2024-12-13,2025-04-10,,,,0,0.0,0,None,61.47,0.0,71.1,No material anomaly signal detected.,Completed,RUN-20261008-254699
WS/MP654/2024-2025/142739,V41,Madhya Pradesh,SHAHDOL (ST),Smt Himadri Singh,Normal/Others,999300.0,Physical Inspection,Audit,1,36.82,Medium,3,0,True,0,0,,,44.0,False,False,False,False,999300.0,,999300.0,150724861.11,2024-09-23,2024-11-06,2025-07-07,,287.0,,0,0.0,0,None,61.37,0.0,78.4,No material anomaly signal detected.,Completed,RUN-20261008-254699
WS/MP443/2025-2026/139974,V41,Madhya Pradesh,RAJGARH,Rodmal Nagar,Normal/Others,100000.0,Vendor Identification,Early-Warning,0,36.8,Medium,2,0,True,0,0,,,229.0,False,False,False,False,100000.0,,,147000000.0,2024-09-09,2025-04-26,,,,,0,0.0,0,None,61.33,0.0,76.0,No material anomaly signal detected.,Under Implementation,RUN-20261008-254699
WS/MP443/2025-2026/140022,V41,Madhya Pradesh,RAJGARH,Rodmal Nagar,Normal/Others,100000.0,Vendor Identification,Early-Warning,0,36.8,Medium,2,0,True,0,0,,,229.0,False,False,False,False,100000.0,,,147000000.0,2024-09-09,2025-04-26,,,,,0,0.0,0,None,61.33,0.0,76.0,No material anomaly signal detected.,Under Implementation,RUN-20261008-254699
WS/MP443/2025-2026/140001,V41,Madhya Pradesh,RAJGARH,Rodmal Nagar,Normal/Others,100000.0,Vendor Identification,Early-Warning,0,36.8,Medium,2,0,True,0,0,,,229.0,False,False,False,False,100000.0,,,147000000.0,2024-09-09,2025-04-26,,,,,0,0.0,0,None,61.33,0.0,76.0,No material anomaly signal detected.,Under Implementation,RUN-20261008-254699
WS/MP443/2025-2026/139996,V41,Madhya Pradesh,RAJGARH,Rodmal Nagar,Normal/Others,100000.0,Vendor Identification,Early-Warning,0,36.8,Medium,2,0,True,0,0,,,229.0,False,False,False,False,100000.0,,,147000000.0,2024-09-09,2025-04-26,,,,,0,0.0,0,None,61.33,0.0,76.0,No material anomaly signal detected.,Under Implementation,RUN-20261008-254699
WS/MP443/2025-2026/140005,V41,Madhya Pradesh,RAJGARH,Rodmal Nagar,Normal/Others,100000.0,Vendor Identification,Early-Warning,0,36.8,Medium,2,0,True,0,0,,,229.0,False,False,False,False,100000.0,,,147000000.0,2024-09-09,2025-04-26,,,,,0,0.0,0,None,61.33,0.0,76.0,No material anomaly signal detected.,Under Implementation,RUN-20261008-254699
WS/MP443/2025-2026/139980,V41,Madhya Pradesh,RAJGARH,Rodmal Nagar,Normal/Others,100000.0,Vendor Identification,Early-Warning,0,36.8,Medium,2,0,True,0,0,,,229.0,False,False,False,False,100000.0,,,147000000.0,2024-09-09,2025-04-26,,,,,0,0.0,0,None,61.33,0.0,76.0,No material anomaly signal detected.,Under Implementation,RUN-20261008-254699
WS/MP443/2025-2026/140004,V41,Madhya Pradesh,RAJGARH,Rodmal Nagar,Normal/Others,100000.0,Vendor Identification,Early-Warning,0,36.8,Medium,2,0,True,0,0,,,229.0,False,False,False,False,100000.0,,,147000000.0,2024-09-09,2025-04-26,,,,,0,0.0,0,None,61.33,0.0,76.0,No material anomaly signal detected.,Under Implementation,RUN-20261008-254699
WS/MP443/2025-2026/139982,V41,Madhya Pradesh,RAJGARH,Rodmal Nagar,Normal/Others,100000.0,Vendor Identification,Early-Warning,0,36.8,Medium,2,0,True,0,0,,,229.0,False,False,False,False,100000.0,,,147000000.0,2024-09-09,2025-04-26,,,,,0,0.0,0,None,61.33,0.0,76.0,No material anomaly signal detected.,Under Implementation,RUN-20261008-254699
WS/MP443/2025-2026/140003,V41,Madhya Pradesh,RAJGARH,Rodmal Nagar,Normal/Others,100000.0,Vendor Identification,Early-Warning,0,36.8,Medium,2,0,True,0,0,,,229.0,False,False,False,False,100000.0,,,147000000.0,2024-09-09,2025-04-26,,,,,0,0.0,0,None,61.33,0.0,76.0,No material anomaly signal detected.,Under Implementation,RUN-20261008-254699
WS/MP443/2025-2026/139978,V41,Madhya Pradesh,RAJGARH,Rodmal Nagar,Normal/Others,100000.0,Vendor Identification,Early-Warning,0,36.8,Medium,2,0,True,0,0,,,229.0,False,False,False,False,100000.0,,,147000000.0,2024-09-09,2025-04-26,,,,,0,0.0,0,None,61.33,0.0,76.0,No material anomaly signal detected.,Under Implementation,RUN-20261008-254699
WS/MP443/2025-2026/140002,V41,Madhya Pradesh,RAJGARH,Rodmal Nagar,Normal/Others,100000.0,Vendor Identification,Early-Warning,0,36.8,Medium,2,0,True,0,0,,,229.0,False,False,False,False,100000.0,,,147000000.0,2024-09-09,2025-04-26,,,,,0,0.0,0,None,61.33,0.0,76.0,No material anomaly signal detected.,Under Implementation,RUN-20261008-254699
WS/MP443/2025-2026/140000,V41,Madhya Pradesh,RAJGARH,Rodmal Nagar,Normal/Others,100000.0,Vendor Identification,Early-Warning,0,36.8,Medium,2,0,True,0,0,,,229.0,False,False,False,False,100000.0,,,147000000.0,2024-09-09,2025-04-26,,,,,0,0.0,0,None,61.33,0.0,76.0,No material anomaly signal detected.,Under Implementation,RUN-20261008-254699
WS/MP443/2025-2026/139999,V41,Madhya Pradesh,RAJGARH,Rodmal Nagar,Normal/Others,100000.0,Vendor Identification,Early-Warning,0,36.8,Medium,2,0,True,0,0,,,229.0,False,False,False,False,100000.0,,,147000000.0,2024-09-09,2025-04-26,,,,,0,0.0,0,None,61.33,0.0,76.0,No material anomaly signal detected.,Under Implementation,RUN-20261008-254699
WS/MP443/2025-2026/139998,V41,Madhya Pradesh,RAJGARH,Rodmal Nagar,Normal/Others,100000.0,Vendor Identification,Early-Warning,0,36.8,Medium,2,0,True,0,0,,,229.0,False,False,False,False,100000.0,,,147000000.0,2024-09-09,2025-04-26,,,,,0,0.0,0,None,61.33,0.0,76.0,No material anomaly signal detected.,Under Implementation,RUN-20261008-254699
WS/MP443/2025-2026/139995,V41,Madhya Pradesh,RAJGARH,Rodmal Nagar,Normal/Others,100000.0,Vendor Identification,Early-Warning,0,36.8,Medium,2,0,True,0,0,,,229.0,False,False,False,False,100000.0,,,147000000.0,2024-09-09,2025-04-26,,,,,0,0.0,0,None,61.33,0.0,76.0,No material anomaly signal detected.,Under Implementation,RUN-20261008-254699
WS/MP443/2025-2026/139973,V41,Madhya Pradesh,RAJGARH,Rodmal Nagar,Normal/Others,100000.0,Vendor Identification,Early-Warning,0,36.8,Medium,2,0,True,0,0,,,229.0,False,False,False,False,100000.0,,,147000000.0,2024-09-09,2025-04-26,,,,,0,0.0,0,None,61.33,0.0,76.0,No material anomaly signal detected.,Under Implementation,RUN-20261008-254699
WS/MP443/2025-2026/139994,V41,Madhya Pradesh,RAJGARH,Rodmal Nagar,Normal/Others,100000.0,Vendor Identification,Early-Warning,0,36.8,Medium,2,0,True,0,0,,,229.0,False,False,False,False,100000.0,,,147000000.0,2024-09-09,2025-04-26,,,,,0,0.0,0,None,61.33,0.0,76.0,No material anomaly signal detected.,Under Implementation,RUN-20261008-254699
WS/MP443/2025-2026/139993,V41,Madhya Pradesh,RAJGARH,Rodmal Nagar,Normal/Others,100000.0,Vendor Identification,Early-Warning,0,36.8,Medium,2,0,True,0,0,,,229.0,False,False,False,False,100000.0,,,147000000.0,2024-09-09,2025-04-26,,,,,0,0.0,0,None,61.33,0.0,76.0,No material anomaly signal detected.,Under Implementation,RUN-20261008-254699
WS/MP443/2025-2026/139992,V41,Madhya Pradesh,RAJGARH,Rodmal Nagar,Normal/Others,100000.0,Vendor Identification,Early-Warning,0,36.8,Medium,2,0,True,0,0,,,229.0,False,False,False,False,100000.0,,,147000000.0,2024-09-09,2025-04-26,,,,,0,0.0,0,None,61.33,0.0,76.0,No material anomaly signal detected.,Under Implementation,RUN-20261008-254699
WS/MP443/2025-2026/139991,V41,Madhya Pradesh,RAJGARH,Rodmal Nagar,Normal/Others,100000.0,Vendor Identification,Early-Warning,0,36.8,Medium,2,0,True,0,0,,,229.0,False,False,False,False,100000.0,,,147000000.0,2024-09-09,2025-04-26,,,,,0,0.0,0,None,61.33,0.0,76.0,No material anomaly signal detected.,Under Implementation,RUN-20261008-254699
WS/MP443/2025-2026/139990,V41,Madhya Pradesh,RAJGARH,Rodmal Nagar,Normal/Others,100000.0,Vendor Identification,Early-Warning,0,36.8,Medium,2,0,True,0,0,,,229.0,False,False,False,False,100000.0,,,147000000.0,2024-09-09,2025-04-26,,,,,0,0.0,0,None,61.33,0.0,76.0,No material anomaly signal detected.,Under Implementation,RUN-20261008-254699
WS/MP443/2025-2026/139989,V41,Madhya Pradesh,RAJGARH,Rodmal Nagar,Normal/Others,100000.0,Vendor Identification,Early-Warning,0,36.8,Medium,2,0,True,0,0,,,229.0,False,False,False,False,100000.0,,,147000000.0,2024-09-09,2025-04-26,,,,,0,0.0,0,None,61.33,0.0,76.0,No material anomaly signal detected.,Under Implementation,RUN-20261008-254699
WS/MP443/2025-2026/139979,V41,Madhya Pradesh,RAJGARH,Rodmal Nagar,Normal/Others,100000.0,Vendor Identification,Early-Warning,0,36.8,Medium,2,0,True,0,0,,,229.0,False,False,False,False,100000.0,,,147000000.0,2024-09-09,2025-04-26,,,,,0,0.0,0,None,61.33,0.0,76.0,No material anomaly signal detected.,Under Implementation,RUN-20261008-254699
WS/MP443/2025-2026/139988,V41,Madhya Pradesh,RAJGARH,Rodmal Nagar,Normal/Others,100000.0,Vendor Identification,Early-Warning,0,36.8,Medium,2,0,True,0,0,,,229.0,False,False,False,False,100000.0,,,147000000.0,2024-09-09,2025-04-26,,,,,0,0.0,0,None,61.33,0.0,76.0,No material anomaly signal detected.,Under Implementation,RUN-20261008-254699
WS/MP443/2025-2026/139987,V41,Madhya Pradesh,RAJGARH,Rodmal Nagar,Normal/Others,100000.0,Vendor Identification,Early-Warning,0,36.8,Medium,2,0,True,0,0,,,229.0,False,False,False,False,100000.0,,,147000000.0,2024-09-09,2025-04-26,,,,,0,0.0,0,None,61.33,0.0,76.0,No material anomaly signal detected.,Under Implementation,RUN-20261008-254699
WS/MP443/2025-2026/139986,V41,Madhya Pradesh,RAJGARH,Rodmal Nagar,Normal/Others,100000.0,Vendor Identification,Early-Warning,0,36.8,Medium,2,0,True,0,0,,,229.0,False,False,False,False,100000.0,,,147000000.0,2024-09-09,2025-04-26,,,,,0,0.0,0,None,61.33,0.0,76.0,No material anomaly signal detected.,Under Implementation,RUN-20261008-254699
WS/MP443/2025-2026/139984,V41,Madhya Pradesh,RAJGARH,Rodmal Nagar,Normal/Others,100000.0,Vendor Identification,Early-Warning,0,36.8,Medium,2,0,True,0,0,,,229.0,False,False,False,False,100000.0,,,147000000.0,2024-09-09,2025-04-26,,,,,0,0.0,0,None,61.33,0.0,76.0,No material anomaly signal detected.,Under Implementation,RUN-20261008-254699
WS/MP443/2025-2026/139977,V41,Madhya Pradesh,RAJGARH,Rodmal Nagar,Normal/Others,100000.0,Vendor Identification,Early-Warning,0,36.8,Medium,2,0,True,0,0,,,229.0,False,False,False,False,100000.0,,,147000000.0,2024-09-09,2025-04-26,,,,,0,0.0,0,None,61.33,0.0,76.0,No material anomaly signal detected.,Under Implementation,RUN-20261008-254699
WS/MP443/2025-2026/140006,V41,Madhya Pradesh,RAJGARH,Rodmal Nagar,Normal/Others,100000.0,Vendor Identification,Early-Warning,0,36.8,Medium,2,0,True,0,0,,,229.0,False,False,False,False,100000.0,,,147000000.0,2024-09-09,2025-04-26,,,,,0,0.0,0,None,61.33,0.0,76.0,No material anomaly signal detected.,Under Implementation,RUN-20261008-254699
WS/MP443/2025-2026/140016,V41,Madhya Pradesh,RAJGARH,Rodmal Nagar,Normal/Others,100000.0,Vendor Identification,Early-Warning,0,36.8,Medium,2,0,True,0,0,,,229.0,False,False,False,False,100000.0,,,147000000.0,2024-09-09,2025-04-26,,,,,0,0.0,0,None,61.33,0.0,76.0,No material anomaly signal detected.,Under Implementation,RUN-20261008-254699
WS/MP443/2025-2026/139983,V41,Madhya Pradesh,RAJGARH,Rodmal Nagar,Normal/Others,100000.0,Vendor Identification,Early-Warning,0,36.8,Medium,2,0,True,0,0,,,229.0,False,False,False,False,100000.0,,,147000000.0,2024-09-09,2025-04-26,,,,,0,0.0,0,None,61.33,0.0,76.0,No material anomaly signal detected.,Under Implementation,RUN-20261008-254699
WS/MP443/2025-2026/139975,V41,Madhya Pradesh,RAJGARH,Rodmal Nagar,Normal/Others,100000.0,Vendor Identification,Early-Warning,0,36.8,Medium,2,0,True,0,0,,,229.0,False,False,False,False,100000.0,,,147000000.0,2024-09-09,2025-04-26,,,,,0,0.0,0,None,61.33,0.0,76.0,No material anomaly signal detected.,Under Implementation,RUN-20261008-254699
WS/MP443/2025-2026/140023,V41,Madhya Pradesh,RAJGARH,Rodmal Nagar,Normal/Others,100000.0,Vendor Identification,Early-Warning,0,36.8,Medium,2,0,True,0,0,,,229.0,False,False,False,False,100000.0,,,147000000.0,2024-09-09,2025-04-26,,,,,0,0.0,0,None,61.33,0.0,76.0,No material anomaly signal detected.,Under Implementation,RUN-20261008-254699
WS/MP443/2025-2026/139981,V41,Madhya Pradesh,RAJGARH,Rodmal Nagar,Normal/Others,100000.0,Vendor Identification,Early-Warning,0,36.8,Medium,2,0,True,0,0,,,229.0,False,False,False,False,100000.0,,,147000000.0,2024-09-09,2025-04-26,,,,,0,0.0,0,None,61.33,0.0,76.0,No material anomaly signal detected.,Under Implementation,RUN-20261008-254699
WS/MP443/2025-2026/139976,V41,Madhya Pradesh,RAJGARH,Rodmal Nagar,Normal/Others,100000.0,Vendor Identification,Early-Warning,0,36.8,Medium,2,0,True,0,0,,,229.0,False,False,False,False,100000.0,,,147000000.0,2024-09-09,2025-04-26,,,,,0,0.0,0,None,61.33,0.0,76.0,No material anomaly signal detected.,Under Implementation,RUN-20261008-254699
WS/MP443/2025-2026/140021,V41,Madhya Pradesh,RAJGARH,Rodmal Nagar,Normal/Others,100000.0,Vendor Identification,Early-Warning,0,36.8,Medium,2,0,True,0,0,,,229.0,False,False,False,False,100000.0,,,147000000.0,2024-09-09,2025-04-26,,,,,0,0.0,0,None,61.33,0.0,76.0,No material anomaly signal detected.,Under Implementation,RUN-20261008-254699
WS/MP443/2025-2026/140020,V41,Madhya Pradesh,RAJGARH,Rodmal Nagar,Normal/Others,100000.0,Vendor Identification,Early-Warning,0,36.8,Medium,2,0,True,0,0,,,229.0,False,False,False,False,100000.0,,,147000000.0,2024-09-09,2025-04-26,,,,,0,0.0,0,None,61.33,0.0,76.0,No material anomaly signal detected.,Under Implementation,RUN-20261008-254699
WS/MP443/2025-2026/140019,V41,Madhya Pradesh,RAJGARH,Rodmal Nagar,Normal/Others,100000.0,Vendor Identification,Early-Warning,0,36.8,Medium,2,0,True,0,0,,,229.0,False,False,False,False,100000.0,,,147000000.0,2024-09-09,2025-04-26,,,,,0,0.0,0,None,61.33,0.0,76.0,No material anomaly signal detected.,Under Implementation,RUN-20261008-254699
WS/MP443/2025-2026/140018,V41,Madhya Pradesh,RAJGARH,Rodmal Nagar,Normal/Others,100000.0,Vendor Identification,Early-Warning,0,36.8,Medium,2,0,True,0,0,,,229.0,False,False,False,False,100000.0,,,147000000.0,2024-09-09,2025-04-26,,,,,0,0.0,0,None,61.33,0.0,76.0,No material anomaly signal detected.,Under Implementation,RUN-20261008-254699
WS/MP443/2025-2026/140007,V41,Madhya Pradesh,RAJGARH,Rodmal Nagar,Normal/Others,100000.0,Vendor Identification,Early-Warning,0,36.8,Medium,2,0,True,0,0,,,229.0,False,False,False,False,100000.0,,,147000000.0,2024-09-09,2025-04-26,,,,,0,0.0,0,None,61.33,0.0,76.0,No material anomaly signal detected.,Under Implementation,RUN-20261008-254699
WS/MP443/2025-2026/140017,V41,Madhya Pradesh,RAJGARH,Rodmal Nagar,Normal/Others,100000.0,Vendor Identification,Early-Warning,0,36.8,Medium,2,0,True,0,0,,,229.0,False,False,False,False,100000.0,,,147000000.0,2024-09-09,2025-04-26,,,,,0,0.0,0,None,61.33,0.0,76.0,No material anomaly signal detected.,Under Implementation,RUN-20261008-254699
WS/MP443/2025-2026/140015,V41,Madhya Pradesh,RAJGARH,Rodmal Nagar,Normal/Others,100000.0,Vendor Identification,Early-Warning,0,36.8,Medium,2,0,True,0,0,,,229.0,False,False,False,False,100000.0,,,147000000.0,2024-09-09,2025-04-26,,,,,0,0.0,0,None,61.33,0.0,76.0,No material anomaly signal detected.,Under Implementation,RUN-20261008-254699
WS/MP443/2025-2026/140014,V41,Madhya Pradesh,RAJGARH,Rodmal Nagar,Normal/Others,100000.0,Vendor Identification,Early-Warning,0,36.8,Medium,2,0,True,0,0,,,229.0,False,False,False,False,100000.0,,,147000000.0,2024-09-09,2025-04-26,,,,,0,0.0,0,None,61.33,0.0,76.0,No material anomaly signal detected.,Under Implementation,RUN-20261008-254699
WS/MP443/2025-2026/140013,V41,Madhya Pradesh,RAJGARH,Rodmal Nagar,Normal/Others,100000.0,Vendor Identification,Early-Warning,0,36.8,Medium,2,0,True,0,0,,,229.0,False,False,False,False,100000.0,,,147000000.0,2024-09-09,2025-04-26,,,,,0,0.0,0,None,61.33,0.0,76.0,No material anomaly signal detected.,Under Implementation,RUN-20261008-254699
WS/MP443/2025-2026/140012,V41,Madhya Pradesh,RAJGARH,Rodmal Nagar,Normal/Others,100000.0,Vendor Identification,Early-Warning,0,36.8,Medium,2,0,True,0,0,,,229.0,False,False,False,False,100000.0,,,147000000.0,2024-09-09,2025-04-26,,,,,0,0.0,0,None,61.33,0.0,76.0,No material anomaly signal detected.,Under Implementation,RUN-20261008-254699
WS/MP443/2025-2026/140011,V41,Madhya Pradesh,RAJGARH,Rodmal Nagar,Normal/Others,100000.0,Vendor Identification,Early-Warning,0,36.8,Medium,2,0,True,0,0,,,229.0,False,False,False,False,100000.0,,,147000000.0,2024-09-09,2025-04-26,,,,,0,0.0,0,None,61.33,0.0,76.0,No material anomaly signal detected.,Under Implementation,RUN-20261008-254699
WS/MP443/2025-2026/140010,V41,Madhya Pradesh,RAJGARH,Rodmal Nagar,Normal/Others,100000.0,Vendor Identification,Early-Warning,0,36.8,Medium,2,0,True,0,0,,,229.0,False,False,False,False,100000.0,,,147000000.0,2024-09-09,2025-04-26,,,,,0,0.0,0,None,61.33,0.0,76.0,No material anomaly signal detected.,Under Implementation,RUN-20261008-254699
WS/MP443/2025-2026/140009,V41,Madhya Pradesh,RAJGARH,Rodmal Nagar,Normal/Others,100000.0,Vendor Identification,Early-Warning,0,36.8,Medium,2,0,True,0,0,,,229.0,False,False,False,False,100000.0,,,147000000.0,2024-09-09,2025-04-26,,,,,0,0.0,0,None,61.33,0.0,76.0,No material anomaly signal detected.,Under Implementation,RUN-20261008-254699
WS/MP443/2025-2026/140008,V41,Madhya Pradesh,RAJGARH,Rodmal Nagar,Normal/Others,100000.0,Vendor Identification,Early-Warning,0,36.8,Medium,2,0,True,0,0,,,229.0,False,False,False,False,100000.0,,,147000000.0,2024-09-09,2025-04-26,,,,,0,0.0,0,None,61.33,0.0,76.0,No material anomaly signal detected.,Under Implementation,RUN-20261008-254699
WS/MP443/2025-2026/139985,V41,Madhya Pradesh,RAJGARH,Rodmal Nagar,Normal/Others,100000.0,Vendor Identification,Early-Warning,0,36.8,Medium,2,0,True,0,0,,,229.0,False,False,False,False,100000.0,,,147000000.0,2024-09-09,2025-04-26,,,,,0,0.0,0,None,61.33,0.0,76.0,No material anomaly signal detected.,Under Implementation,RUN-20261008-254699
WS/MP18100/2024-2025/151652,V41,Madhya Pradesh,CHHINDWARA,BUNTY VIVEK SAHU,Normal/Others,150000.0,Physical Inspection,Audit,1,36.74,Medium,2,0,True,0,1,,,,False,False,False,False,150000.0,,150000.0,147000000.0,,2024-12-11,2026-01-30,,,,0,0.0,0,None,61.24,0.0,71.1,No material anomaly signal detected.,Completed,RUN-20261008-254699
WS/MP18100/2024-2025/151650,V41,Madhya Pradesh,CHHINDWARA,BUNTY VIVEK SAHU,Normal/Others,150000.0,Work partially Completed,Audit,1,36.74,Medium,1,0,True,0,1,,,,False,False,False,False,150000.0,,,147000000.0,,2024-12-30,,,,,0,0.0,0,None,61.24,0.0,71.1,No material anomaly signal detected.,Completed,RUN-20261008-254699
WS/MP18100/2024-2025/151651,V41,Madhya Pradesh,CHHINDWARA,BUNTY VIVEK SAHU,Normal/Others,150000.0,Physical Inspection,Audit,1,36.74,Medium,2,0,True,0,1,,,,False,False,False,False,150000.0,,150000.0,147000000.0,,2024-12-11,2026-01-30,,,,0,0.0,0,None,61.24,0.0,71.1,No material anomaly signal detected.,Completed,RUN-20261008-254699
WS/MP18109/2025-2026/179965,V41,,,,,,,Early-Warning,0,36.69,Medium,2,0,False,0,0,,,,False,False,False,False,,750000.0,,,,,,2026-08-25,,gram panchayat jamuniha,1,750000.0,0,None,61.15,0.0,66.3,No material anomaly signal detected.,Under Implementation,RUN-20261008-254699
WS/MP18101/2026-2027/287605,V41,,,,,,,Early-Warning,0,36.62,Medium,2,0,False,0,0,,,,False,False,False,False,,1000000.0,,,,,,2026-08-13,,GRAM PANCHAYAT PADAJHIR,1,1000000.0,0,None,61.03,0.0,66.3,No material anomaly signal detected.,Under Implementation,RUN-20261008-254699
WS/MP18099/2026-2027/281679,V41,,,,,,,Early-Warning,0,36.47,Medium,2,0,False,0,0,,,,False,False,False,False,,700000.0,,,,,,2026-08-24,,Brahman Parishad berasia,1,700000.0,0,None,60.79,0.0,66.3,No material anomaly signal detected.,Under Implementation,RUN-20261008-254699
WS/MP446/2026-2027/288624,V41,,,,,,,Early-Warning,0,36.37,Medium,2,0,False,0,0,,,,False,False,False,False,,600000.0,,,,,,2026-08-21,,GRAM PANCHAYAT DHAWAD,1,600000.0,0,None,60.61,0.0,66.3,No material anomaly signal detected.,Under Implementation,RUN-20261008-254699
WS/MP18100/2026-2027/234935,V41,,,,,,,Early-Warning,0,36.37,Medium,2,0,False,0,0,,,,False,False,False,False,,600000.0,,,,,,2026-08-05,,Naveen Infraspace Private Limited,1,600000.0,0,None,60.61,0.0,66.3,No material anomaly signal detected.,Under Implementation,RUN-20261008-254699
WS/MP638/2024-2025/152420,V41,,,,,,,Early-Warning,0,36.37,Medium,2,0,False,0,0,,,,False,False,False,False,,600000.0,,,,,,2026-08-18,,JAIN SONS TRADERS,1,600000.0,0,None,60.61,0.0,66.3,No material anomaly signal detected.,Under Implementation,RUN-20261008-254699
WS/MP18103/2026-2027/277952,V41,,,,,,,Early-Warning,0,36.31,Medium,2,0,False,0,0,,,,False,False,False,False,,559057.0,,,,,,2026-08-25,,A J CONSTRUCTION,1,559057.0,0,None,60.51,0.0,66.3,No material anomaly signal detected.,Under Implementation,RUN-20261008-254699
WS/MP18100/2025-2026/186780,V41,,,,,,,Early-Warning,0,36.3,Medium,2,0,False,0,0,,,,False,False,False,False,,497735.0,,,,,,2026-08-25,,MAA NARMADA CONSTRUCTION,1,497735.0,0,None,60.5,0.0,66.3,No material anomaly signal detected.,Under Implementation,RUN-20261008-254699
WS/MP640/2026-2027/273075,V41,,,,,,,Early-Warning,0,36.18,Medium,2,0,False,0,0,,,,False,False,False,False,,516000.0,,,,,,2026-08-13,,MPEB,1,516000.0,0,None,60.3,0.0,66.3,No material anomaly signal detected.,Under Implementation,RUN-20261008-254699
WS/MP641/2024-2025/137266,V41,Madhya Pradesh,KHARGONE(ST),Gajendra Singh Patel,Normal/Others,1000000.0,Vendor Identification,Early-Warning,0,36.1,Medium,2,0,True,0,0,,,52.0,False,False,False,False,1000000.0,,,147000000.0,2024-08-27,2024-10-18,,,,,0,0.0,0,None,60.16,0.0,76.0,No material anomaly signal detected.,Under Implementation,RUN-20261008-254699
WS/MP640/2026-2027/163384,V41,,,,,,,Early-Warning,0,35.71,Medium,2,1,False,0,0,,,,False,False,False,False,,500000.0,,,,,,2026-08-24,,MANISH CONSTRUCTION AND VENDORS,1,500000.0,1,None,59.51,0.0,66.3,No material anomaly signal detected.,Under Implementation,RUN-20261008-254699
WS/MP640/2026-2027/274719,V41,,,,,,,Early-Warning,0,35.71,Medium,2,1,False,0,0,,,,False,False,False,False,,500000.0,,,,,,2026-08-20,,JILA CHANDRAWANSHI GOULI MAHASABHA SAMITI BHOMA SEONI,1,500000.0,1,None,59.51,0.0,66.3,No material anomaly signal detected.,Under Implementation,RUN-20261008-254699
WS/MP640/2026-2027/274762,V41,,,,,,,Early-Warning,0,35.71,Medium,2,0,False,0,0,,,,False,False,False,False,,500000.0,,,,,,2026-08-06,,MISHRA GROUP,1,500000.0,0,None,59.51,0.0,66.3,No material anomaly signal detected.,Under Implementation,RUN-20261008-254699
WS/MP643/2025-2026/259819,V41,,,,,,,Early-Warning,0,35.71,Medium,2,0,False,0,0,,,,False,False,False,False,,500000.0,,,,,,2026-08-17,,gram panchayat bhawsa,1,500000.0,0,None,59.51,0.0,66.3,No material anomaly signal detected.,Under Implementation,RUN-20261008-254699
WS/MP18109/2025-2026/179962,V41,,,,,,,Early-Warning,0,35.71,Medium,2,0,False,0,0,,,,False,False,False,False,,500000.0,,,,,,2026-08-25,,gram panchayat ghiyar,1,500000.0,0,None,59.51,0.0,66.3,No material anomaly signal detected.,Under Implementation,RUN-20261008-254699
WS/MP18357/2025-2026/191783,V41,,,,,,,Early-Warning,0,35.71,Medium,2,0,False,0,0,,,,False,False,False,False,,500000.0,,,,,,2026-08-19,,Gram Panchayat Shergarh,1,500000.0,0,None,59.51,0.0,66.3,No material anomaly signal detected.,Under Implementation,RUN-20261008-254699
WS/MP356/2025-2026/253031,V41,,,,,,,Early-Warning,0,35.71,Medium,2,0,False,0,0,,,,False,False,False,False,,500000.0,,,,,,2026-08-25,,MALVI JINGER MOCHI SAMAJ KALYAN SAMITI,1,500000.0,0,None,59.51,0.0,66.3,No material anomaly signal detected.,Under Implementation,RUN-20261008-254699
WS/MP654/2025-2026/230682,V41,,,,,,,Early-Warning,0,35.71,Medium,2,0,False,0,0,,,,False,False,False,False,,500000.0,,,,,,2026-08-05,,GRAM KOSH NEGAI,1,500000.0,0,None,59.51,0.0,66.3,No material anomaly signal detected.,Under Implementation,RUN-20261008-254699
WS/MP18104/2025-2026/152332,V41,Madhya Pradesh,HOSHANGABAD,DARSHAN SINGH CHOUDHARY,Normal/Others,197884.0,Vendor Identification,Early-Warning,0,35.55,Medium,1,0,True,0,1,,,,False,False,False,False,197884.0,,,147000000.0,,2025-08-21,,,,,0,0.0,0,None,59.25,0.0,71.1,No material anomaly signal detected.,Under Implementation,RUN-20261008-254699
WS/MP356/2024-2025/137835,V41,Madhya Pradesh,MANDSOUR,Shri Sudheer Gupta,Normal/Others,100000.0,Physical Inspection,Audit,1,35.2,Medium,3,0,True,0,0,,,108.0,False,False,False,False,100000.0,,100000.0,148988014.83,2024-08-30,2024-12-16,2025-08-21,,356.0,,0,0.0,0,None,58.67,0.0,78.4,No material anomaly signal detected.,Completed,RUN-20261008-254699
WS/MP356/2024-2025/137839,V41,Madhya Pradesh,MANDSOUR,Shri Sudheer Gupta,Normal/Others,100000.0,Physical Inspection,Audit,1,35.2,Medium,3,0,True,0,0,,,108.0,False,False,False,False,100000.0,,100000.0,148988014.83,2024-08-30,2024-12-16,2025-08-21,,356.0,,0,0.0,0,None,58.67,0.0,78.4,No material anomaly signal detected.,Completed,RUN-20261008-254699
WS/MP356/2024-2025/137837,V41,Madhya Pradesh,MANDSOUR,Shri Sudheer Gupta,Normal/Others,100000.0,Physical Inspection,Audit,1,35.2,Medium,3,0,True,0,0,,,108.0,False,False,False,False,100000.0,,100000.0,148988014.83,2024-08-30,2024-12-16,2025-08-21,,356.0,,0,0.0,0,None,58.67,0.0,78.4,No material anomaly signal detected.,Completed,RUN-20261008-254699
WS/MP356/2024-2025/137830,V41,Madhya Pradesh,MANDSOUR,Shri Sudheer Gupta,Normal/Others,100000.0,Physical Inspection,Audit,1,35.2,Medium,3,0,True,0,0,,,108.0,False,False,False,False,100000.0,,100000.0,148988014.83,2024-08-30,2024-12-16,2025-08-21,,356.0,,0,0.0,0,None,58.67,0.0,78.4,No material anomaly signal detected.,Completed,RUN-20261008-254699
WS/MP356/2024-2025/137831,V41,Madhya Pradesh,MANDSOUR,Shri Sudheer Gupta,Normal/Others,100000.0,Physical Inspection,Audit,1,35.2,Medium,3,0,True,0,0,,,108.0,False,False,False,False,100000.0,,100000.0,148988014.83,2024-08-30,2024-12-16,2025-08-21,,356.0,,0,0.0,0,None,58.67,0.0,78.4,No material anomaly signal detected.,Completed,RUN-20261008-254699
WS/MP356/2024-2025/137832,V41,Madhya Pradesh,MANDSOUR,Shri Sudheer Gupta,Normal/Others,100000.0,Physical Inspection,Audit,1,35.2,Medium,3,0,True,0,0,,,108.0,False,False,False,False,100000.0,,100000.0,148988014.83,2024-08-30,2024-12-16,2025-08-21,,356.0,,0,0.0,0,None,58.67,0.0,78.4,No material anomaly signal detected.,Completed,RUN-20261008-254699
WS/MP356/2024-2025/137833,V41,Madhya Pradesh,MANDSOUR,Shri Sudheer Gupta,Normal/Others,100000.0,Physical Inspection,Audit,1,35.2,Medium,3,0,True,0,0,,,108.0,False,False,False,False,100000.0,,100000.0,148988014.83,2024-08-30,2024-12-16,2025-08-21,,356.0,,0,0.0,0,None,58.67,0.0,78.4,No material anomaly signal detected.,Completed,RUN-20261008-254699
WS/MP356/2024-2025/137834,V41,Madhya Pradesh,MANDSOUR,Shri Sudheer Gupta,Normal/Others,100000.0,Physical Inspection,Audit,1,35.2,Medium,3,0,True,0,0,,,108.0,False,False,False,False,100000.0,,100000.0,148988014.83,2024-08-30,2024-12-16,2025-08-21,,356.0,,0,0.0,0,None,58.67,0.0,78.4,No material anomaly signal detected.,Completed,RUN-20261008-254699
WS/MP356/2024-2025/137836,V41,Madhya Pradesh,MANDSOUR,Shri Sudheer Gupta,Normal/Others,100000.0,Physical Inspection,Audit,1,35.2,Medium,3,0,True,0,0,,,108.0,False,False,False,False,100000.0,,100000.0,148988014.83,2024-08-30,2024-12-16,2025-08-21,,356.0,,0,0.0,0,None,58.67,0.0,78.4,No material anomaly signal detected.,Completed,RUN-20261008-254699
WS/MP356/2024-2025/137838,V41,Madhya Pradesh,MANDSOUR,Shri Sudheer Gupta,Normal/Others,100000.0,Physical Inspection,Audit,1,35.2,Medium,3,0,True,0,0,,,108.0,False,False,False,False,100000.0,,100000.0,148988014.83,2024-08-30,2024-12-16,2025-08-21,,356.0,,0,0.0,0,None,58.67,0.0,78.4,No material anomaly signal detected.,Completed,RUN-20261008-254699
WS/MP356/2024-2025/137827,V41,Madhya Pradesh,MANDSOUR,Shri Sudheer Gupta,Normal/Others,100000.0,Physical Inspection,Audit,1,35.2,Medium,3,0,True,0,0,,,108.0,False,False,False,False,100000.0,,100000.0,148988014.83,2024-08-30,2024-12-16,2025-08-21,,356.0,,0,0.0,0,None,58.67,0.0,78.4,No material anomaly signal detected.,Completed,RUN-20261008-254699
WS/MP356/2024-2025/137840,V41,Madhya Pradesh,MANDSOUR,Shri Sudheer Gupta,Normal/Others,100000.0,Physical Inspection,Audit,1,35.2,Medium,3,0,True,0,0,,,108.0,False,False,False,False,100000.0,,100000.0,148988014.83,2024-08-30,2024-12-16,2025-08-21,,356.0,,0,0.0,0,None,58.67,0.0,78.4,No material anomaly signal detected.,Completed,RUN-20261008-254699
WS/MP356/2024-2025/137841,V41,Madhya Pradesh,MANDSOUR,Shri Sudheer Gupta,Normal/Others,100000.0,Physical Inspection,Audit,1,35.2,Medium,3,0,True,0,0,,,108.0,False,False,False,False,100000.0,,100000.0,148988014.83,2024-08-30,2024-12-16,2025-08-21,,356.0,,0,0.0,0,None,58.67,0.0,78.4,No material anomaly signal detected.,Completed,RUN-20261008-254699
WS/MP356/2024-2025/137842,V41,Madhya Pradesh,MANDSOUR,Shri Sudheer Gupta,Normal/Others,100000.0,Physical Inspection,Audit,1,35.2,Medium,3,0,True,0,0,,,108.0,False,False,False,False,100000.0,,100000.0,148988014.83,2024-08-30,2024-12-16,2025-08-21,,356.0,,0,0.0,0,None,58.67,0.0,78.4,No material anomaly signal detected.,Completed,RUN-20261008-254699
WS/MP356/2024-2025/137843,V41,Madhya Pradesh,MANDSOUR,Shri Sudheer Gupta,Normal/Others,100000.0,Physical Inspection,Audit,1,35.2,Medium,3,0,True,0,0,,,108.0,False,False,False,False,100000.0,,100000.0,148988014.83,2024-08-30,2024-12-16,2025-08-21,,356.0,,0,0.0,0,None,58.67,0.0,78.4,No material anomaly signal detected.,Completed,RUN-20261008-254699
WS/MP356/2024-2025/137844,V41,Madhya Pradesh,MANDSOUR,Shri Sudheer Gupta,Normal/Others,100000.0,Physical Inspection,Audit,1,35.2,Medium,3,0,True,0,0,,,108.0,False,False,False,False,100000.0,,100000.0,148988014.83,2024-08-30,2024-12-16,2025-08-21,,356.0,,0,0.0,0,None,58.67,0.0,78.4,No material anomaly signal detected.,Completed,RUN-20261008-254699
WS/MP356/2024-2025/137845,V41,Madhya Pradesh,MANDSOUR,Shri Sudheer Gupta,Normal/Others,100000.0,Physical Inspection,Audit,1,35.2,Medium,3,0,True,0,0,,,108.0,False,False,False,False,100000.0,,100000.0,148988014.83,2024-08-30,2024-12-16,2025-08-21,,356.0,,0,0.0,0,None,58.67,0.0,78.4,No material anomaly signal detected.,Completed,RUN-20261008-254699
WS/MP356/2024-2025/137829,V41,Madhya Pradesh,MANDSOUR,Shri Sudheer Gupta,Normal/Others,100000.0,Physical Inspection,Audit,1,35.2,Medium,3,0,True,0,0,,,108.0,False,False,False,False,100000.0,,100000.0,148988014.83,2024-08-30,2024-12-16,2025-08-21,,356.0,,0,0.0,0,None,58.67,0.0,78.4,No material anomaly signal detected.,Completed,RUN-20261008-254699
WS/MP356/2024-2025/137828,V41,Madhya Pradesh,MANDSOUR,Shri Sudheer Gupta,Normal/Others,100000.0,Physical Inspection,Audit,1,35.2,Medium,3,0,True,0,0,,,108.0,False,False,False,False,100000.0,,100000.0,148988014.83,2024-08-30,2024-12-16,2025-08-21,,356.0,,0,0.0,0,None,58.67,0.0,78.4,No material anomaly signal detected.,Completed,RUN-20261008-254699
WS/MP356/2024-2025/137846,V41,Madhya Pradesh,MANDSOUR,Shri Sudheer Gupta,Normal/Others,100000.0,Physical Inspection,Audit,1,35.2,Medium,3,0,True,0,0,,,108.0,False,False,False,False,100000.0,,100000.0,148988014.83,2024-08-30,2024-12-16,2025-08-21,,356.0,,0,0.0,0,None,58.67,0.0,78.4,No material anomaly signal detected.,Completed,RUN-20261008-254699
WS/MP356/2024-2025/137826,V41,Madhya Pradesh,MANDSOUR,Shri Sudheer Gupta,Normal/Others,100000.0,Physical Inspection,Audit,1,35.2,Medium,3,0,True,0,0,,,108.0,False,False,False,False,100000.0,,100000.0,148988014.83,2024-08-30,2024-12-16,2025-08-21,,356.0,,0,0.0,0,None,58.67,0.0,78.4,No material anomaly signal detected.,Completed,RUN-20261008-254699
WS/MP356/2024-2025/137825,V41,Madhya Pradesh,MANDSOUR,Shri Sudheer Gupta,Normal/Others,100000.0,Physical Inspection,Audit,1,35.2,Medium,3,0,True,0,0,,,108.0,False,False,False,False,100000.0,,100000.0,148988014.83,2024-08-30,2024-12-16,2025-08-21,,356.0,,0,0.0,0,None,58.67,0.0,78.4,No material anomaly signal detected.,Completed,RUN-20261008-254699
WS/MP356/2024-2025/137824,V41,Madhya Pradesh,MANDSOUR,Shri Sudheer Gupta,Normal/Others,100000.0,Physical Inspection,Audit,1,35.2,Medium,3,0,True,0,0,,,108.0,False,False,False,False,100000.0,,100000.0,148988014.83,2024-08-30,2024-12-16,2025-08-21,,356.0,,0,0.0,0,None,58.67,0.0,78.4,No material anomaly signal detected.,Completed,RUN-20261008-254699
WS/MP356/2024-2025/137823,V41,Madhya Pradesh,MANDSOUR,Shri Sudheer Gupta,Normal/Others,100000.0,Physical Inspection,Audit,1,35.2,Medium,3,0,True,0,0,,,108.0,False,False,False,False,100000.0,,100000.0,148988014.83,2024-08-30,2024-12-16,2025-08-21,,356.0,,0,0.0,0,None,58.67,0.0,78.4,No material anomaly signal detected.,Completed,RUN-20261008-254699
WS/MP356/2024-2025/137822,V41,Madhya Pradesh,MANDSOUR,Shri Sudheer Gupta,Normal/Others,100000.0,Physical Inspection,Audit,1,35.2,Medium,3,0,True,0,0,,,108.0,False,False,False,False,100000.0,,100000.0,148988014.83,2024-08-30,2024-12-16,2025-08-21,,356.0,,0,0.0,0,None,58.67,0.0,78.4,No material anomaly signal detected.,Completed,RUN-20261008-254699
WS/MP650/2025-2026/242024,V41,,,,,,,Early-Warning,0,34.99,Medium,2,0,False,0,0,,,,False,False,False,False,,97350.0,,,,,,2026-08-23,,SHRI GANESH ASSOCIATES PROPRIETOR NARAYAN SHARMA,2,198912.0,0,None,58.31,0.0,66.3,No material anomaly signal detected.,Under Implementation,RUN-20261008-254699
WS/MP640/2026-2027/270774,V41,,,,,,,Early-Warning,0,34.94,Medium,2,0,False,0,0,,,,False,False,False,False,,100000.0,,,,,,2026-08-04,,gram panchayat shreenagar,2,200000.0,0,None,58.24,0.0,66.3,No material anomaly signal detected.,Under Implementation,RUN-20261008-254699
WS/MP640/2026-2027/270766,V41,,,,,,,Early-Warning,0,34.94,Medium,2,0,False,0,0,,,,False,False,False,False,,100000.0,,,,,,2026-08-04,,gram panchayat shreenagar,2,200000.0,0,None,58.24,0.0,66.3,No material anomaly signal detected.,Under Implementation,RUN-20261008-254699
WS/MP18104/2026-2027/272471,V41,,,,,,,Early-Warning,0,34.37,Medium,2,0,False,0,0,,,,False,False,False,False,,30000.0,,,,,,2026-08-27,,Sachiv gram panchyat Piperpani,1,30000.0,0,None,57.28,0.0,66.3,No material anomaly signal detected.,Under Implementation,RUN-20261008-254699
WS/MP18100/2026-2027/263396,V41,,,,,,,Early-Warning,0,34.33,Medium,2,0,False,0,0,,,,False,False,False,False,,40000.0,,,,,,2026-08-17,,GRAM PANCHAYAT SAROTH,1,40000.0,0,None,57.21,0.0,66.3,No material anomaly signal detected.,Under Implementation,RUN-20261008-254699
WS/MP18100/2025-2026/211005,V41,,,,,,,Early-Warning,0,34.33,Medium,2,0,False,0,0,,,,False,False,False,False,,40000.0,,,,,,2026-08-19,,GRAM PANCHYAT NER,1,40000.0,0,None,57.21,0.0,66.3,No material anomaly signal detected.,Under Implementation,RUN-20261008-254699
WS/MP18100/2026-2027/261394,V41,,,,,,,Early-Warning,0,34.33,Medium,2,0,False,0,0,,,,False,False,False,False,,40000.0,,,,,,2026-08-25,,GRAM PANCHAYAT MAU,1,40000.0,0,None,57.21,0.0,66.3,No material anomaly signal detected.,Under Implementation,RUN-20261008-254699
WS/MP18100/2026-2027/260018,V41,,,,,,,Early-Warning,0,34.33,Medium,2,0,False,0,0,,,,False,False,False,False,,40000.0,,,,,,2026-08-17,,GRAM PANCHAYAT GADMAU,1,40000.0,0,None,57.21,0.0,66.3,No material anomaly signal detected.,Under Implementation,RUN-20261008-254699
WS/MP18104/2026-2027/278047,V41,,,,,,,Early-Warning,0,34.25,Medium,2,0,False,0,0,,,,False,False,False,False,,50000.0,,,,,,2026-08-11,,Sarpanch Gram Panchayat Vasaniyakalan,1,50000.0,0,None,57.08,0.0,66.3,No material anomaly signal detected.,Under Implementation,RUN-20261008-254699
WS/MP18104/2026-2027/287612,V41,,,,,,,Early-Warning,0,34.25,Medium,2,0,False,0,0,,,,False,False,False,False,,50000.0,,,,,,2026-08-25,,GRAM PANCHAYAT RAIKHEDI SFC,1,50000.0,0,None,57.08,0.0,66.3,No material anomaly signal detected.,Under Implementation,RUN-20261008-254699
WS/MP18104/2025-2026/174713,V41,,,,,,,Early-Warning,0,34.25,Medium,2,0,False,0,0,,,,False,False,False,False,,50000.0,,,,,,2026-08-21,,GP CHHAWARA JP BADI,1,50000.0,0,None,57.08,0.0,66.3,No material anomaly signal detected.,Under Implementation,RUN-20261008-254699
WS/MP18104/2026-2027/290577,V41,,,,,,,Early-Warning,0,34.25,Medium,2,0,False,0,0,,,,False,False,False,False,,50000.0,,,,,,2026-08-11,,Sarpanch Gram Panchayat Hirankheda,1,50000.0,0,None,57.08,0.0,66.3,No material anomaly signal detected.,Under Implementation,RUN-20261008-254699
WS/MP18104/2026-2027/285646,V41,,,,,,,Early-Warning,0,34.25,Medium,2,0,False,0,0,,,,False,False,False,False,,50000.0,,,,,,2026-08-25,,Sarpanch Gram Panchayat Somalwada,1,50000.0,0,None,57.08,0.0,66.3,No material anomaly signal detected.,Under Implementation,RUN-20261008-254699
WS/MP18109/2024-2025/150155,V41,Madhya Pradesh,SIDHI,DR. RAJESH MISHRA,Normal/Others,259942.0,Physical Inspection,Audit,1,34.13,Medium,2,0,True,0,0,,,,False,False,False,False,259942.0,,259942.0,262724510.35,,2025-02-04,2025-11-07,,,,0,0.0,0,None,56.89,0.0,71.1,No material anomaly signal detected.,Completed,RUN-20261008-254699
WS/MP18109/2024-2025/150161,V41,Madhya Pradesh,SIDHI,DR. RAJESH MISHRA,Normal/Others,259942.0,Physical Inspection,Audit,1,34.13,Medium,2,0,True,0,0,,,,False,False,False,False,259942.0,,259942.0,262724510.35,,2025-02-04,2025-11-08,,,,0,0.0,0,None,56.89,0.0,71.1,No material anomaly signal detected.,Completed,RUN-20261008-254699
WS/MP18109/2024-2025/150168,V41,Madhya Pradesh,SIDHI,DR. RAJESH MISHRA,Normal/Others,259942.0,Physical Inspection,Audit,1,34.13,Medium,2,0,True,0,0,,,,False,False,False,False,259942.0,,259942.0,262724510.35,,2025-02-04,2025-11-08,,,,0,0.0,0,None,56.89,0.0,71.1,No material anomaly signal detected.,Completed,RUN-20261008-254699
WS/MP18109/2024-2025/150167,V41,Madhya Pradesh,SIDHI,DR. RAJESH MISHRA,Normal/Others,259942.0,Physical Inspection,Audit,1,34.13,Medium,2,0,True,0,0,,,,False,False,False,False,259942.0,,259942.0,262724510.35,,2025-02-04,2025-11-08,,,,0,0.0,0,None,56.89,0.0,71.1,No material anomaly signal detected.,Completed,RUN-20261008-254699
WS/MP18109/2024-2025/150166,V41,Madhya Pradesh,SIDHI,DR. RAJESH MISHRA,Normal/Others,259942.0,Physical Inspection,Audit,1,34.13,Medium,2,0,True,0,0,,,,False,False,False,False,259942.0,,259942.0,262724510.35,,2025-02-04,2025-11-08,,,,0,0.0,0,None,56.89,0.0,71.1,No material anomaly signal detected.,Completed,RUN-20261008-254699
WS/MP18109/2024-2025/150165,V41,Madhya Pradesh,SIDHI,DR. RAJESH MISHRA,Normal/Others,259942.0,Physical Inspection,Audit,1,34.13,Medium,2,0,True,0,0,,,,False,False,False,False,259942.0,,259942.0,262724510.35,,2025-02-04,2025-11-08,,,,0,0.0,0,None,56.89,0.0,71.1,No material anomaly signal detected.,Completed,RUN-20261008-254699
WS/MP18109/2024-2025/150164,V41,Madhya Pradesh,SIDHI,DR. RAJESH MISHRA,Normal/Others,259942.0,Physical Inspection,Audit,1,34.13,Medium,2,0,True,0,0,,,,False,False,False,False,259942.0,,259942.0,262724510.35,,2025-02-04,2025-11-08,,,,0,0.0,0,None,56.89,0.0,71.1,No material anomaly signal detected.,Completed,RUN-20261008-254699
WS/MP18109/2024-2025/150163,V41,Madhya Pradesh,SIDHI,DR. RAJESH MISHRA,Normal/Others,259942.0,Physical Inspection,Audit,1,34.13,Medium,2,0,True,0,0,,,,False,False,False,False,259942.0,,259942.0,262724510.35,,2025-02-04,2025-11-08,,,,0,0.0,0,None,56.89,0.0,71.1,No material anomaly signal detected.,Completed,RUN-20261008-254699
WS/MP18109/2024-2025/150162,V41,Madhya Pradesh,SIDHI,DR. RAJESH MISHRA,Normal/Others,259942.0,Physical Inspection,Audit,1,34.13,Medium,2,0,True,0,0,,,,False,False,False,False,259942.0,,259942.0,262724510.35,,2025-02-04,2025-11-08,,,,0,0.0,0,None,56.89,0.0,71.1,No material anomaly signal detected.,Completed,RUN-20261008-254699
WS/MP18109/2024-2025/150160,V41,Madhya Pradesh,SIDHI,DR. RAJESH MISHRA,Normal/Others,259942.0,Physical Inspection,Audit,1,34.13,Medium,2,0,True,0,0,,,,False,False,False,False,259942.0,,259942.0,262724510.35,,2025-02-04,2025-11-08,,,,0,0.0,0,None,56.89,0.0,71.1,No material anomaly signal detected.,Completed,RUN-20261008-254699
WS/MP18109/2024-2025/150170,V41,Madhya Pradesh,SIDHI,DR. RAJESH MISHRA,Normal/Others,259942.0,Physical Inspection,Audit,1,34.13,Medium,2,0,True,0,0,,,,False,False,False,False,259942.0,,259942.0,262724510.35,,2025-02-04,2025-09-11,,,,0,0.0,0,None,56.89,0.0,71.1,No material anomaly signal detected.,Completed,RUN-20261008-254699
WS/MP18109/2024-2025/150151,V41,Madhya Pradesh,SIDHI,DR. RAJESH MISHRA,Normal/Others,259942.0,Physical Inspection,Audit,1,34.13,Medium,2,0,True,0,0,,,,False,False,False,False,259942.0,,259942.0,262724510.35,,2025-02-04,2025-11-08,,,,0,0.0,0,None,56.89,0.0,71.1,No material anomaly signal detected.,Completed,RUN-20261008-254699
WS/MP18109/2024-2025/150159,V41,Madhya Pradesh,SIDHI,DR. RAJESH MISHRA,Normal/Others,259942.0,Physical Inspection,Audit,1,34.13,Medium,2,0,True,0,0,,,,False,False,False,False,259942.0,,259942.0,262724510.35,,2025-02-04,2025-11-08,,,,0,0.0,0,None,56.89,0.0,71.1,No material anomaly signal detected.,Completed,RUN-20261008-254699
WS/MP18109/2024-2025/150152,V41,Madhya Pradesh,SIDHI,DR. RAJESH MISHRA,Normal/Others,259942.0,Physical Inspection,Audit,1,34.13,Medium,2,0,True,0,0,,,,False,False,False,False,259942.0,,259942.0,262724510.35,,2025-02-04,2025-11-07,,,,0,0.0,0,None,56.89,0.0,71.1,No material anomaly signal detected.,Completed,RUN-20261008-254699
WS/MP18109/2024-2025/150157,V41,Madhya Pradesh,SIDHI,DR. RAJESH MISHRA,Normal/Others,259942.0,Physical Inspection,Audit,1,34.13,Medium,2,0,True,0,0,,,,False,False,False,False,259942.0,,259942.0,262724510.35,,2025-02-04,2025-11-08,,,,0,0.0,0,None,56.89,0.0,71.1,No material anomaly signal detected.,Completed,RUN-20261008-254699
WS/MP18109/2024-2025/150153,V41,Madhya Pradesh,SIDHI,DR. RAJESH MISHRA,Normal/Others,259942.0,Physical Inspection,Audit,1,34.13,Medium,2,0,True,0,0,,,,False,False,False,False,259942.0,,259942.0,262724510.35,,2025-02-04,2025-11-07,,,,0,0.0,0,None,56.89,0.0,71.1,No material anomaly signal detected.,Completed,RUN-20261008-254699
WS/MP18109/2024-2025/150154,V41,Madhya Pradesh,SIDHI,DR. RAJESH MISHRA,Normal/Others,259942.0,Physical Inspection,Audit,1,34.13,Medium,2,0,True,0,0,,,,False,False,False,False,259942.0,,259942.0,262724510.35,,2025-02-04,2025-11-07,,,,0,0.0,0,None,56.89,0.0,71.1,No material anomaly signal detected.,Completed,RUN-20261008-254699
WS/MP18109/2024-2025/150156,V41,Madhya Pradesh,SIDHI,DR. RAJESH MISHRA,Normal/Others,259942.0,Physical Inspection,Audit,1,34.13,Medium,2,0,True,0,0,,,,False,False,False,False,259942.0,,259942.0,262724510.35,,2025-02-04,2025-11-07,,,,0,0.0,0,None,56.89,0.0,71.1,No material anomaly signal detected.,Completed,RUN-20261008-254699
WS/MP18109/2024-2025/150169,V41,Madhya Pradesh,SIDHI,DR. RAJESH MISHRA,Normal/Others,259942.0,Physical Inspection,Audit,1,34.13,Medium,2,0,True,0,0,,,,False,False,False,False,259942.0,,259942.0,262724510.35,,2025-02-04,2025-11-08,,,,0,0.0,0,None,56.89,0.0,71.1,No material anomaly signal detected.,Completed,RUN-20261008-254699
WS/MP18109/2024-2025/150158,V41,Madhya Pradesh,SIDHI,DR. RAJESH MISHRA,Normal/Others,259942.0,Physical Inspection,Audit,1,34.13,Medium,2,0,True,0,0,,,,False,False,False,False,259942.0,,259942.0,262724510.35,,2025-02-04,2025-11-07,,,,0,0.0,0,None,56.89,0.0,71.1,No material anomaly signal detected.,Completed,RUN-20261008-254699
WS/MP18109/2024-2025/150171,V41,Madhya Pradesh,SIDHI,DR. RAJESH MISHRA,Normal/Others,259942.0,Physical Inspection,Audit,1,34.13,Medium,2,0,True,0,0,,,,False,False,False,False,259942.0,,259942.0,262724510.35,,2025-02-04,2025-09-11,,,,0,0.0,0,None,56.89,0.0,71.1,No material anomaly signal detected.,Completed,RUN-20261008-254699
WS/MP18109/2024-2025/150182,V41,Madhya Pradesh,SIDHI,DR. RAJESH MISHRA,Normal/Others,259942.0,Physical Inspection,Audit,1,34.13,Medium,2,0,True,0,0,,,,False,False,False,False,259942.0,,259942.0,262724510.35,,2025-02-04,2025-09-11,,,,0,0.0,0,None,56.89,0.0,71.1,No material anomaly signal detected.,Completed,RUN-20261008-254699
WS/MP18109/2024-2025/150189,V41,Madhya Pradesh,SIDHI,DR. RAJESH MISHRA,Normal/Others,259942.0,Physical Inspection,Audit,1,34.13,Medium,2,0,True,0,0,,,,False,False,False,False,259942.0,,259942.0,262724510.35,,2025-02-04,2025-11-08,,,,0,0.0,0,None,56.89,0.0,71.1,No material anomaly signal detected.,Completed,RUN-20261008-254699
WS/MP18109/2024-2025/150188,V41,Madhya Pradesh,SIDHI,DR. RAJESH MISHRA,Normal/Others,259942.0,Physical Inspection,Audit,1,34.13,Medium,2,0,True,0,0,,,,False,False,False,False,259942.0,,259942.0,262724510.35,,2025-02-04,2025-09-11,,,,0,0.0,0,None,56.89,0.0,71.1,No material anomaly signal detected.,Completed,RUN-20261008-254699
WS/MP18109/2024-2025/150187,V41,Madhya Pradesh,SIDHI,DR. RAJESH MISHRA,Normal/Others,259942.0,Physical Inspection,Audit,1,34.13,Medium,2,0,True,0,0,,,,False,False,False,False,259942.0,,259942.0,262724510.35,,2025-02-04,2025-11-08,,,,0,0.0,0,None,56.89,0.0,71.1,No material anomaly signal detected.,Completed,RUN-20261008-254699
WS/MP18109/2024-2025/150186,V41,Madhya Pradesh,SIDHI,DR. RAJESH MISHRA,Normal/Others,259942.0,Physical Inspection,Audit,1,34.13,Medium,2,0,True,0,0,,,,False,False,False,False,259942.0,,259942.0,262724510.35,,2025-02-04,2025-09-11,,,,0,0.0,0,None,56.89,0.0,71.1,No material anomaly signal detected.,Completed,RUN-20261008-254699
WS/MP18109/2024-2025/150185,V41,Madhya Pradesh,SIDHI,DR. RAJESH MISHRA,Normal/Others,259942.0,Physical Inspection,Audit,1,34.13,Medium,2,0,True,0,0,,,,False,False,False,False,259942.0,,259942.0,262724510.35,,2025-02-04,2025-09-11,,,,0,0.0,0,None,56.89,0.0,71.1,No material anomaly signal detected.,Completed,RUN-20261008-254699
WS/MP18109/2024-2025/150149,V41,Madhya Pradesh,SIDHI,DR. RAJESH MISHRA,Normal/Others,259942.0,Physical Inspection,Audit,1,34.13,Medium,2,0,True,0,0,,,,False,False,False,False,259942.0,,259942.0,262724510.35,,2025-02-04,2025-02-28,,,,0,0.0,0,None,56.89,0.0,71.1,No material anomaly signal detected.,Completed,RUN-20261008-254699
WS/MP18109/2024-2025/150184,V41,Madhya Pradesh,SIDHI,DR. RAJESH MISHRA,Normal/Others,259942.0,Physical Inspection,Audit,1,34.13,Medium,2,0,True,0,0,,,,False,False,False,False,259942.0,,259942.0,262724510.35,,2025-02-04,2025-09-11,,,,0,0.0,0,None,56.89,0.0,71.1,No material anomaly signal detected.,Completed,RUN-20261008-254699
WS/MP18109/2024-2025/150183,V41,Madhya Pradesh,SIDHI,DR. RAJESH MISHRA,Normal/Others,259942.0,Physical Inspection,Audit,1,34.13,Medium,2,0,True,0,0,,,,False,False,False,False,259942.0,,259942.0,262724510.35,,2025-02-04,2025-11-08,,,,0,0.0,0,None,56.89,0.0,71.1,No material anomaly signal detected.,Completed,RUN-20261008-254699
WS/MP18109/2024-2025/150181,V41,Madhya Pradesh,SIDHI,DR. RAJESH MISHRA,Normal/Others,259942.0,Physical Inspection,Audit,1,34.13,Medium,2,0,True,0,0,,,,False,False,False,False,259942.0,,259942.0,262724510.35,,2025-02-04,2025-09-11,,,,0,0.0,0,None,56.89,0.0,71.1,No material anomaly signal detected.,Completed,RUN-20261008-254699
WS/MP18109/2024-2025/150172,V41,Madhya Pradesh,SIDHI,DR. RAJESH MISHRA,Normal/Others,259942.0,Physical Inspection,Audit,1,34.13,Medium,2,0,True,0,0,,,,False,False,False,False,259942.0,,259942.0,262724510.35,,2025-02-04,2025-09-11,,,,0,0.0,0,None,56.89,0.0,71.1,No material anomaly signal detected.,Completed,RUN-20261008-254699
WS/MP18109/2024-2025/150180,V41,Madhya Pradesh,SIDHI,DR. RAJESH MISHRA,Normal/Others,259942.0,Physical Inspection,Audit,1,34.13,Medium,2,0,True,0,0,,,,False,False,False,False,259942.0,,259942.0,262724510.35,,2025-02-04,2025-09-11,,,,0,0.0,0,None,56.89,0.0,71.1,No material anomaly signal detected.,Completed,RUN-20261008-254699
WS/MP18109/2024-2025/150179,V41,Madhya Pradesh,SIDHI,DR. RAJESH MISHRA,Normal/Others,259942.0,Physical Inspection,Audit,1,34.13,Medium,2,0,True,0,0,,,,False,False,False,False,259942.0,,259942.0,262724510.35,,2025-02-04,2025-09-11,,,,0,0.0,0,None,56.89,0.0,71.1,No material anomaly signal detected.,Completed,RUN-20261008-254699
WS/MP18109/2024-2025/150178,V41,Madhya Pradesh,SIDHI,DR. RAJESH MISHRA,Normal/Others,259942.0,Physical Inspection,Audit,1,34.13,Medium,2,0,True,0,0,,,,False,False,False,False,259942.0,,259942.0,262724510.35,,2025-02-04,2025-09-11,,,,0,0.0,0,None,56.89,0.0,71.1,No material anomaly signal detected.,Completed,RUN-20261008-254699
WS/MP18109/2024-2025/150177,V41,Madhya Pradesh,SIDHI,DR. RAJESH MISHRA,Normal/Others,259942.0,Physical Inspection,Audit,1,34.13,Medium,2,0,True,0,0,,,,False,False,False,False,259942.0,,259942.0,262724510.35,,2025-02-04,2025-09-11,,,,0,0.0,0,None,56.89,0.0,71.1,No material anomaly signal detected.,Completed,RUN-20261008-254699
WS/MP18109/2024-2025/150176,V41,Madhya Pradesh,SIDHI,DR. RAJESH MISHRA,Normal/Others,259942.0,Physical Inspection,Audit,1,34.13,Medium,2,0,True,0,0,,,,False,False,False,False,259942.0,,259942.0,262724510.35,,2025-02-04,2025-11-08,,,,0,0.0,0,None,56.89,0.0,71.1,No material anomaly signal detected.,Completed,RUN-20261008-254699
WS/MP18109/2024-2025/150175,V41,Madhya Pradesh,SIDHI,DR. RAJESH MISHRA,Normal/Others,259942.0,Physical Inspection,Audit,1,34.13,Medium,2,0,True,0,0,,,,False,False,False,False,259942.0,,259942.0,262724510.35,,2025-02-04,2025-09-11,,,,0,0.0,0,None,56.89,0.0,71.1,No material anomaly signal detected.,Completed,RUN-20261008-254699
WS/MP18109/2024-2025/150192,V41,Madhya Pradesh,SIDHI,DR. RAJESH MISHRA,Normal/Others,259942.0,Physical Inspection,Audit,1,34.13,Medium,2,0,True,0,0,,,,False,False,False,False,259942.0,,259942.0,262724510.35,,2025-02-04,2025-11-08,,,,0,0.0,0,None,56.89,0.0,71.1,No material anomaly signal detected.,Completed,RUN-20261008-254699
WS/MP18109/2024-2025/150173,V41,Madhya Pradesh,SIDHI,DR. RAJESH MISHRA,Normal/Others,259942.0,Physical Inspection,Audit,1,34.13,Medium,2,0,True,0,0,,,,False,False,False,False,259942.0,,259942.0,262724510.35,,2025-02-04,2025-04-19,,,,0,0.0,0,None,56.89,0.0,71.1,No material anomaly signal detected.,Completed,RUN-20261008-254699
WS/MP18109/2024-2025/150150,V41,Madhya Pradesh,SIDHI,DR. RAJESH MISHRA,Normal/Others,259942.0,Physical Inspection,Audit,1,34.13,Medium,2,0,True,0,0,,,,False,False,False,False,259942.0,,259942.0,262724510.35,,2025-02-04,2025-10-13,,,,0,0.0,0,None,56.89,0.0,71.1,No material anomaly signal detected.,Completed,RUN-20261008-254699
WS/MP18109/2024-2025/150130,V41,Madhya Pradesh,SIDHI,DR. RAJESH MISHRA,Normal/Others,259942.0,Physical Inspection,Audit,1,34.13,Medium,2,0,True,0,0,,,,False,False,False,False,259942.0,,259942.0,262724510.35,,2025-02-04,2025-10-13,,,,0,0.0,0,None,56.89,0.0,71.1,No material anomaly signal detected.,Completed,RUN-20261008-254699
WS/MP18109/2024-2025/150148,V41,Madhya Pradesh,SIDHI,DR. RAJESH MISHRA,Normal/Others,259942.0,Physical Inspection,Audit,1,34.13,Medium,2,0,True,0,0,,,,False,False,False,False,259942.0,,259942.0,262724510.35,,2025-02-04,2025-10-13,,,,0,0.0,0,None,56.89,0.0,71.1,No material anomaly signal detected.,Completed,RUN-20261008-254699
WS/MP18109/2024-2025/150193,V41,Madhya Pradesh,SIDHI,DR. RAJESH MISHRA,Normal/Others,259942.0,Physical Inspection,Audit,1,34.13,Medium,2,0,True,0,0,,,,False,False,False,False,259942.0,,259942.0,262724510.35,,2025-02-04,2025-11-08,,,,0,0.0,0,None,56.89,0.0,71.1,No material anomaly signal detected.,Completed,RUN-20261008-254699
WS/MP18109/2024-2025/150147,V41,Madhya Pradesh,SIDHI,DR. RAJESH MISHRA,Normal/Others,259942.0,Physical Inspection,Audit,1,34.13,Medium,2,0,True,0,0,,,,False,False,False,False,259942.0,,259942.0,262724510.35,,2025-02-04,2025-11-07,,,,0,0.0,0,None,56.89,0.0,71.1,No material anomaly signal detected.,Completed,RUN-20261008-254699
WS/MP18109/2024-2025/150196,V41,Madhya Pradesh,SIDHI,DR. RAJESH MISHRA,Normal/Others,259942.0,Physical Inspection,Audit,1,34.13,Medium,2,0,True,0,0,,,,False,False,False,False,259942.0,,259942.0,262724510.35,,2025-02-04,2025-11-08,,,,0,0.0,0,None,56.89,0.0,71.1,No material anomaly signal detected.,Completed,RUN-20261008-254699
WS/MP18109/2024-2025/150197,V41,Madhya Pradesh,SIDHI,DR. RAJESH MISHRA,Normal/Others,259942.0,Physical Inspection,Audit,1,34.13,Medium,2,0,True,0,0,,,,False,False,False,False,259942.0,,259942.0,262724510.35,,2025-02-04,2025-11-08,,,,0,0.0,0,None,56.89,0.0,71.1,No material anomaly signal detected.,Completed,RUN-20261008-254699
WS/MP18109/2024-2025/150198,V41,Madhya Pradesh,SIDHI,DR. RAJESH MISHRA,Normal/Others,259942.0,Physical Inspection,Audit,1,34.13,Medium,2,0,True,0,0,,,,False,False,False,False,259942.0,,259942.0,262724510.35,,2025-02-04,2025-11-08,,,,0,0.0,0,None,56.89,0.0,71.1,No material anomaly signal detected.,Completed,RUN-20261008-254699
WS/MP18109/2024-2025/150199,V41,Madhya Pradesh,SIDHI,DR. RAJESH MISHRA,Normal/Others,259942.0,Physical Inspection,Audit,1,34.13,Medium,2,0,True,0,0,,,,False,False,False,False,259942.0,,259942.0,262724510.35,,2025-02-04,2025-11-08,,,,0,0.0,0,None,56.89,0.0,71.1,No material anomaly signal detected.,Completed,RUN-20261008-254699
WS/MP18109/2024-2025/150200,V41,Madhya Pradesh,SIDHI,DR. RAJESH MISHRA,Normal/Others,259942.0,Physical Inspection,Audit,1,34.13,Medium,2,0,True,0,0,,,,False,False,False,False,259942.0,,259942.0,262724510.35,,2025-02-04,2025-11-08,,,,0,0.0,0,None,56.89,0.0,71.1,No material anomaly signal detected.,Completed,RUN-20261008-254699
WS/MP18109/2024-2025/150201,V41,Madhya Pradesh,SIDHI,DR. RAJESH MISHRA,Normal/Others,259942.0,Physical Inspection,Audit,1,34.13,Medium,2,0,True,0,0,,,,False,False,False,False,259942.0,,259942.0,262724510.35,,2025-02-04,2025-11-08,,,,0,0.0,0,None,56.89,0.0,71.1,No material anomaly signal detected.,Completed,RUN-20261008-254699
WS/MP18109/2024-2025/150202,V41,Madhya Pradesh,SIDHI,DR. RAJESH MISHRA,Normal/Others,259942.0,Physical Inspection,Audit,1,34.13,Medium,2,0,True,0,0,,,,False,False,False,False,259942.0,,259942.0,262724510.35,,2025-02-04,2025-11-08,,,,0,0.0,0,None,56.89,0.0,71.1,No material anomaly signal detected.,Completed,RUN-20261008-254699
WS/MP18109/2024-2025/150203,V41,Madhya Pradesh,SIDHI,DR. RAJESH MISHRA,Normal/Others,259942.0,Physical Inspection,Audit,1,34.13,Medium,2,0,True,0,0,,,,False,False,False,False,259942.0,,259942.0,262724510.35,,2025-02-04,2025-11-08,,,,0,0.0,0,None,56.89,0.0,71.1,No material anomaly signal detected.,Completed,RUN-20261008-254699
WS/MP18109/2024-2025/150204,V41,Madhya Pradesh,SIDHI,DR. RAJESH MISHRA,Normal/Others,259942.0,Physical Inspection,Audit,1,34.13,Medium,2,0,True,0,0,,,,False,False,False,False,259942.0,,259942.0,262724510.35,,2025-02-04,2025-11-08,,,,0,0.0,0,None,56.89,0.0,71.1,No material anomaly signal detected.,Completed,RUN-20261008-254699
WS/MP18109/2024-2025/150205,V41,Madhya Pradesh,SIDHI,DR. RAJESH MISHRA,Normal/Others,259942.0,Physical Inspection,Audit,1,34.13,Medium,2,0,True,0,0,,,,False,False,False,False,259942.0,,259942.0,262724510.35,,2025-02-04,2025-11-08,,,,0,0.0,0,None,56.89,0.0,71.1,No material anomaly signal detected.,Completed,RUN-20261008-254699
WS/MP18109/2024-2025/150206,V41,Madhya Pradesh,SIDHI,DR. RAJESH MISHRA,Normal/Others,259942.0,Physical Inspection,Audit,1,34.13,Medium,2,0,True,0,0,,,,False,False,False,False,259942.0,,259942.0,262724510.35,,2025-02-04,2025-11-08,,,,0,0.0,0,None,56.89,0.0,71.1,No material anomaly signal detected.,Completed,RUN-20261008-254699
WS/MP18109/2024-2025/150207,V41,Madhya Pradesh,SIDHI,DR. RAJESH MISHRA,Normal/Others,259942.0,Physical Inspection,Audit,1,34.13,Medium,2,0,True,0,0,,,,False,False,False,False,259942.0,,259942.0,262724510.35,,2025-02-04,2025-11-08,,,,0,0.0,0,None,56.89,0.0,71.1,No material anomaly signal detected.,Completed,RUN-20261008-254699
WS/MP18109/2024-2025/150208,V41,Madhya Pradesh,SIDHI,DR. RAJESH MISHRA,Normal/Others,259942.0,Physical Inspection,Audit,1,34.13,Medium,2,0,True,0,0,,,,False,False,False,False,259942.0,,259942.0,262724510.35,,2025-02-04,2025-11-08,,,,0,0.0,0,None,56.89,0.0,71.1,No material anomaly signal detected.,Completed,RUN-20261008-254699
WS/MP18109/2024-2025/150209,V41,Madhya Pradesh,SIDHI,DR. RAJESH MISHRA,Normal/Others,259942.0,Physical Inspection,Audit,1,34.13,Medium,2,0,True,0,0,,,,False,False,False,False,259942.0,,259942.0,262724510.35,,2025-02-04,2025-11-08,,,,0,0.0,0,None,56.89,0.0,71.1,No material anomaly signal detected.,Completed,RUN-20261008-254699
WS/MP18109/2024-2025/150194,V41,Madhya Pradesh,SIDHI,DR. RAJESH MISHRA,Normal/Others,259942.0,Physical Inspection,Audit,1,34.13,Medium,2,0,True,0,0,,,,False,False,False,False,259942.0,,259942.0,262724510.35,,2025-02-04,2025-11-08,,,,0,0.0,0,None,56.89,0.0,71.1,No material anomaly signal detected.,Completed,RUN-20261008-254699
WS/MP18109/2024-2025/150195,V41,Madhya Pradesh,SIDHI,DR. RAJESH MISHRA,Normal/Others,259942.0,Physical Inspection,Audit,1,34.13,Medium,2,0,True,0,0,,,,False,False,False,False,259942.0,,259942.0,262724510.35,,2025-02-04,2025-11-08,,,,0,0.0,0,None,56.89,0.0,71.1,No material anomaly signal detected.,Completed,RUN-20261008-254699
WS/MP18109/2024-2025/150191,V41,Madhya Pradesh,SIDHI,DR. RAJESH MISHRA,Normal/Others,259942.0,Physical Inspection,Audit,1,34.13,Medium,2,0,True,0,0,,,,False,False,False,False,259942.0,,259942.0,262724510.35,,2025-02-04,2025-11-08,,,,0,0.0,0,None,56.89,0.0,71.1,No material anomaly signal detected.,Completed,RUN-20261008-254699
WS/MP18109/2024-2025/150139,V41,Madhya Pradesh,SIDHI,DR. RAJESH MISHRA,Normal/Others,259942.0,Physical Inspection,Audit,1,34.13,Medium,2,0,True,0,0,,,,False,False,False,False,259942.0,,259942.0,262724510.35,,2025-02-04,2025-02-28,,,,0,0.0,0,None,56.89,0.0,71.1,No material anomaly signal detected.,Completed,RUN-20261008-254699
WS/MP18109/2024-2025/150146,V41,Madhya Pradesh,SIDHI,DR. RAJESH MISHRA,Normal/Others,259942.0,Physical Inspection,Audit,1,34.13,Medium,2,0,True,0,0,,,,False,False,False,False,259942.0,,259942.0,262724510.35,,2025-02-04,2025-11-07,,,,0,0.0,0,None,56.89,0.0,71.1,No material anomaly signal detected.,Completed,RUN-20261008-254699
WS/MP18109/2024-2025/150145,V41,Madhya Pradesh,SIDHI,DR. RAJESH MISHRA,Normal/Others,259942.0,Physical Inspection,Audit,1,34.13,Medium,2,0,True,0,0,,,,False,False,False,False,259942.0,,259942.0,262724510.35,,2025-02-04,2025-11-07,,,,0,0.0,0,None,56.89,0.0,71.1,No material anomaly signal detected.,Completed,RUN-20261008-254699
WS/MP18109/2024-2025/150144,V41,Madhya Pradesh,SIDHI,DR. RAJESH MISHRA,Normal/Others,259942.0,Physical Inspection,Audit,1,34.13,Medium,2,0,True,0,0,,,,False,False,False,False,259942.0,,259942.0,262724510.35,,2025-02-04,2025-02-28,,,,0,0.0,0,None,56.89,0.0,71.1,No material anomaly signal detected.,Completed,RUN-20261008-254699
WS/MP18109/2024-2025/150143,V41,Madhya Pradesh,SIDHI,DR. RAJESH MISHRA,Normal/Others,259942.0,Physical Inspection,Audit,1,34.13,Medium,2,0,True,0,0,,,,False,False,False,False,259942.0,,259942.0,262724510.35,,2025-02-04,2025-10-13,,,,0,0.0,0,None,56.89,0.0,71.1,No material anomaly signal detected.,Completed,RUN-20261008-254699
WS/MP18109/2024-2025/150142,V41,Madhya Pradesh,SIDHI,DR. RAJESH MISHRA,Normal/Others,259942.0,Physical Inspection,Audit,1,34.13,Medium,2,0,True,0,0,,,,False,False,False,False,259942.0,,259942.0,262724510.35,,2025-02-04,2025-10-13,,,,0,0.0,0,None,56.89,0.0,71.1,No material anomaly signal detected.,Completed,RUN-20261008-254699
WS/MP18109/2024-2025/150131,V41,Madhya Pradesh,SIDHI,DR. RAJESH MISHRA,Normal/Others,259942.0,Physical Inspection,Audit,1,34.13,Medium,2,0,True,0,0,,,,False,False,False,False,259942.0,,259942.0,262724510.35,,2025-02-04,2025-02-28,,,,0,0.0,0,None,56.89,0.0,71.1,No material anomaly signal detected.,Completed,RUN-20261008-254699
WS/MP18109/2024-2025/150140,V41,Madhya Pradesh,SIDHI,DR. RAJESH MISHRA,Normal/Others,259942.0,Physical Inspection,Audit,1,34.13,Medium,2,0,True,0,0,,,,False,False,False,False,259942.0,,259942.0,262724510.35,,2025-02-04,2025-10-13,,,,0,0.0,0,None,56.89,0.0,71.1,No material anomaly signal detected.,Completed,RUN-20261008-254699
WS/MP18109/2024-2025/150141,V41,Madhya Pradesh,SIDHI,DR. RAJESH MISHRA,Normal/Others,259942.0,Physical Inspection,Audit,1,34.13,Medium,2,0,True,0,0,,,,False,False,False,False,259942.0,,259942.0,262724510.35,,2025-02-04,2025-10-13,,,,0,0.0,0,None,56.89,0.0,71.1,No material anomaly signal detected.,Completed,RUN-20261008-254699
WS/MP18109/2024-2025/150138,V41,Madhya Pradesh,SIDHI,DR. RAJESH MISHRA,Normal/Others,259942.0,Physical Inspection,Audit,1,34.13,Medium,2,0,True,0,0,,,,False,False,False,False,259942.0,,259942.0,262724510.35,,2025-02-04,2025-10-13,,,,0,0.0,0,None,56.89,0.0,71.1,No material anomaly signal detected.,Completed,RUN-20261008-254699
WS/MP18109/2024-2025/150137,V41,Madhya Pradesh,SIDHI,DR. RAJESH MISHRA,Normal/Others,259942.0,Physical Inspection,Audit,1,34.13,Medium,2,0,True,0,0,,,,False,False,False,False,259942.0,,259942.0,262724510.35,,2025-02-04,2025-10-13,,,,0,0.0,0,None,56.89,0.0,71.1,No material anomaly signal detected.,Completed,RUN-20261008-254699
WS/MP18109/2024-2025/150136,V41,Madhya Pradesh,SIDHI,DR. RAJESH MISHRA,Normal/Others,259942.0,Physical Inspection,Audit,1,34.13,Medium,2,0,True,0,0,,,,False,False,False,False,259942.0,,259942.0,262724510.35,,2025-02-04,2025-02-28,,,,0,0.0,0,None,56.89,0.0,71.1,No material anomaly signal detected.,Completed,RUN-20261008-254699
WS/MP18109/2024-2025/150135,V41,Madhya Pradesh,SIDHI,DR. RAJESH MISHRA,Normal/Others,259942.0,Physical Inspection,Audit,1,34.13,Medium,2,0,True,0,0,,,,False,False,False,False,259942.0,,259942.0,262724510.35,,2025-02-04,2025-10-13,,,,0,0.0,0,None,56.89,0.0,71.1,No material anomaly signal detected.,Completed,RUN-20261008-254699
WS/MP18109/2024-2025/150134,V41,Madhya Pradesh,SIDHI,DR. RAJESH MISHRA,Normal/Others,259942.0,Physical Inspection,Audit,1,34.13,Medium,2,0,True,0,0,,,,False,False,False,False,259942.0,,259942.0,262724510.35,,2025-02-04,2025-10-13,,,,0,0.0,0,None,56.89,0.0,71.1,No material anomaly signal detected.,Completed,RUN-20261008-254699
WS/MP18109/2024-2025/150133,V41,Madhya Pradesh,SIDHI,DR. RAJESH MISHRA,Normal/Others,259942.0,Physical Inspection,Audit,1,34.13,Medium,2,0,True,0,0,,,,False,False,False,False,259942.0,,259942.0,262724510.35,,2025-02-04,2025-02-28,,,,0,0.0,0,None,56.89,0.0,71.1,No material anomaly signal detected.,Completed,RUN-20261008-254699
WS/MP18109/2024-2025/150132,V41,Madhya Pradesh,SIDHI,DR. RAJESH MISHRA,Normal/Others,259942.0,Physical Inspection,Audit,1,34.13,Medium,2,0,True,0,0,,,,False,False,False,False,259942.0,,259942.0,262724510.35,,2025-02-04,2025-10-13,,,,0,0.0,0,None,56.89,0.0,71.1,No material anomaly signal detected.,Completed,RUN-20261008-254699
WS/MP18109/2024-2025/150190,V41,Madhya Pradesh,SIDHI,DR. RAJESH MISHRA,Normal/Others,259942.0,Physical Inspection,Audit,1,34.13,Medium,2,0,True,0,0,,,,False,False,False,False,259942.0,,259942.0,262724510.35,,2025-02-04,2025-11-08,,,,0,0.0,0,None,56.89,0.0,71.1,No material anomaly signal detected.,Completed,RUN-20261008-254699
WS/MP18100/2026-2027/263410,V41,,,,,,,Early-Warning,0,34.07,Medium,2,0,False,0,0,,,,False,False,False,False,,60000.0,,,,,,2026-08-19,,sarpanch gp dhala,1,60000.0,0,None,56.79,0.0,66.3,No material anomaly signal detected.,Under Implementation,RUN-20261008-254699
WS/MP18100/2026-2027/263092,V41,,,,,,,Early-Warning,0,34.07,Medium,2,0,False,0,0,,,,False,False,False,False,,60000.0,,,,,,2026-08-19,,sarpanch gp khajriantu,1,60000.0,0,None,56.79,0.0,66.3,No material anomaly signal detected.,Under Implementation,RUN-20261008-254699
WS/MP18100/2025-2026/251014,V41,,,,,,,Early-Warning,0,34.07,Medium,2,0,False,0,0,,,,False,False,False,False,,60000.0,,,,,,2026-08-25,,GRAM PANCHAYAT ARJUNWADI,1,60000.0,0,None,56.79,0.0,66.3,No material anomaly signal detected.,Under Implementation,RUN-20261008-254699
WS/MP643/2025-2026/251157,V41,,,,,,,Early-Warning,0,34.02,Medium,2,1,False,0,0,,,,False,False,False,False,,69700.0,,,,,,2026-07-18,,Sudhir Bare,1,69700.0,1,None,56.7,0.0,66.3,No material anomaly signal detected.,Under Implementation,RUN-20261008-254699
WS/MP18104/2025-2026/244428,V41,,,,,,,Early-Warning,0,33.98,Medium,2,0,False,0,0,,,,False,False,False,False,,74000.0,,,,,,2026-07-30,,Sachiv gram panchayat Nitaya,1,74000.0,0,None,56.64,0.0,66.3,No material anomaly signal detected.,Under Implementation,RUN-20261008-254699
WS/MP444/2025-2026/252365,V41,,,,,,,Early-Warning,0,33.92,Medium,2,0,False,0,0,,,,False,False,False,False,,75000.0,,,,,,2026-08-20,,YADAV TRADERS,1,75000.0,0,None,56.54,0.0,66.3,No material anomaly signal detected.,Under Implementation,RUN-20261008-254699
WS/MP18100/2026-2027/263129,V41,,,,,,,Early-Warning,0,33.92,Medium,2,0,False,0,0,,,,False,False,False,False,,75000.0,,,,,,2026-08-19,,GRAM PANCHYAT LINGPANI,1,75000.0,0,None,56.54,0.0,66.3,No material anomaly signal detected.,Under Implementation,RUN-20261008-254699
WS/MP18100/2026-2027/263128,V41,,,,,,,Early-Warning,0,33.92,Medium,2,0,False,0,0,,,,False,False,False,False,,75000.0,,,,,,2026-08-19,,GRAM PANCHYATBINEKI,1,75000.0,0,None,56.54,0.0,66.3,No material anomaly signal detected.,Under Implementation,RUN-20261008-254699
WS/MP18104/2026-2027/290483,V41,,,,,,,Early-Warning,0,33.92,Medium,2,0,False,0,0,,,,False,False,False,False,,75000.0,,,,,,2026-08-25,,SFC GRAM PANCHAYAT MATHNI,1,75000.0,0,None,56.54,0.0,66.3,No material anomaly signal detected.,Under Implementation,RUN-20261008-254699
WS/MP18104/2026-2027/213505,V41,,,,,,,Early-Warning,0,33.92,Medium,2,0,False,0,0,,,,False,False,False,False,,75000.0,,,,,,2026-07-02,,GP SAGONIYA JP BADI,1,75000.0,0,None,56.54,0.0,66.3,No material anomaly signal detected.,Under Implementation,RUN-20261008-254699
WS/MP18104/2025-2026/213696,V41,,,,,,,Early-Warning,0,33.92,Medium,2,0,False,0,0,,,,False,False,False,False,,75000.0,,,,,,2026-01-06,,Sachiv Gram panchayat kulamadi,1,75000.0,0,None,56.54,0.0,66.3,No material anomaly signal detected.,Under Implementation,RUN-20261008-254699
WS/MP643/2024-2025/136010,V41,Madhya Pradesh,KHANDWA,Gyaneshwar Patil,Normal/Others,445200.0,Work partially Completed,Audit,1,33.31,Medium,2,0,True,0,0,,,25.0,False,False,False,False,445200.0,,,155690684.77,2024-08-17,2024-09-11,,,,,0,0.0,0,None,55.51,0.0,76.0,No material anomaly signal detected.,Completed,RUN-20261008-254699
WS/MP643/2024-2025/135994,V41,Madhya Pradesh,KHANDWA,Gyaneshwar Patil,Normal/Others,445200.0,Work partially Completed,Audit,1,33.31,Medium,2,0,True,0,0,,,25.0,False,False,False,False,445200.0,,,155690684.77,2024-08-17,2024-09-11,,,,,0,0.0,0,None,55.51,0.0,76.0,No material anomaly signal detected.,Completed,RUN-20261008-254699
WS/MP643/2024-2025/135995,V41,Madhya Pradesh,KHANDWA,Gyaneshwar Patil,Normal/Others,445200.0,Work partially Completed,Audit,1,33.31,Medium,2,0,True,0,0,,,25.0,False,False,False,False,445200.0,,,155690684.77,2024-08-17,2024-09-11,,,,,0,0.0,0,None,55.51,0.0,76.0,No material anomaly signal detected.,Completed,RUN-20261008-254699
WS/MP643/2024-2025/135999,V41,Madhya Pradesh,KHANDWA,Gyaneshwar Patil,Normal/Others,445200.0,Work partially Completed,Audit,1,33.31,Medium,2,0,True,0,0,,,25.0,False,False,False,False,445200.0,,,155690684.77,2024-08-17,2024-09-11,,,,,0,0.0,0,None,55.51,0.0,76.0,No material anomaly signal detected.,Completed,RUN-20261008-254699
WS/MP643/2024-2025/135996,V41,Madhya Pradesh,KHANDWA,Gyaneshwar Patil,Normal/Others,445200.0,Work partially Completed,Audit,1,33.31,Medium,2,0,True,0,0,,,25.0,False,False,False,False,445200.0,,,155690684.77,2024-08-17,2024-09-11,,,,,0,0.0,0,None,55.51,0.0,76.0,No material anomaly signal detected.,Completed,RUN-20261008-254699
WS/MP643/2024-2025/135993,V41,Madhya Pradesh,KHANDWA,Gyaneshwar Patil,Normal/Others,445200.0,Work partially Completed,Audit,1,33.31,Medium,2,0,True,0,0,,,25.0,False,False,False,False,445200.0,,,155690684.77,2024-08-17,2024-09-11,,,,,0,0.0,0,None,55.51,0.0,76.0,No material anomaly signal detected.,Completed,RUN-20261008-254699
WS/MP643/2024-2025/136011,V41,Madhya Pradesh,KHANDWA,Gyaneshwar Patil,Normal/Others,445200.0,Work partially Completed,Audit,1,33.31,Medium,2,0,True,0,0,,,25.0,False,False,False,False,445200.0,,,155690684.77,2024-08-17,2024-09-11,,,,,0,0.0,0,None,55.51,0.0,76.0,No material anomaly signal detected.,Completed,RUN-20261008-254699
WS/MP643/2024-2025/135998,V41,Madhya Pradesh,KHANDWA,Gyaneshwar Patil,Normal/Others,445200.0,Work partially Completed,Audit,1,33.31,Medium,2,0,True,0,0,,,25.0,False,False,False,False,445200.0,,,155690684.77,2024-08-17,2024-09-11,,,,,0,0.0,0,None,55.51,0.0,76.0,No material anomaly signal detected.,Completed,RUN-20261008-254699
WS/MP643/2024-2025/136009,V41,Madhya Pradesh,KHANDWA,Gyaneshwar Patil,Normal/Others,445200.0,Work partially Completed,Audit,1,33.31,Medium,2,0,True,0,0,,,25.0,False,False,False,False,445200.0,,,155690684.77,2024-08-17,2024-09-11,,,,,0,0.0,0,None,55.51,0.0,76.0,No material anomaly signal detected.,Completed,RUN-20261008-254699
WS/MP643/2024-2025/136004,V41,Madhya Pradesh,KHANDWA,Gyaneshwar Patil,Normal/Others,445200.0,Vendor Identification,Early-Warning,0,33.31,Medium,2,0,True,0,0,,,25.0,False,False,False,False,445200.0,,,155690684.77,2024-08-17,2024-09-11,,,,,0,0.0,0,None,55.51,0.0,76.0,No material anomaly signal detected.,Under Implementation,RUN-20261008-254699
WS/MP643/2024-2025/136000,V41,Madhya Pradesh,KHANDWA,Gyaneshwar Patil,Normal/Others,445200.0,Work partially Completed,Audit,1,33.31,Medium,2,0,True,0,0,,,25.0,False,False,False,False,445200.0,,,155690684.77,2024-08-17,2024-09-11,,,,,0,0.0,0,None,55.51,0.0,76.0,No material anomaly signal detected.,Completed,RUN-20261008-254699
WS/MP643/2024-2025/136001,V41,Madhya Pradesh,KHANDWA,Gyaneshwar Patil,Normal/Others,445200.0,Work partially Completed,Audit,1,33.31,Medium,2,0,True,0,0,,,25.0,False,False,False,False,445200.0,,,155690684.77,2024-08-17,2024-09-11,,,,,0,0.0,0,None,55.51,0.0,76.0,No material anomaly signal detected.,Completed,RUN-20261008-254699
WS/MP643/2024-2025/136002,V41,Madhya Pradesh,KHANDWA,Gyaneshwar Patil,Normal/Others,445200.0,Work partially Completed,Audit,1,33.31,Medium,2,0,True,0,0,,,25.0,False,False,False,False,445200.0,,,155690684.77,2024-08-17,2024-09-11,,,,,0,0.0,0,None,55.51,0.0,76.0,No material anomaly signal detected.,Completed,RUN-20261008-254699
WS/MP643/2024-2025/136003,V41,Madhya Pradesh,KHANDWA,Gyaneshwar Patil,Normal/Others,445200.0,Work partially Completed,Audit,1,33.31,Medium,2,0,True,0,0,,,25.0,False,False,False,False,445200.0,,,155690684.77,2024-08-17,2024-09-11,,,,,0,0.0,0,None,55.51,0.0,76.0,No material anomaly signal detected.,Completed,RUN-20261008-254699
WS/MP643/2024-2025/135997,V41,Madhya Pradesh,KHANDWA,Gyaneshwar Patil,Normal/Others,445200.0,Work partially Completed,Audit,1,33.31,Medium,2,0,True,0,0,,,25.0,False,False,False,False,445200.0,,,155690684.77,2024-08-17,2024-09-11,,,,,0,0.0,0,None,55.51,0.0,76.0,No material anomaly signal detected.,Completed,RUN-20261008-254699
WS/MP643/2024-2025/136008,V41,Madhya Pradesh,KHANDWA,Gyaneshwar Patil,Normal/Others,445200.0,Work partially Completed,Audit,1,33.31,Medium,2,0,True,0,0,,,25.0,False,False,False,False,445200.0,,,155690684.77,2024-08-17,2024-09-11,,,,,0,0.0,0,None,55.51,0.0,76.0,No material anomaly signal detected.,Completed,RUN-20261008-254699
WS/MP643/2024-2025/136007,V41,Madhya Pradesh,KHANDWA,Gyaneshwar Patil,Normal/Others,445200.0,Work partially Completed,Audit,1,33.31,Medium,2,0,True,0,0,,,25.0,False,False,False,False,445200.0,,,155690684.77,2024-08-17,2024-09-11,,,,,0,0.0,0,None,55.51,0.0,76.0,No material anomaly signal detected.,Completed,RUN-20261008-254699
WS/MP643/2024-2025/136005,V41,Madhya Pradesh,KHANDWA,Gyaneshwar Patil,Normal/Others,445200.0,Work partially Completed,Audit,1,33.31,Medium,2,0,True,0,0,,,25.0,False,False,False,False,445200.0,,,155690684.77,2024-08-17,2024-09-11,,,,,0,0.0,0,None,55.51,0.0,76.0,No material anomaly signal detected.,Completed,RUN-20261008-254699
WS/MP643/2024-2025/136006,V41,Madhya Pradesh,KHANDWA,Gyaneshwar Patil,Normal/Others,445200.0,Work partially Completed,Audit,1,33.31,Medium,2,0,True,0,0,,,25.0,False,False,False,False,445200.0,,,155690684.77,2024-08-17,2024-09-11,,,,,0,0.0,0,None,55.51,0.0,76.0,No material anomaly signal detected.,Completed,RUN-20261008-254699
WS/MP18109/2024-2025/175931,V41,Madhya Pradesh,SIDHI,DR. RAJESH MISHRA,Normal/Others,,,Audit,1,32.86,Medium,1,0,True,0,0,,,,False,False,False,False,,,1157705.0,262724510.35,,,2026-02-17,,,,0,0.0,0,None,54.77,0.0,63.9,No material anomaly signal detected.,Completed,RUN-20261008-254699
WS/MP18109/2024-2025/175939,V41,Madhya Pradesh,SIDHI,DR. RAJESH MISHRA,Normal/Others,,,Audit,1,32.86,Medium,1,0,True,0,0,,,,False,False,False,False,,,1157705.0,262724510.35,,,2026-02-17,,,,0,0.0,0,None,54.77,0.0,63.9,No material anomaly signal detected.,Completed,RUN-20261008-254699
WS/MP18109/2024-2025/175943,V41,Madhya Pradesh,SIDHI,DR. RAJESH MISHRA,Normal/Others,,,Audit,1,32.86,Medium,1,0,True,0,0,,,,False,False,False,False,,,1157705.0,262724510.35,,,2026-02-17,,,,0,0.0,0,None,54.77,0.0,63.9,No material anomaly signal detected.,Completed,RUN-20261008-254699
WS/MP18109/2024-2025/175942,V41,Madhya Pradesh,SIDHI,DR. RAJESH MISHRA,Normal/Others,,,Audit,1,32.86,Medium,1,0,True,0,0,,,,False,False,False,False,,,1157705.0,262724510.35,,,2026-02-17,,,,0,0.0,0,None,54.77,0.0,63.9,No material anomaly signal detected.,Completed,RUN-20261008-254699
WS/MP18109/2024-2025/175941,V41,Madhya Pradesh,SIDHI,DR. RAJESH MISHRA,Normal/Others,,,Audit,1,32.86,Medium,1,0,True,0,0,,,,False,False,False,False,,,1157705.0,262724510.35,,,2026-02-17,,,,0,0.0,0,None,54.77,0.0,63.9,No material anomaly signal detected.,Completed,RUN-20261008-254699
WS/MP18109/2024-2025/175938,V41,Madhya Pradesh,SIDHI,DR. RAJESH MISHRA,Normal/Others,,,Audit,1,32.86,Medium,1,0,True,0,0,,,,False,False,False,False,,,1157705.0,262724510.35,,,2026-02-17,,,,0,0.0,0,None,54.77,0.0,63.9,No material anomaly signal detected.,Completed,RUN-20261008-254699
WS/MP18109/2024-2025/175932,V41,Madhya Pradesh,SIDHI,DR. RAJESH MISHRA,Normal/Others,,,Audit,1,32.86,Medium,1,0,True,0,0,,,,False,False,False,False,,,1157705.0,262724510.35,,,2026-02-17,,,,0,0.0,0,None,54.77,0.0,63.9,No material anomaly signal detected.,Completed,RUN-20261008-254699
WS/MP18109/2024-2025/175937,V41,Madhya Pradesh,SIDHI,DR. RAJESH MISHRA,Normal/Others,,,Audit,1,32.86,Medium,1,0,True,0,0,,,,False,False,False,False,,,1157705.0,262724510.35,,,2026-02-17,,,,0,0.0,0,None,54.77,0.0,63.9,No material anomaly signal detected.,Completed,RUN-20261008-254699
WS/MP18109/2024-2025/175930,V41,Madhya Pradesh,SIDHI,DR. RAJESH MISHRA,Normal/Others,,,Audit,1,32.86,Medium,1,0,True,0,0,,,,False,False,False,False,,,1157705.0,262724510.35,,,2026-02-17,,,,0,0.0,0,None,54.77,0.0,63.9,No material anomaly signal detected.,Completed,RUN-20261008-254699
WS/MP18109/2024-2025/175935,V41,Madhya Pradesh,SIDHI,DR. RAJESH MISHRA,Normal/Others,,,Audit,1,32.86,Medium,1,0,True,0,0,,,,False,False,False,False,,,1157705.0,262724510.35,,,2026-02-17,,,,0,0.0,0,None,54.77,0.0,63.9,No material anomaly signal detected.,Completed,RUN-20261008-254699
WS/MP18109/2024-2025/175934,V41,Madhya Pradesh,SIDHI,DR. RAJESH MISHRA,Normal/Others,,,Audit,1,32.86,Medium,1,0,True,0,0,,,,False,False,False,False,,,1157705.0,262724510.35,,,2026-02-17,,,,0,0.0,0,None,54.77,0.0,63.9,No material anomaly signal detected.,Completed,RUN-20261008-254699
WS/MP18109/2024-2025/175933,V41,Madhya Pradesh,SIDHI,DR. RAJESH MISHRA,Normal/Others,,,Audit,1,32.86,Medium,1,0,True,0,0,,,,False,False,False,False,,,1157705.0,262724510.35,,,2026-02-17,,,,0,0.0,0,None,54.77,0.0,63.9,No material anomaly signal detected.,Completed,RUN-20261008-254699
WS/MP18109/2024-2025/175936,V41,Madhya Pradesh,SIDHI,DR. RAJESH MISHRA,Normal/Others,,,Audit,1,32.86,Medium,1,0,True,0,0,,,,False,False,False,False,,,1157705.0,262724510.35,,,2026-02-17,,,,0,0.0,0,None,54.77,0.0,63.9,No material anomaly signal detected.,Completed,RUN-20261008-254699
WS/MP18109/2025-2026/206944,V41,Madhya Pradesh,SIDHI,DR. RAJESH MISHRA,Normal/Others,,,Audit,1,32.86,Medium,1,0,True,0,0,,,,False,False,False,False,,,2495850.0,262724510.35,,,2025-09-09,,,,0,0.0,0,None,54.77,0.0,63.9,No material anomaly signal detected.,Completed,RUN-20261008-254699
WS/MP18109/2025-2026/164958,V41,Madhya Pradesh,SIDHI,DR. RAJESH MISHRA,Normal/Others,,,Audit,1,32.86,Medium,1,0,True,0,0,,,,False,False,False,False,,,581200.0,262724510.35,,,2025-08-02,,,,0,0.0,0,None,54.77,0.0,63.9,No material anomaly signal detected.,Completed,RUN-20261008-254699
WS/MP18109/2025-2026/206938,V41,Madhya Pradesh,SIDHI,DR. RAJESH MISHRA,Normal/Others,,,Audit,1,32.86,Medium,1,0,True,0,0,,,,False,False,False,False,,,2495850.0,262724510.35,,,2025-09-09,,,,0,0.0,0,None,54.77,0.0,63.9,No material anomaly signal detected.,Completed,RUN-20261008-254699
WS/MP18109/2025-2026/206939,V41,Madhya Pradesh,SIDHI,DR. RAJESH MISHRA,Normal/Others,,,Audit,1,32.86,Medium,1,0,True,0,0,,,,False,False,False,False,,,2495850.0,262724510.35,,,2025-09-09,,,,0,0.0,0,None,54.77,0.0,63.9,No material anomaly signal detected.,Completed,RUN-20261008-254699
WS/MP18109/2025-2026/206940,V41,Madhya Pradesh,SIDHI,DR. RAJESH MISHRA,Normal/Others,,,Audit,1,32.86,Medium,1,0,True,0,0,,,,False,False,False,False,,,2495850.0,262724510.35,,,2025-09-09,,,,0,0.0,0,None,54.77,0.0,63.9,No material anomaly signal detected.,Completed,RUN-20261008-254699
WS/MP18109/2025-2026/206941,V41,Madhya Pradesh,SIDHI,DR. RAJESH MISHRA,Normal/Others,,,Audit,1,32.86,Medium,1,0,True,0,0,,,,False,False,False,False,,,2495850.0,262724510.35,,,2025-09-09,,,,0,0.0,0,None,54.77,0.0,63.9,No material anomaly signal detected.,Completed,RUN-20261008-254699
WS/MP18109/2025-2026/206942,V41,Madhya Pradesh,SIDHI,DR. RAJESH MISHRA,Normal/Others,,,Audit,1,32.86,Medium,1,0,True,0,0,,,,False,False,False,False,,,2495850.0,262724510.35,,,2025-09-09,,,,0,0.0,0,None,54.77,0.0,63.9,No material anomaly signal detected.,Completed,RUN-20261008-254699
WS/MP18109/2025-2026/206943,V41,Madhya Pradesh,SIDHI,DR. RAJESH MISHRA,Normal/Others,,,Audit,1,32.86,Medium,1,0,True,0,0,,,,False,False,False,False,,,2495850.0,262724510.35,,,2025-09-09,,,,0,0.0,0,None,54.77,0.0,63.9,No material anomaly signal detected.,Completed,RUN-20261008-254699
WS/MP18109/2025-2026/206945,V41,Madhya Pradesh,SIDHI,DR. RAJESH MISHRA,Normal/Others,,,Audit,1,32.86,Medium,1,0,True,0,0,,,,False,False,False,False,,,2495850.0,262724510.35,,,2025-09-09,,,,0,0.0,0,None,54.77,0.0,63.9,No material anomaly signal detected.,Completed,RUN-20261008-254699
WS/MP18109/2025-2026/206946,V41,Madhya Pradesh,SIDHI,DR. RAJESH MISHRA,Normal/Others,,,Audit,1,32.86,Medium,1,0,True,0,0,,,,False,False,False,False,,,2495850.0,262724510.35,,,2025-09-09,,,,0,0.0,0,None,54.77,0.0,63.9,No material anomaly signal detected.,Completed,RUN-20261008-254699
WS/MP18109/2025-2026/206947,V41,Madhya Pradesh,SIDHI,DR. RAJESH MISHRA,Normal/Others,,,Audit,1,32.86,Medium,1,0,True,0,0,,,,False,False,False,False,,,2495850.0,262724510.35,,,2025-09-09,,,,0,0.0,0,None,54.77,0.0,63.9,No material anomaly signal detected.,Completed,RUN-20261008-254699
WS/MP18109/2025-2026/206948,V41,Madhya Pradesh,SIDHI,DR. RAJESH MISHRA,Normal/Others,,,Audit,1,32.86,Medium,1,0,True,0,0,,,,False,False,False,False,,,2495850.0,262724510.35,,,2025-09-09,,,,0,0.0,0,None,54.77,0.0,63.9,No material anomaly signal detected.,Completed,RUN-20261008-254699
WS/MP18109/2025-2026/206949,V41,Madhya Pradesh,SIDHI,DR. RAJESH MISHRA,Normal/Others,,,Audit,1,32.86,Medium,1,0,True,0,0,,,,False,False,False,False,,,2495850.0,262724510.35,,,2025-09-09,,,,0,0.0,0,None,54.77,0.0,63.9,No material anomaly signal detected.,Completed,RUN-20261008-254699
WS/MP18109/2025-2026/217947,V41,Madhya Pradesh,SIDHI,DR. RAJESH MISHRA,Normal/Others,,,Audit,1,32.86,Medium,1,0,True,0,0,,,,False,False,False,False,,,1499438.0,262724510.35,,,2026-07-28,,,,0,0.0,0,None,54.77,0.0,63.9,No material anomaly signal detected.,Completed,RUN-20261008-254699
WS/MP18109/2025-2026/217948,V41,Madhya Pradesh,SIDHI,DR. RAJESH MISHRA,Normal/Others,,,Audit,1,32.86,Medium,1,0,True,0,0,,,,False,False,False,False,,,1499438.0,262724510.35,,,2026-03-16,,,,0,0.0,0,None,54.77,0.0,63.9,No material anomaly signal detected.,Completed,RUN-20261008-254699
WS/MP18109/2024-2025/175928,V41,Madhya Pradesh,SIDHI,DR. RAJESH MISHRA,Normal/Others,,,Audit,1,32.86,Medium,1,0,True,0,0,,,,False,False,False,False,,,1157705.0,262724510.35,,,2026-02-17,,,,0,0.0,0,None,54.77,0.0,63.9,No material anomaly signal detected.,Completed,RUN-20261008-254699
WS/MP18109/2024-2025/175929,V41,Madhya Pradesh,SIDHI,DR. RAJESH MISHRA,Normal/Others,,,Audit,1,32.86,Medium,1,0,True,0,0,,,,False,False,False,False,,,1157705.0,262724510.35,,,2026-02-17,,,,0,0.0,0,None,54.77,0.0,63.9,No material anomaly signal detected.,Completed,RUN-20261008-254699
WS/MP18109/2024-2025/175940,V41,Madhya Pradesh,SIDHI,DR. RAJESH MISHRA,Normal/Others,,,Audit,1,32.86,Medium,1,0,True,0,0,,,,False,False,False,False,,,1157705.0,262724510.35,,,2026-02-17,,,,0,0.0,0,None,54.77,0.0,63.9,No material anomaly signal detected.,Completed,RUN-20261008-254699
WS/MP18109/2024-2025/175927,V41,Madhya Pradesh,SIDHI,DR. RAJESH MISHRA,Normal/Others,,,Audit,1,32.86,Medium,1,0,True,0,0,,,,False,False,False,False,,,1157705.0,262724510.35,,,2026-02-12,,,,0,0.0,0,None,54.77,0.0,63.9,No material anomaly signal detected.,Completed,RUN-20261008-254699
WS/MP18109/2024-2025/175866,V41,Madhya Pradesh,SIDHI,DR. RAJESH MISHRA,Normal/Others,,,Audit,1,32.86,Medium,1,0,True,0,0,,,,False,False,False,False,,,1157705.0,262724510.35,,,2026-01-29,,,,0,0.0,0,None,54.77,0.0,63.9,No material anomaly signal detected.,Completed,RUN-20261008-254699
WS/MP18109/2024-2025/175874,V41,Madhya Pradesh,SIDHI,DR. RAJESH MISHRA,Normal/Others,,,Audit,1,32.86,Medium,1,0,True,0,0,,,,False,False,False,False,,,1157705.0,262724510.35,,,2026-01-29,,,,0,0.0,0,None,54.77,0.0,63.9,No material anomaly signal detected.,Completed,RUN-20261008-254699
WS/MP18109/2024-2025/175873,V41,Madhya Pradesh,SIDHI,DR. RAJESH MISHRA,Normal/Others,,,Audit,1,32.86,Medium,1,0,True,0,0,,,,False,False,False,False,,,1157705.0,262724510.35,,,2026-01-29,,,,0,0.0,0,None,54.77,0.0,63.9,No material anomaly signal detected.,Completed,RUN-20261008-254699
WS/MP18109/2024-2025/175872,V41,Madhya Pradesh,SIDHI,DR. RAJESH MISHRA,Normal/Others,,,Audit,1,32.86,Medium,1,0,True,0,0,,,,False,False,False,False,,,1157705.0,262724510.35,,,2026-01-29,,,,0,0.0,0,None,54.77,0.0,63.9,No material anomaly signal detected.,Completed,RUN-20261008-254699
WS/MP18109/2024-2025/175870,V41,Madhya Pradesh,SIDHI,DR. RAJESH MISHRA,Normal/Others,,,Audit,1,32.86,Medium,1,0,True,0,0,,,,False,False,False,False,,,1157705.0,262724510.35,,,2026-01-29,,,,0,0.0,0,None,54.77,0.0,63.9,No material anomaly signal detected.,Completed,RUN-20261008-254699
WS/MP18109/2024-2025/175869,V41,Madhya Pradesh,SIDHI,DR. RAJESH MISHRA,Normal/Others,,,Audit,1,32.86,Medium,1,0,True,0,0,,,,False,False,False,False,,,1156705.0,262724510.35,,,2026-01-29,,,,0,0.0,0,None,54.77,0.0,63.9,No material anomaly signal detected.,Completed,RUN-20261008-254699
WS/MP18109/2024-2025/175868,V41,Madhya Pradesh,SIDHI,DR. RAJESH MISHRA,Normal/Others,,,Audit,1,32.86,Medium,1,0,True,0,0,,,,False,False,False,False,,,1157705.0,262724510.35,,,2026-01-29,,,,0,0.0,0,None,54.77,0.0,63.9,No material anomaly signal detected.,Completed,RUN-20261008-254699
WS/MP18109/2024-2025/175867,V41,Madhya Pradesh,SIDHI,DR. RAJESH MISHRA,Normal/Others,,,Audit,1,32.86,Medium,1,0,True,0,0,,,,False,False,False,False,,,1157705.0,262724510.35,,,2026-01-29,,,,0,0.0,0,None,54.77,0.0,63.9,No material anomaly signal detected.,Completed,RUN-20261008-254699
WS/MP18109/2024-2025/175865,V41,Madhya Pradesh,SIDHI,DR. RAJESH MISHRA,Normal/Others,,,Audit,1,32.86,Medium,1,0,True,0,0,,,,False,False,False,False,,,1157705.0,262724510.35,,,2026-01-29,,,,0,0.0,0,None,54.77,0.0,63.9,No material anomaly signal detected.,Completed,RUN-20261008-254699
WS/MP18109/2024-2025/175876,V41,Madhya Pradesh,SIDHI,DR. RAJESH MISHRA,Normal/Others,,,Audit,1,32.86,Medium,1,0,True,0,0,,,,False,False,False,False,,,1157705.0,262724510.35,,,2026-01-29,,,,0,0.0,0,None,54.77,0.0,63.9,No material anomaly signal detected.,Completed,RUN-20261008-254699
WS/MP18109/2024-2025/175864,V41,Madhya Pradesh,SIDHI,DR. RAJESH MISHRA,Normal/Others,,,Audit,1,32.86,Medium,1,0,True,0,0,,,,False,False,False,False,,,1157705.0,262724510.35,,,2026-01-29,,,,0,0.0,0,None,54.77,0.0,63.9,No material anomaly signal detected.,Completed,RUN-20261008-254699
WS/MP18109/2024-2025/175863,V41,Madhya Pradesh,SIDHI,DR. RAJESH MISHRA,Normal/Others,,,Audit,1,32.86,Medium,1,0,True,0,0,,,,False,False,False,False,,,1157705.0,262724510.35,,,2026-01-29,,,,0,0.0,0,None,54.77,0.0,63.9,No material anomaly signal detected.,Completed,RUN-20261008-254699
WS/MP18109/2024-2025/175862,V41,Madhya Pradesh,SIDHI,DR. RAJESH MISHRA,Normal/Others,,,Audit,1,32.86,Medium,1,0,True,0,0,,,,False,False,False,False,,,1157705.0,262724510.35,,,2026-01-29,,,,0,0.0,0,None,54.77,0.0,63.9,No material anomaly signal detected.,Completed,RUN-20261008-254699
WS/MP18109/2024-2025/175861,V41,Madhya Pradesh,SIDHI,DR. RAJESH MISHRA,Normal/Others,,,Audit,1,32.86,Medium,1,0,True,0,0,,,,False,False,False,False,,,1157705.0,262724510.35,,,2026-01-29,,,,0,0.0,0,None,54.77,0.0,63.9,No material anomaly signal detected.,Completed,RUN-20261008-254699
WS/MP18109/2024-2025/175860,V41,Madhya Pradesh,SIDHI,DR. RAJESH MISHRA,Normal/Others,,,Audit,1,32.86,Medium,1,0,True,0,0,,,,False,False,False,False,,,1157705.0,262724510.35,,,2026-01-29,,,,0,0.0,0,None,54.77,0.0,63.9,No material anomaly signal detected.,Completed,RUN-20261008-254699
WS/MP18109/2024-2025/164953,V41,Madhya Pradesh,SIDHI,DR. RAJESH MISHRA,Normal/Others,,,Audit,1,32.86,Medium,1,0,True,0,0,,,,False,False,False,False,,,2494838.0,262724510.35,,,2025-06-12,,,,0,0.0,0,None,54.77,0.0,63.9,No material anomaly signal detected.,Completed,RUN-20261008-254699
WS/MP18109/2024-2025/175926,V41,Madhya Pradesh,SIDHI,DR. RAJESH MISHRA,Normal/Others,,,Audit,1,32.86,Medium,1,0,True,0,0,,,,False,False,False,False,,,1157705.0,262724510.35,,,2026-02-17,,,,0,0.0,0,None,54.77,0.0,63.9,No material anomaly signal detected.,Completed,RUN-20261008-254699
WS/MP18109/2024-2025/175875,V41,Madhya Pradesh,SIDHI,DR. RAJESH MISHRA,Normal/Others,,,Audit,1,32.86,Medium,1,0,True,0,0,,,,False,False,False,False,,,1157705.0,262724510.35,,,2026-01-29,,,,0,0.0,0,None,54.77,0.0,63.9,No material anomaly signal detected.,Completed,RUN-20261008-254699
WS/MP18109/2024-2025/175871,V41,Madhya Pradesh,SIDHI,DR. RAJESH MISHRA,Normal/Others,,,Audit,1,32.86,Medium,1,0,True,0,0,,,,False,False,False,False,,,1157705.0,262724510.35,,,2026-01-29,,,,0,0.0,0,None,54.77,0.0,63.9,No material anomaly signal detected.,Completed,RUN-20261008-254699
WS/MP18109/2024-2025/175877,V41,Madhya Pradesh,SIDHI,DR. RAJESH MISHRA,Normal/Others,,,Audit,1,32.86,Medium,1,0,True,0,0,,,,False,False,False,False,,,1157705.0,262724510.35,,,2026-01-29,,,,0,0.0,0,None,54.77,0.0,63.9,No material anomaly signal detected.,Completed,RUN-20261008-254699
WS/MP18109/2024-2025/175918,V41,Madhya Pradesh,SIDHI,DR. RAJESH MISHRA,Normal/Others,,,Audit,1,32.86,Medium,1,0,True,0,0,,,,False,False,False,False,,,1157705.0,262724510.35,,,2026-02-12,,,,0,0.0,0,None,54.77,0.0,63.9,No material anomaly signal detected.,Completed,RUN-20261008-254699
WS/MP18109/2024-2025/175925,V41,Madhya Pradesh,SIDHI,DR. RAJESH MISHRA,Normal/Others,,,Audit,1,32.86,Medium,1,0,True,0,0,,,,False,False,False,False,,,1157705.0,262724510.35,,,2026-02-17,,,,0,0.0,0,None,54.77,0.0,63.9,No material anomaly signal detected.,Completed,RUN-20261008-254699
WS/MP18109/2024-2025/175924,V41,Madhya Pradesh,SIDHI,DR. RAJESH MISHRA,Normal/Others,,,Audit,1,32.86,Medium,1,0,True,0,0,,,,False,False,False,False,,,1157705.0,262724510.35,,,2026-02-17,,,,0,0.0,0,None,54.77,0.0,63.9,No material anomaly signal detected.,Completed,RUN-20261008-254699
WS/MP18109/2024-2025/175923,V41,Madhya Pradesh,SIDHI,DR. RAJESH MISHRA,Normal/Others,,,Audit,1,32.86,Medium,1,0,True,0,0,,,,False,False,False,False,,,1157705.0,262724510.35,,,2026-02-17,,,,0,0.0,0,None,54.77,0.0,63.9,No material anomaly signal detected.,Completed,RUN-20261008-254699
WS/MP18109/2024-2025/175878,V41,Madhya Pradesh,SIDHI,DR. RAJESH MISHRA,Normal/Others,,,Audit,1,32.86,Medium,1,0,True,0,0,,,,False,False,False,False,,,1157705.0,262724510.35,,,2026-01-29,,,,0,0.0,0,None,54.77,0.0,63.9,No material anomaly signal detected.,Completed,RUN-20261008-254699
WS/MP18109/2024-2025/175921,V41,Madhya Pradesh,SIDHI,DR. RAJESH MISHRA,Normal/Others,,,Audit,1,32.86,Medium,1,0,True,0,0,,,,False,False,False,False,,,1157705.0,262724510.35,,,2026-02-12,,,,0,0.0,0,None,54.77,0.0,63.9,No material anomaly signal detected.,Completed,RUN-20261008-254699
WS/MP18109/2024-2025/175920,V41,Madhya Pradesh,SIDHI,DR. RAJESH MISHRA,Normal/Others,,,Audit,1,32.86,Medium,1,0,True,0,0,,,,False,False,False,False,,,1157705.0,262724510.35,,,2026-02-12,,,,0,0.0,0,None,54.77,0.0,63.9,No material anomaly signal detected.,Completed,RUN-20261008-254699
WS/MP18109/2024-2025/175919,V41,Madhya Pradesh,SIDHI,DR. RAJESH MISHRA,Normal/Others,,,Audit,1,32.86,Medium,1,0,True,0,0,,,,False,False,False,False,,,1157705.0,262724510.35,,,2026-02-12,,,,0,0.0,0,None,54.77,0.0,63.9,No material anomaly signal detected.,Completed,RUN-20261008-254699
WS/MP18109/2024-2025/175922,V41,Madhya Pradesh,SIDHI,DR. RAJESH MISHRA,Normal/Others,,,Audit,1,32.86,Medium,1,0,True,0,0,,,,False,False,False,False,,,1157705.0,262724510.35,,,2026-02-17,,,,0,0.0,0,None,54.77,0.0,63.9,No material anomaly signal detected.,Completed,RUN-20261008-254699
WS/MP18109/2024-2025/175885,V41,Madhya Pradesh,SIDHI,DR. RAJESH MISHRA,Normal/Others,,,Audit,1,32.86,Medium,1,0,True,0,0,,,,False,False,False,False,,,1157705.0,262724510.35,,,2026-01-29,,,,0,0.0,0,None,54.77,0.0,63.9,No material anomaly signal detected.,Completed,RUN-20261008-254699
WS/MP18109/2024-2025/175881,V41,Madhya Pradesh,SIDHI,DR. RAJESH MISHRA,Normal/Others,,,Audit,1,32.86,Medium,1,0,True,0,0,,,,False,False,False,False,,,1157705.0,262724510.35,,,2026-01-29,,,,0,0.0,0,None,54.77,0.0,63.9,No material anomaly signal detected.,Completed,RUN-20261008-254699
WS/MP18109/2024-2025/175884,V41,Madhya Pradesh,SIDHI,DR. RAJESH MISHRA,Normal/Others,,,Audit,1,32.86,Medium,1,0,True,0,0,,,,False,False,False,False,,,1157705.0,262724510.35,,,2026-01-29,,,,0,0.0,0,None,54.77,0.0,63.9,No material anomaly signal detected.,Completed,RUN-20261008-254699
WS/MP18109/2024-2025/175880,V41,Madhya Pradesh,SIDHI,DR. RAJESH MISHRA,Normal/Others,,,Audit,1,32.86,Medium,1,0,True,0,0,,,,False,False,False,False,,,1157705.0,262724510.35,,,2026-01-29,,,,0,0.0,0,None,54.77,0.0,63.9,No material anomaly signal detected.,Completed,RUN-20261008-254699
WS/MP18109/2024-2025/175879,V41,Madhya Pradesh,SIDHI,DR. RAJESH MISHRA,Normal/Others,,,Audit,1,32.86,Medium,1,0,True,0,0,,,,False,False,False,False,,,1157705.0,262724510.35,,,2026-01-29,,,,0,0.0,0,None,54.77,0.0,63.9,No material anomaly signal detected.,Completed,RUN-20261008-254699
WS/MP18109/2024-2025/175882,V41,Madhya Pradesh,SIDHI,DR. RAJESH MISHRA,Normal/Others,,,Audit,1,32.86,Medium,1,0,True,0,0,,,,False,False,False,False,,,1157705.0,262724510.35,,,2026-01-29,,,,0,0.0,0,None,54.77,0.0,63.9,No material anomaly signal detected.,Completed,RUN-20261008-254699
WS/MP18109/2024-2025/175883,V41,Madhya Pradesh,SIDHI,DR. RAJESH MISHRA,Normal/Others,,,Audit,1,32.86,Medium,1,0,True,0,0,,,,False,False,False,False,,,1157705.0,262724510.35,,,2026-01-29,,,,0,0.0,0,None,54.77,0.0,63.9,No material anomaly signal detected.,Completed,RUN-20261008-254699
WS/MP641/2024-2025/133919,V41,Madhya Pradesh,KHARGONE(ST),Gajendra Singh Patel,Normal/Others,200000.0,Work Completed,Audit,1,32.53,Medium,3,0,True,0,0,,,149.0,False,True,False,False,200000.0,,200000.0,147000000.0,2024-07-22,2024-12-18,2026-04-07,,624.0,,0,0.0,1,Delayed Project,49.41,7.21,78.4,project implementation duration is unusually prolonged,Completed,RUN-20261008-254699
WS/MP644/2024-2025/151386,V41,Madhya Pradesh,REWA,Janardan Mishra,Normal/Others,874980.0,Vendor Identification,Early-Warning,0,32.09,Medium,1,0,True,0,0,,,,False,False,False,False,874980.0,,,147000000.0,,2025-01-21,,,,,0,0.0,0,None,53.48,0.0,71.1,No material anomaly signal detected.,Under Implementation,RUN-20261008-254699
WS/MP644/2024-2025/151388,V41,Madhya Pradesh,REWA,Janardan Mishra,Normal/Others,874980.0,Vendor Identification,Early-Warning,0,32.09,Medium,1,0,True,0,0,,,,False,False,False,False,874980.0,,,147000000.0,,2025-01-21,,,,,0,0.0,0,None,53.48,0.0,71.1,No material anomaly signal detected.,Under Implementation,RUN-20261008-254699
WS/MP638/2024-2025/152513,V41,Madhya Pradesh,TIKAMGARH(SC),Virendra Kumar,Normal/Others,,,Audit,1,32.01,Medium,1,0,True,0,1,,,,False,False,False,False,,,400000.0,147000000.0,,,2026-03-19,,,,0,0.0,0,None,53.35,0.0,63.9,No material anomaly signal detected.,Completed,RUN-20261008-254699
WS/MP638/2024-2025/152514,V41,Madhya Pradesh,TIKAMGARH(SC),Virendra Kumar,Normal/Others,,,Audit,1,32.01,Medium,1,0,True,0,1,,,,False,False,False,False,,,400000.0,147000000.0,,,2025-08-05,,,,0,0.0,0,None,53.35,0.0,63.9,No material anomaly signal detected.,Completed,RUN-20261008-254699
WS/MP638/2024-2025/152570,V41,Madhya Pradesh,TIKAMGARH(SC),Virendra Kumar,Normal/Others,,,Audit,1,32.01,Medium,1,0,True,0,1,,,,False,False,False,False,,,1200000.0,147000000.0,,,2025-12-30,,,,0,0.0,0,None,53.35,0.0,63.9,No material anomaly signal detected.,Completed,RUN-20261008-254699
WS/MP638/2025-2026/152516,V41,Madhya Pradesh,TIKAMGARH(SC),Virendra Kumar,Normal/Others,,,Audit,1,32.01,Medium,1,0,True,0,1,,,,False,False,False,False,,,398000.0,147000000.0,,,2026-03-19,,,,0,0.0,0,None,53.35,0.0,63.9,No material anomaly signal detected.,Completed,RUN-20261008-254699
WS/MP638/2025-2026/152542,V41,Madhya Pradesh,TIKAMGARH(SC),Virendra Kumar,Normal/Others,,,Audit,1,32.01,Medium,1,0,True,0,1,,,,False,False,False,False,,,598599.0,147000000.0,,,2026-04-30,,,,0,0.0,0,None,53.35,0.0,63.9,No material anomaly signal detected.,Completed,RUN-20261008-254699
WS/MP638/2025-2026/152579,V41,Madhya Pradesh,TIKAMGARH(SC),Virendra Kumar,Normal/Others,,,Audit,1,32.01,Medium,1,0,True,0,1,,,,False,False,False,False,,,400000.0,147000000.0,,,2025-12-30,,,,0,0.0,0,None,53.35,0.0,63.9,No material anomaly signal detected.,Completed,RUN-20261008-254699
WS/MP638/2025-2026/236616,V41,Madhya Pradesh,TIKAMGARH(SC),Virendra Kumar,Normal/Others,,,Audit,1,32.01,Medium,1,0,True,0,1,,,,False,False,False,False,,,300000.0,147000000.0,,,2026-02-13,,,,0,0.0,0,None,53.35,0.0,63.9,No material anomaly signal detected.,Completed,RUN-20261008-254699
WS/MP638/2025-2026/236620,V41,Madhya Pradesh,TIKAMGARH(SC),Virendra Kumar,Normal/Others,,,Audit,1,32.01,Medium,1,0,True,0,1,,,,False,False,False,False,,,300000.0,147000000.0,,,2026-02-24,,,,0,0.0,0,None,53.35,0.0,63.9,No material anomaly signal detected.,Completed,RUN-20261008-254699
WS/MP638/2025-2026/236621,V41,Madhya Pradesh,TIKAMGARH(SC),Virendra Kumar,Normal/Others,,,Audit,1,32.01,Medium,1,0,True,0,1,,,,False,False,False,False,,,300000.0,147000000.0,,,2026-01-16,,,,0,0.0,0,None,53.35,0.0,63.9,No material anomaly signal detected.,Completed,RUN-20261008-254699
WS/MP638/2024-2025/156394,V41,Madhya Pradesh,TIKAMGARH(SC),Virendra Kumar,Normal/Others,,,Audit,1,32.01,Medium,1,0,True,0,1,,,,False,False,False,False,,,235000.0,147000000.0,,,2026-01-23,,,,0,0.0,0,None,53.35,0.0,63.9,No material anomaly signal detected.,Completed,RUN-20261008-254699
WS/MP640/2026-2027/151613,V41,Madhya Pradesh,MANDLA(ST),Faggan Singh Kulaste,Normal/Others,1000000.0,Work partially Completed,Audit,1,31.85,Medium,1,0,True,0,0,,,,False,False,False,False,1000000.0,,,151861648.41,,2026-05-20,,,,,0,0.0,0,None,53.09,0.0,71.1,No material anomaly signal detected.,Completed,RUN-20261008-254699
WS/MP640/2024-2025/149325,V41,Madhya Pradesh,MANDLA(ST),Faggan Singh Kulaste,Normal/Others,1000000.0,Work Completed,Audit,1,31.85,Medium,2,0,True,0,0,,,,False,False,False,False,1000000.0,,999960.0,151861648.41,,2025-01-02,2025-03-21,,,,0,0.0,0,None,53.09,0.0,71.1,No material anomaly signal detected.,Completed,RUN-20261008-254699
WS/MP640/2026-2027/151612,V41,Madhya Pradesh,MANDLA(ST),Faggan Singh Kulaste,Normal/Others,1000000.0,Sanction,Early-Warning,0,31.85,Medium,1,0,True,0,0,,,,False,False,False,False,1000000.0,,,151861648.41,,2026-07-16,,,,,0,0.0,0,None,53.09,0.0,71.1,No material anomaly signal detected.,Under Implementation,RUN-20261008-254699
WS/MP640/2026-2027/151611,V41,Madhya Pradesh,MANDLA(ST),Faggan Singh Kulaste,Normal/Others,1000000.0,Work partially Completed,Audit,1,31.85,Medium,1,0,True,0,0,,,,False,False,False,False,1000000.0,,,151861648.41,,2026-05-15,,,,,0,0.0,0,None,53.09,0.0,71.1,No material anomaly signal detected.,Completed,RUN-20261008-254699
WS/MP640/2026-2027/151609,V41,Madhya Pradesh,MANDLA(ST),Faggan Singh Kulaste,Normal/Others,1000000.0,Work Completed,Audit,1,31.85,Medium,1,0,True,0,0,,,,False,False,False,False,1000000.0,,,151861648.41,,2026-05-15,,,,,0,0.0,0,None,53.09,0.0,71.1,No material anomaly signal detected.,Completed,RUN-20261008-254699
WS/MP640/2024-2025/149327,V41,Madhya Pradesh,MANDLA(ST),Faggan Singh Kulaste,Normal/Others,1000000.0,Physical Inspection,Audit,1,31.85,Medium,2,0,True,0,0,,,,False,False,False,False,1000000.0,,1000000.0,151861648.41,,2024-11-06,2026-04-16,,,,0,0.0,0,None,53.09,0.0,71.1,No material anomaly signal detected.,Completed,RUN-20261008-254699
WS/MP640/2024-2025/149326,V41,Madhya Pradesh,MANDLA(ST),Faggan Singh Kulaste,Normal/Others,1000000.0,Physical Inspection,Audit,1,31.85,Medium,2,0,True,0,0,,,,False,False,False,False,1000000.0,,1000000.0,151861648.41,,2024-11-06,2026-04-16,,,,0,0.0,0,None,53.09,0.0,71.1,No material anomaly signal detected.,Completed,RUN-20261008-254699
WS/MP640/2026-2027/151610,V41,Madhya Pradesh,MANDLA(ST),Faggan Singh Kulaste,Normal/Others,1000000.0,Work partially Completed,Audit,1,31.85,Medium,1,0,True,0,0,,,,False,False,False,False,1000000.0,,,151861648.41,,2026-05-21,,,,,0,0.0,0,None,53.09,0.0,71.1,No material anomaly signal detected.,Completed,RUN-20261008-254699
WS/MP18108/2025-2026/222840,V41,Madhya Pradesh,SAGAR,DR. LATA WANKHEDE,Normal/Others,,,Audit,1,31.76,Medium,1,0,True,0,0,,,,False,False,False,False,,,500000.0,147000000.0,,,2026-02-27,,,,0,0.0,0,None,52.93,0.0,63.9,No material anomaly signal detected.,Completed,RUN-20261008-254699
WS/MP18108/2025-2026/222839,V41,Madhya Pradesh,SAGAR,DR. LATA WANKHEDE,Normal/Others,,,Audit,1,31.76,Medium,1,0,True,0,0,,,,False,False,False,False,,,500000.0,147000000.0,,,2026-01-07,,,,0,0.0,0,None,52.93,0.0,63.9,No material anomaly signal detected.,Completed,RUN-20261008-254699
WS/MP18108/2024-2025/162330,V41,Madhya Pradesh,SAGAR,DR. LATA WANKHEDE,Normal/Others,,,Audit,1,31.76,Medium,1,0,True,0,0,,,,False,False,False,False,,,259942.0,147000000.0,,,2025-03-06,,,,0,0.0,0,None,52.93,0.0,63.9,No material anomaly signal detected.,Completed,RUN-20261008-254699
WS/MP18108/2024-2025/161432,V41,Madhya Pradesh,SAGAR,DR. LATA WANKHEDE,Normal/Others,,,Audit,1,31.76,Medium,1,0,True,0,0,,,,False,False,False,False,,,494000.0,147000000.0,,,2026-01-14,,,,0,0.0,0,None,52.93,0.0,63.9,No material anomaly signal detected.,Completed,RUN-20261008-254699
WS/MP18108/2024-2025/161431,V41,Madhya Pradesh,SAGAR,DR. LATA WANKHEDE,Normal/Others,,,Audit,1,31.76,Medium,1,0,True,0,0,,,,False,False,False,False,,,495000.0,147000000.0,,,2026-01-14,,,,0,0.0,0,None,52.93,0.0,63.9,No material anomaly signal detected.,Completed,RUN-20261008-254699
WS/MP18108/2024-2025/161424,V41,Madhya Pradesh,SAGAR,DR. LATA WANKHEDE,Normal/Others,,,Audit,1,31.76,Medium,1,0,True,0,0,,,,False,False,False,False,,,699186.0,147000000.0,,,2025-10-24,,,,0,0.0,0,None,52.93,0.0,63.9,No material anomaly signal detected.,Completed,RUN-20261008-254699
WS/MP18108/2024-2025/154843,V41,Madhya Pradesh,SAGAR,DR. LATA WANKHEDE,Normal/Others,,,Audit,1,31.76,Medium,1,0,True,0,0,,,,False,False,False,False,,,400000.0,147000000.0,,,2025-10-13,,,,0,0.0,0,None,52.93,0.0,63.9,No material anomaly signal detected.,Completed,RUN-20261008-254699
WS/MP18108/2024-2025/154842,V41,Madhya Pradesh,SAGAR,DR. LATA WANKHEDE,Normal/Others,,,Audit,1,31.76,Medium,1,0,True,0,0,,,,False,False,False,False,,,599360.0,147000000.0,,,2025-10-13,,,,0,0.0,0,None,52.93,0.0,63.9,No material anomaly signal detected.,Completed,RUN-20261008-254699
WS/MP18108/2024-2025/154841,V41,Madhya Pradesh,SAGAR,DR. LATA WANKHEDE,Normal/Others,,,Audit,1,31.76,Medium,1,0,True,0,0,,,,False,False,False,False,,,500000.0,147000000.0,,,2025-03-27,,,,0,0.0,0,None,52.93,0.0,63.9,No material anomaly signal detected.,Completed,RUN-20261008-254699
WS/MP18108/2024-2025/154840,V41,Madhya Pradesh,SAGAR,DR. LATA WANKHEDE,Normal/Others,,,Audit,1,31.76,Medium,1,0,True,0,0,,,,False,False,False,False,,,500000.0,147000000.0,,,2025-12-08,,,,0,0.0,0,None,52.93,0.0,63.9,No material anomaly signal detected.,Completed,RUN-20261008-254699
WS/MP18108/2024-2025/154839,V41,Madhya Pradesh,SAGAR,DR. LATA WANKHEDE,Normal/Others,,,Audit,1,31.76,Medium,1,0,True,0,0,,,,False,False,False,False,,,494000.0,147000000.0,,,2026-01-14,,,,0,0.0,0,None,52.93,0.0,63.9,No material anomaly signal detected.,Completed,RUN-20261008-254699
WS/MP18108/2024-2025/154838,V41,Madhya Pradesh,SAGAR,DR. LATA WANKHEDE,Normal/Others,,,Audit,1,31.76,Medium,1,0,True,0,0,,,,False,False,False,False,,,495000.0,147000000.0,,,2026-01-14,,,,0,0.0,0,None,52.93,0.0,63.9,No material anomaly signal detected.,Completed,RUN-20261008-254699
WS/MP18108/2025-2026/229753,V41,Madhya Pradesh,SAGAR,DR. LATA WANKHEDE,Normal/Others,,,Audit,1,31.76,Medium,1,0,True,0,0,,,,False,False,False,False,,,500000.0,147000000.0,,,2026-03-24,,,,0,0.0,0,None,52.93,0.0,63.9,No material anomaly signal detected.,Completed,RUN-20261008-254699
WS/MP18108/2025-2026/229752,V41,Madhya Pradesh,SAGAR,DR. LATA WANKHEDE,Normal/Others,,,Audit,1,31.76,Medium,1,0,True,0,0,,,,False,False,False,False,,,2727331.0,147000000.0,,,2026-02-16,,,,0,0.0,0,None,52.93,0.0,63.9,No material anomaly signal detected.,Completed,RUN-20261008-254699
WS/MP18108/2025-2026/208684,V41,Madhya Pradesh,SAGAR,DR. LATA WANKHEDE,Normal/Others,,,Audit,1,31.76,Medium,1,0,True,0,0,,,,False,False,False,False,,,500000.0,147000000.0,,,2025-10-29,,,,0,0.0,0,None,52.93,0.0,63.9,No material anomaly signal detected.,Completed,RUN-20261008-254699
WS/MP18108/2025-2026/208681,V41,Madhya Pradesh,SAGAR,DR. LATA WANKHEDE,Normal/Others,,,Audit,1,31.76,Medium,1,0,True,0,0,,,,False,False,False,False,,,200000.0,147000000.0,,,2026-03-31,,,,0,0.0,0,None,52.93,0.0,63.9,No material anomaly signal detected.,Completed,RUN-20261008-254699
WS/MP18108/2025-2026/229751,V41,Madhya Pradesh,SAGAR,DR. LATA WANKHEDE,Normal/Others,,,Audit,1,31.76,Medium,1,0,True,0,0,,,,False,False,False,False,,,2599420.0,147000000.0,,,2025-10-16,,,,0,0.0,0,None,52.93,0.0,63.9,No material anomaly signal detected.,Completed,RUN-20261008-254699
WS/MP18108/2024-2025/162345,V41,Madhya Pradesh,SAGAR,DR. LATA WANKHEDE,Normal/Others,,,Audit,1,31.76,Medium,1,0,True,0,0,,,,False,False,False,False,,,989506.0,147000000.0,,,2025-10-16,,,,0,0.0,0,None,52.93,0.0,63.9,No material anomaly signal detected.,Completed,RUN-20261008-254699
WS/MP18108/2025-2026/229750,V41,Madhya Pradesh,SAGAR,DR. LATA WANKHEDE,Normal/Others,,,Audit,1,31.76,Medium,1,0,True,0,0,,,,False,False,False,False,,,2599420.0,147000000.0,,,2025-11-28,,,,0,0.0,0,None,52.93,0.0,63.9,No material anomaly signal detected.,Completed,RUN-20261008-254699
WS/MP18108/2025-2026/225198,V41,Madhya Pradesh,SAGAR,DR. LATA WANKHEDE,Normal/Others,,,Audit,1,31.76,Medium,1,0,True,0,0,,,,False,False,False,False,,,500000.0,147000000.0,,,2026-02-18,,,,0,0.0,0,None,52.93,0.0,63.9,No material anomaly signal detected.,Completed,RUN-20261008-254699
WS/MP18108/2025-2026/225196,V41,Madhya Pradesh,SAGAR,DR. LATA WANKHEDE,Normal/Others,,,Audit,1,31.76,Medium,1,0,True,0,0,,,,False,False,False,False,,,500000.0,147000000.0,,,2025-10-24,,,,0,0.0,0,None,52.93,0.0,63.9,No material anomaly signal detected.,Completed,RUN-20261008-254699
WS/MP18108/2025-2026/222841,V41,Madhya Pradesh,SAGAR,DR. LATA WANKHEDE,Normal/Others,,,Audit,1,31.76,Medium,1,0,True,0,0,,,,False,False,False,False,,,500000.0,147000000.0,,,2026-02-27,,,,0,0.0,0,None,52.93,0.0,63.9,No material anomaly signal detected.,Completed,RUN-20261008-254699
WS/MP18108/2025-2026/220723,V41,Madhya Pradesh,SAGAR,DR. LATA WANKHEDE,Normal/Others,,,Audit,1,31.76,Medium,1,0,True,0,0,,,,False,False,False,False,,,2599420.0,147000000.0,,,2025-08-19,,,,0,0.0,0,None,52.93,0.0,63.9,No material anomaly signal detected.,Completed,RUN-20261008-254699
WS/MP18108/2025-2026/222837,V41,Madhya Pradesh,SAGAR,DR. LATA WANKHEDE,Normal/Others,,,Audit,1,31.76,Medium,1,0,True,0,0,,,,False,False,False,False,,,499131.0,147000000.0,,,2026-02-19,,,,0,0.0,0,None,52.93,0.0,63.9,No material anomaly signal detected.,Completed,RUN-20261008-254699
WS/MP18108/2025-2026/222838,V41,Madhya Pradesh,SAGAR,DR. LATA WANKHEDE,Normal/Others,,,Audit,1,31.76,Medium,1,0,True,0,0,,,,False,False,False,False,,,499400.0,147000000.0,,,2026-02-19,,,,0,0.0,0,None,52.93,0.0,63.9,No material anomaly signal detected.,Completed,RUN-20261008-254699
WS/MP18108/2024-2025/162331,V41,Madhya Pradesh,SAGAR,DR. LATA WANKHEDE,Normal/Others,,,Audit,1,31.76,Medium,1,0,True,0,0,,,,False,False,False,False,,,2339478.0,147000000.0,,,2025-05-20,,,,0,0.0,0,None,52.93,0.0,63.9,No material anomaly signal detected.,Completed,RUN-20261008-254699
WS/MP18108/2025-2026/208682,V41,Madhya Pradesh,SAGAR,DR. LATA WANKHEDE,Normal/Others,,,Audit,1,31.76,Medium,1,0,True,0,0,,,,False,False,False,False,,,500000.0,147000000.0,,,2026-02-19,,,,0,0.0,0,None,52.93,0.0,63.9,No material anomaly signal detected.,Completed,RUN-20261008-254699
WS/MP18108/2024-2025/162814,V41,Madhya Pradesh,SAGAR,DR. LATA WANKHEDE,Normal/Others,,,Audit,1,31.76,Medium,1,0,True,0,0,,,,False,False,False,False,,,499484.0,147000000.0,,,2025-10-23,,,,0,0.0,0,None,52.93,0.0,63.9,No material anomaly signal detected.,Completed,RUN-20261008-254699
WS/MP18108/2024-2025/165754,V41,Madhya Pradesh,SAGAR,DR. LATA WANKHEDE,Normal/Others,,,Audit,1,31.76,Medium,1,0,True,0,0,,,,False,False,False,False,,,499856.0,147000000.0,,,2026-02-27,,,,0,0.0,0,None,52.93,0.0,63.9,No material anomaly signal detected.,Completed,RUN-20261008-254699
WS/MP18108/2024-2025/165756,V41,Madhya Pradesh,SAGAR,DR. LATA WANKHEDE,Normal/Others,,,Audit,1,31.76,Medium,1,0,True,0,0,,,,False,False,False,False,,,742500.0,147000000.0,,,2026-01-14,,,,0,0.0,0,None,52.93,0.0,63.9,No material anomaly signal detected.,Completed,RUN-20261008-254699
WS/MP18108/2024-2025/165757,V41,Madhya Pradesh,SAGAR,DR. LATA WANKHEDE,Normal/Others,,,Audit,1,31.76,Medium,1,0,True,0,0,,,,False,False,False,False,,,494000.0,147000000.0,,,2025-10-16,,,,0,0.0,0,None,52.93,0.0,63.9,No material anomaly signal detected.,Completed,RUN-20261008-254699
WS/MP18108/2024-2025/166303,V41,Madhya Pradesh,SAGAR,DR. LATA WANKHEDE,Normal/Others,,,Audit,1,31.76,Medium,1,0,True,0,0,,,,False,False,False,False,,,500000.0,147000000.0,,,2025-05-26,,,,0,0.0,0,None,52.93,0.0,63.9,No material anomaly signal detected.,Completed,RUN-20261008-254699
WS/MP18108/2024-2025/166304,V41,Madhya Pradesh,SAGAR,DR. LATA WANKHEDE,Normal/Others,,,Audit,1,31.76,Medium,1,0,True,0,0,,,,False,False,False,False,,,498694.0,147000000.0,,,2025-10-08,,,,0,0.0,0,None,52.93,0.0,63.9,No material anomaly signal detected.,Completed,RUN-20261008-254699
WS/MP18108/2024-2025/166306,V41,Madhya Pradesh,SAGAR,DR. LATA WANKHEDE,Normal/Others,,,Audit,1,31.76,Medium,1,0,True,0,0,,,,False,False,False,False,,,500000.0,147000000.0,,,2025-10-24,,,,0,0.0,0,None,52.93,0.0,63.9,No material anomaly signal detected.,Completed,RUN-20261008-254699
WS/MP18108/2024-2025/166308,V41,Madhya Pradesh,SAGAR,DR. LATA WANKHEDE,Normal/Others,,,Audit,1,31.76,Medium,1,0,True,0,0,,,,False,False,False,False,,,500000.0,147000000.0,,,2026-02-24,,,,0,0.0,0,None,52.93,0.0,63.9,No material anomaly signal detected.,Completed,RUN-20261008-254699
WS/MP18108/2024-2025/167741,V41,Madhya Pradesh,SAGAR,DR. LATA WANKHEDE,Normal/Others,,,Audit,1,31.76,Medium,1,0,True,0,0,,,,False,False,False,False,,,494632.0,147000000.0,,,2026-01-14,,,,0,0.0,0,None,52.93,0.0,63.9,No material anomaly signal detected.,Completed,RUN-20261008-254699
WS/MP18108/2024-2025/167742,V41,Madhya Pradesh,SAGAR,DR. LATA WANKHEDE,Normal/Others,,,Audit,1,31.76,Medium,1,0,True,0,0,,,,False,False,False,False,,,494847.0,147000000.0,,,2026-01-14,,,,0,0.0,0,None,52.93,0.0,63.9,No material anomaly signal detected.,Completed,RUN-20261008-254699
WS/MP18108/2024-2025/167743,V41,Madhya Pradesh,SAGAR,DR. LATA WANKHEDE,Normal/Others,,,Audit,1,31.76,Medium,1,0,True,0,0,,,,False,False,False,False,,,750000.0,147000000.0,,,2025-10-06,,,,0,0.0,0,None,52.93,0.0,63.9,No material anomaly signal detected.,Completed,RUN-20261008-254699
WS/MP18108/2024-2025/167744,V41,Madhya Pradesh,SAGAR,DR. LATA WANKHEDE,Normal/Others,,,Audit,1,31.76,Medium,1,0,True,0,0,,,,False,False,False,False,,,750000.0,147000000.0,,,2025-10-03,,,,0,0.0,0,None,52.93,0.0,63.9,No material anomaly signal detected.,Completed,RUN-20261008-254699
WS/MP18108/2024-2025/171464,V41,Madhya Pradesh,SAGAR,DR. LATA WANKHEDE,Normal/Others,,,Audit,1,31.76,Medium,1,0,True,0,0,,,,False,False,False,False,,,500000.0,147000000.0,,,2025-10-24,,,,0,0.0,0,None,52.93,0.0,63.9,No material anomaly signal detected.,Completed,RUN-20261008-254699
WS/MP18108/2025-2026/162329,V41,Madhya Pradesh,SAGAR,DR. LATA WANKHEDE,Normal/Others,,,Audit,1,31.76,Medium,1,0,True,0,0,,,,False,False,False,False,,,2599420.0,147000000.0,,,2025-06-26,,,,0,0.0,0,None,52.93,0.0,63.9,No material anomaly signal detected.,Completed,RUN-20261008-254699
WS/MP18108/2025-2026/166307,V41,Madhya Pradesh,SAGAR,DR. LATA WANKHEDE,Normal/Others,,,Audit,1,31.76,Medium,1,0,True,0,0,,,,False,False,False,False,,,500000.0,147000000.0,,,2026-02-27,,,,0,0.0,0,None,52.93,0.0,63.9,No material anomaly signal detected.,Completed,RUN-20261008-254699
WS/MP18108/2025-2026/195805,V41,Madhya Pradesh,SAGAR,DR. LATA WANKHEDE,Normal/Others,,,Audit,1,31.76,Medium,1,0,True,0,0,,,,False,False,False,False,,,2599420.0,147000000.0,,,2025-06-24,,,,0,0.0,0,None,52.93,0.0,63.9,No material anomaly signal detected.,Completed,RUN-20261008-254699
WS/MP18108/2025-2026/197482,V41,Madhya Pradesh,SAGAR,DR. LATA WANKHEDE,Normal/Others,,,Audit,1,31.76,Medium,1,0,True,0,0,,,,False,False,False,False,,,2599420.0,147000000.0,,,2025-07-14,,,,0,0.0,0,None,52.93,0.0,63.9,No material anomaly signal detected.,Completed,RUN-20261008-254699
WS/MP18108/2025-2026/203466,V41,Madhya Pradesh,SAGAR,DR. LATA WANKHEDE,Normal/Others,,,Audit,1,31.76,Medium,1,0,True,0,0,,,,False,False,False,False,,,2599420.0,147000000.0,,,2025-09-01,,,,0,0.0,0,None,52.93,0.0,63.9,No material anomaly signal detected.,Completed,RUN-20261008-254699
WS/MP18108/2024-2025/162827,V41,Madhya Pradesh,SAGAR,DR. LATA WANKHEDE,Normal/Others,,,Audit,1,31.76,Medium,1,0,True,0,0,,,,False,False,False,False,,,500000.0,147000000.0,,,2025-10-29,,,,0,0.0,0,None,52.93,0.0,63.9,No material anomaly signal detected.,Completed,RUN-20261008-254699
WS/MP18108/2025-2026/205872,V41,Madhya Pradesh,SAGAR,DR. LATA WANKHEDE,Normal/Others,,,Audit,1,31.76,Medium,1,0,True,0,0,,,,False,False,False,False,,,2599420.0,147000000.0,,,2025-08-14,,,,0,0.0,0,None,52.93,0.0,63.9,No material anomaly signal detected.,Completed,RUN-20261008-254699
WS/MP18108/2025-2026/206777,V41,Madhya Pradesh,SAGAR,DR. LATA WANKHEDE,Normal/Others,,,Audit,1,31.76,Medium,1,0,True,0,0,,,,False,False,False,False,,,2599420.0,147000000.0,,,2025-07-29,,,,0,0.0,0,None,52.93,0.0,63.9,No material anomaly signal detected.,Completed,RUN-20261008-254699
WS/MP18108/2024-2025/165755,V41,Madhya Pradesh,SAGAR,DR. LATA WANKHEDE,Normal/Others,,,Audit,1,31.76,Medium,1,0,True,0,0,,,,False,False,False,False,,,500000.0,147000000.0,,,2025-10-23,,,,0,0.0,0,None,52.93,0.0,63.9,No material anomaly signal detected.,Completed,RUN-20261008-254699
WS/MP18108/2025-2026/203467,V41,Madhya Pradesh,SAGAR,DR. LATA WANKHEDE,Normal/Others,,,Audit,1,31.76,Medium,1,0,True,0,0,,,,False,False,False,False,,,2599420.0,147000000.0,,,2025-08-14,,,,0,0.0,0,None,52.93,0.0,63.9,No material anomaly signal detected.,Completed,RUN-20261008-254699
WS/MP18108/2024-2025/164725,V41,Madhya Pradesh,SAGAR,DR. LATA WANKHEDE,Normal/Others,,,Audit,1,31.76,Medium,1,0,True,0,0,,,,False,False,False,False,,,499763.0,147000000.0,,,2025-10-13,,,,0,0.0,0,None,52.93,0.0,63.9,No material anomaly signal detected.,Completed,RUN-20261008-254699
WS/MP18108/2024-2025/163484,V41,Madhya Pradesh,SAGAR,DR. LATA WANKHEDE,Normal/Others,,,Audit,1,31.76,Medium,1,0,True,0,0,,,,False,False,False,False,,,496732.0,147000000.0,,,2025-10-22,,,,0,0.0,0,None,52.93,0.0,63.9,No material anomaly signal detected.,Completed,RUN-20261008-254699
WS/MP18108/2024-2025/163485,V41,Madhya Pradesh,SAGAR,DR. LATA WANKHEDE,Normal/Others,,,Audit,1,31.76,Medium,1,0,True,0,0,,,,False,False,False,False,,,498503.0,147000000.0,,,2025-10-23,,,,0,0.0,0,None,52.93,0.0,63.9,No material anomaly signal detected.,Completed,RUN-20261008-254699
WS/MP18108/2024-2025/162831,V41,Madhya Pradesh,SAGAR,DR. LATA WANKHEDE,Normal/Others,,,Audit,1,31.76,Medium,1,0,True,0,0,,,,False,False,False,False,,,500000.0,147000000.0,,,2025-10-23,,,,0,0.0,0,None,52.93,0.0,63.9,No material anomaly signal detected.,Completed,RUN-20261008-254699
WS/MP18108/2024-2025/163486,V41,Madhya Pradesh,SAGAR,DR. LATA WANKHEDE,Normal/Others,,,Audit,1,31.76,Medium,1,0,True,0,0,,,,False,False,False,False,,,499000.0,147000000.0,,,2025-10-29,,,,0,0.0,0,None,52.93,0.0,63.9,No material anomaly signal detected.,Completed,RUN-20261008-254699
WS/MP18108/2024-2025/163755,V41,Madhya Pradesh,SAGAR,DR. LATA WANKHEDE,Normal/Others,,,Audit,1,31.76,Medium,1,0,True,0,0,,,,False,False,False,False,,,500000.0,147000000.0,,,2025-10-17,,,,0,0.0,0,None,52.93,0.0,63.9,No material anomaly signal detected.,Completed,RUN-20261008-254699
WS/MP18108/2024-2025/163756,V41,Madhya Pradesh,SAGAR,DR. LATA WANKHEDE,Normal/Others,,,Audit,1,31.76,Medium,1,0,True,0,0,,,,False,False,False,False,,,1000000.0,147000000.0,,,2025-09-18,,,,0,0.0,0,None,52.93,0.0,63.9,No material anomaly signal detected.,Completed,RUN-20261008-254699
WS/MP18108/2024-2025/164724,V41,Madhya Pradesh,SAGAR,DR. LATA WANKHEDE,Normal/Others,,,Audit,1,31.76,Medium,1,0,True,0,0,,,,False,False,False,False,,,500000.0,147000000.0,,,2025-12-19,,,,0,0.0,0,None,52.93,0.0,63.9,No material anomaly signal detected.,Completed,RUN-20261008-254699
WS/MP18108/2024-2025/162836,V41,Madhya Pradesh,SAGAR,DR. LATA WANKHEDE,Normal/Others,,,Audit,1,31.76,Medium,1,0,True,0,0,,,,False,False,False,False,,,500000.0,147000000.0,,,2025-10-24,,,,0,0.0,0,None,52.93,0.0,63.9,No material anomaly signal detected.,Completed,RUN-20261008-254699
WS/MP18108/2024-2025/164728,V41,Madhya Pradesh,SAGAR,DR. LATA WANKHEDE,Normal/Others,,,Audit,1,31.76,Medium,1,0,True,0,0,,,,False,False,False,False,,,500000.0,147000000.0,,,2025-10-24,,,,0,0.0,0,None,52.93,0.0,63.9,No material anomaly signal detected.,Completed,RUN-20261008-254699
WS/MP654/2024-2025/149304,V41,Madhya Pradesh,SHAHDOL (ST),Smt Himadri Singh,Normal/Others,1000000.0,Vendor Identification,Early-Warning,0,31.72,Medium,1,0,True,0,0,,,,False,False,False,False,1000000.0,,,150724861.11,,2025-03-19,,,,,0,0.0,0,None,52.86,0.0,71.1,No material anomaly signal detected.,Under Implementation,RUN-20261008-254699
WS/MP654/2024-2025/151714,V41,Madhya Pradesh,SHAHDOL (ST),Smt Himadri Singh,Normal/Others,1000000.0,Vendor Identification,Early-Warning,0,31.72,Medium,1,0,True,0,0,,,,False,False,False,False,1000000.0,,,150724861.11,,2025-01-10,,,,,0,0.0,0,None,52.86,0.0,71.1,No material anomaly signal detected.,Under Implementation,RUN-20261008-254699
WS/MP360/2024-2025/146393,V41,Madhya Pradesh,UJJAIN(SC),Shri Anil Firojiya,Normal/Others,100000.0,Work Completed,Audit,1,30.67,Medium,2,0,True,0,0,,,,False,False,False,False,100000.0,,97830.0,147000000.0,,2025-01-20,2026-04-07,,,,0,0.0,0,None,51.12,0.0,71.1,No material anomaly signal detected.,Completed,RUN-20261008-254699
WS/MP360/2024-2025/146390,V41,Madhya Pradesh,UJJAIN(SC),Shri Anil Firojiya,Normal/Others,100000.0,Work Completed,Audit,1,30.67,Medium,2,0,True,0,0,,,,False,False,False,False,100000.0,,97830.0,147000000.0,,2025-01-20,2026-04-07,,,,0,0.0,0,None,51.12,0.0,71.1,No material anomaly signal detected.,Completed,RUN-20261008-254699
WS/MP360/2024-2025/146391,V41,Madhya Pradesh,UJJAIN(SC),Shri Anil Firojiya,Normal/Others,100000.0,Work Completed,Audit,1,30.67,Medium,2,0,True,0,0,,,,False,False,False,False,100000.0,,97830.0,147000000.0,,2025-01-20,2026-04-07,,,,0,0.0,0,None,51.12,0.0,71.1,No material anomaly signal detected.,Completed,RUN-20261008-254699
WS/MP360/2024-2025/146392,V41,Madhya Pradesh,UJJAIN(SC),Shri Anil Firojiya,Normal/Others,100000.0,Work Completed,Audit,1,30.67,Medium,2,0,True,0,0,,,,False,False,False,False,100000.0,,97830.0,147000000.0,,2025-01-20,2026-04-07,,,,0,0.0,0,None,51.12,0.0,71.1,No material anomaly signal detected.,Completed,RUN-20261008-254699
WS/MP360/2024-2025/146398,V41,Madhya Pradesh,UJJAIN(SC),Shri Anil Firojiya,Normal/Others,100000.0,Work Completed,Audit,1,30.67,Medium,2,0,True,0,0,,,,False,False,False,False,100000.0,,97830.0,147000000.0,,2025-01-17,2026-04-07,,,,0,0.0,0,None,51.12,0.0,71.1,No material anomaly signal detected.,Completed,RUN-20261008-254699
WS/MP360/2024-2025/146394,V41,Madhya Pradesh,UJJAIN(SC),Shri Anil Firojiya,Normal/Others,100000.0,Work Completed,Audit,1,30.67,Medium,2,0,True,0,0,,,,False,False,False,False,100000.0,,97830.0,147000000.0,,2025-01-20,2026-04-07,,,,0,0.0,0,None,51.12,0.0,71.1,No material anomaly signal detected.,Completed,RUN-20261008-254699
WS/MP360/2024-2025/146386,V41,Madhya Pradesh,UJJAIN(SC),Shri Anil Firojiya,Normal/Others,100000.0,Work Completed,Audit,1,30.67,Medium,2,0,True,0,0,,,,False,False,False,False,100000.0,,97829.0,147000000.0,,2025-01-20,2026-04-07,,,,0,0.0,0,None,51.12,0.0,71.1,No material anomaly signal detected.,Completed,RUN-20261008-254699
WS/MP360/2024-2025/146395,V41,Madhya Pradesh,UJJAIN(SC),Shri Anil Firojiya,Normal/Others,100000.0,Work Completed,Audit,1,30.67,Medium,2,0,True,0,0,,,,False,False,False,False,100000.0,,97830.0,147000000.0,,2025-01-17,2026-04-07,,,,0,0.0,0,None,51.12,0.0,71.1,No material anomaly signal detected.,Completed,RUN-20261008-254699
WS/MP360/2024-2025/146389,V41,Madhya Pradesh,UJJAIN(SC),Shri Anil Firojiya,Normal/Others,100000.0,Work Completed,Audit,1,30.67,Medium,2,0,True,0,0,,,,False,False,False,False,100000.0,,97830.0,147000000.0,,2025-01-20,2026-04-07,,,,0,0.0,0,None,51.12,0.0,71.1,No material anomaly signal detected.,Completed,RUN-20261008-254699
WS/MP360/2024-2025/146397,V41,Madhya Pradesh,UJJAIN(SC),Shri Anil Firojiya,Normal/Others,100000.0,Work Completed,Audit,1,30.67,Medium,2,0,True,0,0,,,,False,False,False,False,100000.0,,97830.0,147000000.0,,2025-01-17,2026-04-07,,,,0,0.0,0,None,51.12,0.0,71.1,No material anomaly signal detected.,Completed,RUN-20261008-254699
WS/MP360/2024-2025/146385,V41,Madhya Pradesh,UJJAIN(SC),Shri Anil Firojiya,Normal/Others,100000.0,Work Completed,Audit,1,30.67,Medium,2,0,True,0,0,,,,False,False,False,False,100000.0,,97829.0,147000000.0,,2025-01-20,2026-04-07,,,,0,0.0,0,None,51.12,0.0,71.1,No material anomaly signal detected.,Completed,RUN-20261008-254699
WS/MP360/2024-2025/146383,V41,Madhya Pradesh,UJJAIN(SC),Shri Anil Firojiya,Normal/Others,100000.0,Work Completed,Audit,1,30.67,Medium,2,0,True,0,0,,,,False,False,False,False,100000.0,,97829.0,147000000.0,,2025-01-20,2026-04-07,,,,0,0.0,0,None,51.12,0.0,71.1,No material anomaly signal detected.,Completed,RUN-20261008-254699
WS/MP360/2024-2025/146377,V41,Madhya Pradesh,UJJAIN(SC),Shri Anil Firojiya,Normal/Others,100000.0,Work Completed,Audit,1,30.67,Medium,2,0,True,0,0,,,,False,False,False,False,100000.0,,97829.0,147000000.0,,2025-01-20,2026-04-07,,,,0,0.0,0,None,51.12,0.0,71.1,No material anomaly signal detected.,Completed,RUN-20261008-254699
WS/MP360/2024-2025/146378,V41,Madhya Pradesh,UJJAIN(SC),Shri Anil Firojiya,Normal/Others,100000.0,Work Completed,Audit,1,30.67,Medium,2,0,True,0,0,,,,False,False,False,False,100000.0,,97829.0,147000000.0,,2025-01-20,2026-04-07,,,,0,0.0,0,None,51.12,0.0,71.1,No material anomaly signal detected.,Completed,RUN-20261008-254699
WS/MP360/2024-2025/146379,V41,Madhya Pradesh,UJJAIN(SC),Shri Anil Firojiya,Normal/Others,100000.0,Work Completed,Audit,1,30.67,Medium,2,0,True,0,0,,,,False,False,False,False,100000.0,,97829.0,147000000.0,,2025-01-20,2026-04-07,,,,0,0.0,0,None,51.12,0.0,71.1,No material anomaly signal detected.,Completed,RUN-20261008-254699
WS/MP360/2024-2025/146380,V41,Madhya Pradesh,UJJAIN(SC),Shri Anil Firojiya,Normal/Others,100000.0,Work Completed,Audit,1,30.67,Medium,2,0,True,0,0,,,,False,False,False,False,100000.0,,97829.0,147000000.0,,2025-01-20,2026-04-07,,,,0,0.0,0,None,51.12,0.0,71.1,No material anomaly signal detected.,Completed,RUN-20261008-254699
WS/MP360/2024-2025/146381,V41,Madhya Pradesh,UJJAIN(SC),Shri Anil Firojiya,Normal/Others,100000.0,Work Completed,Audit,1,30.67,Medium,2,0,True,0,0,,,,False,False,False,False,100000.0,,97829.0,147000000.0,,2025-01-20,2026-04-07,,,,0,0.0,0,None,51.12,0.0,71.1,No material anomaly signal detected.,Completed,RUN-20261008-254699
WS/MP360/2024-2025/146382,V41,Madhya Pradesh,UJJAIN(SC),Shri Anil Firojiya,Normal/Others,100000.0,Work Completed,Audit,1,30.67,Medium,2,0,True,0,0,,,,False,False,False,False,100000.0,,97829.0,147000000.0,,2025-01-20,2026-04-07,,,,0,0.0,0,None,51.12,0.0,71.1,No material anomaly signal detected.,Completed,RUN-20261008-254699
WS/MP360/2024-2025/146384,V41,Madhya Pradesh,UJJAIN(SC),Shri Anil Firojiya,Normal/Others,100000.0,Work Completed,Audit,1,30.67,Medium,2,0,True,0,0,,,,False,False,False,False,100000.0,,97829.0,147000000.0,,2025-01-20,2026-04-07,,,,0,0.0,0,None,51.12,0.0,71.1,No material anomaly signal detected.,Completed,RUN-20261008-254699
WS/MP360/2024-2025/146399,V41,Madhya Pradesh,UJJAIN(SC),Shri Anil Firojiya,Normal/Others,100000.0,Work Completed,Audit,1,30.67,Medium,2,0,True,0,0,,,,False,False,False,False,100000.0,,97830.0,147000000.0,,2025-01-17,2026-04-07,,,,0,0.0,0,None,51.12,0.0,71.1,No material anomaly signal detected.,Completed,RUN-20261008-254699
WS/MP360/2024-2025/146404,V41,Madhya Pradesh,UJJAIN(SC),Shri Anil Firojiya,Normal/Others,100000.0,Work Completed,Audit,1,30.67,Medium,2,0,True,0,0,,,,False,False,False,False,100000.0,,97830.0,147000000.0,,2025-01-17,2026-04-07,,,,0,0.0,0,None,51.12,0.0,71.1,No material anomaly signal detected.,Completed,RUN-20261008-254699
WS/MP360/2024-2025/146401,V41,Madhya Pradesh,UJJAIN(SC),Shri Anil Firojiya,Normal/Others,100000.0,Work Completed,Audit,1,30.67,Medium,2,0,True,0,0,,,,False,False,False,False,100000.0,,97830.0,147000000.0,,2025-01-20,2026-04-07,,,,0,0.0,0,None,51.12,0.0,71.1,No material anomaly signal detected.,Completed,RUN-20261008-254699
WS/MP360/2024-2025/146400,V41,Madhya Pradesh,UJJAIN(SC),Shri Anil Firojiya,Normal/Others,100000.0,Work Completed,Audit,1,30.67,Medium,2,0,True,0,0,,,,False,False,False,False,100000.0,,97830.0,147000000.0,,2025-01-17,2026-04-07,,,,0,0.0,0,None,51.12,0.0,71.1,No material anomaly signal detected.,Completed,RUN-20261008-254699
WS/MP360/2024-2025/146396,V41,Madhya Pradesh,UJJAIN(SC),Shri Anil Firojiya,Normal/Others,100000.0,Work Completed,Audit,1,30.67,Medium,2,0,True,0,0,,,,False,False,False,False,100000.0,,97830.0,147000000.0,,2025-01-17,2026-04-07,,,,0,0.0,0,None,51.12,0.0,71.1,No material anomaly signal detected.,Completed,RUN-20261008-254699
WS/MP650/2025-2026/151268,V41,Madhya Pradesh,INDORE,Shankar Lalwani,Normal/Others,250000.0,Vendor Identification,Early-Warning,0,30.5,Medium,1,0,True,0,1,,,,False,False,False,False,250000.0,,,147000000.0,,2025-05-13,,,,,0,0.0,0,None,50.83,0.0,71.1,No material anomaly signal detected.,Under Implementation,RUN-20261008-254699
WS/MP650/2025-2026/151269,V41,Madhya Pradesh,INDORE,Shankar Lalwani,Normal/Others,250000.0,Vendor Identification,Early-Warning,0,30.5,Medium,1,0,True,0,1,,,,False,False,False,False,250000.0,,,147000000.0,,2025-05-13,,,,,0,0.0,0,None,50.83,0.0,71.1,No material anomaly signal detected.,Under Implementation,RUN-20261008-254699
WS/MP641/2024-2025/147800,V41,Madhya Pradesh,KHARGONE(ST),Gajendra Singh Patel,Normal/Others,139388.0,Physical Inspection,Audit,1,30.21,Medium,2,0,True,0,0,,,,False,False,False,False,139388.0,,139388.0,147000000.0,,2024-11-18,2026-04-01,,,,0,0.0,0,None,50.35,0.0,71.1,No material anomaly signal detected.,Completed,RUN-20261008-254699
WS/MP641/2024-2025/147801,V41,Madhya Pradesh,KHARGONE(ST),Gajendra Singh Patel,Normal/Others,139388.0,Physical Inspection,Audit,1,30.21,Medium,2,0,True,0,0,,,,False,False,False,False,139388.0,,139388.0,147000000.0,,2024-11-18,2026-04-02,,,,0,0.0,0,None,50.35,0.0,71.1,No material anomaly signal detected.,Completed,RUN-20261008-254699
WS/MP641/2024-2025/147792,V41,Madhya Pradesh,KHARGONE(ST),Gajendra Singh Patel,Normal/Others,139388.0,Physical Inspection,Audit,1,30.21,Medium,2,0,True,0,0,,,,False,False,False,False,139388.0,,139388.0,147000000.0,,2024-11-18,2026-03-12,,,,0,0.0,0,None,50.35,0.0,71.1,No material anomaly signal detected.,Completed,RUN-20261008-254699
WS/MP641/2024-2025/147803,V41,Madhya Pradesh,KHARGONE(ST),Gajendra Singh Patel,Normal/Others,139388.0,Physical Inspection,Audit,1,30.21,Medium,2,0,True,0,0,,,,False,False,False,False,139388.0,,139388.0,147000000.0,,2024-11-18,2026-04-08,,,,0,0.0,0,None,50.35,0.0,71.1,No material anomaly signal detected.,Completed,RUN-20261008-254699
WS/MP641/2024-2025/147798,V41,Madhya Pradesh,KHARGONE(ST),Gajendra Singh Patel,Normal/Others,139388.0,Physical Inspection,Audit,1,30.21,Medium,2,0,True,0,0,,,,False,False,False,False,139388.0,,139388.0,147000000.0,,2024-11-18,2026-04-01,,,,0,0.0,0,None,50.35,0.0,71.1,No material anomaly signal detected.,Completed,RUN-20261008-254699
WS/MP641/2024-2025/147797,V41,Madhya Pradesh,KHARGONE(ST),Gajendra Singh Patel,Normal/Others,139388.0,Physical Inspection,Audit,1,30.21,Medium,2,0,True,0,0,,,,False,False,False,False,139388.0,,139388.0,147000000.0,,2024-11-18,2026-03-12,,,,0,0.0,0,None,50.35,0.0,71.1,No material anomaly signal detected.,Completed,RUN-20261008-254699
WS/MP641/2024-2025/147794,V41,Madhya Pradesh,KHARGONE(ST),Gajendra Singh Patel,Normal/Others,139388.0,Physical Inspection,Audit,1,30.21,Medium,2,0,True,0,0,,,,False,False,False,False,139388.0,,139388.0,147000000.0,,2024-11-18,2026-03-12,,,,0,0.0,0,None,50.35,0.0,71.1,No material anomaly signal detected.,Completed,RUN-20261008-254699
WS/MP641/2024-2025/147793,V41,Madhya Pradesh,KHARGONE(ST),Gajendra Singh Patel,Normal/Others,139388.0,Physical Inspection,Audit,1,30.21,Medium,2,0,True,0,0,,,,False,False,False,False,139388.0,,139388.0,147000000.0,,2024-11-18,2026-03-12,,,,0,0.0,0,None,50.35,0.0,71.1,No material anomaly signal detected.,Completed,RUN-20261008-254699
WS/MP641/2024-2025/148548,V41,Madhya Pradesh,KHARGONE(ST),Gajendra Singh Patel,Normal/Others,139388.0,Physical Inspection,Audit,1,30.21,Medium,2,0,True,0,0,,,,False,False,False,False,139388.0,,139388.0,147000000.0,,2024-11-18,2026-04-08,,,,0,0.0,0,None,50.35,0.0,71.1,No material anomaly signal detected.,Completed,RUN-20261008-254699
WS/MP641/2024-2025/147790,V41,Madhya Pradesh,KHARGONE(ST),Gajendra Singh Patel,Normal/Others,139388.0,Physical Inspection,Audit,1,30.21,Medium,2,0,True,0,0,,,,False,False,False,False,139388.0,,139388.0,147000000.0,,2024-11-18,2026-03-12,,,,0,0.0,0,None,50.35,0.0,71.1,No material anomaly signal detected.,Completed,RUN-20261008-254699
WS/MP641/2024-2025/147802,V41,Madhya Pradesh,KHARGONE(ST),Gajendra Singh Patel,Normal/Others,139388.0,Physical Inspection,Audit,1,30.21,Medium,2,0,True,0,0,,,,False,False,False,False,139388.0,,139388.0,147000000.0,,2024-11-18,2026-04-02,,,,0,0.0,0,None,50.35,0.0,71.1,No material anomaly signal detected.,Completed,RUN-20261008-254699
WS/MP641/2024-2025/147791,V41,Madhya Pradesh,KHARGONE(ST),Gajendra Singh Patel,Normal/Others,139388.0,Physical Inspection,Audit,1,30.21,Medium,2,0,True,0,0,,,,False,False,False,False,139388.0,,139388.0,147000000.0,,2024-11-18,2026-03-11,,,,0,0.0,0,None,50.35,0.0,71.1,No material anomaly signal detected.,Completed,RUN-20261008-254699
WS/MP641/2024-2025/147804,V41,Madhya Pradesh,KHARGONE(ST),Gajendra Singh Patel,Normal/Others,139388.0,Physical Inspection,Audit,1,30.21,Medium,2,0,True,0,0,,,,False,False,False,False,139388.0,,139388.0,147000000.0,,2024-11-18,2026-04-08,,,,0,0.0,0,None,50.35,0.0,71.1,No material anomaly signal detected.,Completed,RUN-20261008-254699
WS/MP641/2024-2025/147805,V41,Madhya Pradesh,KHARGONE(ST),Gajendra Singh Patel,Normal/Others,139388.0,Physical Inspection,Audit,1,30.21,Medium,2,0,True,0,0,,,,False,False,False,False,139388.0,,139388.0,147000000.0,,2024-11-18,2026-04-08,,,,0,0.0,0,None,50.35,0.0,71.1,No material anomaly signal detected.,Completed,RUN-20261008-254699
WS/MP641/2024-2025/147806,V41,Madhya Pradesh,KHARGONE(ST),Gajendra Singh Patel,Normal/Others,139388.0,Physical Inspection,Audit,1,30.21,Medium,2,0,True,0,0,,,,False,False,False,False,139388.0,,139388.0,147000000.0,,2024-10-25,2026-03-13,,,,0,0.0,0,None,50.35,0.0,71.1,No material anomaly signal detected.,Completed,RUN-20261008-254699
WS/MP641/2024-2025/148071,V41,Madhya Pradesh,KHARGONE(ST),Gajendra Singh Patel,Normal/Others,139388.0,Physical Inspection,Audit,1,30.21,Medium,2,0,True,0,0,,,,False,False,False,False,139388.0,,139388.0,147000000.0,,2024-11-18,2026-04-08,,,,0,0.0,0,None,50.35,0.0,71.1,No material anomaly signal detected.,Completed,RUN-20261008-254699
WS/MP641/2024-2025/148072,V41,Madhya Pradesh,KHARGONE(ST),Gajendra Singh Patel,Normal/Others,139388.0,Physical Inspection,Audit,1,30.21,Medium,2,0,True,0,0,,,,False,False,False,False,139388.0,,139388.0,147000000.0,,2024-11-18,2026-04-08,,,,0,0.0,0,None,50.35,0.0,71.1,No material anomaly signal detected.,Completed,RUN-20261008-254699
WS/MP641/2024-2025/148545,V41,Madhya Pradesh,KHARGONE(ST),Gajendra Singh Patel,Normal/Others,139388.0,Physical Inspection,Audit,1,30.21,Medium,2,0,True,0,0,,,,False,False,False,False,139388.0,,139388.0,147000000.0,,2024-11-18,2026-04-08,,,,0,0.0,0,None,50.35,0.0,71.1,No material anomaly signal detected.,Completed,RUN-20261008-254699
WS/MP641/2024-2025/148546,V41,Madhya Pradesh,KHARGONE(ST),Gajendra Singh Patel,Normal/Others,139388.0,Physical Inspection,Audit,1,30.21,Medium,2,0,True,0,0,,,,False,False,False,False,139388.0,,139388.0,147000000.0,,2024-11-18,2026-04-08,,,,0,0.0,0,None,50.35,0.0,71.1,No material anomaly signal detected.,Completed,RUN-20261008-254699
WS/MP641/2024-2025/148547,V41,Madhya Pradesh,KHARGONE(ST),Gajendra Singh Patel,Normal/Others,139388.0,Physical Inspection,Audit,1,30.21,Medium,2,0,True,0,0,,,,False,False,False,False,139388.0,,139388.0,147000000.0,,2024-11-18,2026-04-08,,,,0,0.0,0,None,50.35,0.0,71.1,No material anomaly signal detected.,Completed,RUN-20261008-254699
WS/MP641/2024-2025/147799,V41,Madhya Pradesh,KHARGONE(ST),Gajendra Singh Patel,Normal/Others,139388.0,Physical Inspection,Audit,1,30.21,Medium,2,0,True,0,0,,,,False,False,False,False,139388.0,,139388.0,147000000.0,,2024-11-18,2026-04-01,,,,0,0.0,0,None,50.35,0.0,71.1,No material anomaly signal detected.,Completed,RUN-20261008-254699
WS/MP356/2024-2025/155421,V41,Madhya Pradesh,MANDSOUR,Shri Sudheer Gupta,Normal/Others,,,Audit,1,29.09,Medium,1,0,True,0,1,,,,False,False,False,False,,,500000.0,148988014.83,,,2026-08-04,,,,0,0.0,0,None,48.49,0.0,63.9,No material anomaly signal detected.,Completed,RUN-20261008-254699
WS/MP356/2024-2025/156431,V41,Madhya Pradesh,MANDSOUR,Shri Sudheer Gupta,Normal/Others,,,Audit,1,29.09,Medium,1,0,True,0,1,,,,False,False,False,False,,,200000.0,148988014.83,,,2026-01-22,,,,0,0.0,0,None,48.49,0.0,63.9,No material anomaly signal detected.,Completed,RUN-20261008-254699
WS/MP356/2025-2026/156428,V41,Madhya Pradesh,MANDSOUR,Shri Sudheer Gupta,Normal/Others,,,Audit,1,29.09,Medium,1,0,True,0,1,,,,False,False,False,False,,,750000.0,148988014.83,,,2026-08-09,,,,0,0.0,0,None,48.49,0.0,63.9,No material anomaly signal detected.,Completed,RUN-20261008-254699
WS/MP356/2025-2026/194348,V41,Madhya Pradesh,MANDSOUR,Shri Sudheer Gupta,Normal/Others,,,Audit,1,29.09,Medium,1,0,True,0,1,,,,False,False,False,False,,,800000.0,148988014.83,,,2026-01-22,,,,0,0.0,0,None,48.49,0.0,63.9,No material anomaly signal detected.,Completed,RUN-20261008-254699
WS/MP356/2025-2026/194352,V41,Madhya Pradesh,MANDSOUR,Shri Sudheer Gupta,Normal/Others,,,Audit,1,29.09,Medium,1,0,True,0,1,,,,False,False,False,False,,,450000.0,148988014.83,,,2026-02-21,,,,0,0.0,0,None,48.49,0.0,63.9,No material anomaly signal detected.,Completed,RUN-20261008-254699
WS/MP356/2025-2026/210797,V41,Madhya Pradesh,MANDSOUR,Shri Sudheer Gupta,Normal/Others,,,Audit,1,29.09,Medium,1,0,True,0,1,,,,False,False,False,False,,,400000.0,148988014.83,,,2026-05-11,,,,0,0.0,0,None,48.49,0.0,63.9,No material anomaly signal detected.,Completed,RUN-20261008-254699
WS/MP444/2024-2025/146220,V41,Madhya Pradesh,BETUL(ST),Durga Das Uikey,Normal/Others,190546.0,Physical Inspection,Audit,1,28.61,Medium,2,0,True,0,0,,,,False,False,False,False,190546.0,,190546.0,151569502.91,,2024-12-26,2026-01-29,,,,0,0.0,0,None,47.69,0.0,71.1,No material anomaly signal detected.,Completed,RUN-20261008-254699
WS/MP444/2024-2025/146222,V41,Madhya Pradesh,BETUL(ST),Durga Das Uikey,Normal/Others,190546.0,Physical Inspection,Audit,1,28.61,Medium,2,0,True,0,0,,,,False,False,False,False,190546.0,,190546.0,151569502.91,,2024-12-24,2026-01-29,,,,0,0.0,0,None,47.69,0.0,71.1,No material anomaly signal detected.,Completed,RUN-20261008-254699
WS/MP444/2024-2025/146219,V41,Madhya Pradesh,BETUL(ST),Durga Das Uikey,Normal/Others,190546.0,Physical Inspection,Audit,1,28.61,Medium,2,0,True,0,0,,,,False,False,False,False,190546.0,,190546.0,151569502.91,,2024-12-26,2026-01-29,,,,0,0.0,0,None,47.69,0.0,71.1,No material anomaly signal detected.,Completed,RUN-20261008-254699
WS/MP444/2024-2025/146221,V41,Madhya Pradesh,BETUL(ST),Durga Das Uikey,Normal/Others,190546.0,Physical Inspection,Audit,1,28.61,Medium,2,0,True,0,0,,,,False,False,False,False,190546.0,,190546.0,151569502.91,,2025-02-20,2026-01-27,,,,0,0.0,0,None,47.69,0.0,71.1,No material anomaly signal detected.,Completed,RUN-20261008-254699
WS/MP444/2024-2025/146234,V41,Madhya Pradesh,BETUL(ST),Durga Das Uikey,Normal/Others,190546.0,Physical Inspection,Audit,1,28.61,Medium,2,0,True,0,0,,,,False,False,False,False,190546.0,,190546.0,151569502.91,,2024-12-26,2026-01-29,,,,0,0.0,0,None,47.69,0.0,71.1,No material anomaly signal detected.,Completed,RUN-20261008-254699
WS/MP444/2024-2025/146223,V41,Madhya Pradesh,BETUL(ST),Durga Das Uikey,Normal/Others,190546.0,Physical Inspection,Audit,1,28.61,Medium,2,0,True,0,0,,,,False,False,False,False,190546.0,,190546.0,151569502.91,,2024-12-26,2026-01-29,,,,0,0.0,0,None,47.69,0.0,71.1,No material anomaly signal detected.,Completed,RUN-20261008-254699
WS/MP444/2024-2025/146224,V41,Madhya Pradesh,BETUL(ST),Durga Das Uikey,Normal/Others,190546.0,Physical Inspection,Audit,1,28.61,Medium,2,0,True,0,0,,,,False,False,False,False,190546.0,,190546.0,151569502.91,,2024-12-26,2026-01-29,,,,0,0.0,0,None,47.69,0.0,71.1,No material anomaly signal detected.,Completed,RUN-20261008-254699
WS/MP444/2024-2025/146261,V41,Madhya Pradesh,BETUL(ST),Durga Das Uikey,Normal/Others,190546.0,Physical Inspection,Audit,1,28.61,Medium,2,0,True,0,0,,,,False,False,False,False,190546.0,,190546.0,151569502.91,,2024-12-24,2026-01-29,,,,0,0.0,0,None,47.69,0.0,71.1,No material anomaly signal detected.,Completed,RUN-20261008-254699
WS/MP444/2024-2025/146260,V41,Madhya Pradesh,BETUL(ST),Durga Das Uikey,Normal/Others,190546.0,Physical Inspection,Audit,1,28.61,Medium,2,0,True,0,0,,,,False,False,False,False,190546.0,,190546.0,151569502.91,,2024-12-24,2026-01-29,,,,0,0.0,0,None,47.69,0.0,71.1,No material anomaly signal detected.,Completed,RUN-20261008-254699
WS/MP444/2024-2025/146259,V41,Madhya Pradesh,BETUL(ST),Durga Das Uikey,Normal/Others,190546.0,Physical Inspection,Audit,1,28.61,Medium,2,0,True,0,0,,,,False,False,False,False,190546.0,,190546.0,151569502.91,,2024-12-24,2026-01-29,,,,0,0.0,0,None,47.69,0.0,71.1,No material anomaly signal detected.,Completed,RUN-20261008-254699
WS/MP444/2024-2025/146217,V41,Madhya Pradesh,BETUL(ST),Durga Das Uikey,Normal/Others,190546.0,Physical Inspection,Audit,1,28.61,Medium,2,0,True,0,0,,,,False,False,False,False,190546.0,,190546.0,151569502.91,,2024-12-26,2026-01-29,,,,0,0.0,0,None,47.69,0.0,71.1,No material anomaly signal detected.,Completed,RUN-20261008-254699
WS/MP444/2024-2025/146258,V41,Madhya Pradesh,BETUL(ST),Durga Das Uikey,Normal/Others,190546.0,Physical Inspection,Audit,1,28.61,Medium,2,0,True,0,0,,,,False,False,False,False,190546.0,,190546.0,151569502.91,,2024-12-24,2026-01-29,,,,0,0.0,0,None,47.69,0.0,71.1,No material anomaly signal detected.,Completed,RUN-20261008-254699
WS/MP444/2024-2025/146257,V41,Madhya Pradesh,BETUL(ST),Durga Das Uikey,Normal/Others,190546.0,Physical Inspection,Audit,1,28.61,Medium,2,0,True,0,0,,,,False,False,False,False,190546.0,,190546.0,151569502.91,,2024-12-24,2026-01-29,,,,0,0.0,0,None,47.69,0.0,71.1,No material anomaly signal detected.,Completed,RUN-20261008-254699
WS/MP444/2024-2025/146256,V41,Madhya Pradesh,BETUL(ST),Durga Das Uikey,Normal/Others,190546.0,Physical Inspection,Audit,1,28.61,Medium,2,0,True,0,0,,,,False,False,False,False,190546.0,,190546.0,151569502.91,,2024-12-24,2026-01-29,,,,0,0.0,0,None,47.69,0.0,71.1,No material anomaly signal detected.,Completed,RUN-20261008-254699
WS/MP444/2024-2025/146255,V41,Madhya Pradesh,BETUL(ST),Durga Das Uikey,Normal/Others,190546.0,Physical Inspection,Audit,1,28.61,Medium,2,0,True,0,0,,,,False,False,False,False,190546.0,,190546.0,151569502.91,,2024-12-24,2026-01-29,,,,0,0.0,0,None,47.69,0.0,71.1,No material anomaly signal detected.,Completed,RUN-20261008-254699
WS/MP444/2024-2025/146254,V41,Madhya Pradesh,BETUL(ST),Durga Das Uikey,Normal/Others,190546.0,Physical Inspection,Audit,1,28.61,Medium,2,0,True,0,0,,,,False,False,False,False,190546.0,,190546.0,151569502.91,,2024-12-26,2026-01-29,,,,0,0.0,0,None,47.69,0.0,71.1,No material anomaly signal detected.,Completed,RUN-20261008-254699
WS/MP444/2024-2025/146253,V41,Madhya Pradesh,BETUL(ST),Durga Das Uikey,Normal/Others,190546.0,Physical Inspection,Audit,1,28.61,Medium,2,0,True,0,0,,,,False,False,False,False,190546.0,,190546.0,151569502.91,,2024-12-26,2026-01-29,,,,0,0.0,0,None,47.69,0.0,71.1,No material anomaly signal detected.,Completed,RUN-20261008-254699
WS/MP444/2024-2025/146252,V41,Madhya Pradesh,BETUL(ST),Durga Das Uikey,Normal/Others,190546.0,Physical Inspection,Audit,1,28.61,Medium,2,0,True,0,0,,,,False,False,False,False,190546.0,,190546.0,151569502.91,,2024-12-26,2026-01-29,,,,0,0.0,0,None,47.69,0.0,71.1,No material anomaly signal detected.,Completed,RUN-20261008-254699
WS/MP444/2024-2025/146251,V41,Madhya Pradesh,BETUL(ST),Durga Das Uikey,Normal/Others,190546.0,Physical Inspection,Audit,1,28.61,Medium,2,0,True,0,0,,,,False,False,False,False,190546.0,,190546.0,151569502.91,,2024-12-26,2026-01-29,,,,0,0.0,0,None,47.69,0.0,71.1,No material anomaly signal detected.,Completed,RUN-20261008-254699
WS/MP444/2024-2025/146250,V41,Madhya Pradesh,BETUL(ST),Durga Das Uikey,Normal/Others,190546.0,Physical Inspection,Audit,1,28.61,Medium,2,0,True,0,0,,,,False,False,False,False,190546.0,,190546.0,151569502.91,,2024-12-26,2026-01-29,,,,0,0.0,0,None,47.69,0.0,71.1,No material anomaly signal detected.,Completed,RUN-20261008-254699
WS/MP444/2024-2025/146249,V41,Madhya Pradesh,BETUL(ST),Durga Das Uikey,Normal/Others,190546.0,Physical Inspection,Audit,1,28.61,Medium,2,0,True,0,0,,,,False,False,False,False,190546.0,,190546.0,151569502.91,,2024-12-26,2026-01-29,,,,0,0.0,0,None,47.69,0.0,71.1,No material anomaly signal detected.,Completed,RUN-20261008-254699
WS/MP444/2024-2025/146236,V41,Madhya Pradesh,BETUL(ST),Durga Das Uikey,Normal/Others,190546.0,Physical Inspection,Audit,1,28.61,Medium,2,0,True,0,0,,,,False,False,False,False,190546.0,,190546.0,151569502.91,,2024-12-26,2026-01-29,,,,0,0.0,0,None,47.69,0.0,71.1,No material anomaly signal detected.,Completed,RUN-20261008-254699
WS/MP444/2024-2025/146235,V41,Madhya Pradesh,BETUL(ST),Durga Das Uikey,Normal/Others,190546.0,Physical Inspection,Audit,1,28.61,Medium,2,0,True,0,0,,,,False,False,False,False,190546.0,,190546.0,151569502.91,,2024-12-26,2026-01-29,,,,0,0.0,0,None,47.69,0.0,71.1,No material anomaly signal detected.,Completed,RUN-20261008-254699
WS/MP444/2024-2025/146233,V41,Madhya Pradesh,BETUL(ST),Durga Das Uikey,Normal/Others,190546.0,Physical Inspection,Audit,1,28.61,Medium,2,0,True,0,0,,,,False,False,False,False,190546.0,,190546.0,151569502.91,,2024-12-26,2026-01-29,,,,0,0.0,0,None,47.69,0.0,71.1,No material anomaly signal detected.,Completed,RUN-20261008-254699
WS/MP444/2024-2025/146232,V41,Madhya Pradesh,BETUL(ST),Durga Das Uikey,Normal/Others,190546.0,Physical Inspection,Audit,1,28.61,Medium,2,0,True,0,0,,,,False,False,False,False,190546.0,,190546.0,151569502.91,,2024-12-26,2026-01-29,,,,0,0.0,0,None,47.69,0.0,71.1,No material anomaly signal detected.,Completed,RUN-20261008-254699
WS/MP444/2024-2025/146231,V41,Madhya Pradesh,BETUL(ST),Durga Das Uikey,Normal/Others,190546.0,Physical Inspection,Audit,1,28.61,Medium,2,0,True,0,0,,,,False,False,False,False,190546.0,,190546.0,151569502.91,,2024-12-26,2026-01-29,,,,0,0.0,0,None,47.69,0.0,71.1,No material anomaly signal detected.,Completed,RUN-20261008-254699
WS/MP444/2024-2025/146230,V41,Madhya Pradesh,BETUL(ST),Durga Das Uikey,Normal/Others,190546.0,Physical Inspection,Audit,1,28.61,Medium,2,0,True,0,0,,,,False,False,False,False,190546.0,,190546.0,151569502.91,,2024-12-26,2026-01-29,,,,0,0.0,0,None,47.69,0.0,71.1,No material anomaly signal detected.,Completed,RUN-20261008-254699
WS/MP444/2024-2025/146229,V41,Madhya Pradesh,BETUL(ST),Durga Das Uikey,Normal/Others,190546.0,Physical Inspection,Audit,1,28.61,Medium,2,0,True,0,0,,,,False,False,False,False,190546.0,,190546.0,151569502.91,,2024-12-26,2026-01-29,,,,0,0.0,0,None,47.69,0.0,71.1,No material anomaly signal detected.,Completed,RUN-20261008-254699
WS/MP444/2024-2025/146228,V41,Madhya Pradesh,BETUL(ST),Durga Das Uikey,Normal/Others,190546.0,Physical Inspection,Audit,1,28.61,Medium,2,0,True,0,0,,,,False,False,False,False,190546.0,,190546.0,151569502.91,,2024-12-26,2026-01-29,,,,0,0.0,0,None,47.69,0.0,71.1,No material anomaly signal detected.,Completed,RUN-20261008-254699
WS/MP444/2024-2025/146227,V41,Madhya Pradesh,BETUL(ST),Durga Das Uikey,Normal/Others,190546.0,Physical Inspection,Audit,1,28.61,Medium,2,0,True,0,0,,,,False,False,False,False,190546.0,,190546.0,151569502.91,,2024-12-26,2026-01-29,,,,0,0.0,0,None,47.69,0.0,71.1,No material anomaly signal detected.,Completed,RUN-20261008-254699
WS/MP444/2024-2025/146226,V41,Madhya Pradesh,BETUL(ST),Durga Das Uikey,Normal/Others,190546.0,Physical Inspection,Audit,1,28.61,Medium,2,0,True,0,0,,,,False,False,False,False,190546.0,,190546.0,151569502.91,,2024-12-26,2025-07-23,,,,0,0.0,0,None,47.69,0.0,71.1,No material anomaly signal detected.,Completed,RUN-20261008-254699
WS/MP444/2024-2025/146225,V41,Madhya Pradesh,BETUL(ST),Durga Das Uikey,Normal/Others,190546.0,Physical Inspection,Audit,1,28.61,Medium,2,0,True,0,0,,,,False,False,False,False,190546.0,,190546.0,151569502.91,,2024-12-26,2026-01-29,,,,0,0.0,0,None,47.69,0.0,71.1,No material anomaly signal detected.,Completed,RUN-20261008-254699
WS/MP444/2024-2025/146218,V41,Madhya Pradesh,BETUL(ST),Durga Das Uikey,Normal/Others,190546.0,Physical Inspection,Audit,1,28.61,Medium,2,0,True,0,0,,,,False,False,False,False,190546.0,,190546.0,151569502.91,,2024-12-26,2026-01-29,,,,0,0.0,0,None,47.69,0.0,71.1,No material anomaly signal detected.,Completed,RUN-20261008-254699
WS/MP444/2024-2025/146206,V41,Madhya Pradesh,BETUL(ST),Durga Das Uikey,Normal/Others,190546.0,Physical Inspection,Audit,1,28.61,Medium,2,0,True,0,0,,,,False,False,False,False,190546.0,,190546.0,151569502.91,,2024-12-26,2026-01-28,,,,0,0.0,0,None,47.69,0.0,71.1,No material anomaly signal detected.,Completed,RUN-20261008-254699
WS/MP444/2024-2025/146216,V41,Madhya Pradesh,BETUL(ST),Durga Das Uikey,Normal/Others,190546.0,Physical Inspection,Audit,1,28.61,Medium,2,0,True,0,0,,,,False,False,False,False,190546.0,,190546.0,151569502.91,,2024-12-24,2026-01-29,,,,0,0.0,0,None,47.69,0.0,71.1,No material anomaly signal detected.,Completed,RUN-20261008-254699
WS/MP444/2024-2025/146200,V41,Madhya Pradesh,BETUL(ST),Durga Das Uikey,Normal/Others,190546.0,Physical Inspection,Audit,1,28.61,Medium,2,0,True,0,0,,,,False,False,False,False,190546.0,,190546.0,151569502.91,,2024-12-26,2026-01-28,,,,0,0.0,0,None,47.69,0.0,71.1,No material anomaly signal detected.,Completed,RUN-20261008-254699
WS/MP444/2024-2025/146215,V41,Madhya Pradesh,BETUL(ST),Durga Das Uikey,Normal/Others,190546.0,Physical Inspection,Audit,1,28.61,Medium,2,0,True,0,0,,,,False,False,False,False,190546.0,,190546.0,151569502.91,,2025-02-20,2026-01-27,,,,0,0.0,0,None,47.69,0.0,71.1,No material anomaly signal detected.,Completed,RUN-20261008-254699
WS/MP444/2025-2026/146472,V41,Madhya Pradesh,BETUL(ST),Durga Das Uikey,Normal/Others,190546.0,Physical Inspection,Audit,1,28.61,Medium,2,0,True,0,0,,,,False,False,False,False,190546.0,,190546.0,151569502.91,,2025-04-03,2025-10-16,,,,0,0.0,0,None,47.69,0.0,71.1,No material anomaly signal detected.,Completed,RUN-20261008-254699
WS/MP444/2025-2026/146471,V41,Madhya Pradesh,BETUL(ST),Durga Das Uikey,Normal/Others,190546.0,Physical Inspection,Audit,1,28.61,Medium,2,0,True,0,0,,,,False,False,False,False,190546.0,,190546.0,151569502.91,,2025-04-03,2025-10-16,,,,0,0.0,0,None,47.69,0.0,71.1,No material anomaly signal detected.,Completed,RUN-20261008-254699
WS/MP444/2025-2026/146470,V41,Madhya Pradesh,BETUL(ST),Durga Das Uikey,Normal/Others,190546.0,Physical Inspection,Audit,1,28.61,Medium,2,0,True,0,0,,,,False,False,False,False,190546.0,,190546.0,151569502.91,,2025-04-03,2025-10-16,,,,0,0.0,0,None,47.69,0.0,71.1,No material anomaly signal detected.,Completed,RUN-20261008-254699
WS/MP444/2025-2026/146469,V41,Madhya Pradesh,BETUL(ST),Durga Das Uikey,Normal/Others,190546.0,Physical Inspection,Audit,1,28.61,Medium,2,0,True,0,0,,,,False,False,False,False,190546.0,,190546.0,151569502.91,,2025-04-03,2025-10-16,,,,0,0.0,0,None,47.69,0.0,71.1,No material anomaly signal detected.,Completed,RUN-20261008-254699
WS/MP444/2025-2026/146467,V41,Madhya Pradesh,BETUL(ST),Durga Das Uikey,Normal/Others,190546.0,Physical Inspection,Audit,1,28.61,Medium,2,0,True,0,0,,,,False,False,False,False,190546.0,,190546.0,151569502.91,,2025-04-03,2025-10-16,,,,0,0.0,0,None,47.69,0.0,71.1,No material anomaly signal detected.,Completed,RUN-20261008-254699
WS/MP444/2025-2026/146466,V41,Madhya Pradesh,BETUL(ST),Durga Das Uikey,Normal/Others,190546.0,Physical Inspection,Audit,1,28.61,Medium,2,0,True,0,0,,,,False,False,False,False,190546.0,,190546.0,151569502.91,,2025-04-03,2025-10-16,,,,0,0.0,0,None,47.69,0.0,71.1,No material anomaly signal detected.,Completed,RUN-20261008-254699
WS/MP444/2025-2026/146465,V41,Madhya Pradesh,BETUL(ST),Durga Das Uikey,Normal/Others,190546.0,Physical Inspection,Audit,1,28.61,Medium,2,0,True,0,0,,,,False,False,False,False,190546.0,,190546.0,151569502.91,,2025-04-03,2025-10-16,,,,0,0.0,0,None,47.69,0.0,71.1,No material anomaly signal detected.,Completed,RUN-20261008-254699
WS/MP444/2025-2026/146464,V41,Madhya Pradesh,BETUL(ST),Durga Das Uikey,Normal/Others,190546.0,Physical Inspection,Audit,1,28.61,Medium,2,0,True,0,0,,,,False,False,False,False,190546.0,,190546.0,151569502.91,,2025-04-03,2025-10-16,,,,0,0.0,0,None,47.69,0.0,71.1,No material anomaly signal detected.,Completed,RUN-20261008-254699
WS/MP444/2025-2026/146463,V41,Madhya Pradesh,BETUL(ST),Durga Das Uikey,Normal/Others,190546.0,Physical Inspection,Audit,1,28.61,Medium,2,0,True,0,0,,,,False,False,False,False,190546.0,,190546.0,151569502.91,,2025-04-03,2025-10-16,,,,0,0.0,0,None,47.69,0.0,71.1,No material anomaly signal detected.,Completed,RUN-20261008-254699
WS/MP444/2025-2026/146462,V41,Madhya Pradesh,BETUL(ST),Durga Das Uikey,Normal/Others,190546.0,Physical Inspection,Audit,1,28.61,Medium,2,0,True,0,0,,,,False,False,False,False,190546.0,,190546.0,151569502.91,,2025-04-03,2025-10-16,,,,0,0.0,0,None,47.69,0.0,71.1,No material anomaly signal detected.,Completed,RUN-20261008-254699
WS/MP444/2024-2025/147125,V41,Madhya Pradesh,BETUL(ST),Durga Das Uikey,Normal/Others,190546.0,Physical Inspection,Audit,1,28.61,Medium,2,0,True,0,0,,,,False,False,False,False,190546.0,,190546.0,151569502.91,,2024-12-24,2026-01-29,,,,0,0.0,0,None,47.69,0.0,71.1,No material anomaly signal detected.,Completed,RUN-20261008-254699
WS/MP444/2025-2026/146468,V41,Madhya Pradesh,BETUL(ST),Durga Das Uikey,Normal/Others,190546.0,Physical Inspection,Audit,1,28.61,Medium,2,0,True,0,0,,,,False,False,False,False,190546.0,,190546.0,151569502.91,,2025-04-03,2025-10-16,,,,0,0.0,0,None,47.69,0.0,71.1,No material anomaly signal detected.,Completed,RUN-20261008-254699
WS/MP444/2024-2025/146201,V41,Madhya Pradesh,BETUL(ST),Durga Das Uikey,Normal/Others,190546.0,Physical Inspection,Audit,1,28.61,Medium,2,0,True,0,0,,,,False,False,False,False,190546.0,,190546.0,151569502.91,,2024-12-26,2026-01-28,,,,0,0.0,0,None,47.69,0.0,71.1,No material anomaly signal detected.,Completed,RUN-20261008-254699
WS/MP444/2024-2025/146209,V41,Madhya Pradesh,BETUL(ST),Durga Das Uikey,Normal/Others,190546.0,Physical Inspection,Audit,1,28.61,Medium,2,0,True,0,0,,,,False,False,False,False,190546.0,,190546.0,151569502.91,,2024-12-26,2026-01-28,,,,0,0.0,0,None,47.69,0.0,71.1,No material anomaly signal detected.,Completed,RUN-20261008-254699
WS/MP444/2024-2025/146202,V41,Madhya Pradesh,BETUL(ST),Durga Das Uikey,Normal/Others,190546.0,Physical Inspection,Audit,1,28.61,Medium,2,0,True,0,0,,,,False,False,False,False,190546.0,,190546.0,151569502.91,,2024-12-26,2026-01-28,,,,0,0.0,0,None,47.69,0.0,71.1,No material anomaly signal detected.,Completed,RUN-20261008-254699
WS/MP444/2024-2025/146213,V41,Madhya Pradesh,BETUL(ST),Durga Das Uikey,Normal/Others,190546.0,Physical Inspection,Audit,1,28.61,Medium,2,0,True,0,0,,,,False,False,False,False,190546.0,,190546.0,151569502.91,,2024-12-26,2026-01-28,,,,0,0.0,0,None,47.69,0.0,71.1,No material anomaly signal detected.,Completed,RUN-20261008-254699
WS/MP444/2024-2025/146212,V41,Madhya Pradesh,BETUL(ST),Durga Das Uikey,Normal/Others,190546.0,Physical Inspection,Audit,1,28.61,Medium,2,0,True,0,0,,,,False,False,False,False,190546.0,,190546.0,151569502.91,,2024-12-26,2026-01-28,,,,0,0.0,0,None,47.69,0.0,71.1,No material anomaly signal detected.,Completed,RUN-20261008-254699
WS/MP444/2024-2025/146211,V41,Madhya Pradesh,BETUL(ST),Durga Das Uikey,Normal/Others,190546.0,Physical Inspection,Audit,1,28.61,Medium,2,0,True,0,0,,,,False,False,False,False,190546.0,,190546.0,151569502.91,,2024-12-26,2026-01-28,,,,0,0.0,0,None,47.69,0.0,71.1,No material anomaly signal detected.,Completed,RUN-20261008-254699
WS/MP444/2024-2025/146214,V41,Madhya Pradesh,BETUL(ST),Durga Das Uikey,Normal/Others,190546.0,Physical Inspection,Audit,1,28.61,Medium,2,0,True,0,0,,,,False,False,False,False,190546.0,,190546.0,151569502.91,,2025-02-20,2026-01-23,,,,0,0.0,0,None,47.69,0.0,71.1,No material anomaly signal detected.,Completed,RUN-20261008-254699
WS/MP444/2024-2025/146210,V41,Madhya Pradesh,BETUL(ST),Durga Das Uikey,Normal/Others,190546.0,Physical Inspection,Audit,1,28.61,Medium,2,0,True,0,0,,,,False,False,False,False,190546.0,,190546.0,151569502.91,,2024-12-26,2026-01-28,,,,0,0.0,0,None,47.69,0.0,71.1,No material anomaly signal detected.,Completed,RUN-20261008-254699
WS/MP444/2024-2025/146208,V41,Madhya Pradesh,BETUL(ST),Durga Das Uikey,Normal/Others,190546.0,Physical Inspection,Audit,1,28.61,Medium,2,0,True,0,0,,,,False,False,False,False,190546.0,,190546.0,151569502.91,,2024-12-26,2026-01-28,,,,0,0.0,0,None,47.69,0.0,71.1,No material anomaly signal detected.,Completed,RUN-20261008-254699
WS/MP444/2024-2025/146207,V41,Madhya Pradesh,BETUL(ST),Durga Das Uikey,Normal/Others,190546.0,Physical Inspection,Audit,1,28.61,Medium,2,0,True,0,0,,,,False,False,False,False,190546.0,,190546.0,151569502.91,,2024-12-26,2026-01-28,,,,0,0.0,0,None,47.69,0.0,71.1,No material anomaly signal detected.,Completed,RUN-20261008-254699
WS/MP444/2024-2025/146205,V41,Madhya Pradesh,BETUL(ST),Durga Das Uikey,Normal/Others,190546.0,Physical Inspection,Audit,1,28.61,Medium,2,0,True,0,0,,,,False,False,False,False,190546.0,,190546.0,151569502.91,,2024-12-24,2026-01-29,,,,0,0.0,0,None,47.69,0.0,71.1,No material anomaly signal detected.,Completed,RUN-20261008-254699
WS/MP444/2024-2025/146204,V41,Madhya Pradesh,BETUL(ST),Durga Das Uikey,Normal/Others,190546.0,Physical Inspection,Audit,1,28.61,Medium,2,0,True,0,0,,,,False,False,False,False,190546.0,,190546.0,151569502.91,,2024-12-26,2026-01-28,,,,0,0.0,0,None,47.69,0.0,71.1,No material anomaly signal detected.,Completed,RUN-20261008-254699
WS/MP444/2024-2025/146203,V41,Madhya Pradesh,BETUL(ST),Durga Das Uikey,Normal/Others,190546.0,Physical Inspection,Audit,1,28.61,Medium,2,0,True,0,0,,,,False,False,False,False,190546.0,,190546.0,151569502.91,,2024-12-26,2026-01-28,,,,0,0.0,0,None,47.69,0.0,71.1,No material anomaly signal detected.,Completed,RUN-20261008-254699
WS/MP641/2024-2025/138924,V41,Madhya Pradesh,KHARGONE(ST),Gajendra Singh Patel,Normal/Others,236003.0,Physical Inspection,Audit,1,27.63,Medium,3,0,True,0,0,,,117.0,False,False,False,False,236003.0,,236003.0,147000000.0,2024-09-04,2024-12-30,2026-01-22,,505.0,,0,0.0,0,None,46.05,0.0,78.4,No material anomaly signal detected.,Completed,RUN-20261008-254699
WS/MP641/2024-2025/138936,V41,Madhya Pradesh,KHARGONE(ST),Gajendra Singh Patel,Normal/Others,236003.0,Physical Inspection,Audit,1,27.63,Medium,3,0,True,0,0,,,117.0,False,False,False,False,236003.0,,236003.0,147000000.0,2024-09-04,2024-12-30,2026-01-22,,505.0,,0,0.0,0,None,46.05,0.0,78.4,No material anomaly signal detected.,Completed,RUN-20261008-254699
WS/MP641/2024-2025/138935,V41,Madhya Pradesh,KHARGONE(ST),Gajendra Singh Patel,Normal/Others,236003.0,Physical Inspection,Audit,1,27.63,Medium,3,0,True,0,0,,,117.0,False,False,False,False,236003.0,,236003.0,147000000.0,2024-09-04,2024-12-30,2026-01-22,,505.0,,0,0.0,0,None,46.05,0.0,78.4,No material anomaly signal detected.,Completed,RUN-20261008-254699
WS/MP641/2024-2025/138934,V41,Madhya Pradesh,KHARGONE(ST),Gajendra Singh Patel,Normal/Others,236003.0,Physical Inspection,Audit,1,27.63,Medium,3,0,True,0,0,,,117.0,False,False,False,False,236003.0,,236003.0,147000000.0,2024-09-04,2024-12-30,2026-01-22,,505.0,,0,0.0,0,None,46.05,0.0,78.4,No material anomaly signal detected.,Completed,RUN-20261008-254699
WS/MP641/2024-2025/138932,V41,Madhya Pradesh,KHARGONE(ST),Gajendra Singh Patel,Normal/Others,236003.0,Physical Inspection,Audit,1,27.63,Medium,3,0,True,0,0,,,117.0,False,False,False,False,236003.0,,236003.0,147000000.0,2024-09-04,2024-12-30,2026-01-22,,505.0,,0,0.0,0,None,46.05,0.0,78.4,No material anomaly signal detected.,Completed,RUN-20261008-254699
WS/MP641/2024-2025/138919,V41,Madhya Pradesh,KHARGONE(ST),Gajendra Singh Patel,Normal/Others,236003.0,Physical Inspection,Audit,1,27.63,Medium,3,0,True,0,0,,,117.0,False,False,False,False,236003.0,,236003.0,147000000.0,2024-09-04,2024-12-30,2026-01-22,,505.0,,0,0.0,0,None,46.05,0.0,78.4,No material anomaly signal detected.,Completed,RUN-20261008-254699
WS/MP641/2024-2025/138921,V41,Madhya Pradesh,KHARGONE(ST),Gajendra Singh Patel,Normal/Others,236003.0,Physical Inspection,Audit,1,27.63,Medium,3,0,True,0,0,,,117.0,False,False,False,False,236003.0,,236003.0,147000000.0,2024-09-04,2024-12-30,2026-01-22,,505.0,,0,0.0,0,None,46.05,0.0,78.4,No material anomaly signal detected.,Completed,RUN-20261008-254699
WS/MP641/2024-2025/138920,V41,Madhya Pradesh,KHARGONE(ST),Gajendra Singh Patel,Normal/Others,236003.0,Physical Inspection,Audit,1,27.63,Medium,3,0,True,0,0,,,117.0,False,False,False,False,236003.0,,236003.0,147000000.0,2024-09-04,2024-12-30,2026-01-22,,505.0,,0,0.0,0,None,46.05,0.0,78.4,No material anomaly signal detected.,Completed,RUN-20261008-254699
WS/MP641/2024-2025/138916,V41,Madhya Pradesh,KHARGONE(ST),Gajendra Singh Patel,Normal/Others,236003.0,Physical Inspection,Audit,1,27.63,Medium,3,0,True,0,0,,,117.0,False,False,False,False,236003.0,,236003.0,147000000.0,2024-09-04,2024-12-30,2026-01-22,,505.0,,0,0.0,0,None,46.05,0.0,78.4,No material anomaly signal detected.,Completed,RUN-20261008-254699
WS/MP643/2025-2026/208714,V41,Madhya Pradesh,KHANDWA,Gyaneshwar Patil,Normal/Others,,,Audit,1,26.83,Medium,1,0,True,0,0,,,,False,False,False,False,,,364247.0,155690684.77,,,2026-01-21,,,,0,0.0,0,None,44.71,0.0,63.9,No material anomaly signal detected.,Completed,RUN-20261008-254699
WS/MP643/2025-2026/208713,V41,Madhya Pradesh,KHANDWA,Gyaneshwar Patil,Normal/Others,,,Audit,1,26.83,Medium,1,0,True,0,0,,,,False,False,False,False,,,364247.0,155690684.77,,,2026-01-21,,,,0,0.0,0,None,44.71,0.0,63.9,No material anomaly signal detected.,Completed,RUN-20261008-254699
WS/MP643/2025-2026/208706,V41,Madhya Pradesh,KHANDWA,Gyaneshwar Patil,Normal/Others,,,Audit,1,26.83,Medium,1,0,True,0,0,,,,False,False,False,False,,,364247.0,155690684.77,,,2026-01-21,,,,0,0.0,0,None,44.71,0.0,63.9,No material anomaly signal detected.,Completed,RUN-20261008-254699
WS/MP643/2025-2026/208712,V41,Madhya Pradesh,KHANDWA,Gyaneshwar Patil,Normal/Others,,,Audit,1,26.83,Medium,1,0,True,0,0,,,,False,False,False,False,,,364247.0,155690684.77,,,2026-01-21,,,,0,0.0,0,None,44.71,0.0,63.9,No material anomaly signal detected.,Completed,RUN-20261008-254699
WS/MP643/2025-2026/208711,V41,Madhya Pradesh,KHANDWA,Gyaneshwar Patil,Normal/Others,,,Audit,1,26.83,Medium,1,0,True,0,0,,,,False,False,False,False,,,364247.0,155690684.77,,,2026-01-21,,,,0,0.0,0,None,44.71,0.0,63.9,No material anomaly signal detected.,Completed,RUN-20261008-254699
WS/MP643/2025-2026/208710,V41,Madhya Pradesh,KHANDWA,Gyaneshwar Patil,Normal/Others,,,Audit,1,26.83,Medium,1,0,True,0,0,,,,False,False,False,False,,,364247.0,155690684.77,,,2026-01-21,,,,0,0.0,0,None,44.71,0.0,63.9,No material anomaly signal detected.,Completed,RUN-20261008-254699
WS/MP643/2025-2026/208709,V41,Madhya Pradesh,KHANDWA,Gyaneshwar Patil,Normal/Others,,,Audit,1,26.83,Medium,1,0,True,0,0,,,,False,False,False,False,,,364247.0,155690684.77,,,2026-01-21,,,,0,0.0,0,None,44.71,0.0,63.9,No material anomaly signal detected.,Completed,RUN-20261008-254699
WS/MP643/2025-2026/208708,V41,Madhya Pradesh,KHANDWA,Gyaneshwar Patil,Normal/Others,,,Audit,1,26.83,Medium,1,0,True,0,0,,,,False,False,False,False,,,364247.0,155690684.77,,,2026-01-21,,,,0,0.0,0,None,44.71,0.0,63.9,No material anomaly signal detected.,Completed,RUN-20261008-254699
WS/MP643/2025-2026/208707,V41,Madhya Pradesh,KHANDWA,Gyaneshwar Patil,Normal/Others,,,Audit,1,26.83,Medium,1,0,True,0,0,,,,False,False,False,False,,,364247.0,155690684.77,,,2026-01-21,,,,0,0.0,0,None,44.71,0.0,63.9,No material anomaly signal detected.,Completed,RUN-20261008-254699
WS/MP643/2025-2026/208697,V41,Madhya Pradesh,KHANDWA,Gyaneshwar Patil,Normal/Others,,,Audit,1,26.83,Medium,1,0,True,0,0,,,,False,False,False,False,,,364247.0,155690684.77,,,2026-01-21,,,,0,0.0,0,None,44.71,0.0,63.9,No material anomaly signal detected.,Completed,RUN-20261008-254699
WS/MP643/2025-2026/208705,V41,Madhya Pradesh,KHANDWA,Gyaneshwar Patil,Normal/Others,,,Audit,1,26.83,Medium,1,0,True,0,0,,,,False,False,False,False,,,364247.0,155690684.77,,,2026-01-21,,,,0,0.0,0,None,44.71,0.0,63.9,No material anomaly signal detected.,Completed,RUN-20261008-254699
WS/MP643/2025-2026/208704,V41,Madhya Pradesh,KHANDWA,Gyaneshwar Patil,Normal/Others,,,Audit,1,26.83,Medium,1,0,True,0,0,,,,False,False,False,False,,,364247.0,155690684.77,,,2026-01-21,,,,0,0.0,0,None,44.71,0.0,63.9,No material anomaly signal detected.,Completed,RUN-20261008-254699
WS/MP643/2025-2026/208703,V41,Madhya Pradesh,KHANDWA,Gyaneshwar Patil,Normal/Others,,,Audit,1,26.83,Medium,1,0,True,0,0,,,,False,False,False,False,,,364247.0,155690684.77,,,2026-01-21,,,,0,0.0,0,None,44.71,0.0,63.9,No material anomaly signal detected.,Completed,RUN-20261008-254699
WS/MP643/2025-2026/208702,V41,Madhya Pradesh,KHANDWA,Gyaneshwar Patil,Normal/Others,,,Audit,1,26.83,Medium,1,0,True,0,0,,,,False,False,False,False,,,364247.0,155690684.77,,,2026-01-21,,,,0,0.0,0,None,44.71,0.0,63.9,No material anomaly signal detected.,Completed,RUN-20261008-254699
WS/MP643/2025-2026/208701,V41,Madhya Pradesh,KHANDWA,Gyaneshwar Patil,Normal/Others,,,Audit,1,26.83,Medium,1,0,True,0,0,,,,False,False,False,False,,,364247.0,155690684.77,,,2026-01-21,,,,0,0.0,0,None,44.71,0.0,63.9,No material anomaly signal detected.,Completed,RUN-20261008-254699
WS/MP643/2025-2026/208700,V41,Madhya Pradesh,KHANDWA,Gyaneshwar Patil,Normal/Others,,,Audit,1,26.83,Medium,1,0,True,0,0,,,,False,False,False,False,,,364247.0,155690684.77,,,2026-01-21,,,,0,0.0,0,None,44.71,0.0,63.9,No material anomaly signal detected.,Completed,RUN-20261008-254699
WS/MP643/2025-2026/208699,V41,Madhya Pradesh,KHANDWA,Gyaneshwar Patil,Normal/Others,,,Audit,1,26.83,Medium,1,0,True,0,0,,,,False,False,False,False,,,364247.0,155690684.77,,,2026-01-21,,,,0,0.0,0,None,44.71,0.0,63.9,No material anomaly signal detected.,Completed,RUN-20261008-254699
WS/MP643/2025-2026/208698,V41,Madhya Pradesh,KHANDWA,Gyaneshwar Patil,Normal/Others,,,Audit,1,26.83,Medium,1,0,True,0,0,,,,False,False,False,False,,,364247.0,155690684.77,,,2026-01-21,,,,0,0.0,0,None,44.71,0.0,63.9,No material anomaly signal detected.,Completed,RUN-20261008-254699
WS/MP643/2025-2026/208716,V41,Madhya Pradesh,KHANDWA,Gyaneshwar Patil,Normal/Others,,,Audit,1,26.83,Medium,1,0,True,0,0,,,,False,False,False,False,,,364247.0,155690684.77,,,2026-01-21,,,,0,0.0,0,None,44.71,0.0,63.9,No material anomaly signal detected.,Completed,RUN-20261008-254699
WS/MP643/2025-2026/208715,V41,Madhya Pradesh,KHANDWA,Gyaneshwar Patil,Normal/Others,,,Audit,1,26.83,Medium,1,0,True,0,0,,,,False,False,False,False,,,364247.0,155690684.77,,,2026-01-21,,,,0,0.0,0,None,44.71,0.0,63.9,No material anomaly signal detected.,Completed,RUN-20261008-254699
WS/MP643/2025-2026/208805,V41,Madhya Pradesh,KHANDWA,Gyaneshwar Patil,Normal/Others,,,Audit,1,26.83,Medium,1,0,True,0,0,,,,False,False,False,False,,,190930.0,155690684.77,,,2026-02-23,,,,0,0.0,0,None,44.71,0.0,63.9,No material anomaly signal detected.,Completed,RUN-20261008-254699
WS/MP643/2025-2026/208717,V41,Madhya Pradesh,KHANDWA,Gyaneshwar Patil,Normal/Others,,,Audit,1,26.83,Medium,1,0,True,0,0,,,,False,False,False,False,,,364247.0,155690684.77,,,2026-01-21,,,,0,0.0,0,None,44.71,0.0,63.9,No material anomaly signal detected.,Completed,RUN-20261008-254699
WS/MP643/2025-2026/208718,V41,Madhya Pradesh,KHANDWA,Gyaneshwar Patil,Normal/Others,,,Audit,1,26.83,Medium,1,0,True,0,0,,,,False,False,False,False,,,364247.0,155690684.77,,,2026-01-21,,,,0,0.0,0,None,44.71,0.0,63.9,No material anomaly signal detected.,Completed,RUN-20261008-254699
WS/MP643/2025-2026/208695,V41,Madhya Pradesh,KHANDWA,Gyaneshwar Patil,Normal/Others,,,Audit,1,26.83,Medium,1,0,True,0,0,,,,False,False,False,False,,,364247.0,155690684.77,,,2026-01-21,,,,0,0.0,0,None,44.71,0.0,63.9,No material anomaly signal detected.,Completed,RUN-20261008-254699
WS/MP643/2025-2026/208806,V41,Madhya Pradesh,KHANDWA,Gyaneshwar Patil,Normal/Others,,,Audit,1,26.83,Medium,1,0,True,0,0,,,,False,False,False,False,,,190930.0,155690684.77,,,2026-02-23,,,,0,0.0,0,None,44.71,0.0,63.9,No material anomaly signal detected.,Completed,RUN-20261008-254699
WS/MP643/2025-2026/208804,V41,Madhya Pradesh,KHANDWA,Gyaneshwar Patil,Normal/Others,,,Audit,1,26.83,Medium,1,0,True,0,0,,,,False,False,False,False,,,190930.0,155690684.77,,,2026-02-23,,,,0,0.0,0,None,44.71,0.0,63.9,No material anomaly signal detected.,Completed,RUN-20261008-254699
WS/MP643/2025-2026/208803,V41,Madhya Pradesh,KHANDWA,Gyaneshwar Patil,Normal/Others,,,Audit,1,26.83,Medium,1,0,True,0,0,,,,False,False,False,False,,,190930.0,155690684.77,,,2026-02-23,,,,0,0.0,0,None,44.71,0.0,63.9,No material anomaly signal detected.,Completed,RUN-20261008-254699
WS/MP643/2025-2026/208802,V41,Madhya Pradesh,KHANDWA,Gyaneshwar Patil,Normal/Others,,,Audit,1,26.83,Medium,1,0,True,0,0,,,,False,False,False,False,,,190930.0,155690684.77,,,2026-02-23,,,,0,0.0,0,None,44.71,0.0,63.9,No material anomaly signal detected.,Completed,RUN-20261008-254699
WS/MP643/2025-2026/208801,V41,Madhya Pradesh,KHANDWA,Gyaneshwar Patil,Normal/Others,,,Audit,1,26.83,Medium,1,0,True,0,0,,,,False,False,False,False,,,190930.0,155690684.77,,,2026-02-23,,,,0,0.0,0,None,44.71,0.0,63.9,No material anomaly signal detected.,Completed,RUN-20261008-254699
WS/MP643/2025-2026/208800,V41,Madhya Pradesh,KHANDWA,Gyaneshwar Patil,Normal/Others,,,Audit,1,26.83,Medium,1,0,True,0,0,,,,False,False,False,False,,,190930.0,155690684.77,,,2026-02-23,,,,0,0.0,0,None,44.71,0.0,63.9,No material anomaly signal detected.,Completed,RUN-20261008-254699
WS/MP643/2025-2026/208799,V41,Madhya Pradesh,KHANDWA,Gyaneshwar Patil,Normal/Others,,,Audit,1,26.83,Medium,1,0,True,0,0,,,,False,False,False,False,,,190930.0,155690684.77,,,2026-02-23,,,,0,0.0,0,None,44.71,0.0,63.9,No material anomaly signal detected.,Completed,RUN-20261008-254699
WS/MP643/2025-2026/208798,V41,Madhya Pradesh,KHANDWA,Gyaneshwar Patil,Normal/Others,,,Audit,1,26.83,Medium,1,0,True,0,0,,,,False,False,False,False,,,190930.0,155690684.77,,,2026-02-23,,,,0,0.0,0,None,44.71,0.0,63.9,No material anomaly signal detected.,Completed,RUN-20261008-254699
WS/MP643/2025-2026/208797,V41,Madhya Pradesh,KHANDWA,Gyaneshwar Patil,Normal/Others,,,Audit,1,26.83,Medium,1,0,True,0,0,,,,False,False,False,False,,,190930.0,155690684.77,,,2026-02-23,,,,0,0.0,0,None,44.71,0.0,63.9,No material anomaly signal detected.,Completed,RUN-20261008-254699
WS/MP643/2025-2026/208796,V41,Madhya Pradesh,KHANDWA,Gyaneshwar Patil,Normal/Others,,,Audit,1,26.83,Medium,1,0,True,0,0,,,,False,False,False,False,,,190930.0,155690684.77,,,2026-02-23,,,,0,0.0,0,None,44.71,0.0,63.9,No material anomaly signal detected.,Completed,RUN-20261008-254699
WS/MP643/2025-2026/208795,V41,Madhya Pradesh,KHANDWA,Gyaneshwar Patil,Normal/Others,,,Audit,1,26.83,Medium,1,0,True,0,0,,,,False,False,False,False,,,190930.0,155690684.77,,,2026-02-23,,,,0,0.0,0,None,44.71,0.0,63.9,No material anomaly signal detected.,Completed,RUN-20261008-254699
WS/MP643/2025-2026/208794,V41,Madhya Pradesh,KHANDWA,Gyaneshwar Patil,Normal/Others,,,Audit,1,26.83,Medium,1,0,True,0,0,,,,False,False,False,False,,,190930.0,155690684.77,,,2026-02-23,,,,0,0.0,0,None,44.71,0.0,63.9,No material anomaly signal detected.,Completed,RUN-20261008-254699
WS/MP643/2025-2026/208793,V41,Madhya Pradesh,KHANDWA,Gyaneshwar Patil,Normal/Others,,,Audit,1,26.83,Medium,1,0,True,0,0,,,,False,False,False,False,,,190930.0,155690684.77,,,2026-02-23,,,,0,0.0,0,None,44.71,0.0,63.9,No material anomaly signal detected.,Completed,RUN-20261008-254699
WS/MP643/2025-2026/208792,V41,Madhya Pradesh,KHANDWA,Gyaneshwar Patil,Normal/Others,,,Audit,1,26.83,Medium,1,0,True,0,0,,,,False,False,False,False,,,190930.0,155690684.77,,,2026-02-23,,,,0,0.0,0,None,44.71,0.0,63.9,No material anomaly signal detected.,Completed,RUN-20261008-254699
WS/MP643/2025-2026/208720,V41,Madhya Pradesh,KHANDWA,Gyaneshwar Patil,Normal/Others,,,Audit,1,26.83,Medium,1,0,True,0,0,,,,False,False,False,False,,,728494.0,155690684.77,,,2026-01-21,,,,0,0.0,0,None,44.71,0.0,63.9,No material anomaly signal detected.,Completed,RUN-20261008-254699
WS/MP643/2025-2026/208719,V41,Madhya Pradesh,KHANDWA,Gyaneshwar Patil,Normal/Others,,,Audit,1,26.83,Medium,1,0,True,0,0,,,,False,False,False,False,,,364247.0,155690684.77,,,2026-01-21,,,,0,0.0,0,None,44.71,0.0,63.9,No material anomaly signal detected.,Completed,RUN-20261008-254699
WS/MP643/2025-2026/208696,V41,Madhya Pradesh,KHANDWA,Gyaneshwar Patil,Normal/Others,,,Audit,1,26.83,Medium,1,0,True,0,0,,,,False,False,False,False,,,364247.0,155690684.77,,,2026-01-21,,,,0,0.0,0,None,44.71,0.0,63.9,No material anomaly signal detected.,Completed,RUN-20261008-254699
WS/MP643/2025-2026/163503,V41,Madhya Pradesh,KHANDWA,Gyaneshwar Patil,Normal/Others,,,Audit,1,26.83,Medium,1,0,True,0,0,,,,False,False,False,False,,,406404.0,155690684.77,,,2025-08-13,,,,0,0.0,0,None,44.71,0.0,63.9,No material anomaly signal detected.,Completed,RUN-20261008-254699
WS/MP643/2025-2026/208694,V41,Madhya Pradesh,KHANDWA,Gyaneshwar Patil,Normal/Others,,,Audit,1,26.83,Medium,1,0,True,0,0,,,,False,False,False,False,,,364247.0,155690684.77,,,2026-01-21,,,,0,0.0,0,None,44.71,0.0,63.9,No material anomaly signal detected.,Completed,RUN-20261008-254699
WS/MP643/2025-2026/180951,V41,Madhya Pradesh,KHANDWA,Gyaneshwar Patil,Normal/Others,,,Audit,1,26.83,Medium,1,0,True,0,0,,,,False,False,False,False,,,361248.0,155690684.77,,,2025-08-26,,,,0,0.0,0,None,44.71,0.0,63.9,No material anomaly signal detected.,Completed,RUN-20261008-254699
WS/MP643/2025-2026/163505,V41,Madhya Pradesh,KHANDWA,Gyaneshwar Patil,Normal/Others,,,Audit,1,26.83,Medium,1,0,True,0,0,,,,False,False,False,False,,,406404.0,155690684.77,,,2025-08-13,,,,0,0.0,0,None,44.71,0.0,63.9,No material anomaly signal detected.,Completed,RUN-20261008-254699
WS/MP643/2025-2026/163504,V41,Madhya Pradesh,KHANDWA,Gyaneshwar Patil,Normal/Others,,,Audit,1,26.83,Medium,1,0,True,0,0,,,,False,False,False,False,,,406404.0,155690684.77,,,2025-08-13,,,,0,0.0,0,None,44.71,0.0,63.9,No material anomaly signal detected.,Completed,RUN-20261008-254699
WS/MP643/2025-2026/163502,V41,Madhya Pradesh,KHANDWA,Gyaneshwar Patil,Normal/Others,,,Audit,1,26.83,Medium,1,0,True,0,0,,,,False,False,False,False,,,406404.0,155690684.77,,,2025-08-13,,,,0,0.0,0,None,44.71,0.0,63.9,No material anomaly signal detected.,Completed,RUN-20261008-254699
WS/MP643/2025-2026/163501,V41,Madhya Pradesh,KHANDWA,Gyaneshwar Patil,Normal/Others,,,Audit,1,26.83,Medium,1,0,True,0,0,,,,False,False,False,False,,,406404.0,155690684.77,,,2025-08-13,,,,0,0.0,0,None,44.71,0.0,63.9,No material anomaly signal detected.,Completed,RUN-20261008-254699
WS/MP643/2025-2026/163500,V41,Madhya Pradesh,KHANDWA,Gyaneshwar Patil,Normal/Others,,,Audit,1,26.83,Medium,1,0,True,0,0,,,,False,False,False,False,,,406404.0,155690684.77,,,2025-08-13,,,,0,0.0,0,None,44.71,0.0,63.9,No material anomaly signal detected.,Completed,RUN-20261008-254699
WS/MP643/2025-2026/163499,V41,Madhya Pradesh,KHANDWA,Gyaneshwar Patil,Normal/Others,,,Audit,1,26.83,Medium,1,0,True,0,0,,,,False,False,False,False,,,406404.0,155690684.77,,,2025-08-22,,,,0,0.0,0,None,44.71,0.0,63.9,No material anomaly signal detected.,Completed,RUN-20261008-254699
WS/MP643/2025-2026/168475,V41,Madhya Pradesh,KHANDWA,Gyaneshwar Patil,Normal/Others,,,Audit,1,26.83,Medium,1,0,True,0,0,,,,False,False,False,False,,,100000.0,155690684.77,,,2026-01-22,,,,0,0.0,0,None,44.71,0.0,63.9,No material anomaly signal detected.,Completed,RUN-20261008-254699
WS/MP643/2025-2026/168476,V41,Madhya Pradesh,KHANDWA,Gyaneshwar Patil,Normal/Others,,,Audit,1,26.83,Medium,1,0,True,0,0,,,,False,False,False,False,,,100000.0,155690684.77,,,2026-01-22,,,,0,0.0,0,None,44.71,0.0,63.9,No material anomaly signal detected.,Completed,RUN-20261008-254699
WS/MP643/2025-2026/168477,V41,Madhya Pradesh,KHANDWA,Gyaneshwar Patil,Normal/Others,,,Audit,1,26.83,Medium,1,0,True,0,0,,,,False,False,False,False,,,100000.0,155690684.77,,,2026-01-22,,,,0,0.0,0,None,44.71,0.0,63.9,No material anomaly signal detected.,Completed,RUN-20261008-254699
WS/MP643/2024-2025/183798,V41,Madhya Pradesh,KHANDWA,Gyaneshwar Patil,Normal/Others,,,Audit,1,26.83,Medium,1,0,True,0,0,,,,False,False,False,False,,,541872.0,155690684.77,,,2026-03-11,,,,0,0.0,0,None,44.71,0.0,63.9,No material anomaly signal detected.,Completed,RUN-20261008-254699
WS/MP643/2025-2026/180953,V41,Madhya Pradesh,KHANDWA,Gyaneshwar Patil,Normal/Others,,,Audit,1,26.83,Medium,1,0,True,0,0,,,,False,False,False,False,,,361248.0,155690684.77,,,2025-08-26,,,,0,0.0,0,None,44.71,0.0,63.9,No material anomaly signal detected.,Completed,RUN-20261008-254699
WS/MP643/2024-2025/164764,V41,Madhya Pradesh,KHANDWA,Gyaneshwar Patil,Normal/Others,,,Audit,1,26.83,Medium,1,0,True,0,0,,,,False,False,False,False,,,99061.0,155690684.77,,,2026-01-27,,,,0,0.0,0,None,44.71,0.0,63.9,No material anomaly signal detected.,Completed,RUN-20261008-254699
WS/MP643/2024-2025/164056,V41,Madhya Pradesh,KHANDWA,Gyaneshwar Patil,Normal/Others,,,Audit,1,26.83,Medium,1,0,True,0,0,,,,False,False,False,False,,,225780.0,155690684.77,,,2025-11-13,,,,0,0.0,0,None,44.71,0.0,63.9,No material anomaly signal detected.,Completed,RUN-20261008-254699
WS/MP643/2024-2025/164005,V41,Madhya Pradesh,KHANDWA,Gyaneshwar Patil,Normal/Others,,,Audit,1,26.83,Medium,1,0,True,0,0,,,,False,False,False,False,,,316092.0,155690684.77,,,2025-11-13,,,,0,0.0,0,None,44.71,0.0,63.9,No material anomaly signal detected.,Completed,RUN-20261008-254699
WS/MP643/2024-2025/163868,V41,Madhya Pradesh,KHANDWA,Gyaneshwar Patil,Normal/Others,,,Audit,1,26.83,Medium,1,0,True,0,0,,,,False,False,False,False,,,364247.0,155690684.77,,,2025-06-17,,,,0,0.0,0,None,44.71,0.0,63.9,No material anomaly signal detected.,Completed,RUN-20261008-254699
WS/MP643/2024-2025/163867,V41,Madhya Pradesh,KHANDWA,Gyaneshwar Patil,Normal/Others,,,Audit,1,26.83,Medium,1,0,True,0,0,,,,False,False,False,False,,,364247.0,155690684.77,,,2025-06-17,,,,0,0.0,0,None,44.71,0.0,63.9,No material anomaly signal detected.,Completed,RUN-20261008-254699
WS/MP643/2025-2026/208692,V41,Madhya Pradesh,KHANDWA,Gyaneshwar Patil,Normal/Others,,,Audit,1,26.83,Medium,1,0,True,0,0,,,,False,False,False,False,,,364247.0,155690684.77,,,2026-01-21,,,,0,0.0,0,None,44.71,0.0,63.9,No material anomaly signal detected.,Completed,RUN-20261008-254699
WS/MP643/2024-2025/163865,V41,Madhya Pradesh,KHANDWA,Gyaneshwar Patil,Normal/Others,,,Audit,1,26.83,Medium,1,0,True,0,0,,,,False,False,False,False,,,364247.0,155690684.77,,,2025-06-17,,,,0,0.0,0,None,44.71,0.0,63.9,No material anomaly signal detected.,Completed,RUN-20261008-254699
WS/MP643/2024-2025/163864,V41,Madhya Pradesh,KHANDWA,Gyaneshwar Patil,Normal/Others,,,Audit,1,26.83,Medium,1,0,True,0,0,,,,False,False,False,False,,,364247.0,155690684.77,,,2025-06-17,,,,0,0.0,0,None,44.71,0.0,63.9,No material anomaly signal detected.,Completed,RUN-20261008-254699
WS/MP643/2024-2025/163863,V41,Madhya Pradesh,KHANDWA,Gyaneshwar Patil,Normal/Others,,,Audit,1,26.83,Medium,1,0,True,0,0,,,,False,False,False,False,,,364247.0,155690684.77,,,2025-06-17,,,,0,0.0,0,None,44.71,0.0,63.9,No material anomaly signal detected.,Completed,RUN-20261008-254699
WS/MP643/2025-2026/163506,V41,Madhya Pradesh,KHANDWA,Gyaneshwar Patil,Normal/Others,,,Audit,1,26.83,Medium,1,0,True,0,0,,,,False,False,False,False,,,406404.0,155690684.77,,,2025-08-13,,,,0,0.0,0,None,44.71,0.0,63.9,No material anomaly signal detected.,Completed,RUN-20261008-254699
WS/MP643/2025-2026/163507,V41,Madhya Pradesh,KHANDWA,Gyaneshwar Patil,Normal/Others,,,Audit,1,26.83,Medium,1,0,True,0,0,,,,False,False,False,False,,,406404.0,155690684.77,,,2025-08-13,,,,0,0.0,0,None,44.71,0.0,63.9,No material anomaly signal detected.,Completed,RUN-20261008-254699
WS/MP643/2025-2026/163508,V41,Madhya Pradesh,KHANDWA,Gyaneshwar Patil,Normal/Others,,,Audit,1,26.83,Medium,1,0,True,0,0,,,,False,False,False,False,,,406404.0,155690684.77,,,2025-08-13,,,,0,0.0,0,None,44.71,0.0,63.9,No material anomaly signal detected.,Completed,RUN-20261008-254699
WS/MP643/2025-2026/163509,V41,Madhya Pradesh,KHANDWA,Gyaneshwar Patil,Normal/Others,,,Audit,1,26.83,Medium,1,0,True,0,0,,,,False,False,False,False,,,406404.0,155690684.77,,,2025-08-22,,,,0,0.0,0,None,44.71,0.0,63.9,No material anomaly signal detected.,Completed,RUN-20261008-254699
WS/MP643/2025-2026/164071,V41,Madhya Pradesh,KHANDWA,Gyaneshwar Patil,Normal/Others,,,Audit,1,26.83,Medium,1,0,True,0,0,,,,False,False,False,False,,,361248.0,155690684.77,,,2025-08-13,,,,0,0.0,0,None,44.71,0.0,63.9,No material anomaly signal detected.,Completed,RUN-20261008-254699
WS/MP643/2025-2026/164072,V41,Madhya Pradesh,KHANDWA,Gyaneshwar Patil,Normal/Others,,,Audit,1,26.83,Medium,1,0,True,0,0,,,,False,False,False,False,,,361248.0,155690684.77,,,2025-08-13,,,,0,0.0,0,None,44.71,0.0,63.9,No material anomaly signal detected.,Completed,RUN-20261008-254699
WS/MP643/2025-2026/164073,V41,Madhya Pradesh,KHANDWA,Gyaneshwar Patil,Normal/Others,,,Audit,1,26.83,Medium,1,0,True,0,0,,,,False,False,False,False,,,361248.0,155690684.77,,,2025-08-26,,,,0,0.0,0,None,44.71,0.0,63.9,No material anomaly signal detected.,Completed,RUN-20261008-254699
WS/MP643/2025-2026/164074,V41,Madhya Pradesh,KHANDWA,Gyaneshwar Patil,Normal/Others,,,Audit,1,26.83,Medium,1,0,True,0,0,,,,False,False,False,False,,,361248.0,155690684.77,,,2025-08-22,,,,0,0.0,0,None,44.71,0.0,63.9,No material anomaly signal detected.,Completed,RUN-20261008-254699
WS/MP643/2025-2026/164194,V41,Madhya Pradesh,KHANDWA,Gyaneshwar Patil,Normal/Others,,,Audit,1,26.83,Medium,1,0,True,0,0,,,,False,False,False,False,,,496716.0,155690684.77,,,2025-08-13,,,,0,0.0,0,None,44.71,0.0,63.9,No material anomaly signal detected.,Completed,RUN-20261008-254699
WS/MP643/2025-2026/164196,V41,Madhya Pradesh,KHANDWA,Gyaneshwar Patil,Normal/Others,,,Audit,1,26.83,Medium,1,0,True,0,0,,,,False,False,False,False,,,451560.0,155690684.77,,,2025-08-22,,,,0,0.0,0,None,44.71,0.0,63.9,No material anomaly signal detected.,Completed,RUN-20261008-254699
WS/MP643/2025-2026/168471,V41,Madhya Pradesh,KHANDWA,Gyaneshwar Patil,Normal/Others,,,Audit,1,26.83,Medium,1,0,True,0,0,,,,False,False,False,False,,,100000.0,155690684.77,,,2026-01-22,,,,0,0.0,0,None,44.71,0.0,63.9,No material anomaly signal detected.,Completed,RUN-20261008-254699
WS/MP643/2025-2026/168472,V41,Madhya Pradesh,KHANDWA,Gyaneshwar Patil,Normal/Others,,,Audit,1,26.83,Medium,1,0,True,0,0,,,,False,False,False,False,,,100000.0,155690684.77,,,2026-01-22,,,,0,0.0,0,None,44.71,0.0,63.9,No material anomaly signal detected.,Completed,RUN-20261008-254699
WS/MP643/2025-2026/168473,V41,Madhya Pradesh,KHANDWA,Gyaneshwar Patil,Normal/Others,,,Audit,1,26.83,Medium,1,0,True,0,0,,,,False,False,False,False,,,100000.0,155690684.77,,,2026-01-22,,,,0,0.0,0,None,44.71,0.0,63.9,No material anomaly signal detected.,Completed,RUN-20261008-254699
WS/MP643/2025-2026/168474,V41,Madhya Pradesh,KHANDWA,Gyaneshwar Patil,Normal/Others,,,Audit,1,26.83,Medium,1,0,True,0,0,,,,False,False,False,False,,,100000.0,155690684.77,,,2026-01-22,,,,0,0.0,0,None,44.71,0.0,63.9,No material anomaly signal detected.,Completed,RUN-20261008-254699
WS/MP643/2025-2026/164068,V41,Madhya Pradesh,KHANDWA,Gyaneshwar Patil,Normal/Others,,,Audit,1,26.83,Medium,1,0,True,0,0,,,,False,False,False,False,,,225780.0,155690684.77,,,2025-08-13,,,,0,0.0,0,None,44.71,0.0,63.9,No material anomaly signal detected.,Completed,RUN-20261008-254699
WS/MP643/2025-2026/164065,V41,Madhya Pradesh,KHANDWA,Gyaneshwar Patil,Normal/Others,,,Audit,1,26.83,Medium,1,0,True,0,0,,,,False,False,False,False,,,541872.0,155690684.77,,,2025-08-13,,,,0,0.0,0,None,44.71,0.0,63.9,No material anomaly signal detected.,Completed,RUN-20261008-254699
WS/MP643/2025-2026/163518,V41,Madhya Pradesh,KHANDWA,Gyaneshwar Patil,Normal/Others,,,Audit,1,26.83,Medium,1,0,True,0,0,,,,False,False,False,False,,,364247.0,155690684.77,,,2025-07-18,,,,0,0.0,0,None,44.71,0.0,63.9,No material anomaly signal detected.,Completed,RUN-20261008-254699
WS/MP643/2025-2026/163517,V41,Madhya Pradesh,KHANDWA,Gyaneshwar Patil,Normal/Others,,,Audit,1,26.83,Medium,1,0,True,0,0,,,,False,False,False,False,,,364247.0,155690684.77,,,2025-07-18,,,,0,0.0,0,None,44.71,0.0,63.9,No material anomaly signal detected.,Completed,RUN-20261008-254699
WS/MP643/2025-2026/163516,V41,Madhya Pradesh,KHANDWA,Gyaneshwar Patil,Normal/Others,,,Audit,1,26.83,Medium,1,0,True,0,0,,,,False,False,False,False,,,364247.0,155690684.77,,,2025-07-18,,,,0,0.0,0,None,44.71,0.0,63.9,No material anomaly signal detected.,Completed,RUN-20261008-254699
WS/MP643/2025-2026/163515,V41,Madhya Pradesh,KHANDWA,Gyaneshwar Patil,Normal/Others,,,Audit,1,26.83,Medium,1,0,True,0,0,,,,False,False,False,False,,,364247.0,155690684.77,,,2025-07-16,,,,0,0.0,0,None,44.71,0.0,63.9,No material anomaly signal detected.,Completed,RUN-20261008-254699
WS/MP643/2025-2026/163514,V41,Madhya Pradesh,KHANDWA,Gyaneshwar Patil,Normal/Others,,,Audit,1,26.83,Medium,1,0,True,0,0,,,,False,False,False,False,,,364247.0,155690684.77,,,2025-07-18,,,,0,0.0,0,None,44.71,0.0,63.9,No material anomaly signal detected.,Completed,RUN-20261008-254699
WS/MP643/2025-2026/163513,V41,Madhya Pradesh,KHANDWA,Gyaneshwar Patil,Normal/Others,,,Audit,1,26.83,Medium,1,0,True,0,0,,,,False,False,False,False,,,364247.0,155690684.77,,,2025-07-18,,,,0,0.0,0,None,44.71,0.0,63.9,No material anomaly signal detected.,Completed,RUN-20261008-254699
WS/MP643/2025-2026/163510,V41,Madhya Pradesh,KHANDWA,Gyaneshwar Patil,Normal/Others,,,Audit,1,26.83,Medium,1,0,True,0,0,,,,False,False,False,False,,,406404.0,155690684.77,,,2025-08-22,,,,0,0.0,0,None,44.71,0.0,63.9,No material anomaly signal detected.,Completed,RUN-20261008-254699
WS/MP643/2025-2026/180952,V41,Madhya Pradesh,KHANDWA,Gyaneshwar Patil,Normal/Others,,,Audit,1,26.83,Medium,1,0,True,0,0,,,,False,False,False,False,,,361248.0,155690684.77,,,2025-08-26,,,,0,0.0,0,None,44.71,0.0,63.9,No material anomaly signal detected.,Completed,RUN-20261008-254699
WS/MP643/2024-2025/163866,V41,Madhya Pradesh,KHANDWA,Gyaneshwar Patil,Normal/Others,,,Audit,1,26.83,Medium,1,0,True,0,0,,,,False,False,False,False,,,364247.0,155690684.77,,,2025-06-17,,,,0,0.0,0,None,44.71,0.0,63.9,No material anomaly signal detected.,Completed,RUN-20261008-254699
WS/MP643/2025-2026/208616,V41,Madhya Pradesh,KHANDWA,Gyaneshwar Patil,Normal/Others,,,Audit,1,26.83,Medium,1,0,True,0,0,,,,False,False,False,False,,,451560.0,155690684.77,,,2025-12-18,,,,0,0.0,0,None,44.71,0.0,63.9,No material anomaly signal detected.,Completed,RUN-20261008-254699
WS/MP643/2025-2026/208593,V41,Madhya Pradesh,KHANDWA,Gyaneshwar Patil,Normal/Others,,,Audit,1,26.83,Medium,1,0,True,0,0,,,,False,False,False,False,,,225780.0,155690684.77,,,2026-01-07,,,,0,0.0,0,None,44.71,0.0,63.9,No material anomaly signal detected.,Completed,RUN-20261008-254699
WS/MP643/2025-2026/208613,V41,Madhya Pradesh,KHANDWA,Gyaneshwar Patil,Normal/Others,,,Audit,1,26.83,Medium,1,0,True,0,0,,,,False,False,False,False,,,632184.0,155690684.77,,,2025-12-18,,,,0,0.0,0,None,44.71,0.0,63.9,No material anomaly signal detected.,Completed,RUN-20261008-254699
WS/MP643/2025-2026/208598,V41,Madhya Pradesh,KHANDWA,Gyaneshwar Patil,Normal/Others,,,Audit,1,26.83,Medium,1,0,True,0,0,,,,False,False,False,False,,,270936.0,155690684.77,,,2026-01-07,,,,0,0.0,0,None,44.71,0.0,63.9,No material anomaly signal detected.,Completed,RUN-20261008-254699
WS/MP643/2025-2026/208597,V41,Madhya Pradesh,KHANDWA,Gyaneshwar Patil,Normal/Others,,,Audit,1,26.83,Medium,1,0,True,0,0,,,,False,False,False,False,,,135468.0,155690684.77,,,2026-01-07,,,,0,0.0,0,None,44.71,0.0,63.9,No material anomaly signal detected.,Completed,RUN-20261008-254699
WS/MP643/2025-2026/208596,V41,Madhya Pradesh,KHANDWA,Gyaneshwar Patil,Normal/Others,,,Audit,1,26.83,Medium,1,0,True,0,0,,,,False,False,False,False,,,225780.0,155690684.77,,,2026-01-07,,,,0,0.0,0,None,44.71,0.0,63.9,No material anomaly signal detected.,Completed,RUN-20261008-254699
WS/MP643/2025-2026/208595,V41,Madhya Pradesh,KHANDWA,Gyaneshwar Patil,Normal/Others,,,Audit,1,26.83,Medium,1,0,True,0,0,,,,False,False,False,False,,,225780.0,155690684.77,,,2026-01-07,,,,0,0.0,0,None,44.71,0.0,63.9,No material anomaly signal detected.,Completed,RUN-20261008-254699
WS/MP643/2025-2026/208594,V41,Madhya Pradesh,KHANDWA,Gyaneshwar Patil,Normal/Others,,,Audit,1,26.83,Medium,1,0,True,0,0,,,,False,False,False,False,,,225780.0,155690684.77,,,2026-01-07,,,,0,0.0,0,None,44.71,0.0,63.9,No material anomaly signal detected.,Completed,RUN-20261008-254699
WS/MP643/2025-2026/208592,V41,Madhya Pradesh,KHANDWA,Gyaneshwar Patil,Normal/Others,,,Audit,1,26.83,Medium,1,0,True,0,0,,,,False,False,False,False,,,225780.0,155690684.77,,,2026-01-07,,,,0,0.0,0,None,44.71,0.0,63.9,No material anomaly signal detected.,Completed,RUN-20261008-254699
WS/MP643/2025-2026/208559,V41,Madhya Pradesh,KHANDWA,Gyaneshwar Patil,Normal/Others,,,Audit,1,26.83,Medium,1,0,True,0,0,,,,False,False,False,False,,,364247.0,155690684.77,,,2026-03-23,,,,0,0.0,0,None,44.71,0.0,63.9,No material anomaly signal detected.,Completed,RUN-20261008-254699
WS/MP643/2025-2026/208591,V41,Madhya Pradesh,KHANDWA,Gyaneshwar Patil,Normal/Others,,,Audit,1,26.83,Medium,1,0,True,0,0,,,,False,False,False,False,,,316092.0,155690684.77,,,2026-01-07,,,,0,0.0,0,None,44.71,0.0,63.9,No material anomaly signal detected.,Completed,RUN-20261008-254699
WS/MP643/2025-2026/208590,V41,Madhya Pradesh,KHANDWA,Gyaneshwar Patil,Normal/Others,,,Audit,1,26.83,Medium,1,0,True,0,0,,,,False,False,False,False,,,316092.0,155690684.77,,,2026-01-07,,,,0,0.0,0,None,44.71,0.0,63.9,No material anomaly signal detected.,Completed,RUN-20261008-254699
WS/MP643/2025-2026/208589,V41,Madhya Pradesh,KHANDWA,Gyaneshwar Patil,Normal/Others,,,Audit,1,26.83,Medium,1,0,True,0,0,,,,False,False,False,False,,,361248.0,155690684.77,,,2026-01-07,,,,0,0.0,0,None,44.71,0.0,63.9,No material anomaly signal detected.,Completed,RUN-20261008-254699
WS/MP643/2025-2026/208588,V41,Madhya Pradesh,KHANDWA,Gyaneshwar Patil,Normal/Others,,,Audit,1,26.83,Medium,1,0,True,0,0,,,,False,False,False,False,,,361248.0,155690684.77,,,2026-01-07,,,,0,0.0,0,None,44.71,0.0,63.9,No material anomaly signal detected.,Completed,RUN-20261008-254699
WS/MP643/2025-2026/208587,V41,Madhya Pradesh,KHANDWA,Gyaneshwar Patil,Normal/Others,,,Audit,1,26.83,Medium,1,0,True,0,0,,,,False,False,False,False,,,361248.0,155690684.77,,,2026-01-07,,,,0,0.0,0,None,44.71,0.0,63.9,No material anomaly signal detected.,Completed,RUN-20261008-254699
WS/MP643/2025-2026/208585,V41,Madhya Pradesh,KHANDWA,Gyaneshwar Patil,Normal/Others,,,Audit,1,26.83,Medium,1,0,True,0,0,,,,False,False,False,False,,,451560.0,155690684.77,,,2026-01-07,,,,0,0.0,0,None,44.71,0.0,63.9,No material anomaly signal detected.,Completed,RUN-20261008-254699
WS/MP643/2025-2026/208614,V41,Madhya Pradesh,KHANDWA,Gyaneshwar Patil,Normal/Others,,,Audit,1,26.83,Medium,1,0,True,0,0,,,,False,False,False,False,,,451560.0,155690684.77,,,2025-12-18,,,,0,0.0,0,None,44.71,0.0,63.9,No material anomaly signal detected.,Completed,RUN-20261008-254699
WS/MP643/2025-2026/208615,V41,Madhya Pradesh,KHANDWA,Gyaneshwar Patil,Normal/Others,,,Audit,1,26.83,Medium,1,0,True,0,0,,,,False,False,False,False,,,451560.0,155690684.77,,,2025-12-18,,,,0,0.0,0,None,44.71,0.0,63.9,No material anomaly signal detected.,Completed,RUN-20261008-254699
WS/MP643/2025-2026/208617,V41,Madhya Pradesh,KHANDWA,Gyaneshwar Patil,Normal/Others,,,Audit,1,26.83,Medium,1,0,True,0,0,,,,False,False,False,False,,,451560.0,155690684.77,,,2025-12-18,,,,0,0.0,0,None,44.71,0.0,63.9,No material anomaly signal detected.,Completed,RUN-20261008-254699
WS/MP643/2025-2026/208618,V41,Madhya Pradesh,KHANDWA,Gyaneshwar Patil,Normal/Others,,,Audit,1,26.83,Medium,1,0,True,0,0,,,,False,False,False,False,,,451560.0,155690684.77,,,2025-12-18,,,,0,0.0,0,None,44.71,0.0,63.9,No material anomaly signal detected.,Completed,RUN-20261008-254699
WS/MP643/2025-2026/208619,V41,Madhya Pradesh,KHANDWA,Gyaneshwar Patil,Normal/Others,,,Audit,1,26.83,Medium,1,0,True,0,0,,,,False,False,False,False,,,451560.0,155690684.77,,,2025-12-18,,,,0,0.0,0,None,44.71,0.0,63.9,No material anomaly signal detected.,Completed,RUN-20261008-254699
WS/MP643/2025-2026/208620,V41,Madhya Pradesh,KHANDWA,Gyaneshwar Patil,Normal/Others,,,Audit,1,26.83,Medium,1,0,True,0,0,,,,False,False,False,False,,,451560.0,155690684.77,,,2025-12-18,,,,0,0.0,0,None,44.71,0.0,63.9,No material anomaly signal detected.,Completed,RUN-20261008-254699
WS/MP643/2025-2026/208621,V41,Madhya Pradesh,KHANDWA,Gyaneshwar Patil,Normal/Others,,,Audit,1,26.83,Medium,1,0,True,0,0,,,,False,False,False,False,,,451560.0,155690684.77,,,2025-12-18,,,,0,0.0,0,None,44.71,0.0,63.9,No material anomaly signal detected.,Completed,RUN-20261008-254699
WS/MP643/2025-2026/208622,V41,Madhya Pradesh,KHANDWA,Gyaneshwar Patil,Normal/Others,,,Audit,1,26.83,Medium,1,0,True,0,0,,,,False,False,False,False,,,451560.0,155690684.77,,,2025-12-18,,,,0,0.0,0,None,44.71,0.0,63.9,No material anomaly signal detected.,Completed,RUN-20261008-254699
WS/MP643/2025-2026/208623,V41,Madhya Pradesh,KHANDWA,Gyaneshwar Patil,Normal/Others,,,Audit,1,26.83,Medium,1,0,True,0,0,,,,False,False,False,False,,,541872.0,155690684.77,,,2025-12-18,,,,0,0.0,0,None,44.71,0.0,63.9,No material anomaly signal detected.,Completed,RUN-20261008-254699
WS/MP643/2025-2026/208624,V41,Madhya Pradesh,KHANDWA,Gyaneshwar Patil,Normal/Others,,,Audit,1,26.83,Medium,1,0,True,0,0,,,,False,False,False,False,,,541872.0,155690684.77,,,2025-12-18,,,,0,0.0,0,None,44.71,0.0,63.9,No material anomaly signal detected.,Completed,RUN-20261008-254699
WS/MP643/2025-2026/208625,V41,Madhya Pradesh,KHANDWA,Gyaneshwar Patil,Normal/Others,,,Audit,1,26.83,Medium,1,0,True,0,0,,,,False,False,False,False,,,541872.0,155690684.77,,,2025-12-18,,,,0,0.0,0,None,44.71,0.0,63.9,No material anomaly signal detected.,Completed,RUN-20261008-254699
WS/MP643/2025-2026/208626,V41,Madhya Pradesh,KHANDWA,Gyaneshwar Patil,Normal/Others,,,Audit,1,26.83,Medium,1,0,True,0,0,,,,False,False,False,False,,,541872.0,155690684.77,,,2025-12-18,,,,0,0.0,0,None,44.71,0.0,63.9,No material anomaly signal detected.,Completed,RUN-20261008-254699
WS/MP643/2025-2026/208627,V41,Madhya Pradesh,KHANDWA,Gyaneshwar Patil,Normal/Others,,,Audit,1,26.83,Medium,1,0,True,0,0,,,,False,False,False,False,,,541872.0,155690684.77,,,2025-12-18,,,,0,0.0,0,None,44.71,0.0,63.9,No material anomaly signal detected.,Completed,RUN-20261008-254699
WS/MP643/2025-2026/208628,V41,Madhya Pradesh,KHANDWA,Gyaneshwar Patil,Normal/Others,,,Audit,1,26.83,Medium,1,0,True,0,0,,,,False,False,False,False,,,361248.0,155690684.77,,,2025-12-18,,,,0,0.0,0,None,44.71,0.0,63.9,No material anomaly signal detected.,Completed,RUN-20261008-254699
WS/MP643/2025-2026/208629,V41,Madhya Pradesh,KHANDWA,Gyaneshwar Patil,Normal/Others,,,Audit,1,26.83,Medium,1,0,True,0,0,,,,False,False,False,False,,,361248.0,155690684.77,,,2025-12-18,,,,0,0.0,0,None,44.71,0.0,63.9,No material anomaly signal detected.,Completed,RUN-20261008-254699
WS/MP643/2025-2026/208690,V41,Madhya Pradesh,KHANDWA,Gyaneshwar Patil,Normal/Others,,,Audit,1,26.83,Medium,1,0,True,0,0,,,,False,False,False,False,,,364247.0,155690684.77,,,2026-01-21,,,,0,0.0,0,None,44.71,0.0,63.9,No material anomaly signal detected.,Completed,RUN-20261008-254699
WS/MP643/2025-2026/208691,V41,Madhya Pradesh,KHANDWA,Gyaneshwar Patil,Normal/Others,,,Audit,1,26.83,Medium,1,0,True,0,0,,,,False,False,False,False,,,364247.0,155690684.77,,,2026-01-21,,,,0,0.0,0,None,44.71,0.0,63.9,No material anomaly signal detected.,Completed,RUN-20261008-254699
WS/MP643/2025-2026/208584,V41,Madhya Pradesh,KHANDWA,Gyaneshwar Patil,Normal/Others,,,Audit,1,26.83,Medium,1,0,True,0,0,,,,False,False,False,False,,,451560.0,155690684.77,,,2026-01-07,,,,0,0.0,0,None,44.71,0.0,63.9,No material anomaly signal detected.,Completed,RUN-20261008-254699
WS/MP643/2025-2026/208586,V41,Madhya Pradesh,KHANDWA,Gyaneshwar Patil,Normal/Others,,,Audit,1,26.83,Medium,1,0,True,0,0,,,,False,False,False,False,,,361248.0,155690684.77,,,2026-01-07,,,,0,0.0,0,None,44.71,0.0,63.9,No material anomaly signal detected.,Completed,RUN-20261008-254699
WS/MP643/2025-2026/208558,V41,Madhya Pradesh,KHANDWA,Gyaneshwar Patil,Normal/Others,,,Audit,1,26.83,Medium,1,0,True,0,0,,,,False,False,False,False,,,364247.0,155690684.77,,,2026-03-23,,,,0,0.0,0,None,44.71,0.0,63.9,No material anomaly signal detected.,Completed,RUN-20261008-254699
WS/MP643/2025-2026/208556,V41,Madhya Pradesh,KHANDWA,Gyaneshwar Patil,Normal/Others,,,Audit,1,26.83,Medium,1,0,True,0,0,,,,False,False,False,False,,,364247.0,155690684.77,,,2026-03-23,,,,0,0.0,0,None,44.71,0.0,63.9,No material anomaly signal detected.,Completed,RUN-20261008-254699
WS/MP643/2025-2026/208555,V41,Madhya Pradesh,KHANDWA,Gyaneshwar Patil,Normal/Others,,,Audit,1,26.83,Medium,1,0,True,0,0,,,,False,False,False,False,,,364247.0,155690684.77,,,2026-03-23,,,,0,0.0,0,None,44.71,0.0,63.9,No material anomaly signal detected.,Completed,RUN-20261008-254699
WS/MP643/2025-2026/182169,V41,Madhya Pradesh,KHANDWA,Gyaneshwar Patil,Normal/Others,,,Audit,1,26.83,Medium,1,0,True,0,0,,,,False,False,False,False,,,364247.0,155690684.77,,,2025-11-21,,,,0,0.0,0,None,44.71,0.0,63.9,No material anomaly signal detected.,Completed,RUN-20261008-254699
WS/MP643/2025-2026/180955,V41,Madhya Pradesh,KHANDWA,Gyaneshwar Patil,Normal/Others,,,Audit,1,26.83,Medium,1,0,True,0,0,,,,False,False,False,False,,,541872.0,155690684.77,,,2025-08-26,,,,0,0.0,0,None,44.71,0.0,63.9,No material anomaly signal detected.,Completed,RUN-20261008-254699
WS/MP643/2025-2026/180954,V41,Madhya Pradesh,KHANDWA,Gyaneshwar Patil,Normal/Others,,,Audit,1,26.83,Medium,1,0,True,0,0,,,,False,False,False,False,,,361248.0,155690684.77,,,2025-08-26,,,,0,0.0,0,None,44.71,0.0,63.9,No material anomaly signal detected.,Completed,RUN-20261008-254699
WS/MP643/2025-2026/208557,V41,Madhya Pradesh,KHANDWA,Gyaneshwar Patil,Normal/Others,,,Audit,1,26.83,Medium,1,0,True,0,0,,,,False,False,False,False,,,364247.0,155690684.77,,,2026-03-23,,,,0,0.0,0,None,44.71,0.0,63.9,No material anomaly signal detected.,Completed,RUN-20261008-254699
WS/MP444/2024-2025/146165,V41,Madhya Pradesh,BETUL(ST),Durga Das Uikey,Normal/Others,259942.0,Physical Inspection,Audit,1,24.77,Low,2,0,True,0,0,,,,False,False,False,False,259942.0,,259942.0,151569502.91,,2024-12-23,2026-01-27,,,,0,0.0,0,None,41.29,0.0,71.1,No material anomaly signal detected.,Completed,RUN-20261008-254699
WS/MP444/2024-2025/145922,V41,Madhya Pradesh,BETUL(ST),Durga Das Uikey,Normal/Others,259942.0,Physical Inspection,Audit,1,24.77,Low,2,0,True,0,0,,,,False,False,False,False,259942.0,,259942.0,151569502.91,,2024-12-23,2026-01-27,,,,0,0.0,0,None,41.29,0.0,71.1,No material anomaly signal detected.,Completed,RUN-20261008-254699
WS/MP444/2024-2025/145921,V41,Madhya Pradesh,BETUL(ST),Durga Das Uikey,Normal/Others,259942.0,Physical Inspection,Audit,1,24.77,Low,2,0,True,0,0,,,,False,False,False,False,259942.0,,259942.0,151569502.91,,2024-12-23,2026-01-27,,,,0,0.0,0,None,41.29,0.0,71.1,No material anomaly signal detected.,Completed,RUN-20261008-254699
WS/MP444/2024-2025/145920,V41,Madhya Pradesh,BETUL(ST),Durga Das Uikey,Normal/Others,259942.0,Physical Inspection,Audit,1,24.77,Low,2,0,True,0,0,,,,False,False,False,False,259942.0,,259942.0,151569502.91,,2024-12-23,2026-01-27,,,,0,0.0,0,None,41.29,0.0,71.1,No material anomaly signal detected.,Completed,RUN-20261008-254699
WS/MP444/2024-2025/145919,V41,Madhya Pradesh,BETUL(ST),Durga Das Uikey,Normal/Others,259942.0,Physical Inspection,Audit,1,24.77,Low,2,0,True,0,0,,,,False,False,False,False,259942.0,,259942.0,151569502.91,,2025-02-20,2025-08-30,,,,0,0.0,0,None,41.29,0.0,71.1,No material anomaly signal detected.,Completed,RUN-20261008-254699
WS/MP444/2024-2025/145918,V41,Madhya Pradesh,BETUL(ST),Durga Das Uikey,Normal/Others,259942.0,Physical Inspection,Audit,1,24.77,Low,2,0,True,0,0,,,,False,False,False,False,259942.0,,259942.0,151569502.91,,2024-12-23,2026-01-27,,,,0,0.0,0,None,41.29,0.0,71.1,No material anomaly signal detected.,Completed,RUN-20261008-254699
WS/MP444/2024-2025/145915,V41,Madhya Pradesh,BETUL(ST),Durga Das Uikey,Normal/Others,259942.0,Physical Inspection,Audit,1,24.77,Low,2,0,True,0,0,,,,False,False,False,False,259942.0,,259942.0,151569502.91,,2024-12-23,2026-01-27,,,,0,0.0,0,None,41.29,0.0,71.1,No material anomaly signal detected.,Completed,RUN-20261008-254699
WS/MP444/2024-2025/145917,V41,Madhya Pradesh,BETUL(ST),Durga Das Uikey,Normal/Others,259942.0,Physical Inspection,Audit,1,24.77,Low,2,0,True,0,0,,,,False,False,False,False,259942.0,,259942.0,151569502.91,,2024-12-23,2026-01-27,,,,0,0.0,0,None,41.29,0.0,71.1,No material anomaly signal detected.,Completed,RUN-20261008-254699
WS/MP444/2024-2025/145916,V41,Madhya Pradesh,BETUL(ST),Durga Das Uikey,Normal/Others,259942.0,Physical Inspection,Audit,1,24.77,Low,2,0,True,0,0,,,,False,False,False,False,259942.0,,259942.0,151569502.91,,2024-12-23,2026-01-27,,,,0,0.0,0,None,41.29,0.0,71.1,No material anomaly signal detected.,Completed,RUN-20261008-254699
WS/MP444/2024-2025/145924,V41,Madhya Pradesh,BETUL(ST),Durga Das Uikey,Normal/Others,259942.0,Physical Inspection,Audit,1,24.77,Low,2,0,True,0,0,,,,False,False,False,False,259942.0,,259942.0,151569502.91,,2024-12-23,2026-01-27,,,,0,0.0,0,None,41.29,0.0,71.1,No material anomaly signal detected.,Completed,RUN-20261008-254699
WS/MP444/2024-2025/145914,V41,Madhya Pradesh,BETUL(ST),Durga Das Uikey,Normal/Others,259942.0,Physical Inspection,Audit,1,24.77,Low,2,0,True,0,0,,,,False,False,False,False,259942.0,,259942.0,151569502.91,,2024-12-23,2026-01-27,,,,0,0.0,0,None,41.29,0.0,71.1,No material anomaly signal detected.,Completed,RUN-20261008-254699
WS/MP444/2024-2025/145913,V41,Madhya Pradesh,BETUL(ST),Durga Das Uikey,Normal/Others,259942.0,Physical Inspection,Audit,1,24.77,Low,2,0,True,0,0,,,,False,False,False,False,259942.0,,259942.0,151569502.91,,2024-12-23,2026-01-27,,,,0,0.0,0,None,41.29,0.0,71.1,No material anomaly signal detected.,Completed,RUN-20261008-254699
WS/MP444/2024-2025/146166,V41,Madhya Pradesh,BETUL(ST),Durga Das Uikey,Normal/Others,259942.0,Physical Inspection,Audit,1,24.77,Low,2,0,True,0,0,,,,False,False,False,False,259942.0,,259942.0,151569502.91,,2024-12-23,2026-01-27,,,,0,0.0,0,None,41.29,0.0,71.1,No material anomaly signal detected.,Completed,RUN-20261008-254699
WS/MP444/2024-2025/146167,V41,Madhya Pradesh,BETUL(ST),Durga Das Uikey,Normal/Others,259942.0,Physical Inspection,Audit,1,24.77,Low,2,0,True,0,0,,,,False,False,False,False,259942.0,,259942.0,151569502.91,,2024-12-23,2026-01-27,,,,0,0.0,0,None,41.29,0.0,71.1,No material anomaly signal detected.,Completed,RUN-20261008-254699
WS/MP444/2024-2025/145923,V41,Madhya Pradesh,BETUL(ST),Durga Das Uikey,Normal/Others,259942.0,Physical Inspection,Audit,1,24.77,Low,2,0,True,0,0,,,,False,False,False,False,259942.0,,259942.0,151569502.91,,2024-12-23,2026-01-27,,,,0,0.0,0,None,41.29,0.0,71.1,No material anomaly signal detected.,Completed,RUN-20261008-254699
WS/MP444/2024-2025/146164,V41,Madhya Pradesh,BETUL(ST),Durga Das Uikey,Normal/Others,259942.0,Physical Inspection,Audit,1,24.77,Low,2,0,True,0,0,,,,False,False,False,False,259942.0,,259942.0,151569502.91,,2024-12-23,2026-01-27,,,,0,0.0,0,None,41.29,0.0,71.1,No material anomaly signal detected.,Completed,RUN-20261008-254699
WS/MP444/2024-2025/145941,V41,Madhya Pradesh,BETUL(ST),Durga Das Uikey,Normal/Others,259942.0,Physical Inspection,Audit,1,24.77,Low,2,0,True,0,0,,,,False,False,False,False,259942.0,,259942.0,151569502.91,,2024-12-23,2026-01-27,,,,0,0.0,0,None,41.29,0.0,71.1,No material anomaly signal detected.,Completed,RUN-20261008-254699
WS/MP444/2024-2025/145942,V41,Madhya Pradesh,BETUL(ST),Durga Das Uikey,Normal/Others,259942.0,Physical Inspection,Audit,1,24.77,Low,2,0,True,0,0,,,,False,False,False,False,259942.0,,259942.0,151569502.91,,2024-12-23,2026-01-27,,,,0,0.0,0,None,41.29,0.0,71.1,No material anomaly signal detected.,Completed,RUN-20261008-254699
WS/MP444/2024-2025/145943,V41,Madhya Pradesh,BETUL(ST),Durga Das Uikey,Normal/Others,259942.0,Physical Inspection,Audit,1,24.77,Low,2,0,True,0,0,,,,False,False,False,False,259942.0,,259942.0,151569502.91,,2024-12-23,2026-01-27,,,,0,0.0,0,None,41.29,0.0,71.1,No material anomaly signal detected.,Completed,RUN-20261008-254699
WS/MP444/2024-2025/145944,V41,Madhya Pradesh,BETUL(ST),Durga Das Uikey,Normal/Others,259942.0,Physical Inspection,Audit,1,24.77,Low,2,0,True,0,0,,,,False,False,False,False,259942.0,,259942.0,151569502.91,,2024-12-23,2026-01-27,,,,0,0.0,0,None,41.29,0.0,71.1,No material anomaly signal detected.,Completed,RUN-20261008-254699
WS/MP444/2024-2025/146528,V41,Madhya Pradesh,BETUL(ST),Durga Das Uikey,Normal/Others,259942.0,Physical Inspection,Audit,1,24.77,Low,2,0,True,0,0,,,,False,False,False,False,259942.0,,259942.0,151569502.91,,2024-11-30,2025-07-23,,,,0,0.0,0,None,41.29,0.0,71.1,No material anomaly signal detected.,Completed,RUN-20261008-254699
WS/MP444/2024-2025/145946,V41,Madhya Pradesh,BETUL(ST),Durga Das Uikey,Normal/Others,259942.0,Physical Inspection,Audit,1,24.77,Low,2,0,True,0,0,,,,False,False,False,False,259942.0,,259942.0,151569502.91,,2024-12-23,2026-01-27,,,,0,0.0,0,None,41.29,0.0,71.1,No material anomaly signal detected.,Completed,RUN-20261008-254699
WS/MP444/2024-2025/145947,V41,Madhya Pradesh,BETUL(ST),Durga Das Uikey,Normal/Others,259942.0,Physical Inspection,Audit,1,24.77,Low,2,0,True,0,0,,,,False,False,False,False,259942.0,,259942.0,151569502.91,,2024-12-23,2026-01-27,,,,0,0.0,0,None,41.29,0.0,71.1,No material anomaly signal detected.,Completed,RUN-20261008-254699
WS/MP444/2024-2025/145948,V41,Madhya Pradesh,BETUL(ST),Durga Das Uikey,Normal/Others,259942.0,Physical Inspection,Audit,1,24.77,Low,2,0,True,0,0,,,,False,False,False,False,259942.0,,259942.0,151569502.91,,2024-12-23,2026-01-27,,,,0,0.0,0,None,41.29,0.0,71.1,No material anomaly signal detected.,Completed,RUN-20261008-254699
WS/MP444/2024-2025/145949,V41,Madhya Pradesh,BETUL(ST),Durga Das Uikey,Normal/Others,259942.0,Physical Inspection,Audit,1,24.77,Low,2,0,True,0,0,,,,False,False,False,False,259942.0,,259942.0,151569502.91,,2024-12-23,2026-01-27,,,,0,0.0,0,None,41.29,0.0,71.1,No material anomaly signal detected.,Completed,RUN-20261008-254699
WS/MP444/2024-2025/145950,V41,Madhya Pradesh,BETUL(ST),Durga Das Uikey,Normal/Others,259942.0,Physical Inspection,Audit,1,24.77,Low,2,0,True,0,0,,,,False,False,False,False,259942.0,,259942.0,151569502.91,,2024-12-23,2026-01-27,,,,0,0.0,0,None,41.29,0.0,71.1,No material anomaly signal detected.,Completed,RUN-20261008-254699
WS/MP444/2024-2025/145951,V41,Madhya Pradesh,BETUL(ST),Durga Das Uikey,Normal/Others,259942.0,Physical Inspection,Audit,1,24.77,Low,2,0,True,0,0,,,,False,False,False,False,259942.0,,259942.0,151569502.91,,2024-12-23,2026-01-27,,,,0,0.0,0,None,41.29,0.0,71.1,No material anomaly signal detected.,Completed,RUN-20261008-254699
WS/MP444/2024-2025/146163,V41,Madhya Pradesh,BETUL(ST),Durga Das Uikey,Normal/Others,259942.0,Physical Inspection,Audit,1,24.77,Low,2,0,True,0,0,,,,False,False,False,False,259942.0,,259942.0,151569502.91,,2024-12-23,2026-01-27,,,,0,0.0,0,None,41.29,0.0,71.1,No material anomaly signal detected.,Completed,RUN-20261008-254699
WS/MP444/2024-2025/145952,V41,Madhya Pradesh,BETUL(ST),Durga Das Uikey,Normal/Others,259942.0,Physical Inspection,Audit,1,24.77,Low,2,0,True,0,0,,,,False,False,False,False,259942.0,,259942.0,151569502.91,,2024-12-23,2026-01-27,,,,0,0.0,0,None,41.29,0.0,71.1,No material anomaly signal detected.,Completed,RUN-20261008-254699
WS/MP444/2024-2025/145953,V41,Madhya Pradesh,BETUL(ST),Durga Das Uikey,Normal/Others,259942.0,Physical Inspection,Audit,1,24.77,Low,2,0,True,0,0,,,,False,False,False,False,259942.0,,259942.0,151569502.91,,2024-12-23,2026-01-27,,,,0,0.0,0,None,41.29,0.0,71.1,No material anomaly signal detected.,Completed,RUN-20261008-254699
WS/MP444/2024-2025/146524,V41,Madhya Pradesh,BETUL(ST),Durga Das Uikey,Normal/Others,259942.0,Physical Inspection,Audit,1,24.77,Low,2,0,True,0,0,,,,False,False,False,False,259942.0,,259942.0,151569502.91,,2024-12-05,2025-07-23,,,,0,0.0,0,None,41.29,0.0,71.1,No material anomaly signal detected.,Completed,RUN-20261008-254699
WS/MP444/2024-2025/146526,V41,Madhya Pradesh,BETUL(ST),Durga Das Uikey,Normal/Others,259942.0,Physical Inspection,Audit,1,24.77,Low,2,0,True,0,0,,,,False,False,False,False,259942.0,,259942.0,151569502.91,,2025-01-13,2025-07-23,,,,0,0.0,0,None,41.29,0.0,71.1,No material anomaly signal detected.,Completed,RUN-20261008-254699
WS/MP444/2024-2025/146514,V41,Madhya Pradesh,BETUL(ST),Durga Das Uikey,Normal/Others,259942.0,Physical Inspection,Audit,1,24.77,Low,2,0,True,0,0,,,,False,False,False,False,259942.0,,259942.0,151569502.91,,2024-11-30,2025-07-15,,,,0,0.0,0,None,41.29,0.0,71.1,No material anomaly signal detected.,Completed,RUN-20261008-254699
WS/MP444/2024-2025/146523,V41,Madhya Pradesh,BETUL(ST),Durga Das Uikey,Normal/Others,259942.0,Physical Inspection,Audit,1,24.77,Low,2,0,True,0,0,,,,False,False,False,False,259942.0,,259942.0,151569502.91,,2024-12-05,2025-07-23,,,,0,0.0,0,None,41.29,0.0,71.1,No material anomaly signal detected.,Completed,RUN-20261008-254699
WS/MP444/2024-2025/146497,V41,Madhya Pradesh,BETUL(ST),Durga Das Uikey,Normal/Others,259942.0,Physical Inspection,Audit,1,24.77,Low,2,0,True,0,0,,,,False,False,False,False,259942.0,,259942.0,151569502.91,,2024-11-30,2025-07-23,,,,0,0.0,0,None,41.29,0.0,71.1,No material anomaly signal detected.,Completed,RUN-20261008-254699
WS/MP444/2024-2025/146510,V41,Madhya Pradesh,BETUL(ST),Durga Das Uikey,Normal/Others,259942.0,Physical Inspection,Audit,1,24.77,Low,2,0,True,0,0,,,,False,False,False,False,259942.0,,259942.0,151569502.91,,2024-12-05,2025-07-23,,,,0,0.0,0,None,41.29,0.0,71.1,No material anomaly signal detected.,Completed,RUN-20261008-254699
WS/MP444/2024-2025/146509,V41,Madhya Pradesh,BETUL(ST),Durga Das Uikey,Normal/Others,259942.0,Physical Inspection,Audit,1,24.77,Low,2,0,True,0,0,,,,False,False,False,False,259942.0,,259942.0,151569502.91,,2024-12-05,2025-07-23,,,,0,0.0,0,None,41.29,0.0,71.1,No material anomaly signal detected.,Completed,RUN-20261008-254699
WS/MP444/2024-2025/146508,V41,Madhya Pradesh,BETUL(ST),Durga Das Uikey,Normal/Others,259942.0,Physical Inspection,Audit,1,24.77,Low,2,0,True,0,0,,,,False,False,False,False,259942.0,,259942.0,151569502.91,,2024-12-05,2025-07-23,,,,0,0.0,0,None,41.29,0.0,71.1,No material anomaly signal detected.,Completed,RUN-20261008-254699
WS/MP444/2024-2025/146516,V41,Madhya Pradesh,BETUL(ST),Durga Das Uikey,Normal/Others,259942.0,Physical Inspection,Audit,1,24.77,Low,2,0,True,0,0,,,,False,False,False,False,259942.0,,259942.0,151569502.91,,2025-02-05,2025-09-25,,,,0,0.0,0,None,41.29,0.0,71.1,No material anomaly signal detected.,Completed,RUN-20261008-254699
WS/MP444/2024-2025/146517,V41,Madhya Pradesh,BETUL(ST),Durga Das Uikey,Normal/Others,259942.0,Physical Inspection,Audit,1,24.77,Low,2,0,True,0,0,,,,False,False,False,False,259942.0,,259942.0,151569502.91,,2025-02-05,2025-09-25,,,,0,0.0,0,None,41.29,0.0,71.1,No material anomaly signal detected.,Completed,RUN-20261008-254699
WS/MP444/2024-2025/146507,V41,Madhya Pradesh,BETUL(ST),Durga Das Uikey,Normal/Others,259942.0,Physical Inspection,Audit,1,24.77,Low,2,0,True,0,0,,,,False,False,False,False,259942.0,,259942.0,151569502.91,,2024-12-05,2025-07-23,,,,0,0.0,0,None,41.29,0.0,71.1,No material anomaly signal detected.,Completed,RUN-20261008-254699
WS/MP444/2024-2025/146506,V41,Madhya Pradesh,BETUL(ST),Durga Das Uikey,Normal/Others,259942.0,Physical Inspection,Audit,1,24.77,Low,2,0,True,0,0,,,,False,False,False,False,259942.0,,259942.0,151569502.91,,2024-12-05,2025-07-23,,,,0,0.0,0,None,41.29,0.0,71.1,No material anomaly signal detected.,Completed,RUN-20261008-254699
WS/MP444/2024-2025/146505,V41,Madhya Pradesh,BETUL(ST),Durga Das Uikey,Normal/Others,259942.0,Physical Inspection,Audit,1,24.77,Low,2,0,True,0,0,,,,False,False,False,False,259942.0,,259942.0,151569502.91,,2024-12-05,2025-07-23,,,,0,0.0,0,None,41.29,0.0,71.1,No material anomaly signal detected.,Completed,RUN-20261008-254699
WS/MP444/2024-2025/146504,V41,Madhya Pradesh,BETUL(ST),Durga Das Uikey,Normal/Others,259942.0,Physical Inspection,Audit,1,24.77,Low,2,0,True,0,0,,,,False,False,False,False,259942.0,,259942.0,151569502.91,,2024-12-05,2025-07-23,,,,0,0.0,0,None,41.29,0.0,71.1,No material anomaly signal detected.,Completed,RUN-20261008-254699
WS/MP444/2024-2025/146503,V41,Madhya Pradesh,BETUL(ST),Durga Das Uikey,Normal/Others,259942.0,Physical Inspection,Audit,1,24.77,Low,2,0,True,0,0,,,,False,False,False,False,259942.0,,259942.0,151569502.91,,2024-12-05,2025-07-23,,,,0,0.0,0,None,41.29,0.0,71.1,No material anomaly signal detected.,Completed,RUN-20261008-254699
WS/MP444/2024-2025/146502,V41,Madhya Pradesh,BETUL(ST),Durga Das Uikey,Normal/Others,259942.0,Physical Inspection,Audit,1,24.77,Low,2,0,True,0,0,,,,False,False,False,False,259942.0,,259942.0,151569502.91,,2024-12-05,2025-07-23,,,,0,0.0,0,None,41.29,0.0,71.1,No material anomaly signal detected.,Completed,RUN-20261008-254699
WS/MP444/2024-2025/146501,V41,Madhya Pradesh,BETUL(ST),Durga Das Uikey,Normal/Others,259942.0,Physical Inspection,Audit,1,24.77,Low,2,0,True,0,0,,,,False,False,False,False,259942.0,,259942.0,151569502.91,,2024-12-05,2025-07-23,,,,0,0.0,0,None,41.29,0.0,71.1,No material anomaly signal detected.,Completed,RUN-20261008-254699
WS/MP444/2024-2025/146500,V41,Madhya Pradesh,BETUL(ST),Durga Das Uikey,Normal/Others,259942.0,Physical Inspection,Audit,1,24.77,Low,2,0,True,0,0,,,,False,False,False,False,259942.0,,259942.0,151569502.91,,2024-12-05,2025-07-23,,,,0,0.0,0,None,41.29,0.0,71.1,No material anomaly signal detected.,Completed,RUN-20261008-254699
WS/MP444/2024-2025/146499,V41,Madhya Pradesh,BETUL(ST),Durga Das Uikey,Normal/Others,259942.0,Physical Inspection,Audit,1,24.77,Low,2,0,True,0,0,,,,False,False,False,False,259942.0,,259942.0,151569502.91,,2024-11-30,2025-07-22,,,,0,0.0,0,None,41.29,0.0,71.1,No material anomaly signal detected.,Completed,RUN-20261008-254699
WS/MP444/2024-2025/146496,V41,Madhya Pradesh,BETUL(ST),Durga Das Uikey,Normal/Others,259942.0,Physical Inspection,Audit,1,24.77,Low,2,0,True,0,0,,,,False,False,False,False,259942.0,,259942.0,151569502.91,,2024-11-30,2025-07-23,,,,0,0.0,0,None,41.29,0.0,71.1,No material anomaly signal detected.,Completed,RUN-20261008-254699
WS/MP444/2024-2025/146522,V41,Madhya Pradesh,BETUL(ST),Durga Das Uikey,Normal/Others,259942.0,Physical Inspection,Audit,1,24.77,Low,2,0,True,0,0,,,,False,False,False,False,259942.0,,259942.0,151569502.91,,2024-12-05,2025-07-23,,,,0,0.0,0,None,41.29,0.0,71.1,No material anomaly signal detected.,Completed,RUN-20261008-254699
WS/MP444/2024-2025/146495,V41,Madhya Pradesh,BETUL(ST),Durga Das Uikey,Normal/Others,259942.0,Physical Inspection,Audit,1,24.77,Low,2,0,True,0,0,,,,False,False,False,False,259942.0,,259942.0,151569502.91,,2024-11-30,2025-07-23,,,,0,0.0,0,None,41.29,0.0,71.1,No material anomaly signal detected.,Completed,RUN-20261008-254699
WS/MP444/2024-2025/146493,V41,Madhya Pradesh,BETUL(ST),Durga Das Uikey,Normal/Others,259942.0,Physical Inspection,Audit,1,24.77,Low,2,0,True,0,0,,,,False,False,False,False,259942.0,,259942.0,151569502.91,,2024-11-30,2025-07-23,,,,0,0.0,0,None,41.29,0.0,71.1,No material anomaly signal detected.,Completed,RUN-20261008-254699
WS/MP444/2024-2025/146492,V41,Madhya Pradesh,BETUL(ST),Durga Das Uikey,Normal/Others,259942.0,Physical Inspection,Audit,1,24.77,Low,2,0,True,0,0,,,,False,False,False,False,259942.0,,259942.0,151569502.91,,2024-11-30,2025-07-22,,,,0,0.0,0,None,41.29,0.0,71.1,No material anomaly signal detected.,Completed,RUN-20261008-254699
WS/MP444/2024-2025/146491,V41,Madhya Pradesh,BETUL(ST),Durga Das Uikey,Normal/Others,259942.0,Physical Inspection,Audit,1,24.77,Low,2,0,True,0,0,,,,False,False,False,False,259942.0,,259942.0,151569502.91,,2024-12-05,2025-07-23,,,,0,0.0,0,None,41.29,0.0,71.1,No material anomaly signal detected.,Completed,RUN-20261008-254699
WS/MP444/2024-2025/146489,V41,Madhya Pradesh,BETUL(ST),Durga Das Uikey,Normal/Others,259942.0,Physical Inspection,Audit,1,24.77,Low,2,0,True,0,0,,,,False,False,False,False,259942.0,,259942.0,151569502.91,,2025-01-13,2025-07-23,,,,0,0.0,0,None,41.29,0.0,71.1,No material anomaly signal detected.,Completed,RUN-20261008-254699
WS/MP444/2024-2025/146488,V41,Madhya Pradesh,BETUL(ST),Durga Das Uikey,Normal/Others,259942.0,Physical Inspection,Audit,1,24.77,Low,2,0,True,0,0,,,,False,False,False,False,259942.0,,259942.0,151569502.91,,2024-12-05,2025-07-23,,,,0,0.0,0,None,41.29,0.0,71.1,No material anomaly signal detected.,Completed,RUN-20261008-254699
WS/MP444/2024-2025/146486,V41,Madhya Pradesh,BETUL(ST),Durga Das Uikey,Normal/Others,259942.0,Physical Inspection,Audit,1,24.77,Low,2,0,True,0,0,,,,False,False,False,False,259942.0,,259942.0,151569502.91,,2024-12-05,2025-07-23,,,,0,0.0,0,None,41.29,0.0,71.1,No material anomaly signal detected.,Completed,RUN-20261008-254699
WS/MP444/2024-2025/146485,V41,Madhya Pradesh,BETUL(ST),Durga Das Uikey,Normal/Others,259942.0,Physical Inspection,Audit,1,24.77,Low,2,0,True,0,0,,,,False,False,False,False,259942.0,,259942.0,151569502.91,,2024-12-05,2025-07-23,,,,0,0.0,0,None,41.29,0.0,71.1,No material anomaly signal detected.,Completed,RUN-20261008-254699
WS/MP444/2024-2025/146484,V41,Madhya Pradesh,BETUL(ST),Durga Das Uikey,Normal/Others,259942.0,Physical Inspection,Audit,1,24.77,Low,2,0,True,0,0,,,,False,False,False,False,259942.0,,259942.0,151569502.91,,2024-12-05,2025-07-23,,,,0,0.0,0,None,41.29,0.0,71.1,No material anomaly signal detected.,Completed,RUN-20261008-254699
WS/MP444/2024-2025/145910,V41,Madhya Pradesh,BETUL(ST),Durga Das Uikey,Normal/Others,259942.0,Physical Inspection,Audit,1,24.77,Low,2,0,True,0,0,,,,False,False,False,False,259942.0,,259942.0,151569502.91,,2024-12-23,2026-01-27,,,,0,0.0,0,None,41.29,0.0,71.1,No material anomaly signal detected.,Completed,RUN-20261008-254699
WS/MP444/2024-2025/146511,V41,Madhya Pradesh,BETUL(ST),Durga Das Uikey,Normal/Others,259942.0,Physical Inspection,Audit,1,24.77,Low,2,0,True,0,0,,,,False,False,False,False,259942.0,,259942.0,151569502.91,,2024-12-05,2025-07-23,,,,0,0.0,0,None,41.29,0.0,71.1,No material anomaly signal detected.,Completed,RUN-20261008-254699
WS/MP444/2024-2025/146518,V41,Madhya Pradesh,BETUL(ST),Durga Das Uikey,Normal/Others,259942.0,Physical Inspection,Audit,1,24.77,Low,2,0,True,0,0,,,,False,False,False,False,259942.0,,259942.0,151569502.91,,2025-01-13,2025-07-23,,,,0,0.0,0,None,41.29,0.0,71.1,No material anomaly signal detected.,Completed,RUN-20261008-254699
WS/MP444/2024-2025/146519,V41,Madhya Pradesh,BETUL(ST),Durga Das Uikey,Normal/Others,259942.0,Physical Inspection,Audit,1,24.77,Low,2,0,True,0,0,,,,False,False,False,False,259942.0,,259942.0,151569502.91,,2024-12-05,2025-07-23,,,,0,0.0,0,None,41.29,0.0,71.1,No material anomaly signal detected.,Completed,RUN-20261008-254699
WS/MP444/2024-2025/146521,V41,Madhya Pradesh,BETUL(ST),Durga Das Uikey,Normal/Others,259942.0,Physical Inspection,Audit,1,24.77,Low,2,0,True,0,0,,,,False,False,False,False,259942.0,,259942.0,151569502.91,,2024-12-05,2025-07-23,,,,0,0.0,0,None,41.29,0.0,71.1,No material anomaly signal detected.,Completed,RUN-20261008-254699
WS/MP444/2024-2025/145912,V41,Madhya Pradesh,BETUL(ST),Durga Das Uikey,Normal/Others,259942.0,Physical Inspection,Audit,1,24.77,Low,2,0,True,0,0,,,,False,False,False,False,259942.0,,259942.0,151569502.91,,2024-12-23,2026-01-27,,,,0,0.0,0,None,41.29,0.0,71.1,No material anomaly signal detected.,Completed,RUN-20261008-254699
WS/MP444/2024-2025/145945,V41,Madhya Pradesh,BETUL(ST),Durga Das Uikey,Normal/Others,259942.0,Physical Inspection,Audit,1,24.77,Low,2,0,True,0,0,,,,False,False,False,False,259942.0,,259942.0,151569502.91,,2024-12-23,2026-01-27,,,,0,0.0,0,None,41.29,0.0,71.1,No material anomaly signal detected.,Completed,RUN-20261008-254699
WS/MP444/2024-2025/145909,V41,Madhya Pradesh,BETUL(ST),Durga Das Uikey,Normal/Others,259942.0,Physical Inspection,Audit,1,24.77,Low,2,0,True,0,0,,,,False,False,False,False,259942.0,,259942.0,151569502.91,,2024-12-23,2026-01-27,,,,0,0.0,0,None,41.29,0.0,71.1,No material anomaly signal detected.,Completed,RUN-20261008-254699
WS/MP444/2024-2025/145907,V41,Madhya Pradesh,BETUL(ST),Durga Das Uikey,Normal/Others,259942.0,Physical Inspection,Audit,1,24.77,Low,2,0,True,0,0,,,,False,False,False,False,259942.0,,259942.0,151569502.91,,2024-12-23,2026-01-27,,,,0,0.0,0,None,41.29,0.0,71.1,No material anomaly signal detected.,Completed,RUN-20261008-254699
WS/MP444/2024-2025/145906,V41,Madhya Pradesh,BETUL(ST),Durga Das Uikey,Normal/Others,259942.0,Physical Inspection,Audit,1,24.77,Low,2,0,True,0,0,,,,False,False,False,False,259942.0,,259942.0,151569502.91,,2024-12-23,2026-01-27,,,,0,0.0,0,None,41.29,0.0,71.1,No material anomaly signal detected.,Completed,RUN-20261008-254699
WS/MP444/2024-2025/145905,V41,Madhya Pradesh,BETUL(ST),Durga Das Uikey,Normal/Others,259942.0,Physical Inspection,Audit,1,24.77,Low,2,0,True,0,0,,,,False,False,False,False,259942.0,,259942.0,151569502.91,,2025-02-20,2025-08-30,,,,0,0.0,0,None,41.29,0.0,71.1,No material anomaly signal detected.,Completed,RUN-20261008-254699
WS/MP444/2024-2025/145904,V41,Madhya Pradesh,BETUL(ST),Durga Das Uikey,Normal/Others,259942.0,Physical Inspection,Audit,1,24.77,Low,2,0,True,0,0,,,,False,False,False,False,259942.0,,259942.0,151569502.91,,2025-02-20,2025-08-30,,,,0,0.0,0,None,41.29,0.0,71.1,No material anomaly signal detected.,Completed,RUN-20261008-254699
WS/MP444/2024-2025/145903,V41,Madhya Pradesh,BETUL(ST),Durga Das Uikey,Normal/Others,259942.0,Physical Inspection,Audit,1,24.77,Low,2,0,True,0,0,,,,False,False,False,False,259942.0,,259942.0,151569502.91,,2024-12-23,2026-01-27,,,,0,0.0,0,None,41.29,0.0,71.1,No material anomaly signal detected.,Completed,RUN-20261008-254699
WS/MP444/2024-2025/145900,V41,Madhya Pradesh,BETUL(ST),Durga Das Uikey,Normal/Others,259942.0,Physical Inspection,Audit,1,24.77,Low,2,0,True,0,0,,,,False,False,False,False,259942.0,,259942.0,151569502.91,,2024-12-23,2026-01-27,,,,0,0.0,0,None,41.29,0.0,71.1,No material anomaly signal detected.,Completed,RUN-20261008-254699
WS/MP444/2024-2025/145908,V41,Madhya Pradesh,BETUL(ST),Durga Das Uikey,Normal/Others,259942.0,Physical Inspection,Audit,1,24.77,Low,2,0,True,0,0,,,,False,False,False,False,259942.0,,259942.0,151569502.91,,2024-12-23,2026-01-27,,,,0,0.0,0,None,41.29,0.0,71.1,No material anomaly signal detected.,Completed,RUN-20261008-254699
WS/MP18101/2025-2026/185865,V41,Madhya Pradesh,DAMOH,RAHUL SINGH LODHI,Normal/Others,,,Audit,1,23.53,Low,1,0,True,0,0,,,,False,False,False,False,,,158036.0,163058785.37,,,2025-07-25,,,,0,0.0,0,None,39.21,0.0,63.9,No material anomaly signal detected.,Completed,RUN-20261008-254699
WS/MP18101/2025-2026/185878,V41,Madhya Pradesh,DAMOH,RAHUL SINGH LODHI,Normal/Others,,,Audit,1,23.53,Low,1,0,True,0,0,,,,False,False,False,False,,,158036.0,163058785.37,,,2025-07-25,,,,0,0.0,0,None,39.21,0.0,63.9,No material anomaly signal detected.,Completed,RUN-20261008-254699
WS/MP18101/2025-2026/185877,V41,Madhya Pradesh,DAMOH,RAHUL SINGH LODHI,Normal/Others,,,Audit,1,23.53,Low,1,0,True,0,0,,,,False,False,False,False,,,158036.0,163058785.37,,,2025-07-25,,,,0,0.0,0,None,39.21,0.0,63.9,No material anomaly signal detected.,Completed,RUN-20261008-254699
WS/MP18101/2025-2026/185876,V41,Madhya Pradesh,DAMOH,RAHUL SINGH LODHI,Normal/Others,,,Audit,1,23.53,Low,1,0,True,0,0,,,,False,False,False,False,,,158036.0,163058785.37,,,2025-07-25,,,,0,0.0,0,None,39.21,0.0,63.9,No material anomaly signal detected.,Completed,RUN-20261008-254699
WS/MP18101/2025-2026/185874,V41,Madhya Pradesh,DAMOH,RAHUL SINGH LODHI,Normal/Others,,,Audit,1,23.53,Low,1,0,True,0,0,,,,False,False,False,False,,,158036.0,163058785.37,,,2025-07-25,,,,0,0.0,0,None,39.21,0.0,63.9,No material anomaly signal detected.,Completed,RUN-20261008-254699
WS/MP18101/2025-2026/185873,V41,Madhya Pradesh,DAMOH,RAHUL SINGH LODHI,Normal/Others,,,Audit,1,23.53,Low,1,0,True,0,0,,,,False,False,False,False,,,158036.0,163058785.37,,,2025-07-25,,,,0,0.0,0,None,39.21,0.0,63.9,No material anomaly signal detected.,Completed,RUN-20261008-254699
WS/MP18101/2025-2026/185872,V41,Madhya Pradesh,DAMOH,RAHUL SINGH LODHI,Normal/Others,,,Audit,1,23.53,Low,1,0,True,0,0,,,,False,False,False,False,,,158036.0,163058785.37,,,2025-07-25,,,,0,0.0,0,None,39.21,0.0,63.9,No material anomaly signal detected.,Completed,RUN-20261008-254699
WS/MP18101/2025-2026/185868,V41,Madhya Pradesh,DAMOH,RAHUL SINGH LODHI,Normal/Others,,,Audit,1,23.53,Low,1,0,True,0,0,,,,False,False,False,False,,,158036.0,163058785.37,,,2025-07-25,,,,0,0.0,0,None,39.21,0.0,63.9,No material anomaly signal detected.,Completed,RUN-20261008-254699
WS/MP18101/2025-2026/185854,V41,Madhya Pradesh,DAMOH,RAHUL SINGH LODHI,Normal/Others,,,Audit,1,23.53,Low,1,0,True,0,0,,,,False,False,False,False,,,158036.0,163058785.37,,,2025-07-25,,,,0,0.0,0,None,39.21,0.0,63.9,No material anomaly signal detected.,Completed,RUN-20261008-254699
WS/MP18101/2025-2026/185861,V41,Madhya Pradesh,DAMOH,RAHUL SINGH LODHI,Normal/Others,,,Audit,1,23.53,Low,1,0,True,0,0,,,,False,False,False,False,,,158036.0,163058785.37,,,2025-07-25,,,,0,0.0,0,None,39.21,0.0,63.9,No material anomaly signal detected.,Completed,RUN-20261008-254699
WS/MP18101/2025-2026/185860,V41,Madhya Pradesh,DAMOH,RAHUL SINGH LODHI,Normal/Others,,,Audit,1,23.53,Low,1,0,True,0,0,,,,False,False,False,False,,,158036.0,163058785.37,,,2025-07-25,,,,0,0.0,0,None,39.21,0.0,63.9,No material anomaly signal detected.,Completed,RUN-20261008-254699
WS/MP18101/2025-2026/185857,V41,Madhya Pradesh,DAMOH,RAHUL SINGH LODHI,Normal/Others,,,Audit,1,23.53,Low,1,0,True,0,0,,,,False,False,False,False,,,158036.0,163058785.37,,,2025-07-25,,,,0,0.0,0,None,39.21,0.0,63.9,No material anomaly signal detected.,Completed,RUN-20261008-254699
WS/MP18101/2025-2026/192358,V41,Madhya Pradesh,DAMOH,RAHUL SINGH LODHI,Normal/Others,,,Audit,1,23.53,Low,1,0,True,0,0,,,,False,False,False,False,,,259942.0,163058785.37,,,2025-09-30,,,,0,0.0,0,None,39.21,0.0,63.9,No material anomaly signal detected.,Completed,RUN-20261008-254699
WS/MP18101/2024-2025/163180,V41,Madhya Pradesh,DAMOH,RAHUL SINGH LODHI,Normal/Others,,,Audit,1,23.53,Low,1,0,True,0,0,,,,False,False,False,False,,,198724.0,163058785.37,,,2025-02-24,,,,0,0.0,0,None,39.21,0.0,63.9,No material anomaly signal detected.,Completed,RUN-20261008-254699
WS/MP18101/2024-2025/163168,V41,Madhya Pradesh,DAMOH,RAHUL SINGH LODHI,Normal/Others,,,Audit,1,23.53,Low,1,0,True,0,0,,,,False,False,False,False,,,198724.0,163058785.37,,,2025-02-24,,,,0,0.0,0,None,39.21,0.0,63.9,No material anomaly signal detected.,Completed,RUN-20261008-254699
WS/MP18101/2024-2025/163155,V41,Madhya Pradesh,DAMOH,RAHUL SINGH LODHI,Normal/Others,,,Audit,1,23.53,Low,1,0,True,0,0,,,,False,False,False,False,,,198724.0,163058785.37,,,2025-02-24,,,,0,0.0,0,None,39.21,0.0,63.9,No material anomaly signal detected.,Completed,RUN-20261008-254699
WS/MP18101/2024-2025/163153,V41,Madhya Pradesh,DAMOH,RAHUL SINGH LODHI,Normal/Others,,,Audit,1,23.53,Low,1,0,True,0,0,,,,False,False,False,False,,,198724.0,163058785.37,,,2025-02-24,,,,0,0.0,0,None,39.21,0.0,63.9,No material anomaly signal detected.,Completed,RUN-20261008-254699
WS/MP18101/2025-2026/192356,V41,Madhya Pradesh,DAMOH,RAHUL SINGH LODHI,Normal/Others,,,Audit,1,23.53,Low,1,0,True,0,0,,,,False,False,False,False,,,259942.0,163058785.37,,,2025-09-30,,,,0,0.0,0,None,39.21,0.0,63.9,No material anomaly signal detected.,Completed,RUN-20261008-254699
WS/MP18101/2025-2026/192364,V41,Madhya Pradesh,DAMOH,RAHUL SINGH LODHI,Normal/Others,,,Audit,1,23.53,Low,1,0,True,0,0,,,,False,False,False,False,,,259942.0,163058785.37,,,2025-09-30,,,,0,0.0,0,None,39.21,0.0,63.9,No material anomaly signal detected.,Completed,RUN-20261008-254699
WS/MP18101/2025-2026/192359,V41,Madhya Pradesh,DAMOH,RAHUL SINGH LODHI,Normal/Others,,,Audit,1,23.53,Low,1,0,True,0,0,,,,False,False,False,False,,,259942.0,163058785.37,,,2025-09-30,,,,0,0.0,0,None,39.21,0.0,63.9,No material anomaly signal detected.,Completed,RUN-20261008-254699
WS/MP18101/2025-2026/192360,V41,Madhya Pradesh,DAMOH,RAHUL SINGH LODHI,Normal/Others,,,Audit,1,23.53,Low,1,0,True,0,0,,,,False,False,False,False,,,259942.0,163058785.37,,,2025-09-30,,,,0,0.0,0,None,39.21,0.0,63.9,No material anomaly signal detected.,Completed,RUN-20261008-254699
WS/MP18101/2025-2026/192389,V41,Madhya Pradesh,DAMOH,RAHUL SINGH LODHI,Normal/Others,,,Audit,1,23.53,Low,1,0,True,0,0,,,,False,False,False,False,,,259942.0,163058785.37,,,2025-09-28,,,,0,0.0,0,None,39.21,0.0,63.9,No material anomaly signal detected.,Completed,RUN-20261008-254699
WS/MP18101/2025-2026/192388,V41,Madhya Pradesh,DAMOH,RAHUL SINGH LODHI,Normal/Others,,,Audit,1,23.53,Low,1,0,True,0,0,,,,False,False,False,False,,,259942.0,163058785.37,,,2025-09-28,,,,0,0.0,0,None,39.21,0.0,63.9,No material anomaly signal detected.,Completed,RUN-20261008-254699
WS/MP18101/2025-2026/192387,V41,Madhya Pradesh,DAMOH,RAHUL SINGH LODHI,Normal/Others,,,Audit,1,23.53,Low,1,0,True,0,0,,,,False,False,False,False,,,259942.0,163058785.37,,,2025-09-28,,,,0,0.0,0,None,39.21,0.0,63.9,No material anomaly signal detected.,Completed,RUN-20261008-254699
WS/MP18101/2025-2026/192386,V41,Madhya Pradesh,DAMOH,RAHUL SINGH LODHI,Normal/Others,,,Audit,1,23.53,Low,1,0,True,0,0,,,,False,False,False,False,,,259942.0,163058785.37,,,2025-09-28,,,,0,0.0,0,None,39.21,0.0,63.9,No material anomaly signal detected.,Completed,RUN-20261008-254699
WS/MP18101/2025-2026/192385,V41,Madhya Pradesh,DAMOH,RAHUL SINGH LODHI,Normal/Others,,,Audit,1,23.53,Low,1,0,True,0,0,,,,False,False,False,False,,,259942.0,163058785.37,,,2025-09-28,,,,0,0.0,0,None,39.21,0.0,63.9,No material anomaly signal detected.,Completed,RUN-20261008-254699
WS/MP18101/2025-2026/192384,V41,Madhya Pradesh,DAMOH,RAHUL SINGH LODHI,Normal/Others,,,Audit,1,23.53,Low,1,0,True,0,0,,,,False,False,False,False,,,259942.0,163058785.37,,,2025-09-28,,,,0,0.0,0,None,39.21,0.0,63.9,No material anomaly signal detected.,Completed,RUN-20261008-254699
WS/MP18101/2025-2026/192382,V41,Madhya Pradesh,DAMOH,RAHUL SINGH LODHI,Normal/Others,,,Audit,1,23.53,Low,1,0,True,0,0,,,,False,False,False,False,,,259942.0,163058785.37,,,2025-09-28,,,,0,0.0,0,None,39.21,0.0,63.9,No material anomaly signal detected.,Completed,RUN-20261008-254699
WS/MP18101/2025-2026/192381,V41,Madhya Pradesh,DAMOH,RAHUL SINGH LODHI,Normal/Others,,,Audit,1,23.53,Low,1,0,True,0,0,,,,False,False,False,False,,,259942.0,163058785.37,,,2025-09-28,,,,0,0.0,0,None,39.21,0.0,63.9,No material anomaly signal detected.,Completed,RUN-20261008-254699
WS/MP18101/2025-2026/192371,V41,Madhya Pradesh,DAMOH,RAHUL SINGH LODHI,Normal/Others,,,Audit,1,23.53,Low,1,0,True,0,0,,,,False,False,False,False,,,259942.0,163058785.37,,,2025-09-28,,,,0,0.0,0,None,39.21,0.0,63.9,No material anomaly signal detected.,Completed,RUN-20261008-254699
WS/MP18101/2025-2026/192370,V41,Madhya Pradesh,DAMOH,RAHUL SINGH LODHI,Normal/Others,,,Audit,1,23.53,Low,1,0,True,0,0,,,,False,False,False,False,,,259942.0,163058785.37,,,2025-09-28,,,,0,0.0,0,None,39.21,0.0,63.9,No material anomaly signal detected.,Completed,RUN-20261008-254699
WS/MP18101/2025-2026/192369,V41,Madhya Pradesh,DAMOH,RAHUL SINGH LODHI,Normal/Others,,,Audit,1,23.53,Low,1,0,True,0,0,,,,False,False,False,False,,,259942.0,163058785.37,,,2025-09-28,,,,0,0.0,0,None,39.21,0.0,63.9,No material anomaly signal detected.,Completed,RUN-20261008-254699
WS/MP18101/2025-2026/192368,V41,Madhya Pradesh,DAMOH,RAHUL SINGH LODHI,Normal/Others,,,Audit,1,23.53,Low,1,0,True,0,0,,,,False,False,False,False,,,259942.0,163058785.37,,,2025-09-28,,,,0,0.0,0,None,39.21,0.0,63.9,No material anomaly signal detected.,Completed,RUN-20261008-254699
WS/MP18101/2025-2026/192365,V41,Madhya Pradesh,DAMOH,RAHUL SINGH LODHI,Normal/Others,,,Audit,1,23.53,Low,1,0,True,0,0,,,,False,False,False,False,,,259942.0,163058785.37,,,2025-09-28,,,,0,0.0,0,None,39.21,0.0,63.9,No material anomaly signal detected.,Completed,RUN-20261008-254699
WS/MP18101/2024-2025/163147,V41,Madhya Pradesh,DAMOH,RAHUL SINGH LODHI,Normal/Others,,,Audit,1,23.53,Low,1,0,True,0,0,,,,False,False,False,False,,,198724.0,163058785.37,,,2025-02-24,,,,0,0.0,0,None,39.21,0.0,63.9,No material anomaly signal detected.,Completed,RUN-20261008-254699
WS/MP18101/2025-2026/192361,V41,Madhya Pradesh,DAMOH,RAHUL SINGH LODHI,Normal/Others,,,Audit,1,23.53,Low,1,0,True,0,0,,,,False,False,False,False,,,259942.0,163058785.37,,,2025-09-30,,,,0,0.0,0,None,39.21,0.0,63.9,No material anomaly signal detected.,Completed,RUN-20261008-254699
WS/MP18101/2024-2025/163150,V41,Madhya Pradesh,DAMOH,RAHUL SINGH LODHI,Normal/Others,,,Audit,1,23.53,Low,1,0,True,0,0,,,,False,False,False,False,,,198724.0,163058785.37,,,2025-02-24,,,,0,0.0,0,None,39.21,0.0,63.9,No material anomaly signal detected.,Completed,RUN-20261008-254699
WS/MP18101/2024-2025/163177,V41,Madhya Pradesh,DAMOH,RAHUL SINGH LODHI,Normal/Others,,,Audit,1,23.53,Low,1,0,True,0,0,,,,False,False,False,False,,,198724.0,163058785.37,,,2025-02-24,,,,0,0.0,0,None,39.21,0.0,63.9,No material anomaly signal detected.,Completed,RUN-20261008-254699
WS/MP18101/2024-2025/163146,V41,Madhya Pradesh,DAMOH,RAHUL SINGH LODHI,Normal/Others,,,Audit,1,23.53,Low,1,0,True,0,0,,,,False,False,False,False,,,198724.0,163058785.37,,,2025-04-24,,,,0,0.0,0,None,39.21,0.0,63.9,No material anomaly signal detected.,Completed,RUN-20261008-254699
WS/MP18101/2024-2025/161345,V41,Madhya Pradesh,DAMOH,RAHUL SINGH LODHI,Normal/Others,,,Audit,1,23.53,Low,1,0,True,0,0,,,,False,False,False,False,,,198723.0,163058785.37,,,2025-06-24,,,,0,0.0,0,None,39.21,0.0,63.9,No material anomaly signal detected.,Completed,RUN-20261008-254699
WS/MP18101/2024-2025/153236,V41,Madhya Pradesh,DAMOH,RAHUL SINGH LODHI,Normal/Others,,,Audit,1,23.53,Low,1,0,True,0,0,,,,False,False,False,False,,,1000000.0,163058785.37,,,2026-03-02,,,,0,0.0,0,None,39.21,0.0,63.9,No material anomaly signal detected.,Completed,RUN-20261008-254699
WS/MP18101/2024-2025/163145,V41,Madhya Pradesh,DAMOH,RAHUL SINGH LODHI,Normal/Others,,,Audit,1,23.53,Low,1,0,True,0,0,,,,False,False,False,False,,,198724.0,163058785.37,,,2025-04-24,,,,0,0.0,0,None,39.21,0.0,63.9,No material anomaly signal detected.,Completed,RUN-20261008-254699
WS/MP18101/2024-2025/154658,V41,Madhya Pradesh,DAMOH,RAHUL SINGH LODHI,Normal/Others,,,Audit,1,23.53,Low,1,0,True,0,0,,,,False,False,False,False,,,198723.0,163058785.37,,,2025-07-15,,,,0,0.0,0,None,39.21,0.0,63.9,No material anomaly signal detected.,Completed,RUN-20261008-254699
WS/MP18101/2024-2025/154663,V41,Madhya Pradesh,DAMOH,RAHUL SINGH LODHI,Normal/Others,,,Audit,1,23.53,Low,1,0,True,0,0,,,,False,False,False,False,,,198723.0,163058785.37,,,2025-07-15,,,,0,0.0,0,None,39.21,0.0,63.9,No material anomaly signal detected.,Completed,RUN-20261008-254699
WS/MP18101/2024-2025/154670,V41,Madhya Pradesh,DAMOH,RAHUL SINGH LODHI,Normal/Others,,,Audit,1,23.53,Low,1,0,True,0,0,,,,False,False,False,False,,,198723.0,163058785.37,,,2025-07-15,,,,0,0.0,0,None,39.21,0.0,63.9,No material anomaly signal detected.,Completed,RUN-20261008-254699
WS/MP18101/2024-2025/154672,V41,Madhya Pradesh,DAMOH,RAHUL SINGH LODHI,Normal/Others,,,Audit,1,23.53,Low,1,0,True,0,0,,,,False,False,False,False,,,198723.0,163058785.37,,,2025-07-15,,,,0,0.0,0,None,39.21,0.0,63.9,No material anomaly signal detected.,Completed,RUN-20261008-254699
WS/MP18101/2024-2025/154676,V41,Madhya Pradesh,DAMOH,RAHUL SINGH LODHI,Normal/Others,,,Audit,1,23.53,Low,1,0,True,0,0,,,,False,False,False,False,,,198723.0,163058785.37,,,2025-07-15,,,,0,0.0,0,None,39.21,0.0,63.9,No material anomaly signal detected.,Completed,RUN-20261008-254699
WS/MP18101/2024-2025/154680,V41,Madhya Pradesh,DAMOH,RAHUL SINGH LODHI,Normal/Others,,,Audit,1,23.53,Low,1,0,True,0,0,,,,False,False,False,False,,,198723.0,163058785.37,,,2025-07-15,,,,0,0.0,0,None,39.21,0.0,63.9,No material anomaly signal detected.,Completed,RUN-20261008-254699
WS/MP18101/2024-2025/160880,V41,Madhya Pradesh,DAMOH,RAHUL SINGH LODHI,Normal/Others,,,Audit,1,23.53,Low,1,0,True,0,0,,,,False,False,False,False,,,1200000.0,163058785.37,,,2025-02-10,,,,0,0.0,0,None,39.21,0.0,63.9,No material anomaly signal detected.,Completed,RUN-20261008-254699
WS/MP18101/2024-2025/161328,V41,Madhya Pradesh,DAMOH,RAHUL SINGH LODHI,Normal/Others,,,Audit,1,23.53,Low,1,0,True,0,0,,,,False,False,False,False,,,1000000.0,163058785.37,,,2026-03-31,,,,0,0.0,0,None,39.21,0.0,63.9,No material anomaly signal detected.,Completed,RUN-20261008-254699
WS/MP18101/2024-2025/161335,V41,Madhya Pradesh,DAMOH,RAHUL SINGH LODHI,Normal/Others,,,Audit,1,23.53,Low,1,0,True,0,0,,,,False,False,False,False,,,198723.0,163058785.37,,,2025-06-24,,,,0,0.0,0,None,39.21,0.0,63.9,No material anomaly signal detected.,Completed,RUN-20261008-254699
WS/MP18101/2024-2025/161338,V41,Madhya Pradesh,DAMOH,RAHUL SINGH LODHI,Normal/Others,,,Audit,1,23.53,Low,1,0,True,0,0,,,,False,False,False,False,,,198723.0,163058785.37,,,2025-06-24,,,,0,0.0,0,None,39.21,0.0,63.9,No material anomaly signal detected.,Completed,RUN-20261008-254699
WS/MP18101/2024-2025/161343,V41,Madhya Pradesh,DAMOH,RAHUL SINGH LODHI,Normal/Others,,,Audit,1,23.53,Low,1,0,True,0,0,,,,False,False,False,False,,,198723.0,163058785.37,,,2025-06-24,,,,0,0.0,0,None,39.21,0.0,63.9,No material anomaly signal detected.,Completed,RUN-20261008-254699
WS/MP18101/2024-2025/154656,V41,Madhya Pradesh,DAMOH,RAHUL SINGH LODHI,Normal/Others,,,Audit,1,23.53,Low,1,0,True,0,0,,,,False,False,False,False,,,198723.0,163058785.37,,,2025-07-15,,,,0,0.0,0,None,39.21,0.0,63.9,No material anomaly signal detected.,Completed,RUN-20261008-254699
WS/MP18101/2024-2025/161346,V41,Madhya Pradesh,DAMOH,RAHUL SINGH LODHI,Normal/Others,,,Audit,1,23.53,Low,1,0,True,0,0,,,,False,False,False,False,,,198723.0,163058785.37,,,2025-06-24,,,,0,0.0,0,None,39.21,0.0,63.9,No material anomaly signal detected.,Completed,RUN-20261008-254699
WS/MP18101/2024-2025/163138,V41,Madhya Pradesh,DAMOH,RAHUL SINGH LODHI,Normal/Others,,,Audit,1,23.53,Low,1,0,True,0,0,,,,False,False,False,False,,,198724.0,163058785.37,,,2025-04-24,,,,0,0.0,0,None,39.21,0.0,63.9,No material anomaly signal detected.,Completed,RUN-20261008-254699
WS/MP18101/2024-2025/161348,V41,Madhya Pradesh,DAMOH,RAHUL SINGH LODHI,Normal/Others,,,Audit,1,23.53,Low,1,0,True,0,0,,,,False,False,False,False,,,198723.0,163058785.37,,,2025-06-24,,,,0,0.0,0,None,39.21,0.0,63.9,No material anomaly signal detected.,Completed,RUN-20261008-254699
WS/MP18101/2024-2025/163143,V41,Madhya Pradesh,DAMOH,RAHUL SINGH LODHI,Normal/Others,,,Audit,1,23.53,Low,1,0,True,0,0,,,,False,False,False,False,,,198724.0,163058785.37,,,2025-04-24,,,,0,0.0,0,None,39.21,0.0,63.9,No material anomaly signal detected.,Completed,RUN-20261008-254699
WS/MP18101/2024-2025/163141,V41,Madhya Pradesh,DAMOH,RAHUL SINGH LODHI,Normal/Others,,,Audit,1,23.53,Low,1,0,True,0,0,,,,False,False,False,False,,,198724.0,163058785.37,,,2025-04-24,,,,0,0.0,0,None,39.21,0.0,63.9,No material anomaly signal detected.,Completed,RUN-20261008-254699
WS/MP18101/2024-2025/163140,V41,Madhya Pradesh,DAMOH,RAHUL SINGH LODHI,Normal/Others,,,Audit,1,23.53,Low,1,0,True,0,0,,,,False,False,False,False,,,198724.0,163058785.37,,,2025-04-24,,,,0,0.0,0,None,39.21,0.0,63.9,No material anomaly signal detected.,Completed,RUN-20261008-254699
WS/MP18101/2024-2025/163139,V41,Madhya Pradesh,DAMOH,RAHUL SINGH LODHI,Normal/Others,,,Audit,1,23.53,Low,1,0,True,0,0,,,,False,False,False,False,,,198724.0,163058785.37,,,2025-04-24,,,,0,0.0,0,None,39.21,0.0,63.9,No material anomaly signal detected.,Completed,RUN-20261008-254699
WS/MP18101/2024-2025/163144,V41,Madhya Pradesh,DAMOH,RAHUL SINGH LODHI,Normal/Others,,,Audit,1,23.53,Low,1,0,True,0,0,,,,False,False,False,False,,,198724.0,163058785.37,,,2025-04-24,,,,0,0.0,0,None,39.21,0.0,63.9,No material anomaly signal detected.,Completed,RUN-20261008-254699
WS/MP18101/2024-2025/163122,V41,Madhya Pradesh,DAMOH,RAHUL SINGH LODHI,Normal/Others,,,Audit,1,23.53,Low,1,0,True,0,0,,,,False,False,False,False,,,500000.0,163058785.37,,,2025-07-28,,,,0,0.0,0,None,39.21,0.0,63.9,No material anomaly signal detected.,Completed,RUN-20261008-254699
WS/MP18101/2024-2025/161365,V41,Madhya Pradesh,DAMOH,RAHUL SINGH LODHI,Normal/Others,,,Audit,1,23.53,Low,1,0,True,0,0,,,,False,False,False,False,,,198723.0,163058785.37,,,2025-06-24,,,,0,0.0,0,None,39.21,0.0,63.9,No material anomaly signal detected.,Completed,RUN-20261008-254699
WS/MP18101/2024-2025/161363,V41,Madhya Pradesh,DAMOH,RAHUL SINGH LODHI,Normal/Others,,,Audit,1,23.53,Low,1,0,True,0,0,,,,False,False,False,False,,,198723.0,163058785.37,,,2025-06-24,,,,0,0.0,0,None,39.21,0.0,63.9,No material anomaly signal detected.,Completed,RUN-20261008-254699
WS/MP18101/2024-2025/161352,V41,Madhya Pradesh,DAMOH,RAHUL SINGH LODHI,Normal/Others,,,Audit,1,23.53,Low,1,0,True,0,0,,,,False,False,False,False,,,198723.0,163058785.37,,,2025-06-24,,,,0,0.0,0,None,39.21,0.0,63.9,No material anomaly signal detected.,Completed,RUN-20261008-254699
WS/MP18101/2024-2025/161366,V41,Madhya Pradesh,DAMOH,RAHUL SINGH LODHI,Normal/Others,,,Audit,1,23.53,Low,1,0,True,0,0,,,,False,False,False,False,,,198723.0,163058785.37,,,2025-06-24,,,,0,0.0,0,None,39.21,0.0,63.9,No material anomaly signal detected.,Completed,RUN-20261008-254699
WS/MP446/2024-2025/156588,V41,Madhya Pradesh,KHAJURAHO,Vishnu Dutt Sharma,Normal/Others,,,Audit,1,22.67,Low,1,0,True,0,0,,,,False,False,False,False,,,2422881.0,147000000.0,,,2025-03-22,,,,0,0.0,0,None,37.79,0.0,61.5,No material anomaly signal detected.,Completed,RUN-20261008-254699
WS/MP18375/2025-2026/187755,V41,Madhya Pradesh,VIDISHA,SHIVRAJ SINGH CHOUHAN,Normal/Others,,,Audit,1,22.67,Low,1,0,True,0,0,,,,False,False,False,False,,,600000.0,147000000.0,,,2025-10-17,,,,0,0.0,0,None,37.79,0.0,61.5,No material anomaly signal detected.,Completed,RUN-20261008-254699
WS/MP18375/2025-2026/187749,V41,Madhya Pradesh,VIDISHA,SHIVRAJ SINGH CHOUHAN,Normal/Others,,,Audit,1,22.67,Low,1,0,True,0,0,,,,False,False,False,False,,,600000.0,147000000.0,,,2025-12-22,,,,0,0.0,0,None,37.79,0.0,61.5,No material anomaly signal detected.,Completed,RUN-20261008-254699
WS/MP18099/2025-2026/175752,V41,Madhya Pradesh,BHOPAL,ALOK SHARMA,Normal/Others,,,Audit,1,22.67,Low,1,0,True,0,0,,,,False,False,False,False,,,498098.0,147000000.0,,,2026-08-04,,,,0,0.0,0,None,37.79,0.0,61.5,No material anomaly signal detected.,Completed,RUN-20261008-254699
WS/MP446/2025-2026/156589,V41,Madhya Pradesh,KHAJURAHO,Vishnu Dutt Sharma,Normal/Others,,,Audit,1,22.67,Low,1,0,True,0,0,,,,False,False,False,False,,,987066.0,147000000.0,,,2025-05-30,,,,0,0.0,0,None,37.79,0.0,61.5,No material anomaly signal detected.,Completed,RUN-20261008-254699
WS/MP18105/2025-2026/185680,V41,Madhya Pradesh,JABALPUR,ASHISH DUBEY,Normal/Others,,,Audit,1,22.67,Low,1,0,True,0,0,,,,False,False,False,False,,,221840.0,147000000.0,,,2026-02-05,,,,0,0.0,0,None,37.79,0.0,61.5,No material anomaly signal detected.,Completed,RUN-20261008-254699
WS/MP18099/2025-2026/233295,V41,Madhya Pradesh,BHOPAL,ALOK SHARMA,Normal/Others,,,Audit,1,22.67,Low,1,0,True,0,0,,,,False,False,False,False,,,910000.0,147000000.0,,,2026-02-04,,,,0,0.0,0,None,37.79,0.0,61.5,No material anomaly signal detected.,Completed,RUN-20261008-254699
WS/MP653/2025-2026/189550,V41,Madhya Pradesh,DEWAS(SC),Mahendra Singh Solanky,Normal/Others,,,Audit,1,22.67,Low,1,0,True,0,0,,,,False,False,False,False,,,1000000.0,147000000.0,,,2025-11-14,,,,0,0.0,0,None,37.79,0.0,61.5,No material anomaly signal detected.,Completed,RUN-20261008-254699
WS/MP653/2025-2026/190023,V41,Madhya Pradesh,DEWAS(SC),Mahendra Singh Solanky,Normal/Others,,,Audit,1,22.67,Low,1,0,True,0,0,,,,False,False,False,False,,,500000.0,147000000.0,,,2026-02-20,,,,0,0.0,0,None,37.79,0.0,61.5,No material anomaly signal detected.,Completed,RUN-20261008-254699
WS/MP653/2025-2026/190149,V41,Madhya Pradesh,DEWAS(SC),Mahendra Singh Solanky,Normal/Others,,,Audit,1,22.67,Low,1,0,True,0,0,,,,False,False,False,False,,,500000.0,147000000.0,,,2026-01-08,,,,0,0.0,0,None,37.79,0.0,61.5,No material anomaly signal detected.,Completed,RUN-20261008-254699
WS/MP18375/2025-2026/187770,V41,Madhya Pradesh,VIDISHA,SHIVRAJ SINGH CHOUHAN,Normal/Others,,,Audit,1,22.67,Low,1,0,True,0,0,,,,False,False,False,False,,,500000.0,147000000.0,,,2026-02-26,,,,0,0.0,0,None,37.79,0.0,61.5,No material anomaly signal detected.,Completed,RUN-20261008-254699
WS/MP653/2025-2026/199612,V41,Madhya Pradesh,DEWAS(SC),Mahendra Singh Solanky,Normal/Others,,,Audit,1,22.67,Low,1,0,True,0,0,,,,False,False,False,False,,,500000.0,147000000.0,,,2026-04-15,,,,0,0.0,0,None,37.79,0.0,61.5,No material anomaly signal detected.,Completed,RUN-20261008-254699
WS/MP18375/2025-2026/187761,V41,Madhya Pradesh,VIDISHA,SHIVRAJ SINGH CHOUHAN,Normal/Others,,,Audit,1,22.67,Low,1,0,True,0,0,,,,False,False,False,False,,,1250000.0,147000000.0,,,2025-11-14,,,,0,0.0,0,None,37.79,0.0,61.5,No material anomaly signal detected.,Completed,RUN-20261008-254699
WS/MP18099/2025-2026/175750,V41,Madhya Pradesh,BHOPAL,ALOK SHARMA,Normal/Others,,,Audit,1,22.67,Low,1,0,True,0,0,,,,False,False,False,False,,,498098.0,147000000.0,,,2026-08-04,,,,0,0.0,0,None,37.79,0.0,61.5,No material anomaly signal detected.,Completed,RUN-20261008-254699
WS/MP18375/2025-2026/187777,V41,Madhya Pradesh,VIDISHA,SHIVRAJ SINGH CHOUHAN,Normal/Others,,,Audit,1,22.67,Low,1,0,True,0,0,,,,False,False,False,False,,,445000.0,147000000.0,,,2026-02-13,,,,0,0.0,0,None,37.79,0.0,61.5,No material anomaly signal detected.,Completed,RUN-20261008-254699
WS/MP18375/2025-2026/187778,V41,Madhya Pradesh,VIDISHA,SHIVRAJ SINGH CHOUHAN,Normal/Others,,,Audit,1,22.67,Low,1,0,True,0,0,,,,False,False,False,False,,,500000.0,147000000.0,,,2026-02-13,,,,0,0.0,0,None,37.79,0.0,61.5,No material anomaly signal detected.,Completed,RUN-20261008-254699
WS/MP18375/2025-2026/187779,V41,Madhya Pradesh,VIDISHA,SHIVRAJ SINGH CHOUHAN,Normal/Others,,,Audit,1,22.67,Low,1,0,True,0,0,,,,False,False,False,False,,,500000.0,147000000.0,,,2026-04-09,,,,0,0.0,0,None,37.79,0.0,61.5,No material anomaly signal detected.,Completed,RUN-20261008-254699
WS/MP18375/2025-2026/187780,V41,Madhya Pradesh,VIDISHA,SHIVRAJ SINGH CHOUHAN,Normal/Others,,,Audit,1,22.67,Low,1,0,True,0,0,,,,False,False,False,False,,,500000.0,147000000.0,,,2025-10-30,,,,0,0.0,0,None,37.79,0.0,61.5,No material anomaly signal detected.,Completed,RUN-20261008-254699
WS/MP18375/2025-2026/187782,V41,Madhya Pradesh,VIDISHA,SHIVRAJ SINGH CHOUHAN,Normal/Others,,,Audit,1,22.67,Low,1,0,True,0,0,,,,False,False,False,False,,,298125.0,147000000.0,,,2025-10-30,,,,0,0.0,0,None,37.79,0.0,61.5,No material anomaly signal detected.,Completed,RUN-20261008-254699
WS/MP18099/2025-2026/175751,V41,Madhya Pradesh,BHOPAL,ALOK SHARMA,Normal/Others,,,Audit,1,22.67,Low,1,0,True,0,0,,,,False,False,False,False,,,498098.0,147000000.0,,,2026-08-04,,,,0,0.0,0,None,37.79,0.0,61.5,No material anomaly signal detected.,Completed,RUN-20261008-254699
WS/MP18099/2025-2026/175749,V41,Madhya Pradesh,BHOPAL,ALOK SHARMA,Normal/Others,,,Audit,1,22.67,Low,1,0,True,0,0,,,,False,False,False,False,,,498098.0,147000000.0,,,2026-08-04,,,,0,0.0,0,None,37.79,0.0,61.5,No material anomaly signal detected.,Completed,RUN-20261008-254699
WS/MP18099/2025-2026/175748,V41,Madhya Pradesh,BHOPAL,ALOK SHARMA,Normal/Others,,,Audit,1,22.67,Low,1,0,True,0,0,,,,False,False,False,False,,,498098.0,147000000.0,,,2026-08-04,,,,0,0.0,0,None,37.79,0.0,61.5,No material anomaly signal detected.,Completed,RUN-20261008-254699
WS/MP18099/2025-2026/175747,V41,Madhya Pradesh,BHOPAL,ALOK SHARMA,Normal/Others,,,Audit,1,22.67,Low,1,0,True,0,0,,,,False,False,False,False,,,498098.0,147000000.0,,,2026-08-04,,,,0,0.0,0,None,37.79,0.0,61.5,No material anomaly signal detected.,Completed,RUN-20261008-254699
WS/MP18099/2025-2026/175746,V41,Madhya Pradesh,BHOPAL,ALOK SHARMA,Normal/Others,,,Audit,1,22.67,Low,1,0,True,0,0,,,,False,False,False,False,,,498098.0,147000000.0,,,2026-08-04,,,,0,0.0,0,None,37.79,0.0,61.5,No material anomaly signal detected.,Completed,RUN-20261008-254699
WS/MP18099/2025-2026/175745,V41,Madhya Pradesh,BHOPAL,ALOK SHARMA,Normal/Others,,,Audit,1,22.67,Low,1,0,True,0,0,,,,False,False,False,False,,,498098.0,147000000.0,,,2026-08-04,,,,0,0.0,0,None,37.79,0.0,61.5,No material anomaly signal detected.,Completed,RUN-20261008-254699
WS/MP18099/2025-2026/175744,V41,Madhya Pradesh,BHOPAL,ALOK SHARMA,Normal/Others,,,Audit,1,22.67,Low,1,0,True,0,0,,,,False,False,False,False,,,498098.0,147000000.0,,,2026-08-04,,,,0,0.0,0,None,37.79,0.0,61.5,No material anomaly signal detected.,Completed,RUN-20261008-254699
WS/MP653/2025-2026/230472,V41,Madhya Pradesh,DEWAS(SC),Mahendra Singh Solanky,Normal/Others,,,Audit,1,22.67,Low,1,0,True,0,0,,,,False,False,False,False,,,500000.0,147000000.0,,,2026-05-13,,,,0,0.0,0,None,37.79,0.0,61.5,No material anomaly signal detected.,Completed,RUN-20261008-254699
WS/MP653/2025-2026/203609,V41,Madhya Pradesh,DEWAS(SC),Mahendra Singh Solanky,Normal/Others,,,Audit,1,22.67,Low,1,0,True,0,0,,,,False,False,False,False,,,1200000.0,147000000.0,,,2026-02-12,,,,0,0.0,0,None,37.79,0.0,61.5,No material anomaly signal detected.,Completed,RUN-20261008-254699
WS/MP18099/2025-2026/175753,V41,Madhya Pradesh,BHOPAL,ALOK SHARMA,Normal/Others,,,Audit,1,22.67,Low,1,0,True,0,0,,,,False,False,False,False,,,498098.0,147000000.0,,,2026-08-04,,,,0,0.0,0,None,37.79,0.0,61.5,No material anomaly signal detected.,Completed,RUN-20261008-254699
WS/MP653/2025-2026/230475,V41,Madhya Pradesh,DEWAS(SC),Mahendra Singh Solanky,Normal/Others,,,Audit,1,22.67,Low,1,0,True,0,0,,,,False,False,False,False,,,500000.0,147000000.0,,,2026-03-16,,,,0,0.0,0,None,37.79,0.0,61.5,No material anomaly signal detected.,Completed,RUN-20261008-254699
WS/MP444/2025-2026/200246,V41,Madhya Pradesh,BETUL(ST),Durga Das Uikey,Normal/Others,,,Audit,1,21.7,Low,1,0,True,0,0,,,,False,False,False,False,,,259942.0,151569502.91,,,2026-01-07,,,,0,0.0,0,None,36.16,0.0,63.9,No material anomaly signal detected.,Completed,RUN-20261008-254699
WS/MP444/2025-2026/200260,V41,Madhya Pradesh,BETUL(ST),Durga Das Uikey,Normal/Others,,,Audit,1,21.7,Low,1,0,True,0,0,,,,False,False,False,False,,,364247.0,151569502.91,,,2026-02-05,,,,0,0.0,0,None,36.16,0.0,63.9,No material anomaly signal detected.,Completed,RUN-20261008-254699
WS/MP444/2025-2026/200259,V41,Madhya Pradesh,BETUL(ST),Durga Das Uikey,Normal/Others,,,Audit,1,21.7,Low,1,0,True,0,0,,,,False,False,False,False,,,364247.0,151569502.91,,,2026-02-05,,,,0,0.0,0,None,36.16,0.0,63.9,No material anomaly signal detected.,Completed,RUN-20261008-254699
WS/MP444/2025-2026/200258,V41,Madhya Pradesh,BETUL(ST),Durga Das Uikey,Normal/Others,,,Audit,1,21.7,Low,1,0,True,0,0,,,,False,False,False,False,,,364247.0,151569502.91,,,2026-02-05,,,,0,0.0,0,None,36.16,0.0,63.9,No material anomaly signal detected.,Completed,RUN-20261008-254699
WS/MP444/2025-2026/200257,V41,Madhya Pradesh,BETUL(ST),Durga Das Uikey,Normal/Others,,,Audit,1,21.7,Low,1,0,True,0,0,,,,False,False,False,False,,,364247.0,151569502.91,,,2026-02-05,,,,0,0.0,0,None,36.16,0.0,63.9,No material anomaly signal detected.,Completed,RUN-20261008-254699
WS/MP444/2025-2026/200253,V41,Madhya Pradesh,BETUL(ST),Durga Das Uikey,Normal/Others,,,Audit,1,21.7,Low,1,0,True,0,0,,,,False,False,False,False,,,259942.0,151569502.91,,,2026-01-08,,,,0,0.0,0,None,36.16,0.0,63.9,No material anomaly signal detected.,Completed,RUN-20261008-254699
WS/MP444/2025-2026/200252,V41,Madhya Pradesh,BETUL(ST),Durga Das Uikey,Normal/Others,,,Audit,1,21.7,Low,1,0,True,0,0,,,,False,False,False,False,,,259942.0,151569502.91,,,2026-01-08,,,,0,0.0,0,None,36.16,0.0,63.9,No material anomaly signal detected.,Completed,RUN-20261008-254699
WS/MP444/2025-2026/200251,V41,Madhya Pradesh,BETUL(ST),Durga Das Uikey,Normal/Others,,,Audit,1,21.7,Low,1,0,True,0,0,,,,False,False,False,False,,,259942.0,151569502.91,,,2026-01-08,,,,0,0.0,0,None,36.16,0.0,63.9,No material anomaly signal detected.,Completed,RUN-20261008-254699
WS/MP444/2025-2026/200250,V41,Madhya Pradesh,BETUL(ST),Durga Das Uikey,Normal/Others,,,Audit,1,21.7,Low,1,0,True,0,0,,,,False,False,False,False,,,259942.0,151569502.91,,,2026-03-10,,,,0,0.0,0,None,36.16,0.0,63.9,No material anomaly signal detected.,Completed,RUN-20261008-254699
WS/MP444/2025-2026/200249,V41,Madhya Pradesh,BETUL(ST),Durga Das Uikey,Normal/Others,,,Audit,1,21.7,Low,1,0,True,0,0,,,,False,False,False,False,,,259942.0,151569502.91,,,2026-01-07,,,,0,0.0,0,None,36.16,0.0,63.9,No material anomaly signal detected.,Completed,RUN-20261008-254699
WS/MP444/2025-2026/200248,V41,Madhya Pradesh,BETUL(ST),Durga Das Uikey,Normal/Others,,,Audit,1,21.7,Low,1,0,True,0,0,,,,False,False,False,False,,,259942.0,151569502.91,,,2026-01-07,,,,0,0.0,0,None,36.16,0.0,63.9,No material anomaly signal detected.,Completed,RUN-20261008-254699
WS/MP444/2025-2026/200247,V41,Madhya Pradesh,BETUL(ST),Durga Das Uikey,Normal/Others,,,Audit,1,21.7,Low,1,0,True,0,0,,,,False,False,False,False,,,259942.0,151569502.91,,,2026-01-07,,,,0,0.0,0,None,36.16,0.0,63.9,No material anomaly signal detected.,Completed,RUN-20261008-254699
WS/MP444/2025-2026/200245,V41,Madhya Pradesh,BETUL(ST),Durga Das Uikey,Normal/Others,,,Audit,1,21.7,Low,1,0,True,0,0,,,,False,False,False,False,,,259942.0,151569502.91,,,2026-01-08,,,,0,0.0,0,None,36.16,0.0,63.9,No material anomaly signal detected.,Completed,RUN-20261008-254699
WS/MP444/2025-2026/199984,V41,Madhya Pradesh,BETUL(ST),Durga Das Uikey,Normal/Others,,,Audit,1,21.7,Low,1,0,True,0,0,,,,False,False,False,False,,,259942.0,151569502.91,,,2026-01-21,,,,0,0.0,0,None,36.16,0.0,63.9,No material anomaly signal detected.,Completed,RUN-20261008-254699
WS/MP444/2025-2026/200244,V41,Madhya Pradesh,BETUL(ST),Durga Das Uikey,Normal/Others,,,Audit,1,21.7,Low,1,0,True,0,0,,,,False,False,False,False,,,259942.0,151569502.91,,,2026-01-08,,,,0,0.0,0,None,36.16,0.0,63.9,No material anomaly signal detected.,Completed,RUN-20261008-254699
WS/MP444/2025-2026/200243,V41,Madhya Pradesh,BETUL(ST),Durga Das Uikey,Normal/Others,,,Audit,1,21.7,Low,1,0,True,0,0,,,,False,False,False,False,,,259942.0,151569502.91,,,2026-01-08,,,,0,0.0,0,None,36.16,0.0,63.9,No material anomaly signal detected.,Completed,RUN-20261008-254699
WS/MP444/2025-2026/200242,V41,Madhya Pradesh,BETUL(ST),Durga Das Uikey,Normal/Others,,,Audit,1,21.7,Low,1,0,True,0,0,,,,False,False,False,False,,,259942.0,151569502.91,,,2026-01-07,,,,0,0.0,0,None,36.16,0.0,63.9,No material anomaly signal detected.,Completed,RUN-20261008-254699
WS/MP444/2025-2026/200237,V41,Madhya Pradesh,BETUL(ST),Durga Das Uikey,Normal/Others,,,Audit,1,21.7,Low,1,0,True,0,0,,,,False,False,False,False,,,259942.0,151569502.91,,,2026-03-10,,,,0,0.0,0,None,36.16,0.0,63.9,No material anomaly signal detected.,Completed,RUN-20261008-254699
WS/MP444/2025-2026/200236,V41,Madhya Pradesh,BETUL(ST),Durga Das Uikey,Normal/Others,,,Audit,1,21.7,Low,1,0,True,0,0,,,,False,False,False,False,,,259942.0,151569502.91,,,2026-03-10,,,,0,0.0,0,None,36.16,0.0,63.9,No material anomaly signal detected.,Completed,RUN-20261008-254699
WS/MP444/2025-2026/200235,V41,Madhya Pradesh,BETUL(ST),Durga Das Uikey,Normal/Others,,,Audit,1,21.7,Low,1,0,True,0,0,,,,False,False,False,False,,,259942.0,151569502.91,,,2026-03-10,,,,0,0.0,0,None,36.16,0.0,63.9,No material anomaly signal detected.,Completed,RUN-20261008-254699
WS/MP444/2025-2026/199991,V41,Madhya Pradesh,BETUL(ST),Durga Das Uikey,Normal/Others,,,Audit,1,21.7,Low,1,0,True,0,0,,,,False,False,False,False,,,259942.0,151569502.91,,,2026-01-21,,,,0,0.0,0,None,36.16,0.0,63.9,No material anomaly signal detected.,Completed,RUN-20261008-254699
WS/MP444/2025-2026/199990,V41,Madhya Pradesh,BETUL(ST),Durga Das Uikey,Normal/Others,,,Audit,1,21.7,Low,1,0,True,0,0,,,,False,False,False,False,,,259942.0,151569502.91,,,2026-01-21,,,,0,0.0,0,None,36.16,0.0,63.9,No material anomaly signal detected.,Completed,RUN-20261008-254699
WS/MP444/2025-2026/199989,V41,Madhya Pradesh,BETUL(ST),Durga Das Uikey,Normal/Others,,,Audit,1,21.7,Low,1,0,True,0,0,,,,False,False,False,False,,,259942.0,151569502.91,,,2026-01-06,,,,0,0.0,0,None,36.16,0.0,63.9,No material anomaly signal detected.,Completed,RUN-20261008-254699
WS/MP444/2025-2026/199988,V41,Madhya Pradesh,BETUL(ST),Durga Das Uikey,Normal/Others,,,Audit,1,21.7,Low,1,0,True,0,0,,,,False,False,False,False,,,259942.0,151569502.91,,,2026-01-21,,,,0,0.0,0,None,36.16,0.0,63.9,No material anomaly signal detected.,Completed,RUN-20261008-254699
WS/MP444/2025-2026/199987,V41,Madhya Pradesh,BETUL(ST),Durga Das Uikey,Normal/Others,,,Audit,1,21.7,Low,1,0,True,0,0,,,,False,False,False,False,,,259942.0,151569502.91,,,2026-01-21,,,,0,0.0,0,None,36.16,0.0,63.9,No material anomaly signal detected.,Completed,RUN-20261008-254699
WS/MP444/2025-2026/200261,V41,Madhya Pradesh,BETUL(ST),Durga Das Uikey,Normal/Others,,,Audit,1,21.7,Low,1,0,True,0,0,,,,False,False,False,False,,,364247.0,151569502.91,,,2026-02-05,,,,0,0.0,0,None,36.16,0.0,63.9,No material anomaly signal detected.,Completed,RUN-20261008-254699
WS/MP444/2025-2026/200262,V41,Madhya Pradesh,BETUL(ST),Durga Das Uikey,Normal/Others,,,Audit,1,21.7,Low,1,0,True,0,0,,,,False,False,False,False,,,364247.0,151569502.91,,,2026-02-05,,,,0,0.0,0,None,36.16,0.0,63.9,No material anomaly signal detected.,Completed,RUN-20261008-254699
WS/MP444/2025-2026/200263,V41,Madhya Pradesh,BETUL(ST),Durga Das Uikey,Normal/Others,,,Audit,1,21.7,Low,1,0,True,0,0,,,,False,False,False,False,,,364247.0,151569502.91,,,2026-02-05,,,,0,0.0,0,None,36.16,0.0,63.9,No material anomaly signal detected.,Completed,RUN-20261008-254699
WS/MP444/2025-2026/200264,V41,Madhya Pradesh,BETUL(ST),Durga Das Uikey,Normal/Others,,,Audit,1,21.7,Low,1,0,True,0,0,,,,False,False,False,False,,,364247.0,151569502.91,,,2026-02-05,,,,0,0.0,0,None,36.16,0.0,63.9,No material anomaly signal detected.,Completed,RUN-20261008-254699
WS/MP444/2025-2026/200295,V41,Madhya Pradesh,BETUL(ST),Durga Das Uikey,Normal/Others,,,Audit,1,21.7,Low,1,0,True,0,0,,,,False,False,False,False,,,190930.0,151569502.91,,,2026-02-18,,,,0,0.0,0,None,36.16,0.0,63.9,No material anomaly signal detected.,Completed,RUN-20261008-254699
WS/MP444/2025-2026/200293,V41,Madhya Pradesh,BETUL(ST),Durga Das Uikey,Normal/Others,,,Audit,1,21.7,Low,1,0,True,0,0,,,,False,False,False,False,,,190930.0,151569502.91,,,2026-02-18,,,,0,0.0,0,None,36.16,0.0,63.9,No material anomaly signal detected.,Completed,RUN-20261008-254699
WS/MP444/2025-2026/200292,V41,Madhya Pradesh,BETUL(ST),Durga Das Uikey,Normal/Others,,,Audit,1,21.7,Low,1,0,True,0,0,,,,False,False,False,False,,,190930.0,151569502.91,,,2026-02-18,,,,0,0.0,0,None,36.16,0.0,63.9,No material anomaly signal detected.,Completed,RUN-20261008-254699
WS/MP444/2025-2026/200291,V41,Madhya Pradesh,BETUL(ST),Durga Das Uikey,Normal/Others,,,Audit,1,21.7,Low,1,0,True,0,0,,,,False,False,False,False,,,190930.0,151569502.91,,,2026-02-18,,,,0,0.0,0,None,36.16,0.0,63.9,No material anomaly signal detected.,Completed,RUN-20261008-254699
WS/MP444/2025-2026/200290,V41,Madhya Pradesh,BETUL(ST),Durga Das Uikey,Normal/Others,,,Audit,1,21.7,Low,1,0,True,0,0,,,,False,False,False,False,,,190930.0,151569502.91,,,2026-02-18,,,,0,0.0,0,None,36.16,0.0,63.9,No material anomaly signal detected.,Completed,RUN-20261008-254699
WS/MP444/2025-2026/200289,V41,Madhya Pradesh,BETUL(ST),Durga Das Uikey,Normal/Others,,,Audit,1,21.7,Low,1,0,True,0,0,,,,False,False,False,False,,,190930.0,151569502.91,,,2026-02-18,,,,0,0.0,0,None,36.16,0.0,63.9,No material anomaly signal detected.,Completed,RUN-20261008-254699
WS/MP444/2025-2026/200288,V41,Madhya Pradesh,BETUL(ST),Durga Das Uikey,Normal/Others,,,Audit,1,21.7,Low,1,0,True,0,0,,,,False,False,False,False,,,190930.0,151569502.91,,,2026-02-18,,,,0,0.0,0,None,36.16,0.0,63.9,No material anomaly signal detected.,Completed,RUN-20261008-254699
WS/MP444/2025-2026/200287,V41,Madhya Pradesh,BETUL(ST),Durga Das Uikey,Normal/Others,,,Audit,1,21.7,Low,1,0,True,0,0,,,,False,False,False,False,,,190930.0,151569502.91,,,2026-02-18,,,,0,0.0,0,None,36.16,0.0,63.9,No material anomaly signal detected.,Completed,RUN-20261008-254699
WS/MP444/2025-2026/200286,V41,Madhya Pradesh,BETUL(ST),Durga Das Uikey,Normal/Others,,,Audit,1,21.7,Low,1,0,True,0,0,,,,False,False,False,False,,,190930.0,151569502.91,,,2026-02-18,,,,0,0.0,0,None,36.16,0.0,63.9,No material anomaly signal detected.,Completed,RUN-20261008-254699
WS/MP444/2025-2026/200285,V41,Madhya Pradesh,BETUL(ST),Durga Das Uikey,Normal/Others,,,Audit,1,21.7,Low,1,0,True,0,0,,,,False,False,False,False,,,190930.0,151569502.91,,,2026-02-18,,,,0,0.0,0,None,36.16,0.0,63.9,No material anomaly signal detected.,Completed,RUN-20261008-254699
WS/MP444/2025-2026/200284,V41,Madhya Pradesh,BETUL(ST),Durga Das Uikey,Normal/Others,,,Audit,1,21.7,Low,1,0,True,0,0,,,,False,False,False,False,,,190930.0,151569502.91,,,2026-02-18,,,,0,0.0,0,None,36.16,0.0,63.9,No material anomaly signal detected.,Completed,RUN-20261008-254699
WS/MP444/2025-2026/200282,V41,Madhya Pradesh,BETUL(ST),Durga Das Uikey,Normal/Others,,,Audit,1,21.7,Low,1,0,True,0,0,,,,False,False,False,False,,,190930.0,151569502.91,,,2026-02-18,,,,0,0.0,0,None,36.16,0.0,63.9,No material anomaly signal detected.,Completed,RUN-20261008-254699
WS/MP444/2025-2026/200281,V41,Madhya Pradesh,BETUL(ST),Durga Das Uikey,Normal/Others,,,Audit,1,21.7,Low,1,0,True,0,0,,,,False,False,False,False,,,190930.0,151569502.91,,,2026-02-18,,,,0,0.0,0,None,36.16,0.0,63.9,No material anomaly signal detected.,Completed,RUN-20261008-254699
WS/MP444/2025-2026/200279,V41,Madhya Pradesh,BETUL(ST),Durga Das Uikey,Normal/Others,,,Audit,1,21.7,Low,1,0,True,0,0,,,,False,False,False,False,,,190930.0,151569502.91,,,2026-02-05,,,,0,0.0,0,None,36.16,0.0,63.9,No material anomaly signal detected.,Completed,RUN-20261008-254699
WS/MP444/2025-2026/200278,V41,Madhya Pradesh,BETUL(ST),Durga Das Uikey,Normal/Others,,,Audit,1,21.7,Low,1,0,True,0,0,,,,False,False,False,False,,,190930.0,151569502.91,,,2026-02-18,,,,0,0.0,0,None,36.16,0.0,63.9,No material anomaly signal detected.,Completed,RUN-20261008-254699
WS/MP444/2025-2026/200277,V41,Madhya Pradesh,BETUL(ST),Durga Das Uikey,Normal/Others,,,Audit,1,21.7,Low,1,0,True,0,0,,,,False,False,False,False,,,190930.0,151569502.91,,,2026-02-18,,,,0,0.0,0,None,36.16,0.0,63.9,No material anomaly signal detected.,Completed,RUN-20261008-254699
WS/MP444/2025-2026/200276,V41,Madhya Pradesh,BETUL(ST),Durga Das Uikey,Normal/Others,,,Audit,1,21.7,Low,1,0,True,0,0,,,,False,False,False,False,,,190930.0,151569502.91,,,2026-02-05,,,,0,0.0,0,None,36.16,0.0,63.9,No material anomaly signal detected.,Completed,RUN-20261008-254699
WS/MP444/2025-2026/200275,V41,Madhya Pradesh,BETUL(ST),Durga Das Uikey,Normal/Others,,,Audit,1,21.7,Low,1,0,True,0,0,,,,False,False,False,False,,,190930.0,151569502.91,,,2026-02-05,,,,0,0.0,0,None,36.16,0.0,63.9,No material anomaly signal detected.,Completed,RUN-20261008-254699
WS/MP444/2025-2026/200270,V41,Madhya Pradesh,BETUL(ST),Durga Das Uikey,Normal/Others,,,Audit,1,21.7,Low,1,0,True,0,0,,,,False,False,False,False,,,364247.0,151569502.91,,,2026-02-05,,,,0,0.0,0,None,36.16,0.0,63.9,No material anomaly signal detected.,Completed,RUN-20261008-254699
WS/MP444/2025-2026/200268,V41,Madhya Pradesh,BETUL(ST),Durga Das Uikey,Normal/Others,,,Audit,1,21.7,Low,1,0,True,0,0,,,,False,False,False,False,,,364247.0,151569502.91,,,2026-02-05,,,,0,0.0,0,None,36.16,0.0,63.9,No material anomaly signal detected.,Completed,RUN-20261008-254699
WS/MP444/2025-2026/200267,V41,Madhya Pradesh,BETUL(ST),Durga Das Uikey,Normal/Others,,,Audit,1,21.7,Low,1,0,True,0,0,,,,False,False,False,False,,,364247.0,151569502.91,,,2026-02-05,,,,0,0.0,0,None,36.16,0.0,63.9,No material anomaly signal detected.,Completed,RUN-20261008-254699
WS/MP444/2025-2026/200266,V41,Madhya Pradesh,BETUL(ST),Durga Das Uikey,Normal/Others,,,Audit,1,21.7,Low,1,0,True,0,0,,,,False,False,False,False,,,364247.0,151569502.91,,,2026-02-05,,,,0,0.0,0,None,36.16,0.0,63.9,No material anomaly signal detected.,Completed,RUN-20261008-254699
WS/MP444/2025-2026/200265,V41,Madhya Pradesh,BETUL(ST),Durga Das Uikey,Normal/Others,,,Audit,1,21.7,Low,1,0,True,0,0,,,,False,False,False,False,,,364247.0,151569502.91,,,2026-02-05,,,,0,0.0,0,None,36.16,0.0,63.9,No material anomaly signal detected.,Completed,RUN-20261008-254699
WS/MP444/2025-2026/199986,V41,Madhya Pradesh,BETUL(ST),Durga Das Uikey,Normal/Others,,,Audit,1,21.7,Low,1,0,True,0,0,,,,False,False,False,False,,,259942.0,151569502.91,,,2026-01-06,,,,0,0.0,0,None,36.16,0.0,63.9,No material anomaly signal detected.,Completed,RUN-20261008-254699
WS/MP444/2025-2026/200294,V41,Madhya Pradesh,BETUL(ST),Durga Das Uikey,Normal/Others,,,Audit,1,21.7,Low,1,0,True,0,0,,,,False,False,False,False,,,190930.0,151569502.91,,,2026-02-18,,,,0,0.0,0,None,36.16,0.0,63.9,No material anomaly signal detected.,Completed,RUN-20261008-254699
WS/MP444/2025-2026/199985,V41,Madhya Pradesh,BETUL(ST),Durga Das Uikey,Normal/Others,,,Audit,1,21.7,Low,1,0,True,0,0,,,,False,False,False,False,,,259942.0,151569502.91,,,2026-01-21,,,,0,0.0,0,None,36.16,0.0,63.9,No material anomaly signal detected.,Completed,RUN-20261008-254699
WS/MP444/2025-2026/199947,V41,Madhya Pradesh,BETUL(ST),Durga Das Uikey,Normal/Others,,,Audit,1,21.7,Low,1,0,True,0,0,,,,False,False,False,False,,,259942.0,151569502.91,,,2026-01-06,,,,0,0.0,0,None,36.16,0.0,63.9,No material anomaly signal detected.,Completed,RUN-20261008-254699
WS/MP444/2025-2026/199983,V41,Madhya Pradesh,BETUL(ST),Durga Das Uikey,Normal/Others,,,Audit,1,21.7,Low,1,0,True,0,0,,,,False,False,False,False,,,259942.0,151569502.91,,,2026-01-06,,,,0,0.0,0,None,36.16,0.0,63.9,No material anomaly signal detected.,Completed,RUN-20261008-254699
WS/MP444/2025-2026/199892,V41,Madhya Pradesh,BETUL(ST),Durga Das Uikey,Normal/Others,,,Audit,1,21.7,Low,1,0,True,0,0,,,,False,False,False,False,,,259942.0,151569502.91,,,2026-01-16,,,,0,0.0,0,None,36.16,0.0,63.9,No material anomaly signal detected.,Completed,RUN-20261008-254699
WS/MP444/2025-2026/199894,V41,Madhya Pradesh,BETUL(ST),Durga Das Uikey,Normal/Others,,,Audit,1,21.7,Low,1,0,True,0,0,,,,False,False,False,False,,,259942.0,151569502.91,,,2026-01-21,,,,0,0.0,0,None,36.16,0.0,63.9,No material anomaly signal detected.,Completed,RUN-20261008-254699
WS/MP444/2025-2026/199895,V41,Madhya Pradesh,BETUL(ST),Durga Das Uikey,Normal/Others,,,Audit,1,21.7,Low,1,0,True,0,0,,,,False,False,False,False,,,259942.0,151569502.91,,,2026-01-21,,,,0,0.0,0,None,36.16,0.0,63.9,No material anomaly signal detected.,Completed,RUN-20261008-254699
WS/MP444/2025-2026/199896,V41,Madhya Pradesh,BETUL(ST),Durga Das Uikey,Normal/Others,,,Audit,1,21.7,Low,1,0,True,0,0,,,,False,False,False,False,,,259942.0,151569502.91,,,2026-01-21,,,,0,0.0,0,None,36.16,0.0,63.9,No material anomaly signal detected.,Completed,RUN-20261008-254699
WS/MP444/2025-2026/199897,V41,Madhya Pradesh,BETUL(ST),Durga Das Uikey,Normal/Others,,,Audit,1,21.7,Low,1,0,True,0,0,,,,False,False,False,False,,,259942.0,151569502.91,,,2026-01-21,,,,0,0.0,0,None,36.16,0.0,63.9,No material anomaly signal detected.,Completed,RUN-20261008-254699
WS/MP444/2025-2026/199898,V41,Madhya Pradesh,BETUL(ST),Durga Das Uikey,Normal/Others,,,Audit,1,21.7,Low,1,0,True,0,0,,,,False,False,False,False,,,259942.0,151569502.91,,,2026-01-06,,,,0,0.0,0,None,36.16,0.0,63.9,No material anomaly signal detected.,Completed,RUN-20261008-254699
WS/MP444/2025-2026/199899,V41,Madhya Pradesh,BETUL(ST),Durga Das Uikey,Normal/Others,,,Audit,1,21.7,Low,1,0,True,0,0,,,,False,False,False,False,,,259942.0,151569502.91,,,2026-01-21,,,,0,0.0,0,None,36.16,0.0,63.9,No material anomaly signal detected.,Completed,RUN-20261008-254699
WS/MP444/2025-2026/199900,V41,Madhya Pradesh,BETUL(ST),Durga Das Uikey,Normal/Others,,,Audit,1,21.7,Low,1,0,True,0,0,,,,False,False,False,False,,,259942.0,151569502.91,,,2026-01-21,,,,0,0.0,0,None,36.16,0.0,63.9,No material anomaly signal detected.,Completed,RUN-20261008-254699
WS/MP444/2025-2026/199939,V41,Madhya Pradesh,BETUL(ST),Durga Das Uikey,Normal/Others,,,Audit,1,21.7,Low,1,0,True,0,0,,,,False,False,False,False,,,259942.0,151569502.91,,,2026-01-06,,,,0,0.0,0,None,36.16,0.0,63.9,No material anomaly signal detected.,Completed,RUN-20261008-254699
WS/MP444/2025-2026/199940,V41,Madhya Pradesh,BETUL(ST),Durga Das Uikey,Normal/Others,,,Audit,1,21.7,Low,1,0,True,0,0,,,,False,False,False,False,,,259942.0,151569502.91,,,2026-01-21,,,,0,0.0,0,None,36.16,0.0,63.9,No material anomaly signal detected.,Completed,RUN-20261008-254699
WS/MP444/2025-2026/199941,V41,Madhya Pradesh,BETUL(ST),Durga Das Uikey,Normal/Others,,,Audit,1,21.7,Low,1,0,True,0,0,,,,False,False,False,False,,,259942.0,151569502.91,,,2026-01-21,,,,0,0.0,0,None,36.16,0.0,63.9,No material anomaly signal detected.,Completed,RUN-20261008-254699
WS/MP444/2025-2026/199943,V41,Madhya Pradesh,BETUL(ST),Durga Das Uikey,Normal/Others,,,Audit,1,21.7,Low,1,0,True,0,0,,,,False,False,False,False,,,259942.0,151569502.91,,,2026-01-21,,,,0,0.0,0,None,36.16,0.0,63.9,No material anomaly signal detected.,Completed,RUN-20261008-254699
WS/MP444/2025-2026/199893,V41,Madhya Pradesh,BETUL(ST),Durga Das Uikey,Normal/Others,,,Audit,1,21.7,Low,1,0,True,0,0,,,,False,False,False,False,,,259942.0,151569502.91,,,2026-01-21,,,,0,0.0,0,None,36.16,0.0,63.9,No material anomaly signal detected.,Completed,RUN-20261008-254699
WS/MP444/2025-2026/199948,V41,Madhya Pradesh,BETUL(ST),Durga Das Uikey,Normal/Others,,,Audit,1,21.7,Low,1,0,True,0,0,,,,False,False,False,False,,,259942.0,151569502.91,,,2026-01-05,,,,0,0.0,0,None,36.16,0.0,63.9,No material anomaly signal detected.,Completed,RUN-20261008-254699
WS/MP444/2025-2026/199965,V41,Madhya Pradesh,BETUL(ST),Durga Das Uikey,Normal/Others,,,Audit,1,21.7,Low,1,0,True,0,0,,,,False,False,False,False,,,259942.0,151569502.91,,,2026-01-05,,,,0,0.0,0,None,36.16,0.0,63.9,No material anomaly signal detected.,Completed,RUN-20261008-254699
WS/MP444/2025-2026/199949,V41,Madhya Pradesh,BETUL(ST),Durga Das Uikey,Normal/Others,,,Audit,1,21.7,Low,1,0,True,0,0,,,,False,False,False,False,,,259942.0,151569502.91,,,2026-01-16,,,,0,0.0,0,None,36.16,0.0,63.9,No material anomaly signal detected.,Completed,RUN-20261008-254699
WS/MP444/2025-2026/199969,V41,Madhya Pradesh,BETUL(ST),Durga Das Uikey,Normal/Others,,,Audit,1,21.7,Low,1,0,True,0,0,,,,False,False,False,False,,,259942.0,151569502.91,,,2026-01-05,,,,0,0.0,0,None,36.16,0.0,63.9,No material anomaly signal detected.,Completed,RUN-20261008-254699
WS/MP444/2025-2026/199968,V41,Madhya Pradesh,BETUL(ST),Durga Das Uikey,Normal/Others,,,Audit,1,21.7,Low,1,0,True,0,0,,,,False,False,False,False,,,259942.0,151569502.91,,,2026-01-21,,,,0,0.0,0,None,36.16,0.0,63.9,No material anomaly signal detected.,Completed,RUN-20261008-254699
WS/MP444/2025-2026/199967,V41,Madhya Pradesh,BETUL(ST),Durga Das Uikey,Normal/Others,,,Audit,1,21.7,Low,1,0,True,0,0,,,,False,False,False,False,,,259942.0,151569502.91,,,2026-01-21,,,,0,0.0,0,None,36.16,0.0,63.9,No material anomaly signal detected.,Completed,RUN-20261008-254699
WS/MP444/2025-2026/199970,V41,Madhya Pradesh,BETUL(ST),Durga Das Uikey,Normal/Others,,,Audit,1,21.7,Low,1,0,True,0,0,,,,False,False,False,False,,,259942.0,151569502.91,,,2026-01-21,,,,0,0.0,0,None,36.16,0.0,63.9,No material anomaly signal detected.,Completed,RUN-20261008-254699
WS/MP444/2025-2026/199962,V41,Madhya Pradesh,BETUL(ST),Durga Das Uikey,Normal/Others,,,Audit,1,21.7,Low,1,0,True,0,0,,,,False,False,False,False,,,259942.0,151569502.91,,,2026-01-21,,,,0,0.0,0,None,36.16,0.0,63.9,No material anomaly signal detected.,Completed,RUN-20261008-254699
WS/MP444/2025-2026/199961,V41,Madhya Pradesh,BETUL(ST),Durga Das Uikey,Normal/Others,,,Audit,1,21.7,Low,1,0,True,0,0,,,,False,False,False,False,,,259942.0,151569502.91,,,2026-01-21,,,,0,0.0,0,None,36.16,0.0,63.9,No material anomaly signal detected.,Completed,RUN-20261008-254699
WS/MP444/2025-2026/199950,V41,Madhya Pradesh,BETUL(ST),Durga Das Uikey,Normal/Others,,,Audit,1,21.7,Low,1,0,True,0,0,,,,False,False,False,False,,,259942.0,151569502.91,,,2026-01-06,,,,0,0.0,0,None,36.16,0.0,63.9,No material anomaly signal detected.,Completed,RUN-20261008-254699
WS/MP444/2025-2026/199971,V41,Madhya Pradesh,BETUL(ST),Durga Das Uikey,Normal/Others,,,Audit,1,21.7,Low,1,0,True,0,0,,,,False,False,False,False,,,259942.0,151569502.91,,,2026-01-21,,,,0,0.0,0,None,36.16,0.0,63.9,No material anomaly signal detected.,Completed,RUN-20261008-254699
WS/MP444/2025-2026/199951,V41,Madhya Pradesh,BETUL(ST),Durga Das Uikey,Normal/Others,,,Audit,1,21.7,Low,1,0,True,0,0,,,,False,False,False,False,,,259942.0,151569502.91,,,2026-01-06,,,,0,0.0,0,None,36.16,0.0,63.9,No material anomaly signal detected.,Completed,RUN-20261008-254699
WS/MP444/2025-2026/199952,V41,Madhya Pradesh,BETUL(ST),Durga Das Uikey,Normal/Others,,,Audit,1,21.7,Low,1,0,True,0,0,,,,False,False,False,False,,,259942.0,151569502.91,,,2026-01-21,,,,0,0.0,0,None,36.16,0.0,63.9,No material anomaly signal detected.,Completed,RUN-20261008-254699
WS/MP641/2025-2026/179563,V41,Madhya Pradesh,KHARGONE(ST),Gajendra Singh Patel,Normal/Others,,,Audit,1,20.71,Low,1,0,True,0,0,,,,False,False,False,False,,,166026.0,147000000.0,,,2026-08-13,,,,0,0.0,0,None,34.51,0.0,63.9,No material anomaly signal detected.,Completed,RUN-20261008-254699
WS/MP641/2024-2025/153869,V41,Madhya Pradesh,KHARGONE(ST),Gajendra Singh Patel,Normal/Others,,,Audit,1,20.71,Low,1,0,True,0,0,,,,False,False,False,False,,,166026.0,147000000.0,,,2026-01-23,,,,0,0.0,0,None,34.51,0.0,63.9,No material anomaly signal detected.,Completed,RUN-20261008-254699
WS/MP641/2025-2026/179560,V41,Madhya Pradesh,KHARGONE(ST),Gajendra Singh Patel,Normal/Others,,,Audit,1,20.71,Low,1,0,True,0,0,,,,False,False,False,False,,,166026.0,147000000.0,,,2026-05-13,,,,0,0.0,0,None,34.51,0.0,63.9,No material anomaly signal detected.,Completed,RUN-20261008-254699
WS/MP641/2025-2026/179559,V41,Madhya Pradesh,KHARGONE(ST),Gajendra Singh Patel,Normal/Others,,,Audit,1,20.71,Low,1,0,True,0,0,,,,False,False,False,False,,,166026.0,147000000.0,,,2026-05-13,,,,0,0.0,0,None,34.51,0.0,63.9,No material anomaly signal detected.,Completed,RUN-20261008-254699
WS/MP641/2025-2026/179558,V41,Madhya Pradesh,KHARGONE(ST),Gajendra Singh Patel,Normal/Others,,,Audit,1,20.71,Low,1,0,True,0,0,,,,False,False,False,False,,,166026.0,147000000.0,,,2026-05-13,,,,0,0.0,0,None,34.51,0.0,63.9,No material anomaly signal detected.,Completed,RUN-20261008-254699
WS/MP641/2025-2026/179553,V41,Madhya Pradesh,KHARGONE(ST),Gajendra Singh Patel,Normal/Others,,,Audit,1,20.71,Low,1,0,True,0,0,,,,False,False,False,False,,,166026.0,147000000.0,,,2026-05-13,,,,0,0.0,0,None,34.51,0.0,63.9,No material anomaly signal detected.,Completed,RUN-20261008-254699
WS/MP641/2025-2026/179547,V41,Madhya Pradesh,KHARGONE(ST),Gajendra Singh Patel,Normal/Others,,,Audit,1,20.71,Low,1,0,True,0,0,,,,False,False,False,False,,,166026.0,147000000.0,,,2026-05-13,,,,0,0.0,0,None,34.51,0.0,63.9,No material anomaly signal detected.,Completed,RUN-20261008-254699
WS/MP641/2025-2026/179545,V41,Madhya Pradesh,KHARGONE(ST),Gajendra Singh Patel,Normal/Others,,,Audit,1,20.71,Low,1,0,True,0,0,,,,False,False,False,False,,,166026.0,147000000.0,,,2026-05-13,,,,0,0.0,0,None,34.51,0.0,63.9,No material anomaly signal detected.,Completed,RUN-20261008-254699
WS/MP641/2024-2025/153873,V41,Madhya Pradesh,KHARGONE(ST),Gajendra Singh Patel,Normal/Others,,,Audit,1,20.71,Low,1,0,True,0,0,,,,False,False,False,False,,,166026.0,147000000.0,,,2026-01-23,,,,0,0.0,0,None,34.51,0.0,63.9,No material anomaly signal detected.,Completed,RUN-20261008-254699
WS/MP641/2024-2025/153872,V41,Madhya Pradesh,KHARGONE(ST),Gajendra Singh Patel,Normal/Others,,,Audit,1,20.71,Low,1,0,True,0,0,,,,False,False,False,False,,,166026.0,147000000.0,,,2026-01-23,,,,0,0.0,0,None,34.51,0.0,63.9,No material anomaly signal detected.,Completed,RUN-20261008-254699
WS/MP641/2024-2025/153871,V41,Madhya Pradesh,KHARGONE(ST),Gajendra Singh Patel,Normal/Others,,,Audit,1,20.71,Low,1,0,True,0,0,,,,False,False,False,False,,,166026.0,147000000.0,,,2026-01-23,,,,0,0.0,0,None,34.51,0.0,63.9,No material anomaly signal detected.,Completed,RUN-20261008-254699
WS/MP641/2025-2026/179554,V41,Madhya Pradesh,KHARGONE(ST),Gajendra Singh Patel,Normal/Others,,,Audit,1,20.71,Low,1,0,True,0,0,,,,False,False,False,False,,,166026.0,147000000.0,,,2026-05-13,,,,0,0.0,0,None,34.51,0.0,63.9,No material anomaly signal detected.,Completed,RUN-20261008-254699
WS/MP641/2024-2025/153863,V41,Madhya Pradesh,KHARGONE(ST),Gajendra Singh Patel,Normal/Others,,,Audit,1,20.71,Low,1,0,True,0,0,,,,False,False,False,False,,,166026.0,147000000.0,,,2026-01-22,,,,0,0.0,0,None,34.51,0.0,63.9,No material anomaly signal detected.,Completed,RUN-20261008-254699
WS/MP641/2024-2025/153868,V41,Madhya Pradesh,KHARGONE(ST),Gajendra Singh Patel,Normal/Others,,,Audit,1,20.71,Low,1,0,True,0,0,,,,False,False,False,False,,,166026.0,147000000.0,,,2026-01-22,,,,0,0.0,0,None,34.51,0.0,63.9,No material anomaly signal detected.,Completed,RUN-20261008-254699
WS/MP641/2024-2025/153867,V41,Madhya Pradesh,KHARGONE(ST),Gajendra Singh Patel,Normal/Others,,,Audit,1,20.71,Low,1,0,True,0,0,,,,False,False,False,False,,,166026.0,147000000.0,,,2026-05-12,,,,0,0.0,0,None,34.51,0.0,63.9,No material anomaly signal detected.,Completed,RUN-20261008-254699
WS/MP641/2024-2025/153866,V41,Madhya Pradesh,KHARGONE(ST),Gajendra Singh Patel,Normal/Others,,,Audit,1,20.71,Low,1,0,True,0,0,,,,False,False,False,False,,,166026.0,147000000.0,,,2026-05-12,,,,0,0.0,0,None,34.51,0.0,63.9,No material anomaly signal detected.,Completed,RUN-20261008-254699
WS/MP641/2024-2025/153865,V41,Madhya Pradesh,KHARGONE(ST),Gajendra Singh Patel,Normal/Others,,,Audit,1,20.71,Low,1,0,True,0,0,,,,False,False,False,False,,,166026.0,147000000.0,,,2026-05-12,,,,0,0.0,0,None,34.51,0.0,63.9,No material anomaly signal detected.,Completed,RUN-20261008-254699
WS/MP641/2024-2025/153864,V41,Madhya Pradesh,KHARGONE(ST),Gajendra Singh Patel,Normal/Others,,,Audit,1,20.71,Low,1,0,True,0,0,,,,False,False,False,False,,,166026.0,147000000.0,,,2026-01-22,,,,0,0.0,0,None,34.51,0.0,63.9,No material anomaly signal detected.,Completed,RUN-20261008-254699
WS/MP641/2024-2025/153862,V41,Madhya Pradesh,KHARGONE(ST),Gajendra Singh Patel,Normal/Others,,,Audit,1,20.71,Low,1,0,True,0,0,,,,False,False,False,False,,,166026.0,147000000.0,,,2026-01-23,,,,0,0.0,0,None,34.51,0.0,63.9,No material anomaly signal detected.,Completed,RUN-20261008-254699
WS/MP641/2024-2025/153861,V41,Madhya Pradesh,KHARGONE(ST),Gajendra Singh Patel,Normal/Others,,,Audit,1,20.71,Low,1,0,True,0,0,,,,False,False,False,False,,,166026.0,147000000.0,,,2026-01-22,,,,0,0.0,0,None,34.51,0.0,63.9,No material anomaly signal detected.,Completed,RUN-20261008-254699
WS/MP641/2024-2025/153860,V41,Madhya Pradesh,KHARGONE(ST),Gajendra Singh Patel,Normal/Others,,,Audit,1,20.71,Low,1,0,True,0,0,,,,False,False,False,False,,,166026.0,147000000.0,,,2026-01-22,,,,0,0.0,0,None,34.51,0.0,63.9,No material anomaly signal detected.,Completed,RUN-20261008-254699
WS/MP641/2024-2025/153859,V41,Madhya Pradesh,KHARGONE(ST),Gajendra Singh Patel,Normal/Others,,,Audit,1,20.71,Low,1,0,True,0,0,,,,False,False,False,False,,,166026.0,147000000.0,,,2026-01-22,,,,0,0.0,0,None,34.51,0.0,63.9,No material anomaly signal detected.,Completed,RUN-20261008-254699
WS/MP641/2024-2025/153858,V41,Madhya Pradesh,KHARGONE(ST),Gajendra Singh Patel,Normal/Others,,,Audit,1,20.71,Low,1,0,True,0,0,,,,False,False,False,False,,,166026.0,147000000.0,,,2026-01-22,,,,0,0.0,0,None,34.51,0.0,63.9,No material anomaly signal detected.,Completed,RUN-20261008-254699
WS/MP641/2024-2025/153857,V41,Madhya Pradesh,KHARGONE(ST),Gajendra Singh Patel,Normal/Others,,,Audit,1,20.71,Low,1,0,True,0,0,,,,False,False,False,False,,,166026.0,147000000.0,,,2026-01-22,,,,0,0.0,0,None,34.51,0.0,63.9,No material anomaly signal detected.,Completed,RUN-20261008-254699
WS/MP641/2025-2026/179566,V41,Madhya Pradesh,KHARGONE(ST),Gajendra Singh Patel,Normal/Others,,,Audit,1,20.71,Low,1,0,True,0,0,,,,False,False,False,False,,,166026.0,147000000.0,,,2026-05-13,,,,0,0.0,0,None,34.51,0.0,63.9,No material anomaly signal detected.,Completed,RUN-20261008-254699
WS/MP641/2025-2026/179564,V41,Madhya Pradesh,KHARGONE(ST),Gajendra Singh Patel,Normal/Others,,,Audit,1,20.71,Low,1,0,True,0,0,,,,False,False,False,False,,,166026.0,147000000.0,,,2026-05-13,,,,0,0.0,0,None,34.51,0.0,63.9,No material anomaly signal detected.,Completed,RUN-20261008-254699
WS/MP641/2024-2025/153870,V41,Madhya Pradesh,KHARGONE(ST),Gajendra Singh Patel,Normal/Others,,,Audit,1,20.71,Low,1,0,True,0,0,,,,False,False,False,False,,,166026.0,147000000.0,,,2026-01-23,,,,0,0.0,0,None,34.51,0.0,63.9,No material anomaly signal detected.,Completed,RUN-20261008-254699
WS/MP641/2025-2026/228939,V41,Madhya Pradesh,KHARGONE(ST),Gajendra Singh Patel,Normal/Others,,,Audit,1,20.71,Low,1,0,True,0,0,,,,False,False,False,False,,,400000.0,147000000.0,,,2025-12-08,,,,0,0.0,0,None,34.51,0.0,63.9,No material anomaly signal detected.,Completed,RUN-20261008-254699
WS/MP641/2025-2026/179571,V41,Madhya Pradesh,KHARGONE(ST),Gajendra Singh Patel,Normal/Others,,,Audit,1,20.71,Low,1,0,True,0,0,,,,False,False,False,False,,,166026.0,147000000.0,,,2026-05-13,,,,0,0.0,0,None,34.51,0.0,63.9,No material anomaly signal detected.,Completed,RUN-20261008-254699
WS/MP641/2025-2026/179569,V41,Madhya Pradesh,KHARGONE(ST),Gajendra Singh Patel,Normal/Others,,,Audit,1,20.71,Low,1,0,True,0,0,,,,False,False,False,False,,,166026.0,147000000.0,,,2026-05-13,,,,0,0.0,0,None,34.51,0.0,63.9,No material anomaly signal detected.,Completed,RUN-20261008-254699
WS/MP641/2025-2026/179570,V41,Madhya Pradesh,KHARGONE(ST),Gajendra Singh Patel,Normal/Others,,,Audit,1,20.71,Low,1,0,True,0,0,,,,False,False,False,False,,,166026.0,147000000.0,,,2026-05-13,,,,0,0.0,0,None,34.51,0.0,63.9,No material anomaly signal detected.,Completed,RUN-20261008-254699
WS/MP641/2025-2026/179567,V41,Madhya Pradesh,KHARGONE(ST),Gajendra Singh Patel,Normal/Others,,,Audit,1,20.71,Low,1,0,True,0,0,,,,False,False,False,False,,,166026.0,147000000.0,,,2026-05-13,,,,0,0.0,0,None,34.51,0.0,63.9,No material anomaly signal detected.,Completed,RUN-20261008-254699
WS/MP640/2024-2025/158766,V41,Madhya Pradesh,MANDLA(ST),Faggan Singh Kulaste,Normal/Others,,,Audit,1,20.03,Low,1,0,True,0,0,,,,False,False,False,False,,,499823.0,151861648.41,,,2025-11-09,,,,0,0.0,0,None,33.38,0.0,63.9,No material anomaly signal detected.,Completed,RUN-20261008-254699
WS/MP640/2025-2026/211990,V41,Madhya Pradesh,MANDLA(ST),Faggan Singh Kulaste,Normal/Others,,,Audit,1,20.03,Low,1,0,True,0,0,,,,False,False,False,False,,,500000.0,151861648.41,,,2026-02-04,,,,0,0.0,0,None,33.38,0.0,63.9,No material anomaly signal detected.,Completed,RUN-20261008-254699
WS/MP640/2025-2026/207522,V41,Madhya Pradesh,MANDLA(ST),Faggan Singh Kulaste,Normal/Others,,,Audit,1,20.03,Low,1,0,True,0,0,,,,False,False,False,False,,,500000.0,151861648.41,,,2025-09-04,,,,0,0.0,0,None,33.38,0.0,63.9,No material anomaly signal detected.,Completed,RUN-20261008-254699
WS/MP640/2025-2026/207521,V41,Madhya Pradesh,MANDLA(ST),Faggan Singh Kulaste,Normal/Others,,,Audit,1,20.03,Low,1,0,True,0,0,,,,False,False,False,False,,,495000.0,151861648.41,,,2025-10-10,,,,0,0.0,0,None,33.38,0.0,63.9,No material anomaly signal detected.,Completed,RUN-20261008-254699
WS/MP640/2025-2026/175502,V41,Madhya Pradesh,MANDLA(ST),Faggan Singh Kulaste,Normal/Others,,,Audit,1,20.03,Low,1,0,True,0,0,,,,False,False,False,False,,,500000.0,151861648.41,,,2026-02-02,,,,0,0.0,0,None,33.38,0.0,63.9,No material anomaly signal detected.,Completed,RUN-20261008-254699
WS/MP640/2025-2026/175499,V41,Madhya Pradesh,MANDLA(ST),Faggan Singh Kulaste,Normal/Others,,,Audit,1,20.03,Low,1,0,True,0,0,,,,False,False,False,False,,,300000.0,151861648.41,,,2026-03-23,,,,0,0.0,0,None,33.38,0.0,63.9,No material anomaly signal detected.,Completed,RUN-20261008-254699
WS/MP640/2025-2026/175476,V41,Madhya Pradesh,MANDLA(ST),Faggan Singh Kulaste,Normal/Others,,,Audit,1,20.03,Low,1,0,True,0,0,,,,False,False,False,False,,,500000.0,151861648.41,,,2026-03-21,,,,0,0.0,0,None,33.38,0.0,63.9,No material anomaly signal detected.,Completed,RUN-20261008-254699
WS/MP640/2024-2025/157589,V41,Madhya Pradesh,MANDLA(ST),Faggan Singh Kulaste,Normal/Others,,,Audit,1,20.03,Low,1,0,True,0,0,,,,False,False,False,False,,,494969.0,151861648.41,,,2025-03-21,,,,0,0.0,0,None,33.38,0.0,63.9,No material anomaly signal detected.,Completed,RUN-20261008-254699
WS/MP640/2024-2025/157591,V41,Madhya Pradesh,MANDLA(ST),Faggan Singh Kulaste,Normal/Others,,,Audit,1,20.03,Low,1,0,True,0,0,,,,False,False,False,False,,,500000.0,151861648.41,,,2025-07-06,,,,0,0.0,0,None,33.38,0.0,63.9,No material anomaly signal detected.,Completed,RUN-20261008-254699
WS/MP640/2024-2025/158761,V41,Madhya Pradesh,MANDLA(ST),Faggan Singh Kulaste,Normal/Others,,,Audit,1,20.03,Low,1,0,True,0,0,,,,False,False,False,False,,,499306.0,151861648.41,,,2025-11-09,,,,0,0.0,0,None,33.38,0.0,63.9,No material anomaly signal detected.,Completed,RUN-20261008-254699
WS/MP640/2024-2025/158762,V41,Madhya Pradesh,MANDLA(ST),Faggan Singh Kulaste,Normal/Others,,,Audit,1,20.03,Low,1,0,True,0,0,,,,False,False,False,False,,,500000.0,151861648.41,,,2025-12-08,,,,0,0.0,0,None,33.38,0.0,63.9,No material anomaly signal detected.,Completed,RUN-20261008-254699
WS/MP640/2024-2025/163623,V41,Madhya Pradesh,MANDLA(ST),Faggan Singh Kulaste,Normal/Others,,,Audit,1,20.03,Low,1,0,True,0,0,,,,False,False,False,False,,,500000.0,151861648.41,,,2025-11-09,,,,0,0.0,0,None,33.38,0.0,63.9,No material anomaly signal detected.,Completed,RUN-20261008-254699
WS/MP640/2025-2026/175396,V41,Madhya Pradesh,MANDLA(ST),Faggan Singh Kulaste,Normal/Others,,,Audit,1,20.03,Low,1,0,True,0,0,,,,False,False,False,False,,,348174.0,151861648.41,,,2025-09-19,,,,0,0.0,0,None,33.38,0.0,63.9,No material anomaly signal detected.,Completed,RUN-20261008-254699
WS/MP640/2024-2025/163622,V41,Madhya Pradesh,MANDLA(ST),Faggan Singh Kulaste,Normal/Others,,,Audit,1,20.03,Low,1,0,True,0,0,,,,False,False,False,False,,,491000.0,151861648.41,,,2025-11-04,,,,0,0.0,0,None,33.38,0.0,63.9,No material anomaly signal detected.,Completed,RUN-20261008-254699
WS/MP640/2024-2025/164831,V41,Madhya Pradesh,MANDLA(ST),Faggan Singh Kulaste,Normal/Others,,,Audit,1,20.03,Low,1,0,True,0,0,,,,False,False,False,False,,,497970.0,151861648.41,,,2025-11-09,,,,0,0.0,0,None,33.38,0.0,63.9,No material anomaly signal detected.,Completed,RUN-20261008-254699
WS/MP640/2024-2025/164832,V41,Madhya Pradesh,MANDLA(ST),Faggan Singh Kulaste,Normal/Others,,,Audit,1,20.03,Low,1,0,True,0,0,,,,False,False,False,False,,,498351.0,151861648.41,,,2025-11-04,,,,0,0.0,0,None,33.38,0.0,63.9,No material anomaly signal detected.,Completed,RUN-20261008-254699
WS/MP640/2024-2025/164833,V41,Madhya Pradesh,MANDLA(ST),Faggan Singh Kulaste,Normal/Others,,,Audit,1,20.03,Low,1,0,True,0,0,,,,False,False,False,False,,,500000.0,151861648.41,,,2025-11-04,,,,0,0.0,0,None,33.38,0.0,63.9,No material anomaly signal detected.,Completed,RUN-20261008-254699
WS/MP640/2024-2025/164846,V41,Madhya Pradesh,MANDLA(ST),Faggan Singh Kulaste,Normal/Others,,,Audit,1,20.03,Low,1,0,True,0,0,,,,False,False,False,False,,,499566.0,151861648.41,,,2026-02-03,,,,0,0.0,0,None,33.38,0.0,63.9,No material anomaly signal detected.,Completed,RUN-20261008-254699
WS/MP640/2024-2025/165547,V41,Madhya Pradesh,MANDLA(ST),Faggan Singh Kulaste,Normal/Others,,,Audit,1,20.03,Low,1,0,True,0,0,,,,False,False,False,False,,,100000.0,151861648.41,,,2026-03-24,,,,0,0.0,0,None,33.38,0.0,63.9,No material anomaly signal detected.,Completed,RUN-20261008-254699
WS/MP640/2024-2025/165668,V41,Madhya Pradesh,MANDLA(ST),Faggan Singh Kulaste,Normal/Others,,,Audit,1,20.03,Low,1,0,True,0,0,,,,False,False,False,False,,,500000.0,151861648.41,,,2025-11-04,,,,0,0.0,0,None,33.38,0.0,63.9,No material anomaly signal detected.,Completed,RUN-20261008-254699
WS/MP640/2025-2026/158763,V41,Madhya Pradesh,MANDLA(ST),Faggan Singh Kulaste,Normal/Others,,,Audit,1,20.03,Low,1,0,True,0,0,,,,False,False,False,False,,,499680.0,151861648.41,,,2025-08-28,,,,0,0.0,0,None,33.38,0.0,63.9,No material anomaly signal detected.,Completed,RUN-20261008-254699
WS/MP640/2025-2026/163624,V41,Madhya Pradesh,MANDLA(ST),Faggan Singh Kulaste,Normal/Others,,,Audit,1,20.03,Low,1,0,True,0,0,,,,False,False,False,False,,,500000.0,151861648.41,,,2026-03-21,,,,0,0.0,0,None,33.38,0.0,63.9,No material anomaly signal detected.,Completed,RUN-20261008-254699
WS/MP640/2025-2026/172350,V41,Madhya Pradesh,MANDLA(ST),Faggan Singh Kulaste,Normal/Others,,,Audit,1,20.03,Low,1,0,True,0,0,,,,False,False,False,False,,,499927.0,151861648.41,,,2026-04-11,,,,0,0.0,0,None,33.38,0.0,63.9,No material anomaly signal detected.,Completed,RUN-20261008-254699
WS/MP640/2025-2026/175394,V41,Madhya Pradesh,MANDLA(ST),Faggan Singh Kulaste,Normal/Others,,,Audit,1,20.03,Low,1,0,True,0,0,,,,False,False,False,False,,,498318.0,151861648.41,,,2026-03-21,,,,0,0.0,0,None,33.38,0.0,63.9,No material anomaly signal detected.,Completed,RUN-20261008-254699
WS/MP640/2024-2025/163621,V41,Madhya Pradesh,MANDLA(ST),Faggan Singh Kulaste,Normal/Others,,,Audit,1,20.03,Low,1,0,True,0,0,,,,False,False,False,False,,,312290.0,151861648.41,,,2025-11-09,,,,0,0.0,0,None,33.38,0.0,63.9,No material anomaly signal detected.,Completed,RUN-20261008-254699
WS/MP640/2025-2026/175395,V41,Madhya Pradesh,MANDLA(ST),Faggan Singh Kulaste,Normal/Others,,,Audit,1,20.03,Low,1,0,True,0,0,,,,False,False,False,False,,,500000.0,151861648.41,,,2026-01-31,,,,0,0.0,0,None,33.38,0.0,63.9,No material anomaly signal detected.,Completed,RUN-20261008-254699
WS/MP18098/2025-2026/180423,V41,Madhya Pradesh,BALAGHAT,BHARTI PARDHI,Normal/Others,,,Audit,1,19.17,Low,1,0,True,0,0,,,,False,False,False,False,,,269850.0,154398389.01,,,2025-08-08,,,,0,0.0,0,None,31.95,0.0,61.5,No material anomaly signal detected.,Completed,RUN-20261008-254699
WS/MP18098/2025-2026/180421,V41,Madhya Pradesh,BALAGHAT,BHARTI PARDHI,Normal/Others,,,Audit,1,19.17,Low,1,0,True,0,0,,,,False,False,False,False,,,269850.0,154398389.01,,,2025-08-08,,,,0,0.0,0,None,31.95,0.0,61.5,No material anomaly signal detected.,Completed,RUN-20261008-254699
WS/MP18098/2024-2025/180389,V41,Madhya Pradesh,BALAGHAT,BHARTI PARDHI,Normal/Others,,,Audit,1,19.17,Low,1,0,True,0,0,,,,False,False,False,False,,,190546.0,154398389.01,,,2025-06-10,,,,0,0.0,0,None,31.95,0.0,61.5,No material anomaly signal detected.,Completed,RUN-20261008-254699
WS/MP18098/2024-2025/180391,V41,Madhya Pradesh,BALAGHAT,BHARTI PARDHI,Normal/Others,,,Audit,1,19.17,Low,1,0,True,0,0,,,,False,False,False,False,,,190546.0,154398389.01,,,2025-05-22,,,,0,0.0,0,None,31.95,0.0,61.5,No material anomaly signal detected.,Completed,RUN-20261008-254699
WS/MP18098/2024-2025/180392,V41,Madhya Pradesh,BALAGHAT,BHARTI PARDHI,Normal/Others,,,Audit,1,19.17,Low,1,0,True,0,0,,,,False,False,False,False,,,190546.0,154398389.01,,,2025-05-22,,,,0,0.0,0,None,31.95,0.0,61.5,No material anomaly signal detected.,Completed,RUN-20261008-254699
WS/MP18098/2024-2025/180394,V41,Madhya Pradesh,BALAGHAT,BHARTI PARDHI,Normal/Others,,,Audit,1,19.17,Low,1,0,True,0,0,,,,False,False,False,False,,,190546.0,154398389.01,,,2025-05-22,,,,0,0.0,0,None,31.95,0.0,61.5,No material anomaly signal detected.,Completed,RUN-20261008-254699
WS/MP18098/2024-2025/180395,V41,Madhya Pradesh,BALAGHAT,BHARTI PARDHI,Normal/Others,,,Audit,1,19.17,Low,1,0,True,0,0,,,,False,False,False,False,,,190546.0,154398389.01,,,2025-06-10,,,,0,0.0,0,None,31.95,0.0,61.5,No material anomaly signal detected.,Completed,RUN-20261008-254699
WS/MP18098/2024-2025/180396,V41,Madhya Pradesh,BALAGHAT,BHARTI PARDHI,Normal/Others,,,Audit,1,19.17,Low,1,0,True,0,0,,,,False,False,False,False,,,190546.0,154398389.01,,,2025-06-10,,,,0,0.0,0,None,31.95,0.0,61.5,No material anomaly signal detected.,Completed,RUN-20261008-254699
WS/MP18098/2024-2025/180397,V41,Madhya Pradesh,BALAGHAT,BHARTI PARDHI,Normal/Others,,,Audit,1,19.17,Low,1,0,True,0,0,,,,False,False,False,False,,,190546.0,154398389.01,,,2025-06-10,,,,0,0.0,0,None,31.95,0.0,61.5,No material anomaly signal detected.,Completed,RUN-20261008-254699
WS/MP18098/2024-2025/180399,V41,Madhya Pradesh,BALAGHAT,BHARTI PARDHI,Normal/Others,,,Audit,1,19.17,Low,1,0,True,0,0,,,,False,False,False,False,,,190546.0,154398389.01,,,2025-06-10,,,,0,0.0,0,None,31.95,0.0,61.5,No material anomaly signal detected.,Completed,RUN-20261008-254699
WS/MP18098/2024-2025/180401,V41,Madhya Pradesh,BALAGHAT,BHARTI PARDHI,Normal/Others,,,Audit,1,19.17,Low,1,0,True,0,0,,,,False,False,False,False,,,190546.0,154398389.01,,,2025-06-10,,,,0,0.0,0,None,31.95,0.0,61.5,No material anomaly signal detected.,Completed,RUN-20261008-254699
WS/MP18098/2025-2026/195616,V41,Madhya Pradesh,BALAGHAT,BHARTI PARDHI,Normal/Others,,,Audit,1,19.17,Low,1,0,True,0,0,,,,False,False,False,False,,,496300.0,154398389.01,,,2025-09-19,,,,0,0.0,0,None,31.95,0.0,61.5,No material anomaly signal detected.,Completed,RUN-20261008-254699
WS/MP18098/2025-2026/185509,V41,Madhya Pradesh,BALAGHAT,BHARTI PARDHI,Normal/Others,,,Audit,1,19.17,Low,1,0,True,0,0,,,,False,False,False,False,,,772290.0,154398389.01,,,2025-09-01,,,,0,0.0,0,None,31.95,0.0,61.5,No material anomaly signal detected.,Completed,RUN-20261008-254699
WS/MP18098/2025-2026/185508,V41,Madhya Pradesh,BALAGHAT,BHARTI PARDHI,Normal/Others,,,Audit,1,19.17,Low,1,0,True,0,0,,,,False,False,False,False,,,772290.0,154398389.01,,,2025-09-01,,,,0,0.0,0,None,31.95,0.0,61.5,No material anomaly signal detected.,Completed,RUN-20261008-254699
WS/MP18098/2025-2026/185507,V41,Madhya Pradesh,BALAGHAT,BHARTI PARDHI,Normal/Others,,,Audit,1,19.17,Low,1,0,True,0,0,,,,False,False,False,False,,,772290.0,154398389.01,,,2025-09-01,,,,0,0.0,0,None,31.95,0.0,61.5,No material anomaly signal detected.,Completed,RUN-20261008-254699
WS/MP18098/2025-2026/185506,V41,Madhya Pradesh,BALAGHAT,BHARTI PARDHI,Normal/Others,,,Audit,1,19.17,Low,1,0,True,0,0,,,,False,False,False,False,,,772290.0,154398389.01,,,2025-08-13,,,,0,0.0,0,None,31.95,0.0,61.5,No material anomaly signal detected.,Completed,RUN-20261008-254699
WS/MP18098/2025-2026/185500,V41,Madhya Pradesh,BALAGHAT,BHARTI PARDHI,Normal/Others,,,Audit,1,19.17,Low,1,0,True,0,0,,,,False,False,False,False,,,772290.0,154398389.01,,,2025-08-13,,,,0,0.0,0,None,31.95,0.0,61.5,No material anomaly signal detected.,Completed,RUN-20261008-254699
WS/MP18098/2024-2025/180402,V41,Madhya Pradesh,BALAGHAT,BHARTI PARDHI,Normal/Others,,,Audit,1,19.17,Low,1,0,True,0,0,,,,False,False,False,False,,,190546.0,154398389.01,,,2025-06-10,,,,0,0.0,0,None,31.95,0.0,61.5,No material anomaly signal detected.,Completed,RUN-20261008-254699
WS/MP18098/2024-2025/180404,V41,Madhya Pradesh,BALAGHAT,BHARTI PARDHI,Normal/Others,,,Audit,1,19.17,Low,1,0,True,0,0,,,,False,False,False,False,,,190546.0,154398389.01,,,2025-05-22,,,,0,0.0,0,None,31.95,0.0,61.5,No material anomaly signal detected.,Completed,RUN-20261008-254699
WS/MP18098/2024-2025/180405,V41,Madhya Pradesh,BALAGHAT,BHARTI PARDHI,Normal/Others,,,Audit,1,19.17,Low,1,0,True,0,0,,,,False,False,False,False,,,190546.0,154398389.01,,,2025-05-22,,,,0,0.0,0,None,31.95,0.0,61.5,No material anomaly signal detected.,Completed,RUN-20261008-254699
WS/MP18098/2024-2025/180406,V41,Madhya Pradesh,BALAGHAT,BHARTI PARDHI,Normal/Others,,,Audit,1,19.17,Low,1,0,True,0,0,,,,False,False,False,False,,,190546.0,154398389.01,,,2025-05-22,,,,0,0.0,0,None,31.95,0.0,61.5,No material anomaly signal detected.,Completed,RUN-20261008-254699
WS/MP18098/2024-2025/180408,V41,Madhya Pradesh,BALAGHAT,BHARTI PARDHI,Normal/Others,,,Audit,1,19.17,Low,1,0,True,0,0,,,,False,False,False,False,,,190546.0,154398389.01,,,2025-05-22,,,,0,0.0,0,None,31.95,0.0,61.5,No material anomaly signal detected.,Completed,RUN-20261008-254699
WS/MP18098/2024-2025/180409,V41,Madhya Pradesh,BALAGHAT,BHARTI PARDHI,Normal/Others,,,Audit,1,19.17,Low,1,0,True,0,0,,,,False,False,False,False,,,190546.0,154398389.01,,,2025-05-22,,,,0,0.0,0,None,31.95,0.0,61.5,No material anomaly signal detected.,Completed,RUN-20261008-254699
WS/MP18098/2024-2025/180410,V41,Madhya Pradesh,BALAGHAT,BHARTI PARDHI,Normal/Others,,,Audit,1,19.17,Low,1,0,True,0,0,,,,False,False,False,False,,,190546.0,154398389.01,,,2025-05-22,,,,0,0.0,0,None,31.95,0.0,61.5,No material anomaly signal detected.,Completed,RUN-20261008-254699
WS/MP18098/2025-2026/185499,V41,Madhya Pradesh,BALAGHAT,BHARTI PARDHI,Normal/Others,,,Audit,1,19.17,Low,1,0,True,0,0,,,,False,False,False,False,,,772290.0,154398389.01,,,2025-08-13,,,,0,0.0,0,None,31.95,0.0,61.5,No material anomaly signal detected.,Completed,RUN-20261008-254699
WS/MP18098/2025-2026/181883,V41,Madhya Pradesh,BALAGHAT,BHARTI PARDHI,Normal/Others,,,Audit,1,19.17,Low,1,0,True,0,0,,,,False,False,False,False,,,190546.0,154398389.01,,,2025-06-23,,,,0,0.0,0,None,31.95,0.0,61.5,No material anomaly signal detected.,Completed,RUN-20261008-254699
WS/MP18098/2025-2026/181882,V41,Madhya Pradesh,BALAGHAT,BHARTI PARDHI,Normal/Others,,,Audit,1,19.17,Low,1,0,True,0,0,,,,False,False,False,False,,,190546.0,154398389.01,,,2025-06-23,,,,0,0.0,0,None,31.95,0.0,61.5,No material anomaly signal detected.,Completed,RUN-20261008-254699
WS/MP18098/2025-2026/180445,V41,Madhya Pradesh,BALAGHAT,BHARTI PARDHI,Normal/Others,,,Audit,1,19.17,Low,1,0,True,0,0,,,,False,False,False,False,,,1499350.0,154398389.01,,,2025-11-07,,,,0,0.0,0,None,31.95,0.0,61.5,No material anomaly signal detected.,Completed,RUN-20261008-254699
WS/MP18098/2025-2026/180424,V41,Madhya Pradesh,BALAGHAT,BHARTI PARDHI,Normal/Others,,,Audit,1,19.17,Low,1,0,True,0,0,,,,False,False,False,False,,,269850.0,154398389.01,,,2025-08-08,,,,0,0.0,0,None,31.95,0.0,61.5,No material anomaly signal detected.,Completed,RUN-20261008-254699
WS/MP18098/2025-2026/180419,V41,Madhya Pradesh,BALAGHAT,BHARTI PARDHI,Normal/Others,,,Audit,1,19.17,Low,1,0,True,0,0,,,,False,False,False,False,,,269850.0,154398389.01,,,2025-08-08,,,,0,0.0,0,None,31.95,0.0,61.5,No material anomaly signal detected.,Completed,RUN-20261008-254699
WS/MP18098/2025-2026/180420,V41,Madhya Pradesh,BALAGHAT,BHARTI PARDHI,Normal/Others,,,Audit,1,19.17,Low,1,0,True,0,0,,,,False,False,False,False,,,269850.0,154398389.01,,,2025-08-08,,,,0,0.0,0,None,31.95,0.0,61.5,No material anomaly signal detected.,Completed,RUN-20261008-254699
WS/MP18098/2025-2026/180422,V41,Madhya Pradesh,BALAGHAT,BHARTI PARDHI,Normal/Others,,,Audit,1,19.17,Low,1,0,True,0,0,,,,False,False,False,False,,,269850.0,154398389.01,,,2025-08-08,,,,0,0.0,0,None,31.95,0.0,61.5,No material anomaly signal detected.,Completed,RUN-20261008-254699
WS/MP18098/2024-2025/180439,V41,Madhya Pradesh,BALAGHAT,BHARTI PARDHI,Normal/Others,,,Audit,1,19.17,Low,1,0,True,0,0,,,,False,False,False,False,,,2499950.0,154398389.01,,,2026-03-18,,,,0,0.0,0,None,31.95,0.0,61.5,No material anomaly signal detected.,Completed,RUN-20261008-254699
WS/MP18098/2024-2025/180412,V41,Madhya Pradesh,BALAGHAT,BHARTI PARDHI,Normal/Others,,,Audit,1,19.17,Low,1,0,True,0,0,,,,False,False,False,False,,,190546.0,154398389.01,,,2025-05-22,,,,0,0.0,0,None,31.95,0.0,61.5,No material anomaly signal detected.,Completed,RUN-20261008-254699
WS/MP18098/2025-2026/169260,V41,Madhya Pradesh,BALAGHAT,BHARTI PARDHI,Normal/Others,,,Audit,1,19.17,Low,1,0,True,0,0,,,,False,False,False,False,,,247537.0,154398389.01,,,2025-11-18,,,,0,0.0,0,None,31.95,0.0,61.5,No material anomaly signal detected.,Completed,RUN-20261008-254699
WS/MP18098/2025-2026/180375,V41,Madhya Pradesh,BALAGHAT,BHARTI PARDHI,Normal/Others,,,Audit,1,19.17,Low,1,0,True,0,0,,,,False,False,False,False,,,247537.0,154398389.01,,,2025-11-12,,,,0,0.0,0,None,31.95,0.0,61.5,No material anomaly signal detected.,Completed,RUN-20261008-254699
WS/MP18098/2025-2026/180374,V41,Madhya Pradesh,BALAGHAT,BHARTI PARDHI,Normal/Others,,,Audit,1,19.17,Low,1,0,True,0,0,,,,False,False,False,False,,,247537.0,154398389.01,,,2025-11-12,,,,0,0.0,0,None,31.95,0.0,61.5,No material anomaly signal detected.,Completed,RUN-20261008-254699
WS/MP18098/2025-2026/180372,V41,Madhya Pradesh,BALAGHAT,BHARTI PARDHI,Normal/Others,,,Audit,1,19.17,Low,1,0,True,0,0,,,,False,False,False,False,,,247537.0,154398389.01,,,2025-11-12,,,,0,0.0,0,None,31.95,0.0,61.5,No material anomaly signal detected.,Completed,RUN-20261008-254699
WS/MP18098/2025-2026/180371,V41,Madhya Pradesh,BALAGHAT,BHARTI PARDHI,Normal/Others,,,Audit,1,19.17,Low,1,0,True,0,0,,,,False,False,False,False,,,247537.0,154398389.01,,,2025-11-12,,,,0,0.0,0,None,31.95,0.0,61.5,No material anomaly signal detected.,Completed,RUN-20261008-254699
WS/MP18098/2025-2026/180370,V41,Madhya Pradesh,BALAGHAT,BHARTI PARDHI,Normal/Others,,,Audit,1,19.17,Low,1,0,True,0,0,,,,False,False,False,False,,,247537.0,154398389.01,,,2025-11-12,,,,0,0.0,0,None,31.95,0.0,61.5,No material anomaly signal detected.,Completed,RUN-20261008-254699
WS/MP18098/2025-2026/180369,V41,Madhya Pradesh,BALAGHAT,BHARTI PARDHI,Normal/Others,,,Audit,1,19.17,Low,1,0,True,0,0,,,,False,False,False,False,,,247537.0,154398389.01,,,2025-11-12,,,,0,0.0,0,None,31.95,0.0,61.5,No material anomaly signal detected.,Completed,RUN-20261008-254699
WS/MP18098/2025-2026/180367,V41,Madhya Pradesh,BALAGHAT,BHARTI PARDHI,Normal/Others,,,Audit,1,19.17,Low,1,0,True,0,0,,,,False,False,False,False,,,247537.0,154398389.01,,,2025-11-12,,,,0,0.0,0,None,31.95,0.0,61.5,No material anomaly signal detected.,Completed,RUN-20261008-254699
WS/MP18098/2025-2026/169259,V41,Madhya Pradesh,BALAGHAT,BHARTI PARDHI,Normal/Others,,,Audit,1,19.17,Low,1,0,True,0,0,,,,False,False,False,False,,,247537.0,154398389.01,,,2025-11-17,,,,0,0.0,0,None,31.95,0.0,61.5,No material anomaly signal detected.,Completed,RUN-20261008-254699
WS/MP18098/2025-2026/169262,V41,Madhya Pradesh,BALAGHAT,BHARTI PARDHI,Normal/Others,,,Audit,1,19.17,Low,1,0,True,0,0,,,,False,False,False,False,,,247537.0,154398389.01,,,2025-11-18,,,,0,0.0,0,None,31.95,0.0,61.5,No material anomaly signal detected.,Completed,RUN-20261008-254699
WS/MP18098/2024-2025/180441,V41,Madhya Pradesh,BALAGHAT,BHARTI PARDHI,Normal/Others,,,Audit,1,19.17,Low,1,0,True,0,0,,,,False,False,False,False,,,2499945.0,154398389.01,,,2026-04-08,,,,0,0.0,0,None,31.95,0.0,61.5,No material anomaly signal detected.,Completed,RUN-20261008-254699
WS/MP18098/2025-2026/169258,V41,Madhya Pradesh,BALAGHAT,BHARTI PARDHI,Normal/Others,,,Audit,1,19.17,Low,1,0,True,0,0,,,,False,False,False,False,,,247537.0,154398389.01,,,2025-11-17,,,,0,0.0,0,None,31.95,0.0,61.5,No material anomaly signal detected.,Completed,RUN-20261008-254699
WS/MP18098/2024-2025/180442,V41,Madhya Pradesh,BALAGHAT,BHARTI PARDHI,Normal/Others,,,Audit,1,19.17,Low,1,0,True,0,0,,,,False,False,False,False,,,2499970.0,154398389.01,,,2026-05-13,,,,0,0.0,0,None,31.95,0.0,61.5,No material anomaly signal detected.,Completed,RUN-20261008-254699
WS/MP18098/2024-2025/180443,V41,Madhya Pradesh,BALAGHAT,BHARTI PARDHI,Normal/Others,,,Audit,1,19.17,Low,1,0,True,0,0,,,,False,False,False,False,,,2499909.0,154398389.01,,,2026-05-13,,,,0,0.0,0,None,31.95,0.0,61.5,No material anomaly signal detected.,Completed,RUN-20261008-254699
WS/MP18098/2025-2026/169240,V41,Madhya Pradesh,BALAGHAT,BHARTI PARDHI,Normal/Others,,,Audit,1,19.17,Low,1,0,True,0,0,,,,False,False,False,False,,,1000000.0,154398389.01,,,2025-09-12,,,,0,0.0,0,None,31.95,0.0,61.5,No material anomaly signal detected.,Completed,RUN-20261008-254699
WS/MP18098/2025-2026/169237,V41,Madhya Pradesh,BALAGHAT,BHARTI PARDHI,Normal/Others,,,Audit,1,19.17,Low,1,0,True,0,0,,,,False,False,False,False,,,1000000.0,154398389.01,,,2025-07-25,,,,0,0.0,0,None,31.95,0.0,61.5,No material anomaly signal detected.,Completed,RUN-20261008-254699
WS/MP18098/2024-2025/180438,V41,Madhya Pradesh,BALAGHAT,BHARTI PARDHI,Normal/Others,,,Audit,1,19.17,Low,1,0,True,0,0,,,,False,False,False,False,,,2499970.0,154398389.01,,,2026-03-18,,,,0,0.0,0,None,31.95,0.0,61.5,No material anomaly signal detected.,Completed,RUN-20261008-254699
WS/MP18098/2025-2026/180376,V41,Madhya Pradesh,BALAGHAT,BHARTI PARDHI,Normal/Others,,,Audit,1,19.17,Low,1,0,True,0,0,,,,False,False,False,False,,,247537.0,154398389.01,,,2025-11-12,,,,0,0.0,0,None,31.95,0.0,61.5,No material anomaly signal detected.,Completed,RUN-20261008-254699
WS/MP18098/2025-2026/169264,V41,Madhya Pradesh,BALAGHAT,BHARTI PARDHI,Normal/Others,,,Audit,1,19.17,Low,1,0,True,0,0,,,,False,False,False,False,,,247537.0,154398389.01,,,2025-11-18,,,,0,0.0,0,None,31.95,0.0,61.5,No material anomaly signal detected.,Completed,RUN-20261008-254699
WS/MP18098/2024-2025/180413,V41,Madhya Pradesh,BALAGHAT,BHARTI PARDHI,Normal/Others,,,Audit,1,19.17,Low,1,0,True,0,0,,,,False,False,False,False,,,190546.0,154398389.01,,,2025-05-22,,,,0,0.0,0,None,31.95,0.0,61.5,No material anomaly signal detected.,Completed,RUN-20261008-254699
WS/MP18098/2025-2026/180363,V41,Madhya Pradesh,BALAGHAT,BHARTI PARDHI,Normal/Others,,,Audit,1,19.17,Low,1,0,True,0,0,,,,False,False,False,False,,,247537.0,154398389.01,,,2025-11-12,,,,0,0.0,0,None,31.95,0.0,61.5,No material anomaly signal detected.,Completed,RUN-20261008-254699
WS/MP18098/2025-2026/180418,V41,Madhya Pradesh,BALAGHAT,BHARTI PARDHI,Normal/Others,,,Audit,1,19.17,Low,1,0,True,0,0,,,,False,False,False,False,,,269850.0,154398389.01,,,2025-08-08,,,,0,0.0,0,None,31.95,0.0,61.5,No material anomaly signal detected.,Completed,RUN-20261008-254699
WS/MP18098/2025-2026/180386,V41,Madhya Pradesh,BALAGHAT,BHARTI PARDHI,Normal/Others,,,Audit,1,19.17,Low,1,0,True,0,0,,,,False,False,False,False,,,247537.0,154398389.01,,,2025-11-12,,,,0,0.0,0,None,31.95,0.0,61.5,No material anomaly signal detected.,Completed,RUN-20261008-254699
WS/MP18098/2025-2026/180385,V41,Madhya Pradesh,BALAGHAT,BHARTI PARDHI,Normal/Others,,,Audit,1,19.17,Low,1,0,True,0,0,,,,False,False,False,False,,,247537.0,154398389.01,,,2025-11-12,,,,0,0.0,0,None,31.95,0.0,61.5,No material anomaly signal detected.,Completed,RUN-20261008-254699
WS/MP18098/2025-2026/180384,V41,Madhya Pradesh,BALAGHAT,BHARTI PARDHI,Normal/Others,,,Audit,1,19.17,Low,1,0,True,0,0,,,,False,False,False,False,,,247537.0,154398389.01,,,2025-11-12,,,,0,0.0,0,None,31.95,0.0,61.5,No material anomaly signal detected.,Completed,RUN-20261008-254699
WS/MP18098/2025-2026/180366,V41,Madhya Pradesh,BALAGHAT,BHARTI PARDHI,Normal/Others,,,Audit,1,19.17,Low,1,0,True,0,0,,,,False,False,False,False,,,247537.0,154398389.01,,,2025-11-12,,,,0,0.0,0,None,31.95,0.0,61.5,No material anomaly signal detected.,Completed,RUN-20261008-254699
WS/MP18098/2025-2026/180365,V41,Madhya Pradesh,BALAGHAT,BHARTI PARDHI,Normal/Others,,,Audit,1,19.17,Low,1,0,True,0,0,,,,False,False,False,False,,,247537.0,154398389.01,,,2025-11-12,,,,0,0.0,0,None,31.95,0.0,61.5,No material anomaly signal detected.,Completed,RUN-20261008-254699
WS/MP18098/2025-2026/180364,V41,Madhya Pradesh,BALAGHAT,BHARTI PARDHI,Normal/Others,,,Audit,1,19.17,Low,1,0,True,0,0,,,,False,False,False,False,,,247537.0,154398389.01,,,2025-11-12,,,,0,0.0,0,None,31.95,0.0,61.5,No material anomaly signal detected.,Completed,RUN-20261008-254699
WS/MP18098/2025-2026/180362,V41,Madhya Pradesh,BALAGHAT,BHARTI PARDHI,Normal/Others,,,Audit,1,19.17,Low,1,0,True,0,0,,,,False,False,False,False,,,247537.0,154398389.01,,,2025-11-12,,,,0,0.0,0,None,31.95,0.0,61.5,No material anomaly signal detected.,Completed,RUN-20261008-254699
WS/MP18098/2025-2026/169266,V41,Madhya Pradesh,BALAGHAT,BHARTI PARDHI,Normal/Others,,,Audit,1,19.17,Low,1,0,True,0,0,,,,False,False,False,False,,,247537.0,154398389.01,,,2025-11-18,,,,0,0.0,0,None,31.95,0.0,61.5,No material anomaly signal detected.,Completed,RUN-20261008-254699
WS/MP18098/2025-2026/180361,V41,Madhya Pradesh,BALAGHAT,BHARTI PARDHI,Normal/Others,,,Audit,1,19.17,Low,1,0,True,0,0,,,,False,False,False,False,,,247537.0,154398389.01,,,2025-11-12,,,,0,0.0,0,None,31.95,0.0,61.5,No material anomaly signal detected.,Completed,RUN-20261008-254699
WS/MP18098/2025-2026/176785,V41,Madhya Pradesh,BALAGHAT,BHARTI PARDHI,Normal/Others,,,Audit,1,19.17,Low,1,0,True,0,0,,,,False,False,False,False,,,247537.0,154398389.01,,,2025-11-18,,,,0,0.0,0,None,31.95,0.0,61.5,No material anomaly signal detected.,Completed,RUN-20261008-254699
WS/MP18098/2025-2026/176784,V41,Madhya Pradesh,BALAGHAT,BHARTI PARDHI,Normal/Others,,,Audit,1,19.17,Low,1,0,True,0,0,,,,False,False,False,False,,,600000.0,154398389.01,,,2026-05-15,,,,0,0.0,0,None,31.95,0.0,61.5,No material anomaly signal detected.,Completed,RUN-20261008-254699
WS/MP18098/2025-2026/169269,V41,Madhya Pradesh,BALAGHAT,BHARTI PARDHI,Normal/Others,,,Audit,1,19.17,Low,1,0,True,0,0,,,,False,False,False,False,,,247537.0,154398389.01,,,2025-11-18,,,,0,0.0,0,None,31.95,0.0,61.5,No material anomaly signal detected.,Completed,RUN-20261008-254699
WS/MP18098/2025-2026/169268,V41,Madhya Pradesh,BALAGHAT,BHARTI PARDHI,Normal/Others,,,Audit,1,19.17,Low,1,0,True,0,0,,,,False,False,False,False,,,247537.0,154398389.01,,,2025-11-18,,,,0,0.0,0,None,31.95,0.0,61.5,No material anomaly signal detected.,Completed,RUN-20261008-254699
WS/MP18098/2024-2025/180415,V41,Madhya Pradesh,BALAGHAT,BHARTI PARDHI,Normal/Others,,,Audit,1,19.17,Low,1,0,True,0,0,,,,False,False,False,False,,,190546.0,154398389.01,,,2025-05-22,,,,0,0.0,0,None,31.95,0.0,61.5,No material anomaly signal detected.,Completed,RUN-20261008-254699
WS/MP18098/2025-2026/169267,V41,Madhya Pradesh,BALAGHAT,BHARTI PARDHI,Normal/Others,,,Audit,1,19.17,Low,1,0,True,0,0,,,,False,False,False,False,,,247537.0,154398389.01,,,2025-11-18,,,,0,0.0,0,None,31.95,0.0,61.5,No material anomaly signal detected.,Completed,RUN-20261008-254699
WS/MP18098/2024-2025/180440,V41,Madhya Pradesh,BALAGHAT,BHARTI PARDHI,Normal/Others,,,Audit,1,19.17,Low,1,0,True,0,0,,,,False,False,False,False,,,2499985.0,154398389.01,,,2026-04-08,,,,0,0.0,0,None,31.95,0.0,61.5,No material anomaly signal detected.,Completed,RUN-20261008-254699
WS/MP18098/2024-2025/180387,V41,Madhya Pradesh,BALAGHAT,BHARTI PARDHI,Normal/Others,,,Audit,1,19.17,Low,1,0,True,0,0,,,,False,False,False,False,,,190546.0,154398389.01,,,2025-06-10,,,,0,0.0,0,None,31.95,0.0,61.5,No material anomaly signal detected.,Completed,RUN-20261008-254699
WS/MP18098/2024-2025/180388,V41,Madhya Pradesh,BALAGHAT,BHARTI PARDHI,Normal/Others,,,Audit,1,19.17,Low,1,0,True,0,0,,,,False,False,False,False,,,190546.0,154398389.01,,,2025-06-10,,,,0,0.0,0,None,31.95,0.0,61.5,No material anomaly signal detected.,Completed,RUN-20261008-254699
WS/MP18106/2024-2025/178300,V41,Madhya Pradesh,MORENA,SHIVMANGAL SINGH TOMAR,Normal/Others,,,Audit,1,18.33,Low,1,0,True,0,0,,,,False,False,False,False,,,166026.0,147000000.0,,,2025-10-10,,,,0,0.0,0,None,30.55,0.0,63.9,No material anomaly signal detected.,Completed,RUN-20261008-254699
WS/MP18106/2024-2025/178292,V41,Madhya Pradesh,MORENA,SHIVMANGAL SINGH TOMAR,Normal/Others,,,Audit,1,18.33,Low,1,0,True,0,0,,,,False,False,False,False,,,166026.0,147000000.0,,,2025-10-10,,,,0,0.0,0,None,30.55,0.0,63.9,No material anomaly signal detected.,Completed,RUN-20261008-254699
WS/MP18106/2024-2025/178282,V41,Madhya Pradesh,MORENA,SHIVMANGAL SINGH TOMAR,Normal/Others,,,Audit,1,18.33,Low,1,0,True,0,0,,,,False,False,False,False,,,166026.0,147000000.0,,,2025-10-10,,,,0,0.0,0,None,30.55,0.0,63.9,No material anomaly signal detected.,Completed,RUN-20261008-254699
WS/MP18106/2024-2025/178283,V41,Madhya Pradesh,MORENA,SHIVMANGAL SINGH TOMAR,Normal/Others,,,Audit,1,18.33,Low,1,0,True,0,0,,,,False,False,False,False,,,166026.0,147000000.0,,,2025-10-10,,,,0,0.0,0,None,30.55,0.0,63.9,No material anomaly signal detected.,Completed,RUN-20261008-254699
WS/MP18106/2024-2025/178284,V41,Madhya Pradesh,MORENA,SHIVMANGAL SINGH TOMAR,Normal/Others,,,Audit,1,18.33,Low,1,0,True,0,0,,,,False,False,False,False,,,166026.0,147000000.0,,,2025-10-10,,,,0,0.0,0,None,30.55,0.0,63.9,No material anomaly signal detected.,Completed,RUN-20261008-254699
WS/MP18106/2024-2025/178286,V41,Madhya Pradesh,MORENA,SHIVMANGAL SINGH TOMAR,Normal/Others,,,Audit,1,18.33,Low,1,0,True,0,0,,,,False,False,False,False,,,166026.0,147000000.0,,,2025-10-10,,,,0,0.0,0,None,30.55,0.0,63.9,No material anomaly signal detected.,Completed,RUN-20261008-254699
WS/MP18106/2024-2025/178287,V41,Madhya Pradesh,MORENA,SHIVMANGAL SINGH TOMAR,Normal/Others,,,Audit,1,18.33,Low,1,0,True,0,0,,,,False,False,False,False,,,166026.0,147000000.0,,,2025-10-10,,,,0,0.0,0,None,30.55,0.0,63.9,No material anomaly signal detected.,Completed,RUN-20261008-254699
WS/MP18106/2024-2025/178288,V41,Madhya Pradesh,MORENA,SHIVMANGAL SINGH TOMAR,Normal/Others,,,Audit,1,18.33,Low,1,0,True,0,0,,,,False,False,False,False,,,166026.0,147000000.0,,,2025-10-10,,,,0,0.0,0,None,30.55,0.0,63.9,No material anomaly signal detected.,Completed,RUN-20261008-254699
WS/MP18106/2024-2025/178289,V41,Madhya Pradesh,MORENA,SHIVMANGAL SINGH TOMAR,Normal/Others,,,Audit,1,18.33,Low,1,0,True,0,0,,,,False,False,False,False,,,166026.0,147000000.0,,,2025-10-10,,,,0,0.0,0,None,30.55,0.0,63.9,No material anomaly signal detected.,Completed,RUN-20261008-254699
WS/MP18106/2024-2025/178290,V41,Madhya Pradesh,MORENA,SHIVMANGAL SINGH TOMAR,Normal/Others,,,Audit,1,18.33,Low,1,0,True,0,0,,,,False,False,False,False,,,166026.0,147000000.0,,,2025-10-10,,,,0,0.0,0,None,30.55,0.0,63.9,No material anomaly signal detected.,Completed,RUN-20261008-254699
WS/MP18106/2024-2025/178291,V41,Madhya Pradesh,MORENA,SHIVMANGAL SINGH TOMAR,Normal/Others,,,Audit,1,18.33,Low,1,0,True,0,0,,,,False,False,False,False,,,166026.0,147000000.0,,,2025-10-10,,,,0,0.0,0,None,30.55,0.0,63.9,No material anomaly signal detected.,Completed,RUN-20261008-254699
WS/MP18106/2024-2025/178293,V41,Madhya Pradesh,MORENA,SHIVMANGAL SINGH TOMAR,Normal/Others,,,Audit,1,18.33,Low,1,0,True,0,0,,,,False,False,False,False,,,166026.0,147000000.0,,,2025-10-10,,,,0,0.0,0,None,30.55,0.0,63.9,No material anomaly signal detected.,Completed,RUN-20261008-254699
WS/MP18106/2024-2025/178294,V41,Madhya Pradesh,MORENA,SHIVMANGAL SINGH TOMAR,Normal/Others,,,Audit,1,18.33,Low,1,0,True,0,0,,,,False,False,False,False,,,166026.0,147000000.0,,,2025-10-10,,,,0,0.0,0,None,30.55,0.0,63.9,No material anomaly signal detected.,Completed,RUN-20261008-254699
WS/MP18106/2024-2025/178295,V41,Madhya Pradesh,MORENA,SHIVMANGAL SINGH TOMAR,Normal/Others,,,Audit,1,18.33,Low,1,0,True,0,0,,,,False,False,False,False,,,166026.0,147000000.0,,,2025-10-10,,,,0,0.0,0,None,30.55,0.0,63.9,No material anomaly signal detected.,Completed,RUN-20261008-254699
WS/MP18106/2024-2025/178296,V41,Madhya Pradesh,MORENA,SHIVMANGAL SINGH TOMAR,Normal/Others,,,Audit,1,18.33,Low,1,0,True,0,0,,,,False,False,False,False,,,166026.0,147000000.0,,,2025-10-10,,,,0,0.0,0,None,30.55,0.0,63.9,No material anomaly signal detected.,Completed,RUN-20261008-254699
WS/MP18106/2024-2025/178297,V41,Madhya Pradesh,MORENA,SHIVMANGAL SINGH TOMAR,Normal/Others,,,Audit,1,18.33,Low,1,0,True,0,0,,,,False,False,False,False,,,166026.0,147000000.0,,,2025-10-10,,,,0,0.0,0,None,30.55,0.0,63.9,No material anomaly signal detected.,Completed,RUN-20261008-254699
WS/MP18106/2024-2025/178298,V41,Madhya Pradesh,MORENA,SHIVMANGAL SINGH TOMAR,Normal/Others,,,Audit,1,18.33,Low,1,0,True,0,0,,,,False,False,False,False,,,166026.0,147000000.0,,,2025-10-10,,,,0,0.0,0,None,30.55,0.0,63.9,No material anomaly signal detected.,Completed,RUN-20261008-254699
WS/MP18106/2024-2025/178299,V41,Madhya Pradesh,MORENA,SHIVMANGAL SINGH TOMAR,Normal/Others,,,Audit,1,18.33,Low,1,0,True,0,0,,,,False,False,False,False,,,166026.0,147000000.0,,,2025-10-10,,,,0,0.0,0,None,30.55,0.0,63.9,No material anomaly signal detected.,Completed,RUN-20261008-254699
WS/MP18106/2024-2025/178301,V41,Madhya Pradesh,MORENA,SHIVMANGAL SINGH TOMAR,Normal/Others,,,Audit,1,18.33,Low,1,0,True,0,0,,,,False,False,False,False,,,166026.0,147000000.0,,,2025-10-10,,,,0,0.0,0,None,30.55,0.0,63.9,No material anomaly signal detected.,Completed,RUN-20261008-254699
WS/MP18106/2024-2025/178302,V41,Madhya Pradesh,MORENA,SHIVMANGAL SINGH TOMAR,Normal/Others,,,Audit,1,18.33,Low,1,0,True,0,0,,,,False,False,False,False,,,166026.0,147000000.0,,,2025-10-10,,,,0,0.0,0,None,30.55,0.0,63.9,No material anomaly signal detected.,Completed,RUN-20261008-254699
WS/MP18106/2024-2025/178303,V41,Madhya Pradesh,MORENA,SHIVMANGAL SINGH TOMAR,Normal/Others,,,Audit,1,18.33,Low,1,0,True,0,0,,,,False,False,False,False,,,166026.0,147000000.0,,,2025-10-10,,,,0,0.0,0,None,30.55,0.0,63.9,No material anomaly signal detected.,Completed,RUN-20261008-254699
WS/MP18106/2024-2025/178281,V41,Madhya Pradesh,MORENA,SHIVMANGAL SINGH TOMAR,Normal/Others,,,Audit,1,18.33,Low,1,0,True,0,0,,,,False,False,False,False,,,166026.0,147000000.0,,,2025-10-09,,,,0,0.0,0,None,30.55,0.0,63.9,No material anomaly signal detected.,Completed,RUN-20261008-254699
WS/MP18106/2024-2025/178285,V41,Madhya Pradesh,MORENA,SHIVMANGAL SINGH TOMAR,Normal/Others,,,Audit,1,18.33,Low,1,0,True,0,0,,,,False,False,False,False,,,166026.0,147000000.0,,,2025-10-10,,,,0,0.0,0,None,30.55,0.0,63.9,No material anomaly signal detected.,Completed,RUN-20261008-254699
WS/MP654/2024-2025/172126,V41,Madhya Pradesh,SHAHDOL (ST),Smt Himadri Singh,Normal/Others,,,Audit,1,17.75,Low,1,0,True,0,0,,,,False,False,False,False,,,366964.0,150724861.11,,,2026-04-13,,,,0,0.0,0,None,29.59,0.0,63.9,No material anomaly signal detected.,Completed,RUN-20261008-254699
WS/MP654/2025-2026/184194,V41,Madhya Pradesh,SHAHDOL (ST),Smt Himadri Singh,Normal/Others,,,Audit,1,17.75,Low,1,0,True,0,0,,,,False,False,False,False,,,198723.0,150724861.11,,,2025-12-11,,,,0,0.0,0,None,29.59,0.0,63.9,No material anomaly signal detected.,Completed,RUN-20261008-254699
WS/MP654/2025-2026/178975,V41,Madhya Pradesh,SHAHDOL (ST),Smt Himadri Singh,Normal/Others,,,Audit,1,17.75,Low,1,0,True,0,0,,,,False,False,False,False,,,198723.0,150724861.11,,,2026-01-27,,,,0,0.0,0,None,29.59,0.0,63.9,No material anomaly signal detected.,Completed,RUN-20261008-254699
WS/MP654/2025-2026/178976,V41,Madhya Pradesh,SHAHDOL (ST),Smt Himadri Singh,Normal/Others,,,Audit,1,17.75,Low,1,0,True,0,0,,,,False,False,False,False,,,198723.0,150724861.11,,,2026-01-27,,,,0,0.0,0,None,29.59,0.0,63.9,No material anomaly signal detected.,Completed,RUN-20261008-254699
WS/MP654/2025-2026/181113,V41,Madhya Pradesh,SHAHDOL (ST),Smt Himadri Singh,Normal/Others,,,Audit,1,17.75,Low,1,0,True,0,0,,,,False,False,False,False,,,198723.0,150724861.11,,,2025-12-11,,,,0,0.0,0,None,29.59,0.0,63.9,No material anomaly signal detected.,Completed,RUN-20261008-254699
WS/MP654/2025-2026/181114,V41,Madhya Pradesh,SHAHDOL (ST),Smt Himadri Singh,Normal/Others,,,Audit,1,17.75,Low,1,0,True,0,0,,,,False,False,False,False,,,198723.0,150724861.11,,,2025-12-11,,,,0,0.0,0,None,29.59,0.0,63.9,No material anomaly signal detected.,Completed,RUN-20261008-254699
WS/MP654/2025-2026/181115,V41,Madhya Pradesh,SHAHDOL (ST),Smt Himadri Singh,Normal/Others,,,Audit,1,17.75,Low,1,0,True,0,0,,,,False,False,False,False,,,198723.0,150724861.11,,,2025-12-11,,,,0,0.0,0,None,29.59,0.0,63.9,No material anomaly signal detected.,Completed,RUN-20261008-254699
WS/MP654/2025-2026/181116,V41,Madhya Pradesh,SHAHDOL (ST),Smt Himadri Singh,Normal/Others,,,Audit,1,17.75,Low,1,0,True,0,0,,,,False,False,False,False,,,198723.0,150724861.11,,,2025-12-11,,,,0,0.0,0,None,29.59,0.0,63.9,No material anomaly signal detected.,Completed,RUN-20261008-254699
WS/MP654/2025-2026/181117,V41,Madhya Pradesh,SHAHDOL (ST),Smt Himadri Singh,Normal/Others,,,Audit,1,17.75,Low,1,0,True,0,0,,,,False,False,False,False,,,198723.0,150724861.11,,,2025-12-11,,,,0,0.0,0,None,29.59,0.0,63.9,No material anomaly signal detected.,Completed,RUN-20261008-254699
WS/MP654/2025-2026/181581,V41,Madhya Pradesh,SHAHDOL (ST),Smt Himadri Singh,Normal/Others,,,Audit,1,17.75,Low,1,0,True,0,0,,,,False,False,False,False,,,1000000.0,150724861.11,,,2025-12-22,,,,0,0.0,0,None,29.59,0.0,63.9,No material anomaly signal detected.,Completed,RUN-20261008-254699
WS/MP654/2025-2026/187334,V41,Madhya Pradesh,SHAHDOL (ST),Smt Himadri Singh,Normal/Others,,,Audit,1,17.75,Low,1,0,True,0,0,,,,False,False,False,False,,,498100.0,150724861.11,,,2025-12-22,,,,0,0.0,0,None,29.59,0.0,63.9,No material anomaly signal detected.,Completed,RUN-20261008-254699
WS/MP654/2025-2026/178973,V41,Madhya Pradesh,SHAHDOL (ST),Smt Himadri Singh,Normal/Others,,,Audit,1,17.75,Low,1,0,True,0,0,,,,False,False,False,False,,,198723.0,150724861.11,,,2026-01-27,,,,0,0.0,0,None,29.59,0.0,63.9,No material anomaly signal detected.,Completed,RUN-20261008-254699
WS/MP654/2025-2026/197471,V41,Madhya Pradesh,SHAHDOL (ST),Smt Himadri Singh,Normal/Others,,,Audit,1,17.75,Low,1,0,True,0,0,,,,False,False,False,False,,,198723.0,150724861.11,,,2026-01-27,,,,0,0.0,0,None,29.59,0.0,63.9,No material anomaly signal detected.,Completed,RUN-20261008-254699
WS/MP654/2025-2026/198006,V41,Madhya Pradesh,SHAHDOL (ST),Smt Himadri Singh,Normal/Others,,,Audit,1,17.75,Low,1,0,True,0,0,,,,False,False,False,False,,,999700.0,150724861.11,,,2026-08-24,,,,0,0.0,0,None,29.59,0.0,63.9,No material anomaly signal detected.,Completed,RUN-20261008-254699
WS/MP654/2025-2026/230680,V41,Madhya Pradesh,SHAHDOL (ST),Smt Himadri Singh,Normal/Others,,,Audit,1,17.75,Low,1,0,True,0,0,,,,False,False,False,False,,,400000.0,150724861.11,,,2026-02-23,,,,0,0.0,0,None,29.59,0.0,63.9,No material anomaly signal detected.,Completed,RUN-20261008-254699
WS/MP654/2025-2026/230681,V41,Madhya Pradesh,SHAHDOL (ST),Smt Himadri Singh,Normal/Others,,,Audit,1,17.75,Low,1,0,True,0,0,,,,False,False,False,False,,,1000000.0,150724861.11,,,2026-01-05,,,,0,0.0,0,None,29.59,0.0,63.9,No material anomaly signal detected.,Completed,RUN-20261008-254699
WS/MP654/2025-2026/181108,V41,Madhya Pradesh,SHAHDOL (ST),Smt Himadri Singh,Normal/Others,,,Audit,1,17.75,Low,1,0,True,0,0,,,,False,False,False,False,,,198723.0,150724861.11,,,2025-12-11,,,,0,0.0,0,None,29.59,0.0,63.9,No material anomaly signal detected.,Completed,RUN-20261008-254699
WS/MP654/2025-2026/181109,V41,Madhya Pradesh,SHAHDOL (ST),Smt Himadri Singh,Normal/Others,,,Audit,1,17.75,Low,1,0,True,0,0,,,,False,False,False,False,,,198723.0,150724861.11,,,2025-12-11,,,,0,0.0,0,None,29.59,0.0,63.9,No material anomaly signal detected.,Completed,RUN-20261008-254699
WS/MP654/2025-2026/181110,V41,Madhya Pradesh,SHAHDOL (ST),Smt Himadri Singh,Normal/Others,,,Audit,1,17.75,Low,1,0,True,0,0,,,,False,False,False,False,,,198723.0,150724861.11,,,2025-12-11,,,,0,0.0,0,None,29.59,0.0,63.9,No material anomaly signal detected.,Completed,RUN-20261008-254699
WS/MP654/2025-2026/181111,V41,Madhya Pradesh,SHAHDOL (ST),Smt Himadri Singh,Normal/Others,,,Audit,1,17.75,Low,1,0,True,0,0,,,,False,False,False,False,,,198723.0,150724861.11,,,2025-12-11,,,,0,0.0,0,None,29.59,0.0,63.9,No material anomaly signal detected.,Completed,RUN-20261008-254699
WS/MP654/2024-2025/172125,V41,Madhya Pradesh,SHAHDOL (ST),Smt Himadri Singh,Normal/Others,,,Audit,1,17.75,Low,1,0,True,0,0,,,,False,False,False,False,,,366964.0,150724861.11,,,2026-04-13,,,,0,0.0,0,None,29.59,0.0,63.9,No material anomaly signal detected.,Completed,RUN-20261008-254699
WS/MP654/2025-2026/178974,V41,Madhya Pradesh,SHAHDOL (ST),Smt Himadri Singh,Normal/Others,,,Audit,1,17.75,Low,1,0,True,0,0,,,,False,False,False,False,,,198723.0,150724861.11,,,2026-01-27,,,,0,0.0,0,None,29.59,0.0,63.9,No material anomaly signal detected.,Completed,RUN-20261008-254699
WS/MP654/2025-2026/178972,V41,Madhya Pradesh,SHAHDOL (ST),Smt Himadri Singh,Normal/Others,,,Audit,1,17.75,Low,1,0,True,0,0,,,,False,False,False,False,,,198723.0,150724861.11,,,2026-01-27,,,,0,0.0,0,None,29.59,0.0,63.9,No material anomaly signal detected.,Completed,RUN-20261008-254699
WS/MP654/2025-2026/178971,V41,Madhya Pradesh,SHAHDOL (ST),Smt Himadri Singh,Normal/Others,,,Audit,1,17.75,Low,1,0,True,0,0,,,,False,False,False,False,,,198723.0,150724861.11,,,2026-01-27,,,,0,0.0,0,None,29.59,0.0,63.9,No material anomaly signal detected.,Completed,RUN-20261008-254699
WS/MP654/2024-2025/169096,V41,Madhya Pradesh,SHAHDOL (ST),Smt Himadri Singh,Normal/Others,,,Audit,1,17.75,Low,1,0,True,0,0,,,,False,False,False,False,,,300000.0,150724861.11,,,2025-06-17,,,,0,0.0,0,None,29.59,0.0,63.9,No material anomaly signal detected.,Completed,RUN-20261008-254699
WS/MP654/2024-2025/169095,V41,Madhya Pradesh,SHAHDOL (ST),Smt Himadri Singh,Normal/Others,,,Audit,1,17.75,Low,1,0,True,0,0,,,,False,False,False,False,,,1000000.0,150724861.11,,,2025-06-17,,,,0,0.0,0,None,29.59,0.0,63.9,No material anomaly signal detected.,Completed,RUN-20261008-254699
WS/MP654/2024-2025/157994,V41,Madhya Pradesh,SHAHDOL (ST),Smt Himadri Singh,Normal/Others,,,Audit,1,17.75,Low,1,0,True,0,0,,,,False,False,False,False,,,1000000.0,150724861.11,,,2025-06-05,,,,0,0.0,0,None,29.59,0.0,63.9,No material anomaly signal detected.,Completed,RUN-20261008-254699
WS/MP654/2024-2025/172127,V41,Madhya Pradesh,SHAHDOL (ST),Smt Himadri Singh,Normal/Others,,,Audit,1,17.75,Low,1,0,True,0,0,,,,False,False,False,False,,,366964.0,150724861.11,,,2026-04-13,,,,0,0.0,0,None,29.59,0.0,63.9,No material anomaly signal detected.,Completed,RUN-20261008-254699
WS/MP654/2024-2025/172128,V41,Madhya Pradesh,SHAHDOL (ST),Smt Himadri Singh,Normal/Others,,,Audit,1,17.75,Low,1,0,True,0,0,,,,False,False,False,False,,,366964.0,150724861.11,,,2026-04-13,,,,0,0.0,0,None,29.59,0.0,63.9,No material anomaly signal detected.,Completed,RUN-20261008-254699
WS/MP654/2024-2025/172129,V41,Madhya Pradesh,SHAHDOL (ST),Smt Himadri Singh,Normal/Others,,,Audit,1,17.75,Low,1,0,True,0,0,,,,False,False,False,False,,,366964.0,150724861.11,,,2026-04-13,,,,0,0.0,0,None,29.59,0.0,63.9,No material anomaly signal detected.,Completed,RUN-20261008-254699
WS/MP654/2024-2025/172130,V41,Madhya Pradesh,SHAHDOL (ST),Smt Himadri Singh,Normal/Others,,,Audit,1,17.75,Low,1,0,True,0,0,,,,False,False,False,False,,,366964.0,150724861.11,,,2026-04-13,,,,0,0.0,0,None,29.59,0.0,63.9,No material anomaly signal detected.,Completed,RUN-20261008-254699
WS/MP654/2024-2025/172131,V41,Madhya Pradesh,SHAHDOL (ST),Smt Himadri Singh,Normal/Others,,,Audit,1,17.75,Low,1,0,True,0,0,,,,False,False,False,False,,,366964.0,150724861.11,,,2026-04-13,,,,0,0.0,0,None,29.59,0.0,63.9,No material anomaly signal detected.,Completed,RUN-20261008-254699
WS/MP654/2024-2025/172132,V41,Madhya Pradesh,SHAHDOL (ST),Smt Himadri Singh,Normal/Others,,,Audit,1,17.75,Low,1,0,True,0,0,,,,False,False,False,False,,,366964.0,150724861.11,,,2026-04-13,,,,0,0.0,0,None,29.59,0.0,63.9,No material anomaly signal detected.,Completed,RUN-20261008-254699
WS/MP654/2024-2025/173848,V41,Madhya Pradesh,SHAHDOL (ST),Smt Himadri Singh,Normal/Others,,,Audit,1,17.75,Low,1,0,True,0,0,,,,False,False,False,False,,,998500.0,150724861.11,,,2025-07-04,,,,0,0.0,0,None,29.59,0.0,63.9,No material anomaly signal detected.,Completed,RUN-20261008-254699
WS/MP654/2025-2026/181112,V41,Madhya Pradesh,SHAHDOL (ST),Smt Himadri Singh,Normal/Others,,,Audit,1,17.75,Low,1,0,True,0,0,,,,False,False,False,False,,,198723.0,150724861.11,,,2025-12-11,,,,0,0.0,0,None,29.59,0.0,63.9,No material anomaly signal detected.,Completed,RUN-20261008-254699
WS/MP654/2024-2025/176419,V41,Madhya Pradesh,SHAHDOL (ST),Smt Himadri Singh,Normal/Others,,,Audit,1,17.75,Low,1,0,True,0,0,,,,False,False,False,False,,,1000000.0,150724861.11,,,2026-02-17,,,,0,0.0,0,None,29.59,0.0,63.9,No material anomaly signal detected.,Completed,RUN-20261008-254699
WS/MP654/2024-2025/177651,V41,Madhya Pradesh,SHAHDOL (ST),Smt Himadri Singh,Normal/Others,,,Audit,1,17.75,Low,1,0,True,0,0,,,,False,False,False,False,,,1000000.0,150724861.11,,,2025-12-22,,,,0,0.0,0,None,29.59,0.0,63.9,No material anomaly signal detected.,Completed,RUN-20261008-254699
WS/MP654/2024-2025/181580,V41,Madhya Pradesh,SHAHDOL (ST),Smt Himadri Singh,Normal/Others,,,Audit,1,17.75,Low,1,0,True,0,0,,,,False,False,False,False,,,999900.0,150724861.11,,,2025-08-08,,,,0,0.0,0,None,29.59,0.0,63.9,No material anomaly signal detected.,Completed,RUN-20261008-254699
WS/MP654/2025-2026/178969,V41,Madhya Pradesh,SHAHDOL (ST),Smt Himadri Singh,Normal/Others,,,Audit,1,17.75,Low,1,0,True,0,0,,,,False,False,False,False,,,198723.0,150724861.11,,,2026-01-27,,,,0,0.0,0,None,29.59,0.0,63.9,No material anomaly signal detected.,Completed,RUN-20261008-254699
WS/MP654/2025-2026/178970,V41,Madhya Pradesh,SHAHDOL (ST),Smt Himadri Singh,Normal/Others,,,Audit,1,17.75,Low,1,0,True,0,0,,,,False,False,False,False,,,198723.0,150724861.11,,,2026-01-27,,,,0,0.0,0,None,29.59,0.0,63.9,No material anomaly signal detected.,Completed,RUN-20261008-254699
WS/MP18107/2024-2025/163599,V41,Madhya Pradesh,RATLAM(ST),ANITA NAGARSINGH CHOUHAN,Normal/Others,,,Audit,1,17.11,Low,1,0,True,0,0,,,,False,False,False,False,,,1000000.0,147000000.0,,,2025-07-25,,,,0,0.0,0,None,28.51,0.0,61.5,No material anomaly signal detected.,Completed,RUN-20261008-254699
WS/MP18107/2024-2025/163536,V41,Madhya Pradesh,RATLAM(ST),ANITA NAGARSINGH CHOUHAN,Normal/Others,,,Audit,1,17.11,Low,1,0,True,0,0,,,,False,False,False,False,,,888293.0,147000000.0,,,2026-02-27,,,,0,0.0,0,None,28.51,0.0,61.5,No material anomaly signal detected.,Completed,RUN-20261008-254699
WS/MP18107/2024-2025/163537,V41,Madhya Pradesh,RATLAM(ST),ANITA NAGARSINGH CHOUHAN,Normal/Others,,,Audit,1,17.11,Low,1,0,True,0,0,,,,False,False,False,False,,,1909136.0,147000000.0,,,2026-04-02,,,,0,0.0,0,None,28.51,0.0,61.5,No material anomaly signal detected.,Completed,RUN-20261008-254699
WS/MP18107/2024-2025/163597,V41,Madhya Pradesh,RATLAM(ST),ANITA NAGARSINGH CHOUHAN,Normal/Others,,,Audit,1,17.11,Low,1,0,True,0,0,,,,False,False,False,False,,,1000000.0,147000000.0,,,2026-01-28,,,,0,0.0,0,None,28.51,0.0,61.5,No material anomaly signal detected.,Completed,RUN-20261008-254699
WS/MP18107/2024-2025/163598,V41,Madhya Pradesh,RATLAM(ST),ANITA NAGARSINGH CHOUHAN,Normal/Others,,,Audit,1,17.11,Low,1,0,True,0,0,,,,False,False,False,False,,,1000000.0,147000000.0,,,2026-02-04,,,,0,0.0,0,None,28.51,0.0,61.5,No material anomaly signal detected.,Completed,RUN-20261008-254699
WS/MP18107/2024-2025/163596,V41,Madhya Pradesh,RATLAM(ST),ANITA NAGARSINGH CHOUHAN,Normal/Others,,,Audit,1,17.11,Low,1,0,True,0,0,,,,False,False,False,False,,,1000000.0,147000000.0,,,2025-11-03,,,,0,0.0,0,None,28.51,0.0,61.5,No material anomaly signal detected.,Completed,RUN-20261008-254699
WS/MP18107/2025-2026/231839,V41,Madhya Pradesh,RATLAM(ST),ANITA NAGARSINGH CHOUHAN,Normal/Others,,,Audit,1,17.11,Low,1,0,True,0,0,,,,False,False,False,False,,,159200.0,147000000.0,,,2026-02-03,,,,0,0.0,0,None,28.51,0.0,61.5,No material anomaly signal detected.,Completed,RUN-20261008-254699
WS/MP18107/2024-2025/163612,V41,Madhya Pradesh,RATLAM(ST),ANITA NAGARSINGH CHOUHAN,Normal/Others,,,Audit,1,17.11,Low,1,0,True,0,0,,,,False,False,False,False,,,200000.0,147000000.0,,,2026-04-17,,,,0,0.0,0,None,28.51,0.0,61.5,No material anomaly signal detected.,Completed,RUN-20261008-254699
WS/MP18107/2025-2026/231835,V41,Madhya Pradesh,RATLAM(ST),ANITA NAGARSINGH CHOUHAN,Normal/Others,,,Audit,1,17.11,Low,1,0,True,0,0,,,,False,False,False,False,,,159200.0,147000000.0,,,2026-02-03,,,,0,0.0,0,None,28.51,0.0,61.5,No material anomaly signal detected.,Completed,RUN-20261008-254699
WS/MP18107/2025-2026/231833,V41,Madhya Pradesh,RATLAM(ST),ANITA NAGARSINGH CHOUHAN,Normal/Others,,,Audit,1,17.11,Low,1,0,True,0,0,,,,False,False,False,False,,,159200.0,147000000.0,,,2026-02-03,,,,0,0.0,0,None,28.51,0.0,61.5,No material anomaly signal detected.,Completed,RUN-20261008-254699
WS/MP18107/2025-2026/231832,V41,Madhya Pradesh,RATLAM(ST),ANITA NAGARSINGH CHOUHAN,Normal/Others,,,Audit,1,17.11,Low,1,0,True,0,0,,,,False,False,False,False,,,159200.0,147000000.0,,,2026-02-03,,,,0,0.0,0,None,28.51,0.0,61.5,No material anomaly signal detected.,Completed,RUN-20261008-254699
WS/MP18107/2025-2026/231831,V41,Madhya Pradesh,RATLAM(ST),ANITA NAGARSINGH CHOUHAN,Normal/Others,,,Audit,1,17.11,Low,1,0,True,0,0,,,,False,False,False,False,,,159200.0,147000000.0,,,2026-02-03,,,,0,0.0,0,None,28.51,0.0,61.5,No material anomaly signal detected.,Completed,RUN-20261008-254699
WS/MP18107/2025-2026/231830,V41,Madhya Pradesh,RATLAM(ST),ANITA NAGARSINGH CHOUHAN,Normal/Others,,,Audit,1,17.11,Low,1,0,True,0,0,,,,False,False,False,False,,,159200.0,147000000.0,,,2026-02-03,,,,0,0.0,0,None,28.51,0.0,61.5,No material anomaly signal detected.,Completed,RUN-20261008-254699
WS/MP18107/2025-2026/178634,V41,Madhya Pradesh,RATLAM(ST),ANITA NAGARSINGH CHOUHAN,Normal/Others,,,Audit,1,17.11,Low,1,0,True,0,0,,,,False,False,False,False,,,669000.0,147000000.0,,,2025-10-01,,,,0,0.0,0,None,28.51,0.0,61.5,No material anomaly signal detected.,Completed,RUN-20261008-254699
WS/MP18107/2025-2026/178625,V41,Madhya Pradesh,RATLAM(ST),ANITA NAGARSINGH CHOUHAN,Normal/Others,,,Audit,1,17.11,Low,1,0,True,0,0,,,,False,False,False,False,,,546000.0,147000000.0,,,2025-12-05,,,,0,0.0,0,None,28.51,0.0,61.5,No material anomaly signal detected.,Completed,RUN-20261008-254699
WS/MP18107/2024-2025/163616,V41,Madhya Pradesh,RATLAM(ST),ANITA NAGARSINGH CHOUHAN,Normal/Others,,,Audit,1,17.11,Low,1,0,True,0,0,,,,False,False,False,False,,,999551.0,147000000.0,,,2025-10-11,,,,0,0.0,0,None,28.51,0.0,61.5,No material anomaly signal detected.,Completed,RUN-20261008-254699
WS/MP18107/2025-2026/178624,V41,Madhya Pradesh,RATLAM(ST),ANITA NAGARSINGH CHOUHAN,Normal/Others,,,Audit,1,17.11,Low,1,0,True,0,0,,,,False,False,False,False,,,546000.0,147000000.0,,,2025-12-05,,,,0,0.0,0,None,28.51,0.0,61.5,No material anomaly signal detected.,Completed,RUN-20261008-254699
WS/MP18107/2025-2026/175328,V41,Madhya Pradesh,RATLAM(ST),ANITA NAGARSINGH CHOUHAN,Normal/Others,,,Audit,1,17.11,Low,1,0,True,0,0,,,,False,False,False,False,,,690000.0,147000000.0,,,2025-10-01,,,,0,0.0,0,None,28.51,0.0,61.5,No material anomaly signal detected.,Completed,RUN-20261008-254699
WS/MP18107/2025-2026/175327,V41,Madhya Pradesh,RATLAM(ST),ANITA NAGARSINGH CHOUHAN,Normal/Others,,,Audit,1,17.11,Low,1,0,True,0,0,,,,False,False,False,False,,,765000.0,147000000.0,,,2025-10-01,,,,0,0.0,0,None,28.51,0.0,61.5,No material anomaly signal detected.,Completed,RUN-20261008-254699
WS/MP18107/2025-2026/175326,V41,Madhya Pradesh,RATLAM(ST),ANITA NAGARSINGH CHOUHAN,Normal/Others,,,Audit,1,17.11,Low,1,0,True,0,0,,,,False,False,False,False,,,1016000.0,147000000.0,,,2025-10-01,,,,0,0.0,0,None,28.51,0.0,61.5,No material anomaly signal detected.,Completed,RUN-20261008-254699
WS/MP18107/2025-2026/175282,V41,Madhya Pradesh,RATLAM(ST),ANITA NAGARSINGH CHOUHAN,Normal/Others,,,Audit,1,17.11,Low,1,0,True,0,0,,,,False,False,False,False,,,500000.0,147000000.0,,,2025-12-29,,,,0,0.0,0,None,28.51,0.0,61.5,No material anomaly signal detected.,Completed,RUN-20261008-254699
WS/MP18107/2025-2026/175281,V41,Madhya Pradesh,RATLAM(ST),ANITA NAGARSINGH CHOUHAN,Normal/Others,,,Audit,1,17.11,Low,1,0,True,0,0,,,,False,False,False,False,,,500000.0,147000000.0,,,2025-12-29,,,,0,0.0,0,None,28.51,0.0,61.5,No material anomaly signal detected.,Completed,RUN-20261008-254699
WS/MP18107/2025-2026/175280,V41,Madhya Pradesh,RATLAM(ST),ANITA NAGARSINGH CHOUHAN,Normal/Others,,,Audit,1,17.11,Low,1,0,True,0,0,,,,False,False,False,False,,,500000.0,147000000.0,,,2026-02-04,,,,0,0.0,0,None,28.51,0.0,61.5,No material anomaly signal detected.,Completed,RUN-20261008-254699
WS/MP18107/2025-2026/175277,V41,Madhya Pradesh,RATLAM(ST),ANITA NAGARSINGH CHOUHAN,Normal/Others,,,Audit,1,17.11,Low,1,0,True,0,0,,,,False,False,False,False,,,500000.0,147000000.0,,,2025-07-03,,,,0,0.0,0,None,28.51,0.0,61.5,No material anomaly signal detected.,Completed,RUN-20261008-254699
WS/MP18107/2025-2026/161501,V41,Madhya Pradesh,RATLAM(ST),ANITA NAGARSINGH CHOUHAN,Normal/Others,,,Audit,1,17.11,Low,1,0,True,0,0,,,,False,False,False,False,,,498369.0,147000000.0,,,2025-10-01,,,,0,0.0,0,None,28.51,0.0,61.5,No material anomaly signal detected.,Completed,RUN-20261008-254699
WS/MP18107/2024-2025/163614,V41,Madhya Pradesh,RATLAM(ST),ANITA NAGARSINGH CHOUHAN,Normal/Others,,,Audit,1,17.11,Low,1,0,True,0,0,,,,False,False,False,False,,,200000.0,147000000.0,,,2025-09-01,,,,0,0.0,0,None,28.51,0.0,61.5,No material anomaly signal detected.,Completed,RUN-20261008-254699
WS/MP18107/2025-2026/231834,V41,Madhya Pradesh,RATLAM(ST),ANITA NAGARSINGH CHOUHAN,Normal/Others,,,Audit,1,17.11,Low,1,0,True,0,0,,,,False,False,False,False,,,159200.0,147000000.0,,,2026-02-03,,,,0,0.0,0,None,28.51,0.0,61.5,No material anomaly signal detected.,Completed,RUN-20261008-254699
WS/MP18107/2025-2026/231837,V41,Madhya Pradesh,RATLAM(ST),ANITA NAGARSINGH CHOUHAN,Normal/Others,,,Audit,1,17.11,Low,1,0,True,0,0,,,,False,False,False,False,,,159200.0,147000000.0,,,2026-02-03,,,,0,0.0,0,None,28.51,0.0,61.5,No material anomaly signal detected.,Completed,RUN-20261008-254699
WS/MP18107/2024-2025/163606,V41,Madhya Pradesh,RATLAM(ST),ANITA NAGARSINGH CHOUHAN,Normal/Others,,,Audit,1,17.11,Low,1,0,True,0,0,,,,False,False,False,False,,,300000.0,147000000.0,,,2026-03-10,,,,0,0.0,0,None,28.51,0.0,61.5,No material anomaly signal detected.,Completed,RUN-20261008-254699
WS/MP18107/2024-2025/163611,V41,Madhya Pradesh,RATLAM(ST),ANITA NAGARSINGH CHOUHAN,Normal/Others,,,Audit,1,17.11,Low,1,0,True,0,0,,,,False,False,False,False,,,100000.0,147000000.0,,,2026-01-05,,,,0,0.0,0,None,28.51,0.0,61.5,No material anomaly signal detected.,Completed,RUN-20261008-254699
WS/MP18107/2024-2025/163609,V41,Madhya Pradesh,RATLAM(ST),ANITA NAGARSINGH CHOUHAN,Normal/Others,,,Audit,1,17.11,Low,1,0,True,0,0,,,,False,False,False,False,,,1000000.0,147000000.0,,,2025-08-05,,,,0,0.0,0,None,28.51,0.0,61.5,No material anomaly signal detected.,Completed,RUN-20261008-254699
WS/MP18107/2024-2025/163608,V41,Madhya Pradesh,RATLAM(ST),ANITA NAGARSINGH CHOUHAN,Normal/Others,,,Audit,1,17.11,Low,1,0,True,0,0,,,,False,False,False,False,,,200000.0,147000000.0,,,2025-11-24,,,,0,0.0,0,None,28.51,0.0,61.5,No material anomaly signal detected.,Completed,RUN-20261008-254699
WS/MP18107/2024-2025/163607,V41,Madhya Pradesh,RATLAM(ST),ANITA NAGARSINGH CHOUHAN,Normal/Others,,,Audit,1,17.11,Low,1,0,True,0,0,,,,False,False,False,False,,,200000.0,147000000.0,,,2025-05-21,,,,0,0.0,0,None,28.51,0.0,61.5,No material anomaly signal detected.,Completed,RUN-20261008-254699
WS/MP18107/2025-2026/231838,V41,Madhya Pradesh,RATLAM(ST),ANITA NAGARSINGH CHOUHAN,Normal/Others,,,Audit,1,17.11,Low,1,0,True,0,0,,,,False,False,False,False,,,159200.0,147000000.0,,,2026-02-03,,,,0,0.0,0,None,28.51,0.0,61.5,No material anomaly signal detected.,Completed,RUN-20261008-254699
WS/MP18107/2025-2026/231836,V41,Madhya Pradesh,RATLAM(ST),ANITA NAGARSINGH CHOUHAN,Normal/Others,,,Audit,1,17.11,Low,1,0,True,0,0,,,,False,False,False,False,,,159200.0,147000000.0,,,2026-02-03,,,,0,0.0,0,None,28.51,0.0,61.5,No material anomaly signal detected.,Completed,RUN-20261008-254699
WS/MP655/2025-2026/208529,V41,Madhya Pradesh,BHIND(SC),Smt Sandhya Ray,Normal/Others,,,Audit,1,16.17,Low,1,0,True,0,0,,,,False,False,False,False,,,199604.0,147000000.0,,,2026-02-02,,,,0,0.0,0,None,26.95,0.0,61.5,No material anomaly signal detected.,Completed,RUN-20261008-254699
WS/MP655/2025-2026/225191,V41,Madhya Pradesh,BHIND(SC),Smt Sandhya Ray,Normal/Others,,,Audit,1,16.17,Low,1,0,True,0,0,,,,False,False,False,False,,,199604.0,147000000.0,,,2026-02-02,,,,0,0.0,0,None,26.95,0.0,61.5,No material anomaly signal detected.,Completed,RUN-20261008-254699
WS/MP655/2025-2026/208528,V41,Madhya Pradesh,BHIND(SC),Smt Sandhya Ray,Normal/Others,,,Audit,1,16.17,Low,1,0,True,0,0,,,,False,False,False,False,,,199604.0,147000000.0,,,2026-02-02,,,,0,0.0,0,None,26.95,0.0,61.5,No material anomaly signal detected.,Completed,RUN-20261008-254699
WS/MP655/2025-2026/208527,V41,Madhya Pradesh,BHIND(SC),Smt Sandhya Ray,Normal/Others,,,Audit,1,16.17,Low,1,0,True,0,0,,,,False,False,False,False,,,199604.0,147000000.0,,,2026-02-02,,,,0,0.0,0,None,26.95,0.0,61.5,No material anomaly signal detected.,Completed,RUN-20261008-254699
WS/MP655/2025-2026/208526,V41,Madhya Pradesh,BHIND(SC),Smt Sandhya Ray,Normal/Others,,,Audit,1,16.17,Low,1,0,True,0,0,,,,False,False,False,False,,,199604.0,147000000.0,,,2026-02-02,,,,0,0.0,0,None,26.95,0.0,61.5,No material anomaly signal detected.,Completed,RUN-20261008-254699
WS/MP655/2025-2026/208531,V41,Madhya Pradesh,BHIND(SC),Smt Sandhya Ray,Normal/Others,,,Audit,1,16.17,Low,1,0,True,0,0,,,,False,False,False,False,,,199604.0,147000000.0,,,2026-02-02,,,,0,0.0,0,None,26.95,0.0,61.5,No material anomaly signal detected.,Completed,RUN-20261008-254699
WS/MP655/2025-2026/208532,V41,Madhya Pradesh,BHIND(SC),Smt Sandhya Ray,Normal/Others,,,Audit,1,16.17,Low,1,0,True,0,0,,,,False,False,False,False,,,199604.0,147000000.0,,,2026-02-02,,,,0,0.0,0,None,26.95,0.0,61.5,No material anomaly signal detected.,Completed,RUN-20261008-254699
WS/MP655/2025-2026/226822,V41,Madhya Pradesh,BHIND(SC),Smt Sandhya Ray,Normal/Others,,,Audit,1,16.17,Low,1,0,True,0,0,,,,False,False,False,False,,,199604.0,147000000.0,,,2025-12-18,,,,0,0.0,0,None,26.95,0.0,61.5,No material anomaly signal detected.,Completed,RUN-20261008-254699
WS/MP655/2025-2026/201428,V41,Madhya Pradesh,BHIND(SC),Smt Sandhya Ray,Normal/Others,,,Audit,1,16.17,Low,1,0,True,0,0,,,,False,False,False,False,,,199604.0,147000000.0,,,2025-12-18,,,,0,0.0,0,None,26.95,0.0,61.5,No material anomaly signal detected.,Completed,RUN-20261008-254699
WS/MP655/2025-2026/208530,V41,Madhya Pradesh,BHIND(SC),Smt Sandhya Ray,Normal/Others,,,Audit,1,16.17,Low,1,0,True,0,0,,,,False,False,False,False,,,199604.0,147000000.0,,,2026-02-02,,,,0,0.0,0,None,26.95,0.0,61.5,No material anomaly signal detected.,Completed,RUN-20261008-254699
WS/MP655/2025-2026/201422,V41,Madhya Pradesh,BHIND(SC),Smt Sandhya Ray,Normal/Others,,,Audit,1,16.17,Low,1,0,True,0,0,,,,False,False,False,False,,,199604.0,147000000.0,,,2026-03-16,,,,0,0.0,0,None,26.95,0.0,61.5,No material anomaly signal detected.,Completed,RUN-20261008-254699
WS/MP655/2025-2026/208524,V41,Madhya Pradesh,BHIND(SC),Smt Sandhya Ray,Normal/Others,,,Audit,1,16.17,Low,1,0,True,0,0,,,,False,False,False,False,,,199604.0,147000000.0,,,2026-02-02,,,,0,0.0,0,None,26.95,0.0,61.5,No material anomaly signal detected.,Completed,RUN-20261008-254699
WS/MP655/2025-2026/226818,V41,Madhya Pradesh,BHIND(SC),Smt Sandhya Ray,Normal/Others,,,Audit,1,16.17,Low,1,0,True,0,0,,,,False,False,False,False,,,199604.0,147000000.0,,,2025-12-18,,,,0,0.0,0,None,26.95,0.0,61.5,No material anomaly signal detected.,Completed,RUN-20261008-254699
WS/MP655/2025-2026/225192,V41,Madhya Pradesh,BHIND(SC),Smt Sandhya Ray,Normal/Others,,,Audit,1,16.17,Low,1,0,True,0,0,,,,False,False,False,False,,,199604.0,147000000.0,,,2026-02-02,,,,0,0.0,0,None,26.95,0.0,61.5,No material anomaly signal detected.,Completed,RUN-20261008-254699
WS/MP655/2025-2026/226813,V41,Madhya Pradesh,BHIND(SC),Smt Sandhya Ray,Normal/Others,,,Audit,1,16.17,Low,1,0,True,0,0,,,,False,False,False,False,,,199604.0,147000000.0,,,2025-12-18,,,,0,0.0,0,None,26.95,0.0,61.5,No material anomaly signal detected.,Completed,RUN-20261008-254699
WS/MP655/2025-2026/226814,V41,Madhya Pradesh,BHIND(SC),Smt Sandhya Ray,Normal/Others,,,Audit,1,16.17,Low,1,0,True,0,0,,,,False,False,False,False,,,199604.0,147000000.0,,,2025-12-18,,,,0,0.0,0,None,26.95,0.0,61.5,No material anomaly signal detected.,Completed,RUN-20261008-254699
WS/MP655/2025-2026/226815,V41,Madhya Pradesh,BHIND(SC),Smt Sandhya Ray,Normal/Others,,,Audit,1,16.17,Low,1,0,True,0,0,,,,False,False,False,False,,,199604.0,147000000.0,,,2025-12-18,,,,0,0.0,0,None,26.95,0.0,61.5,No material anomaly signal detected.,Completed,RUN-20261008-254699
WS/MP655/2025-2026/226816,V41,Madhya Pradesh,BHIND(SC),Smt Sandhya Ray,Normal/Others,,,Audit,1,16.17,Low,1,0,True,0,0,,,,False,False,False,False,,,199604.0,147000000.0,,,2025-12-18,,,,0,0.0,0,None,26.95,0.0,61.5,No material anomaly signal detected.,Completed,RUN-20261008-254699
WS/MP655/2025-2026/226817,V41,Madhya Pradesh,BHIND(SC),Smt Sandhya Ray,Normal/Others,,,Audit,1,16.17,Low,1,0,True,0,0,,,,False,False,False,False,,,199604.0,147000000.0,,,2025-12-18,,,,0,0.0,0,None,26.95,0.0,61.5,No material anomaly signal detected.,Completed,RUN-20261008-254699
WS/MP655/2025-2026/226819,V41,Madhya Pradesh,BHIND(SC),Smt Sandhya Ray,Normal/Others,,,Audit,1,16.17,Low,1,0,True,0,0,,,,False,False,False,False,,,199604.0,147000000.0,,,2025-12-18,,,,0,0.0,0,None,26.95,0.0,61.5,No material anomaly signal detected.,Completed,RUN-20261008-254699
WS/MP655/2025-2026/201429,V41,Madhya Pradesh,BHIND(SC),Smt Sandhya Ray,Normal/Others,,,Audit,1,16.17,Low,1,0,True,0,0,,,,False,False,False,False,,,199604.0,147000000.0,,,2025-12-18,,,,0,0.0,0,None,26.95,0.0,61.5,No material anomaly signal detected.,Completed,RUN-20261008-254699
WS/MP655/2025-2026/226820,V41,Madhya Pradesh,BHIND(SC),Smt Sandhya Ray,Normal/Others,,,Audit,1,16.17,Low,1,0,True,0,0,,,,False,False,False,False,,,199604.0,147000000.0,,,2025-12-18,,,,0,0.0,0,None,26.95,0.0,61.5,No material anomaly signal detected.,Completed,RUN-20261008-254699
WS/MP655/2025-2026/201450,V41,Madhya Pradesh,BHIND(SC),Smt Sandhya Ray,Normal/Others,,,Audit,1,16.17,Low,1,0,True,0,0,,,,False,False,False,False,,,199604.0,147000000.0,,,2025-12-18,,,,0,0.0,0,None,26.95,0.0,61.5,No material anomaly signal detected.,Completed,RUN-20261008-254699
WS/MP655/2025-2026/226821,V41,Madhya Pradesh,BHIND(SC),Smt Sandhya Ray,Normal/Others,,,Audit,1,16.17,Low,1,0,True,0,0,,,,False,False,False,False,,,199604.0,147000000.0,,,2025-12-18,,,,0,0.0,0,None,26.95,0.0,61.5,No material anomaly signal detected.,Completed,RUN-20261008-254699
WS/MP655/2025-2026/201449,V41,Madhya Pradesh,BHIND(SC),Smt Sandhya Ray,Normal/Others,,,Audit,1,16.17,Low,1,0,True,0,0,,,,False,False,False,False,,,199604.0,147000000.0,,,2025-12-18,,,,0,0.0,0,None,26.95,0.0,61.5,No material anomaly signal detected.,Completed,RUN-20261008-254699
WS/MP655/2025-2026/201448,V41,Madhya Pradesh,BHIND(SC),Smt Sandhya Ray,Normal/Others,,,Audit,1,16.17,Low,1,0,True,0,0,,,,False,False,False,False,,,199604.0,147000000.0,,,2025-12-18,,,,0,0.0,0,None,26.95,0.0,61.5,No material anomaly signal detected.,Completed,RUN-20261008-254699
WS/MP655/2025-2026/201430,V41,Madhya Pradesh,BHIND(SC),Smt Sandhya Ray,Normal/Others,,,Audit,1,16.17,Low,1,0,True,0,0,,,,False,False,False,False,,,199604.0,147000000.0,,,2025-12-18,,,,0,0.0,0,None,26.95,0.0,61.5,No material anomaly signal detected.,Completed,RUN-20261008-254699
WS/MP655/2025-2026/208525,V41,Madhya Pradesh,BHIND(SC),Smt Sandhya Ray,Normal/Others,,,Audit,1,16.17,Low,1,0,True,0,0,,,,False,False,False,False,,,199604.0,147000000.0,,,2026-02-02,,,,0,0.0,0,None,26.95,0.0,61.5,No material anomaly signal detected.,Completed,RUN-20261008-254699
WS/MP655/2025-2026/201508,V41,Madhya Pradesh,BHIND(SC),Smt Sandhya Ray,Normal/Others,,,Audit,1,16.17,Low,1,0,True,0,0,,,,False,False,False,False,,,199604.0,147000000.0,,,2025-12-18,,,,0,0.0,0,None,26.95,0.0,61.5,No material anomaly signal detected.,Completed,RUN-20261008-254699
WS/MP655/2025-2026/201510,V41,Madhya Pradesh,BHIND(SC),Smt Sandhya Ray,Normal/Others,,,Audit,1,16.17,Low,1,0,True,0,0,,,,False,False,False,False,,,199604.0,147000000.0,,,2025-12-18,,,,0,0.0,0,None,26.95,0.0,61.5,No material anomaly signal detected.,Completed,RUN-20261008-254699
WS/MP655/2025-2026/201496,V41,Madhya Pradesh,BHIND(SC),Smt Sandhya Ray,Normal/Others,,,Audit,1,16.17,Low,1,0,True,0,0,,,,False,False,False,False,,,199604.0,147000000.0,,,2025-12-18,,,,0,0.0,0,None,26.95,0.0,61.5,No material anomaly signal detected.,Completed,RUN-20261008-254699
WS/MP655/2025-2026/201420,V41,Madhya Pradesh,BHIND(SC),Smt Sandhya Ray,Normal/Others,,,Audit,1,16.17,Low,1,0,True,0,0,,,,False,False,False,False,,,199604.0,147000000.0,,,2025-12-18,,,,0,0.0,0,None,26.95,0.0,61.5,No material anomaly signal detected.,Completed,RUN-20261008-254699
WS/MP655/2025-2026/201419,V41,Madhya Pradesh,BHIND(SC),Smt Sandhya Ray,Normal/Others,,,Audit,1,16.17,Low,1,0,True,0,0,,,,False,False,False,False,,,199604.0,147000000.0,,,2025-12-18,,,,0,0.0,0,None,26.95,0.0,61.5,No material anomaly signal detected.,Completed,RUN-20261008-254699
WS/MP655/2025-2026/201417,V41,Madhya Pradesh,BHIND(SC),Smt Sandhya Ray,Normal/Others,,,Audit,1,16.17,Low,1,0,True,0,0,,,,False,False,False,False,,,199604.0,147000000.0,,,2025-12-18,,,,0,0.0,0,None,26.95,0.0,61.5,No material anomaly signal detected.,Completed,RUN-20261008-254699
WS/MP655/2025-2026/201416,V41,Madhya Pradesh,BHIND(SC),Smt Sandhya Ray,Normal/Others,,,Audit,1,16.17,Low,1,0,True,0,0,,,,False,False,False,False,,,199604.0,147000000.0,,,2025-12-18,,,,0,0.0,0,None,26.95,0.0,61.5,No material anomaly signal detected.,Completed,RUN-20261008-254699
WS/MP655/2025-2026/201415,V41,Madhya Pradesh,BHIND(SC),Smt Sandhya Ray,Normal/Others,,,Audit,1,16.17,Low,1,0,True,0,0,,,,False,False,False,False,,,199604.0,147000000.0,,,2025-12-18,,,,0,0.0,0,None,26.95,0.0,61.5,No material anomaly signal detected.,Completed,RUN-20261008-254699
WS/MP655/2025-2026/201414,V41,Madhya Pradesh,BHIND(SC),Smt Sandhya Ray,Normal/Others,,,Audit,1,16.17,Low,1,0,True,0,0,,,,False,False,False,False,,,199604.0,147000000.0,,,2025-12-18,,,,0,0.0,0,None,26.95,0.0,61.5,No material anomaly signal detected.,Completed,RUN-20261008-254699
WS/MP655/2025-2026/201423,V41,Madhya Pradesh,BHIND(SC),Smt Sandhya Ray,Normal/Others,,,Audit,1,16.17,Low,1,0,True,0,0,,,,False,False,False,False,,,199604.0,147000000.0,,,2025-12-18,,,,0,0.0,0,None,26.95,0.0,61.5,No material anomaly signal detected.,Completed,RUN-20261008-254699
WS/MP655/2025-2026/201424,V41,Madhya Pradesh,BHIND(SC),Smt Sandhya Ray,Normal/Others,,,Audit,1,16.17,Low,1,0,True,0,0,,,,False,False,False,False,,,199604.0,147000000.0,,,2025-12-18,,,,0,0.0,0,None,26.95,0.0,61.5,No material anomaly signal detected.,Completed,RUN-20261008-254699
WS/MP655/2025-2026/201452,V41,Madhya Pradesh,BHIND(SC),Smt Sandhya Ray,Normal/Others,,,Audit,1,16.17,Low,1,0,True,0,0,,,,False,False,False,False,,,199604.0,147000000.0,,,2025-12-18,,,,0,0.0,0,None,26.95,0.0,61.5,No material anomaly signal detected.,Completed,RUN-20261008-254699
WS/MP655/2025-2026/201453,V41,Madhya Pradesh,BHIND(SC),Smt Sandhya Ray,Normal/Others,,,Audit,1,16.17,Low,1,0,True,0,0,,,,False,False,False,False,,,199604.0,147000000.0,,,2025-12-18,,,,0,0.0,0,None,26.95,0.0,61.5,No material anomaly signal detected.,Completed,RUN-20261008-254699
WS/MP655/2025-2026/201454,V41,Madhya Pradesh,BHIND(SC),Smt Sandhya Ray,Normal/Others,,,Audit,1,16.17,Low,1,0,True,0,0,,,,False,False,False,False,,,199604.0,147000000.0,,,2025-12-18,,,,0,0.0,0,None,26.95,0.0,61.5,No material anomaly signal detected.,Completed,RUN-20261008-254699
WS/MP655/2025-2026/201494,V41,Madhya Pradesh,BHIND(SC),Smt Sandhya Ray,Normal/Others,,,Audit,1,16.17,Low,1,0,True,0,0,,,,False,False,False,False,,,199604.0,147000000.0,,,2025-12-18,,,,0,0.0,0,None,26.95,0.0,61.5,No material anomaly signal detected.,Completed,RUN-20261008-254699
WS/MP655/2025-2026/201495,V41,Madhya Pradesh,BHIND(SC),Smt Sandhya Ray,Normal/Others,,,Audit,1,16.17,Low,1,0,True,0,0,,,,False,False,False,False,,,199604.0,147000000.0,,,2025-12-18,,,,0,0.0,0,None,26.95,0.0,61.5,No material anomaly signal detected.,Completed,RUN-20261008-254699
WS/MP655/2025-2026/201497,V41,Madhya Pradesh,BHIND(SC),Smt Sandhya Ray,Normal/Others,,,Audit,1,16.17,Low,1,0,True,0,0,,,,False,False,False,False,,,199604.0,147000000.0,,,2025-12-18,,,,0,0.0,0,None,26.95,0.0,61.5,No material anomaly signal detected.,Completed,RUN-20261008-254699
WS/MP655/2025-2026/201509,V41,Madhya Pradesh,BHIND(SC),Smt Sandhya Ray,Normal/Others,,,Audit,1,16.17,Low,1,0,True,0,0,,,,False,False,False,False,,,199604.0,147000000.0,,,2025-12-18,,,,0,0.0,0,None,26.95,0.0,61.5,No material anomaly signal detected.,Completed,RUN-20261008-254699
WS/MP655/2025-2026/201498,V41,Madhya Pradesh,BHIND(SC),Smt Sandhya Ray,Normal/Others,,,Audit,1,16.17,Low,1,0,True,0,0,,,,False,False,False,False,,,199604.0,147000000.0,,,2025-12-18,,,,0,0.0,0,None,26.95,0.0,61.5,No material anomaly signal detected.,Completed,RUN-20261008-254699
WS/MP655/2025-2026/201499,V41,Madhya Pradesh,BHIND(SC),Smt Sandhya Ray,Normal/Others,,,Audit,1,16.17,Low,1,0,True,0,0,,,,False,False,False,False,,,199604.0,147000000.0,,,2025-12-18,,,,0,0.0,0,None,26.95,0.0,61.5,No material anomaly signal detected.,Completed,RUN-20261008-254699
WS/MP655/2025-2026/201500,V41,Madhya Pradesh,BHIND(SC),Smt Sandhya Ray,Normal/Others,,,Audit,1,16.17,Low,1,0,True,0,0,,,,False,False,False,False,,,199604.0,147000000.0,,,2025-12-18,,,,0,0.0,0,None,26.95,0.0,61.5,No material anomaly signal detected.,Completed,RUN-20261008-254699
WS/MP655/2025-2026/201501,V41,Madhya Pradesh,BHIND(SC),Smt Sandhya Ray,Normal/Others,,,Audit,1,16.17,Low,1,0,True,0,0,,,,False,False,False,False,,,199604.0,147000000.0,,,2025-12-18,,,,0,0.0,0,None,26.95,0.0,61.5,No material anomaly signal detected.,Completed,RUN-20261008-254699
WS/MP655/2025-2026/201502,V41,Madhya Pradesh,BHIND(SC),Smt Sandhya Ray,Normal/Others,,,Audit,1,16.17,Low,1,0,True,0,0,,,,False,False,False,False,,,199604.0,147000000.0,,,2025-12-18,,,,0,0.0,0,None,26.95,0.0,61.5,No material anomaly signal detected.,Completed,RUN-20261008-254699
WS/MP655/2025-2026/201425,V41,Madhya Pradesh,BHIND(SC),Smt Sandhya Ray,Normal/Others,,,Audit,1,16.17,Low,1,0,True,0,0,,,,False,False,False,False,,,199604.0,147000000.0,,,2025-12-18,,,,0,0.0,0,None,26.95,0.0,61.5,No material anomaly signal detected.,Completed,RUN-20261008-254699
WS/MP655/2025-2026/201451,V41,Madhya Pradesh,BHIND(SC),Smt Sandhya Ray,Normal/Others,,,Audit,1,16.17,Low,1,0,True,0,0,,,,False,False,False,False,,,199604.0,147000000.0,,,2025-12-18,,,,0,0.0,0,None,26.95,0.0,61.5,No material anomaly signal detected.,Completed,RUN-20261008-254699
WS/MP655/2025-2026/201427,V41,Madhya Pradesh,BHIND(SC),Smt Sandhya Ray,Normal/Others,,,Audit,1,16.17,Low,1,0,True,0,0,,,,False,False,False,False,,,199604.0,147000000.0,,,2025-12-18,,,,0,0.0,0,None,26.95,0.0,61.5,No material anomaly signal detected.,Completed,RUN-20261008-254699
WS/MP655/2025-2026/201503,V41,Madhya Pradesh,BHIND(SC),Smt Sandhya Ray,Normal/Others,,,Audit,1,16.17,Low,1,0,True,0,0,,,,False,False,False,False,,,199604.0,147000000.0,,,2025-12-18,,,,0,0.0,0,None,26.95,0.0,61.5,No material anomaly signal detected.,Completed,RUN-20261008-254699
WS/MP655/2025-2026/201505,V41,Madhya Pradesh,BHIND(SC),Smt Sandhya Ray,Normal/Others,,,Audit,1,16.17,Low,1,0,True,0,0,,,,False,False,False,False,,,199604.0,147000000.0,,,2025-12-18,,,,0,0.0,0,None,26.95,0.0,61.5,No material anomaly signal detected.,Completed,RUN-20261008-254699
WS/MP655/2025-2026/201506,V41,Madhya Pradesh,BHIND(SC),Smt Sandhya Ray,Normal/Others,,,Audit,1,16.17,Low,1,0,True,0,0,,,,False,False,False,False,,,199604.0,147000000.0,,,2025-12-18,,,,0,0.0,0,None,26.95,0.0,61.5,No material anomaly signal detected.,Completed,RUN-20261008-254699
WS/MP655/2025-2026/201507,V41,Madhya Pradesh,BHIND(SC),Smt Sandhya Ray,Normal/Others,,,Audit,1,16.17,Low,1,0,True,0,0,,,,False,False,False,False,,,199604.0,147000000.0,,,2025-12-18,,,,0,0.0,0,None,26.95,0.0,61.5,No material anomaly signal detected.,Completed,RUN-20261008-254699
WS/MP655/2025-2026/201421,V41,Madhya Pradesh,BHIND(SC),Smt Sandhya Ray,Normal/Others,,,Audit,1,16.17,Low,1,0,True,0,0,,,,False,False,False,False,,,199604.0,147000000.0,,,2025-12-18,,,,0,0.0,0,None,26.95,0.0,61.5,No material anomaly signal detected.,Completed,RUN-20261008-254699
WS/MP655/2025-2026/208533,V41,Madhya Pradesh,BHIND(SC),Smt Sandhya Ray,Normal/Others,,,Audit,1,16.17,Low,1,0,True,0,0,,,,False,False,False,False,,,199604.0,147000000.0,,,2026-02-02,,,,0,0.0,0,None,26.95,0.0,61.5,No material anomaly signal detected.,Completed,RUN-20261008-254699
WS/MP655/2025-2026/226823,V41,Madhya Pradesh,BHIND(SC),Smt Sandhya Ray,Normal/Others,,,Audit,1,16.17,Low,1,0,True,0,0,,,,False,False,False,False,,,199604.0,147000000.0,,,2025-12-18,,,,0,0.0,0,None,26.95,0.0,61.5,No material anomaly signal detected.,Completed,RUN-20261008-254699
WS/MP18104/2025-2026/209879,V41,Madhya Pradesh,HOSHANGABAD,DARSHAN SINGH CHOUDHARY,Normal/Others,,,Audit,1,15.34,Low,1,0,True,0,0,,,,False,False,False,False,,,299973.0,147000000.0,,,2025-12-31,,,,0,0.0,0,None,25.56,0.0,63.9,No material anomaly signal detected.,Completed,RUN-20261008-254699
WS/MP18104/2025-2026/174303,V41,Madhya Pradesh,HOSHANGABAD,DARSHAN SINGH CHOUDHARY,Normal/Others,,,Audit,1,15.34,Low,1,0,True,0,0,,,,False,False,False,False,,,95000.0,147000000.0,,,2026-01-22,,,,0,0.0,0,None,25.56,0.0,63.9,No material anomaly signal detected.,Completed,RUN-20261008-254699
WS/MP18104/2025-2026/163338,V41,Madhya Pradesh,HOSHANGABAD,DARSHAN SINGH CHOUDHARY,Normal/Others,,,Audit,1,15.34,Low,1,0,True,0,0,,,,False,False,False,False,,,95000.0,147000000.0,,,2026-01-19,,,,0,0.0,0,None,25.56,0.0,63.9,No material anomaly signal detected.,Completed,RUN-20261008-254699
WS/MP18104/2025-2026/161506,V41,Madhya Pradesh,HOSHANGABAD,DARSHAN SINGH CHOUDHARY,Normal/Others,,,Audit,1,15.34,Low,1,0,True,0,0,,,,False,False,False,False,,,95000.0,147000000.0,,,2026-01-27,,,,0,0.0,0,None,25.56,0.0,63.9,No material anomaly signal detected.,Completed,RUN-20261008-254699
WS/MP18104/2025-2026/161504,V41,Madhya Pradesh,HOSHANGABAD,DARSHAN SINGH CHOUDHARY,Normal/Others,,,Audit,1,15.34,Low,1,0,True,0,0,,,,False,False,False,False,,,95000.0,147000000.0,,,2026-01-16,,,,0,0.0,0,None,25.56,0.0,63.9,No material anomaly signal detected.,Completed,RUN-20261008-254699
WS/MP18104/2025-2026/161488,V41,Madhya Pradesh,HOSHANGABAD,DARSHAN SINGH CHOUDHARY,Normal/Others,,,Audit,1,15.34,Low,1,0,True,0,0,,,,False,False,False,False,,,95000.0,147000000.0,,,2026-01-27,,,,0,0.0,0,None,25.56,0.0,63.9,No material anomaly signal detected.,Completed,RUN-20261008-254699
WS/MP18104/2025-2026/154271,V41,Madhya Pradesh,HOSHANGABAD,DARSHAN SINGH CHOUDHARY,Normal/Others,,,Audit,1,15.34,Low,1,0,True,0,0,,,,False,False,False,False,,,95000.0,147000000.0,,,2026-01-27,,,,0,0.0,0,None,25.56,0.0,63.9,No material anomaly signal detected.,Completed,RUN-20261008-254699
WS/MP18104/2025-2026/154269,V41,Madhya Pradesh,HOSHANGABAD,DARSHAN SINGH CHOUDHARY,Normal/Others,,,Audit,1,15.34,Low,1,0,True,0,0,,,,False,False,False,False,,,95000.0,147000000.0,,,2026-01-22,,,,0,0.0,0,None,25.56,0.0,63.9,No material anomaly signal detected.,Completed,RUN-20261008-254699
WS/MP18104/2025-2026/154245,V41,Madhya Pradesh,HOSHANGABAD,DARSHAN SINGH CHOUDHARY,Normal/Others,,,Audit,1,15.34,Low,1,0,True,0,0,,,,False,False,False,False,,,95000.0,147000000.0,,,2026-01-27,,,,0,0.0,0,None,25.56,0.0,63.9,No material anomaly signal detected.,Completed,RUN-20261008-254699
WS/MP18104/2025-2026/154232,V41,Madhya Pradesh,HOSHANGABAD,DARSHAN SINGH CHOUDHARY,Normal/Others,,,Audit,1,15.34,Low,1,0,True,0,0,,,,False,False,False,False,,,95000.0,147000000.0,,,2026-01-27,,,,0,0.0,0,None,25.56,0.0,63.9,No material anomaly signal detected.,Completed,RUN-20261008-254699
WS/MP18104/2025-2026/154231,V41,Madhya Pradesh,HOSHANGABAD,DARSHAN SINGH CHOUDHARY,Normal/Others,,,Audit,1,15.34,Low,1,0,True,0,0,,,,False,False,False,False,,,95000.0,147000000.0,,,2026-01-27,,,,0,0.0,0,None,25.56,0.0,63.9,No material anomaly signal detected.,Completed,RUN-20261008-254699
WS/MP18104/2025-2026/154228,V41,Madhya Pradesh,HOSHANGABAD,DARSHAN SINGH CHOUDHARY,Normal/Others,,,Audit,1,15.34,Low,1,0,True,0,0,,,,False,False,False,False,,,95000.0,147000000.0,,,2026-01-19,,,,0,0.0,0,None,25.56,0.0,63.9,No material anomaly signal detected.,Completed,RUN-20261008-254699
WS/MP18104/2025-2026/154224,V41,Madhya Pradesh,HOSHANGABAD,DARSHAN SINGH CHOUDHARY,Normal/Others,,,Audit,1,15.34,Low,1,0,True,0,0,,,,False,False,False,False,,,95000.0,147000000.0,,,2026-01-29,,,,0,0.0,0,None,25.56,0.0,63.9,No material anomaly signal detected.,Completed,RUN-20261008-254699
WS/MP18104/2025-2026/153172,V41,Madhya Pradesh,HOSHANGABAD,DARSHAN SINGH CHOUDHARY,Normal/Others,,,Audit,1,15.34,Low,1,0,True,0,0,,,,False,False,False,False,,,95000.0,147000000.0,,,2026-01-16,,,,0,0.0,0,None,25.56,0.0,63.9,No material anomaly signal detected.,Completed,RUN-20261008-254699
WS/MP18104/2025-2026/153166,V41,Madhya Pradesh,HOSHANGABAD,DARSHAN SINGH CHOUDHARY,Normal/Others,,,Audit,1,15.34,Low,1,0,True,0,0,,,,False,False,False,False,,,95000.0,147000000.0,,,2026-01-27,,,,0,0.0,0,None,25.56,0.0,63.9,No material anomaly signal detected.,Completed,RUN-20261008-254699
WS/MP18104/2025-2026/152594,V41,Madhya Pradesh,HOSHANGABAD,DARSHAN SINGH CHOUDHARY,Normal/Others,,,Audit,1,15.34,Low,1,0,True,0,0,,,,False,False,False,False,,,95000.0,147000000.0,,,2026-01-19,,,,0,0.0,0,None,25.56,0.0,63.9,No material anomaly signal detected.,Completed,RUN-20261008-254699
WS/MP18104/2025-2026/152591,V41,Madhya Pradesh,HOSHANGABAD,DARSHAN SINGH CHOUDHARY,Normal/Others,,,Audit,1,15.34,Low,1,0,True,0,0,,,,False,False,False,False,,,95000.0,147000000.0,,,2026-01-19,,,,0,0.0,0,None,25.56,0.0,63.9,No material anomaly signal detected.,Completed,RUN-20261008-254699
WS/MP18104/2025-2026/174301,V41,Madhya Pradesh,HOSHANGABAD,DARSHAN SINGH CHOUDHARY,Normal/Others,,,Audit,1,15.34,Low,1,0,True,0,0,,,,False,False,False,False,,,95000.0,147000000.0,,,2026-01-16,,,,0,0.0,0,None,25.56,0.0,63.9,No material anomaly signal detected.,Completed,RUN-20261008-254699
WS/MP18104/2025-2026/211294,V41,Madhya Pradesh,HOSHANGABAD,DARSHAN SINGH CHOUDHARY,Normal/Others,,,Audit,1,15.34,Low,1,0,True,0,0,,,,False,False,False,False,,,97000.0,147000000.0,,,2026-01-29,,,,0,0.0,0,None,25.56,0.0,63.9,No material anomaly signal detected.,Completed,RUN-20261008-254699
WS/MP18104/2025-2026/174304,V41,Madhya Pradesh,HOSHANGABAD,DARSHAN SINGH CHOUDHARY,Normal/Others,,,Audit,1,15.34,Low,1,0,True,0,0,,,,False,False,False,False,,,95000.0,147000000.0,,,2026-01-16,,,,0,0.0,0,None,25.56,0.0,63.9,No material anomaly signal detected.,Completed,RUN-20261008-254699
WS/MP18104/2025-2026/174543,V41,Madhya Pradesh,HOSHANGABAD,DARSHAN SINGH CHOUDHARY,Normal/Others,,,Audit,1,15.34,Low,1,0,True,0,0,,,,False,False,False,False,,,95000.0,147000000.0,,,2026-01-14,,,,0,0.0,0,None,25.56,0.0,63.9,No material anomaly signal detected.,Completed,RUN-20261008-254699
WS/MP18104/2025-2026/174306,V41,Madhya Pradesh,HOSHANGABAD,DARSHAN SINGH CHOUDHARY,Normal/Others,,,Audit,1,15.34,Low,1,0,True,0,0,,,,False,False,False,False,,,95000.0,147000000.0,,,2026-01-22,,,,0,0.0,0,None,25.56,0.0,63.9,No material anomaly signal detected.,Completed,RUN-20261008-254699
WS/MP18104/2025-2026/204678,V41,Madhya Pradesh,HOSHANGABAD,DARSHAN SINGH CHOUDHARY,Normal/Others,,,Audit,1,15.34,Low,1,0,True,0,0,,,,False,False,False,False,,,95000.0,147000000.0,,,2026-01-22,,,,0,0.0,0,None,25.56,0.0,63.9,No material anomaly signal detected.,Completed,RUN-20261008-254699
WS/MP18104/2025-2026/189975,V41,Madhya Pradesh,HOSHANGABAD,DARSHAN SINGH CHOUDHARY,Normal/Others,,,Audit,1,15.34,Low,1,0,True,0,0,,,,False,False,False,False,,,120000.0,147000000.0,,,2026-05-13,,,,0,0.0,0,None,25.56,0.0,63.9,No material anomaly signal detected.,Completed,RUN-20261008-254699
WS/MP18104/2025-2026/181908,V41,Madhya Pradesh,HOSHANGABAD,DARSHAN SINGH CHOUDHARY,Normal/Others,,,Audit,1,15.34,Low,1,0,True,0,0,,,,False,False,False,False,,,199900.0,147000000.0,,,2026-01-16,,,,0,0.0,0,None,25.56,0.0,63.9,No material anomaly signal detected.,Completed,RUN-20261008-254699
WS/MP18104/2025-2026/176918,V41,Madhya Pradesh,HOSHANGABAD,DARSHAN SINGH CHOUDHARY,Normal/Others,,,Audit,1,15.34,Low,1,0,True,0,0,,,,False,False,False,False,,,200000.0,147000000.0,,,2026-05-06,,,,0,0.0,0,None,25.56,0.0,63.9,No material anomaly signal detected.,Completed,RUN-20261008-254699
WS/MP18104/2025-2026/174547,V41,Madhya Pradesh,HOSHANGABAD,DARSHAN SINGH CHOUDHARY,Normal/Others,,,Audit,1,15.34,Low,1,0,True,0,0,,,,False,False,False,False,,,95000.0,147000000.0,,,2026-01-22,,,,0,0.0,0,None,25.56,0.0,63.9,No material anomaly signal detected.,Completed,RUN-20261008-254699
WS/MP18104/2025-2026/174546,V41,Madhya Pradesh,HOSHANGABAD,DARSHAN SINGH CHOUDHARY,Normal/Others,,,Audit,1,15.34,Low,1,0,True,0,0,,,,False,False,False,False,,,95000.0,147000000.0,,,2026-01-22,,,,0,0.0,0,None,25.56,0.0,63.9,No material anomaly signal detected.,Completed,RUN-20261008-254699
WS/MP18104/2025-2026/189974,V41,Madhya Pradesh,HOSHANGABAD,DARSHAN SINGH CHOUDHARY,Normal/Others,,,Audit,1,15.34,Low,1,0,True,0,0,,,,False,False,False,False,,,120000.0,147000000.0,,,2026-05-13,,,,0,0.0,0,None,25.56,0.0,63.9,No material anomaly signal detected.,Completed,RUN-20261008-254699
WS/MP18104/2025-2026/174542,V41,Madhya Pradesh,HOSHANGABAD,DARSHAN SINGH CHOUDHARY,Normal/Others,,,Audit,1,15.34,Low,1,0,True,0,0,,,,False,False,False,False,,,95000.0,147000000.0,,,2026-01-16,,,,0,0.0,0,None,25.56,0.0,63.9,No material anomaly signal detected.,Completed,RUN-20261008-254699
WS/MP18104/2025-2026/174530,V41,Madhya Pradesh,HOSHANGABAD,DARSHAN SINGH CHOUDHARY,Normal/Others,,,Audit,1,15.34,Low,1,0,True,0,0,,,,False,False,False,False,,,95000.0,147000000.0,,,2026-01-19,,,,0,0.0,0,None,25.56,0.0,63.9,No material anomaly signal detected.,Completed,RUN-20261008-254699
WS/MP18104/2025-2026/174461,V41,Madhya Pradesh,HOSHANGABAD,DARSHAN SINGH CHOUDHARY,Normal/Others,,,Audit,1,15.34,Low,1,0,True,0,0,,,,False,False,False,False,,,95000.0,147000000.0,,,2026-01-29,,,,0,0.0,0,None,25.56,0.0,63.9,No material anomaly signal detected.,Completed,RUN-20261008-254699
WS/MP18104/2025-2026/174309,V41,Madhya Pradesh,HOSHANGABAD,DARSHAN SINGH CHOUDHARY,Normal/Others,,,Audit,1,15.34,Low,1,0,True,0,0,,,,False,False,False,False,,,95000.0,147000000.0,,,2026-01-16,,,,0,0.0,0,None,25.56,0.0,63.9,No material anomaly signal detected.,Completed,RUN-20261008-254699
WS/MP18104/2025-2026/174308,V41,Madhya Pradesh,HOSHANGABAD,DARSHAN SINGH CHOUDHARY,Normal/Others,,,Audit,1,15.34,Low,1,0,True,0,0,,,,False,False,False,False,,,95000.0,147000000.0,,,2026-01-16,,,,0,0.0,0,None,25.56,0.0,63.9,No material anomaly signal detected.,Completed,RUN-20261008-254699
WS/MP18104/2025-2026/174540,V41,Madhya Pradesh,HOSHANGABAD,DARSHAN SINGH CHOUDHARY,Normal/Others,,,Audit,1,15.34,Low,1,0,True,0,0,,,,False,False,False,False,,,95000.0,147000000.0,,,2026-01-16,,,,0,0.0,0,None,25.56,0.0,63.9,No material anomaly signal detected.,Completed,RUN-20261008-254699
WS/MP18104/2025-2026/174307,V41,Madhya Pradesh,HOSHANGABAD,DARSHAN SINGH CHOUDHARY,Normal/Others,,,Audit,1,15.34,Low,1,0,True,0,0,,,,False,False,False,False,,,95000.0,147000000.0,,,2026-01-16,,,,0,0.0,0,None,25.56,0.0,63.9,No material anomaly signal detected.,Completed,RUN-20261008-254699
WS/MP18102/2025-2026/210490,V41,Madhya Pradesh,DHAR(ST),SAVITRI THAKUR,Normal/Others,,,Audit,1,13.78,Low,1,0,True,0,0,,,,False,False,False,False,,,159212.0,147000000.0,,,2026-02-19,,,,0,0.0,0,None,22.96,0.0,63.9,No material anomaly signal detected.,Completed,RUN-20261008-254699
WS/MP18102/2025-2026/210485,V41,Madhya Pradesh,DHAR(ST),SAVITRI THAKUR,Normal/Others,,,Audit,1,13.78,Low,1,0,True,0,0,,,,False,False,False,False,,,159212.0,147000000.0,,,2026-02-19,,,,0,0.0,0,None,22.96,0.0,63.9,No material anomaly signal detected.,Completed,RUN-20261008-254699
WS/MP18102/2025-2026/210486,V41,Madhya Pradesh,DHAR(ST),SAVITRI THAKUR,Normal/Others,,,Audit,1,13.78,Low,1,0,True,0,0,,,,False,False,False,False,,,159212.0,147000000.0,,,2026-02-19,,,,0,0.0,0,None,22.96,0.0,63.9,No material anomaly signal detected.,Completed,RUN-20261008-254699
WS/MP18102/2025-2026/210488,V41,Madhya Pradesh,DHAR(ST),SAVITRI THAKUR,Normal/Others,,,Audit,1,13.78,Low,1,0,True,0,0,,,,False,False,False,False,,,159212.0,147000000.0,,,2026-02-19,,,,0,0.0,0,None,22.96,0.0,63.9,No material anomaly signal detected.,Completed,RUN-20261008-254699
WS/MP18102/2025-2026/210489,V41,Madhya Pradesh,DHAR(ST),SAVITRI THAKUR,Normal/Others,,,Audit,1,13.78,Low,1,0,True,0,0,,,,False,False,False,False,,,159212.0,147000000.0,,,2026-02-19,,,,0,0.0,0,None,22.96,0.0,63.9,No material anomaly signal detected.,Completed,RUN-20261008-254699
WS/MP18102/2025-2026/210494,V41,Madhya Pradesh,DHAR(ST),SAVITRI THAKUR,Normal/Others,,,Audit,1,13.78,Low,1,0,True,0,0,,,,False,False,False,False,,,159212.0,147000000.0,,,2026-02-19,,,,0,0.0,0,None,22.96,0.0,63.9,No material anomaly signal detected.,Completed,RUN-20261008-254699
WS/MP18102/2025-2026/210492,V41,Madhya Pradesh,DHAR(ST),SAVITRI THAKUR,Normal/Others,,,Audit,1,13.78,Low,1,0,True,0,0,,,,False,False,False,False,,,159212.0,147000000.0,,,2026-02-19,,,,0,0.0,0,None,22.96,0.0,63.9,No material anomaly signal detected.,Completed,RUN-20261008-254699
WS/MP18102/2025-2026/210493,V41,Madhya Pradesh,DHAR(ST),SAVITRI THAKUR,Normal/Others,,,Audit,1,13.78,Low,1,0,True,0,0,,,,False,False,False,False,,,159212.0,147000000.0,,,2026-02-19,,,,0,0.0,0,None,22.96,0.0,63.9,No material anomaly signal detected.,Completed,RUN-20261008-254699
WS/MP18102/2025-2026/210498,V41,Madhya Pradesh,DHAR(ST),SAVITRI THAKUR,Normal/Others,,,Audit,1,13.78,Low,1,0,True,0,0,,,,False,False,False,False,,,159212.0,147000000.0,,,2026-02-19,,,,0,0.0,0,None,22.96,0.0,63.9,No material anomaly signal detected.,Completed,RUN-20261008-254699
WS/MP18102/2025-2026/210499,V41,Madhya Pradesh,DHAR(ST),SAVITRI THAKUR,Normal/Others,,,Audit,1,13.78,Low,1,0,True,0,0,,,,False,False,False,False,,,159212.0,147000000.0,,,2026-02-19,,,,0,0.0,0,None,22.96,0.0,63.9,No material anomaly signal detected.,Completed,RUN-20261008-254699
WS/MP18102/2025-2026/210483,V41,Madhya Pradesh,DHAR(ST),SAVITRI THAKUR,Normal/Others,,,Audit,1,13.78,Low,1,0,True,0,0,,,,False,False,False,False,,,159212.0,147000000.0,,,2026-02-19,,,,0,0.0,0,None,22.96,0.0,63.9,No material anomaly signal detected.,Completed,RUN-20261008-254699
WS/MP18102/2025-2026/210484,V41,Madhya Pradesh,DHAR(ST),SAVITRI THAKUR,Normal/Others,,,Audit,1,13.78,Low,1,0,True,0,0,,,,False,False,False,False,,,159212.0,147000000.0,,,2026-02-19,,,,0,0.0,0,None,22.96,0.0,63.9,No material anomaly signal detected.,Completed,RUN-20261008-254699
WS/MP18102/2025-2026/210396,V41,Madhya Pradesh,DHAR(ST),SAVITRI THAKUR,Normal/Others,,,Audit,1,13.78,Low,1,0,True,0,0,,,,False,False,False,False,,,159212.0,147000000.0,,,2026-02-19,,,,0,0.0,0,None,22.96,0.0,63.9,No material anomaly signal detected.,Completed,RUN-20261008-254699
WS/MP18102/2025-2026/210482,V41,Madhya Pradesh,DHAR(ST),SAVITRI THAKUR,Normal/Others,,,Audit,1,13.78,Low,1,0,True,0,0,,,,False,False,False,False,,,159212.0,147000000.0,,,2026-02-19,,,,0,0.0,0,None,22.96,0.0,63.9,No material anomaly signal detected.,Completed,RUN-20261008-254699
WS/MP18102/2025-2026/210481,V41,Madhya Pradesh,DHAR(ST),SAVITRI THAKUR,Normal/Others,,,Audit,1,13.78,Low,1,0,True,0,0,,,,False,False,False,False,,,159212.0,147000000.0,,,2026-02-19,,,,0,0.0,0,None,22.96,0.0,63.9,No material anomaly signal detected.,Completed,RUN-20261008-254699
WS/MP18102/2025-2026/210479,V41,Madhya Pradesh,DHAR(ST),SAVITRI THAKUR,Normal/Others,,,Audit,1,13.78,Low,1,0,True,0,0,,,,False,False,False,False,,,159212.0,147000000.0,,,2026-02-19,,,,0,0.0,0,None,22.96,0.0,63.9,No material anomaly signal detected.,Completed,RUN-20261008-254699
WS/MP18102/2025-2026/210478,V41,Madhya Pradesh,DHAR(ST),SAVITRI THAKUR,Normal/Others,,,Audit,1,13.78,Low,1,0,True,0,0,,,,False,False,False,False,,,159212.0,147000000.0,,,2026-02-19,,,,0,0.0,0,None,22.96,0.0,63.9,No material anomaly signal detected.,Completed,RUN-20261008-254699
WS/MP18102/2025-2026/210476,V41,Madhya Pradesh,DHAR(ST),SAVITRI THAKUR,Normal/Others,,,Audit,1,13.78,Low,1,0,True,0,0,,,,False,False,False,False,,,159212.0,147000000.0,,,2026-02-19,,,,0,0.0,0,None,22.96,0.0,63.9,No material anomaly signal detected.,Completed,RUN-20261008-254699
WS/MP18102/2025-2026/210475,V41,Madhya Pradesh,DHAR(ST),SAVITRI THAKUR,Normal/Others,,,Audit,1,13.78,Low,1,0,True,0,0,,,,False,False,False,False,,,159212.0,147000000.0,,,2026-02-19,,,,0,0.0,0,None,22.96,0.0,63.9,No material anomaly signal detected.,Completed,RUN-20261008-254699
WS/MP18102/2025-2026/210397,V41,Madhya Pradesh,DHAR(ST),SAVITRI THAKUR,Normal/Others,,,Audit,1,13.78,Low,1,0,True,0,0,,,,False,False,False,False,,,159212.0,147000000.0,,,2026-02-19,,,,0,0.0,0,None,22.96,0.0,63.9,No material anomaly signal detected.,Completed,RUN-20261008-254699
WS/MP18102/2025-2026/210501,V41,Madhya Pradesh,DHAR(ST),SAVITRI THAKUR,Normal/Others,,,Audit,1,13.78,Low,1,0,True,0,0,,,,False,False,False,False,,,159212.0,147000000.0,,,2026-02-19,,,,0,0.0,0,None,22.96,0.0,63.9,No material anomaly signal detected.,Completed,RUN-20261008-254699
WS/MP18102/2025-2026/210390,V41,Madhya Pradesh,DHAR(ST),SAVITRI THAKUR,Normal/Others,,,Audit,1,13.78,Low,1,0,True,0,0,,,,False,False,False,False,,,159212.0,147000000.0,,,2026-02-19,,,,0,0.0,0,None,22.96,0.0,63.9,No material anomaly signal detected.,Completed,RUN-20261008-254699
WS/MP18102/2025-2026/210322,V41,Madhya Pradesh,DHAR(ST),SAVITRI THAKUR,Normal/Others,,,Audit,1,13.78,Low,1,0,True,0,0,,,,False,False,False,False,,,159212.0,147000000.0,,,2026-02-19,,,,0,0.0,0,None,22.96,0.0,63.9,No material anomaly signal detected.,Completed,RUN-20261008-254699
WS/MP18102/2025-2026/210318,V41,Madhya Pradesh,DHAR(ST),SAVITRI THAKUR,Normal/Others,,,Audit,1,13.78,Low,1,0,True,0,0,,,,False,False,False,False,,,159212.0,147000000.0,,,2026-02-19,,,,0,0.0,0,None,22.96,0.0,63.9,No material anomaly signal detected.,Completed,RUN-20261008-254699
WS/MP18102/2025-2026/210317,V41,Madhya Pradesh,DHAR(ST),SAVITRI THAKUR,Normal/Others,,,Audit,1,13.78,Low,1,0,True,0,0,,,,False,False,False,False,,,159212.0,147000000.0,,,2026-02-19,,,,0,0.0,0,None,22.96,0.0,63.9,No material anomaly signal detected.,Completed,RUN-20261008-254699
WS/MP18102/2025-2026/210315,V41,Madhya Pradesh,DHAR(ST),SAVITRI THAKUR,Normal/Others,,,Audit,1,13.78,Low,1,0,True,0,0,,,,False,False,False,False,,,159212.0,147000000.0,,,2026-02-19,,,,0,0.0,0,None,22.96,0.0,63.9,No material anomaly signal detected.,Completed,RUN-20261008-254699
WS/MP18102/2025-2026/210500,V41,Madhya Pradesh,DHAR(ST),SAVITRI THAKUR,Normal/Others,,,Audit,1,13.78,Low,1,0,True,0,0,,,,False,False,False,False,,,159212.0,147000000.0,,,2026-02-19,,,,0,0.0,0,None,22.96,0.0,63.9,No material anomaly signal detected.,Completed,RUN-20261008-254699
WS/MP18102/2025-2026/210875,V41,Madhya Pradesh,DHAR(ST),SAVITRI THAKUR,Normal/Others,,,Audit,1,13.78,Low,1,0,True,0,0,,,,False,False,False,False,,,159212.0,147000000.0,,,2026-02-19,,,,0,0.0,0,None,22.96,0.0,63.9,No material anomaly signal detected.,Completed,RUN-20261008-254699
WS/MP18102/2025-2026/210502,V41,Madhya Pradesh,DHAR(ST),SAVITRI THAKUR,Normal/Others,,,Audit,1,13.78,Low,1,0,True,0,0,,,,False,False,False,False,,,159212.0,147000000.0,,,2026-02-19,,,,0,0.0,0,None,22.96,0.0,63.9,No material anomaly signal detected.,Completed,RUN-20261008-254699
WS/MP18102/2025-2026/211427,V41,Madhya Pradesh,DHAR(ST),SAVITRI THAKUR,Normal/Others,,,Audit,1,13.78,Low,1,0,True,0,0,,,,False,False,False,False,,,259942.0,147000000.0,,,2025-10-01,,,,0,0.0,0,None,22.96,0.0,63.9,No material anomaly signal detected.,Completed,RUN-20261008-254699
WS/MP18102/2025-2026/218710,V41,Madhya Pradesh,DHAR(ST),SAVITRI THAKUR,Normal/Others,,,Audit,1,13.78,Low,1,0,True,0,0,,,,False,False,False,False,,,500000.0,147000000.0,,,2025-10-24,,,,0,0.0,0,None,22.96,0.0,63.9,No material anomaly signal detected.,Completed,RUN-20261008-254699
WS/MP18102/2025-2026/218706,V41,Madhya Pradesh,DHAR(ST),SAVITRI THAKUR,Normal/Others,,,Audit,1,13.78,Low,1,0,True,0,0,,,,False,False,False,False,,,500000.0,147000000.0,,,2026-03-25,,,,0,0.0,0,None,22.96,0.0,63.9,No material anomaly signal detected.,Completed,RUN-20261008-254699
WS/MP18102/2025-2026/211466,V41,Madhya Pradesh,DHAR(ST),SAVITRI THAKUR,Normal/Others,,,Audit,1,13.78,Low,1,0,True,0,0,,,,False,False,False,False,,,259942.0,147000000.0,,,2025-10-01,,,,0,0.0,0,None,22.96,0.0,63.9,No material anomaly signal detected.,Completed,RUN-20261008-254699
WS/MP18102/2025-2026/211461,V41,Madhya Pradesh,DHAR(ST),SAVITRI THAKUR,Normal/Others,,,Audit,1,13.78,Low,1,0,True,0,0,,,,False,False,False,False,,,259942.0,147000000.0,,,2025-10-01,,,,0,0.0,0,None,22.96,0.0,63.9,No material anomaly signal detected.,Completed,RUN-20261008-254699
WS/MP18102/2025-2026/211452,V41,Madhya Pradesh,DHAR(ST),SAVITRI THAKUR,Normal/Others,,,Audit,1,13.78,Low,1,0,True,0,0,,,,False,False,False,False,,,259942.0,147000000.0,,,2025-10-01,,,,0,0.0,0,None,22.96,0.0,63.9,No material anomaly signal detected.,Completed,RUN-20261008-254699
WS/MP18102/2025-2026/211446,V41,Madhya Pradesh,DHAR(ST),SAVITRI THAKUR,Normal/Others,,,Audit,1,13.78,Low,1,0,True,0,0,,,,False,False,False,False,,,259942.0,147000000.0,,,2025-10-01,,,,0,0.0,0,None,22.96,0.0,63.9,No material anomaly signal detected.,Completed,RUN-20261008-254699
WS/MP18102/2025-2026/211443,V41,Madhya Pradesh,DHAR(ST),SAVITRI THAKUR,Normal/Others,,,Audit,1,13.78,Low,1,0,True,0,0,,,,False,False,False,False,,,259942.0,147000000.0,,,2025-10-01,,,,0,0.0,0,None,22.96,0.0,63.9,No material anomaly signal detected.,Completed,RUN-20261008-254699
WS/MP18102/2025-2026/211439,V41,Madhya Pradesh,DHAR(ST),SAVITRI THAKUR,Normal/Others,,,Audit,1,13.78,Low,1,0,True,0,0,,,,False,False,False,False,,,259942.0,147000000.0,,,2025-10-01,,,,0,0.0,0,None,22.96,0.0,63.9,No material anomaly signal detected.,Completed,RUN-20261008-254699
WS/MP18102/2025-2026/211437,V41,Madhya Pradesh,DHAR(ST),SAVITRI THAKUR,Normal/Others,,,Audit,1,13.78,Low,1,0,True,0,0,,,,False,False,False,False,,,259942.0,147000000.0,,,2025-10-01,,,,0,0.0,0,None,22.96,0.0,63.9,No material anomaly signal detected.,Completed,RUN-20261008-254699
WS/MP18102/2025-2026/210314,V41,Madhya Pradesh,DHAR(ST),SAVITRI THAKUR,Normal/Others,,,Audit,1,13.78,Low,1,0,True,0,0,,,,False,False,False,False,,,159212.0,147000000.0,,,2026-02-19,,,,0,0.0,0,None,22.96,0.0,63.9,No material anomaly signal detected.,Completed,RUN-20261008-254699
WS/MP18102/2025-2026/211430,V41,Madhya Pradesh,DHAR(ST),SAVITRI THAKUR,Normal/Others,,,Audit,1,13.78,Low,1,0,True,0,0,,,,False,False,False,False,,,259942.0,147000000.0,,,2025-10-01,,,,0,0.0,0,None,22.96,0.0,63.9,No material anomaly signal detected.,Completed,RUN-20261008-254699
WS/MP18102/2025-2026/211425,V41,Madhya Pradesh,DHAR(ST),SAVITRI THAKUR,Normal/Others,,,Audit,1,13.78,Low,1,0,True,0,0,,,,False,False,False,False,,,259942.0,147000000.0,,,2025-10-01,,,,0,0.0,0,None,22.96,0.0,63.9,No material anomaly signal detected.,Completed,RUN-20261008-254699
WS/MP18102/2025-2026/210503,V41,Madhya Pradesh,DHAR(ST),SAVITRI THAKUR,Normal/Others,,,Audit,1,13.78,Low,1,0,True,0,0,,,,False,False,False,False,,,159212.0,147000000.0,,,2026-02-19,,,,0,0.0,0,None,22.96,0.0,63.9,No material anomaly signal detected.,Completed,RUN-20261008-254699
WS/MP18102/2025-2026/211424,V41,Madhya Pradesh,DHAR(ST),SAVITRI THAKUR,Normal/Others,,,Audit,1,13.78,Low,1,0,True,0,0,,,,False,False,False,False,,,259942.0,147000000.0,,,2025-10-01,,,,0,0.0,0,None,22.96,0.0,63.9,No material anomaly signal detected.,Completed,RUN-20261008-254699
WS/MP18102/2025-2026/211422,V41,Madhya Pradesh,DHAR(ST),SAVITRI THAKUR,Normal/Others,,,Audit,1,13.78,Low,1,0,True,0,0,,,,False,False,False,False,,,259942.0,147000000.0,,,2025-10-01,,,,0,0.0,0,None,22.96,0.0,63.9,No material anomaly signal detected.,Completed,RUN-20261008-254699
WS/MP18102/2025-2026/211421,V41,Madhya Pradesh,DHAR(ST),SAVITRI THAKUR,Normal/Others,,,Audit,1,13.78,Low,1,0,True,0,0,,,,False,False,False,False,,,259942.0,147000000.0,,,2025-10-01,,,,0,0.0,0,None,22.96,0.0,63.9,No material anomaly signal detected.,Completed,RUN-20261008-254699
WS/MP18102/2025-2026/210880,V41,Madhya Pradesh,DHAR(ST),SAVITRI THAKUR,Normal/Others,,,Audit,1,13.78,Low,1,0,True,0,0,,,,False,False,False,False,,,159212.0,147000000.0,,,2026-02-19,,,,0,0.0,0,None,22.96,0.0,63.9,No material anomaly signal detected.,Completed,RUN-20261008-254699
WS/MP18102/2025-2026/210879,V41,Madhya Pradesh,DHAR(ST),SAVITRI THAKUR,Normal/Others,,,Audit,1,13.78,Low,1,0,True,0,0,,,,False,False,False,False,,,159212.0,147000000.0,,,2026-02-19,,,,0,0.0,0,None,22.96,0.0,63.9,No material anomaly signal detected.,Completed,RUN-20261008-254699
WS/MP18102/2025-2026/210878,V41,Madhya Pradesh,DHAR(ST),SAVITRI THAKUR,Normal/Others,,,Audit,1,13.78,Low,1,0,True,0,0,,,,False,False,False,False,,,159212.0,147000000.0,,,2026-02-19,,,,0,0.0,0,None,22.96,0.0,63.9,No material anomaly signal detected.,Completed,RUN-20261008-254699
WS/MP18102/2025-2026/210874,V41,Madhya Pradesh,DHAR(ST),SAVITRI THAKUR,Normal/Others,,,Audit,1,13.78,Low,1,0,True,0,0,,,,False,False,False,False,,,159212.0,147000000.0,,,2026-02-19,,,,0,0.0,0,None,22.96,0.0,63.9,No material anomaly signal detected.,Completed,RUN-20261008-254699
WS/MP18102/2025-2026/210872,V41,Madhya Pradesh,DHAR(ST),SAVITRI THAKUR,Normal/Others,,,Audit,1,13.78,Low,1,0,True,0,0,,,,False,False,False,False,,,159212.0,147000000.0,,,2026-02-19,,,,0,0.0,0,None,22.96,0.0,63.9,No material anomaly signal detected.,Completed,RUN-20261008-254699
WS/MP18102/2025-2026/210859,V41,Madhya Pradesh,DHAR(ST),SAVITRI THAKUR,Normal/Others,,,Audit,1,13.78,Low,1,0,True,0,0,,,,False,False,False,False,,,300000.0,147000000.0,,,2025-12-21,,,,0,0.0,0,None,22.96,0.0,63.9,No material anomaly signal detected.,Completed,RUN-20261008-254699
WS/MP18102/2025-2026/210854,V41,Madhya Pradesh,DHAR(ST),SAVITRI THAKUR,Normal/Others,,,Audit,1,13.78,Low,1,0,True,0,0,,,,False,False,False,False,,,300000.0,147000000.0,,,2025-12-21,,,,0,0.0,0,None,22.96,0.0,63.9,No material anomaly signal detected.,Completed,RUN-20261008-254699
WS/MP18102/2025-2026/210845,V41,Madhya Pradesh,DHAR(ST),SAVITRI THAKUR,Normal/Others,,,Audit,1,13.78,Low,1,0,True,0,0,,,,False,False,False,False,,,800000.0,147000000.0,,,2025-12-21,,,,0,0.0,0,None,22.96,0.0,63.9,No material anomaly signal detected.,Completed,RUN-20261008-254699
WS/MP18102/2025-2026/211434,V41,Madhya Pradesh,DHAR(ST),SAVITRI THAKUR,Normal/Others,,,Audit,1,13.78,Low,1,0,True,0,0,,,,False,False,False,False,,,259942.0,147000000.0,,,2026-02-03,,,,0,0.0,0,None,22.96,0.0,63.9,No material anomaly signal detected.,Completed,RUN-20261008-254699
WS/MP18102/2025-2026/210311,V41,Madhya Pradesh,DHAR(ST),SAVITRI THAKUR,Normal/Others,,,Audit,1,13.78,Low,1,0,True,0,0,,,,False,False,False,False,,,159212.0,147000000.0,,,2026-02-19,,,,0,0.0,0,None,22.96,0.0,63.9,No material anomaly signal detected.,Completed,RUN-20261008-254699
WS/MP18102/2024-2025/160412,V41,Madhya Pradesh,DHAR(ST),SAVITRI THAKUR,Normal/Others,,,Audit,1,13.78,Low,1,0,True,0,0,,,,False,False,False,False,,,259942.0,147000000.0,,,2025-03-10,,,,0,0.0,0,None,22.96,0.0,63.9,No material anomaly signal detected.,Completed,RUN-20261008-254699
WS/MP18102/2024-2025/160410,V41,Madhya Pradesh,DHAR(ST),SAVITRI THAKUR,Normal/Others,,,Audit,1,13.78,Low,1,0,True,0,0,,,,False,False,False,False,,,259942.0,147000000.0,,,2025-03-10,,,,0,0.0,0,None,22.96,0.0,63.9,No material anomaly signal detected.,Completed,RUN-20261008-254699
WS/MP18102/2024-2025/159144,V41,Madhya Pradesh,DHAR(ST),SAVITRI THAKUR,Normal/Others,,,Audit,1,13.78,Low,1,0,True,0,0,,,,False,False,False,False,,,800000.0,147000000.0,,,2025-07-09,,,,0,0.0,0,None,22.96,0.0,63.9,No material anomaly signal detected.,Completed,RUN-20261008-254699
WS/MP18102/2024-2025/159147,V41,Madhya Pradesh,DHAR(ST),SAVITRI THAKUR,Normal/Others,,,Audit,1,13.78,Low,1,0,True,0,0,,,,False,False,False,False,,,499405.0,147000000.0,,,2026-02-23,,,,0,0.0,0,None,22.96,0.0,63.9,No material anomaly signal detected.,Completed,RUN-20261008-254699
WS/MP18102/2024-2025/159148,V41,Madhya Pradesh,DHAR(ST),SAVITRI THAKUR,Normal/Others,,,Audit,1,13.78,Low,1,0,True,0,0,,,,False,False,False,False,,,994284.0,147000000.0,,,2025-08-30,,,,0,0.0,0,None,22.96,0.0,63.9,No material anomaly signal detected.,Completed,RUN-20261008-254699
WS/MP18102/2024-2025/159149,V41,Madhya Pradesh,DHAR(ST),SAVITRI THAKUR,Normal/Others,,,Audit,1,13.78,Low,1,0,True,0,0,,,,False,False,False,False,,,1000000.0,147000000.0,,,2025-06-03,,,,0,0.0,0,None,22.96,0.0,63.9,No material anomaly signal detected.,Completed,RUN-20261008-254699
WS/MP18102/2024-2025/159150,V41,Madhya Pradesh,DHAR(ST),SAVITRI THAKUR,Normal/Others,,,Audit,1,13.78,Low,1,0,True,0,0,,,,False,False,False,False,,,1000000.0,147000000.0,,,2025-10-24,,,,0,0.0,0,None,22.96,0.0,63.9,No material anomaly signal detected.,Completed,RUN-20261008-254699
WS/MP18102/2024-2025/159273,V41,Madhya Pradesh,DHAR(ST),SAVITRI THAKUR,Normal/Others,,,Audit,1,13.78,Low,1,0,True,0,0,,,,False,False,False,False,,,1500000.0,147000000.0,,,2025-06-12,,,,0,0.0,0,None,22.96,0.0,63.9,No material anomaly signal detected.,Completed,RUN-20261008-254699
WS/MP18102/2024-2025/159275,V41,Madhya Pradesh,DHAR(ST),SAVITRI THAKUR,Normal/Others,,,Audit,1,13.78,Low,1,0,True,0,0,,,,False,False,False,False,,,600000.0,147000000.0,,,2026-03-09,,,,0,0.0,0,None,22.96,0.0,63.9,No material anomaly signal detected.,Completed,RUN-20261008-254699
WS/MP18102/2024-2025/159276,V41,Madhya Pradesh,DHAR(ST),SAVITRI THAKUR,Normal/Others,,,Audit,1,13.78,Low,1,0,True,0,0,,,,False,False,False,False,,,243579.0,147000000.0,,,2025-08-06,,,,0,0.0,0,None,22.96,0.0,63.9,No material anomaly signal detected.,Completed,RUN-20261008-254699
WS/MP18102/2024-2025/159293,V41,Madhya Pradesh,DHAR(ST),SAVITRI THAKUR,Normal/Others,,,Audit,1,13.78,Low,1,0,True,0,0,,,,False,False,False,False,,,1000000.0,147000000.0,,,2025-08-20,,,,0,0.0,0,None,22.96,0.0,63.9,No material anomaly signal detected.,Completed,RUN-20261008-254699
WS/MP18102/2024-2025/159297,V41,Madhya Pradesh,DHAR(ST),SAVITRI THAKUR,Normal/Others,,,Audit,1,13.78,Low,1,0,True,0,0,,,,False,False,False,False,,,259942.0,147000000.0,,,2025-03-10,,,,0,0.0,0,None,22.96,0.0,63.9,No material anomaly signal detected.,Completed,RUN-20261008-254699
WS/MP18102/2024-2025/159299,V41,Madhya Pradesh,DHAR(ST),SAVITRI THAKUR,Normal/Others,,,Audit,1,13.78,Low,1,0,True,0,0,,,,False,False,False,False,,,259942.0,147000000.0,,,2025-03-10,,,,0,0.0,0,None,22.96,0.0,63.9,No material anomaly signal detected.,Completed,RUN-20261008-254699
WS/MP18102/2024-2025/159301,V41,Madhya Pradesh,DHAR(ST),SAVITRI THAKUR,Normal/Others,,,Audit,1,13.78,Low,1,0,True,0,0,,,,False,False,False,False,,,259942.0,147000000.0,,,2025-03-10,,,,0,0.0,0,None,22.96,0.0,63.9,No material anomaly signal detected.,Completed,RUN-20261008-254699
WS/MP18102/2024-2025/159302,V41,Madhya Pradesh,DHAR(ST),SAVITRI THAKUR,Normal/Others,,,Audit,1,13.78,Low,1,0,True,0,0,,,,False,False,False,False,,,259942.0,147000000.0,,,2025-03-10,,,,0,0.0,0,None,22.96,0.0,63.9,No material anomaly signal detected.,Completed,RUN-20261008-254699
WS/MP18102/2024-2025/159303,V41,Madhya Pradesh,DHAR(ST),SAVITRI THAKUR,Normal/Others,,,Audit,1,13.78,Low,1,0,True,0,0,,,,False,False,False,False,,,259942.0,147000000.0,,,2025-03-10,,,,0,0.0,0,None,22.96,0.0,63.9,No material anomaly signal detected.,Completed,RUN-20261008-254699
WS/MP18102/2024-2025/159305,V41,Madhya Pradesh,DHAR(ST),SAVITRI THAKUR,Normal/Others,,,Audit,1,13.78,Low,1,0,True,0,0,,,,False,False,False,False,,,259942.0,147000000.0,,,2025-03-10,,,,0,0.0,0,None,22.96,0.0,63.9,No material anomaly signal detected.,Completed,RUN-20261008-254699
WS/MP18102/2024-2025/160394,V41,Madhya Pradesh,DHAR(ST),SAVITRI THAKUR,Normal/Others,,,Audit,1,13.78,Low,1,0,True,0,0,,,,False,False,False,False,,,259942.0,147000000.0,,,2025-03-10,,,,0,0.0,0,None,22.96,0.0,63.9,No material anomaly signal detected.,Completed,RUN-20261008-254699
WS/MP18102/2024-2025/160401,V41,Madhya Pradesh,DHAR(ST),SAVITRI THAKUR,Normal/Others,,,Audit,1,13.78,Low,1,0,True,0,0,,,,False,False,False,False,,,259942.0,147000000.0,,,2025-03-10,,,,0,0.0,0,None,22.96,0.0,63.9,No material anomaly signal detected.,Completed,RUN-20261008-254699
WS/MP18102/2024-2025/160404,V41,Madhya Pradesh,DHAR(ST),SAVITRI THAKUR,Normal/Others,,,Audit,1,13.78,Low,1,0,True,0,0,,,,False,False,False,False,,,259942.0,147000000.0,,,2025-03-10,,,,0,0.0,0,None,22.96,0.0,63.9,No material anomaly signal detected.,Completed,RUN-20261008-254699
WS/MP18102/2024-2025/160405,V41,Madhya Pradesh,DHAR(ST),SAVITRI THAKUR,Normal/Others,,,Audit,1,13.78,Low,1,0,True,0,0,,,,False,False,False,False,,,259942.0,147000000.0,,,2025-03-10,,,,0,0.0,0,None,22.96,0.0,63.9,No material anomaly signal detected.,Completed,RUN-20261008-254699
WS/MP18102/2024-2025/159138,V41,Madhya Pradesh,DHAR(ST),SAVITRI THAKUR,Normal/Others,,,Audit,1,13.78,Low,1,0,True,0,0,,,,False,False,False,False,,,1000000.0,147000000.0,,,2025-09-15,,,,0,0.0,0,None,22.96,0.0,63.9,No material anomaly signal detected.,Completed,RUN-20261008-254699
WS/MP18102/2024-2025/159137,V41,Madhya Pradesh,DHAR(ST),SAVITRI THAKUR,Normal/Others,,,Audit,1,13.78,Low,1,0,True,0,0,,,,False,False,False,False,,,800000.0,147000000.0,,,2025-10-14,,,,0,0.0,0,None,22.96,0.0,63.9,No material anomaly signal detected.,Completed,RUN-20261008-254699
WS/MP18102/2024-2025/153286,V41,Madhya Pradesh,DHAR(ST),SAVITRI THAKUR,Normal/Others,,,Audit,1,13.78,Low,1,0,True,0,0,,,,False,False,False,False,,,166026.0,147000000.0,,,2025-08-05,,,,0,0.0,0,None,22.96,0.0,63.9,No material anomaly signal detected.,Completed,RUN-20261008-254699
WS/MP18102/2024-2025/153273,V41,Madhya Pradesh,DHAR(ST),SAVITRI THAKUR,Normal/Others,,,Audit,1,13.78,Low,1,0,True,0,0,,,,False,False,False,False,,,166026.0,147000000.0,,,2025-08-05,,,,0,0.0,0,None,22.96,0.0,63.9,No material anomaly signal detected.,Completed,RUN-20261008-254699
WS/MP18102/2024-2025/153258,V41,Madhya Pradesh,DHAR(ST),SAVITRI THAKUR,Normal/Others,,,Audit,1,13.78,Low,1,0,True,0,0,,,,False,False,False,False,,,166026.0,147000000.0,,,2025-08-05,,,,0,0.0,0,None,22.96,0.0,63.9,No material anomaly signal detected.,Completed,RUN-20261008-254699
WS/MP18102/2024-2025/153260,V41,Madhya Pradesh,DHAR(ST),SAVITRI THAKUR,Normal/Others,,,Audit,1,13.78,Low,1,0,True,0,0,,,,False,False,False,False,,,166026.0,147000000.0,,,2025-08-05,,,,0,0.0,0,None,22.96,0.0,63.9,No material anomaly signal detected.,Completed,RUN-20261008-254699
WS/MP18102/2024-2025/153263,V41,Madhya Pradesh,DHAR(ST),SAVITRI THAKUR,Normal/Others,,,Audit,1,13.78,Low,1,0,True,0,0,,,,False,False,False,False,,,166026.0,147000000.0,,,2025-08-05,,,,0,0.0,0,None,22.96,0.0,63.9,No material anomaly signal detected.,Completed,RUN-20261008-254699
WS/MP18102/2024-2025/153264,V41,Madhya Pradesh,DHAR(ST),SAVITRI THAKUR,Normal/Others,,,Audit,1,13.78,Low,1,0,True,0,0,,,,False,False,False,False,,,166026.0,147000000.0,,,2025-08-05,,,,0,0.0,0,None,22.96,0.0,63.9,No material anomaly signal detected.,Completed,RUN-20261008-254699
WS/MP18102/2024-2025/153266,V41,Madhya Pradesh,DHAR(ST),SAVITRI THAKUR,Normal/Others,,,Audit,1,13.78,Low,1,0,True,0,0,,,,False,False,False,False,,,166026.0,147000000.0,,,2025-08-05,,,,0,0.0,0,None,22.96,0.0,63.9,No material anomaly signal detected.,Completed,RUN-20261008-254699
WS/MP18102/2024-2025/153267,V41,Madhya Pradesh,DHAR(ST),SAVITRI THAKUR,Normal/Others,,,Audit,1,13.78,Low,1,0,True,0,0,,,,False,False,False,False,,,166026.0,147000000.0,,,2025-08-05,,,,0,0.0,0,None,22.96,0.0,63.9,No material anomaly signal detected.,Completed,RUN-20261008-254699
WS/MP18102/2024-2025/153269,V41,Madhya Pradesh,DHAR(ST),SAVITRI THAKUR,Normal/Others,,,Audit,1,13.78,Low,1,0,True,0,0,,,,False,False,False,False,,,166026.0,147000000.0,,,2025-08-05,,,,0,0.0,0,None,22.96,0.0,63.9,No material anomaly signal detected.,Completed,RUN-20261008-254699
WS/MP18102/2024-2025/153271,V41,Madhya Pradesh,DHAR(ST),SAVITRI THAKUR,Normal/Others,,,Audit,1,13.78,Low,1,0,True,0,0,,,,False,False,False,False,,,166026.0,147000000.0,,,2025-08-05,,,,0,0.0,0,None,22.96,0.0,63.9,No material anomaly signal detected.,Completed,RUN-20261008-254699
WS/MP18102/2024-2025/153274,V41,Madhya Pradesh,DHAR(ST),SAVITRI THAKUR,Normal/Others,,,Audit,1,13.78,Low,1,0,True,0,0,,,,False,False,False,False,,,166026.0,147000000.0,,,2025-08-05,,,,0,0.0,0,None,22.96,0.0,63.9,No material anomaly signal detected.,Completed,RUN-20261008-254699
WS/MP18102/2024-2025/153285,V41,Madhya Pradesh,DHAR(ST),SAVITRI THAKUR,Normal/Others,,,Audit,1,13.78,Low,1,0,True,0,0,,,,False,False,False,False,,,166026.0,147000000.0,,,2025-08-05,,,,0,0.0,0,None,22.96,0.0,63.9,No material anomaly signal detected.,Completed,RUN-20261008-254699
WS/MP18102/2024-2025/153275,V41,Madhya Pradesh,DHAR(ST),SAVITRI THAKUR,Normal/Others,,,Audit,1,13.78,Low,1,0,True,0,0,,,,False,False,False,False,,,166026.0,147000000.0,,,2025-08-05,,,,0,0.0,0,None,22.96,0.0,63.9,No material anomaly signal detected.,Completed,RUN-20261008-254699
WS/MP18102/2024-2025/153278,V41,Madhya Pradesh,DHAR(ST),SAVITRI THAKUR,Normal/Others,,,Audit,1,13.78,Low,1,0,True,0,0,,,,False,False,False,False,,,166026.0,147000000.0,,,2025-08-05,,,,0,0.0,0,None,22.96,0.0,63.9,No material anomaly signal detected.,Completed,RUN-20261008-254699
WS/MP18102/2024-2025/153279,V41,Madhya Pradesh,DHAR(ST),SAVITRI THAKUR,Normal/Others,,,Audit,1,13.78,Low,1,0,True,0,0,,,,False,False,False,False,,,166026.0,147000000.0,,,2025-08-05,,,,0,0.0,0,None,22.96,0.0,63.9,No material anomaly signal detected.,Completed,RUN-20261008-254699
WS/MP18102/2024-2025/153280,V41,Madhya Pradesh,DHAR(ST),SAVITRI THAKUR,Normal/Others,,,Audit,1,13.78,Low,1,0,True,0,0,,,,False,False,False,False,,,166026.0,147000000.0,,,2025-08-05,,,,0,0.0,0,None,22.96,0.0,63.9,No material anomaly signal detected.,Completed,RUN-20261008-254699
WS/MP18102/2024-2025/153281,V41,Madhya Pradesh,DHAR(ST),SAVITRI THAKUR,Normal/Others,,,Audit,1,13.78,Low,1,0,True,0,0,,,,False,False,False,False,,,166026.0,147000000.0,,,2025-08-05,,,,0,0.0,0,None,22.96,0.0,63.9,No material anomaly signal detected.,Completed,RUN-20261008-254699
WS/MP18102/2024-2025/153282,V41,Madhya Pradesh,DHAR(ST),SAVITRI THAKUR,Normal/Others,,,Audit,1,13.78,Low,1,0,True,0,0,,,,False,False,False,False,,,166026.0,147000000.0,,,2025-08-05,,,,0,0.0,0,None,22.96,0.0,63.9,No material anomaly signal detected.,Completed,RUN-20261008-254699
WS/MP18102/2024-2025/153283,V41,Madhya Pradesh,DHAR(ST),SAVITRI THAKUR,Normal/Others,,,Audit,1,13.78,Low,1,0,True,0,0,,,,False,False,False,False,,,166026.0,147000000.0,,,2025-08-05,,,,0,0.0,0,None,22.96,0.0,63.9,No material anomaly signal detected.,Completed,RUN-20261008-254699
WS/MP18102/2024-2025/153284,V41,Madhya Pradesh,DHAR(ST),SAVITRI THAKUR,Normal/Others,,,Audit,1,13.78,Low,1,0,True,0,0,,,,False,False,False,False,,,166026.0,147000000.0,,,2025-08-05,,,,0,0.0,0,None,22.96,0.0,63.9,No material anomaly signal detected.,Completed,RUN-20261008-254699
WS/MP18102/2024-2025/160408,V41,Madhya Pradesh,DHAR(ST),SAVITRI THAKUR,Normal/Others,,,Audit,1,13.78,Low,1,0,True,0,0,,,,False,False,False,False,,,259942.0,147000000.0,,,2025-03-10,,,,0,0.0,0,None,22.96,0.0,63.9,No material anomaly signal detected.,Completed,RUN-20261008-254699
WS/MP18102/2025-2026/210312,V41,Madhya Pradesh,DHAR(ST),SAVITRI THAKUR,Normal/Others,,,Audit,1,13.78,Low,1,0,True,0,0,,,,False,False,False,False,,,159212.0,147000000.0,,,2026-02-19,,,,0,0.0,0,None,22.96,0.0,63.9,No material anomaly signal detected.,Completed,RUN-20261008-254699
WS/MP18102/2025-2026/210309,V41,Madhya Pradesh,DHAR(ST),SAVITRI THAKUR,Normal/Others,,,Audit,1,13.78,Low,1,0,True,0,0,,,,False,False,False,False,,,159212.0,147000000.0,,,2026-02-19,,,,0,0.0,0,None,22.96,0.0,63.9,No material anomaly signal detected.,Completed,RUN-20261008-254699
WS/MP18102/2024-2025/160414,V41,Madhya Pradesh,DHAR(ST),SAVITRI THAKUR,Normal/Others,,,Audit,1,13.78,Low,1,0,True,0,0,,,,False,False,False,False,,,259942.0,147000000.0,,,2025-03-10,,,,0,0.0,0,None,22.96,0.0,63.9,No material anomaly signal detected.,Completed,RUN-20261008-254699
WS/MP18102/2025-2026/186525,V41,Madhya Pradesh,DHAR(ST),SAVITRI THAKUR,Normal/Others,,,Audit,1,13.78,Low,1,0,True,0,0,,,,False,False,False,False,,,163424.0,147000000.0,,,2026-01-22,,,,0,0.0,0,None,22.96,0.0,63.9,No material anomaly signal detected.,Completed,RUN-20261008-254699
WS/MP18102/2025-2026/186529,V41,Madhya Pradesh,DHAR(ST),SAVITRI THAKUR,Normal/Others,,,Audit,1,13.78,Low,1,0,True,0,0,,,,False,False,False,False,,,163424.0,147000000.0,,,2026-01-22,,,,0,0.0,0,None,22.96,0.0,63.9,No material anomaly signal detected.,Completed,RUN-20261008-254699
WS/MP18102/2025-2026/198459,V41,Madhya Pradesh,DHAR(ST),SAVITRI THAKUR,Normal/Others,,,Audit,1,13.78,Low,1,0,True,0,0,,,,False,False,False,False,,,1000000.0,147000000.0,,,2025-10-04,,,,0,0.0,0,None,22.96,0.0,63.9,No material anomaly signal detected.,Completed,RUN-20261008-254699
WS/MP18102/2025-2026/198460,V41,Madhya Pradesh,DHAR(ST),SAVITRI THAKUR,Normal/Others,,,Audit,1,13.78,Low,1,0,True,0,0,,,,False,False,False,False,,,1000000.0,147000000.0,,,2025-10-04,,,,0,0.0,0,None,22.96,0.0,63.9,No material anomaly signal detected.,Completed,RUN-20261008-254699
WS/MP18102/2025-2026/198461,V41,Madhya Pradesh,DHAR(ST),SAVITRI THAKUR,Normal/Others,,,Audit,1,13.78,Low,1,0,True,0,0,,,,False,False,False,False,,,1000000.0,147000000.0,,,2026-03-05,,,,0,0.0,0,None,22.96,0.0,63.9,No material anomaly signal detected.,Completed,RUN-20261008-254699
WS/MP18102/2025-2026/198464,V41,Madhya Pradesh,DHAR(ST),SAVITRI THAKUR,Normal/Others,,,Audit,1,13.78,Low,1,0,True,0,0,,,,False,False,False,False,,,1500000.0,147000000.0,,,2025-12-19,,,,0,0.0,0,None,22.96,0.0,63.9,No material anomaly signal detected.,Completed,RUN-20261008-254699
WS/MP18102/2025-2026/198652,V41,Madhya Pradesh,DHAR(ST),SAVITRI THAKUR,Normal/Others,,,Audit,1,13.78,Low,1,0,True,0,0,,,,False,False,False,False,,,295448.0,147000000.0,,,2026-03-07,,,,0,0.0,0,None,22.96,0.0,63.9,No material anomaly signal detected.,Completed,RUN-20261008-254699
WS/MP18102/2025-2026/198653,V41,Madhya Pradesh,DHAR(ST),SAVITRI THAKUR,Normal/Others,,,Audit,1,13.78,Low,1,0,True,0,0,,,,False,False,False,False,,,297243.0,147000000.0,,,2026-03-07,,,,0,0.0,0,None,22.96,0.0,63.9,No material anomaly signal detected.,Completed,RUN-20261008-254699
WS/MP18102/2025-2026/198654,V41,Madhya Pradesh,DHAR(ST),SAVITRI THAKUR,Normal/Others,,,Audit,1,13.78,Low,1,0,True,0,0,,,,False,False,False,False,,,299708.0,147000000.0,,,2026-03-07,,,,0,0.0,0,None,22.96,0.0,63.9,No material anomaly signal detected.,Completed,RUN-20261008-254699
WS/MP18102/2025-2026/198655,V41,Madhya Pradesh,DHAR(ST),SAVITRI THAKUR,Normal/Others,,,Audit,1,13.78,Low,1,0,True,0,0,,,,False,False,False,False,,,293973.0,147000000.0,,,2026-03-07,,,,0,0.0,0,None,22.96,0.0,63.9,No material anomaly signal detected.,Completed,RUN-20261008-254699
WS/MP18102/2025-2026/198656,V41,Madhya Pradesh,DHAR(ST),SAVITRI THAKUR,Normal/Others,,,Audit,1,13.78,Low,1,0,True,0,0,,,,False,False,False,False,,,299423.0,147000000.0,,,2026-03-07,,,,0,0.0,0,None,22.96,0.0,63.9,No material anomaly signal detected.,Completed,RUN-20261008-254699
WS/MP18102/2025-2026/210298,V41,Madhya Pradesh,DHAR(ST),SAVITRI THAKUR,Normal/Others,,,Audit,1,13.78,Low,1,0,True,0,0,,,,False,False,False,False,,,159212.0,147000000.0,,,2026-02-19,,,,0,0.0,0,None,22.96,0.0,63.9,No material anomaly signal detected.,Completed,RUN-20261008-254699
WS/MP18102/2025-2026/210300,V41,Madhya Pradesh,DHAR(ST),SAVITRI THAKUR,Normal/Others,,,Audit,1,13.78,Low,1,0,True,0,0,,,,False,False,False,False,,,159212.0,147000000.0,,,2026-02-19,,,,0,0.0,0,None,22.96,0.0,63.9,No material anomaly signal detected.,Completed,RUN-20261008-254699
WS/MP18102/2025-2026/210301,V41,Madhya Pradesh,DHAR(ST),SAVITRI THAKUR,Normal/Others,,,Audit,1,13.78,Low,1,0,True,0,0,,,,False,False,False,False,,,159212.0,147000000.0,,,2026-02-19,,,,0,0.0,0,None,22.96,0.0,63.9,No material anomaly signal detected.,Completed,RUN-20261008-254699
WS/MP18102/2025-2026/210302,V41,Madhya Pradesh,DHAR(ST),SAVITRI THAKUR,Normal/Others,,,Audit,1,13.78,Low,1,0,True,0,0,,,,False,False,False,False,,,159212.0,147000000.0,,,2026-02-19,,,,0,0.0,0,None,22.96,0.0,63.9,No material anomaly signal detected.,Completed,RUN-20261008-254699
WS/MP18102/2025-2026/210303,V41,Madhya Pradesh,DHAR(ST),SAVITRI THAKUR,Normal/Others,,,Audit,1,13.78,Low,1,0,True,0,0,,,,False,False,False,False,,,159212.0,147000000.0,,,2026-02-19,,,,0,0.0,0,None,22.96,0.0,63.9,No material anomaly signal detected.,Completed,RUN-20261008-254699
WS/MP18102/2025-2026/210304,V41,Madhya Pradesh,DHAR(ST),SAVITRI THAKUR,Normal/Others,,,Audit,1,13.78,Low,1,0,True,0,0,,,,False,False,False,False,,,159212.0,147000000.0,,,2026-02-19,,,,0,0.0,0,None,22.96,0.0,63.9,No material anomaly signal detected.,Completed,RUN-20261008-254699
WS/MP18102/2025-2026/210305,V41,Madhya Pradesh,DHAR(ST),SAVITRI THAKUR,Normal/Others,,,Audit,1,13.78,Low,1,0,True,0,0,,,,False,False,False,False,,,159212.0,147000000.0,,,2026-02-19,,,,0,0.0,0,None,22.96,0.0,63.9,No material anomaly signal detected.,Completed,RUN-20261008-254699
WS/MP18102/2025-2026/210308,V41,Madhya Pradesh,DHAR(ST),SAVITRI THAKUR,Normal/Others,,,Audit,1,13.78,Low,1,0,True,0,0,,,,False,False,False,False,,,159212.0,147000000.0,,,2026-02-19,,,,0,0.0,0,None,22.96,0.0,63.9,No material anomaly signal detected.,Completed,RUN-20261008-254699
WS/MP18102/2025-2026/186524,V41,Madhya Pradesh,DHAR(ST),SAVITRI THAKUR,Normal/Others,,,Audit,1,13.78,Low,1,0,True,0,0,,,,False,False,False,False,,,163424.0,147000000.0,,,2026-01-22,,,,0,0.0,0,None,22.96,0.0,63.9,No material anomaly signal detected.,Completed,RUN-20261008-254699
WS/MP18102/2025-2026/186523,V41,Madhya Pradesh,DHAR(ST),SAVITRI THAKUR,Normal/Others,,,Audit,1,13.78,Low,1,0,True,0,0,,,,False,False,False,False,,,163424.0,147000000.0,,,2026-01-22,,,,0,0.0,0,None,22.96,0.0,63.9,No material anomaly signal detected.,Completed,RUN-20261008-254699
WS/MP18102/2025-2026/186522,V41,Madhya Pradesh,DHAR(ST),SAVITRI THAKUR,Normal/Others,,,Audit,1,13.78,Low,1,0,True,0,0,,,,False,False,False,False,,,1000000.0,147000000.0,,,2025-10-08,,,,0,0.0,0,None,22.96,0.0,63.9,No material anomaly signal detected.,Completed,RUN-20261008-254699
WS/MP18102/2025-2026/182455,V41,Madhya Pradesh,DHAR(ST),SAVITRI THAKUR,Normal/Others,,,Audit,1,13.78,Low,1,0,True,0,0,,,,False,False,False,False,,,997622.0,147000000.0,,,2025-10-03,,,,0,0.0,0,None,22.96,0.0,63.9,No material anomaly signal detected.,Completed,RUN-20261008-254699
WS/MP18102/2024-2025/160426,V41,Madhya Pradesh,DHAR(ST),SAVITRI THAKUR,Normal/Others,,,Audit,1,13.78,Low,1,0,True,0,0,,,,False,False,False,False,,,259942.0,147000000.0,,,2025-03-10,,,,0,0.0,0,None,22.96,0.0,63.9,No material anomaly signal detected.,Completed,RUN-20261008-254699
WS/MP18102/2024-2025/160428,V41,Madhya Pradesh,DHAR(ST),SAVITRI THAKUR,Normal/Others,,,Audit,1,13.78,Low,1,0,True,0,0,,,,False,False,False,False,,,259942.0,147000000.0,,,2025-03-10,,,,0,0.0,0,None,22.96,0.0,63.9,No material anomaly signal detected.,Completed,RUN-20261008-254699
WS/MP18102/2024-2025/160429,V41,Madhya Pradesh,DHAR(ST),SAVITRI THAKUR,Normal/Others,,,Audit,1,13.78,Low,1,0,True,0,0,,,,False,False,False,False,,,259942.0,147000000.0,,,2025-03-10,,,,0,0.0,0,None,22.96,0.0,63.9,No material anomaly signal detected.,Completed,RUN-20261008-254699
WS/MP18102/2024-2025/160432,V41,Madhya Pradesh,DHAR(ST),SAVITRI THAKUR,Normal/Others,,,Audit,1,13.78,Low,1,0,True,0,0,,,,False,False,False,False,,,259942.0,147000000.0,,,2025-03-10,,,,0,0.0,0,None,22.96,0.0,63.9,No material anomaly signal detected.,Completed,RUN-20261008-254699
WS/MP18102/2024-2025/160438,V41,Madhya Pradesh,DHAR(ST),SAVITRI THAKUR,Normal/Others,,,Audit,1,13.78,Low,1,0,True,0,0,,,,False,False,False,False,,,259942.0,147000000.0,,,2025-03-10,,,,0,0.0,0,None,22.96,0.0,63.9,No material anomaly signal detected.,Completed,RUN-20261008-254699
WS/MP18102/2024-2025/160469,V41,Madhya Pradesh,DHAR(ST),SAVITRI THAKUR,Normal/Others,,,Audit,1,13.78,Low,1,0,True,0,0,,,,False,False,False,False,,,500000.0,147000000.0,,,2026-02-01,,,,0,0.0,0,None,22.96,0.0,63.9,No material anomaly signal detected.,Completed,RUN-20261008-254699
WS/MP18102/2024-2025/160471,V41,Madhya Pradesh,DHAR(ST),SAVITRI THAKUR,Normal/Others,,,Audit,1,13.78,Low,1,0,True,0,0,,,,False,False,False,False,,,500000.0,147000000.0,,,2026-01-22,,,,0,0.0,0,None,22.96,0.0,63.9,No material anomaly signal detected.,Completed,RUN-20261008-254699
WS/MP18102/2025-2026/159145,V41,Madhya Pradesh,DHAR(ST),SAVITRI THAKUR,Normal/Others,,,Audit,1,13.78,Low,1,0,True,0,0,,,,False,False,False,False,,,998943.0,147000000.0,,,2025-08-25,,,,0,0.0,0,None,22.96,0.0,63.9,No material anomaly signal detected.,Completed,RUN-20261008-254699
WS/MP18102/2025-2026/182459,V41,Madhya Pradesh,DHAR(ST),SAVITRI THAKUR,Normal/Others,,,Audit,1,13.78,Low,1,0,True,0,0,,,,False,False,False,False,,,1000000.0,147000000.0,,,2025-10-08,,,,0,0.0,0,None,22.96,0.0,63.9,No material anomaly signal detected.,Completed,RUN-20261008-254699
WS/MP18102/2025-2026/186521,V41,Madhya Pradesh,DHAR(ST),SAVITRI THAKUR,Normal/Others,,,Audit,1,13.78,Low,1,0,True,0,0,,,,False,False,False,False,,,400000.0,147000000.0,,,2026-02-12,,,,0,0.0,0,None,22.96,0.0,63.9,No material anomaly signal detected.,Completed,RUN-20261008-254699
WS/MP18102/2025-2026/182461,V41,Madhya Pradesh,DHAR(ST),SAVITRI THAKUR,Normal/Others,,,Audit,1,13.78,Low,1,0,True,0,0,,,,False,False,False,False,,,798489.0,147000000.0,,,2025-12-16,,,,0,0.0,0,None,22.96,0.0,63.9,No material anomaly signal detected.,Completed,RUN-20261008-254699
WS/MP18102/2025-2026/182504,V41,Madhya Pradesh,DHAR(ST),SAVITRI THAKUR,Normal/Others,,,Audit,1,13.78,Low,1,0,True,0,0,,,,False,False,False,False,,,500000.0,147000000.0,,,2025-10-14,,,,0,0.0,0,None,22.96,0.0,63.9,No material anomaly signal detected.,Completed,RUN-20261008-254699
WS/MP18102/2025-2026/182527,V41,Madhya Pradesh,DHAR(ST),SAVITRI THAKUR,Normal/Others,,,Audit,1,13.78,Low,1,0,True,0,0,,,,False,False,False,False,,,1000000.0,147000000.0,,,2025-10-09,,,,0,0.0,0,None,22.96,0.0,63.9,No material anomaly signal detected.,Completed,RUN-20261008-254699
WS/MP18102/2025-2026/182531,V41,Madhya Pradesh,DHAR(ST),SAVITRI THAKUR,Normal/Others,,,Audit,1,13.78,Low,1,0,True,0,0,,,,False,False,False,False,,,988024.0,147000000.0,,,2025-12-16,,,,0,0.0,0,None,22.96,0.0,63.9,No material anomaly signal detected.,Completed,RUN-20261008-254699
WS/MP18102/2025-2026/182533,V41,Madhya Pradesh,DHAR(ST),SAVITRI THAKUR,Normal/Others,,,Audit,1,13.78,Low,1,0,True,0,0,,,,False,False,False,False,,,600000.0,147000000.0,,,2025-10-08,,,,0,0.0,0,None,22.96,0.0,63.9,No material anomaly signal detected.,Completed,RUN-20261008-254699
WS/MP18102/2025-2026/182539,V41,Madhya Pradesh,DHAR(ST),SAVITRI THAKUR,Normal/Others,,,Audit,1,13.78,Low,1,0,True,0,0,,,,False,False,False,False,,,1000000.0,147000000.0,,,2025-10-30,,,,0,0.0,0,None,22.96,0.0,63.9,No material anomaly signal detected.,Completed,RUN-20261008-254699
WS/MP18102/2025-2026/186499,V41,Madhya Pradesh,DHAR(ST),SAVITRI THAKUR,Normal/Others,,,Audit,1,13.78,Low,1,0,True,0,0,,,,False,False,False,False,,,1000000.0,147000000.0,,,2026-01-21,,,,0,0.0,0,None,22.96,0.0,63.9,No material anomaly signal detected.,Completed,RUN-20261008-254699
WS/MP18102/2025-2026/186520,V41,Madhya Pradesh,DHAR(ST),SAVITRI THAKUR,Normal/Others,,,Audit,1,13.78,Low,1,0,True,0,0,,,,False,False,False,False,,,299546.0,147000000.0,,,2026-01-09,,,,0,0.0,0,None,22.96,0.0,63.9,No material anomaly signal detected.,Completed,RUN-20261008-254699
WS/MP642/2025-2026/195927,V41,Madhya Pradesh,SATNA,Ganesh Singh,Normal/Others,,,Audit,1,11.9,Low,1,0,True,0,0,,,,False,False,False,False,,,163424.0,147000000.0,,,2026-03-28,,,,0,0.0,0,None,19.84,0.0,61.5,No material anomaly signal detected.,Completed,RUN-20261008-254699
WS/MP642/2025-2026/195926,V41,Madhya Pradesh,SATNA,Ganesh Singh,Normal/Others,,,Audit,1,11.9,Low,1,0,True,0,0,,,,False,False,False,False,,,163424.0,147000000.0,,,2026-03-28,,,,0,0.0,0,None,19.84,0.0,61.5,No material anomaly signal detected.,Completed,RUN-20261008-254699
WS/MP642/2025-2026/195690,V41,Madhya Pradesh,SATNA,Ganesh Singh,Normal/Others,,,Audit,1,11.9,Low,1,0,True,0,0,,,,False,False,False,False,,,163424.0,147000000.0,,,2026-03-28,,,,0,0.0,0,None,19.84,0.0,61.5,No material anomaly signal detected.,Completed,RUN-20261008-254699
WS/MP642/2025-2026/195709,V41,Madhya Pradesh,SATNA,Ganesh Singh,Normal/Others,,,Audit,1,11.9,Low,1,0,True,0,0,,,,False,False,False,False,,,163424.0,147000000.0,,,2026-03-27,,,,0,0.0,0,None,19.84,0.0,61.5,No material anomaly signal detected.,Completed,RUN-20261008-254699
WS/MP642/2025-2026/195715,V41,Madhya Pradesh,SATNA,Ganesh Singh,Normal/Others,,,Audit,1,11.9,Low,1,0,True,0,0,,,,False,False,False,False,,,163424.0,147000000.0,,,2026-03-27,,,,0,0.0,0,None,19.84,0.0,61.5,No material anomaly signal detected.,Completed,RUN-20261008-254699
WS/MP642/2025-2026/195714,V41,Madhya Pradesh,SATNA,Ganesh Singh,Normal/Others,,,Audit,1,11.9,Low,1,0,True,0,0,,,,False,False,False,False,,,163424.0,147000000.0,,,2026-03-27,,,,0,0.0,0,None,19.84,0.0,61.5,No material anomaly signal detected.,Completed,RUN-20261008-254699
WS/MP642/2025-2026/195713,V41,Madhya Pradesh,SATNA,Ganesh Singh,Normal/Others,,,Audit,1,11.9,Low,1,0,True,0,0,,,,False,False,False,False,,,163424.0,147000000.0,,,2026-03-27,,,,0,0.0,0,None,19.84,0.0,61.5,No material anomaly signal detected.,Completed,RUN-20261008-254699
WS/MP642/2025-2026/195712,V41,Madhya Pradesh,SATNA,Ganesh Singh,Normal/Others,,,Audit,1,11.9,Low,1,0,True,0,0,,,,False,False,False,False,,,163424.0,147000000.0,,,2026-03-27,,,,0,0.0,0,None,19.84,0.0,61.5,No material anomaly signal detected.,Completed,RUN-20261008-254699
WS/MP642/2025-2026/195711,V41,Madhya Pradesh,SATNA,Ganesh Singh,Normal/Others,,,Audit,1,11.9,Low,1,0,True,0,0,,,,False,False,False,False,,,163424.0,147000000.0,,,2026-03-28,,,,0,0.0,0,None,19.84,0.0,61.5,No material anomaly signal detected.,Completed,RUN-20261008-254699
WS/MP642/2025-2026/195710,V41,Madhya Pradesh,SATNA,Ganesh Singh,Normal/Others,,,Audit,1,11.9,Low,1,0,True,0,0,,,,False,False,False,False,,,163424.0,147000000.0,,,2026-03-27,,,,0,0.0,0,None,19.84,0.0,61.5,No material anomaly signal detected.,Completed,RUN-20261008-254699
WS/MP642/2025-2026/195708,V41,Madhya Pradesh,SATNA,Ganesh Singh,Normal/Others,,,Audit,1,11.9,Low,1,0,True,0,0,,,,False,False,False,False,,,163424.0,147000000.0,,,2026-03-27,,,,0,0.0,0,None,19.84,0.0,61.5,No material anomaly signal detected.,Completed,RUN-20261008-254699
WS/MP642/2025-2026/195717,V41,Madhya Pradesh,SATNA,Ganesh Singh,Normal/Others,,,Audit,1,11.9,Low,1,0,True,0,0,,,,False,False,False,False,,,163424.0,147000000.0,,,2026-03-27,,,,0,0.0,0,None,19.84,0.0,61.5,No material anomaly signal detected.,Completed,RUN-20261008-254699
WS/MP642/2025-2026/195670,V41,Madhya Pradesh,SATNA,Ganesh Singh,Normal/Others,,,Audit,1,11.9,Low,1,0,True,0,0,,,,False,False,False,False,,,163424.0,147000000.0,,,2026-03-28,,,,0,0.0,0,None,19.84,0.0,61.5,No material anomaly signal detected.,Completed,RUN-20261008-254699
WS/MP642/2025-2026/195671,V41,Madhya Pradesh,SATNA,Ganesh Singh,Normal/Others,,,Audit,1,11.9,Low,1,0,True,0,0,,,,False,False,False,False,,,163424.0,147000000.0,,,2026-03-28,,,,0,0.0,0,None,19.84,0.0,61.5,No material anomaly signal detected.,Completed,RUN-20261008-254699
WS/MP642/2025-2026/195672,V41,Madhya Pradesh,SATNA,Ganesh Singh,Normal/Others,,,Audit,1,11.9,Low,1,0,True,0,0,,,,False,False,False,False,,,163424.0,147000000.0,,,2026-03-28,,,,0,0.0,0,None,19.84,0.0,61.5,No material anomaly signal detected.,Completed,RUN-20261008-254699
WS/MP642/2025-2026/195673,V41,Madhya Pradesh,SATNA,Ganesh Singh,Normal/Others,,,Audit,1,11.9,Low,1,0,True,0,0,,,,False,False,False,False,,,163424.0,147000000.0,,,2026-03-26,,,,0,0.0,0,None,19.84,0.0,61.5,No material anomaly signal detected.,Completed,RUN-20261008-254699
WS/MP642/2025-2026/195674,V41,Madhya Pradesh,SATNA,Ganesh Singh,Normal/Others,,,Audit,1,11.9,Low,1,0,True,0,0,,,,False,False,False,False,,,163424.0,147000000.0,,,2026-03-27,,,,0,0.0,0,None,19.84,0.0,61.5,No material anomaly signal detected.,Completed,RUN-20261008-254699
WS/MP642/2025-2026/195676,V41,Madhya Pradesh,SATNA,Ganesh Singh,Normal/Others,,,Audit,1,11.9,Low,1,0,True,0,0,,,,False,False,False,False,,,163424.0,147000000.0,,,2026-03-27,,,,0,0.0,0,None,19.84,0.0,61.5,No material anomaly signal detected.,Completed,RUN-20261008-254699
WS/MP642/2025-2026/195716,V41,Madhya Pradesh,SATNA,Ganesh Singh,Normal/Others,,,Audit,1,11.9,Low,1,0,True,0,0,,,,False,False,False,False,,,163424.0,147000000.0,,,2026-03-27,,,,0,0.0,0,None,19.84,0.0,61.5,No material anomaly signal detected.,Completed,RUN-20261008-254699
WS/MP642/2025-2026/195925,V41,Madhya Pradesh,SATNA,Ganesh Singh,Normal/Others,,,Audit,1,11.9,Low,1,0,True,0,0,,,,False,False,False,False,,,163424.0,147000000.0,,,2026-03-28,,,,0,0.0,0,None,19.84,0.0,61.5,No material anomaly signal detected.,Completed,RUN-20261008-254699
WS/MP642/2025-2026/195928,V41,Madhya Pradesh,SATNA,Ganesh Singh,Normal/Others,,,Audit,1,11.9,Low,1,0,True,0,0,,,,False,False,False,False,,,163424.0,147000000.0,,,2026-03-28,,,,0,0.0,0,None,19.84,0.0,61.5,No material anomaly signal detected.,Completed,RUN-20261008-254699
WS/MP642/2025-2026/195945,V41,Madhya Pradesh,SATNA,Ganesh Singh,Normal/Others,,,Audit,1,11.9,Low,1,0,True,0,0,,,,False,False,False,False,,,159200.0,147000000.0,,,2026-03-28,,,,0,0.0,0,None,19.84,0.0,61.5,No material anomaly signal detected.,Completed,RUN-20261008-254699
WS/MP642/2025-2026/195932,V41,Madhya Pradesh,SATNA,Ganesh Singh,Normal/Others,,,Audit,1,11.9,Low,1,0,True,0,0,,,,False,False,False,False,,,163424.0,147000000.0,,,2026-03-28,,,,0,0.0,0,None,19.84,0.0,61.5,No material anomaly signal detected.,Completed,RUN-20261008-254699
WS/MP642/2025-2026/195933,V41,Madhya Pradesh,SATNA,Ganesh Singh,Normal/Others,,,Audit,1,11.9,Low,1,0,True,0,0,,,,False,False,False,False,,,163424.0,147000000.0,,,2026-03-28,,,,0,0.0,0,None,19.84,0.0,61.5,No material anomaly signal detected.,Completed,RUN-20261008-254699
WS/MP642/2025-2026/195934,V41,Madhya Pradesh,SATNA,Ganesh Singh,Normal/Others,,,Audit,1,11.9,Low,1,0,True,0,0,,,,False,False,False,False,,,163424.0,147000000.0,,,2026-03-28,,,,0,0.0,0,None,19.84,0.0,61.5,No material anomaly signal detected.,Completed,RUN-20261008-254699
WS/MP642/2025-2026/195942,V41,Madhya Pradesh,SATNA,Ganesh Singh,Normal/Others,,,Audit,1,11.9,Low,1,0,True,0,0,,,,False,False,False,False,,,160761.0,147000000.0,,,2026-03-28,,,,0,0.0,0,None,19.84,0.0,61.5,No material anomaly signal detected.,Completed,RUN-20261008-254699
WS/MP642/2025-2026/195943,V41,Madhya Pradesh,SATNA,Ganesh Singh,Normal/Others,,,Audit,1,11.9,Low,1,0,True,0,0,,,,False,False,False,False,,,160761.0,147000000.0,,,2026-03-28,,,,0,0.0,0,None,19.84,0.0,61.5,No material anomaly signal detected.,Completed,RUN-20261008-254699
WS/MP642/2025-2026/195944,V41,Madhya Pradesh,SATNA,Ganesh Singh,Normal/Others,,,Audit,1,11.9,Low,1,0,True,0,0,,,,False,False,False,False,,,159200.0,147000000.0,,,2026-03-28,,,,0,0.0,0,None,19.84,0.0,61.5,No material anomaly signal detected.,Completed,RUN-20261008-254699
WS/MP642/2025-2026/195946,V41,Madhya Pradesh,SATNA,Ganesh Singh,Normal/Others,,,Audit,1,11.9,Low,1,0,True,0,0,,,,False,False,False,False,,,159200.0,147000000.0,,,2026-03-28,,,,0,0.0,0,None,19.84,0.0,61.5,No material anomaly signal detected.,Completed,RUN-20261008-254699
WS/MP642/2025-2026/196575,V41,Madhya Pradesh,SATNA,Ganesh Singh,Normal/Others,,,Audit,1,11.9,Low,1,0,True,0,0,,,,False,False,False,False,,,499600.0,147000000.0,,,2025-11-10,,,,0,0.0,0,None,19.84,0.0,61.5,No material anomaly signal detected.,Completed,RUN-20261008-254699
WS/MP642/2025-2026/195947,V41,Madhya Pradesh,SATNA,Ganesh Singh,Normal/Others,,,Audit,1,11.9,Low,1,0,True,0,0,,,,False,False,False,False,,,159200.0,147000000.0,,,2026-03-28,,,,0,0.0,0,None,19.84,0.0,61.5,No material anomaly signal detected.,Completed,RUN-20261008-254699
WS/MP642/2025-2026/196552,V41,Madhya Pradesh,SATNA,Ganesh Singh,Normal/Others,,,Audit,1,11.9,Low,1,0,True,0,0,,,,False,False,False,False,,,163424.0,147000000.0,,,2026-03-27,,,,0,0.0,0,None,19.84,0.0,61.5,No material anomaly signal detected.,Completed,RUN-20261008-254699
WS/MP642/2025-2026/196553,V41,Madhya Pradesh,SATNA,Ganesh Singh,Normal/Others,,,Audit,1,11.9,Low,1,0,True,0,0,,,,False,False,False,False,,,163424.0,147000000.0,,,2026-03-28,,,,0,0.0,0,None,19.84,0.0,61.5,No material anomaly signal detected.,Completed,RUN-20261008-254699
WS/MP642/2025-2026/196569,V41,Madhya Pradesh,SATNA,Ganesh Singh,Normal/Others,,,Audit,1,11.9,Low,1,0,True,0,0,,,,False,False,False,False,,,499900.0,147000000.0,,,2026-01-29,,,,0,0.0,0,None,19.84,0.0,61.5,No material anomaly signal detected.,Completed,RUN-20261008-254699
WS/MP642/2025-2026/196570,V41,Madhya Pradesh,SATNA,Ganesh Singh,Normal/Others,,,Audit,1,11.9,Low,1,0,True,0,0,,,,False,False,False,False,,,499500.0,147000000.0,,,2025-12-19,,,,0,0.0,0,None,19.84,0.0,61.5,No material anomaly signal detected.,Completed,RUN-20261008-254699
WS/MP642/2025-2026/196574,V41,Madhya Pradesh,SATNA,Ganesh Singh,Normal/Others,,,Audit,1,11.9,Low,1,0,True,0,0,,,,False,False,False,False,,,500000.0,147000000.0,,,2026-02-09,,,,0,0.0,0,None,19.84,0.0,61.5,No material anomaly signal detected.,Completed,RUN-20261008-254699
WS/MP642/2025-2026/195677,V41,Madhya Pradesh,SATNA,Ganesh Singh,Normal/Others,,,Audit,1,11.9,Low,1,0,True,0,0,,,,False,False,False,False,,,163424.0,147000000.0,,,2026-03-27,,,,0,0.0,0,None,19.84,0.0,61.5,No material anomaly signal detected.,Completed,RUN-20261008-254699
WS/MP642/2025-2026/195678,V41,Madhya Pradesh,SATNA,Ganesh Singh,Normal/Others,,,Audit,1,11.9,Low,1,0,True,0,0,,,,False,False,False,False,,,163424.0,147000000.0,,,2026-03-27,,,,0,0.0,0,None,19.84,0.0,61.5,No material anomaly signal detected.,Completed,RUN-20261008-254699
WS/MP642/2025-2026/195679,V41,Madhya Pradesh,SATNA,Ganesh Singh,Normal/Others,,,Audit,1,11.9,Low,1,0,True,0,0,,,,False,False,False,False,,,163424.0,147000000.0,,,2026-03-27,,,,0,0.0,0,None,19.84,0.0,61.5,No material anomaly signal detected.,Completed,RUN-20261008-254699
WS/MP642/2025-2026/199902,V41,Madhya Pradesh,SATNA,Ganesh Singh,Normal/Others,,,Audit,1,11.9,Low,1,0,True,0,0,,,,False,False,False,False,,,499600.0,147000000.0,,,2026-01-27,,,,0,0.0,0,None,19.84,0.0,61.5,No material anomaly signal detected.,Completed,RUN-20261008-254699
WS/MP642/2025-2026/195700,V41,Madhya Pradesh,SATNA,Ganesh Singh,Normal/Others,,,Audit,1,11.9,Low,1,0,True,0,0,,,,False,False,False,False,,,163424.0,147000000.0,,,2026-03-27,,,,0,0.0,0,None,19.84,0.0,61.5,No material anomaly signal detected.,Completed,RUN-20261008-254699
WS/MP642/2025-2026/195701,V41,Madhya Pradesh,SATNA,Ganesh Singh,Normal/Others,,,Audit,1,11.9,Low,1,0,True,0,0,,,,False,False,False,False,,,163424.0,147000000.0,,,2026-03-27,,,,0,0.0,0,None,19.84,0.0,61.5,No material anomaly signal detected.,Completed,RUN-20261008-254699
WS/MP642/2025-2026/195702,V41,Madhya Pradesh,SATNA,Ganesh Singh,Normal/Others,,,Audit,1,11.9,Low,1,0,True,0,0,,,,False,False,False,False,,,163424.0,147000000.0,,,2026-03-27,,,,0,0.0,0,None,19.84,0.0,61.5,No material anomaly signal detected.,Completed,RUN-20261008-254699
WS/MP642/2025-2026/213631,V41,Madhya Pradesh,SATNA,Ganesh Singh,Normal/Others,,,Audit,1,11.9,Low,1,0,True,0,0,,,,False,False,False,False,,,1143968.0,147000000.0,,,2026-03-28,,,,0,0.0,0,None,19.84,0.0,61.5,No material anomaly signal detected.,Completed,RUN-20261008-254699
WS/MP642/2025-2026/213630,V41,Madhya Pradesh,SATNA,Ganesh Singh,Normal/Others,,,Audit,1,11.9,Low,1,0,True,0,0,,,,False,False,False,False,,,2941600.0,147000000.0,,,2026-03-26,,,,0,0.0,0,None,19.84,0.0,61.5,No material anomaly signal detected.,Completed,RUN-20261008-254699
WS/MP642/2025-2026/200938,V41,Madhya Pradesh,SATNA,Ganesh Singh,Normal/Others,,,Audit,1,11.9,Low,1,0,True,0,0,,,,False,False,False,False,,,500000.0,147000000.0,,,2025-12-18,,,,0,0.0,0,None,19.84,0.0,61.5,No material anomaly signal detected.,Completed,RUN-20261008-254699
WS/MP642/2025-2026/199813,V41,Madhya Pradesh,SATNA,Ganesh Singh,Normal/Others,,,Audit,1,11.9,Low,1,0,True,0,0,,,,False,False,False,False,,,500000.0,147000000.0,,,2026-02-07,,,,0,0.0,0,None,19.84,0.0,61.5,No material anomaly signal detected.,Completed,RUN-20261008-254699
WS/MP642/2025-2026/195680,V41,Madhya Pradesh,SATNA,Ganesh Singh,Normal/Others,,,Audit,1,11.9,Low,1,0,True,0,0,,,,False,False,False,False,,,163424.0,147000000.0,,,2026-03-28,,,,0,0.0,0,None,19.84,0.0,61.5,No material anomaly signal detected.,Completed,RUN-20261008-254699
WS/MP642/2025-2026/198158,V41,Madhya Pradesh,SATNA,Ganesh Singh,Normal/Others,,,Audit,1,11.9,Low,1,0,True,0,0,,,,False,False,False,False,,,500000.0,147000000.0,,,2026-05-13,,,,0,0.0,0,None,19.84,0.0,61.5,No material anomaly signal detected.,Completed,RUN-20261008-254699
WS/MP642/2025-2026/198156,V41,Madhya Pradesh,SATNA,Ganesh Singh,Normal/Others,,,Audit,1,11.9,Low,1,0,True,0,0,,,,False,False,False,False,,,500000.0,147000000.0,,,2025-12-09,,,,0,0.0,0,None,19.84,0.0,61.5,No material anomaly signal detected.,Completed,RUN-20261008-254699
WS/MP642/2025-2026/198155,V41,Madhya Pradesh,SATNA,Ganesh Singh,Normal/Others,,,Audit,1,11.9,Low,1,0,True,0,0,,,,False,False,False,False,,,500000.0,147000000.0,,,2026-03-17,,,,0,0.0,0,None,19.84,0.0,61.5,No material anomaly signal detected.,Completed,RUN-20261008-254699
WS/MP642/2025-2026/197107,V41,Madhya Pradesh,SATNA,Ganesh Singh,Normal/Others,,,Audit,1,11.9,Low,1,0,True,0,0,,,,False,False,False,False,,,500000.0,147000000.0,,,2025-12-14,,,,0,0.0,0,None,19.84,0.0,61.5,No material anomaly signal detected.,Completed,RUN-20261008-254699
WS/MP642/2025-2026/195703,V41,Madhya Pradesh,SATNA,Ganesh Singh,Normal/Others,,,Audit,1,11.9,Low,1,0,True,0,0,,,,False,False,False,False,,,163424.0,147000000.0,,,2026-03-28,,,,0,0.0,0,None,19.84,0.0,61.5,No material anomaly signal detected.,Completed,RUN-20261008-254699
WS/MP642/2025-2026/195704,V41,Madhya Pradesh,SATNA,Ganesh Singh,Normal/Others,,,Audit,1,11.9,Low,1,0,True,0,0,,,,False,False,False,False,,,163424.0,147000000.0,,,2026-03-27,,,,0,0.0,0,None,19.84,0.0,61.5,No material anomaly signal detected.,Completed,RUN-20261008-254699
WS/MP642/2025-2026/195699,V41,Madhya Pradesh,SATNA,Ganesh Singh,Normal/Others,,,Audit,1,11.9,Low,1,0,True,0,0,,,,False,False,False,False,,,163424.0,147000000.0,,,2026-03-27,,,,0,0.0,0,None,19.84,0.0,61.5,No material anomaly signal detected.,Completed,RUN-20261008-254699
WS/MP642/2025-2026/195698,V41,Madhya Pradesh,SATNA,Ganesh Singh,Normal/Others,,,Audit,1,11.9,Low,1,0,True,0,0,,,,False,False,False,False,,,163424.0,147000000.0,,,2026-03-27,,,,0,0.0,0,None,19.84,0.0,61.5,No material anomaly signal detected.,Completed,RUN-20261008-254699
WS/MP642/2025-2026/195697,V41,Madhya Pradesh,SATNA,Ganesh Singh,Normal/Others,,,Audit,1,11.9,Low,1,0,True,0,0,,,,False,False,False,False,,,163424.0,147000000.0,,,2026-03-28,,,,0,0.0,0,None,19.84,0.0,61.5,No material anomaly signal detected.,Completed,RUN-20261008-254699
WS/MP642/2025-2026/195696,V41,Madhya Pradesh,SATNA,Ganesh Singh,Normal/Others,,,Audit,1,11.9,Low,1,0,True,0,0,,,,False,False,False,False,,,163424.0,147000000.0,,,2026-03-27,,,,0,0.0,0,None,19.84,0.0,61.5,No material anomaly signal detected.,Completed,RUN-20261008-254699
WS/MP642/2025-2026/195707,V41,Madhya Pradesh,SATNA,Ganesh Singh,Normal/Others,,,Audit,1,11.9,Low,1,0,True,0,0,,,,False,False,False,False,,,163424.0,147000000.0,,,2026-03-27,,,,0,0.0,0,None,19.84,0.0,61.5,No material anomaly signal detected.,Completed,RUN-20261008-254699
WS/MP642/2025-2026/195695,V41,Madhya Pradesh,SATNA,Ganesh Singh,Normal/Others,,,Audit,1,11.9,Low,1,0,True,0,0,,,,False,False,False,False,,,163424.0,147000000.0,,,2026-03-28,,,,0,0.0,0,None,19.84,0.0,61.5,No material anomaly signal detected.,Completed,RUN-20261008-254699
WS/MP642/2025-2026/195694,V41,Madhya Pradesh,SATNA,Ganesh Singh,Normal/Others,,,Audit,1,11.9,Low,1,0,True,0,0,,,,False,False,False,False,,,163424.0,147000000.0,,,2026-03-28,,,,0,0.0,0,None,19.84,0.0,61.5,No material anomaly signal detected.,Completed,RUN-20261008-254699
WS/MP642/2025-2026/195693,V41,Madhya Pradesh,SATNA,Ganesh Singh,Normal/Others,,,Audit,1,11.9,Low,1,0,True,0,0,,,,False,False,False,False,,,163424.0,147000000.0,,,2026-03-28,,,,0,0.0,0,None,19.84,0.0,61.5,No material anomaly signal detected.,Completed,RUN-20261008-254699
WS/MP642/2025-2026/195692,V41,Madhya Pradesh,SATNA,Ganesh Singh,Normal/Others,,,Audit,1,11.9,Low,1,0,True,0,0,,,,False,False,False,False,,,163424.0,147000000.0,,,2026-03-26,,,,0,0.0,0,None,19.84,0.0,61.5,No material anomaly signal detected.,Completed,RUN-20261008-254699
WS/MP642/2025-2026/195691,V41,Madhya Pradesh,SATNA,Ganesh Singh,Normal/Others,,,Audit,1,11.9,Low,1,0,True,0,0,,,,False,False,False,False,,,163424.0,147000000.0,,,2026-03-28,,,,0,0.0,0,None,19.84,0.0,61.5,No material anomaly signal detected.,Completed,RUN-20261008-254699
WS/MP642/2025-2026/195706,V41,Madhya Pradesh,SATNA,Ganesh Singh,Normal/Others,,,Audit,1,11.9,Low,1,0,True,0,0,,,,False,False,False,False,,,163424.0,147000000.0,,,2026-03-27,,,,0,0.0,0,None,19.84,0.0,61.5,No material anomaly signal detected.,Completed,RUN-20261008-254699
WS/MP642/2025-2026/195689,V41,Madhya Pradesh,SATNA,Ganesh Singh,Normal/Others,,,Audit,1,11.9,Low,1,0,True,0,0,,,,False,False,False,False,,,163424.0,147000000.0,,,2026-03-28,,,,0,0.0,0,None,19.84,0.0,61.5,No material anomaly signal detected.,Completed,RUN-20261008-254699
WS/MP642/2025-2026/195687,V41,Madhya Pradesh,SATNA,Ganesh Singh,Normal/Others,,,Audit,1,11.9,Low,1,0,True,0,0,,,,False,False,False,False,,,163424.0,147000000.0,,,2026-03-28,,,,0,0.0,0,None,19.84,0.0,61.5,No material anomaly signal detected.,Completed,RUN-20261008-254699
WS/MP642/2025-2026/195684,V41,Madhya Pradesh,SATNA,Ganesh Singh,Normal/Others,,,Audit,1,11.9,Low,1,0,True,0,0,,,,False,False,False,False,,,163424.0,147000000.0,,,2026-03-28,,,,0,0.0,0,None,19.84,0.0,61.5,No material anomaly signal detected.,Completed,RUN-20261008-254699
WS/MP642/2025-2026/195683,V41,Madhya Pradesh,SATNA,Ganesh Singh,Normal/Others,,,Audit,1,11.9,Low,1,0,True,0,0,,,,False,False,False,False,,,163424.0,147000000.0,,,2026-03-28,,,,0,0.0,0,None,19.84,0.0,61.5,No material anomaly signal detected.,Completed,RUN-20261008-254699
WS/MP642/2025-2026/195682,V41,Madhya Pradesh,SATNA,Ganesh Singh,Normal/Others,,,Audit,1,11.9,Low,1,0,True,0,0,,,,False,False,False,False,,,163424.0,147000000.0,,,2026-03-28,,,,0,0.0,0,None,19.84,0.0,61.5,No material anomaly signal detected.,Completed,RUN-20261008-254699
WS/MP642/2025-2026/195681,V41,Madhya Pradesh,SATNA,Ganesh Singh,Normal/Others,,,Audit,1,11.9,Low,1,0,True,0,0,,,,False,False,False,False,,,163424.0,147000000.0,,,2026-03-28,,,,0,0.0,0,None,19.84,0.0,61.5,No material anomaly signal detected.,Completed,RUN-20261008-254699
WS/MP642/2025-2026/195931,V41,Madhya Pradesh,SATNA,Ganesh Singh,Normal/Others,,,Audit,1,11.9,Low,1,0,True,0,0,,,,False,False,False,False,,,163424.0,147000000.0,,,2026-03-28,,,,0,0.0,0,None,19.84,0.0,61.5,No material anomaly signal detected.,Completed,RUN-20261008-254699
WS/MP642/2025-2026/195705,V41,Madhya Pradesh,SATNA,Ganesh Singh,Normal/Others,,,Audit,1,11.9,Low,1,0,True,0,0,,,,False,False,False,False,,,163424.0,147000000.0,,,2026-03-27,,,,0,0.0,0,None,19.84,0.0,61.5,No material anomaly signal detected.,Completed,RUN-20261008-254699
WS/MP650/2024-2025/179095,V41,Madhya Pradesh,INDORE,Shankar Lalwani,Normal/Others,,,Audit,1,10.35,Low,1,0,True,0,0,,,,False,False,False,False,,,432910.0,147000000.0,,,2025-08-19,,,,0,0.0,0,None,17.25,0.0,63.9,No material anomaly signal detected.,Completed,RUN-20261008-254699
WS/MP650/2024-2025/179194,V41,Madhya Pradesh,INDORE,Shankar Lalwani,Normal/Others,,,Audit,1,10.35,Low,1,0,True,0,0,,,,False,False,False,False,,,433551.0,147000000.0,,,2025-07-14,,,,0,0.0,0,None,17.25,0.0,63.9,No material anomaly signal detected.,Completed,RUN-20261008-254699
WS/MP650/2024-2025/179176,V41,Madhya Pradesh,INDORE,Shankar Lalwani,Normal/Others,,,Audit,1,10.35,Low,1,0,True,0,0,,,,False,False,False,False,,,436506.0,147000000.0,,,2025-08-19,,,,0,0.0,0,None,17.25,0.0,63.9,No material anomaly signal detected.,Completed,RUN-20261008-254699
WS/MP650/2024-2025/179177,V41,Madhya Pradesh,INDORE,Shankar Lalwani,Normal/Others,,,Audit,1,10.35,Low,1,0,True,0,0,,,,False,False,False,False,,,440697.0,147000000.0,,,2025-08-19,,,,0,0.0,0,None,17.25,0.0,63.9,No material anomaly signal detected.,Completed,RUN-20261008-254699
WS/MP650/2024-2025/179179,V41,Madhya Pradesh,INDORE,Shankar Lalwani,Normal/Others,,,Audit,1,10.35,Low,1,0,True,0,0,,,,False,False,False,False,,,415398.0,147000000.0,,,2025-08-21,,,,0,0.0,0,None,17.25,0.0,63.9,No material anomaly signal detected.,Completed,RUN-20261008-254699
WS/MP650/2024-2025/179180,V41,Madhya Pradesh,INDORE,Shankar Lalwani,Normal/Others,,,Audit,1,10.35,Low,1,0,True,0,0,,,,False,False,False,False,,,422810.0,147000000.0,,,2025-08-21,,,,0,0.0,0,None,17.25,0.0,63.9,No material anomaly signal detected.,Completed,RUN-20261008-254699
WS/MP650/2024-2025/179187,V41,Madhya Pradesh,INDORE,Shankar Lalwani,Normal/Others,,,Audit,1,10.35,Low,1,0,True,0,0,,,,False,False,False,False,,,440441.0,147000000.0,,,2025-08-21,,,,0,0.0,0,None,17.25,0.0,63.9,No material anomaly signal detected.,Completed,RUN-20261008-254699
WS/MP650/2024-2025/179188,V41,Madhya Pradesh,INDORE,Shankar Lalwani,Normal/Others,,,Audit,1,10.35,Low,1,0,True,0,0,,,,False,False,False,False,,,442881.0,147000000.0,,,2025-08-21,,,,0,0.0,0,None,17.25,0.0,63.9,No material anomaly signal detected.,Completed,RUN-20261008-254699
WS/MP650/2024-2025/179190,V41,Madhya Pradesh,INDORE,Shankar Lalwani,Normal/Others,,,Audit,1,10.35,Low,1,0,True,0,0,,,,False,False,False,False,,,422109.0,147000000.0,,,2025-07-14,,,,0,0.0,0,None,17.25,0.0,63.9,No material anomaly signal detected.,Completed,RUN-20261008-254699
WS/MP650/2024-2025/179193,V41,Madhya Pradesh,INDORE,Shankar Lalwani,Normal/Others,,,Audit,1,10.35,Low,1,0,True,0,0,,,,False,False,False,False,,,429448.0,147000000.0,,,2025-07-14,,,,0,0.0,0,None,17.25,0.0,63.9,No material anomaly signal detected.,Completed,RUN-20261008-254699
WS/MP650/2024-2025/179199,V41,Madhya Pradesh,INDORE,Shankar Lalwani,Normal/Others,,,Audit,1,10.35,Low,1,0,True,0,0,,,,False,False,False,False,,,451360.0,147000000.0,,,2025-08-20,,,,0,0.0,0,None,17.25,0.0,63.9,No material anomaly signal detected.,Completed,RUN-20261008-254699
WS/MP650/2024-2025/179174,V41,Madhya Pradesh,INDORE,Shankar Lalwani,Normal/Others,,,Audit,1,10.35,Low,1,0,True,0,0,,,,False,False,False,False,,,446154.0,147000000.0,,,2025-07-14,,,,0,0.0,0,None,17.25,0.0,63.9,No material anomaly signal detected.,Completed,RUN-20261008-254699
WS/MP650/2024-2025/179200,V41,Madhya Pradesh,INDORE,Shankar Lalwani,Normal/Others,,,Audit,1,10.35,Low,1,0,True,0,0,,,,False,False,False,False,,,444407.0,147000000.0,,,2025-08-21,,,,0,0.0,0,None,17.25,0.0,63.9,No material anomaly signal detected.,Completed,RUN-20261008-254699
WS/MP650/2024-2025/179205,V41,Madhya Pradesh,INDORE,Shankar Lalwani,Normal/Others,,,Audit,1,10.35,Low,1,0,True,0,0,,,,False,False,False,False,,,442431.0,147000000.0,,,2025-08-19,,,,0,0.0,0,None,17.25,0.0,63.9,No material anomaly signal detected.,Completed,RUN-20261008-254699
WS/MP650/2024-2025/179206,V41,Madhya Pradesh,INDORE,Shankar Lalwani,Normal/Others,,,Audit,1,10.35,Low,1,0,True,0,0,,,,False,False,False,False,,,441136.0,147000000.0,,,2025-08-19,,,,0,0.0,0,None,17.25,0.0,63.9,No material anomaly signal detected.,Completed,RUN-20261008-254699
WS/MP650/2024-2025/179213,V41,Madhya Pradesh,INDORE,Shankar Lalwani,Normal/Others,,,Audit,1,10.35,Low,1,0,True,0,0,,,,False,False,False,False,,,426040.0,147000000.0,,,2025-08-25,,,,0,0.0,0,None,17.25,0.0,63.9,No material anomaly signal detected.,Completed,RUN-20261008-254699
WS/MP650/2024-2025/179214,V41,Madhya Pradesh,INDORE,Shankar Lalwani,Normal/Others,,,Audit,1,10.35,Low,1,0,True,0,0,,,,False,False,False,False,,,432328.0,147000000.0,,,2025-08-25,,,,0,0.0,0,None,17.25,0.0,63.9,No material anomaly signal detected.,Completed,RUN-20261008-254699
WS/MP650/2024-2025/179349,V41,Madhya Pradesh,INDORE,Shankar Lalwani,Normal/Others,,,Audit,1,10.35,Low,1,0,True,0,0,,,,False,False,False,False,,,160761.0,147000000.0,,,2025-06-13,,,,0,0.0,0,None,17.25,0.0,63.9,No material anomaly signal detected.,Completed,RUN-20261008-254699
WS/MP650/2024-2025/179350,V41,Madhya Pradesh,INDORE,Shankar Lalwani,Normal/Others,,,Audit,1,10.35,Low,1,0,True,0,0,,,,False,False,False,False,,,160761.0,147000000.0,,,2025-06-13,,,,0,0.0,0,None,17.25,0.0,63.9,No material anomaly signal detected.,Completed,RUN-20261008-254699
WS/MP650/2024-2025/179351,V41,Madhya Pradesh,INDORE,Shankar Lalwani,Normal/Others,,,Audit,1,10.35,Low,1,0,True,0,0,,,,False,False,False,False,,,160761.0,147000000.0,,,2025-06-13,,,,0,0.0,0,None,17.25,0.0,63.9,No material anomaly signal detected.,Completed,RUN-20261008-254699
WS/MP650/2024-2025/179175,V41,Madhya Pradesh,INDORE,Shankar Lalwani,Normal/Others,,,Audit,1,10.35,Low,1,0,True,0,0,,,,False,False,False,False,,,437114.0,147000000.0,,,2025-07-14,,,,0,0.0,0,None,17.25,0.0,63.9,No material anomaly signal detected.,Completed,RUN-20261008-254699
WS/MP650/2024-2025/179172,V41,Madhya Pradesh,INDORE,Shankar Lalwani,Normal/Others,,,Audit,1,10.35,Low,1,0,True,0,0,,,,False,False,False,False,,,435674.0,147000000.0,,,2025-08-21,,,,0,0.0,0,None,17.25,0.0,63.9,No material anomaly signal detected.,Completed,RUN-20261008-254699
WS/MP650/2024-2025/179066,V41,Madhya Pradesh,INDORE,Shankar Lalwani,Normal/Others,,,Audit,1,10.35,Low,1,0,True,0,0,,,,False,False,False,False,,,431929.0,147000000.0,,,2025-08-19,,,,0,0.0,0,None,17.25,0.0,63.9,No material anomaly signal detected.,Completed,RUN-20261008-254699
WS/MP650/2024-2025/179099,V41,Madhya Pradesh,INDORE,Shankar Lalwani,Normal/Others,,,Audit,1,10.35,Low,1,0,True,0,0,,,,False,False,False,False,,,436546.0,147000000.0,,,2025-08-21,,,,0,0.0,0,None,17.25,0.0,63.9,No material anomaly signal detected.,Completed,RUN-20261008-254699
WS/MP650/2024-2025/179071,V41,Madhya Pradesh,INDORE,Shankar Lalwani,Normal/Others,,,Audit,1,10.35,Low,1,0,True,0,0,,,,False,False,False,False,,,438460.0,147000000.0,,,2025-08-19,,,,0,0.0,0,None,17.25,0.0,63.9,No material anomaly signal detected.,Completed,RUN-20261008-254699
WS/MP650/2024-2025/179074,V41,Madhya Pradesh,INDORE,Shankar Lalwani,Normal/Others,,,Audit,1,10.35,Low,1,0,True,0,0,,,,False,False,False,False,,,423058.0,147000000.0,,,2025-08-21,,,,0,0.0,0,None,17.25,0.0,63.9,No material anomaly signal detected.,Completed,RUN-20261008-254699
WS/MP650/2024-2025/179075,V41,Madhya Pradesh,INDORE,Shankar Lalwani,Normal/Others,,,Audit,1,10.35,Low,1,0,True,0,0,,,,False,False,False,False,,,426188.0,147000000.0,,,2025-08-20,,,,0,0.0,0,None,17.25,0.0,63.9,No material anomaly signal detected.,Completed,RUN-20261008-254699
WS/MP650/2024-2025/179084,V41,Madhya Pradesh,INDORE,Shankar Lalwani,Normal/Others,,,Audit,1,10.35,Low,1,0,True,0,0,,,,False,False,False,False,,,433019.0,147000000.0,,,2025-08-25,,,,0,0.0,0,None,17.25,0.0,63.9,No material anomaly signal detected.,Completed,RUN-20261008-254699
WS/MP650/2024-2025/179085,V41,Madhya Pradesh,INDORE,Shankar Lalwani,Normal/Others,,,Audit,1,10.35,Low,1,0,True,0,0,,,,False,False,False,False,,,413679.0,147000000.0,,,2025-08-25,,,,0,0.0,0,None,17.25,0.0,63.9,No material anomaly signal detected.,Completed,RUN-20261008-254699
WS/MP650/2024-2025/179087,V41,Madhya Pradesh,INDORE,Shankar Lalwani,Normal/Others,,,Audit,1,10.35,Low,1,0,True,0,0,,,,False,False,False,False,,,432339.0,147000000.0,,,2025-08-19,,,,0,0.0,0,None,17.25,0.0,63.9,No material anomaly signal detected.,Completed,RUN-20261008-254699
WS/MP650/2024-2025/179088,V41,Madhya Pradesh,INDORE,Shankar Lalwani,Normal/Others,,,Audit,1,10.35,Low,1,0,True,0,0,,,,False,False,False,False,,,443448.0,147000000.0,,,2025-08-19,,,,0,0.0,0,None,17.25,0.0,63.9,No material anomaly signal detected.,Completed,RUN-20261008-254699
WS/MP650/2024-2025/179094,V41,Madhya Pradesh,INDORE,Shankar Lalwani,Normal/Others,,,Audit,1,10.35,Low,1,0,True,0,0,,,,False,False,False,False,,,427035.0,147000000.0,,,2025-08-19,,,,0,0.0,0,None,17.25,0.0,63.9,No material anomaly signal detected.,Completed,RUN-20261008-254699
WS/MP650/2024-2025/179100,V41,Madhya Pradesh,INDORE,Shankar Lalwani,Normal/Others,,,Audit,1,10.35,Low,1,0,True,0,0,,,,False,False,False,False,,,444410.0,147000000.0,,,2025-08-20,,,,0,0.0,0,None,17.25,0.0,63.9,No material anomaly signal detected.,Completed,RUN-20261008-254699
WS/MP650/2024-2025/179171,V41,Madhya Pradesh,INDORE,Shankar Lalwani,Normal/Others,,,Audit,1,10.35,Low,1,0,True,0,0,,,,False,False,False,False,,,436376.0,147000000.0,,,2025-08-21,,,,0,0.0,0,None,17.25,0.0,63.9,No material anomaly signal detected.,Completed,RUN-20261008-254699
WS/MP650/2024-2025/179162,V41,Madhya Pradesh,INDORE,Shankar Lalwani,Normal/Others,,,Audit,1,10.35,Low,1,0,True,0,0,,,,False,False,False,False,,,422380.0,147000000.0,,,2025-07-14,,,,0,0.0,0,None,17.25,0.0,63.9,No material anomaly signal detected.,Completed,RUN-20261008-254699
WS/MP650/2024-2025/179163,V41,Madhya Pradesh,INDORE,Shankar Lalwani,Normal/Others,,,Audit,1,10.35,Low,1,0,True,0,0,,,,False,False,False,False,,,424528.0,147000000.0,,,2025-07-14,,,,0,0.0,0,None,17.25,0.0,63.9,No material anomaly signal detected.,Completed,RUN-20261008-254699
WS/MP650/2024-2025/179165,V41,Madhya Pradesh,INDORE,Shankar Lalwani,Normal/Others,,,Audit,1,10.35,Low,1,0,True,0,0,,,,False,False,False,False,,,447253.0,147000000.0,,,2025-08-21,,,,0,0.0,0,None,17.25,0.0,63.9,No material anomaly signal detected.,Completed,RUN-20261008-254699
WS/MP650/2024-2025/179166,V41,Madhya Pradesh,INDORE,Shankar Lalwani,Normal/Others,,,Audit,1,10.35,Low,1,0,True,0,0,,,,False,False,False,False,,,438757.0,147000000.0,,,2025-08-21,,,,0,0.0,0,None,17.25,0.0,63.9,No material anomaly signal detected.,Completed,RUN-20261008-254699
WS/MP650/2024-2025/179167,V41,Madhya Pradesh,INDORE,Shankar Lalwani,Normal/Others,,,Audit,1,10.35,Low,1,0,True,0,0,,,,False,False,False,False,,,411888.0,147000000.0,,,2025-08-21,,,,0,0.0,0,None,17.25,0.0,63.9,No material anomaly signal detected.,Completed,RUN-20261008-254699
WS/MP650/2024-2025/179168,V41,Madhya Pradesh,INDORE,Shankar Lalwani,Normal/Others,,,Audit,1,10.35,Low,1,0,True,0,0,,,,False,False,False,False,,,428900.0,147000000.0,,,2025-08-21,,,,0,0.0,0,None,17.25,0.0,63.9,No material anomaly signal detected.,Completed,RUN-20261008-254699
WS/MP650/2024-2025/179169,V41,Madhya Pradesh,INDORE,Shankar Lalwani,Normal/Others,,,Audit,1,10.35,Low,1,0,True,0,0,,,,False,False,False,False,,,439646.0,147000000.0,,,2025-08-21,,,,0,0.0,0,None,17.25,0.0,63.9,No material anomaly signal detected.,Completed,RUN-20261008-254699
WS/MP650/2024-2025/179170,V41,Madhya Pradesh,INDORE,Shankar Lalwani,Normal/Others,,,Audit,1,10.35,Low,1,0,True,0,0,,,,False,False,False,False,,,441406.0,147000000.0,,,2025-08-22,,,,0,0.0,0,None,17.25,0.0,63.9,No material anomaly signal detected.,Completed,RUN-20261008-254699
WS/MP650/2024-2025/179352,V41,Madhya Pradesh,INDORE,Shankar Lalwani,Normal/Others,,,Audit,1,10.35,Low,1,0,True,0,0,,,,False,False,False,False,,,160761.0,147000000.0,,,2025-06-13,,,,0,0.0,0,None,17.25,0.0,63.9,No material anomaly signal detected.,Completed,RUN-20261008-254699
WS/MP650/2024-2025/179353,V41,Madhya Pradesh,INDORE,Shankar Lalwani,Normal/Others,,,Audit,1,10.35,Low,1,0,True,0,0,,,,False,False,False,False,,,160761.0,147000000.0,,,2025-06-13,,,,0,0.0,0,None,17.25,0.0,63.9,No material anomaly signal detected.,Completed,RUN-20261008-254699
WS/MP650/2024-2025/179354,V41,Madhya Pradesh,INDORE,Shankar Lalwani,Normal/Others,,,Audit,1,10.35,Low,1,0,True,0,0,,,,False,False,False,False,,,160761.0,147000000.0,,,2025-06-13,,,,0,0.0,0,None,17.25,0.0,63.9,No material anomaly signal detected.,Completed,RUN-20261008-254699
WS/MP650/2025-2026/244322,V41,Madhya Pradesh,INDORE,Shankar Lalwani,Normal/Others,,,Audit,1,10.35,Low,1,0,True,0,0,,,,False,False,False,False,,,159212.0,147000000.0,,,2025-12-01,,,,0,0.0,0,None,17.25,0.0,63.9,No material anomaly signal detected.,Completed,RUN-20261008-254699
WS/MP650/2025-2026/236757,V41,Madhya Pradesh,INDORE,Shankar Lalwani,Normal/Others,,,Audit,1,10.35,Low,1,0,True,0,0,,,,False,False,False,False,,,159212.0,147000000.0,,,2025-12-01,,,,0,0.0,0,None,17.25,0.0,63.9,No material anomaly signal detected.,Completed,RUN-20261008-254699
WS/MP650/2025-2026/236758,V41,Madhya Pradesh,INDORE,Shankar Lalwani,Normal/Others,,,Audit,1,10.35,Low,1,0,True,0,0,,,,False,False,False,False,,,159212.0,147000000.0,,,2025-12-01,,,,0,0.0,0,None,17.25,0.0,63.9,No material anomaly signal detected.,Completed,RUN-20261008-254699
WS/MP650/2025-2026/236759,V41,Madhya Pradesh,INDORE,Shankar Lalwani,Normal/Others,,,Audit,1,10.35,Low,1,0,True,0,0,,,,False,False,False,False,,,159212.0,147000000.0,,,2025-12-01,,,,0,0.0,0,None,17.25,0.0,63.9,No material anomaly signal detected.,Completed,RUN-20261008-254699
WS/MP650/2025-2026/236760,V41,Madhya Pradesh,INDORE,Shankar Lalwani,Normal/Others,,,Audit,1,10.35,Low,1,0,True,0,0,,,,False,False,False,False,,,159212.0,147000000.0,,,2025-12-01,,,,0,0.0,0,None,17.25,0.0,63.9,No material anomaly signal detected.,Completed,RUN-20261008-254699
WS/MP650/2025-2026/236761,V41,Madhya Pradesh,INDORE,Shankar Lalwani,Normal/Others,,,Audit,1,10.35,Low,1,0,True,0,0,,,,False,False,False,False,,,159212.0,147000000.0,,,2025-12-01,,,,0,0.0,0,None,17.25,0.0,63.9,No material anomaly signal detected.,Completed,RUN-20261008-254699
WS/MP650/2025-2026/236762,V41,Madhya Pradesh,INDORE,Shankar Lalwani,Normal/Others,,,Audit,1,10.35,Low,1,0,True,0,0,,,,False,False,False,False,,,159212.0,147000000.0,,,2025-12-01,,,,0,0.0,0,None,17.25,0.0,63.9,No material anomaly signal detected.,Completed,RUN-20261008-254699
WS/MP650/2025-2026/236763,V41,Madhya Pradesh,INDORE,Shankar Lalwani,Normal/Others,,,Audit,1,10.35,Low,1,0,True,0,0,,,,False,False,False,False,,,159212.0,147000000.0,,,2025-12-01,,,,0,0.0,0,None,17.25,0.0,63.9,No material anomaly signal detected.,Completed,RUN-20261008-254699
WS/MP650/2025-2026/236764,V41,Madhya Pradesh,INDORE,Shankar Lalwani,Normal/Others,,,Audit,1,10.35,Low,1,0,True,0,0,,,,False,False,False,False,,,159212.0,147000000.0,,,2025-12-01,,,,0,0.0,0,None,17.25,0.0,63.9,No material anomaly signal detected.,Completed,RUN-20261008-254699
WS/MP650/2025-2026/244323,V41,Madhya Pradesh,INDORE,Shankar Lalwani,Normal/Others,,,Audit,1,10.35,Low,1,0,True,0,0,,,,False,False,False,False,,,159212.0,147000000.0,,,2025-12-01,,,,0,0.0,0,None,17.25,0.0,63.9,No material anomaly signal detected.,Completed,RUN-20261008-254699
WS/MP650/2024-2025/179355,V41,Madhya Pradesh,INDORE,Shankar Lalwani,Normal/Others,,,Audit,1,10.35,Low,1,0,True,0,0,,,,False,False,False,False,,,160761.0,147000000.0,,,2025-06-13,,,,0,0.0,0,None,17.25,0.0,63.9,No material anomaly signal detected.,Completed,RUN-20261008-254699
WS/MP650/2025-2026/244324,V41,Madhya Pradesh,INDORE,Shankar Lalwani,Normal/Others,,,Audit,1,10.35,Low,1,0,True,0,0,,,,False,False,False,False,,,159212.0,147000000.0,,,2025-12-01,,,,0,0.0,0,None,17.25,0.0,63.9,No material anomaly signal detected.,Completed,RUN-20261008-254699
WS/MP650/2025-2026/244325,V41,Madhya Pradesh,INDORE,Shankar Lalwani,Normal/Others,,,Audit,1,10.35,Low,1,0,True,0,0,,,,False,False,False,False,,,159212.0,147000000.0,,,2025-12-01,,,,0,0.0,0,None,17.25,0.0,63.9,No material anomaly signal detected.,Completed,RUN-20261008-254699
WS/MP650/2025-2026/244326,V41,Madhya Pradesh,INDORE,Shankar Lalwani,Normal/Others,,,Audit,1,10.35,Low,1,0,True,0,0,,,,False,False,False,False,,,159212.0,147000000.0,,,2025-12-01,,,,0,0.0,0,None,17.25,0.0,63.9,No material anomaly signal detected.,Completed,RUN-20261008-254699
WS/MP650/2025-2026/244327,V41,Madhya Pradesh,INDORE,Shankar Lalwani,Normal/Others,,,Audit,1,10.35,Low,1,0,True,0,0,,,,False,False,False,False,,,159212.0,147000000.0,,,2025-12-01,,,,0,0.0,0,None,17.25,0.0,63.9,No material anomaly signal detected.,Completed,RUN-20261008-254699
WS/MP650/2025-2026/244328,V41,Madhya Pradesh,INDORE,Shankar Lalwani,Normal/Others,,,Audit,1,10.35,Low,1,0,True,0,0,,,,False,False,False,False,,,318424.0,147000000.0,,,2025-12-01,,,,0,0.0,0,None,17.25,0.0,63.9,No material anomaly signal detected.,Completed,RUN-20261008-254699
WS/MP650/2025-2026/244329,V41,Madhya Pradesh,INDORE,Shankar Lalwani,Normal/Others,,,Audit,1,10.35,Low,1,0,True,0,0,,,,False,False,False,False,,,477636.0,147000000.0,,,2025-12-01,,,,0,0.0,0,None,17.25,0.0,63.9,No material anomaly signal detected.,Completed,RUN-20261008-254699
WS/MP650/2025-2026/244330,V41,Madhya Pradesh,INDORE,Shankar Lalwani,Normal/Others,,,Audit,1,10.35,Low,1,0,True,0,0,,,,False,False,False,False,,,159212.0,147000000.0,,,2025-12-01,,,,0,0.0,0,None,17.25,0.0,63.9,No material anomaly signal detected.,Completed,RUN-20261008-254699
WS/MP650/2025-2026/244331,V41,Madhya Pradesh,INDORE,Shankar Lalwani,Normal/Others,,,Audit,1,10.35,Low,1,0,True,0,0,,,,False,False,False,False,,,159212.0,147000000.0,,,2025-12-01,,,,0,0.0,0,None,17.25,0.0,63.9,No material anomaly signal detected.,Completed,RUN-20261008-254699
WS/MP650/2025-2026/236756,V41,Madhya Pradesh,INDORE,Shankar Lalwani,Normal/Others,,,Audit,1,10.35,Low,1,0,True,0,0,,,,False,False,False,False,,,159212.0,147000000.0,,,2025-12-01,,,,0,0.0,0,None,17.25,0.0,63.9,No material anomaly signal detected.,Completed,RUN-20261008-254699
WS/MP650/2025-2026/236755,V41,Madhya Pradesh,INDORE,Shankar Lalwani,Normal/Others,,,Audit,1,10.35,Low,1,0,True,0,0,,,,False,False,False,False,,,159212.0,147000000.0,,,2025-12-01,,,,0,0.0,0,None,17.25,0.0,63.9,No material anomaly signal detected.,Completed,RUN-20261008-254699
WS/MP650/2025-2026/236754,V41,Madhya Pradesh,INDORE,Shankar Lalwani,Normal/Others,,,Audit,1,10.35,Low,1,0,True,0,0,,,,False,False,False,False,,,159212.0,147000000.0,,,2025-12-01,,,,0,0.0,0,None,17.25,0.0,63.9,No material anomaly signal detected.,Completed,RUN-20261008-254699
WS/MP650/2025-2026/204000,V41,Madhya Pradesh,INDORE,Shankar Lalwani,Normal/Others,,,Audit,1,10.35,Low,1,0,True,0,0,,,,False,False,False,False,,,891639.0,147000000.0,,,2025-11-07,,,,0,0.0,0,None,17.25,0.0,63.9,No material anomaly signal detected.,Completed,RUN-20261008-254699
WS/MP650/2024-2025/179356,V41,Madhya Pradesh,INDORE,Shankar Lalwani,Normal/Others,,,Audit,1,10.35,Low,1,0,True,0,0,,,,False,False,False,False,,,160761.0,147000000.0,,,2025-06-13,,,,0,0.0,0,None,17.25,0.0,63.9,No material anomaly signal detected.,Completed,RUN-20261008-254699
WS/MP650/2024-2025/179357,V41,Madhya Pradesh,INDORE,Shankar Lalwani,Normal/Others,,,Audit,1,10.35,Low,1,0,True,0,0,,,,False,False,False,False,,,160761.0,147000000.0,,,2025-06-13,,,,0,0.0,0,None,17.25,0.0,63.9,No material anomaly signal detected.,Completed,RUN-20261008-254699
WS/MP650/2024-2025/179375,V41,Madhya Pradesh,INDORE,Shankar Lalwani,Normal/Others,,,Audit,1,10.35,Low,1,0,True,0,0,,,,False,False,False,False,,,160761.0,147000000.0,,,2025-06-13,,,,0,0.0,0,None,17.25,0.0,63.9,No material anomaly signal detected.,Completed,RUN-20261008-254699
WS/MP650/2024-2025/179376,V41,Madhya Pradesh,INDORE,Shankar Lalwani,Normal/Others,,,Audit,1,10.35,Low,1,0,True,0,0,,,,False,False,False,False,,,160761.0,147000000.0,,,2025-06-13,,,,0,0.0,0,None,17.25,0.0,63.9,No material anomaly signal detected.,Completed,RUN-20261008-254699
WS/MP650/2024-2025/179377,V41,Madhya Pradesh,INDORE,Shankar Lalwani,Normal/Others,,,Audit,1,10.35,Low,1,0,True,0,0,,,,False,False,False,False,,,160761.0,147000000.0,,,2025-06-13,,,,0,0.0,0,None,17.25,0.0,63.9,No material anomaly signal detected.,Completed,RUN-20261008-254699
WS/MP650/2024-2025/179378,V41,Madhya Pradesh,INDORE,Shankar Lalwani,Normal/Others,,,Audit,1,10.35,Low,1,0,True,0,0,,,,False,False,False,False,,,160761.0,147000000.0,,,2025-06-13,,,,0,0.0,0,None,17.25,0.0,63.9,No material anomaly signal detected.,Completed,RUN-20261008-254699
WS/MP650/2024-2025/179379,V41,Madhya Pradesh,INDORE,Shankar Lalwani,Normal/Others,,,Audit,1,10.35,Low,1,0,True,0,0,,,,False,False,False,False,,,160761.0,147000000.0,,,2025-06-13,,,,0,0.0,0,None,17.25,0.0,63.9,No material anomaly signal detected.,Completed,RUN-20261008-254699
WS/MP650/2024-2025/179380,V41,Madhya Pradesh,INDORE,Shankar Lalwani,Normal/Others,,,Audit,1,10.35,Low,1,0,True,0,0,,,,False,False,False,False,,,160761.0,147000000.0,,,2025-06-13,,,,0,0.0,0,None,17.25,0.0,63.9,No material anomaly signal detected.,Completed,RUN-20261008-254699
WS/MP650/2024-2025/179381,V41,Madhya Pradesh,INDORE,Shankar Lalwani,Normal/Others,,,Audit,1,10.35,Low,1,0,True,0,0,,,,False,False,False,False,,,160761.0,147000000.0,,,2025-06-13,,,,0,0.0,0,None,17.25,0.0,63.9,No material anomaly signal detected.,Completed,RUN-20261008-254699
WS/MP650/2025-2026/177535,V41,Madhya Pradesh,INDORE,Shankar Lalwani,Normal/Others,,,Audit,1,10.35,Low,1,0,True,0,0,,,,False,False,False,False,,,2000000.0,147000000.0,,,2025-12-30,,,,0,0.0,0,None,17.25,0.0,63.9,No material anomaly signal detected.,Completed,RUN-20261008-254699
WS/MP650/2025-2026/193383,V41,Madhya Pradesh,INDORE,Shankar Lalwani,Normal/Others,,,Audit,1,10.35,Low,1,0,True,0,0,,,,False,False,False,False,,,418338.0,147000000.0,,,2025-08-21,,,,0,0.0,0,None,17.25,0.0,63.9,No material anomaly signal detected.,Completed,RUN-20261008-254699
WS/MP650/2025-2026/193384,V41,Madhya Pradesh,INDORE,Shankar Lalwani,Normal/Others,,,Audit,1,10.35,Low,1,0,True,0,0,,,,False,False,False,False,,,429722.0,147000000.0,,,2025-08-21,,,,0,0.0,0,None,17.25,0.0,63.9,No material anomaly signal detected.,Completed,RUN-20261008-254699
WS/MP650/2025-2026/196075,V41,Madhya Pradesh,INDORE,Shankar Lalwani,Normal/Others,,,Audit,1,10.35,Low,1,0,True,0,0,,,,False,False,False,False,,,431184.0,147000000.0,,,2025-08-25,,,,0,0.0,0,None,17.25,0.0,63.9,No material anomaly signal detected.,Completed,RUN-20261008-254699
WS/MP650/2025-2026/196076,V41,Madhya Pradesh,INDORE,Shankar Lalwani,Normal/Others,,,Audit,1,10.35,Low,1,0,True,0,0,,,,False,False,False,False,,,435023.0,147000000.0,,,2025-08-25,,,,0,0.0,0,None,17.25,0.0,63.9,No material anomaly signal detected.,Completed,RUN-20261008-254699
WS/MP650/2025-2026/196082,V41,Madhya Pradesh,INDORE,Shankar Lalwani,Normal/Others,,,Audit,1,10.35,Low,1,0,True,0,0,,,,False,False,False,False,,,438570.0,147000000.0,,,2025-11-07,,,,0,0.0,0,None,17.25,0.0,63.9,No material anomaly signal detected.,Completed,RUN-20261008-254699
WS/MP650/2025-2026/196083,V41,Madhya Pradesh,INDORE,Shankar Lalwani,Normal/Others,,,Audit,1,10.35,Low,1,0,True,0,0,,,,False,False,False,False,,,434331.0,147000000.0,,,2025-11-07,,,,0,0.0,0,None,17.25,0.0,63.9,No material anomaly signal detected.,Completed,RUN-20261008-254699
WS/MP650/2025-2026/203902,V41,Madhya Pradesh,INDORE,Shankar Lalwani,Normal/Others,,,Audit,1,10.35,Low,1,0,True,0,0,,,,False,False,False,False,,,2000000.0,147000000.0,,,2025-12-30,,,,0,0.0,0,None,17.25,0.0,63.9,No material anomaly signal detected.,Completed,RUN-20261008-254699
WS/MP650/2024-2025/179070,V41,Madhya Pradesh,INDORE,Shankar Lalwani,Normal/Others,,,Audit,1,10.35,Low,1,0,True,0,0,,,,False,False,False,False,,,432201.0,147000000.0,,,2025-08-19,,,,0,0.0,0,None,17.25,0.0,63.9,No material anomaly signal detected.,Completed,RUN-20261008-254699
WS/MP650/2024-2025/179191,V41,Madhya Pradesh,INDORE,Shankar Lalwani,Normal/Others,,,Audit,1,10.35,Low,1,0,True,0,0,,,,False,False,False,False,,,422311.0,147000000.0,,,2025-08-21,,,,0,0.0,0,None,17.25,0.0,63.9,No material anomaly signal detected.,Completed,RUN-20261008-254699
WS/MP650/2024-2025/179065,V41,Madhya Pradesh,INDORE,Shankar Lalwani,Normal/Others,,,Audit,1,10.35,Low,1,0,True,0,0,,,,False,False,False,False,,,440558.0,147000000.0,,,2025-08-19,,,,0,0.0,0,None,17.25,0.0,63.9,No material anomaly signal detected.,Completed,RUN-20261008-254699
WS/MP650/2024-2025/169377,V41,Madhya Pradesh,INDORE,Shankar Lalwani,Normal/Others,,,Audit,1,10.35,Low,1,0,True,0,0,,,,False,False,False,False,,,225369.0,147000000.0,,,2025-08-25,,,,0,0.0,0,None,17.25,0.0,63.9,No material anomaly signal detected.,Completed,RUN-20261008-254699
WS/MP650/2024-2025/179050,V41,Madhya Pradesh,INDORE,Shankar Lalwani,Normal/Others,,,Audit,1,10.35,Low,1,0,True,0,0,,,,False,False,False,False,,,160761.0,147000000.0,,,2025-06-13,,,,0,0.0,0,None,17.25,0.0,63.9,No material anomaly signal detected.,Completed,RUN-20261008-254699
WS/MP650/2024-2025/153956,V41,Madhya Pradesh,INDORE,Shankar Lalwani,Normal/Others,,,Audit,1,10.35,Low,1,0,True,0,0,,,,False,False,False,False,,,437826.0,147000000.0,,,2025-02-24,,,,0,0.0,0,None,17.25,0.0,63.9,No material anomaly signal detected.,Completed,RUN-20261008-254699
WS/MP650/2024-2025/153959,V41,Madhya Pradesh,INDORE,Shankar Lalwani,Normal/Others,,,Audit,1,10.35,Low,1,0,True,0,0,,,,False,False,False,False,,,427245.0,147000000.0,,,2025-02-06,,,,0,0.0,0,None,17.25,0.0,63.9,No material anomaly signal detected.,Completed,RUN-20261008-254699
WS/MP650/2024-2025/158937,V41,Madhya Pradesh,INDORE,Shankar Lalwani,Normal/Others,,,Audit,1,10.35,Low,1,0,True,0,0,,,,False,False,False,False,,,954481.0,147000000.0,,,2025-08-25,,,,0,0.0,0,None,17.25,0.0,63.9,No material anomaly signal detected.,Completed,RUN-20261008-254699
WS/MP650/2024-2025/163151,V41,Madhya Pradesh,INDORE,Shankar Lalwani,Normal/Others,,,Audit,1,10.35,Low,1,0,True,0,0,,,,False,False,False,False,,,420346.0,147000000.0,,,2025-08-25,,,,0,0.0,0,None,17.25,0.0,63.9,No material anomaly signal detected.,Completed,RUN-20261008-254699
WS/MP650/2024-2025/163165,V41,Madhya Pradesh,INDORE,Shankar Lalwani,Normal/Others,,,Audit,1,10.35,Low,1,0,True,0,0,,,,False,False,False,False,,,425252.0,147000000.0,,,2025-08-22,,,,0,0.0,0,None,17.25,0.0,63.9,No material anomaly signal detected.,Completed,RUN-20261008-254699
WS/MP650/2024-2025/163166,V41,Madhya Pradesh,INDORE,Shankar Lalwani,Normal/Others,,,Audit,1,10.35,Low,1,0,True,0,0,,,,False,False,False,False,,,420423.0,147000000.0,,,2025-08-22,,,,0,0.0,0,None,17.25,0.0,63.9,No material anomaly signal detected.,Completed,RUN-20261008-254699
WS/MP650/2024-2025/163174,V41,Madhya Pradesh,INDORE,Shankar Lalwani,Normal/Others,,,Audit,1,10.35,Low,1,0,True,0,0,,,,False,False,False,False,,,407129.0,147000000.0,,,2025-08-22,,,,0,0.0,0,None,17.25,0.0,63.9,No material anomaly signal detected.,Completed,RUN-20261008-254699
WS/MP650/2024-2025/163175,V41,Madhya Pradesh,INDORE,Shankar Lalwani,Normal/Others,,,Audit,1,10.35,Low,1,0,True,0,0,,,,False,False,False,False,,,415905.0,147000000.0,,,2025-08-22,,,,0,0.0,0,None,17.25,0.0,63.9,No material anomaly signal detected.,Completed,RUN-20261008-254699
WS/MP650/2024-2025/153955,V41,Madhya Pradesh,INDORE,Shankar Lalwani,Normal/Others,,,Audit,1,10.35,Low,1,0,True,0,0,,,,False,False,False,False,,,424527.0,147000000.0,,,2025-02-24,,,,0,0.0,0,None,17.25,0.0,63.9,No material anomaly signal detected.,Completed,RUN-20261008-254699
WS/MP650/2024-2025/169378,V41,Madhya Pradesh,INDORE,Shankar Lalwani,Normal/Others,,,Audit,1,10.35,Low,1,0,True,0,0,,,,False,False,False,False,,,235943.0,147000000.0,,,2025-08-25,,,,0,0.0,0,None,17.25,0.0,63.9,No material anomaly signal detected.,Completed,RUN-20261008-254699
WS/MP650/2024-2025/179046,V41,Madhya Pradesh,INDORE,Shankar Lalwani,Normal/Others,,,Audit,1,10.35,Low,1,0,True,0,0,,,,False,False,False,False,,,160761.0,147000000.0,,,2025-06-13,,,,0,0.0,0,None,17.25,0.0,63.9,No material anomaly signal detected.,Completed,RUN-20261008-254699
WS/MP650/2024-2025/179048,V41,Madhya Pradesh,INDORE,Shankar Lalwani,Normal/Others,,,Audit,1,10.35,Low,1,0,True,0,0,,,,False,False,False,False,,,160761.0,147000000.0,,,2025-06-13,,,,0,0.0,0,None,17.25,0.0,63.9,No material anomaly signal detected.,Completed,RUN-20261008-254699
WS/MP650/2024-2025/179047,V41,Madhya Pradesh,INDORE,Shankar Lalwani,Normal/Others,,,Audit,1,10.35,Low,1,0,True,0,0,,,,False,False,False,False,,,160761.0,147000000.0,,,2025-06-13,,,,0,0.0,0,None,17.25,0.0,63.9,No material anomaly signal detected.,Completed,RUN-20261008-254699
WS/MP650/2024-2025/179049,V41,Madhya Pradesh,INDORE,Shankar Lalwani,Normal/Others,,,Audit,1,10.35,Low,1,0,True,0,0,,,,False,False,False,False,,,160761.0,147000000.0,,,2025-06-13,,,,0,0.0,0,None,17.25,0.0,63.9,No material anomaly signal detected.,Completed,RUN-20261008-254699
WS/MP650/2024-2025/169382,V41,Madhya Pradesh,INDORE,Shankar Lalwani,Normal/Others,,,Audit,1,10.35,Low,1,0,True,0,0,,,,False,False,False,False,,,428586.0,147000000.0,,,2025-08-25,,,,0,0.0,0,None,17.25,0.0,63.9,No material anomaly signal detected.,Completed,RUN-20261008-254699
WS/MP650/2024-2025/169380,V41,Madhya Pradesh,INDORE,Shankar Lalwani,Normal/Others,,,Audit,1,10.35,Low,1,0,True,0,0,,,,False,False,False,False,,,239601.0,147000000.0,,,2025-08-25,,,,0,0.0,0,None,17.25,0.0,63.9,No material anomaly signal detected.,Completed,RUN-20261008-254699
WS/MP650/2024-2025/169379,V41,Madhya Pradesh,INDORE,Shankar Lalwani,Normal/Others,,,Audit,1,10.35,Low,1,0,True,0,0,,,,False,False,False,False,,,234276.0,147000000.0,,,2025-08-25,,,,0,0.0,0,None,17.25,0.0,63.9,No material anomaly signal detected.,Completed,RUN-20261008-254699
WS/MP18100/2025-2026/184593,V41,Madhya Pradesh,CHHINDWARA,BUNTY VIVEK SAHU,Normal/Others,,,Audit,1,8.69,Low,1,0,True,0,0,,,,False,False,False,False,,,200000.0,147000000.0,,,2025-12-19,,,,0,0.0,0,None,14.49,0.0,63.9,No material anomaly signal detected.,Completed,RUN-20261008-254699
WS/MP18100/2024-2025/166952,V41,Madhya Pradesh,CHHINDWARA,BUNTY VIVEK SAHU,Normal/Others,,,Audit,1,8.69,Low,1,0,True,0,0,,,,False,False,False,False,,,200000.0,147000000.0,,,2025-12-19,,,,0,0.0,0,None,14.49,0.0,63.9,No material anomaly signal detected.,Completed,RUN-20261008-254699
WS/MP18100/2025-2026/192394,V41,Madhya Pradesh,CHHINDWARA,BUNTY VIVEK SAHU,Normal/Others,,,Audit,1,8.69,Low,1,0,True,0,0,,,,False,False,False,False,,,150000.0,147000000.0,,,2025-08-13,,,,0,0.0,0,None,14.49,0.0,63.9,No material anomaly signal detected.,Completed,RUN-20261008-254699
WS/MP18100/2025-2026/195609,V41,Madhya Pradesh,CHHINDWARA,BUNTY VIVEK SAHU,Normal/Others,,,Audit,1,8.69,Low,1,0,True,0,0,,,,False,False,False,False,,,500000.0,147000000.0,,,2026-03-14,,,,0,0.0,0,None,14.49,0.0,63.9,No material anomaly signal detected.,Completed,RUN-20261008-254699
WS/MP18100/2025-2026/197425,V41,Madhya Pradesh,CHHINDWARA,BUNTY VIVEK SAHU,Normal/Others,,,Audit,1,8.69,Low,1,0,True,0,0,,,,False,False,False,False,,,1000000.0,147000000.0,,,2026-01-12,,,,0,0.0,0,None,14.49,0.0,63.9,No material anomaly signal detected.,Completed,RUN-20261008-254699
WS/MP18100/2025-2026/204033,V41,Madhya Pradesh,CHHINDWARA,BUNTY VIVEK SAHU,Normal/Others,,,Audit,1,8.69,Low,1,0,True,0,0,,,,False,False,False,False,,,200000.0,147000000.0,,,2026-03-14,,,,0,0.0,0,None,14.49,0.0,63.9,No material anomaly signal detected.,Completed,RUN-20261008-254699
WS/MP18100/2025-2026/185631,V41,Madhya Pradesh,CHHINDWARA,BUNTY VIVEK SAHU,Normal/Others,,,Audit,1,8.69,Low,1,0,True,0,0,,,,False,False,False,False,,,125000.0,147000000.0,,,2025-06-12,,,,0,0.0,0,None,14.49,0.0,63.9,No material anomaly signal detected.,Completed,RUN-20261008-254699
WS/MP18100/2025-2026/185630,V41,Madhya Pradesh,CHHINDWARA,BUNTY VIVEK SAHU,Normal/Others,,,Audit,1,8.69,Low,1,0,True,0,0,,,,False,False,False,False,,,125000.0,147000000.0,,,2025-06-09,,,,0,0.0,0,None,14.49,0.0,63.9,No material anomaly signal detected.,Completed,RUN-20261008-254699
WS/MP18100/2024-2025/166951,V41,Madhya Pradesh,CHHINDWARA,BUNTY VIVEK SAHU,Normal/Others,,,Audit,1,8.69,Low,1,0,True,0,0,,,,False,False,False,False,,,50000.0,147000000.0,,,2026-02-06,,,,0,0.0,0,None,14.49,0.0,63.9,No material anomaly signal detected.,Completed,RUN-20261008-254699
WS/MP18100/2025-2026/182339,V41,Madhya Pradesh,CHHINDWARA,BUNTY VIVEK SAHU,Normal/Others,,,Audit,1,8.69,Low,1,0,True,0,0,,,,False,False,False,False,,,200000.0,147000000.0,,,2026-01-30,,,,0,0.0,0,None,14.49,0.0,63.9,No material anomaly signal detected.,Completed,RUN-20261008-254699
WS/MP18100/2025-2026/184550,V41,Madhya Pradesh,CHHINDWARA,BUNTY VIVEK SAHU,Normal/Others,,,Audit,1,8.69,Low,1,0,True,0,0,,,,False,False,False,False,,,50000.0,147000000.0,,,2026-01-30,,,,0,0.0,0,None,14.49,0.0,63.9,No material anomaly signal detected.,Completed,RUN-20261008-254699
WS/MP18100/2025-2026/183895,V41,Madhya Pradesh,CHHINDWARA,BUNTY VIVEK SAHU,Normal/Others,,,Audit,1,8.69,Low,1,0,True,0,0,,,,False,False,False,False,,,600000.0,147000000.0,,,2025-11-12,,,,0,0.0,0,None,14.49,0.0,63.9,No material anomaly signal detected.,Completed,RUN-20261008-254699
WS/MP18100/2025-2026/181826,V41,Madhya Pradesh,CHHINDWARA,BUNTY VIVEK SAHU,Normal/Others,,,Audit,1,8.69,Low,1,0,True,0,0,,,,False,False,False,False,,,125000.0,147000000.0,,,2025-05-14,,,,0,0.0,0,None,14.49,0.0,63.9,No material anomaly signal detected.,Completed,RUN-20261008-254699
WS/MP18100/2025-2026/182338,V41,Madhya Pradesh,CHHINDWARA,BUNTY VIVEK SAHU,Normal/Others,,,Audit,1,8.69,Low,1,0,True,0,0,,,,False,False,False,False,,,200000.0,147000000.0,,,2026-01-30,,,,0,0.0,0,None,14.49,0.0,63.9,No material anomaly signal detected.,Completed,RUN-20261008-254699
WS/MP18100/2024-2025/167243,V41,Madhya Pradesh,CHHINDWARA,BUNTY VIVEK SAHU,Normal/Others,,,Audit,1,8.69,Low,1,0,True,0,0,,,,False,False,False,False,,,150000.0,147000000.0,,,2025-08-02,,,,0,0.0,0,None,14.49,0.0,63.9,No material anomaly signal detected.,Completed,RUN-20261008-254699
WS/MP18100/2024-2025/167244,V41,Madhya Pradesh,CHHINDWARA,BUNTY VIVEK SAHU,Normal/Others,,,Audit,1,8.69,Low,1,0,True,0,0,,,,False,False,False,False,,,150000.0,147000000.0,,,2026-03-18,,,,0,0.0,0,None,14.49,0.0,63.9,No material anomaly signal detected.,Completed,RUN-20261008-254699
WS/MP18100/2025-2026/182337,V41,Madhya Pradesh,CHHINDWARA,BUNTY VIVEK SAHU,Normal/Others,,,Audit,1,8.69,Low,1,0,True,0,0,,,,False,False,False,False,,,200000.0,147000000.0,,,2026-01-30,,,,0,0.0,0,None,14.49,0.0,63.9,No material anomaly signal detected.,Completed,RUN-20261008-254699
WS/MP18100/2025-2026/182329,V41,Madhya Pradesh,CHHINDWARA,BUNTY VIVEK SAHU,Normal/Others,,,Audit,1,8.69,Low,1,0,True,0,0,,,,False,False,False,False,,,200000.0,147000000.0,,,2025-09-26,,,,0,0.0,0,None,14.49,0.0,63.9,No material anomaly signal detected.,Completed,RUN-20261008-254699
WS/MP18100/2025-2026/186235,V41,Madhya Pradesh,CHHINDWARA,BUNTY VIVEK SAHU,Normal/Others,,,Audit,1,8.69,Low,1,0,True,0,0,,,,False,False,False,False,,,125000.0,147000000.0,,,2025-12-09,,,,0,0.0,0,None,14.49,0.0,63.9,No material anomaly signal detected.,Completed,RUN-20261008-254699
WS/MP18100/2025-2026/186236,V41,Madhya Pradesh,CHHINDWARA,BUNTY VIVEK SAHU,Normal/Others,,,Audit,1,8.69,Low,1,0,True,0,0,,,,False,False,False,False,,,125000.0,147000000.0,,,2025-12-10,,,,0,0.0,0,None,14.49,0.0,63.9,No material anomaly signal detected.,Completed,RUN-20261008-254699
WS/MP18100/2024-2025/166946,V41,Madhya Pradesh,CHHINDWARA,BUNTY VIVEK SAHU,Normal/Others,,,Audit,1,8.69,Low,1,0,True,0,0,,,,False,False,False,False,,,250000.0,147000000.0,,,2026-02-06,,,,0,0.0,0,None,14.49,0.0,63.9,No material anomaly signal detected.,Completed,RUN-20261008-254699
WS/MP18100/2025-2026/185650,V41,Madhya Pradesh,CHHINDWARA,BUNTY VIVEK SAHU,Normal/Others,,,Audit,1,8.69,Low,1,0,True,0,0,,,,False,False,False,False,,,60000.0,147000000.0,,,2026-01-19,,,,0,0.0,0,None,14.49,0.0,63.9,No material anomaly signal detected.,Completed,RUN-20261008-254699
WS/MP18100/2024-2025/165087,V41,Madhya Pradesh,CHHINDWARA,BUNTY VIVEK SAHU,Normal/Others,,,Audit,1,8.69,Low,1,0,True,0,0,,,,False,False,False,False,,,50000.0,147000000.0,,,2026-01-22,,,,0,0.0,0,None,14.49,0.0,63.9,No material anomaly signal detected.,Completed,RUN-20261008-254699
WS/MP18100/2024-2025/164786,V41,Madhya Pradesh,CHHINDWARA,BUNTY VIVEK SAHU,Normal/Others,,,Audit,1,8.69,Low,1,0,True,0,0,,,,False,False,False,False,,,100000.0,147000000.0,,,2026-04-16,,,,0,0.0,0,None,14.49,0.0,63.9,No material anomaly signal detected.,Completed,RUN-20261008-254699
WS/MP18100/2024-2025/164788,V41,Madhya Pradesh,CHHINDWARA,BUNTY VIVEK SAHU,Normal/Others,,,Audit,1,8.69,Low,1,0,True,0,0,,,,False,False,False,False,,,100000.0,147000000.0,,,2026-04-16,,,,0,0.0,0,None,14.49,0.0,63.9,No material anomaly signal detected.,Completed,RUN-20261008-254699
WS/MP18100/2024-2025/165077,V41,Madhya Pradesh,CHHINDWARA,BUNTY VIVEK SAHU,Normal/Others,,,Audit,1,8.69,Low,1,0,True,0,0,,,,False,False,False,False,,,200000.0,147000000.0,,,2026-01-24,,,,0,0.0,0,None,14.49,0.0,63.9,No material anomaly signal detected.,Completed,RUN-20261008-254699
WS/MP18100/2024-2025/165078,V41,Madhya Pradesh,CHHINDWARA,BUNTY VIVEK SAHU,Normal/Others,,,Audit,1,8.69,Low,1,0,True,0,0,,,,False,False,False,False,,,200000.0,147000000.0,,,2026-01-24,,,,0,0.0,0,None,14.49,0.0,63.9,No material anomaly signal detected.,Completed,RUN-20261008-254699
WS/MP18100/2024-2025/165079,V41,Madhya Pradesh,CHHINDWARA,BUNTY VIVEK SAHU,Normal/Others,,,Audit,1,8.69,Low,1,0,True,0,0,,,,False,False,False,False,,,100000.0,147000000.0,,,2026-01-24,,,,0,0.0,0,None,14.49,0.0,63.9,No material anomaly signal detected.,Completed,RUN-20261008-254699
WS/MP18100/2024-2025/165080,V41,Madhya Pradesh,CHHINDWARA,BUNTY VIVEK SAHU,Normal/Others,,,Audit,1,8.69,Low,1,0,True,0,0,,,,False,False,False,False,,,100000.0,147000000.0,,,2026-01-24,,,,0,0.0,0,None,14.49,0.0,63.9,No material anomaly signal detected.,Completed,RUN-20261008-254699
WS/MP18100/2024-2025/165081,V41,Madhya Pradesh,CHHINDWARA,BUNTY VIVEK SAHU,Normal/Others,,,Audit,1,8.69,Low,1,0,True,0,0,,,,False,False,False,False,,,200000.0,147000000.0,,,2026-01-24,,,,0,0.0,0,None,14.49,0.0,63.9,No material anomaly signal detected.,Completed,RUN-20261008-254699
WS/MP18100/2024-2025/165086,V41,Madhya Pradesh,CHHINDWARA,BUNTY VIVEK SAHU,Normal/Others,,,Audit,1,8.69,Low,1,0,True,0,0,,,,False,False,False,False,,,250000.0,147000000.0,,,2026-01-22,,,,0,0.0,0,None,14.49,0.0,63.9,No material anomaly signal detected.,Completed,RUN-20261008-254699
WS/MP18100/2024-2025/165088,V41,Madhya Pradesh,CHHINDWARA,BUNTY VIVEK SAHU,Normal/Others,,,Audit,1,8.69,Low,1,0,True,0,0,,,,False,False,False,False,,,50000.0,147000000.0,,,2026-01-22,,,,0,0.0,0,None,14.49,0.0,63.9,No material anomaly signal detected.,Completed,RUN-20261008-254699
WS/MP18100/2025-2026/185649,V41,Madhya Pradesh,CHHINDWARA,BUNTY VIVEK SAHU,Normal/Others,,,Audit,1,8.69,Low,1,0,True,0,0,,,,False,False,False,False,,,125000.0,147000000.0,,,2025-06-11,,,,0,0.0,0,None,14.49,0.0,63.9,No material anomaly signal detected.,Completed,RUN-20261008-254699
WS/MP18100/2024-2025/165090,V41,Madhya Pradesh,CHHINDWARA,BUNTY VIVEK SAHU,Normal/Others,,,Audit,1,8.69,Low,1,0,True,0,0,,,,False,False,False,False,,,250000.0,147000000.0,,,2026-01-22,,,,0,0.0,0,None,14.49,0.0,63.9,No material anomaly signal detected.,Completed,RUN-20261008-254699
WS/MP18100/2025-2026/180544,V41,Madhya Pradesh,CHHINDWARA,BUNTY VIVEK SAHU,Normal/Others,,,Audit,1,8.69,Low,1,0,True,0,0,,,,False,False,False,False,,,125000.0,147000000.0,,,2025-08-13,,,,0,0.0,0,None,14.49,0.0,63.9,No material anomaly signal detected.,Completed,RUN-20261008-254699
WS/MP18100/2025-2026/185634,V41,Madhya Pradesh,CHHINDWARA,BUNTY VIVEK SAHU,Normal/Others,,,Audit,1,8.69,Low,1,0,True,0,0,,,,False,False,False,False,,,125000.0,147000000.0,,,2025-06-12,,,,0,0.0,0,None,14.49,0.0,63.9,No material anomaly signal detected.,Completed,RUN-20261008-254699
WS/MP18100/2025-2026/185635,V41,Madhya Pradesh,CHHINDWARA,BUNTY VIVEK SAHU,Normal/Others,,,Audit,1,8.69,Low,1,0,True,0,0,,,,False,False,False,False,,,125000.0,147000000.0,,,2025-06-11,,,,0,0.0,0,None,14.49,0.0,63.9,No material anomaly signal detected.,Completed,RUN-20261008-254699
WS/MP18100/2025-2026/185642,V41,Madhya Pradesh,CHHINDWARA,BUNTY VIVEK SAHU,Normal/Others,,,Audit,1,8.69,Low,1,0,True,0,0,,,,False,False,False,False,,,150000.0,147000000.0,,,2026-04-07,,,,0,0.0,0,None,14.49,0.0,63.9,No material anomaly signal detected.,Completed,RUN-20261008-254699
WS/MP18100/2025-2026/185643,V41,Madhya Pradesh,CHHINDWARA,BUNTY VIVEK SAHU,Normal/Others,,,Audit,1,8.69,Low,1,0,True,0,0,,,,False,False,False,False,,,100000.0,147000000.0,,,2026-03-09,,,,0,0.0,0,None,14.49,0.0,63.9,No material anomaly signal detected.,Completed,RUN-20261008-254699
WS/MP18100/2025-2026/185644,V41,Madhya Pradesh,CHHINDWARA,BUNTY VIVEK SAHU,Normal/Others,,,Audit,1,8.69,Low,1,0,True,0,0,,,,False,False,False,False,,,100000.0,147000000.0,,,2026-04-07,,,,0,0.0,0,None,14.49,0.0,63.9,No material anomaly signal detected.,Completed,RUN-20261008-254699
WS/MP18100/2025-2026/185647,V41,Madhya Pradesh,CHHINDWARA,BUNTY VIVEK SAHU,Normal/Others,,,Audit,1,8.69,Low,1,0,True,0,0,,,,False,False,False,False,,,100000.0,147000000.0,,,2026-04-07,,,,0,0.0,0,None,14.49,0.0,63.9,No material anomaly signal detected.,Completed,RUN-20261008-254699
WS/MP18100/2025-2026/181825,V41,Madhya Pradesh,CHHINDWARA,BUNTY VIVEK SAHU,Normal/Others,,,Audit,1,8.69,Low,1,0,True,0,0,,,,False,False,False,False,,,125000.0,147000000.0,,,2025-05-14,,,,0,0.0,0,None,14.49,0.0,63.9,No material anomaly signal detected.,Completed,RUN-20261008-254699
WS/MP18100/2025-2026/180530,V41,Madhya Pradesh,CHHINDWARA,BUNTY VIVEK SAHU,Normal/Others,,,Audit,1,8.69,Low,1,0,True,0,0,,,,False,False,False,False,,,125000.0,147000000.0,,,2025-06-12,,,,0,0.0,0,None,14.49,0.0,63.9,No material anomaly signal detected.,Completed,RUN-20261008-254699
WS/MP18100/2025-2026/180538,V41,Madhya Pradesh,CHHINDWARA,BUNTY VIVEK SAHU,Normal/Others,,,Audit,1,8.69,Low,1,0,True,0,0,,,,False,False,False,False,,,50000.0,147000000.0,,,2026-01-24,,,,0,0.0,0,None,14.49,0.0,63.9,No material anomaly signal detected.,Completed,RUN-20261008-254699
WS/MP18100/2025-2026/180158,V41,Madhya Pradesh,CHHINDWARA,BUNTY VIVEK SAHU,Normal/Others,,,Audit,1,8.69,Low,1,0,True,0,0,,,,False,False,False,False,,,50000.0,147000000.0,,,2026-01-30,,,,0,0.0,0,None,14.49,0.0,63.9,No material anomaly signal detected.,Completed,RUN-20261008-254699
WS/MP18100/2025-2026/180504,V41,Madhya Pradesh,CHHINDWARA,BUNTY VIVEK SAHU,Normal/Others,,,Audit,1,8.69,Low,1,0,True,0,0,,,,False,False,False,False,,,125000.0,147000000.0,,,2025-05-14,,,,0,0.0,0,None,14.49,0.0,63.9,No material anomaly signal detected.,Completed,RUN-20261008-254699
WS/MP18100/2025-2026/180503,V41,Madhya Pradesh,CHHINDWARA,BUNTY VIVEK SAHU,Normal/Others,,,Audit,1,8.69,Low,1,0,True,0,0,,,,False,False,False,False,,,125000.0,147000000.0,,,2025-05-14,,,,0,0.0,0,None,14.49,0.0,63.9,No material anomaly signal detected.,Completed,RUN-20261008-254699
WS/MP18100/2025-2026/180502,V41,Madhya Pradesh,CHHINDWARA,BUNTY VIVEK SAHU,Normal/Others,,,Audit,1,8.69,Low,1,0,True,0,0,,,,False,False,False,False,,,125000.0,147000000.0,,,2026-01-30,,,,0,0.0,0,None,14.49,0.0,63.9,No material anomaly signal detected.,Completed,RUN-20261008-254699
WS/MP18100/2025-2026/180501,V41,Madhya Pradesh,CHHINDWARA,BUNTY VIVEK SAHU,Normal/Others,,,Audit,1,8.69,Low,1,0,True,0,0,,,,False,False,False,False,,,125000.0,147000000.0,,,2025-06-09,,,,0,0.0,0,None,14.49,0.0,63.9,No material anomaly signal detected.,Completed,RUN-20261008-254699
WS/MP18100/2025-2026/180500,V41,Madhya Pradesh,CHHINDWARA,BUNTY VIVEK SAHU,Normal/Others,,,Audit,1,8.69,Low,1,0,True,0,0,,,,False,False,False,False,,,125000.0,147000000.0,,,2025-06-11,,,,0,0.0,0,None,14.49,0.0,63.9,No material anomaly signal detected.,Completed,RUN-20261008-254699
WS/MP18100/2025-2026/180499,V41,Madhya Pradesh,CHHINDWARA,BUNTY VIVEK SAHU,Normal/Others,,,Audit,1,8.69,Low,1,0,True,0,0,,,,False,False,False,False,,,125000.0,147000000.0,,,2025-06-11,,,,0,0.0,0,None,14.49,0.0,63.9,No material anomaly signal detected.,Completed,RUN-20261008-254699
WS/MP18100/2024-2025/169053,V41,Madhya Pradesh,CHHINDWARA,BUNTY VIVEK SAHU,Normal/Others,,,Audit,1,8.69,Low,1,0,True,0,0,,,,False,False,False,False,,,200000.0,147000000.0,,,2025-11-07,,,,0,0.0,0,None,14.49,0.0,63.9,No material anomaly signal detected.,Completed,RUN-20261008-254699
WS/MP18100/2025-2026/180162,V41,Madhya Pradesh,CHHINDWARA,BUNTY VIVEK SAHU,Normal/Others,,,Audit,1,8.69,Low,1,0,True,0,0,,,,False,False,False,False,,,150000.0,147000000.0,,,2026-01-30,,,,0,0.0,0,None,14.49,0.0,63.9,No material anomaly signal detected.,Completed,RUN-20261008-254699
WS/MP18100/2025-2026/179866,V41,Madhya Pradesh,CHHINDWARA,BUNTY VIVEK SAHU,Normal/Others,,,Audit,1,8.69,Low,1,0,True,0,0,,,,False,False,False,False,,,150000.0,147000000.0,,,2026-04-23,,,,0,0.0,0,None,14.49,0.0,63.9,No material anomaly signal detected.,Completed,RUN-20261008-254699
WS/MP18100/2025-2026/180537,V41,Madhya Pradesh,CHHINDWARA,BUNTY VIVEK SAHU,Normal/Others,,,Audit,1,8.69,Low,1,0,True,0,0,,,,False,False,False,False,,,50000.0,147000000.0,,,2026-01-24,,,,0,0.0,0,None,14.49,0.0,63.9,No material anomaly signal detected.,Completed,RUN-20261008-254699
WS/MP18100/2025-2026/179808,V41,Madhya Pradesh,CHHINDWARA,BUNTY VIVEK SAHU,Normal/Others,,,Audit,1,8.69,Low,1,0,True,0,0,,,,False,False,False,False,,,150000.0,147000000.0,,,2026-01-24,,,,0,0.0,0,None,14.49,0.0,63.9,No material anomaly signal detected.,Completed,RUN-20261008-254699
WS/MP18100/2025-2026/179798,V41,Madhya Pradesh,CHHINDWARA,BUNTY VIVEK SAHU,Normal/Others,,,Audit,1,8.69,Low,1,0,True,0,0,,,,False,False,False,False,,,100000.0,147000000.0,,,2025-11-03,,,,0,0.0,0,None,14.49,0.0,63.9,No material anomaly signal detected.,Completed,RUN-20261008-254699
WS/MP18100/2024-2025/179858,V41,Madhya Pradesh,CHHINDWARA,BUNTY VIVEK SAHU,Normal/Others,,,Audit,1,8.69,Low,1,0,True,0,0,,,,False,False,False,False,,,100000.0,147000000.0,,,2025-12-19,,,,0,0.0,0,None,14.49,0.0,63.9,No material anomaly signal detected.,Completed,RUN-20261008-254699
WS/MP18100/2024-2025/179857,V41,Madhya Pradesh,CHHINDWARA,BUNTY VIVEK SAHU,Normal/Others,,,Audit,1,8.69,Low,1,0,True,0,0,,,,False,False,False,False,,,150000.0,147000000.0,,,2026-02-06,,,,0,0.0,0,None,14.49,0.0,63.9,No material anomaly signal detected.,Completed,RUN-20261008-254699
WS/MP18100/2024-2025/176863,V41,Madhya Pradesh,CHHINDWARA,BUNTY VIVEK SAHU,Normal/Others,,,Audit,1,8.69,Low,1,0,True,0,0,,,,False,False,False,False,,,1000000.0,147000000.0,,,2026-02-16,,,,0,0.0,0,None,14.49,0.0,63.9,No material anomaly signal detected.,Completed,RUN-20261008-254699
WS/MP18100/2024-2025/175775,V41,Madhya Pradesh,CHHINDWARA,BUNTY VIVEK SAHU,Normal/Others,,,Audit,1,8.69,Low,1,0,True,0,0,,,,False,False,False,False,,,100000.0,147000000.0,,,2026-04-10,,,,0,0.0,0,None,14.49,0.0,63.9,No material anomaly signal detected.,Completed,RUN-20261008-254699
WS/MP18100/2024-2025/171999,V41,Madhya Pradesh,CHHINDWARA,BUNTY VIVEK SAHU,Normal/Others,,,Audit,1,8.69,Low,1,0,True,0,0,,,,False,False,False,False,,,999200.0,147000000.0,,,2026-01-22,,,,0,0.0,0,None,14.49,0.0,63.9,No material anomaly signal detected.,Completed,RUN-20261008-254699
WS/MP18100/2025-2026/185633,V41,Madhya Pradesh,CHHINDWARA,BUNTY VIVEK SAHU,Normal/Others,,,Audit,1,8.69,Low,1,0,True,0,0,,,,False,False,False,False,,,125000.0,147000000.0,,,2025-06-11,,,,0,0.0,0,None,14.49,0.0,63.9,No material anomaly signal detected.,Completed,RUN-20261008-254699
WS/MP18100/2025-2026/180516,V41,Madhya Pradesh,CHHINDWARA,BUNTY VIVEK SAHU,Normal/Others,,,Audit,1,8.69,Low,1,0,True,0,0,,,,False,False,False,False,,,125000.0,147000000.0,,,2025-05-06,,,,0,0.0,0,None,14.49,0.0,63.9,No material anomaly signal detected.,Completed,RUN-20261008-254699
WS/MP18100/2025-2026/180517,V41,Madhya Pradesh,CHHINDWARA,BUNTY VIVEK SAHU,Normal/Others,,,Audit,1,8.69,Low,1,0,True,0,0,,,,False,False,False,False,,,125000.0,147000000.0,,,2026-02-17,,,,0,0.0,0,None,14.49,0.0,63.9,No material anomaly signal detected.,Completed,RUN-20261008-254699
WS/MP18100/2025-2026/180518,V41,Madhya Pradesh,CHHINDWARA,BUNTY VIVEK SAHU,Normal/Others,,,Audit,1,8.69,Low,1,0,True,0,0,,,,False,False,False,False,,,125000.0,147000000.0,,,2025-05-14,,,,0,0.0,0,None,14.49,0.0,63.9,No material anomaly signal detected.,Completed,RUN-20261008-254699
WS/MP18100/2025-2026/180519,V41,Madhya Pradesh,CHHINDWARA,BUNTY VIVEK SAHU,Normal/Others,,,Audit,1,8.69,Low,1,0,True,0,0,,,,False,False,False,False,,,125000.0,147000000.0,,,2025-06-11,,,,0,0.0,0,None,14.49,0.0,63.9,No material anomaly signal detected.,Completed,RUN-20261008-254699
WS/MP18100/2025-2026/180536,V41,Madhya Pradesh,CHHINDWARA,BUNTY VIVEK SAHU,Normal/Others,,,Audit,1,8.69,Low,1,0,True,0,0,,,,False,False,False,False,,,100000.0,147000000.0,,,2026-01-24,,,,0,0.0,0,None,14.49,0.0,63.9,No material anomaly signal detected.,Completed,RUN-20261008-254699
WS/MP18100/2025-2026/180535,V41,Madhya Pradesh,CHHINDWARA,BUNTY VIVEK SAHU,Normal/Others,,,Audit,1,8.69,Low,1,0,True,0,0,,,,False,False,False,False,,,50000.0,147000000.0,,,2026-01-24,,,,0,0.0,0,None,14.49,0.0,63.9,No material anomaly signal detected.,Completed,RUN-20261008-254699
WS/MP18100/2024-2025/167246,V41,Madhya Pradesh,CHHINDWARA,BUNTY VIVEK SAHU,Normal/Others,,,Audit,1,8.69,Low,1,0,True,0,0,,,,False,False,False,False,,,150000.0,147000000.0,,,2026-03-18,,,,0,0.0,0,None,14.49,0.0,63.9,No material anomaly signal detected.,Completed,RUN-20261008-254699
WS/MP18100/2024-2025/168836,V41,Madhya Pradesh,CHHINDWARA,BUNTY VIVEK SAHU,Normal/Others,,,Audit,1,8.69,Low,1,0,True,0,0,,,,False,False,False,False,,,100000.0,147000000.0,,,2025-09-01,,,,0,0.0,0,None,14.49,0.0,63.9,No material anomaly signal detected.,Completed,RUN-20261008-254699
WS/MP18100/2025-2026/180534,V41,Madhya Pradesh,CHHINDWARA,BUNTY VIVEK SAHU,Normal/Others,,,Audit,1,8.69,Low,1,0,True,0,0,,,,False,False,False,False,,,50000.0,147000000.0,,,2026-01-24,,,,0,0.0,0,None,14.49,0.0,63.9,No material anomaly signal detected.,Completed,RUN-20261008-254699
WS/MP18100/2025-2026/180533,V41,Madhya Pradesh,CHHINDWARA,BUNTY VIVEK SAHU,Normal/Others,,,Audit,1,8.69,Low,1,0,True,0,0,,,,False,False,False,False,,,499930.0,147000000.0,,,2026-01-24,,,,0,0.0,0,None,14.49,0.0,63.9,No material anomaly signal detected.,Completed,RUN-20261008-254699
WS/MP18100/2025-2026/180531,V41,Madhya Pradesh,CHHINDWARA,BUNTY VIVEK SAHU,Normal/Others,,,Audit,1,8.69,Low,1,0,True,0,0,,,,False,False,False,False,,,125000.0,147000000.0,,,2026-01-22,,,,0,0.0,0,None,14.49,0.0,63.9,No material anomaly signal detected.,Completed,RUN-20261008-254699
WS/MP18100/2025-2026/180529,V41,Madhya Pradesh,CHHINDWARA,BUNTY VIVEK SAHU,Normal/Others,,,Audit,1,8.69,Low,1,0,True,0,0,,,,False,False,False,False,,,125000.0,147000000.0,,,2025-06-09,,,,0,0.0,0,None,14.49,0.0,63.9,No material anomaly signal detected.,Completed,RUN-20261008-254699
WS/MP18100/2025-2026/180528,V41,Madhya Pradesh,CHHINDWARA,BUNTY VIVEK SAHU,Normal/Others,,,Audit,1,8.69,Low,1,0,True,0,0,,,,False,False,False,False,,,125000.0,147000000.0,,,2025-06-09,,,,0,0.0,0,None,14.49,0.0,63.9,No material anomaly signal detected.,Completed,RUN-20261008-254699
WS/MP18100/2025-2026/180527,V41,Madhya Pradesh,CHHINDWARA,BUNTY VIVEK SAHU,Normal/Others,,,Audit,1,8.69,Low,1,0,True,0,0,,,,False,False,False,False,,,125000.0,147000000.0,,,2025-06-12,,,,0,0.0,0,None,14.49,0.0,63.9,No material anomaly signal detected.,Completed,RUN-20261008-254699
WS/MP18100/2025-2026/180526,V41,Madhya Pradesh,CHHINDWARA,BUNTY VIVEK SAHU,Normal/Others,,,Audit,1,8.69,Low,1,0,True,0,0,,,,False,False,False,False,,,125000.0,147000000.0,,,2026-02-17,,,,0,0.0,0,None,14.49,0.0,63.9,No material anomaly signal detected.,Completed,RUN-20261008-254699
WS/MP18100/2025-2026/180525,V41,Madhya Pradesh,CHHINDWARA,BUNTY VIVEK SAHU,Normal/Others,,,Audit,1,8.69,Low,1,0,True,0,0,,,,False,False,False,False,,,125000.0,147000000.0,,,2025-06-12,,,,0,0.0,0,None,14.49,0.0,63.9,No material anomaly signal detected.,Completed,RUN-20261008-254699
WS/MP18100/2025-2026/180524,V41,Madhya Pradesh,CHHINDWARA,BUNTY VIVEK SAHU,Normal/Others,,,Audit,1,8.69,Low,1,0,True,0,0,,,,False,False,False,False,,,125000.0,147000000.0,,,2025-05-14,,,,0,0.0,0,None,14.49,0.0,63.9,No material anomaly signal detected.,Completed,RUN-20261008-254699
WS/MP18100/2025-2026/180523,V41,Madhya Pradesh,CHHINDWARA,BUNTY VIVEK SAHU,Normal/Others,,,Audit,1,8.69,Low,1,0,True,0,0,,,,False,False,False,False,,,125000.0,147000000.0,,,2025-05-14,,,,0,0.0,0,None,14.49,0.0,63.9,No material anomaly signal detected.,Completed,RUN-20261008-254699
WS/MP18100/2025-2026/180522,V41,Madhya Pradesh,CHHINDWARA,BUNTY VIVEK SAHU,Normal/Others,,,Audit,1,8.69,Low,1,0,True,0,0,,,,False,False,False,False,,,125000.0,147000000.0,,,2025-06-09,,,,0,0.0,0,None,14.49,0.0,63.9,No material anomaly signal detected.,Completed,RUN-20261008-254699
WS/MP18100/2025-2026/180521,V41,Madhya Pradesh,CHHINDWARA,BUNTY VIVEK SAHU,Normal/Others,,,Audit,1,8.69,Low,1,0,True,0,0,,,,False,False,False,False,,,125000.0,147000000.0,,,2025-06-09,,,,0,0.0,0,None,14.49,0.0,63.9,No material anomaly signal detected.,Completed,RUN-20261008-254699
WS/MP18100/2025-2026/180520,V41,Madhya Pradesh,CHHINDWARA,BUNTY VIVEK SAHU,Normal/Others,,,Audit,1,8.69,Low,1,0,True,0,0,,,,False,False,False,False,,,125000.0,147000000.0,,,2025-06-09,,,,0,0.0,0,None,14.49,0.0,63.9,No material anomaly signal detected.,Completed,RUN-20261008-254699
WS/MP18100/2025-2026/185632,V41,Madhya Pradesh,CHHINDWARA,BUNTY VIVEK SAHU,Normal/Others,,,Audit,1,8.69,Low,1,0,True,0,0,,,,False,False,False,False,,,125000.0,147000000.0,,,2025-06-11,,,,0,0.0,0,None,14.49,0.0,63.9,No material anomaly signal detected.,Completed,RUN-20261008-254699
WS/MP360/2024-2025/186887,V41,Madhya Pradesh,UJJAIN(SC),Shri Anil Firojiya,Normal/Others,,,Audit,1,6.95,Low,1,0,True,0,0,,,,False,False,False,False,,,160761.0,147000000.0,,,2025-08-28,,,,0,0.0,0,None,11.59,0.0,63.9,No material anomaly signal detected.,Completed,RUN-20261008-254699
WS/MP360/2024-2025/186885,V41,Madhya Pradesh,UJJAIN(SC),Shri Anil Firojiya,Normal/Others,,,Audit,1,6.95,Low,1,0,True,0,0,,,,False,False,False,False,,,160761.0,147000000.0,,,2025-08-13,,,,0,0.0,0,None,11.59,0.0,63.9,No material anomaly signal detected.,Completed,RUN-20261008-254699
WS/MP360/2024-2025/187075,V41,Madhya Pradesh,UJJAIN(SC),Shri Anil Firojiya,Normal/Others,,,Audit,1,6.95,Low,1,0,True,0,0,,,,False,False,False,False,,,160761.0,147000000.0,,,2025-08-03,,,,0,0.0,0,None,11.59,0.0,63.9,No material anomaly signal detected.,Completed,RUN-20261008-254699
WS/MP360/2024-2025/187084,V41,Madhya Pradesh,UJJAIN(SC),Shri Anil Firojiya,Normal/Others,,,Audit,1,6.95,Low,1,0,True,0,0,,,,False,False,False,False,,,160761.0,147000000.0,,,2025-08-28,,,,0,0.0,0,None,11.59,0.0,63.9,No material anomaly signal detected.,Completed,RUN-20261008-254699
WS/MP360/2024-2025/187085,V41,Madhya Pradesh,UJJAIN(SC),Shri Anil Firojiya,Normal/Others,,,Audit,1,6.95,Low,1,0,True,0,0,,,,False,False,False,False,,,160761.0,147000000.0,,,2025-08-28,,,,0,0.0,0,None,11.59,0.0,63.9,No material anomaly signal detected.,Completed,RUN-20261008-254699
WS/MP360/2025-2026/167129,V41,Madhya Pradesh,UJJAIN(SC),Shri Anil Firojiya,Normal/Others,,,Audit,1,6.95,Low,1,0,True,0,0,,,,False,False,False,False,,,1098200.0,147000000.0,,,2025-11-14,,,,0,0.0,0,None,11.59,0.0,63.9,No material anomaly signal detected.,Completed,RUN-20261008-254699
WS/MP360/2025-2026/167130,V41,Madhya Pradesh,UJJAIN(SC),Shri Anil Firojiya,Normal/Others,,,Audit,1,6.95,Low,1,0,True,0,0,,,,False,False,False,False,,,1098200.0,147000000.0,,,2025-11-14,,,,0,0.0,0,None,11.59,0.0,63.9,No material anomaly signal detected.,Completed,RUN-20261008-254699
WS/MP360/2025-2026/167131,V41,Madhya Pradesh,UJJAIN(SC),Shri Anil Firojiya,Normal/Others,,,Audit,1,6.95,Low,1,0,True,0,0,,,,False,False,False,False,,,1098200.0,147000000.0,,,2025-11-14,,,,0,0.0,0,None,11.59,0.0,63.9,No material anomaly signal detected.,Completed,RUN-20261008-254699
WS/MP360/2025-2026/167132,V41,Madhya Pradesh,UJJAIN(SC),Shri Anil Firojiya,Normal/Others,,,Audit,1,6.95,Low,1,0,True,0,0,,,,False,False,False,False,,,1098200.0,147000000.0,,,2025-11-14,,,,0,0.0,0,None,11.59,0.0,63.9,No material anomaly signal detected.,Completed,RUN-20261008-254699
WS/MP360/2025-2026/167133,V41,Madhya Pradesh,UJJAIN(SC),Shri Anil Firojiya,Normal/Others,,,Audit,1,6.95,Low,1,0,True,0,0,,,,False,False,False,False,,,1098200.0,147000000.0,,,2025-11-14,,,,0,0.0,0,None,11.59,0.0,63.9,No material anomaly signal detected.,Completed,RUN-20261008-254699
WS/MP360/2025-2026/167134,V41,Madhya Pradesh,UJJAIN(SC),Shri Anil Firojiya,Normal/Others,,,Audit,1,6.95,Low,1,0,True,0,0,,,,False,False,False,False,,,1098200.0,147000000.0,,,2025-11-14,,,,0,0.0,0,None,11.59,0.0,63.9,No material anomaly signal detected.,Completed,RUN-20261008-254699
WS/MP360/2025-2026/186905,V41,Madhya Pradesh,UJJAIN(SC),Shri Anil Firojiya,Normal/Others,,,Audit,1,6.95,Low,1,0,True,0,0,,,,False,False,False,False,,,159212.0,147000000.0,,,2025-07-15,,,,0,0.0,0,None,11.59,0.0,63.9,No material anomaly signal detected.,Completed,RUN-20261008-254699
WS/MP360/2025-2026/187093,V41,Madhya Pradesh,UJJAIN(SC),Shri Anil Firojiya,Normal/Others,,,Audit,1,6.95,Low,1,0,True,0,0,,,,False,False,False,False,,,300000.0,147000000.0,,,2026-02-04,,,,0,0.0,0,None,11.59,0.0,63.9,No material anomaly signal detected.,Completed,RUN-20261008-254699
WS/MP360/2025-2026/187095,V41,Madhya Pradesh,UJJAIN(SC),Shri Anil Firojiya,Normal/Others,,,Audit,1,6.95,Low,1,0,True,0,0,,,,False,False,False,False,,,400000.0,147000000.0,,,2026-02-04,,,,0,0.0,0,None,11.59,0.0,63.9,No material anomaly signal detected.,Completed,RUN-20261008-254699
WS/MP360/2025-2026/187099,V41,Madhya Pradesh,UJJAIN(SC),Shri Anil Firojiya,Normal/Others,,,Audit,1,6.95,Low,1,0,True,0,0,,,,False,False,False,False,,,741449.0,147000000.0,,,2026-01-27,,,,0,0.0,0,None,11.59,0.0,63.9,No material anomaly signal detected.,Completed,RUN-20261008-254699
WS/MP360/2025-2026/187106,V41,Madhya Pradesh,UJJAIN(SC),Shri Anil Firojiya,Normal/Others,,,Audit,1,6.95,Low,1,0,True,0,0,,,,False,False,False,False,,,159212.0,147000000.0,,,2025-07-18,,,,0,0.0,0,None,11.59,0.0,63.9,No material anomaly signal detected.,Completed,RUN-20261008-254699
WS/MP360/2025-2026/187107,V41,Madhya Pradesh,UJJAIN(SC),Shri Anil Firojiya,Normal/Others,,,Audit,1,6.95,Low,1,0,True,0,0,,,,False,False,False,False,,,159212.0,147000000.0,,,2025-07-18,,,,0,0.0,0,None,11.59,0.0,63.9,No material anomaly signal detected.,Completed,RUN-20261008-254699
WS/MP360/2025-2026/187108,V41,Madhya Pradesh,UJJAIN(SC),Shri Anil Firojiya,Normal/Others,,,Audit,1,6.95,Low,1,0,True,0,0,,,,False,False,False,False,,,159212.0,147000000.0,,,2025-07-18,,,,0,0.0,0,None,11.59,0.0,63.9,No material anomaly signal detected.,Completed,RUN-20261008-254699
WS/MP360/2025-2026/187109,V41,Madhya Pradesh,UJJAIN(SC),Shri Anil Firojiya,Normal/Others,,,Audit,1,6.95,Low,1,0,True,0,0,,,,False,False,False,False,,,159212.0,147000000.0,,,2025-07-18,,,,0,0.0,0,None,11.59,0.0,63.9,No material anomaly signal detected.,Completed,RUN-20261008-254699
WS/MP360/2025-2026/187110,V41,Madhya Pradesh,UJJAIN(SC),Shri Anil Firojiya,Normal/Others,,,Audit,1,6.95,Low,1,0,True,0,0,,,,False,False,False,False,,,159212.0,147000000.0,,,2025-07-18,,,,0,0.0,0,None,11.59,0.0,63.9,No material anomaly signal detected.,Completed,RUN-20261008-254699
WS/MP360/2025-2026/187589,V41,Madhya Pradesh,UJJAIN(SC),Shri Anil Firojiya,Normal/Others,,,Audit,1,6.95,Low,1,0,True,0,0,,,,False,False,False,False,,,97830.0,147000000.0,,,2026-04-07,,,,0,0.0,0,None,11.59,0.0,63.9,No material anomaly signal detected.,Completed,RUN-20261008-254699
WS/MP360/2025-2026/187590,V41,Madhya Pradesh,UJJAIN(SC),Shri Anil Firojiya,Normal/Others,,,Audit,1,6.95,Low,1,0,True,0,0,,,,False,False,False,False,,,97830.0,147000000.0,,,2026-04-07,,,,0,0.0,0,None,11.59,0.0,63.9,No material anomaly signal detected.,Completed,RUN-20261008-254699
WS/MP360/2025-2026/187591,V41,Madhya Pradesh,UJJAIN(SC),Shri Anil Firojiya,Normal/Others,,,Audit,1,6.95,Low,1,0,True,0,0,,,,False,False,False,False,,,97829.0,147000000.0,,,2026-04-07,,,,0,0.0,0,None,11.59,0.0,63.9,No material anomaly signal detected.,Completed,RUN-20261008-254699
WS/MP360/2025-2026/187592,V41,Madhya Pradesh,UJJAIN(SC),Shri Anil Firojiya,Normal/Others,,,Audit,1,6.95,Low,1,0,True,0,0,,,,False,False,False,False,,,97829.0,147000000.0,,,2026-04-07,,,,0,0.0,0,None,11.59,0.0,63.9,No material anomaly signal detected.,Completed,RUN-20261008-254699
WS/MP360/2025-2026/187593,V41,Madhya Pradesh,UJJAIN(SC),Shri Anil Firojiya,Normal/Others,,,Audit,1,6.95,Low,1,0,True,0,0,,,,False,False,False,False,,,97830.0,147000000.0,,,2026-04-07,,,,0,0.0,0,None,11.59,0.0,63.9,No material anomaly signal detected.,Completed,RUN-20261008-254699
WS/MP360/2025-2026/187594,V41,Madhya Pradesh,UJJAIN(SC),Shri Anil Firojiya,Normal/Others,,,Audit,1,6.95,Low,1,0,True,0,0,,,,False,False,False,False,,,97829.0,147000000.0,,,2026-04-07,,,,0,0.0,0,None,11.59,0.0,63.9,No material anomaly signal detected.,Completed,RUN-20261008-254699
WS/MP360/2025-2026/187598,V41,Madhya Pradesh,UJJAIN(SC),Shri Anil Firojiya,Normal/Others,,,Audit,1,6.95,Low,1,0,True,0,0,,,,False,False,False,False,,,159212.0,147000000.0,,,2025-07-18,,,,0,0.0,0,None,11.59,0.0,63.9,No material anomaly signal detected.,Completed,RUN-20261008-254699
WS/MP360/2025-2026/195053,V41,Madhya Pradesh,UJJAIN(SC),Shri Anil Firojiya,Normal/Others,,,Audit,1,6.95,Low,1,0,True,0,0,,,,False,False,False,False,,,1000000.0,147000000.0,,,2025-10-28,,,,0,0.0,0,None,11.59,0.0,63.9,No material anomaly signal detected.,Completed,RUN-20261008-254699
WS/MP360/2024-2025/187076,V41,Madhya Pradesh,UJJAIN(SC),Shri Anil Firojiya,Normal/Others,,,Audit,1,6.95,Low,1,0,True,0,0,,,,False,False,False,False,,,160761.0,147000000.0,,,2025-08-04,,,,0,0.0,0,None,11.59,0.0,63.9,No material anomaly signal detected.,Completed,RUN-20261008-254699
WS/MP360/2024-2025/187071,V41,Madhya Pradesh,UJJAIN(SC),Shri Anil Firojiya,Normal/Others,,,Audit,1,6.95,Low,1,0,True,0,0,,,,False,False,False,False,,,160761.0,147000000.0,,,2025-08-03,,,,0,0.0,0,None,11.59,0.0,63.9,No material anomaly signal detected.,Completed,RUN-20261008-254699
WS/MP360/2025-2026/195056,V41,Madhya Pradesh,UJJAIN(SC),Shri Anil Firojiya,Normal/Others,,,Audit,1,6.95,Low,1,0,True,0,0,,,,False,False,False,False,,,500000.0,147000000.0,,,2026-01-30,,,,0,0.0,0,None,11.59,0.0,63.9,No material anomaly signal detected.,Completed,RUN-20261008-254699
WS/MP360/2024-2025/187070,V41,Madhya Pradesh,UJJAIN(SC),Shri Anil Firojiya,Normal/Others,,,Audit,1,6.95,Low,1,0,True,0,0,,,,False,False,False,False,,,160761.0,147000000.0,,,2025-08-03,,,,0,0.0,0,None,11.59,0.0,63.9,No material anomaly signal detected.,Completed,RUN-20261008-254699
WS/MP360/2024-2025/186884,V41,Madhya Pradesh,UJJAIN(SC),Shri Anil Firojiya,Normal/Others,,,Audit,1,6.95,Low,1,0,True,0,0,,,,False,False,False,False,,,160761.0,147000000.0,,,2025-08-13,,,,0,0.0,0,None,11.59,0.0,63.9,No material anomaly signal detected.,Completed,RUN-20261008-254699
WS/MP360/2024-2025/186883,V41,Madhya Pradesh,UJJAIN(SC),Shri Anil Firojiya,Normal/Others,,,Audit,1,6.95,Low,1,0,True,0,0,,,,False,False,False,False,,,160761.0,147000000.0,,,2025-08-13,,,,0,0.0,0,None,11.59,0.0,63.9,No material anomaly signal detected.,Completed,RUN-20261008-254699
WS/MP360/2024-2025/167148,V41,Madhya Pradesh,UJJAIN(SC),Shri Anil Firojiya,Normal/Others,,,Audit,1,6.95,Low,1,0,True,0,0,,,,False,False,False,False,,,700000.0,147000000.0,,,2025-10-05,,,,0,0.0,0,None,11.59,0.0,63.9,No material anomaly signal detected.,Completed,RUN-20261008-254699
WS/MP360/2024-2025/166060,V41,Madhya Pradesh,UJJAIN(SC),Shri Anil Firojiya,Normal/Others,,,Audit,1,6.95,Low,1,0,True,0,0,,,,False,False,False,False,,,1208921.0,147000000.0,,,2025-05-15,,,,0,0.0,0,None,11.59,0.0,63.9,No material anomaly signal detected.,Completed,RUN-20261008-254699
WS/MP360/2024-2025/186888,V41,Madhya Pradesh,UJJAIN(SC),Shri Anil Firojiya,Normal/Others,,,Audit,1,6.95,Low,1,0,True,0,0,,,,False,False,False,False,,,160761.0,147000000.0,,,2025-08-14,,,,0,0.0,0,None,11.59,0.0,63.9,No material anomaly signal detected.,Completed,RUN-20261008-254699
WS/MP360/2024-2025/186890,V41,Madhya Pradesh,UJJAIN(SC),Shri Anil Firojiya,Normal/Others,,,Audit,1,6.95,Low,1,0,True,0,0,,,,False,False,False,False,,,160761.0,147000000.0,,,2025-08-14,,,,0,0.0,0,None,11.59,0.0,63.9,No material anomaly signal detected.,Completed,RUN-20261008-254699
WS/MP360/2024-2025/186892,V41,Madhya Pradesh,UJJAIN(SC),Shri Anil Firojiya,Normal/Others,,,Audit,1,6.95,Low,1,0,True,0,0,,,,False,False,False,False,,,160761.0,147000000.0,,,2025-08-14,,,,0,0.0,0,None,11.59,0.0,63.9,No material anomaly signal detected.,Completed,RUN-20261008-254699
WS/MP360/2024-2025/186893,V41,Madhya Pradesh,UJJAIN(SC),Shri Anil Firojiya,Normal/Others,,,Audit,1,6.95,Low,1,0,True,0,0,,,,False,False,False,False,,,160761.0,147000000.0,,,2025-06-29,,,,0,0.0,0,None,11.59,0.0,63.9,No material anomaly signal detected.,Completed,RUN-20261008-254699
WS/MP360/2024-2025/186894,V41,Madhya Pradesh,UJJAIN(SC),Shri Anil Firojiya,Normal/Others,,,Audit,1,6.95,Low,1,0,True,0,0,,,,False,False,False,False,,,160761.0,147000000.0,,,2025-06-30,,,,0,0.0,0,None,11.59,0.0,63.9,No material anomaly signal detected.,Completed,RUN-20261008-254699
WS/MP360/2024-2025/186895,V41,Madhya Pradesh,UJJAIN(SC),Shri Anil Firojiya,Normal/Others,,,Audit,1,6.95,Low,1,0,True,0,0,,,,False,False,False,False,,,160761.0,147000000.0,,,2025-07-07,,,,0,0.0,0,None,11.59,0.0,63.9,No material anomaly signal detected.,Completed,RUN-20261008-254699
WS/MP360/2024-2025/186896,V41,Madhya Pradesh,UJJAIN(SC),Shri Anil Firojiya,Normal/Others,,,Audit,1,6.95,Low,1,0,True,0,0,,,,False,False,False,False,,,160761.0,147000000.0,,,2025-07-22,,,,0,0.0,0,None,11.59,0.0,63.9,No material anomaly signal detected.,Completed,RUN-20261008-254699
WS/MP360/2024-2025/186897,V41,Madhya Pradesh,UJJAIN(SC),Shri Anil Firojiya,Normal/Others,,,Audit,1,6.95,Low,1,0,True,0,0,,,,False,False,False,False,,,160761.0,147000000.0,,,2025-07-22,,,,0,0.0,0,None,11.59,0.0,63.9,No material anomaly signal detected.,Completed,RUN-20261008-254699
WS/MP360/2024-2025/186899,V41,Madhya Pradesh,UJJAIN(SC),Shri Anil Firojiya,Normal/Others,,,Audit,1,6.95,Low,1,0,True,0,0,,,,False,False,False,False,,,160761.0,147000000.0,,,2025-08-03,,,,0,0.0,0,None,11.59,0.0,63.9,No material anomaly signal detected.,Completed,RUN-20261008-254699
WS/MP360/2024-2025/186900,V41,Madhya Pradesh,UJJAIN(SC),Shri Anil Firojiya,Normal/Others,,,Audit,1,6.95,Low,1,0,True,0,0,,,,False,False,False,False,,,160761.0,147000000.0,,,2025-07-22,,,,0,0.0,0,None,11.59,0.0,63.9,No material anomaly signal detected.,Completed,RUN-20261008-254699
WS/MP360/2024-2025/186901,V41,Madhya Pradesh,UJJAIN(SC),Shri Anil Firojiya,Normal/Others,,,Audit,1,6.95,Low,1,0,True,0,0,,,,False,False,False,False,,,160761.0,147000000.0,,,2025-07-22,,,,0,0.0,0,None,11.59,0.0,63.9,No material anomaly signal detected.,Completed,RUN-20261008-254699
WS/MP360/2024-2025/186903,V41,Madhya Pradesh,UJJAIN(SC),Shri Anil Firojiya,Normal/Others,,,Audit,1,6.95,Low,1,0,True,0,0,,,,False,False,False,False,,,160761.0,147000000.0,,,2025-08-03,,,,0,0.0,0,None,11.59,0.0,63.9,No material anomaly signal detected.,Completed,RUN-20261008-254699
WS/MP360/2024-2025/187014,V41,Madhya Pradesh,UJJAIN(SC),Shri Anil Firojiya,Normal/Others,,,Audit,1,6.95,Low,1,0,True,0,0,,,,False,False,False,False,,,160761.0,147000000.0,,,2025-07-22,,,,0,0.0,0,None,11.59,0.0,63.9,No material anomaly signal detected.,Completed,RUN-20261008-254699
WS/MP360/2024-2025/187015,V41,Madhya Pradesh,UJJAIN(SC),Shri Anil Firojiya,Normal/Others,,,Audit,1,6.95,Low,1,0,True,0,0,,,,False,False,False,False,,,160761.0,147000000.0,,,2025-07-22,,,,0,0.0,0,None,11.59,0.0,63.9,No material anomaly signal detected.,Completed,RUN-20261008-254699
WS/MP360/2024-2025/187016,V41,Madhya Pradesh,UJJAIN(SC),Shri Anil Firojiya,Normal/Others,,,Audit,1,6.95,Low,1,0,True,0,0,,,,False,False,False,False,,,160761.0,147000000.0,,,2025-08-03,,,,0,0.0,0,None,11.59,0.0,63.9,No material anomaly signal detected.,Completed,RUN-20261008-254699
WS/MP360/2024-2025/187017,V41,Madhya Pradesh,UJJAIN(SC),Shri Anil Firojiya,Normal/Others,,,Audit,1,6.95,Low,1,0,True,0,0,,,,False,False,False,False,,,160761.0,147000000.0,,,2025-07-22,,,,0,0.0,0,None,11.59,0.0,63.9,No material anomaly signal detected.,Completed,RUN-20261008-254699
WS/MP360/2024-2025/187054,V41,Madhya Pradesh,UJJAIN(SC),Shri Anil Firojiya,Normal/Others,,,Audit,1,6.95,Low,1,0,True,0,0,,,,False,False,False,False,,,160761.0,147000000.0,,,2025-08-03,,,,0,0.0,0,None,11.59,0.0,63.9,No material anomaly signal detected.,Completed,RUN-20261008-254699
WS/MP360/2024-2025/187055,V41,Madhya Pradesh,UJJAIN(SC),Shri Anil Firojiya,Normal/Others,,,Audit,1,6.95,Low,1,0,True,0,0,,,,False,False,False,False,,,160761.0,147000000.0,,,2025-08-03,,,,0,0.0,0,None,11.59,0.0,63.9,No material anomaly signal detected.,Completed,RUN-20261008-254699
WS/MP360/2024-2025/187056,V41,Madhya Pradesh,UJJAIN(SC),Shri Anil Firojiya,Normal/Others,,,Audit,1,6.95,Low,1,0,True,0,0,,,,False,False,False,False,,,160761.0,147000000.0,,,2025-08-03,,,,0,0.0,0,None,11.59,0.0,63.9,No material anomaly signal detected.,Completed,RUN-20261008-254699
WS/MP360/2024-2025/187057,V41,Madhya Pradesh,UJJAIN(SC),Shri Anil Firojiya,Normal/Others,,,Audit,1,6.95,Low,1,0,True,0,0,,,,False,False,False,False,,,160761.0,147000000.0,,,2025-08-03,,,,0,0.0,0,None,11.59,0.0,63.9,No material anomaly signal detected.,Completed,RUN-20261008-254699
WS/MP360/2024-2025/187069,V41,Madhya Pradesh,UJJAIN(SC),Shri Anil Firojiya,Normal/Others,,,Audit,1,6.95,Low,1,0,True,0,0,,,,False,False,False,False,,,160761.0,147000000.0,,,2025-08-03,,,,0,0.0,0,None,11.59,0.0,63.9,No material anomaly signal detected.,Completed,RUN-20261008-254699
WS/MP360/2025-2026/195054,V41,Madhya Pradesh,UJJAIN(SC),Shri Anil Firojiya,Normal/Others,,,Audit,1,6.95,Low,1,0,True,0,0,,,,False,False,False,False,,,1000000.0,147000000.0,,,2026-02-17,,,,0,0.0,0,None,11.59,0.0,63.9,No material anomaly signal detected.,Completed,RUN-20261008-254699
WS/MP360/2025-2026/195099,V41,Madhya Pradesh,UJJAIN(SC),Shri Anil Firojiya,Normal/Others,,,Audit,1,6.95,Low,1,0,True,0,0,,,,False,False,False,False,,,800000.0,147000000.0,,,2026-04-30,,,,0,0.0,0,None,11.59,0.0,63.9,No material anomaly signal detected.,Completed,RUN-20261008-254699
WS/MP360/2025-2026/230938,V41,Madhya Pradesh,UJJAIN(SC),Shri Anil Firojiya,Normal/Others,,,Audit,1,6.95,Low,1,0,True,0,0,,,,False,False,False,False,,,499903.0,147000000.0,,,2026-01-23,,,,0,0.0,0,None,11.59,0.0,63.9,No material anomaly signal detected.,Completed,RUN-20261008-254699
WS/MP360/2025-2026/197906,V41,Madhya Pradesh,UJJAIN(SC),Shri Anil Firojiya,Normal/Others,,,Audit,1,6.95,Low,1,0,True,0,0,,,,False,False,False,False,,,159212.0,147000000.0,,,2025-08-20,,,,0,0.0,0,None,11.59,0.0,63.9,No material anomaly signal detected.,Completed,RUN-20261008-254699
WS/MP360/2025-2026/197909,V41,Madhya Pradesh,UJJAIN(SC),Shri Anil Firojiya,Normal/Others,,,Audit,1,6.95,Low,1,0,True,0,0,,,,False,False,False,False,,,159212.0,147000000.0,,,2025-08-20,,,,0,0.0,0,None,11.59,0.0,63.9,No material anomaly signal detected.,Completed,RUN-20261008-254699
WS/MP360/2025-2026/197910,V41,Madhya Pradesh,UJJAIN(SC),Shri Anil Firojiya,Normal/Others,,,Audit,1,6.95,Low,1,0,True,0,0,,,,False,False,False,False,,,159212.0,147000000.0,,,2025-08-20,,,,0,0.0,0,None,11.59,0.0,63.9,No material anomaly signal detected.,Completed,RUN-20261008-254699
WS/MP360/2025-2026/197924,V41,Madhya Pradesh,UJJAIN(SC),Shri Anil Firojiya,Normal/Others,,,Audit,1,6.95,Low,1,0,True,0,0,,,,False,False,False,False,,,159212.0,147000000.0,,,2025-08-20,,,,0,0.0,0,None,11.59,0.0,63.9,No material anomaly signal detected.,Completed,RUN-20261008-254699
WS/MP360/2025-2026/197925,V41,Madhya Pradesh,UJJAIN(SC),Shri Anil Firojiya,Normal/Others,,,Audit,1,6.95,Low,1,0,True,0,0,,,,False,False,False,False,,,159212.0,147000000.0,,,2025-08-20,,,,0,0.0,0,None,11.59,0.0,63.9,No material anomaly signal detected.,Completed,RUN-20261008-254699
WS/MP360/2025-2026/197926,V41,Madhya Pradesh,UJJAIN(SC),Shri Anil Firojiya,Normal/Others,,,Audit,1,6.95,Low,1,0,True,0,0,,,,False,False,False,False,,,159212.0,147000000.0,,,2025-09-11,,,,0,0.0,0,None,11.59,0.0,63.9,No material anomaly signal detected.,Completed,RUN-20261008-254699
WS/MP360/2025-2026/197928,V41,Madhya Pradesh,UJJAIN(SC),Shri Anil Firojiya,Normal/Others,,,Audit,1,6.95,Low,1,0,True,0,0,,,,False,False,False,False,,,159212.0,147000000.0,,,2025-08-20,,,,0,0.0,0,None,11.59,0.0,63.9,No material anomaly signal detected.,Completed,RUN-20261008-254699
WS/MP360/2025-2026/197929,V41,Madhya Pradesh,UJJAIN(SC),Shri Anil Firojiya,Normal/Others,,,Audit,1,6.95,Low,1,0,True,0,0,,,,False,False,False,False,,,159212.0,147000000.0,,,2025-11-28,,,,0,0.0,0,None,11.59,0.0,63.9,No material anomaly signal detected.,Completed,RUN-20261008-254699
WS/MP360/2025-2026/197931,V41,Madhya Pradesh,UJJAIN(SC),Shri Anil Firojiya,Normal/Others,,,Audit,1,6.95,Low,1,0,True,0,0,,,,False,False,False,False,,,159212.0,147000000.0,,,2025-09-11,,,,0,0.0,0,None,11.59,0.0,63.9,No material anomaly signal detected.,Completed,RUN-20261008-254699
WS/MP360/2025-2026/197932,V41,Madhya Pradesh,UJJAIN(SC),Shri Anil Firojiya,Normal/Others,,,Audit,1,6.95,Low,1,0,True,0,0,,,,False,False,False,False,,,159212.0,147000000.0,,,2025-08-20,,,,0,0.0,0,None,11.59,0.0,63.9,No material anomaly signal detected.,Completed,RUN-20261008-254699
WS/MP360/2025-2026/198035,V41,Madhya Pradesh,UJJAIN(SC),Shri Anil Firojiya,Normal/Others,,,Audit,1,6.95,Low,1,0,True,0,0,,,,False,False,False,False,,,159212.0,147000000.0,,,2025-07-18,,,,0,0.0,0,None,11.59,0.0,63.9,No material anomaly signal detected.,Completed,RUN-20261008-254699
WS/MP360/2025-2026/198036,V41,Madhya Pradesh,UJJAIN(SC),Shri Anil Firojiya,Normal/Others,,,Audit,1,6.95,Low,1,0,True,0,0,,,,False,False,False,False,,,159212.0,147000000.0,,,2025-07-18,,,,0,0.0,0,None,11.59,0.0,63.9,No material anomaly signal detected.,Completed,RUN-20261008-254699
WS/MP360/2025-2026/198037,V41,Madhya Pradesh,UJJAIN(SC),Shri Anil Firojiya,Normal/Others,,,Audit,1,6.95,Low,1,0,True,0,0,,,,False,False,False,False,,,159212.0,147000000.0,,,2025-07-18,,,,0,0.0,0,None,11.59,0.0,63.9,No material anomaly signal detected.,Completed,RUN-20261008-254699
WS/MP360/2025-2026/200847,V41,Madhya Pradesh,UJJAIN(SC),Shri Anil Firojiya,Normal/Others,,,Audit,1,6.95,Low,1,0,True,0,0,,,,False,False,False,False,,,800000.0,147000000.0,,,2026-03-12,,,,0,0.0,0,None,11.59,0.0,63.9,No material anomaly signal detected.,Completed,RUN-20261008-254699
WS/MP360/2025-2026/200848,V41,Madhya Pradesh,UJJAIN(SC),Shri Anil Firojiya,Normal/Others,,,Audit,1,6.95,Low,1,0,True,0,0,,,,False,False,False,False,,,500000.0,147000000.0,,,2026-01-23,,,,0,0.0,0,None,11.59,0.0,63.9,No material anomaly signal detected.,Completed,RUN-20261008-254699
WS/MP360/2025-2026/201340,V41,Madhya Pradesh,UJJAIN(SC),Shri Anil Firojiya,Normal/Others,,,Audit,1,6.95,Low,1,0,True,0,0,,,,False,False,False,False,,,159212.0,147000000.0,,,2025-10-09,,,,0,0.0,0,None,11.59,0.0,63.9,No material anomaly signal detected.,Completed,RUN-20261008-254699
WS/MP360/2025-2026/201341,V41,Madhya Pradesh,UJJAIN(SC),Shri Anil Firojiya,Normal/Others,,,Audit,1,6.95,Low,1,0,True,0,0,,,,False,False,False,False,,,159212.0,147000000.0,,,2025-10-09,,,,0,0.0,0,None,11.59,0.0,63.9,No material anomaly signal detected.,Completed,RUN-20261008-254699
WS/MP360/2025-2026/201342,V41,Madhya Pradesh,UJJAIN(SC),Shri Anil Firojiya,Normal/Others,,,Audit,1,6.95,Low,1,0,True,0,0,,,,False,False,False,False,,,159212.0,147000000.0,,,2025-10-09,,,,0,0.0,0,None,11.59,0.0,63.9,No material anomaly signal detected.,Completed,RUN-20261008-254699
WS/MP360/2025-2026/206140,V41,Madhya Pradesh,UJJAIN(SC),Shri Anil Firojiya,Normal/Others,,,Audit,1,6.95,Low,1,0,True,0,0,,,,False,False,False,False,,,800000.0,147000000.0,,,2026-02-12,,,,0,0.0,0,None,11.59,0.0,63.9,No material anomaly signal detected.,Completed,RUN-20261008-254699
WS/MP360/2025-2026/206920,V41,Madhya Pradesh,UJJAIN(SC),Shri Anil Firojiya,Normal/Others,,,Audit,1,6.95,Low,1,0,True,0,0,,,,False,False,False,False,,,1000000.0,147000000.0,,,2025-11-14,,,,0,0.0,0,None,11.59,0.0,63.9,No material anomaly signal detected.,Completed,RUN-20261008-254699
WS/MP360/2025-2026/212677,V41,Madhya Pradesh,UJJAIN(SC),Shri Anil Firojiya,Normal/Others,,,Audit,1,6.95,Low,1,0,True,0,0,,,,False,False,False,False,,,159212.0,147000000.0,,,2025-09-04,,,,0,0.0,0,None,11.59,0.0,63.9,No material anomaly signal detected.,Completed,RUN-20261008-254699
WS/MP360/2025-2026/219070,V41,Madhya Pradesh,UJJAIN(SC),Shri Anil Firojiya,Normal/Others,,,Audit,1,6.95,Low,1,0,True,0,0,,,,False,False,False,False,,,500000.0,147000000.0,,,2026-01-20,,,,0,0.0,0,None,11.59,0.0,63.9,No material anomaly signal detected.,Completed,RUN-20261008-254699
WS/MP360/2025-2026/219071,V41,Madhya Pradesh,UJJAIN(SC),Shri Anil Firojiya,Normal/Others,,,Audit,1,6.95,Low,1,0,True,0,0,,,,False,False,False,False,,,500000.0,147000000.0,,,2026-01-23,,,,0,0.0,0,None,11.59,0.0,63.9,No material anomaly signal detected.,Completed,RUN-20261008-254699
WS/MP360/2025-2026/219114,V41,Madhya Pradesh,UJJAIN(SC),Shri Anil Firojiya,Normal/Others,,,Audit,1,6.95,Low,1,0,True,0,0,,,,False,False,False,False,,,500000.0,147000000.0,,,2026-04-10,,,,0,0.0,0,None,11.59,0.0,63.9,No material anomaly signal detected.,Completed,RUN-20261008-254699
WS/MP360/2025-2026/225235,V41,Madhya Pradesh,UJJAIN(SC),Shri Anil Firojiya,Normal/Others,,,Audit,1,6.95,Low,1,0,True,0,0,,,,False,False,False,False,,,500000.0,147000000.0,,,2026-04-01,,,,0,0.0,0,None,11.59,0.0,63.9,No material anomaly signal detected.,Completed,RUN-20261008-254699
WS/MP360/2025-2026/230198,V41,Madhya Pradesh,UJJAIN(SC),Shri Anil Firojiya,Normal/Others,,,Audit,1,6.95,Low,1,0,True,0,0,,,,False,False,False,False,,,500000.0,147000000.0,,,2026-04-17,,,,0,0.0,0,None,11.59,0.0,63.9,No material anomaly signal detected.,Completed,RUN-20261008-254699
WS/MP360/2025-2026/197908,V41,Madhya Pradesh,UJJAIN(SC),Shri Anil Firojiya,Normal/Others,,,Audit,1,6.95,Low,1,0,True,0,0,,,,False,False,False,False,,,159212.0,147000000.0,,,2025-08-20,,,,0,0.0,0,None,11.59,0.0,63.9,No material anomaly signal detected.,Completed,RUN-20261008-254699
WS/MP360/2025-2026/197905,V41,Madhya Pradesh,UJJAIN(SC),Shri Anil Firojiya,Normal/Others,,,Audit,1,6.95,Low,1,0,True,0,0,,,,False,False,False,False,,,159212.0,147000000.0,,,2025-08-20,,,,0,0.0,0,None,11.59,0.0,63.9,No material anomaly signal detected.,Completed,RUN-20261008-254699
WS/MP360/2025-2026/195101,V41,Madhya Pradesh,UJJAIN(SC),Shri Anil Firojiya,Normal/Others,,,Audit,1,6.95,Low,1,0,True,0,0,,,,False,False,False,False,,,500000.0,147000000.0,,,2026-04-01,,,,0,0.0,0,None,11.59,0.0,63.9,No material anomaly signal detected.,Completed,RUN-20261008-254699
WS/MP360/2025-2026/197904,V41,Madhya Pradesh,UJJAIN(SC),Shri Anil Firojiya,Normal/Others,,,Audit,1,6.95,Low,1,0,True,0,0,,,,False,False,False,False,,,159212.0,147000000.0,,,2025-08-20,,,,0,0.0,0,None,11.59,0.0,63.9,No material anomaly signal detected.,Completed,RUN-20261008-254699
WS/MP360/2025-2026/197867,V41,Madhya Pradesh,UJJAIN(SC),Shri Anil Firojiya,Normal/Others,,,Audit,1,6.95,Low,1,0,True,0,0,,,,False,False,False,False,,,159212.0,147000000.0,,,2025-08-19,,,,0,0.0,0,None,11.59,0.0,63.9,No material anomaly signal detected.,Completed,RUN-20261008-254699
WS/MP360/2025-2026/197868,V41,Madhya Pradesh,UJJAIN(SC),Shri Anil Firojiya,Normal/Others,,,Audit,1,6.95,Low,1,0,True,0,0,,,,False,False,False,False,,,159212.0,147000000.0,,,2025-08-19,,,,0,0.0,0,None,11.59,0.0,63.9,No material anomaly signal detected.,Completed,RUN-20261008-254699
WS/MP360/2025-2026/197869,V41,Madhya Pradesh,UJJAIN(SC),Shri Anil Firojiya,Normal/Others,,,Audit,1,6.95,Low,1,0,True,0,0,,,,False,False,False,False,,,159212.0,147000000.0,,,2025-08-19,,,,0,0.0,0,None,11.59,0.0,63.9,No material anomaly signal detected.,Completed,RUN-20261008-254699
WS/MP360/2025-2026/197870,V41,Madhya Pradesh,UJJAIN(SC),Shri Anil Firojiya,Normal/Others,,,Audit,1,6.95,Low,1,0,True,0,0,,,,False,False,False,False,,,159212.0,147000000.0,,,2025-08-19,,,,0,0.0,0,None,11.59,0.0,63.9,No material anomaly signal detected.,Completed,RUN-20261008-254699
WS/MP360/2025-2026/197871,V41,Madhya Pradesh,UJJAIN(SC),Shri Anil Firojiya,Normal/Others,,,Audit,1,6.95,Low,1,0,True,0,0,,,,False,False,False,False,,,159212.0,147000000.0,,,2025-08-19,,,,0,0.0,0,None,11.59,0.0,63.9,No material anomaly signal detected.,Completed,RUN-20261008-254699
WS/MP360/2025-2026/197872,V41,Madhya Pradesh,UJJAIN(SC),Shri Anil Firojiya,Normal/Others,,,Audit,1,6.95,Low,1,0,True,0,0,,,,False,False,False,False,,,159212.0,147000000.0,,,2025-08-19,,,,0,0.0,0,None,11.59,0.0,63.9,No material anomaly signal detected.,Completed,RUN-20261008-254699
WS/MP360/2025-2026/197873,V41,Madhya Pradesh,UJJAIN(SC),Shri Anil Firojiya,Normal/Others,,,Audit,1,6.95,Low,1,0,True,0,0,,,,False,False,False,False,,,159212.0,147000000.0,,,2025-08-19,,,,0,0.0,0,None,11.59,0.0,63.9,No material anomaly signal detected.,Completed,RUN-20261008-254699
WS/MP360/2025-2026/197874,V41,Madhya Pradesh,UJJAIN(SC),Shri Anil Firojiya,Normal/Others,,,Audit,1,6.95,Low,1,0,True,0,0,,,,False,False,False,False,,,159212.0,147000000.0,,,2025-08-19,,,,0,0.0,0,None,11.59,0.0,63.9,No material anomaly signal detected.,Completed,RUN-20261008-254699
WS/MP360/2025-2026/197875,V41,Madhya Pradesh,UJJAIN(SC),Shri Anil Firojiya,Normal/Others,,,Audit,1,6.95,Low,1,0,True,0,0,,,,False,False,False,False,,,159212.0,147000000.0,,,2025-08-19,,,,0,0.0,0,None,11.59,0.0,63.9,No material anomaly signal detected.,Completed,RUN-20261008-254699
WS/MP360/2025-2026/197876,V41,Madhya Pradesh,UJJAIN(SC),Shri Anil Firojiya,Normal/Others,,,Audit,1,6.95,Low,1,0,True,0,0,,,,False,False,False,False,,,159212.0,147000000.0,,,2025-08-20,,,,0,0.0,0,None,11.59,0.0,63.9,No material anomaly signal detected.,Completed,RUN-20261008-254699
WS/MP360/2025-2026/197877,V41,Madhya Pradesh,UJJAIN(SC),Shri Anil Firojiya,Normal/Others,,,Audit,1,6.95,Low,1,0,True,0,0,,,,False,False,False,False,,,159212.0,147000000.0,,,2025-11-28,,,,0,0.0,0,None,11.59,0.0,63.9,No material anomaly signal detected.,Completed,RUN-20261008-254699
WS/MP360/2025-2026/197878,V41,Madhya Pradesh,UJJAIN(SC),Shri Anil Firojiya,Normal/Others,,,Audit,1,6.95,Low,1,0,True,0,0,,,,False,False,False,False,,,159212.0,147000000.0,,,2025-11-28,,,,0,0.0,0,None,11.59,0.0,63.9,No material anomaly signal detected.,Completed,RUN-20261008-254699
WS/MP360/2025-2026/197887,V41,Madhya Pradesh,UJJAIN(SC),Shri Anil Firojiya,Normal/Others,,,Audit,1,6.95,Low,1,0,True,0,0,,,,False,False,False,False,,,159212.0,147000000.0,,,2025-09-11,,,,0,0.0,0,None,11.59,0.0,63.9,No material anomaly signal detected.,Completed,RUN-20261008-254699
WS/MP360/2025-2026/197888,V41,Madhya Pradesh,UJJAIN(SC),Shri Anil Firojiya,Normal/Others,,,Audit,1,6.95,Low,1,0,True,0,0,,,,False,False,False,False,,,159212.0,147000000.0,,,2025-09-11,,,,0,0.0,0,None,11.59,0.0,63.9,No material anomaly signal detected.,Completed,RUN-20261008-254699
WS/MP360/2025-2026/197889,V41,Madhya Pradesh,UJJAIN(SC),Shri Anil Firojiya,Normal/Others,,,Audit,1,6.95,Low,1,0,True,0,0,,,,False,False,False,False,,,159212.0,147000000.0,,,2025-09-11,,,,0,0.0,0,None,11.59,0.0,63.9,No material anomaly signal detected.,Completed,RUN-20261008-254699
WS/MP360/2025-2026/197890,V41,Madhya Pradesh,UJJAIN(SC),Shri Anil Firojiya,Normal/Others,,,Audit,1,6.95,Low,1,0,True,0,0,,,,False,False,False,False,,,159212.0,147000000.0,,,2025-09-12,,,,0,0.0,0,None,11.59,0.0,63.9,No material anomaly signal detected.,Completed,RUN-20261008-254699
WS/MP360/2025-2026/197891,V41,Madhya Pradesh,UJJAIN(SC),Shri Anil Firojiya,Normal/Others,,,Audit,1,6.95,Low,1,0,True,0,0,,,,False,False,False,False,,,159212.0,147000000.0,,,2025-09-12,,,,0,0.0,0,None,11.59,0.0,63.9,No material anomaly signal detected.,Completed,RUN-20261008-254699
WS/MP360/2025-2026/197892,V41,Madhya Pradesh,UJJAIN(SC),Shri Anil Firojiya,Normal/Others,,,Audit,1,6.95,Low,1,0,True,0,0,,,,False,False,False,False,,,159212.0,147000000.0,,,2025-09-12,,,,0,0.0,0,None,11.59,0.0,63.9,No material anomaly signal detected.,Completed,RUN-20261008-254699
WS/MP360/2025-2026/197893,V41,Madhya Pradesh,UJJAIN(SC),Shri Anil Firojiya,Normal/Others,,,Audit,1,6.95,Low,1,0,True,0,0,,,,False,False,False,False,,,159212.0,147000000.0,,,2025-09-12,,,,0,0.0,0,None,11.59,0.0,63.9,No material anomaly signal detected.,Completed,RUN-20261008-254699
WS/MP360/2025-2026/197894,V41,Madhya Pradesh,UJJAIN(SC),Shri Anil Firojiya,Normal/Others,,,Audit,1,6.95,Low,1,0,True,0,0,,,,False,False,False,False,,,159212.0,147000000.0,,,2025-09-12,,,,0,0.0,0,None,11.59,0.0,63.9,No material anomaly signal detected.,Completed,RUN-20261008-254699
WS/MP360/2025-2026/197896,V41,Madhya Pradesh,UJJAIN(SC),Shri Anil Firojiya,Normal/Others,,,Audit,1,6.95,Low,1,0,True,0,0,,,,False,False,False,False,,,159212.0,147000000.0,,,2025-09-15,,,,0,0.0,0,None,11.59,0.0,63.9,No material anomaly signal detected.,Completed,RUN-20261008-254699
WS/MP360/2025-2026/197897,V41,Madhya Pradesh,UJJAIN(SC),Shri Anil Firojiya,Normal/Others,,,Audit,1,6.95,Low,1,0,True,0,0,,,,False,False,False,False,,,159212.0,147000000.0,,,2025-09-15,,,,0,0.0,0,None,11.59,0.0,63.9,No material anomaly signal detected.,Completed,RUN-20261008-254699
WS/MP360/2025-2026/197898,V41,Madhya Pradesh,UJJAIN(SC),Shri Anil Firojiya,Normal/Others,,,Audit,1,6.95,Low,1,0,True,0,0,,,,False,False,False,False,,,159212.0,147000000.0,,,2025-09-15,,,,0,0.0,0,None,11.59,0.0,63.9,No material anomaly signal detected.,Completed,RUN-20261008-254699
WS/MP360/2025-2026/197899,V41,Madhya Pradesh,UJJAIN(SC),Shri Anil Firojiya,Normal/Others,,,Audit,1,6.95,Low,1,0,True,0,0,,,,False,False,False,False,,,159212.0,147000000.0,,,2025-09-15,,,,0,0.0,0,None,11.59,0.0,63.9,No material anomaly signal detected.,Completed,RUN-20261008-254699
WS/MP360/2025-2026/197900,V41,Madhya Pradesh,UJJAIN(SC),Shri Anil Firojiya,Normal/Others,,,Audit,1,6.95,Low,1,0,True,0,0,,,,False,False,False,False,,,159212.0,147000000.0,,,2025-09-15,,,,0,0.0,0,None,11.59,0.0,63.9,No material anomaly signal detected.,Completed,RUN-20261008-254699
WS/MP360/2025-2026/197907,V41,Madhya Pradesh,UJJAIN(SC),Shri Anil Firojiya,Normal/Others,,,Audit,1,6.95,Low,1,0,True,0,0,,,,False,False,False,False,,,159212.0,147000000.0,,,2025-08-20,,,,0,0.0,0,None,11.59,0.0,63.9,No material anomaly signal detected.,Completed,RUN-20261008-254699
