transaction_id,work_id,dataset_version,vendor_name,amount,date,expected_range,deviation_percent,ai_flag,payment_status
TXN-000001,WS/MP18218/2025-2026/233777,V1,DARSH BUILDCON,799146.0,2026-08-21,"558,476.40 - 825,493.20",15.49,LOW,Payment In-Progress
TXN-000002,WS/MP18218/2025-2026/233878,V1,DARSH BUILDCON,832080.0,2026-08-04,"558,476.40 - 825,493.20",20.25,MEDIUM,Payment In-Progress
TXN-000003,WS/MP18218/2025-2026/233781,V1,DARSH BUILDCON,498309.0,2026-08-04,"558,476.40 - 825,493.20",-27.99,MEDIUM,Payment In-Progress
TXN-000004,WS/MP650/2025-2026/242025,V1,SHRI GANESH ASSOCIATES PROPRIETOR NARAYAN SHARMA,101562.0,2026-08-23,"97,771.20 - 101,140.80",2.12,LOW,Payment In-Progress
TXN-000005,WS/MP650/2025-2026/242024,V1,SHRI GANESH ASSOCIATES PROPRIETOR NARAYAN SHARMA,97350.0,2026-08-23,"97,771.20 - 101,140.80",-2.12,LOW,Payment In-Progress
TXN-000006,WS/MP18350/2025-2026/182265,V1,MEMBER SECY OB AND OC WWB BBSR,3000.0,2026-08-17,"4,200.00 - 7,000.00",-46.43,MEDIUM,Payment In-Progress
TXN-000007,WS/MP18263/2025-2026/173840,V1,KRIDL BHUSIRI ACCOUNT WORKS,75000.0,2026-08-18,"137,500.00 - 750,000.00",-83.1,HIGH,Payment In-Progress
TXN-000008,WS/MP300/2025-2026/226393,V1,MEMBER SECY OB AND OC WWB BBSR,7000.0,2026-08-25,"4,200.00 - 7,000.00",25.0,MEDIUM,Payment In-Progress
TXN-000009,WS/MP18150/2026-2027/272770,V1,MEMBER SECY OB AND OC WWB BBSR,7000.0,2026-08-25,"4,200.00 - 7,000.00",25.0,MEDIUM,Payment In-Progress
TXN-000010,WS/MP18150/2026-2027/272840,V1,MEMBER SECY OB AND OC WWB BBSR,7000.0,2026-08-21,"4,200.00 - 7,000.00",25.0,MEDIUM,Payment In-Progress
TXN-000011,WS/MP18082/2025-2026/187502,V1,KRIDL BHUSIRI ACCOUNT WORKS,250000.0,2026-08-10,"137,500.00 - 750,000.00",-43.66,MEDIUM,Payment In-Progress
TXN-000012,WS/MP18093/2026-2027/228510,V1,KRIDL BHUSIRI ACCOUNT WORKS,750000.0,2026-07-02,"137,500.00 - 750,000.00",69.01,HIGH,Payment In-Progress
TXN-000013,WS/MP18086/2026-2027/292888,V1,KRIDL BHUSIRI ACCOUNT WORKS,750000.0,2026-08-24,"137,500.00 - 750,000.00",69.01,HIGH,Payment In-Progress
TXN-000014,WS/MP18080/2025-2026/181962,V1,KRIDL BHUSIRI ACCOUNT WORKS,250000.0,2026-08-20,"137,500.00 - 750,000.00",-43.66,MEDIUM,Payment In-Progress
TXN-000015,WS/MP18080/2025-2026/181818,V1,KRIDL BHUSIRI ACCOUNT WORKS,250000.0,2026-08-20,"137,500.00 - 750,000.00",-43.66,MEDIUM,Payment In-Progress
TXN-000016,WS/MP18080/2025-2026/181959,V1,KRIDL BHUSIRI ACCOUNT WORKS,250000.0,2026-08-20,"137,500.00 - 750,000.00",-43.66,MEDIUM,Payment In-Progress
TXN-000017,WS/MP18080/2025-2026/182046,V1,KRIDL BHUSIRI ACCOUNT WORKS,125000.0,2026-08-20,"137,500.00 - 750,000.00",-71.83,HIGH,Payment In-Progress
TXN-000018,WS/MP18080/2025-2026/181801,V1,KRIDL BHUSIRI ACCOUNT WORKS,250000.0,2026-08-20,"137,500.00 - 750,000.00",-43.66,MEDIUM,Payment In-Progress
TXN-000019,WS/MP18080/2025-2026/181963,V1,KRIDL BHUSIRI ACCOUNT WORKS,250000.0,2026-08-20,"137,500.00 - 750,000.00",-43.66,MEDIUM,Payment In-Progress
TXN-000020,WS/MP18239/2025-2026/214776,V1,R G SUPLLIER,36159.0,2026-08-20,"36,159.00 - 36,159.00",0.0,LOW,Payment In-Progress
TXN-000021,WS/MP18239/2025-2026/214778,V1,R G SUPLLIER,36159.0,2026-08-20,"36,159.00 - 36,159.00",0.0,LOW,Payment In-Progress
TXN-000022,WS/MP18239/2025-2026/214774,V1,R G SUPLLIER,36159.0,2026-08-20,"36,159.00 - 36,159.00",0.0,LOW,Payment In-Progress
TXN-000023,WS/MP18239/2025-2026/214772,V1,R G SUPLLIER,36159.0,2026-08-20,"36,159.00 - 36,159.00",0.0,LOW,Payment In-Progress
TXN-000024,WS/MP18239/2025-2026/214771,V1,R G SUPLLIER,36159.0,2026-08-20,"36,159.00 - 36,159.00",0.0,LOW,Payment In-Progress
TXN-000025,WS/MP18239/2025-2026/214768,V1,R G SUPLLIER,36159.0,2026-08-20,"36,159.00 - 36,159.00",0.0,LOW,Payment In-Progress
TXN-000026,WS/MP18239/2025-2026/214780,V1,R G SUPLLIER,36159.0,2026-08-20,"36,159.00 - 36,159.00",0.0,LOW,Payment In-Progress
TXN-000027,WS/MP18239/2025-2026/214639,V1,R G SUPLLIER,36159.0,2026-08-20,"36,159.00 - 36,159.00",0.0,LOW,Payment In-Progress
TXN-000028,WS/MP18239/2025-2026/214742,V1,R G SUPLLIER,36159.0,2026-08-20,"36,159.00 - 36,159.00",0.0,LOW,Payment In-Progress
TXN-000029,WS/MP18239/2025-2026/214643,V1,R G SUPLLIER,36159.0,2026-08-20,"36,159.00 - 36,159.00",0.0,LOW,Payment In-Progress
TXN-000030,WS/MP18239/2025-2026/214761,V1,R G SUPLLIER,36159.0,2026-08-20,"36,159.00 - 36,159.00",0.0,LOW,Payment In-Progress
TXN-000031,WS/MP18239/2025-2026/214767,V1,R G SUPLLIER,36159.0,2026-08-20,"36,159.00 - 36,159.00",0.0,LOW,Payment In-Progress
TXN-000032,WS/MP18239/2025-2026/214751,V1,R G SUPLLIER,36159.0,2026-08-20,"36,159.00 - 36,159.00",0.0,LOW,Payment In-Progress
TXN-000033,WS/MP18239/2025-2026/214753,V1,R G SUPLLIER,36159.0,2026-08-20,"36,159.00 - 36,159.00",0.0,LOW,Payment In-Progress
TXN-000034,WS/MP18239/2025-2026/214638,V1,R G SUPLLIER,36159.0,2026-08-20,"36,159.00 - 36,159.00",0.0,LOW,Payment In-Progress
TXN-000035,WS/MP18239/2025-2026/214637,V1,R G SUPLLIER,36159.0,2026-08-20,"36,159.00 - 36,159.00",0.0,LOW,Payment In-Progress
TXN-000036,WS/MP18007/2024-2025/140066,V1,VIJAYA VIKRAM CONSTRUCTIONS,1097173.0,2026-08-27,"1,097,173.00 - 1,097,173.00",0.0,LOW,Payment In-Progress
TXN-000037,WS/MP18222/2025-2026/171497,V1,Ajay Kumar Singh,19992.0,2026-07-21,"18,044.00 - 19,992.00",5.12,LOW,Payment In-Progress
TXN-000038,WS/MP18222/2025-2026/184305,V1,Ajay Kumar Singh,19992.0,2026-07-23,"18,044.00 - 19,992.00",5.12,LOW,Payment In-Progress
TXN-000039,WS/MP18222/2025-2026/184282,V1,Ajay Kumar Singh,19992.0,2026-07-23,"18,044.00 - 19,992.00",5.12,LOW,Payment In-Progress
TXN-000040,WS/MP18222/2025-2026/184255,V1,Ajay Kumar Singh,19992.0,2026-07-23,"18,044.00 - 19,992.00",5.12,LOW,Payment In-Progress
TXN-000041,WS/MP18222/2025-2026/184280,V1,Ajay Kumar Singh,19992.0,2026-07-23,"18,044.00 - 19,992.00",5.12,LOW,Payment In-Progress
TXN-000042,WS/MP18222/2025-2026/184243,V1,Ajay Kumar Singh,19992.0,2026-07-23,"18,044.00 - 19,992.00",5.12,LOW,Payment In-Progress
TXN-000043,WS/MP18222/2025-2026/184254,V1,Ajay Kumar Singh,19992.0,2026-07-23,"18,044.00 - 19,992.00",5.12,LOW,Payment In-Progress
TXN-000044,WS/MP18222/2025-2026/184264,V1,Ajay Kumar Singh,19992.0,2026-07-23,"18,044.00 - 19,992.00",5.12,LOW,Payment In-Progress
TXN-000045,WS/MP18222/2025-2026/184266,V1,Ajay Kumar Singh,19992.0,2026-07-23,"18,044.00 - 19,992.00",5.12,LOW,Payment In-Progress
TXN-000046,WS/MP18222/2025-2026/184279,V1,Ajay Kumar Singh,19992.0,2026-07-23,"18,044.00 - 19,992.00",5.12,LOW,Payment In-Progress
TXN-000047,WS/MP18222/2025-2026/184088,V1,Ajay Kumar Singh,19992.0,2026-07-22,"18,044.00 - 19,992.00",5.12,LOW,Payment In-Progress
TXN-000048,WS/MP18222/2025-2026/184239,V1,Ajay Kumar Singh,19992.0,2026-07-22,"18,044.00 - 19,992.00",5.12,LOW,Payment In-Progress
TXN-000049,WS/MP18222/2025-2026/184234,V1,Ajay Kumar Singh,19992.0,2026-07-22,"18,044.00 - 19,992.00",5.12,LOW,Payment In-Progress
TXN-000050,WS/MP18222/2025-2026/184031,V1,Ajay Kumar Singh,19992.0,2026-07-22,"18,044.00 - 19,992.00",5.12,LOW,Payment In-Progress
TXN-000051,WS/MP18222/2025-2026/184034,V1,Ajay Kumar Singh,19992.0,2026-07-22,"18,044.00 - 19,992.00",5.12,LOW,Payment In-Progress
TXN-000052,WS/MP18222/2025-2026/214202,V1,Ajay Kumar Singh,18044.0,2026-07-23,"18,044.00 - 19,992.00",-5.12,LOW,Payment In-Progress
TXN-000053,WS/MP18222/2025-2026/214004,V1,Ajay Kumar Singh,18044.0,2026-07-23,"18,044.00 - 19,992.00",-5.12,LOW,Payment In-Progress
TXN-000054,WS/MP18222/2025-2026/214008,V1,Ajay Kumar Singh,18044.0,2026-07-23,"18,044.00 - 19,992.00",-5.12,LOW,Payment In-Progress
TXN-000055,WS/MP18222/2025-2026/214321,V1,Ajay Kumar Singh,18044.0,2026-07-23,"18,044.00 - 19,992.00",-5.12,LOW,Payment In-Progress
TXN-000056,WS/MP18222/2025-2026/214253,V1,Ajay Kumar Singh,18044.0,2026-07-23,"18,044.00 - 19,992.00",-5.12,LOW,Payment In-Progress
TXN-000057,WS/MP18222/2025-2026/214320,V1,Ajay Kumar Singh,18044.0,2026-07-23,"18,044.00 - 19,992.00",-5.12,LOW,Payment In-Progress
TXN-000058,WS/MP18222/2025-2026/214115,V1,Ajay Kumar Singh,18044.0,2026-07-23,"18,044.00 - 19,992.00",-5.12,LOW,Payment In-Progress
TXN-000059,WS/MP18222/2025-2026/214107,V1,Ajay Kumar Singh,18044.0,2026-07-23,"18,044.00 - 19,992.00",-5.12,LOW,Payment In-Progress
TXN-000060,WS/MP18222/2025-2026/214196,V1,Ajay Kumar Singh,18044.0,2026-07-23,"18,044.00 - 19,992.00",-5.12,LOW,Payment In-Progress
TXN-000061,WS/MP18222/2025-2026/214193,V1,Ajay Kumar Singh,18044.0,2026-07-23,"18,044.00 - 19,992.00",-5.12,LOW,Payment In-Progress
TXN-000062,WS/MP18222/2025-2026/214195,V1,Ajay Kumar Singh,18044.0,2026-07-23,"18,044.00 - 19,992.00",-5.12,LOW,Payment In-Progress
TXN-000063,WS/MP18222/2025-2026/214174,V1,Ajay Kumar Singh,18044.0,2026-07-23,"18,044.00 - 19,992.00",-5.12,LOW,Payment In-Progress
TXN-000064,WS/MP18222/2025-2026/214190,V1,Ajay Kumar Singh,18044.0,2026-07-23,"18,044.00 - 19,992.00",-5.12,LOW,Payment In-Progress
TXN-000065,WS/MP18222/2025-2026/214060,V1,Ajay Kumar Singh,18044.0,2026-07-23,"18,044.00 - 19,992.00",-5.12,LOW,Payment In-Progress
TXN-000066,WS/MP18222/2025-2026/214061,V1,Ajay Kumar Singh,18044.0,2026-07-23,"18,044.00 - 19,992.00",-5.12,LOW,Payment In-Progress
TXN-000067,WS/MP18222/2025-2026/214104,V1,Ajay Kumar Singh,18044.0,2026-07-23,"18,044.00 - 19,992.00",-5.12,LOW,Payment In-Progress
TXN-000068,WS/MP18222/2025-2026/214105,V1,Ajay Kumar Singh,18044.0,2026-07-23,"18,044.00 - 19,992.00",-5.12,LOW,Payment In-Progress
TXN-000069,WS/MP18222/2025-2026/214106,V1,Ajay Kumar Singh,18044.0,2026-07-23,"18,044.00 - 19,992.00",-5.12,LOW,Payment In-Progress
TXN-000070,WS/MP18222/2025-2026/214103,V1,Ajay Kumar Singh,18044.0,2026-07-23,"18,044.00 - 19,992.00",-5.12,LOW,Payment In-Progress
TXN-000071,WS/MP18222/2025-2026/214002,V1,Ajay Kumar Singh,18044.0,2026-07-23,"18,044.00 - 19,992.00",-5.12,LOW,Payment In-Progress
TXN-000072,WS/MP18222/2025-2026/214058,V1,Ajay Kumar Singh,18044.0,2026-07-23,"18,044.00 - 19,992.00",-5.12,LOW,Payment In-Progress
TXN-000073,WS/MP18222/2025-2026/214059,V1,Ajay Kumar Singh,18044.0,2026-07-23,"18,044.00 - 19,992.00",-5.12,LOW,Payment In-Progress
TXN-000074,WS/MP18222/2025-2026/214003,V1,Ajay Kumar Singh,18044.0,2026-07-23,"18,044.00 - 19,992.00",-5.12,LOW,Payment In-Progress
TXN-000075,WS/MP18222/2025-2026/214001,V1,Ajay Kumar Singh,18044.0,2026-07-23,"18,044.00 - 19,992.00",-5.12,LOW,Payment In-Progress
TXN-000076,WS/MP18222/2025-2026/214009,V1,Ajay Kumar Singh,18044.0,2026-07-23,"18,044.00 - 19,992.00",-5.12,LOW,Payment In-Progress
TXN-000077,WS/MP18222/2025-2026/214010,V1,Ajay Kumar Singh,18044.0,2026-07-23,"18,044.00 - 19,992.00",-5.12,LOW,Payment In-Progress
TXN-000078,WS/MP18222/2025-2026/171501,V1,Ajay Kumar Singh,19992.0,2026-07-21,"18,044.00 - 19,992.00",5.12,LOW,Payment In-Progress
TXN-000079,WS/MP18222/2025-2026/171499,V1,Ajay Kumar Singh,19992.0,2026-07-21,"18,044.00 - 19,992.00",5.12,LOW,Payment In-Progress
TXN-000080,WS/MP18222/2025-2026/171502,V1,Ajay Kumar Singh,19992.0,2026-07-21,"18,044.00 - 19,992.00",5.12,LOW,Payment In-Progress
TXN-000081,WS/MP18222/2025-2026/171510,V1,Ajay Kumar Singh,19992.0,2026-07-21,"18,044.00 - 19,992.00",5.12,LOW,Payment In-Progress
TXN-000082,WS/MP18222/2025-2026/171469,V1,Ajay Kumar Singh,19992.0,2026-07-21,"18,044.00 - 19,992.00",5.12,LOW,Payment In-Progress
TXN-000083,WS/MP18222/2025-2026/171470,V1,Ajay Kumar Singh,19992.0,2026-07-21,"18,044.00 - 19,992.00",5.12,LOW,Payment In-Progress
TXN-000084,WS/MP18222/2025-2026/171466,V1,Ajay Kumar Singh,19992.0,2026-07-21,"18,044.00 - 19,992.00",5.12,LOW,Payment In-Progress
TXN-000085,WS/MP18222/2025-2026/171467,V1,Ajay Kumar Singh,19992.0,2026-07-21,"18,044.00 - 19,992.00",5.12,LOW,Payment In-Progress
TXN-000086,WS/MP18222/2025-2026/171454,V1,Ajay Kumar Singh,19992.0,2026-07-21,"18,044.00 - 19,992.00",5.12,LOW,Payment In-Progress
TXN-000087,WS/MP18222/2025-2026/171451,V1,Ajay Kumar Singh,19992.0,2026-07-21,"18,044.00 - 19,992.00",5.12,LOW,Payment In-Progress
TXN-000088,WS/MP18222/2025-2026/171468,V1,Ajay Kumar Singh,19992.0,2026-07-21,"18,044.00 - 19,992.00",5.12,LOW,Payment In-Progress
TXN-000089,WS/MP18222/2025-2026/171449,V1,Ajay Kumar Singh,19992.0,2026-07-21,"18,044.00 - 19,992.00",5.12,LOW,Payment In-Progress
TXN-000090,WS/MP18222/2025-2026/171580,V1,Ajay Kumar Singh,19992.0,2026-07-21,"18,044.00 - 19,992.00",5.12,LOW,Payment In-Progress
TXN-000091,WS/MP18222/2025-2026/171571,V1,Ajay Kumar Singh,19992.0,2026-07-21,"18,044.00 - 19,992.00",5.12,LOW,Payment In-Progress
TXN-000092,WS/MP18222/2025-2026/171577,V1,Ajay Kumar Singh,19992.0,2026-07-21,"18,044.00 - 19,992.00",5.12,LOW,Payment In-Progress
TXN-000093,WS/MP18222/2025-2026/171579,V1,Ajay Kumar Singh,19992.0,2026-07-21,"18,044.00 - 19,992.00",5.12,LOW,Payment In-Progress
TXN-000094,WS/MP18222/2025-2026/171411,V1,Ajay Kumar Singh,19992.0,2026-07-21,"18,044.00 - 19,992.00",5.12,LOW,Payment In-Progress
TXN-000095,WS/MP18222/2025-2026/171410,V1,Ajay Kumar Singh,19992.0,2026-07-21,"18,044.00 - 19,992.00",5.12,LOW,Payment In-Progress
TXN-000096,WS/MP18222/2025-2026/171420,V1,Ajay Kumar Singh,19992.0,2026-07-21,"18,044.00 - 19,992.00",5.12,LOW,Payment In-Progress
TXN-000097,WS/MP18222/2025-2026/171582,V1,Ajay Kumar Singh,19992.0,2026-07-21,"18,044.00 - 19,992.00",5.12,LOW,Payment In-Progress
TXN-000098,WS/MP18222/2025-2026/171581,V1,Ajay Kumar Singh,19992.0,2026-07-21,"18,044.00 - 19,992.00",5.12,LOW,Payment In-Progress
TXN-000099,WS/MP18222/2025-2026/171370,V1,Ajay Kumar Singh,19992.0,2026-07-21,"18,044.00 - 19,992.00",5.12,LOW,Payment In-Progress
TXN-000100,WS/MP18222/2025-2026/171388,V1,Ajay Kumar Singh,19992.0,2026-07-21,"18,044.00 - 19,992.00",5.12,LOW,Payment In-Progress
TXN-000101,WS/MP18222/2025-2026/184334,V1,Ajay Kumar Singh,19992.0,2026-07-22,"18,044.00 - 19,992.00",5.12,LOW,Payment In-Progress
TXN-000102,WS/MP18222/2025-2026/184338,V1,Ajay Kumar Singh,19992.0,2026-07-22,"18,044.00 - 19,992.00",5.12,LOW,Payment In-Progress
TXN-000103,WS/MP18222/2025-2026/184332,V1,Ajay Kumar Singh,19992.0,2026-07-22,"18,044.00 - 19,992.00",5.12,LOW,Payment In-Progress
TXN-000104,WS/MP18222/2025-2026/184330,V1,Ajay Kumar Singh,19992.0,2026-07-22,"18,044.00 - 19,992.00",5.12,LOW,Payment In-Progress
TXN-000105,WS/MP18222/2025-2026/184328,V1,Ajay Kumar Singh,19992.0,2026-07-22,"18,044.00 - 19,992.00",5.12,LOW,Payment In-Progress
TXN-000106,WS/MP18222/2025-2026/184316,V1,Ajay Kumar Singh,19992.0,2026-07-22,"18,044.00 - 19,992.00",5.12,LOW,Payment In-Progress
TXN-000107,WS/MP18222/2025-2026/184319,V1,Ajay Kumar Singh,19992.0,2026-07-22,"18,044.00 - 19,992.00",5.12,LOW,Payment In-Progress
TXN-000108,WS/MP18222/2025-2026/171611,V1,Ajay Kumar Singh,19992.0,2026-07-22,"18,044.00 - 19,992.00",5.12,LOW,Payment In-Progress
TXN-000109,WS/MP18222/2025-2026/171612,V1,Ajay Kumar Singh,19992.0,2026-07-22,"18,044.00 - 19,992.00",5.12,LOW,Payment In-Progress
TXN-000110,WS/MP18222/2025-2026/171613,V1,Ajay Kumar Singh,19992.0,2026-07-22,"18,044.00 - 19,992.00",5.12,LOW,Payment In-Progress
TXN-000111,WS/MP18222/2025-2026/171614,V1,Ajay Kumar Singh,19992.0,2026-07-22,"18,044.00 - 19,992.00",5.12,LOW,Payment In-Progress
TXN-000112,WS/MP18222/2025-2026/171392,V1,Ajay Kumar Singh,19992.0,2026-07-22,"18,044.00 - 19,992.00",5.12,LOW,Payment In-Progress
TXN-000113,WS/MP18222/2025-2026/171393,V1,Ajay Kumar Singh,19992.0,2026-07-22,"18,044.00 - 19,992.00",5.12,LOW,Payment In-Progress
TXN-000114,WS/MP18222/2025-2026/171592,V1,Ajay Kumar Singh,19992.0,2026-07-22,"18,044.00 - 19,992.00",5.12,LOW,Payment In-Progress
TXN-000115,WS/MP18222/2025-2026/171610,V1,Ajay Kumar Singh,19992.0,2026-07-22,"18,044.00 - 19,992.00",5.12,LOW,Payment In-Progress
TXN-000116,WS/MP18222/2025-2026/182256,V1,Ajay Kumar Singh,19992.0,2026-07-22,"18,044.00 - 19,992.00",5.12,LOW,Payment In-Progress
TXN-000117,WS/MP18222/2025-2026/172029,V1,Ajay Kumar Singh,19992.0,2026-07-22,"18,044.00 - 19,992.00",5.12,LOW,Payment In-Progress
TXN-000118,WS/MP18222/2025-2026/171728,V1,Ajay Kumar Singh,19992.0,2026-07-22,"18,044.00 - 19,992.00",5.12,LOW,Payment In-Progress
TXN-000119,WS/MP18222/2025-2026/171724,V1,Ajay Kumar Singh,19992.0,2026-07-22,"18,044.00 - 19,992.00",5.12,LOW,Payment In-Progress
TXN-000120,WS/MP18222/2025-2026/171727,V1,Ajay Kumar Singh,19992.0,2026-07-22,"18,044.00 - 19,992.00",5.12,LOW,Payment In-Progress
TXN-000121,WS/MP18222/2025-2026/182254,V1,Ajay Kumar Singh,19992.0,2026-07-22,"18,044.00 - 19,992.00",5.12,LOW,Payment In-Progress
TXN-000122,WS/MP18222/2025-2026/182255,V1,Ajay Kumar Singh,19992.0,2026-07-22,"18,044.00 - 19,992.00",5.12,LOW,Payment In-Progress
TXN-000123,WS/MP18222/2025-2026/182258,V1,Ajay Kumar Singh,19992.0,2026-07-22,"18,044.00 - 19,992.00",5.12,LOW,Payment In-Progress
TXN-000124,WS/MP18222/2025-2026/182259,V1,Ajay Kumar Singh,19992.0,2026-07-22,"18,044.00 - 19,992.00",5.12,LOW,Payment In-Progress
TXN-000125,WS/MP18222/2025-2026/182263,V1,Ajay Kumar Singh,19992.0,2026-07-22,"18,044.00 - 19,992.00",5.12,LOW,Payment In-Progress
TXN-000126,WS/MP18222/2025-2026/182264,V1,Ajay Kumar Singh,19992.0,2026-07-22,"18,044.00 - 19,992.00",5.12,LOW,Payment In-Progress
TXN-000127,WS/MP18222/2025-2026/183845,V1,Ajay Kumar Singh,19992.0,2026-07-22,"18,044.00 - 19,992.00",5.12,LOW,Payment In-Progress
TXN-000128,WS/MP18222/2025-2026/182257,V1,Ajay Kumar Singh,19992.0,2026-07-22,"18,044.00 - 19,992.00",5.12,LOW,Payment In-Progress
TXN-000129,WS/MP18222/2025-2026/187588,V1,Ajay Kumar Singh,19992.0,2026-07-22,"18,044.00 - 19,992.00",5.12,LOW,Payment In-Progress
TXN-000130,WS/MP18222/2025-2026/187595,V1,Ajay Kumar Singh,19992.0,2026-07-22,"18,044.00 - 19,992.00",5.12,LOW,Payment In-Progress
TXN-000131,WS/MP18222/2025-2026/171619,V1,Ajay Kumar Singh,19992.0,2026-07-22,"18,044.00 - 19,992.00",5.12,LOW,Payment In-Progress
TXN-000132,WS/MP18222/2025-2026/171622,V1,Ajay Kumar Singh,19992.0,2026-07-22,"18,044.00 - 19,992.00",5.12,LOW,Payment In-Progress
TXN-000133,WS/MP18222/2025-2026/171626,V1,Ajay Kumar Singh,19992.0,2026-07-22,"18,044.00 - 19,992.00",5.12,LOW,Payment In-Progress
TXN-000134,WS/MP18222/2025-2026/171624,V1,Ajay Kumar Singh,19992.0,2026-07-22,"18,044.00 - 19,992.00",5.12,LOW,Payment In-Progress
TXN-000135,WS/MP18222/2025-2026/171625,V1,Ajay Kumar Singh,19992.0,2026-07-22,"18,044.00 - 19,992.00",5.12,LOW,Payment In-Progress
TXN-000136,WS/MP18222/2025-2026/187362,V1,Ajay Kumar Singh,19992.0,2026-07-22,"18,044.00 - 19,992.00",5.12,LOW,Payment In-Progress
TXN-000137,WS/MP18222/2025-2026/186926,V1,Ajay Kumar Singh,19992.0,2026-07-22,"18,044.00 - 19,992.00",5.12,LOW,Payment In-Progress
TXN-000138,WS/MP18222/2025-2026/186942,V1,Ajay Kumar Singh,19992.0,2026-07-22,"18,044.00 - 19,992.00",5.12,LOW,Payment In-Progress
TXN-000139,WS/MP18222/2025-2026/187363,V1,Ajay Kumar Singh,19992.0,2026-07-22,"18,044.00 - 19,992.00",5.12,LOW,Payment In-Progress
TXN-000140,WS/MP18222/2025-2026/187364,V1,Ajay Kumar Singh,19992.0,2026-07-22,"18,044.00 - 19,992.00",5.12,LOW,Payment In-Progress
TXN-000141,WS/MP18222/2025-2026/187365,V1,Ajay Kumar Singh,19992.0,2026-07-22,"18,044.00 - 19,992.00",5.12,LOW,Payment In-Progress
TXN-000142,WS/MP18222/2025-2026/186925,V1,Ajay Kumar Singh,19992.0,2026-07-22,"18,044.00 - 19,992.00",5.12,LOW,Payment In-Progress
TXN-000143,WS/MP18222/2025-2026/186924,V1,Ajay Kumar Singh,19992.0,2026-07-22,"18,044.00 - 19,992.00",5.12,LOW,Payment In-Progress
TXN-000144,WS/MP18222/2025-2026/171412,V1,Ajay Kumar Singh,19992.0,2026-08-18,"18,044.00 - 19,992.00",5.12,LOW,Payment In-Progress
TXN-000145,WS/MP18222/2025-2026/183819,V1,Ajay Kumar Singh,19992.0,2026-08-18,"18,044.00 - 19,992.00",5.12,LOW,Payment In-Progress
TXN-000146,WS/MP18222/2025-2026/184028,V1,Ajay Kumar Singh,19992.0,2026-08-18,"18,044.00 - 19,992.00",5.12,LOW,Payment In-Progress
TXN-000147,WS/MP18222/2025-2026/184343,V1,Ajay Kumar Singh,19992.0,2026-07-22,"18,044.00 - 19,992.00",5.12,LOW,Payment In-Progress
TXN-000148,WS/MP18222/2025-2026/184543,V1,Ajay Kumar Singh,19992.0,2026-07-22,"18,044.00 - 19,992.00",5.12,LOW,Payment In-Progress
TXN-000149,WS/MP18222/2025-2026/184472,V1,Ajay Kumar Singh,19992.0,2026-07-22,"18,044.00 - 19,992.00",5.12,LOW,Payment In-Progress
TXN-000150,WS/MP18222/2025-2026/184544,V1,Ajay Kumar Singh,19992.0,2026-07-22,"18,044.00 - 19,992.00",5.12,LOW,Payment In-Progress
TXN-000151,WS/MP18222/2025-2026/186921,V1,Ajay Kumar Singh,19992.0,2026-07-22,"18,044.00 - 19,992.00",5.12,LOW,Payment In-Progress
TXN-000152,WS/MP18222/2025-2026/186922,V1,Ajay Kumar Singh,19992.0,2026-07-22,"18,044.00 - 19,992.00",5.12,LOW,Payment In-Progress
TXN-000153,WS/MP18222/2025-2026/186923,V1,Ajay Kumar Singh,19992.0,2026-07-22,"18,044.00 - 19,992.00",5.12,LOW,Payment In-Progress
TXN-000154,WS/MP18222/2025-2026/184339,V1,Ajay Kumar Singh,19992.0,2026-07-22,"18,044.00 - 19,992.00",5.12,LOW,Payment In-Progress
TXN-000155,WS/MP18222/2025-2026/184342,V1,Ajay Kumar Singh,19992.0,2026-07-22,"18,044.00 - 19,992.00",5.12,LOW,Payment In-Progress
TXN-000156,WS/MP18272/2026-2027/222318,V1,RAJAT SUBHRA MANDAL,4881631.0,2026-08-17,"4,881,631.00 - 4,881,631.00",0.0,LOW,Payment In-Progress
TXN-000157,WS/MP18314/2026-2027/273533,V1,Medica Enterprises,2092800.0,2026-08-17,"2,092,800.00 - 2,092,800.00",0.0,LOW,Payment In-Progress
TXN-000158,WS/MP18305/2026-2027/302713,V1,SML ISUZU LTD,1768000.0,2026-08-24,"1,768,000.00 - 1,768,000.00",0.0,LOW,Payment In-Progress
TXN-000159,WS/MP18072/2025-2026/226948,V1,SABBIR ANSARI,375000.0,2026-08-27,"257,100.00 - 361,900.00",21.16,MEDIUM,Payment In-Progress
TXN-000160,WS/MP18072/2025-2026/225052,V1,SABBIR ANSARI,244000.0,2026-08-27,"257,100.00 - 361,900.00",-21.16,MEDIUM,Payment In-Progress
TXN-000161,WS/MP18311/2026-2027/287163,V1,DASHMESH ENGG WORKS,350000.0,2026-08-10,"350,000.00 - 350,000.00",0.0,LOW,Payment In-Progress
TXN-000162,WS/MP18314/2025-2026/256967,V1,Sidhu Cement Store Fatehgarh Channa,44630.0,2026-08-26,"20,591.00 - 41,959.00",42.7,MEDIUM,Payment In-Progress
TXN-000163,WS/MP18314/2025-2026/256967,V1,Sidhu Cement Store Fatehgarh Channa,17920.0,2026-08-26,"20,591.00 - 41,959.00",-42.7,MEDIUM,Payment In-Progress
TXN-000164,WS/MP856/2025-2026/231387,V1,MRK CONSTRUCTIONS,133800.0,2026-08-08,"133,800.00 - 133,800.00",0.0,LOW,Payment In-Progress
TXN-000165,WS/MP381/2026-2027/275251,V1,SURINDER TRADERS,495474.0,2026-08-25,"495,741.40 - 497,880.60",-0.27,LOW,Payment In-Progress
TXN-000166,WS/MP381/2026-2027/275258,V1,SURINDER TRADERS,498148.0,2026-08-25,"495,741.40 - 497,880.60",0.27,LOW,Payment In-Progress
TXN-000167,WS/MP017/2025-2026/257980,V1,Raveendhra G,1599822.0,2026-08-27,"1,599,822.00 - 1,599,822.00",0.0,LOW,Payment In-Progress
TXN-000168,WS/MP334/2025-2026/223476,V1,JUNIOR ENGINEER RDSD BOKARO,70000.0,2026-08-26,"25,000.00 - 56,500.00",71.78,HIGH,Payment In-Progress
TXN-000169,WS/MP334/2025-2026/223481,V1,JUNIOR ENGINEER RDSD BOKARO,25000.0,2026-08-26,"25,000.00 - 56,500.00",-38.65,MEDIUM,Payment In-Progress
TXN-000170,WS/MP334/2025-2026/211258,V1,JUNIOR ENGINEER RDSD BOKARO,25000.0,2026-08-26,"25,000.00 - 56,500.00",-38.65,MEDIUM,Payment In-Progress
TXN-000171,WS/MP334/2025-2026/211607,V1,JUNIOR ENGINEER RDSD BOKARO,25000.0,2026-08-26,"25,000.00 - 56,500.00",-38.65,MEDIUM,Payment In-Progress
TXN-000172,WS/MP494/2025-2026/226479,V1,SAI ENTERPRISES,665840.0,2026-08-26,"464,573.20 - 633,187.70",21.31,MEDIUM,Payment In-Progress
TXN-000173,WS/MP494/2025-2026/226492,V1,SAI ENTERPRISES,556999.0,2026-08-26,"464,573.20 - 633,187.70",1.48,LOW,Payment In-Progress
TXN-000174,WS/MP494/2025-2026/226497,V1,TANYA CONSTRUCTION,287553.0,2026-08-26,"66,054.00 - 287,553.00",62.64,HIGH,Payment In-Progress
TXN-000175,WS/MP494/2025-2026/226500,V1,TANYA CONSTRUCTION,66175.0,2026-08-26,"66,054.00 - 287,553.00",-62.57,HIGH,Payment In-Progress
TXN-000176,WS/MP494/2025-2026/226507,V1,TANYA CONSTRUCTION,65762.0,2026-08-26,"66,054.00 - 287,553.00",-62.81,HIGH,Payment In-Progress
TXN-000177,WS/MP494/2025-2026/226509,V1,TANYA CONSTRUCTION,66077.0,2026-08-26,"66,054.00 - 287,553.00",-62.63,HIGH,Payment In-Progress
TXN-000178,WS/MP494/2025-2026/226510,V1,TANYA CONSTRUCTION,66054.0,2026-08-26,"66,054.00 - 287,553.00",-62.64,HIGH,Payment In-Progress
TXN-000179,WS/MP494/2025-2026/226502,V1,TANYA CONSTRUCTION,66175.0,2026-08-26,"66,054.00 - 287,553.00",-62.57,HIGH,Payment In-Progress
TXN-000180,WS/MP494/2025-2026/226503,V1,TANYA CONSTRUCTION,66175.0,2026-08-26,"66,054.00 - 287,553.00",-62.57,HIGH,Payment In-Progress
TXN-000181,WS/MP494/2025-2026/226504,V1,TANYA CONSTRUCTION,66175.0,2026-08-26,"66,054.00 - 287,553.00",-62.57,HIGH,Payment In-Progress
TXN-000182,WS/MP494/2025-2026/226505,V1,TANYA CONSTRUCTION,66175.0,2026-08-26,"66,054.00 - 287,553.00",-62.57,HIGH,Payment In-Progress
TXN-000183,WS/MP494/2025-2026/226501,V1,TANYA CONSTRUCTION,66175.0,2026-08-26,"66,054.00 - 287,553.00",-62.57,HIGH,Payment In-Progress
TXN-000184,WS/MP494/2025-2026/226499,V1,TANYA CONSTRUCTION,979484.0,2026-08-26,"66,054.00 - 287,553.00",454.0,HIGH,Payment In-Progress
TXN-000185,WS/MP18314/2025-2026/256967,V1,Dhanaula BKO,6560.0,2026-08-26,"6,560.00 - 6,560.00",0.0,LOW,Payment In-Progress
TXN-000186,WS/MP417/2025-2026/222071,V1,simpi,395705.0,2026-08-27,"395,705.00 - 395,705.00",0.0,LOW,Payment In-Progress
TXN-000187,WS/MP18179/2026-2027/245271,V1,SRI SAI ENTERPRISES,900000.0,2026-08-24,"900,000.00 - 900,000.00",0.0,LOW,Payment In-Progress
TXN-000188,WS/MP746/2025-2026/212906,V1,Nava India Pathipagam,500000.0,2026-04-01,"500,000.00 - 500,000.00",0.0,LOW,Payment In-Progress
TXN-000189,WS/MP18314/2025-2026/256967,V1,Karan Intelock Tiles,34380.0,2026-08-26,"22,518.90 - 33,062.10",23.71,MEDIUM,Payment In-Progress
TXN-000190,WS/MP18314/2025-2026/256967,V1,Karan Intelock Tiles,21201.0,2026-08-26,"22,518.90 - 33,062.10",-23.71,MEDIUM,Payment In-Progress
TXN-000191,WS/MP18314/2025-2026/256967,V1,BHAGWATI STEELS,240226.0,2026-08-26,"240,226.00 - 240,226.00",0.0,LOW,Payment In-Progress
TXN-000192,WS/MP18164/2025-2026/259491,V1,Param Enterprises,96454.0,2026-08-17,"96,454.00 - 96,454.00",0.0,LOW,Payment In-Progress
TXN-000193,WS/MP18158/2026-2027/261347,V1,SHAM LAL BAL MUKAND,86730.0,2026-08-26,"86,730.00 - 86,730.00",0.0,LOW,Payment In-Progress
TXN-000194,WS/MP18152/2025-2026/239770,V1,Ms AMRIT LAL B K O,94000.0,2026-08-20,"96,000.00 - 112,000.00",-9.62,LOW,Payment In-Progress
TXN-000195,WS/MP18152/2025-2026/220397,V1,Ms AMRIT LAL B K O,114000.0,2026-08-20,"96,000.00 - 112,000.00",9.62,LOW,Payment In-Progress
TXN-000196,WS/MP18346/2024-2025/172316,V1,Exajoule PVT LTD,158500.0,2026-01-23,"158,500.00 - 158,500.00",0.0,LOW,Payment In-Progress
TXN-000197,WS/MP18350/2025-2026/252044,V1,Debendra Prasad Mohapatra,150034.0,2026-08-25,"150,034.00 - 150,034.00",0.0,LOW,Payment In-Progress
TXN-000198,WS/MP18078/2026-2027/248997,V1,Bellary Nirmithi Kendra Bellary,1125000.0,2026-08-24,"1,125,000.00 - 1,125,000.00",0.0,LOW,Payment In-Progress
TXN-000199,WS/MP522/2025-2026/260876,V1,VIRAT MODY SOLAR SITY,888865.0,2026-08-13,"888,865.00 - 888,865.00",0.0,LOW,Payment In-Progress
TXN-000200,WS/MP18177/2025-2026/156784,V1,QUALITTY ENTERPRISES,400000.0,2026-04-16,"400,000.00 - 400,000.00",0.0,LOW,Payment In-Progress
TXN-000201,WS/MP18179/2026-2027/245281,V1,Jothiprakash V,595689.0,2026-08-13,"595,689.00 - 595,689.00",0.0,LOW,Payment In-Progress
TXN-000202,WS/MP444/2026-2027/254267,V1,PRATIBHA PRATISHTHAN,1999844.0,2026-07-27,"1,999,844.00 - 1,999,844.00",0.0,LOW,Payment In-Progress
TXN-000203,WS/MP641/2026-2027/258152,V1,cmobistan,150000.0,2026-04-24,"150,000.00 - 150,000.00",0.0,LOW,Payment In-Progress
TXN-000204,WS/MP18100/2025-2026/211005,V1,GRAM PANCHYAT NER,40000.0,2026-08-19,"40,000.00 - 40,000.00",0.0,LOW,Payment In-Progress
TXN-000205,WS/MP18104/2025-2026/213696,V1,Sachiv Gram panchayat kulamadi,75000.0,2026-01-06,"75,000.00 - 75,000.00",0.0,LOW,Payment In-Progress
TXN-000206,WS/MP405/2025-2026/140142,V1,venkateswara rao ganesana,380097.0,2026-07-06,"380,097.00 - 380,097.00",0.0,LOW,Payment In-Progress
TXN-000207,WS/MP18248/2024-2025/151513,V1,SRI BALAJI CONCERN,799065.0,2026-07-21,"799,065.00 - 799,065.00",0.0,LOW,Payment In-Progress
TXN-000208,WS/MP18100/2025-2026/249986,V1,Sarpanch Gram Panchayat KERIYA,120000.0,2026-02-03,"120,000.00 - 120,000.00",0.0,LOW,Payment In-Progress
TXN-000209,WS/MP18093/2026-2027/217128,V1,KRIDL BHUSIRI ACCOUNT WORKS,750000.0,2026-08-05,"137,500.00 - 750,000.00",69.01,HIGH,Payment In-Progress
TXN-000210,WS/MP18093/2026-2027/217130,V1,KRIDL BHUSIRI ACCOUNT WORKS,375000.0,2026-07-27,"137,500.00 - 750,000.00",-15.49,LOW,Payment In-Progress
TXN-000211,WS/MP18165/2025-2026/210687,V1,Rajasthan Electronics And Instruments Limited,1000000.0,2026-08-21,"1,000,000.00 - 1,000,000.00",0.0,LOW,Payment In-Progress
TXN-000212,WS/MP18165/2025-2026/247101,V1,Rajasthan Electronics And Instruments Limited,1000000.0,2026-08-21,"1,000,000.00 - 1,000,000.00",0.0,LOW,Payment In-Progress
TXN-000213,WS/MP716/2025-2026/203943,V1,JR INDUSTRIES,30492.0,2026-08-21,"33,536.80 - 45,835.20",-23.17,MEDIUM,Payment In-Progress
TXN-000214,WS/MP716/2025-2026/203943,V1,JR INDUSTRIES,40356.0,2026-08-21,"33,536.80 - 45,835.20",1.69,LOW,Payment In-Progress
TXN-000215,WS/MP716/2025-2026/203943,V1,JR INDUSTRIES,38104.0,2026-08-21,"33,536.80 - 45,835.20",-3.99,LOW,Payment In-Progress
TXN-000216,WS/MP716/2025-2026/203943,V1,JR INDUSTRIES,38104.0,2026-08-21,"33,536.80 - 45,835.20",-3.99,LOW,Payment In-Progress
TXN-000217,WS/MP716/2025-2026/203944,V1,JR INDUSTRIES,49488.0,2026-08-21,"33,536.80 - 45,835.20",24.7,MEDIUM,Payment In-Progress
TXN-000218,WS/MP18036/2026-2027/285387,V1,ASSISTANT ENGINEER LAEO SHEIKHPURA,1189121.0,2026-08-21,"1,189,121.00 - 1,189,121.00",0.0,LOW,Payment In-Progress
TXN-000219,WS/MP18104/2025-2026/154234,V1,Khyati Sports,25000.0,2026-01-22,"25,000.00 - 25,000.00",0.0,LOW,Payment In-Progress
TXN-000220,WS/MP751/2025-2026/249287,V1,N NALLATHAMBI,399890.0,2026-08-27,"399,890.00 - 399,890.00",0.0,LOW,Payment In-Progress
TXN-000221,WS/MP18043/2025-2026/198318,V1,ASSISTANT ENGINEER MOHANIA,201465.0,2026-06-27,"201,465.00 - 201,465.00",0.0,LOW,Payment In-Progress
TXN-000222,WS/MP18100/2025-2026/251014,V1,GRAM PANCHAYAT ARJUNWADI,60000.0,2026-08-25,"60,000.00 - 60,000.00",0.0,LOW,Payment In-Progress
TXN-000223,WS/MP18314/2026-2027/268676,V1,MS SHERPUR BRICK KILN,49200.0,2026-08-25,"46,740.00 - 49,200.00",2.56,LOW,Payment In-Progress
TXN-000224,WS/MP18314/2026-2027/268676,V1,MS SHERPUR BRICK KILN,49200.0,2026-08-25,"46,740.00 - 49,200.00",2.56,LOW,Payment In-Progress
TXN-000225,WS/MP18314/2026-2027/268676,V1,MS SHERPUR BRICK KILN,49200.0,2026-08-25,"46,740.00 - 49,200.00",2.56,LOW,Payment In-Progress
TXN-000226,WS/MP18314/2026-2027/268676,V1,MS SHERPUR BRICK KILN,49200.0,2026-08-25,"46,740.00 - 49,200.00",2.56,LOW,Payment In-Progress
TXN-000227,WS/MP18314/2026-2027/268676,V1,MS SHERPUR BRICK KILN,49200.0,2026-08-25,"46,740.00 - 49,200.00",2.56,LOW,Payment In-Progress
TXN-000228,WS/MP18314/2026-2027/268676,V1,MS SHERPUR BRICK KILN,49200.0,2026-08-25,"46,740.00 - 49,200.00",2.56,LOW,Payment In-Progress
TXN-000229,WS/MP18314/2026-2027/268676,V1,MS SHERPUR BRICK KILN,43050.0,2026-08-25,"46,740.00 - 49,200.00",-10.26,LOW,Payment In-Progress
TXN-000230,WS/MP507/2026-2027/290535,V1,SHRI GURU KRIPA NARSINGH ASSOCIATES,4003098.0,2026-08-24,"3,696,979.20 - 5,156,932.70",-9.57,LOW,Payment In-Progress
TXN-000231,WS/MP507/2026-2027/290535,V1,SHRI GURU KRIPA NARSINGH ASSOCIATES,4474051.0,2026-08-24,"3,696,979.20 - 5,156,932.70",1.06,LOW,Payment In-Progress
TXN-000232,WS/MP507/2026-2027/290535,V1,SHRI GURU KRIPA NARSINGH ASSOCIATES,4709528.0,2026-08-24,"3,696,979.20 - 5,156,932.70",6.38,LOW,Payment In-Progress
TXN-000233,WS/MP507/2026-2027/290535,V1,SHRI GURU KRIPA NARSINGH ASSOCIATES,3532146.0,2026-08-24,"3,696,979.20 - 5,156,932.70",-20.21,MEDIUM,Payment In-Progress
TXN-000234,WS/MP507/2026-2027/290535,V1,SHRI GURU KRIPA NARSINGH ASSOCIATES,4945004.0,2026-08-24,"3,696,979.20 - 5,156,932.70",11.7,LOW,Payment In-Progress
TXN-000235,WS/MP507/2026-2027/290535,V1,SHRI GURU KRIPA NARSINGH ASSOCIATES,3767622.0,2026-08-24,"3,696,979.20 - 5,156,932.70",-14.89,LOW,Payment In-Progress
TXN-000236,WS/MP507/2026-2027/290535,V1,SHRI GURU KRIPA NARSINGH ASSOCIATES,4238575.0,2026-08-24,"3,696,979.20 - 5,156,932.70",-4.26,LOW,Payment In-Progress
TXN-000237,WS/MP507/2026-2027/290535,V1,SHRI GURU KRIPA NARSINGH ASSOCIATES,5651433.0,2026-08-24,"3,696,979.20 - 5,156,932.70",27.66,MEDIUM,Payment In-Progress
TXN-000238,WS/MP18100/2026-2027/263128,V1,GRAM PANCHYATBINEKI,75000.0,2026-08-19,"75,000.00 - 75,000.00",0.0,LOW,Payment In-Progress
TXN-000239,WS/MP18221/2026-2027/255640,V1,Ms Krishna Traders,725927.0,2026-08-22,"725,927.00 - 725,927.00",0.0,LOW,Payment In-Progress
TXN-000240,WS/MP18221/2026-2027/255639,V1,Ms Krishna Traders,725927.0,2026-08-22,"725,927.00 - 725,927.00",0.0,LOW,Payment In-Progress
TXN-000241,WS/MP18221/2026-2027/246944,V1,Ms Krishna Traders,725927.0,2026-08-22,"725,927.00 - 725,927.00",0.0,LOW,Payment In-Progress
TXN-000242,WS/MP18042/2026-2027/274820,V1,ASSISTANT ENGINEER KUSHESHWAR ASTHAN,394259.0,2026-08-18,"394,259.00 - 394,259.00",0.0,LOW,Payment In-Progress
TXN-000243,WS/MP18100/2026-2027/260018,V1,GRAM PANCHAYAT GADMAU,40000.0,2026-08-17,"40,000.00 - 40,000.00",0.0,LOW,Payment In-Progress
TXN-000244,WS/MP18260/2025-2026/190483,V1,Attar Brothers,340600.0,2026-08-11,"340,600.00 - 340,600.00",0.0,LOW,Payment In-Progress
TXN-000245,WS/MP18108/2026-2027/287215,V1,MANISH FEBRICATION,150229.0,2026-08-27,"150,229.00 - 150,229.00",0.0,LOW,Payment In-Progress
TXN-000246,WS/MP18108/2026-2027/287216,V1,MANISH FEBRICATION,150229.0,2026-08-27,"150,229.00 - 150,229.00",0.0,LOW,Payment In-Progress
TXN-000247,WS/MP18108/2026-2027/287213,V1,MANISH FEBRICATION,150229.0,2026-08-27,"150,229.00 - 150,229.00",0.0,LOW,Payment In-Progress
TXN-000248,WS/MP18108/2026-2027/287226,V1,MANISH FEBRICATION,157341.0,2026-08-27,"150,229.00 - 150,229.00",4.73,LOW,Payment In-Progress
TXN-000249,WS/MP18108/2026-2027/287227,V1,MANISH FEBRICATION,157341.0,2026-08-27,"150,229.00 - 150,229.00",4.73,LOW,Payment In-Progress
TXN-000250,WS/MP18108/2026-2027/287214,V1,MANISH FEBRICATION,150229.0,2026-08-27,"150,229.00 - 150,229.00",0.0,LOW,Payment In-Progress
TXN-000251,WS/MP18108/2026-2027/287219,V1,MANISH FEBRICATION,150229.0,2026-08-27,"150,229.00 - 150,229.00",0.0,LOW,Payment In-Progress
TXN-000252,WS/MP18108/2026-2027/287220,V1,MANISH FEBRICATION,150229.0,2026-08-27,"150,229.00 - 150,229.00",0.0,LOW,Payment In-Progress
TXN-000253,WS/MP18108/2026-2027/288339,V1,MANISH FEBRICATION,150229.0,2026-08-27,"150,229.00 - 150,229.00",0.0,LOW,Payment In-Progress
TXN-000254,WS/MP18108/2026-2027/288338,V1,MANISH FEBRICATION,150229.0,2026-08-27,"150,229.00 - 150,229.00",0.0,LOW,Payment In-Progress
TXN-000255,WS/MP18108/2026-2027/288583,V1,MANISH FEBRICATION,150229.0,2026-08-27,"150,229.00 - 150,229.00",0.0,LOW,Payment In-Progress
TXN-000256,WS/MP18108/2026-2027/288582,V1,MANISH FEBRICATION,150229.0,2026-08-27,"150,229.00 - 150,229.00",0.0,LOW,Payment In-Progress
TXN-000257,WS/MP18108/2026-2027/288546,V1,MANISH FEBRICATION,150229.0,2026-08-27,"150,229.00 - 150,229.00",0.0,LOW,Payment In-Progress
TXN-000258,WS/MP18108/2026-2027/287217,V1,MANISH FEBRICATION,150229.0,2026-08-27,"150,229.00 - 150,229.00",0.0,LOW,Payment In-Progress
TXN-000259,WS/MP18108/2026-2027/287218,V1,MANISH FEBRICATION,150229.0,2026-08-27,"150,229.00 - 150,229.00",0.0,LOW,Payment In-Progress
TXN-000260,WS/MP18108/2026-2027/288337,V1,MANISH FEBRICATION,150229.0,2026-08-27,"150,229.00 - 150,229.00",0.0,LOW,Payment In-Progress
TXN-000261,WS/MP18108/2026-2027/287222,V1,MANISH FEBRICATION,150229.0,2026-08-27,"150,229.00 - 150,229.00",0.0,LOW,Payment In-Progress
TXN-000262,WS/MP18108/2026-2027/287223,V1,MANISH FEBRICATION,150229.0,2026-08-27,"150,229.00 - 150,229.00",0.0,LOW,Payment In-Progress
TXN-000263,WS/MP18108/2026-2027/287224,V1,MANISH FEBRICATION,150229.0,2026-08-27,"150,229.00 - 150,229.00",0.0,LOW,Payment In-Progress
TXN-000264,WS/MP18108/2026-2027/287225,V1,MANISH FEBRICATION,150229.0,2026-08-27,"150,229.00 - 150,229.00",0.0,LOW,Payment In-Progress
TXN-000265,WS/MP18108/2026-2027/288545,V1,MANISH FEBRICATION,150229.0,2026-08-27,"150,229.00 - 150,229.00",0.0,LOW,Payment In-Progress
TXN-000266,WS/MP18108/2026-2027/287221,V1,MANISH FEBRICATION,150229.0,2026-08-27,"150,229.00 - 150,229.00",0.0,LOW,Payment In-Progress
TXN-000267,WS/MP18311/2024-2025/143656,V1,PUNJAB CEMENT AND IRON STORE,49700.0,2026-08-26,"39,000.00 - 49,700.00",12.06,LOW,Payment In-Progress
TXN-000268,WS/MP18311/2024-2025/143656,V1,PUNJAB CEMENT AND IRON STORE,49000.0,2026-08-26,"39,000.00 - 49,700.00",10.48,LOW,Payment In-Progress
TXN-000269,WS/MP18311/2024-2025/143656,V1,PUNJAB CEMENT AND IRON STORE,49700.0,2026-08-26,"39,000.00 - 49,700.00",12.06,LOW,Payment In-Progress
TXN-000270,WS/MP18311/2024-2025/143656,V1,PUNJAB CEMENT AND IRON STORE,48300.0,2026-08-26,"39,000.00 - 49,700.00",8.91,LOW,Payment In-Progress
TXN-000271,WS/MP18311/2024-2025/143656,V1,PUNJAB CEMENT AND IRON STORE,49000.0,2026-08-26,"39,000.00 - 49,700.00",10.48,LOW,Payment In-Progress
TXN-000272,WS/MP18311/2024-2025/143656,V1,PUNJAB CEMENT AND IRON STORE,45500.0,2026-08-26,"39,000.00 - 49,700.00",2.59,LOW,Payment In-Progress
TXN-000273,WS/MP18311/2024-2025/143656,V1,PUNJAB CEMENT AND IRON STORE,40161.0,2026-08-26,"39,000.00 - 49,700.00",-9.45,LOW,Payment In-Progress
TXN-000274,WS/MP18311/2024-2025/143656,V1,PUNJAB CEMENT AND IRON STORE,40000.0,2026-08-26,"39,000.00 - 49,700.00",-9.81,LOW,Payment In-Progress
TXN-000275,WS/MP18311/2024-2025/143656,V1,PUNJAB CEMENT AND IRON STORE,40000.0,2026-08-26,"39,000.00 - 49,700.00",-9.81,LOW,Payment In-Progress
TXN-000276,WS/MP18311/2024-2025/143656,V1,PUNJAB CEMENT AND IRON STORE,30000.0,2026-08-26,"39,000.00 - 49,700.00",-32.36,MEDIUM,Payment In-Progress
TXN-000277,WS/MP18339/2025-2026/249639,V1,SRIJAN CONSTRUCTION,2280018.0,2026-07-09,"2,280,018.00 - 2,280,018.00",0.0,LOW,Payment In-Progress
TXN-000278,WS/MP492/2026-2027/294027,V1,RAMJI CONSTRUCTION,8580000.0,2026-08-26,"8,580,000.00 - 8,580,000.00",0.0,LOW,Payment In-Progress
TXN-000279,WS/MP444/2025-2026/252365,V1,YADAV TRADERS,75000.0,2026-08-20,"75,000.00 - 75,000.00",0.0,LOW,Payment In-Progress
TXN-000280,WS/MP18100/2026-2027/261394,V1,GRAM PANCHAYAT MAU,40000.0,2026-08-25,"40,000.00 - 40,000.00",0.0,LOW,Payment In-Progress
TXN-000281,WS/MP18100/2026-2027/263127,V1,GRAM PANCHYAT KHAMI,100000.0,2026-08-19,"100,000.00 - 100,000.00",0.0,LOW,Payment In-Progress
TXN-000282,WS/MP18100/2026-2027/263129,V1,GRAM PANCHYAT LINGPANI,75000.0,2026-08-19,"75,000.00 - 75,000.00",0.0,LOW,Payment In-Progress
TXN-000283,WS/MP477/2026-2027/274283,V1,bdo lamgara royalty,11058.0,2026-08-27,"11,058.00 - 11,058.00",0.0,LOW,Payment In-Progress
TXN-000284,WS/MP18042/2026-2027/263185,V1,ASSISTANT ENGINEER HAYAGHAT,597335.0,2026-07-13,"617,005.60 - 774,968.00",-14.17,LOW,Payment In-Progress
TXN-000285,WS/MP18042/2026-2027/263187,V1,ASSISTANT ENGINEER HAYAGHAT,794788.0,2026-07-15,"617,005.60 - 774,968.00",14.2,LOW,Payment In-Progress
TXN-000286,WS/MP18055/2026-2027/276544,V1,SONIPUR GRAM PANCHAYAT New,248748.0,2026-08-24,"273,658.10 - 472,938.90",-33.36,MEDIUM,Payment In-Progress
TXN-000287,WS/MP18055/2026-2027/275220,V1,SONIPUR GRAM PANCHAYAT New,497849.0,2026-08-24,"273,658.10 - 472,938.90",33.36,MEDIUM,Payment In-Progress
TXN-000288,WS/MP18035/2025-2026/236048,V1,ASSISTANT ENGINEER MAKHDUMPUR,296680.0,2026-08-08,"296,680.00 - 296,680.00",0.0,LOW,Payment In-Progress
TXN-000289,WS/MP18035/2025-2026/238689,V1,ASSISTANT ENGINEER JEHANABAD,334265.0,2026-08-22,"334,265.00 - 334,265.00",0.0,LOW,Payment In-Progress
TXN-000290,WS/MP18042/2026-2027/259745,V1,ASSISTANT ENGINEER HAYAGHAT,695688.0,2026-08-18,"617,005.60 - 774,968.00",-0.04,LOW,Payment In-Progress
TXN-000291,WS/MP18024/2025-2026/183890,V1,Neog Hardware,200000.0,2026-08-27,"200,000.00 - 200,000.00",0.0,LOW,Payment In-Progress
TXN-000292,WS/MP18100/2026-2027/263396,V1,GRAM PANCHAYAT SAROTH,40000.0,2026-08-17,"40,000.00 - 40,000.00",0.0,LOW,Payment In-Progress
TXN-000293,WS/MP18223/2026-2027/195629,V1,MARUF ALI CONTRACTOR,1322274.0,2026-08-24,"1,322,274.00 - 1,322,274.00",0.0,LOW,Payment In-Progress
TXN-000294,WS/MP18100/2026-2027/263092,V1,sarpanch gp khajriantu,60000.0,2026-08-19,"60,000.00 - 60,000.00",0.0,LOW,Payment In-Progress
TXN-000295,WS/MP477/2026-2027/290928,V1,JITAN SAH,150000.0,2026-08-20,"150,000.00 - 150,000.00",0.0,LOW,Payment In-Progress
TXN-000296,WS/MP18100/2026-2027/263410,V1,sarpanch gp dhala,60000.0,2026-08-19,"60,000.00 - 60,000.00",0.0,LOW,Payment In-Progress
TXN-000297,WS/MP18311/2026-2027/272263,V1,KAILASH BRICK TRADERS,31920.0,2026-08-26,"31,920.00 - 31,920.00",0.0,LOW,Payment In-Progress
TXN-000298,WS/MP18328/2026-2027/269101,V1,GP Barot,60000.0,2026-08-25,"66,000.00 - 114,000.00",-33.33,MEDIUM,Payment In-Progress
TXN-000299,WS/MP18328/2026-2027/267693,V1,GP Barot,120000.0,2026-08-25,"66,000.00 - 114,000.00",33.33,MEDIUM,Payment In-Progress
TXN-000300,WS/MP728/2026-2027/299266,V1,JODHPUR VIDYUT VITARAN NIGAM LTD,151449.0,2026-08-20,"151,449.00 - 151,449.00",0.0,LOW,Payment In-Progress
TXN-000301,WS/MP417/2026-2027/276187,V1,ASSISTANT ENGINEER ISLAMPUR A C,398886.0,2026-08-18,"398,886.00 - 398,886.00",0.0,LOW,Payment In-Progress
TXN-000302,WS/MP490/2025-2026/241424,V1,SAI ENTERPRISES,537642.0,2026-08-12,"464,573.20 - 633,187.70",-2.05,LOW,Payment In-Progress
TXN-000303,WS/MP490/2025-2026/241431,V1,SAI ENTERPRISES,433258.0,2026-08-12,"464,573.20 - 633,187.70",-21.07,MEDIUM,Payment In-Progress
TXN-000304,WS/MP18100/2025-2026/179869,V1,Gram panchayat Ambada,240000.0,2026-08-27,"240,000.00 - 240,000.00",0.0,LOW,Payment In-Progress
TXN-000305,WS/MP18104/2026-2027/290510,V1,GRAM PANCHAYAT SURELA KISHOR SFC,125000.0,2026-08-25,"125,000.00 - 125,000.00",0.0,LOW,Payment In-Progress
TXN-000306,WS/MP18345/2025-2026/234719,V1,DIVYANSHU CONSTRUCTION,270155.0,2026-08-14,"248,921.30 - 267,795.70",4.57,LOW,Payment In-Progress
TXN-000307,WS/MP18345/2025-2026/234721,V1,DIVYANSHU CONSTRUCTION,246562.0,2026-08-14,"248,921.30 - 267,795.70",-4.57,LOW,Payment In-Progress
TXN-000308,WS/MP18048/2025-2026/200477,V1,sarpanchgram panchayat gadiya,450000.0,2025-09-25,"450,000.00 - 450,000.00",0.0,LOW,Payment In-Progress
TXN-000309,WS/MP18100/2025-2026/206194,V1,Gram panchayat Rajna,240000.0,2026-08-27,"240,000.00 - 240,000.00",0.0,LOW,Payment In-Progress
TXN-000310,WS/MP417/2026-2027/284374,V1,ASSISTANT ENGINEER HILSA A C,398826.0,2026-08-19,"398,826.00 - 398,826.00",0.0,LOW,Payment In-Progress
TXN-000311,WS/MP18328/2026-2027/269112,V1,GP Urla,80000.0,2026-08-25,"80,000.00 - 80,000.00",0.0,LOW,Payment In-Progress
TXN-000312,WS/MP18100/2026-2027/263076,V1,sarpanch gp khamrajethu,100000.0,2026-08-19,"100,000.00 - 100,000.00",0.0,LOW,Payment In-Progress
TXN-000313,WS/MP356/2026-2027/295201,V1,CEO JANPAD PANCHAYAT SITAMAU,75000.0,2026-08-27,"75,000.00 - 112,500.00",-20.0,MEDIUM,Payment In-Progress
TXN-000314,WS/MP356/2026-2027/294976,V1,CEO JANPAD PANCHAYAT SITAMAU,125000.0,2026-08-27,"75,000.00 - 112,500.00",33.33,MEDIUM,Payment In-Progress
TXN-000315,WS/MP356/2026-2027/284065,V1,CEO JANPAD PANCHAYAT SITAMAU,100000.0,2026-08-27,"75,000.00 - 112,500.00",6.67,LOW,Payment In-Progress
TXN-000316,WS/MP356/2026-2027/284014,V1,CEO JANPAD PANCHAYAT SITAMAU,100000.0,2026-08-27,"75,000.00 - 112,500.00",6.67,LOW,Payment In-Progress
TXN-000317,WS/MP356/2026-2027/277509,V1,CEO JANPAD PANCHAYAT SITAMAU,100000.0,2026-08-27,"75,000.00 - 112,500.00",6.67,LOW,Payment In-Progress
TXN-000318,WS/MP356/2025-2026/225529,V1,CEO JANPAD PANCHAYAT SITAMAU,75000.0,2026-08-27,"75,000.00 - 112,500.00",-20.0,MEDIUM,Payment In-Progress
TXN-000319,WS/MP18367/2026-2027/273453,V1,ASSISTANT ENGINEER,993491.0,2026-08-21,"249,455.60 - 910,820.40",71.25,HIGH,Payment In-Progress
TXN-000320,WS/MP18350/2025-2026/182265,V1,EMF,383.0,2026-08-17,151.50 - 345.80,54.03,HIGH,Payment In-Progress
TXN-000321,WS/MP777/2025-2026/225342,V1,Yashika Construction Co,868500.0,2026-08-06,"868,500.00 - 868,500.00",0.0,LOW,Payment In-Progress
TXN-000322,WS/MP638/2026-2027/294139,V1,GRAM PANCHAYAT BANDNI,180000.0,2026-08-21,"180,000.00 - 180,000.00",0.0,LOW,Payment In-Progress
TXN-000323,WS/MP18107/2025-2026/261266,V1,PUNNIYAKHIDI,148562.0,2026-07-13,"148,562.00 - 148,562.00",0.0,LOW,Payment In-Progress
TXN-000324,WS/MP300/2025-2026/226393,V1,EMF,232.0,2026-08-25,151.50 - 345.80,-6.7,LOW,Payment In-Progress
TXN-000325,WS/MP719/2025-2026/257055,V1,omparkash,294063.0,2026-08-20,"294,063.00 - 294,063.00",0.0,LOW,Payment In-Progress
TXN-000326,WS/MP433/2025-2026/194240,V1,EXECUTIVE ENGINER NREP GIRIDIH,498197.0,2026-07-06,"149,709.00 - 300,000.00",121.56,HIGH,Payment In-Progress
TXN-000327,WS/MP18042/2026-2027/259772,V1,PAVAN KUMARI DEVI,696543.0,2026-08-27,"696,543.00 - 696,543.00",0.0,LOW,Payment In-Progress
TXN-000328,WS/MP433/2025-2026/230763,V1,EXECUTIVE ENGINER NREP GIRIDIH,300000.0,2026-07-02,"149,709.00 - 300,000.00",33.42,MEDIUM,Payment In-Progress
TXN-000329,WS/MP533/2025-2026/226046,V1,Subansiri Traders Ziro,500000.0,2026-03-26,"250,000.00 - 500,000.00",33.33,MEDIUM,Payment In-Progress
TXN-000330,WS/MP533/2025-2026/226046,V1,Subansiri Traders Ziro,500000.0,2026-03-26,"250,000.00 - 500,000.00",33.33,MEDIUM,Payment In-Progress
TXN-000331,WS/MP533/2025-2026/226046,V1,Subansiri Traders Ziro,500000.0,2026-03-26,"250,000.00 - 500,000.00",33.33,MEDIUM,Payment In-Progress
TXN-000332,WS/MP533/2025-2026/226046,V1,Subansiri Traders Ziro,500000.0,2026-03-26,"250,000.00 - 500,000.00",33.33,MEDIUM,Payment In-Progress
TXN-000333,WS/MP533/2025-2026/226046,V1,Subansiri Traders Ziro,250000.0,2026-03-26,"250,000.00 - 500,000.00",-33.33,MEDIUM,Payment In-Progress
TXN-000334,WS/MP533/2025-2026/226046,V1,Subansiri Traders Ziro,250000.0,2026-03-26,"250,000.00 - 500,000.00",-33.33,MEDIUM,Payment In-Progress
TXN-000335,WS/MP18107/2024-2025/163615,V1,PATDI,120000.0,2026-07-03,"120,000.00 - 120,000.00",0.0,LOW,Payment In-Progress
TXN-000336,WS/MP18150/2026-2027/272840,V1,EMF,117.0,2026-08-21,151.50 - 345.80,-52.95,HIGH,Payment In-Progress
TXN-000337,WS/MP18150/2026-2027/272770,V1,EMF,259.0,2026-08-25,151.50 - 345.80,4.16,LOW,Payment In-Progress
TXN-000338,WS/MP433/2025-2026/194459,V1,EXECUTIVE ENGINER NREP GIRIDIH,300000.0,2026-06-19,"149,709.00 - 300,000.00",33.42,MEDIUM,Payment In-Progress
TXN-000339,WS/MP433/2026-2027/230802,V1,EXECUTIVE ENGINER NREP GIRIDIH,299221.0,2026-06-19,"149,709.00 - 300,000.00",33.07,MEDIUM,Payment In-Progress
TXN-000340,WS/MP433/2025-2026/230251,V1,EXECUTIVE ENGINER NREP GIRIDIH,299050.0,2026-06-15,"149,709.00 - 300,000.00",33.0,MEDIUM,Payment In-Progress
TXN-000341,WS/MP433/2025-2026/230253,V1,EXECUTIVE ENGINER NREP GIRIDIH,200000.0,2026-06-15,"149,709.00 - 300,000.00",-11.05,LOW,Payment In-Progress
TXN-000342,WS/MP433/2025-2026/230604,V1,EXECUTIVE ENGINER NREP GIRIDIH,250000.0,2026-07-17,"149,709.00 - 300,000.00",11.18,LOW,Payment In-Progress
TXN-000343,WS/MP433/2025-2026/194735,V1,EXECUTIVE ENGINER NREP GIRIDIH,300000.0,2026-07-17,"149,709.00 - 300,000.00",33.42,MEDIUM,Payment In-Progress
TXN-000344,WS/MP18055/2026-2027/275237,V1,DHUNADARA gram panchayat,399439.0,2026-08-21,"399,439.00 - 399,439.00",0.0,LOW,Payment In-Progress
TXN-000345,WS/MP18055/2026-2027/275228,V1,JESAPURA gram panchayat,99210.0,2026-08-21,"99,210.00 - 99,210.00",0.0,LOW,Payment In-Progress
TXN-000346,WS/MP18055/2026-2027/275222,V1,KHIJALPUR VANTA gram panchayat,299536.0,2026-08-21,"299,536.00 - 299,536.00",0.0,LOW,Payment In-Progress
TXN-000347,WS/MP18055/2026-2027/275238,V1,PORDA gram panchayat,197883.0,2026-08-21,"197,883.00 - 197,883.00",0.0,LOW,Payment In-Progress
TXN-000348,WS/MP18055/2026-2027/275224,V1,KOTARIYA gram panchayat,149494.0,2026-08-21,"149,494.00 - 149,494.00",0.0,LOW,Payment In-Progress
TXN-000349,WS/MP18055/2026-2027/275223,V1,VAJEWAL grampanchayat,149494.0,2026-08-21,"149,494.00 - 149,494.00",0.0,LOW,Payment In-Progress
TXN-000350,WS/MP18055/2026-2027/275241,V1,UMBA grampanchayat,249332.0,2026-08-17,"249,332.00 - 249,332.00",0.0,LOW,Payment In-Progress
TXN-000351,WS/MP18031/2025-2026/254176,V1,ASSISTANT ENGINEER BELAGANJ,917732.0,2026-08-24,"917,732.00 - 917,732.00",0.0,LOW,Payment In-Progress
TXN-000352,WS/MP638/2026-2027/236221,V1,GRAM PANCHAYAT SARSED,124582.0,2026-08-20,"124,582.00 - 124,582.00",0.0,LOW,Payment In-Progress
TXN-000353,WS/MP446/2026-2027/288488,V1,GRAM PANCHAYAT BAMITHA,300000.0,2026-08-21,"300,000.00 - 300,000.00",0.0,LOW,Payment In-Progress
TXN-000354,WS/MP446/2026-2027/288623,V1,GRAM PANCHAYAT BAMITHA,300000.0,2026-08-21,"300,000.00 - 300,000.00",0.0,LOW,Payment In-Progress
TXN-000355,WS/MP313/2026-2027/296372,V1,MS W M TRADERS,75000.0,2026-08-25,"75,000.00 - 75,000.00",0.0,LOW,Payment In-Progress
TXN-000356,WS/MP313/2026-2027/296373,V1,MS W M TRADERS,75000.0,2026-08-25,"75,000.00 - 75,000.00",0.0,LOW,Payment In-Progress
TXN-000357,WS/MP435/2025-2026/228337,V1,AMIT KUMAR,93000.0,2026-08-27,"22,351.20 - 126,127.50",25.27,MEDIUM,Payment In-Progress
TXN-000358,WS/MP18328/2025-2026/195262,V1,GRAM PANCHAYAT KUMMI,20000.0,2026-08-24,"20,000.00 - 20,000.00",0.0,LOW,Payment In-Progress
TXN-000359,WS/MP18102/2026-2027/287005,V1,Gram Panchayat Sundrel J P Dharmpuri Dhar,250000.0,2026-08-27,"250,000.00 - 250,000.00",0.0,LOW,Payment In-Progress
TXN-000360,WS/MP468/2025-2026/235850,V1,GOVIND DAS ARYA,124740.0,2026-08-21,"124,757.20 - 124,866.00",-0.06,LOW,Payment In-Progress
TXN-000361,WS/MP468/2025-2026/235862,V1,GOVIND DAS ARYA,124826.0,2026-08-21,"124,757.20 - 124,866.00",0.01,LOW,Payment In-Progress
TXN-000362,WS/MP468/2025-2026/235851,V1,GOVIND DAS ARYA,124876.0,2026-08-21,"124,757.20 - 124,866.00",0.05,LOW,Payment In-Progress
TXN-000363,WS/MP435/2025-2026/228481,V1,AMIT KUMAR,56850.0,2026-05-30,"22,351.20 - 126,127.50",-23.42,MEDIUM,Payment In-Progress
TXN-000364,WS/MP435/2025-2026/228334,V1,AMIT KUMAR,140325.0,2026-05-30,"22,351.20 - 126,127.50",89.02,HIGH,Payment In-Progress
TXN-000365,WS/MP477/2026-2027/290927,V1,MS MEENAKSHI HARDWARE,187900.0,2026-08-19,"90,070.00 - 177,030.00",40.7,MEDIUM,Payment In-Progress
TXN-000366,WS/MP477/2026-2027/290927,V1,MS MEENAKSHI HARDWARE,79200.0,2026-08-19,"90,070.00 - 177,030.00",-40.7,MEDIUM,Payment In-Progress
TXN-000367,WS/MP380/2025-2026/192934,V1,TARA SINGH BKO,22854.0,2026-08-26,"22,854.00 - 22,854.00",0.0,LOW,Payment In-Progress
TXN-000368,WS/MP446/2026-2027/288627,V1,GRAM PANCHAYAT BUMHORIPURWA,300000.0,2026-08-21,"300,000.00 - 300,000.00",0.0,LOW,Payment In-Progress
TXN-000369,WS/MP825/2025-2026/265915,V1,A K CONSTRUCTION,147378.0,2026-08-18,"147,378.00 - 149,574.00",-0.74,LOW,Payment In-Progress
TXN-000370,WS/MP825/2025-2026/265921,V1,A K CONSTRUCTION,147378.0,2026-08-18,"147,378.00 - 149,574.00",-0.74,LOW,Payment In-Progress
TXN-000371,WS/MP825/2025-2026/265912,V1,A K CONSTRUCTION,148770.0,2026-08-18,"147,378.00 - 149,574.00",0.2,LOW,Payment In-Progress
TXN-000372,WS/MP825/2025-2026/265918,V1,A K CONSTRUCTION,148609.0,2026-08-18,"147,378.00 - 149,574.00",0.09,LOW,Payment In-Progress
TXN-000373,WS/MP825/2025-2026/265920,V1,A K CONSTRUCTION,149253.0,2026-08-18,"147,378.00 - 149,574.00",0.52,LOW,Payment In-Progress
TXN-000374,WS/MP825/2025-2026/265916,V1,A K CONSTRUCTION,147378.0,2026-08-18,"147,378.00 - 149,574.00",-0.74,LOW,Payment In-Progress
TXN-000375,WS/MP825/2025-2026/265914,V1,A K CONSTRUCTION,147103.0,2026-08-18,"147,378.00 - 149,574.00",-0.92,LOW,Payment In-Progress
TXN-000376,WS/MP825/2025-2026/265922,V1,A K CONSTRUCTION,148609.0,2026-08-18,"147,378.00 - 149,574.00",0.09,LOW,Payment In-Progress
TXN-000377,WS/MP825/2025-2026/265919,V1,A K CONSTRUCTION,149574.0,2026-08-18,"147,378.00 - 149,574.00",0.74,LOW,Payment In-Progress
TXN-000378,WS/MP825/2025-2026/265913,V1,A K CONSTRUCTION,148184.0,2026-08-18,"147,378.00 - 149,574.00",-0.2,LOW,Payment In-Progress
TXN-000379,WS/MP18366/2026-2027/293244,V1,ASSISTANT ENGINEER LAEO SHEIKHURA BARBIGHA,1286889.0,2026-08-22,"1,286,889.00 - 1,286,889.00",0.0,LOW,Payment In-Progress
TXN-000380,WS/MP18109/2025-2026/240681,V1,SE O and M MPPKVVCL SIDHI,97276.0,2026-08-14,"39,132.00 - 435,675.00",-59.03,HIGH,Payment In-Progress
TXN-000381,WS/MP18109/2025-2026/240680,V1,SE O and M MPPKVVCL SIDHI,154652.0,2026-08-18,"39,132.00 - 435,675.00",-34.86,MEDIUM,Payment In-Progress
TXN-000382,WS/MP18109/2025-2026/240688,V1,SE O and M MPPKVVCL SIDHI,29584.0,2026-08-18,"39,132.00 - 435,675.00",-87.54,HIGH,Payment In-Progress
TXN-000383,WS/MP18109/2025-2026/240689,V1,SE O and M MPPKVVCL SIDHI,70330.0,2026-08-18,"39,132.00 - 435,675.00",-70.38,HIGH,Payment In-Progress
TXN-000384,WS/MP18109/2025-2026/240687,V1,SE O and M MPPKVVCL SIDHI,80296.0,2026-08-18,"39,132.00 - 435,675.00",-66.18,HIGH,Payment In-Progress
TXN-000385,WS/MP432/2026-2027/247366,V1,Gram Panchayat Batuhi,100000.0,2026-08-27,"100,000.00 - 100,000.00",0.0,LOW,Payment In-Progress
TXN-000386,WS/MP432/2026-2027/247365,V1,Gram Panchayat Batuhi,100000.0,2026-08-27,"100,000.00 - 100,000.00",0.0,LOW,Payment In-Progress
TXN-000387,WS/MP18101/2025-2026/229926,V1,MP STATE AGRO CHHATARPUR,364616.0,2026-08-19,"364,616.00 - 364,616.00",0.0,LOW,Payment In-Progress
TXN-000388,WS/MP18131/2025-2026/200890,V1,NINAD VIKHALE,999000.0,2026-08-24,"999,000.00 - 999,000.00",0.0,LOW,Payment In-Progress
TXN-000389,WS/MP18232/2026-2027/232685,V1,Khand vikas adhari,75442.0,2026-08-23,"75,442.00 - 75,442.00",0.0,LOW,Payment In-Progress
TXN-000390,WS/MP18404/2025-2026/251604,V1,Gul Ahmad Contractor,26819.0,2026-03-24,"26,819.00 - 26,819.00",0.0,LOW,Payment In-Progress
TXN-000391,WS/MP18404/2025-2026/251603,V1,Gul Ahmad Contractor,26819.0,2026-03-24,"26,819.00 - 26,819.00",0.0,LOW,Payment In-Progress
TXN-000392,WS/MP18404/2025-2026/251609,V1,Gul Ahmad Contractor,26819.0,2026-03-24,"26,819.00 - 26,819.00",0.0,LOW,Payment In-Progress
TXN-000393,WS/MP18404/2025-2026/251611,V1,Gul Ahmad Contractor,26819.0,2026-03-24,"26,819.00 - 26,819.00",0.0,LOW,Payment In-Progress
TXN-000394,WS/MP18404/2025-2026/251613,V1,Gul Ahmad Contractor,26819.0,2026-03-24,"26,819.00 - 26,819.00",0.0,LOW,Payment In-Progress
TXN-000395,WS/MP18404/2025-2026/251608,V1,Gul Ahmad Contractor,26819.0,2026-03-24,"26,819.00 - 26,819.00",0.0,LOW,Payment In-Progress
TXN-000396,WS/MP18404/2025-2026/251617,V1,Gul Ahmad Contractor,26819.0,2026-03-24,"26,819.00 - 26,819.00",0.0,LOW,Payment In-Progress
TXN-000397,WS/MP18404/2025-2026/251615,V1,Gul Ahmad Contractor,26819.0,2026-03-24,"26,819.00 - 26,819.00",0.0,LOW,Payment In-Progress
TXN-000398,WS/MP18404/2025-2026/251616,V1,Gul Ahmad Contractor,26819.0,2026-03-24,"26,819.00 - 26,819.00",0.0,LOW,Payment In-Progress
TXN-000399,WS/MP18404/2025-2026/251622,V1,Gul Ahmad Contractor,26819.0,2026-03-24,"26,819.00 - 26,819.00",0.0,LOW,Payment In-Progress
TXN-000400,WS/MP18404/2025-2026/251614,V1,Gul Ahmad Contractor,26819.0,2026-03-24,"26,819.00 - 26,819.00",0.0,LOW,Payment In-Progress
TXN-000401,WS/MP18404/2025-2026/251629,V1,Gul Ahmad Contractor,26819.0,2026-03-24,"26,819.00 - 26,819.00",0.0,LOW,Payment In-Progress
TXN-000402,WS/MP18404/2025-2026/251631,V1,Gul Ahmad Contractor,26819.0,2026-03-24,"26,819.00 - 26,819.00",0.0,LOW,Payment In-Progress
TXN-000403,WS/MP18404/2025-2026/251627,V1,Gul Ahmad Contractor,26819.0,2026-03-24,"26,819.00 - 26,819.00",0.0,LOW,Payment In-Progress
TXN-000404,WS/MP18404/2025-2026/251618,V1,Gul Ahmad Contractor,26819.0,2026-03-24,"26,819.00 - 26,819.00",0.0,LOW,Payment In-Progress
TXN-000405,WS/MP18404/2025-2026/251619,V1,Gul Ahmad Contractor,26819.0,2026-03-24,"26,819.00 - 26,819.00",0.0,LOW,Payment In-Progress
TXN-000406,WS/MP18404/2025-2026/251620,V1,Gul Ahmad Contractor,26819.0,2026-03-24,"26,819.00 - 26,819.00",0.0,LOW,Payment In-Progress
TXN-000407,WS/MP18404/2025-2026/251634,V1,Gul Ahmad Contractor,26819.0,2026-03-24,"26,819.00 - 26,819.00",0.0,LOW,Payment In-Progress
TXN-000408,WS/MP18404/2025-2026/251640,V1,Gul Ahmad Contractor,26819.0,2026-03-24,"26,819.00 - 26,819.00",0.0,LOW,Payment In-Progress
TXN-000409,WS/MP18404/2025-2026/251633,V1,Gul Ahmad Contractor,26819.0,2026-03-24,"26,819.00 - 26,819.00",0.0,LOW,Payment In-Progress
TXN-000410,WS/MP18404/2025-2026/251645,V1,Gul Ahmad Contractor,26819.0,2026-03-24,"26,819.00 - 26,819.00",0.0,LOW,Payment In-Progress
TXN-000411,WS/MP18404/2025-2026/251637,V1,Gul Ahmad Contractor,26819.0,2026-03-24,"26,819.00 - 26,819.00",0.0,LOW,Payment In-Progress
TXN-000412,WS/MP18404/2025-2026/251638,V1,Gul Ahmad Contractor,26819.0,2026-03-24,"26,819.00 - 26,819.00",0.0,LOW,Payment In-Progress
TXN-000413,WS/MP18404/2025-2026/251639,V1,Gul Ahmad Contractor,26819.0,2026-03-24,"26,819.00 - 26,819.00",0.0,LOW,Payment In-Progress
TXN-000414,WS/MP18404/2025-2026/251635,V1,Gul Ahmad Contractor,26819.0,2026-03-24,"26,819.00 - 26,819.00",0.0,LOW,Payment In-Progress
TXN-000415,WS/MP18404/2025-2026/251628,V1,Gul Ahmad Contractor,26819.0,2026-03-24,"26,819.00 - 26,819.00",0.0,LOW,Payment In-Progress
TXN-000416,WS/MP18404/2025-2026/251630,V1,Gul Ahmad Contractor,26819.0,2026-03-24,"26,819.00 - 26,819.00",0.0,LOW,Payment In-Progress
TXN-000417,WS/MP18404/2025-2026/251606,V1,Gul Ahmad Contractor,26819.0,2026-03-24,"26,819.00 - 26,819.00",0.0,LOW,Payment In-Progress
TXN-000418,WS/MP18404/2025-2026/251600,V1,Gul Ahmad Contractor,26819.0,2026-03-24,"26,819.00 - 26,819.00",0.0,LOW,Payment In-Progress
TXN-000419,WS/MP18404/2025-2026/251601,V1,Gul Ahmad Contractor,26819.0,2026-03-24,"26,819.00 - 26,819.00",0.0,LOW,Payment In-Progress
TXN-000420,WS/MP18404/2025-2026/251602,V1,Gul Ahmad Contractor,26819.0,2026-03-24,"26,819.00 - 26,819.00",0.0,LOW,Payment In-Progress
TXN-000421,WS/MP18404/2025-2026/251593,V1,Gul Ahmad Contractor,26819.0,2026-03-24,"26,819.00 - 26,819.00",0.0,LOW,Payment In-Progress
TXN-000422,WS/MP18404/2025-2026/251594,V1,Gul Ahmad Contractor,26819.0,2026-03-24,"26,819.00 - 26,819.00",0.0,LOW,Payment In-Progress
TXN-000423,WS/MP18404/2025-2026/251597,V1,Gul Ahmad Contractor,26819.0,2026-03-24,"26,819.00 - 26,819.00",0.0,LOW,Payment In-Progress
TXN-000424,WS/MP18404/2025-2026/251598,V1,Gul Ahmad Contractor,26819.0,2026-03-24,"26,819.00 - 26,819.00",0.0,LOW,Payment In-Progress
TXN-000425,WS/MP18404/2025-2026/251599,V1,Gul Ahmad Contractor,26819.0,2026-03-24,"26,819.00 - 26,819.00",0.0,LOW,Payment In-Progress
TXN-000426,WS/MP18404/2025-2026/251592,V1,Gul Ahmad Contractor,26819.0,2026-03-24,"26,819.00 - 26,819.00",0.0,LOW,Payment In-Progress
TXN-000427,WS/MP18404/2025-2026/251737,V1,Gul Ahmad Contractor,26819.0,2026-03-24,"26,819.00 - 26,819.00",0.0,LOW,Payment In-Progress
TXN-000428,WS/MP18404/2025-2026/251731,V1,Gul Ahmad Contractor,26819.0,2026-03-23,"26,819.00 - 26,819.00",0.0,LOW,Payment In-Progress
TXN-000429,WS/MP18404/2025-2026/251733,V1,Gul Ahmad Contractor,26819.0,2026-03-23,"26,819.00 - 26,819.00",0.0,LOW,Payment In-Progress
TXN-000430,WS/MP18404/2025-2026/251729,V1,Gul Ahmad Contractor,26819.0,2026-03-23,"26,819.00 - 26,819.00",0.0,LOW,Payment In-Progress
TXN-000431,WS/MP18404/2025-2026/251740,V1,Gul Ahmad Contractor,26819.0,2026-03-23,"26,819.00 - 26,819.00",0.0,LOW,Payment In-Progress
TXN-000432,WS/MP18404/2025-2026/251739,V1,Gul Ahmad Contractor,26819.0,2026-03-23,"26,819.00 - 26,819.00",0.0,LOW,Payment In-Progress
TXN-000433,WS/MP18404/2025-2026/251730,V1,Gul Ahmad Contractor,26819.0,2026-03-23,"26,819.00 - 26,819.00",0.0,LOW,Payment In-Progress
TXN-000434,WS/MP18404/2025-2026/251708,V1,Gul Ahmad Contractor,26819.0,2026-03-23,"26,819.00 - 26,819.00",0.0,LOW,Payment In-Progress
TXN-000435,WS/MP18404/2025-2026/251707,V1,Gul Ahmad Contractor,26819.0,2026-03-23,"26,819.00 - 26,819.00",0.0,LOW,Payment In-Progress
TXN-000436,WS/MP18404/2025-2026/251709,V1,Gul Ahmad Contractor,26819.0,2026-03-23,"26,819.00 - 26,819.00",0.0,LOW,Payment In-Progress
TXN-000437,WS/MP18404/2025-2026/251710,V1,Gul Ahmad Contractor,26819.0,2026-03-23,"26,819.00 - 26,819.00",0.0,LOW,Payment In-Progress
TXN-000438,WS/MP18404/2025-2026/251703,V1,Gul Ahmad Contractor,26819.0,2026-03-23,"26,819.00 - 26,819.00",0.0,LOW,Payment In-Progress
TXN-000439,WS/MP18404/2025-2026/251732,V1,Gul Ahmad Contractor,26819.0,2026-03-23,"26,819.00 - 26,819.00",0.0,LOW,Payment In-Progress
TXN-000440,WS/MP18404/2025-2026/251711,V1,Gul Ahmad Contractor,26819.0,2026-03-23,"26,819.00 - 26,819.00",0.0,LOW,Payment In-Progress
TXN-000441,WS/MP18404/2025-2026/251704,V1,Gul Ahmad Contractor,26819.0,2026-03-23,"26,819.00 - 26,819.00",0.0,LOW,Payment In-Progress
TXN-000442,WS/MP18404/2025-2026/251705,V1,Gul Ahmad Contractor,26819.0,2026-03-23,"26,819.00 - 26,819.00",0.0,LOW,Payment In-Progress
TXN-000443,WS/MP18404/2025-2026/251706,V1,Gul Ahmad Contractor,26819.0,2026-03-23,"26,819.00 - 26,819.00",0.0,LOW,Payment In-Progress
TXN-000444,WS/MP18404/2025-2026/251698,V1,Gul Ahmad Contractor,26819.0,2026-03-23,"26,819.00 - 26,819.00",0.0,LOW,Payment In-Progress
TXN-000445,WS/MP18404/2025-2026/251699,V1,Gul Ahmad Contractor,26819.0,2026-03-23,"26,819.00 - 26,819.00",0.0,LOW,Payment In-Progress
TXN-000446,WS/MP18404/2025-2026/251697,V1,Gul Ahmad Contractor,26819.0,2026-03-23,"26,819.00 - 26,819.00",0.0,LOW,Payment In-Progress
TXN-000447,WS/MP18404/2025-2026/251696,V1,Gul Ahmad Contractor,26819.0,2026-03-23,"26,819.00 - 26,819.00",0.0,LOW,Payment In-Progress
TXN-000448,WS/MP18404/2025-2026/251702,V1,Gul Ahmad Contractor,26819.0,2026-03-23,"26,819.00 - 26,819.00",0.0,LOW,Payment In-Progress
TXN-000449,WS/MP18404/2025-2026/251700,V1,Gul Ahmad Contractor,26819.0,2026-03-23,"26,819.00 - 26,819.00",0.0,LOW,Payment In-Progress
TXN-000450,WS/MP18404/2025-2026/251701,V1,Gul Ahmad Contractor,26819.0,2026-03-23,"26,819.00 - 26,819.00",0.0,LOW,Payment In-Progress
TXN-000451,WS/MP18404/2025-2026/251657,V1,Gul Ahmad Contractor,26819.0,2026-03-24,"26,819.00 - 26,819.00",0.0,LOW,Payment In-Progress
TXN-000452,WS/MP18404/2025-2026/251656,V1,Gul Ahmad Contractor,26819.0,2026-03-24,"26,819.00 - 26,819.00",0.0,LOW,Payment In-Progress
TXN-000453,WS/MP18404/2025-2026/251665,V1,Gul Ahmad Contractor,26819.0,2026-03-24,"26,819.00 - 26,819.00",0.0,LOW,Payment In-Progress
TXN-000454,WS/MP18404/2025-2026/251666,V1,Gul Ahmad Contractor,26819.0,2026-03-24,"26,819.00 - 26,819.00",0.0,LOW,Payment In-Progress
TXN-000455,WS/MP18404/2025-2026/251667,V1,Gul Ahmad Contractor,26819.0,2026-03-24,"26,819.00 - 26,819.00",0.0,LOW,Payment In-Progress
TXN-000456,WS/MP18404/2025-2026/251658,V1,Gul Ahmad Contractor,26819.0,2026-03-24,"26,819.00 - 26,819.00",0.0,LOW,Payment In-Progress
TXN-000457,WS/MP18404/2025-2026/251655,V1,Gul Ahmad Contractor,26819.0,2026-03-24,"26,819.00 - 26,819.00",0.0,LOW,Payment In-Progress
TXN-000458,WS/MP18404/2025-2026/251646,V1,Gul Ahmad Contractor,26819.0,2026-03-24,"26,819.00 - 26,819.00",0.0,LOW,Payment In-Progress
TXN-000459,WS/MP18404/2025-2026/251659,V1,Gul Ahmad Contractor,26819.0,2026-03-24,"26,819.00 - 26,819.00",0.0,LOW,Payment In-Progress
TXN-000460,WS/MP18404/2025-2026/251647,V1,Gul Ahmad Contractor,26819.0,2026-03-24,"26,819.00 - 26,819.00",0.0,LOW,Payment In-Progress
TXN-000461,WS/MP18404/2025-2026/251641,V1,Gul Ahmad Contractor,26819.0,2026-03-24,"26,819.00 - 26,819.00",0.0,LOW,Payment In-Progress
TXN-000462,WS/MP18404/2025-2026/251642,V1,Gul Ahmad Contractor,26819.0,2026-03-24,"26,819.00 - 26,819.00",0.0,LOW,Payment In-Progress
TXN-000463,WS/MP18404/2025-2026/251643,V1,Gul Ahmad Contractor,26819.0,2026-03-24,"26,819.00 - 26,819.00",0.0,LOW,Payment In-Progress
TXN-000464,WS/MP18404/2025-2026/251644,V1,Gul Ahmad Contractor,26819.0,2026-03-24,"26,819.00 - 26,819.00",0.0,LOW,Payment In-Progress
TXN-000465,WS/MP18404/2025-2026/251662,V1,Gul Ahmad Contractor,26819.0,2026-03-24,"26,819.00 - 26,819.00",0.0,LOW,Payment In-Progress
TXN-000466,WS/MP18404/2025-2026/251663,V1,Gul Ahmad Contractor,26819.0,2026-03-24,"26,819.00 - 26,819.00",0.0,LOW,Payment In-Progress
TXN-000467,WS/MP18404/2025-2026/251664,V1,Gul Ahmad Contractor,26819.0,2026-03-24,"26,819.00 - 26,819.00",0.0,LOW,Payment In-Progress
TXN-000468,WS/MP18404/2025-2026/251672,V1,Gul Ahmad Contractor,26819.0,2026-03-24,"26,819.00 - 26,819.00",0.0,LOW,Payment In-Progress
TXN-000469,WS/MP18404/2025-2026/251670,V1,Gul Ahmad Contractor,26819.0,2026-03-24,"26,819.00 - 26,819.00",0.0,LOW,Payment In-Progress
TXN-000470,WS/MP18404/2025-2026/251661,V1,Gul Ahmad Contractor,26819.0,2026-03-24,"26,819.00 - 26,819.00",0.0,LOW,Payment In-Progress
TXN-000471,WS/MP18404/2025-2026/251673,V1,Gul Ahmad Contractor,26819.0,2026-03-24,"26,819.00 - 26,819.00",0.0,LOW,Payment In-Progress
TXN-000472,WS/MP18404/2025-2026/251669,V1,Gul Ahmad Contractor,26819.0,2026-03-24,"26,819.00 - 26,819.00",0.0,LOW,Payment In-Progress
TXN-000473,WS/MP18404/2025-2026/251694,V1,Gul Ahmad Contractor,26819.0,2026-03-24,"26,819.00 - 26,819.00",0.0,LOW,Payment In-Progress
TXN-000474,WS/MP18404/2025-2026/251695,V1,Gul Ahmad Contractor,26819.0,2026-03-24,"26,819.00 - 26,819.00",0.0,LOW,Payment In-Progress
TXN-000475,WS/MP18404/2025-2026/251687,V1,Gul Ahmad Contractor,26819.0,2026-03-24,"26,819.00 - 26,819.00",0.0,LOW,Payment In-Progress
TXN-000476,WS/MP18404/2025-2026/251688,V1,Gul Ahmad Contractor,26819.0,2026-03-24,"26,819.00 - 26,819.00",0.0,LOW,Payment In-Progress
TXN-000477,WS/MP18404/2025-2026/251680,V1,Gul Ahmad Contractor,26819.0,2026-03-24,"26,819.00 - 26,819.00",0.0,LOW,Payment In-Progress
TXN-000478,WS/MP18404/2025-2026/251677,V1,Gul Ahmad Contractor,26819.0,2026-03-24,"26,819.00 - 26,819.00",0.0,LOW,Payment In-Progress
TXN-000479,WS/MP18404/2025-2026/251678,V1,Gul Ahmad Contractor,26819.0,2026-03-24,"26,819.00 - 26,819.00",0.0,LOW,Payment In-Progress
TXN-000480,WS/MP18404/2025-2026/251679,V1,Gul Ahmad Contractor,26819.0,2026-03-24,"26,819.00 - 26,819.00",0.0,LOW,Payment In-Progress
TXN-000481,WS/MP18404/2025-2026/251668,V1,Gul Ahmad Contractor,26819.0,2026-03-24,"26,819.00 - 26,819.00",0.0,LOW,Payment In-Progress
TXN-000482,WS/MP18404/2025-2026/251746,V1,Gul Ahmad Contractor,26819.0,2026-03-24,"26,819.00 - 26,819.00",0.0,LOW,Payment In-Progress
TXN-000483,WS/MP18404/2025-2026/251747,V1,Gul Ahmad Contractor,26819.0,2026-03-24,"26,819.00 - 26,819.00",0.0,LOW,Payment In-Progress
TXN-000484,WS/MP18404/2025-2026/251748,V1,Gul Ahmad Contractor,26819.0,2026-03-24,"26,819.00 - 26,819.00",0.0,LOW,Payment In-Progress
TXN-000485,WS/MP18404/2025-2026/251750,V1,Gul Ahmad Contractor,26819.0,2026-03-24,"26,819.00 - 26,819.00",0.0,LOW,Payment In-Progress
TXN-000486,WS/MP18404/2025-2026/251751,V1,Gul Ahmad Contractor,26819.0,2026-03-24,"26,819.00 - 26,819.00",0.0,LOW,Payment In-Progress
TXN-000487,WS/MP18404/2025-2026/251741,V1,Gul Ahmad Contractor,26819.0,2026-03-24,"26,819.00 - 26,819.00",0.0,LOW,Payment In-Progress
TXN-000488,WS/MP18404/2025-2026/251742,V1,Gul Ahmad Contractor,26819.0,2026-03-24,"26,819.00 - 26,819.00",0.0,LOW,Payment In-Progress
TXN-000489,WS/MP18404/2025-2026/251744,V1,Gul Ahmad Contractor,26819.0,2026-03-24,"26,819.00 - 26,819.00",0.0,LOW,Payment In-Progress
TXN-000490,WS/MP18404/2025-2026/251745,V1,Gul Ahmad Contractor,26819.0,2026-03-24,"26,819.00 - 26,819.00",0.0,LOW,Payment In-Progress
TXN-000491,WS/MP18404/2025-2026/251734,V1,Gul Ahmad Contractor,26819.0,2026-03-24,"26,819.00 - 26,819.00",0.0,LOW,Payment In-Progress
TXN-000492,WS/MP18404/2025-2026/251735,V1,Gul Ahmad Contractor,26819.0,2026-03-24,"26,819.00 - 26,819.00",0.0,LOW,Payment In-Progress
TXN-000493,WS/MP18404/2025-2026/251736,V1,Gul Ahmad Contractor,26819.0,2026-03-24,"26,819.00 - 26,819.00",0.0,LOW,Payment In-Progress
TXN-000494,WS/MP18404/2025-2026/251689,V1,Gul Ahmad Contractor,26819.0,2026-03-24,"26,819.00 - 26,819.00",0.0,LOW,Payment In-Progress
TXN-000495,WS/MP18404/2025-2026/251690,V1,Gul Ahmad Contractor,26819.0,2026-03-24,"26,819.00 - 26,819.00",0.0,LOW,Payment In-Progress
TXN-000496,WS/MP18404/2025-2026/251691,V1,Gul Ahmad Contractor,26819.0,2026-03-24,"26,819.00 - 26,819.00",0.0,LOW,Payment In-Progress
TXN-000497,WS/MP18404/2025-2026/251692,V1,Gul Ahmad Contractor,26819.0,2026-03-24,"26,819.00 - 26,819.00",0.0,LOW,Payment In-Progress
TXN-000498,WS/MP18404/2025-2026/251693,V1,Gul Ahmad Contractor,26819.0,2026-03-24,"26,819.00 - 26,819.00",0.0,LOW,Payment In-Progress
TXN-000499,WS/MP433/2026-2027/269512,V1,RAJ KUMAR SAGAR,199862.0,2026-06-22,"199,862.00 - 199,862.00",0.0,LOW,Payment In-Progress
TXN-000500,WS/MP18321/2025-2026/271406,V1,JORAJINA MUVADA GRAM PANCHAYAT,500000.0,2026-08-25,"500,000.00 - 500,000.00",0.0,LOW,Payment In-Progress
TXN-000501,WS/MP457/2025-2026/258847,V1,VDH ENGINEERING SERVICES,245509.0,2026-08-25,"245,509.00 - 245,509.00",0.0,LOW,Payment In-Progress
TXN-000502,WS/MP457/2025-2026/258858,V1,VDH ENGINEERING SERVICES,245509.0,2026-08-25,"245,509.00 - 245,509.00",0.0,LOW,Payment In-Progress
TXN-000503,WS/MP457/2025-2026/258846,V1,VDH ENGINEERING SERVICES,245509.0,2026-08-25,"245,509.00 - 245,509.00",0.0,LOW,Payment In-Progress
TXN-000504,WS/MP457/2025-2026/258845,V1,VDH ENGINEERING SERVICES,245509.0,2026-08-25,"245,509.00 - 245,509.00",0.0,LOW,Payment In-Progress
TXN-000505,WS/MP794/2025-2026/228251,V1,AMARNATH PANDEY AMARNATH PANDEY CONTRACTOR,432983.0,2026-08-25,"97,450.00 - 383,053.10",80.22,HIGH,Payment In-Progress
TXN-000506,WS/MP794/2025-2026/228261,V1,AMARNATH PANDEY AMARNATH PANDEY CONTRACTOR,82414.0,2026-08-25,"97,450.00 - 383,053.10",-65.7,HIGH,Payment In-Progress
TXN-000507,WS/MP794/2025-2026/228257,V1,AMARNATH PANDEY AMARNATH PANDEY CONTRACTOR,266550.0,2026-08-25,"97,450.00 - 383,053.10",10.95,LOW,Payment In-Progress
TXN-000508,WS/MP794/2025-2026/228252,V1,AMARNATH PANDEY AMARNATH PANDEY CONTRACTOR,132534.0,2026-08-25,"97,450.00 - 383,053.10",-44.84,MEDIUM,Payment In-Progress
TXN-000509,WS/MP429/2025-2026/246855,V1,GRAM PANCHAYAT BARIUMRAON,180000.0,2026-08-11,"180,000.00 - 180,000.00",0.0,LOW,Payment In-Progress
TXN-000510,WS/MP18311/2025-2026/255978,V1,MODERN METAL CRAFTS,300000.0,2026-07-15,"305,000.00 - 345,000.00",-7.69,LOW,Payment In-Progress
TXN-000511,WS/MP468/2025-2026/235770,V1,OM PRAKASH ARYA,124752.0,2026-08-21,"81,004.80 - 124,868.50",21.19,MEDIUM,Payment In-Progress
TXN-000512,WS/MP468/2025-2026/235769,V1,OM PRAKASH ARYA,62256.0,2026-08-21,"81,004.80 - 124,868.50",-39.52,MEDIUM,Payment In-Progress
TXN-000513,WS/MP468/2025-2026/235859,V1,OM PRAKASH ARYA,124876.0,2026-08-21,"81,004.80 - 124,868.50",21.31,MEDIUM,Payment In-Progress
TXN-000514,WS/MP468/2025-2026/235878,V1,OM PRAKASH ARYA,124851.0,2026-08-21,"81,004.80 - 124,868.50",21.29,MEDIUM,Payment In-Progress
TXN-000515,WS/MP18352/2025-2026/186281,V1,MS Suresh Chauhan,390238.0,2026-08-20,"390,238.00 - 390,238.00",0.0,LOW,Payment In-Progress
TXN-000516,WS/MP334/2025-2026/211278,V1,EXECUTIVE ENGINER NREP GIRIDIH,349924.0,2026-06-20,"149,709.00 - 300,000.00",55.62,HIGH,Payment In-Progress
TXN-000517,WS/MP334/2025-2026/211275,V1,EXECUTIVE ENGINER NREP GIRIDIH,399490.0,2026-06-27,"149,709.00 - 300,000.00",77.67,HIGH,Payment In-Progress
TXN-000518,WS/MP334/2024-2025/144879,V1,EXECUTIVE ENGINER NREP GIRIDIH,299420.0,2026-06-29,"149,709.00 - 300,000.00",33.16,MEDIUM,Payment In-Progress
TXN-000519,WS/MP334/2024-2025/136625,V1,EXECUTIVE ENGINER NREP GIRIDIH,149710.0,2026-06-29,"149,709.00 - 300,000.00",-33.42,MEDIUM,Payment In-Progress
TXN-000520,WS/MP334/2024-2025/136622,V1,EXECUTIVE ENGINER NREP GIRIDIH,149710.0,2026-06-29,"149,709.00 - 300,000.00",-33.42,MEDIUM,Payment In-Progress
TXN-000521,WS/MP334/2024-2025/144876,V1,EXECUTIVE ENGINER NREP GIRIDIH,149709.0,2026-06-29,"149,709.00 - 300,000.00",-33.42,MEDIUM,Payment In-Progress
TXN-000522,WS/MP334/2024-2025/144894,V1,EXECUTIVE ENGINER NREP GIRIDIH,299420.0,2026-06-29,"149,709.00 - 300,000.00",33.16,MEDIUM,Payment In-Progress
TXN-000523,WS/MP334/2024-2025/144899,V1,EXECUTIVE ENGINER NREP GIRIDIH,299420.0,2026-06-29,"149,709.00 - 300,000.00",33.16,MEDIUM,Payment In-Progress
TXN-000524,WS/MP334/2024-2025/144877,V1,EXECUTIVE ENGINER NREP GIRIDIH,149709.0,2026-06-29,"149,709.00 - 300,000.00",-33.42,MEDIUM,Payment In-Progress
TXN-000525,WS/MP334/2024-2025/136598,V1,EXECUTIVE ENGINER NREP GIRIDIH,149711.0,2026-06-29,"149,709.00 - 300,000.00",-33.42,MEDIUM,Payment In-Progress
TXN-000526,WS/MP334/2024-2025/136589,V1,EXECUTIVE ENGINER NREP GIRIDIH,149752.0,2026-06-29,"149,709.00 - 300,000.00",-33.4,MEDIUM,Payment In-Progress
TXN-000527,WS/MP334/2024-2025/144873,V1,EXECUTIVE ENGINER NREP GIRIDIH,149711.0,2026-06-29,"149,709.00 - 300,000.00",-33.42,MEDIUM,Payment In-Progress
TXN-000528,WS/MP334/2024-2025/144872,V1,EXECUTIVE ENGINER NREP GIRIDIH,149710.0,2026-06-29,"149,709.00 - 300,000.00",-33.42,MEDIUM,Payment In-Progress
TXN-000529,WS/MP334/2024-2025/144871,V1,EXECUTIVE ENGINER NREP GIRIDIH,149711.0,2026-06-29,"149,709.00 - 300,000.00",-33.42,MEDIUM,Payment In-Progress
TXN-000530,WS/MP334/2024-2025/136572,V1,EXECUTIVE ENGINER NREP GIRIDIH,149709.0,2026-06-29,"149,709.00 - 300,000.00",-33.42,MEDIUM,Payment In-Progress
TXN-000531,WS/MP334/2024-2025/136613,V1,EXECUTIVE ENGINER NREP GIRIDIH,149711.0,2026-06-29,"149,709.00 - 300,000.00",-33.42,MEDIUM,Payment In-Progress
TXN-000532,WS/MP334/2024-2025/136611,V1,EXECUTIVE ENGINER NREP GIRIDIH,149710.0,2026-06-29,"149,709.00 - 300,000.00",-33.42,MEDIUM,Payment In-Progress
TXN-000533,WS/MP334/2024-2025/136616,V1,EXECUTIVE ENGINER NREP GIRIDIH,149710.0,2026-06-29,"149,709.00 - 300,000.00",-33.42,MEDIUM,Payment In-Progress
TXN-000534,WS/MP334/2024-2025/136600,V1,EXECUTIVE ENGINER NREP GIRIDIH,149711.0,2026-06-29,"149,709.00 - 300,000.00",-33.42,MEDIUM,Payment In-Progress
TXN-000535,WS/MP334/2024-2025/136588,V1,EXECUTIVE ENGINER NREP GIRIDIH,149709.0,2026-06-29,"149,709.00 - 300,000.00",-33.42,MEDIUM,Payment In-Progress
TXN-000536,WS/MP334/2024-2025/136591,V1,EXECUTIVE ENGINER NREP GIRIDIH,149710.0,2026-06-29,"149,709.00 - 300,000.00",-33.42,MEDIUM,Payment In-Progress
TXN-000537,WS/MP334/2024-2025/136582,V1,EXECUTIVE ENGINER NREP GIRIDIH,149711.0,2026-06-29,"149,709.00 - 300,000.00",-33.42,MEDIUM,Payment In-Progress
TXN-000538,WS/MP334/2024-2025/136584,V1,EXECUTIVE ENGINER NREP GIRIDIH,149709.0,2026-06-29,"149,709.00 - 300,000.00",-33.42,MEDIUM,Payment In-Progress
TXN-000539,WS/MP334/2024-2025/136587,V1,EXECUTIVE ENGINER NREP GIRIDIH,149709.0,2026-06-29,"149,709.00 - 300,000.00",-33.42,MEDIUM,Payment In-Progress
TXN-000540,WS/MP334/2024-2025/136583,V1,EXECUTIVE ENGINER NREP GIRIDIH,149709.0,2026-07-02,"149,709.00 - 300,000.00",-33.42,MEDIUM,Payment In-Progress
TXN-000541,WS/MP18002/2025-2026/220737,V1,CHADARAM VENKATA RAMANA,1526370.0,2026-08-19,"1,533,295.20 - 1,588,696.80",-2.22,LOW,Payment In-Progress
TXN-000542,WS/MP18002/2025-2026/220734,V1,CHADARAM VENKATA RAMANA,1595622.0,2026-08-19,"1,533,295.20 - 1,588,696.80",2.22,LOW,Payment In-Progress
TXN-000543,WS/MP550/2025-2026/188216,V1,ASST ENGINEER LAEO WD I BEGUSARAI VSK MATHIHANI,610488.0,2026-08-22,"610,488.00 - 610,488.00",0.0,LOW,Payment In-Progress
TXN-000544,WS/MP579/2026-2027/269572,V1,MSS MEDITECHNO,1099108.0,2026-08-25,"1,099,108.00 - 1,099,108.00",0.0,LOW,Payment In-Progress
TXN-000545,WS/MP380/2025-2026/192934,V1,SIDHU TRADERS,4200.0,2026-08-26,"4,200.00 - 4,200.00",0.0,LOW,Payment In-Progress
TXN-000546,WS/MP18311/2026-2027/278248,V1,SINGLA INDUSTRIES,350000.0,2026-08-26,"350,000.00 - 350,000.00",0.0,LOW,Payment In-Progress
TXN-000547,WS/MP18311/2026-2027/278244,V1,SINGLA INDUSTRIES,350000.0,2026-08-26,"350,000.00 - 350,000.00",0.0,LOW,Payment In-Progress
TXN-000548,WS/MP751/2025-2026/235293,V1,A N KANNAN,698676.0,2026-08-25,"698,676.00 - 698,676.00",0.0,LOW,Payment In-Progress
TXN-000549,WS/MP351/2025-2026/243037,V1,Keltron Component complex Ltd Kannur,110000.0,2026-08-19,"110,000.00 - 110,000.00",0.0,LOW,Payment In-Progress
TXN-000550,WS/MP351/2025-2026/243024,V1,Keltron Component complex Ltd Kannur,110000.0,2026-08-19,"110,000.00 - 110,000.00",0.0,LOW,Payment In-Progress
TXN-000551,WS/MP351/2025-2026/243032,V1,Keltron Component complex Ltd Kannur,110000.0,2026-08-19,"110,000.00 - 110,000.00",0.0,LOW,Payment In-Progress
TXN-000552,WS/MP351/2026-2027/243021,V1,Keltron Component complex Ltd Kannur,110000.0,2026-08-19,"110,000.00 - 110,000.00",0.0,LOW,Payment In-Progress
TXN-000553,WS/MP351/2025-2026/243018,V1,Keltron Component complex Ltd Kannur,110000.0,2026-08-19,"110,000.00 - 110,000.00",0.0,LOW,Payment In-Progress
TXN-000554,WS/MP351/2025-2026/243034,V1,Keltron Component complex Ltd Kannur,110000.0,2026-08-19,"110,000.00 - 110,000.00",0.0,LOW,Payment In-Progress
TXN-000555,WS/MP351/2025-2026/243033,V1,Keltron Component complex Ltd Kannur,110000.0,2026-08-19,"110,000.00 - 110,000.00",0.0,LOW,Payment In-Progress
TXN-000556,WS/MP351/2025-2026/243029,V1,Keltron Component complex Ltd Kannur,110000.0,2026-08-19,"110,000.00 - 110,000.00",0.0,LOW,Payment In-Progress
TXN-000557,WS/MP350/2025-2026/261014,V1,Keltron Component complex Ltd Kannur,110000.0,2026-08-19,"110,000.00 - 110,000.00",0.0,LOW,Payment In-Progress
TXN-000558,WS/MP350/2025-2026/261013,V1,Keltron Component complex Ltd Kannur,110000.0,2026-08-19,"110,000.00 - 110,000.00",0.0,LOW,Payment In-Progress
TXN-000559,WS/MP350/2025-2026/261011,V1,Keltron Component complex Ltd Kannur,220000.0,2026-08-19,"110,000.00 - 110,000.00",100.0,HIGH,Payment In-Progress
TXN-000560,WS/MP350/2025-2026/261012,V1,Keltron Component complex Ltd Kannur,110000.0,2026-08-19,"110,000.00 - 110,000.00",0.0,LOW,Payment In-Progress
TXN-000561,WS/MP350/2025-2026/245040,V1,Keltron Component complex Ltd Kannur,110000.0,2026-08-19,"110,000.00 - 110,000.00",0.0,LOW,Payment In-Progress
TXN-000562,WS/MP350/2025-2026/245041,V1,Keltron Component complex Ltd Kannur,110000.0,2026-08-19,"110,000.00 - 110,000.00",0.0,LOW,Payment In-Progress
TXN-000563,WS/MP350/2025-2026/245042,V1,Keltron Component complex Ltd Kannur,110000.0,2026-08-19,"110,000.00 - 110,000.00",0.0,LOW,Payment In-Progress
TXN-000564,WS/MP350/2025-2026/245039,V1,Keltron Component complex Ltd Kannur,110000.0,2026-08-19,"110,000.00 - 110,000.00",0.0,LOW,Payment In-Progress
TXN-000565,WS/MP350/2026-2027/245044,V1,Keltron Component complex Ltd Kannur,110000.0,2026-08-19,"110,000.00 - 110,000.00",0.0,LOW,Payment In-Progress
TXN-000566,WS/MP351/2025-2026/246661,V1,Keltron Component complex Ltd Kannur,110000.0,2026-08-19,"110,000.00 - 110,000.00",0.0,LOW,Payment In-Progress
TXN-000567,WS/MP351/2025-2026/243022,V1,Keltron Component complex Ltd Kannur,110000.0,2026-08-19,"110,000.00 - 110,000.00",0.0,LOW,Payment In-Progress
TXN-000568,WS/MP351/2026-2027/243017,V1,Keltron Component complex Ltd Kannur,110000.0,2026-08-19,"110,000.00 - 110,000.00",0.0,LOW,Payment In-Progress
TXN-000569,WS/MP351/2026-2027/243028,V1,Keltron Component complex Ltd Kannur,110000.0,2026-08-19,"110,000.00 - 110,000.00",0.0,LOW,Payment In-Progress
TXN-000570,WS/MP351/2025-2026/243025,V1,Keltron Component complex Ltd Kannur,110000.0,2026-08-19,"110,000.00 - 110,000.00",0.0,LOW,Payment In-Progress
TXN-000571,WS/MP351/2025-2026/243027,V1,Keltron Component complex Ltd Kannur,110000.0,2026-08-19,"110,000.00 - 110,000.00",0.0,LOW,Payment In-Progress
TXN-000572,WS/MP351/2025-2026/243026,V1,Keltron Component complex Ltd Kannur,110000.0,2026-08-19,"110,000.00 - 110,000.00",0.0,LOW,Payment In-Progress
TXN-000573,WS/MP351/2025-2026/243023,V1,Keltron Component complex Ltd Kannur,110000.0,2026-08-19,"110,000.00 - 110,000.00",0.0,LOW,Payment In-Progress
TXN-000574,WS/MP351/2026-2027/243016,V1,Keltron Component complex Ltd Kannur,110000.0,2026-08-19,"110,000.00 - 110,000.00",0.0,LOW,Payment In-Progress
TXN-000575,WS/MP334/2024-2025/136612,V1,EXECUTIVE ENGINER NREP GIRIDIH,149711.0,2026-07-02,"149,709.00 - 300,000.00",-33.42,MEDIUM,Payment In-Progress
TXN-000576,WS/MP334/2024-2025/136620,V1,EXECUTIVE ENGINER NREP GIRIDIH,149710.0,2026-07-02,"149,709.00 - 300,000.00",-33.42,MEDIUM,Payment In-Progress
TXN-000577,WS/MP18109/2025-2026/240682,V1,SE O and M MPPKVVCL SIDHI,39132.0,2026-08-25,"39,132.00 - 435,675.00",-83.52,HIGH,Payment In-Progress
TXN-000578,WS/MP18109/2025-2026/240682,V1,SE O and M MPPKVVCL SIDHI,435675.0,2026-05-14,"39,132.00 - 435,675.00",83.52,HIGH,Payment In-Progress
TXN-000579,WS/MP18109/2025-2026/240686,V1,SE O and M MPPKVVCL SIDHI,308487.0,2026-08-10,"39,132.00 - 435,675.00",29.94,MEDIUM,Payment In-Progress
TXN-000580,WS/MP18109/2025-2026/240684,V1,SE O and M MPPKVVCL SIDHI,345085.0,2026-08-11,"39,132.00 - 435,675.00",45.36,MEDIUM,Payment In-Progress
TXN-000581,WS/MP18109/2025-2026/240685,V1,SE O and M MPPKVVCL SIDHI,776983.0,2026-08-14,"39,132.00 - 435,675.00",227.28,HIGH,Payment In-Progress
TXN-000582,WS/MP18109/2025-2026/240683,V1,SE O and M MPPKVVCL SIDHI,290193.0,2026-08-14,"39,132.00 - 435,675.00",22.24,MEDIUM,Payment In-Progress
TXN-000583,WS/MP334/2024-2025/144880,V1,EXECUTIVE ENGINER NREP GIRIDIH,149710.0,2026-03-17,"149,709.00 - 300,000.00",-33.42,MEDIUM,Payment In-Progress
TXN-000584,WS/MP334/2024-2025/136642,V1,EXECUTIVE ENGINER NREP GIRIDIH,149710.0,2026-03-19,"149,709.00 - 300,000.00",-33.42,MEDIUM,Payment In-Progress
TXN-000585,WS/MP334/2024-2025/144888,V1,EXECUTIVE ENGINER NREP GIRIDIH,149710.0,2026-03-19,"149,709.00 - 300,000.00",-33.42,MEDIUM,Payment In-Progress
TXN-000586,WS/MP490/2025-2026/240972,V1,ANSH ENTERPRISES,510350.0,2026-07-27,"510,350.00 - 510,350.00",0.0,LOW,Payment In-Progress
TXN-000587,WS/MP490/2025-2026/241158,V1,RAJ INFRASTRUCTURE,620444.0,2026-08-07,"620,444.00 - 620,444.00",0.0,LOW,Payment In-Progress
TXN-000588,WS/MP18035/2025-2026/224988,V1,AE ARWAL,69739.0,2026-08-20,"69,739.00 - 69,739.00",0.0,LOW,Payment In-Progress
TXN-000589,WS/MP18306/2025-2026/187718,V1,Mahindra and Mahindra Ltd,798631.0,2026-08-24,"798,631.00 - 798,631.00",0.0,LOW,Payment In-Progress
TXN-000590,WS/MP18055/2025-2026/184281,V1,NAVGAMA GRAM PANCHYAT GRAM PANCHYAT,100000.0,2026-08-19,"100,000.00 - 100,000.00",0.0,LOW,Payment In-Progress
TXN-000591,WS/MP18036/2026-2027/240230,V1,ASSISTANT ENGINEER AC JAMUI LAEO WD 01 JAMUI,764387.0,2026-08-27,"764,387.00 - 764,387.00",0.0,LOW,Payment In-Progress
TXN-000592,WS/MP490/2025-2026/241237,V1,DINESH SINGH,231634.0,2026-08-22,"231,634.00 - 231,634.00",0.0,LOW,Payment In-Progress
TXN-000593,WS/MP18033/2026-2027/238605,V1,ASSISTANT ENGINEER LAEO BARACHATTI VIDHAN SABHA,1489595.0,2026-08-27,"216,368.60 - 1,348,125.40",90.43,HIGH,Payment In-Progress
TXN-000594,WS/MP18033/2025-2026/238198,V1,ASSISTANT ENGINEER LAEO BARACHATTI VIDHAN SABHA,74899.0,2026-08-27,"216,368.60 - 1,348,125.40",-90.43,HIGH,Payment In-Progress
TXN-000595,WS/MP18033/2025-2026/168863,V1,ASSISTANT ENGINEER LAEO BODHGAYA VIDHAN SABHA,74976.0,2026-08-27,"74,976.00 - 74,976.00",0.0,LOW,Payment In-Progress
TXN-000596,WS/MP18031/2026-2027/281951,V1,ASSISTANT ENGINEER LAEO IMAMGANJ VIDHAN SABHA,593215.0,2026-08-27,"593,215.00 - 593,215.00",0.0,LOW,Payment In-Progress
TXN-000597,WS/MP18055/2026-2027/275225,V1,gumadiya gram panchayat,150000.0,2026-08-21,"154,407.50 - 189,667.50",-12.81,LOW,Payment In-Progress
TXN-000598,WS/MP18055/2026-2027/275226,V1,gumadiya gram panchayat,194075.0,2026-08-21,"154,407.50 - 189,667.50",12.81,LOW,Payment In-Progress
TXN-000599,WS/MP578/2024-2025/156658,V1,JAMANIA GRAM PANCHAYAT,200000.0,2026-08-19,"200,000.00 - 200,000.00",0.0,LOW,Payment In-Progress
TXN-000600,WS/MP575/2025-2026/162943,V1,GRAM PANCHAYAT BIGRI,500000.0,2026-07-09,"500,000.00 - 500,000.00",0.0,LOW,Payment In-Progress
TXN-000601,WS/MP18186/2026-2027/222921,V1,L G Arasu,3383371.0,2026-08-25,"138,220.00 - 2,764,996.80",133.08,HIGH,Payment In-Progress
TXN-000602,WS/MP18186/2026-2027/299515,V1,L G Arasu,291500.0,2026-08-25,"138,220.00 - 2,764,996.80",-79.92,HIGH,Payment In-Progress
TXN-000603,WS/MP710/2026-2027/210791,V1,M SENTHILKUMAR,1519842.0,2026-08-04,"1,519,842.00 - 1,519,842.00",0.0,LOW,Payment In-Progress
TXN-000604,WS/MP18176/2025-2026/239373,V1,RAM CONSTRUCTION,699124.0,2026-08-27,"699,124.00 - 699,124.00",0.0,LOW,Payment In-Progress
TXN-000605,WS/MP18328/2025-2026/242446,V1,Sec GP Parsda Hawani,100000.0,2026-08-25,"100,000.00 - 100,000.00",0.0,LOW,Payment In-Progress
TXN-000606,WS/MP18033/2025-2026/168614,V1,ASSISTANT ENGINEER WAZIRGANJ,74674.0,2026-08-24,"74,674.00 - 74,674.00",0.0,LOW,Payment In-Progress
TXN-000607,WS/MP18055/2025-2026/184298,V1,FELSANI GRAM PANCHYAT GRAM PANCHYAT,100000.0,2026-08-19,"100,000.00 - 100,000.00",0.0,LOW,Payment In-Progress
TXN-000608,WS/MP18055/2025-2026/184344,V1,JETHOLI GRAM PANCHYAT GRAM PANCHYAT,100000.0,2026-08-19,"100,000.00 - 100,000.00",0.0,LOW,Payment In-Progress
TXN-000609,WS/MP18164/2026-2027/259483,V1,S M ENTERPRISES,39550.0,2026-05-25,"39,550.00 - 39,550.00",0.0,LOW,Payment In-Progress
TXN-000610,WS/MP432/2026-2027/269425,V1,BDO Dehra Lok Sabha,50000.0,2026-08-20,"50,000.00 - 68,750.00",-15.79,LOW,Payment In-Progress
TXN-000611,WS/MP432/2025-2026/217854,V1,BDO Dehra Lok Sabha,75000.0,2026-08-20,"50,000.00 - 68,750.00",26.32,MEDIUM,Payment In-Progress
TXN-000612,WS/MP432/2025-2026/217841,V1,BDO Dehra Lok Sabha,62500.0,2026-08-20,"50,000.00 - 68,750.00",5.26,LOW,Payment In-Progress
TXN-000613,WS/MP432/2025-2026/217851,V1,BDO Dehra Lok Sabha,62500.0,2026-08-20,"50,000.00 - 68,750.00",5.26,LOW,Payment In-Progress
TXN-000614,WS/MP432/2025-2026/217855,V1,BDO Dehra Lok Sabha,50000.0,2026-08-20,"50,000.00 - 68,750.00",-15.79,LOW,Payment In-Progress
TXN-000615,WS/MP432/2024-2025/174088,V1,BDO Dehra Lok Sabha,62500.0,2026-08-25,"50,000.00 - 68,750.00",5.26,LOW,Payment In-Progress
TXN-000616,WS/MP18031/2025-2026/194037,V1,SAHAYAK ABHIYANTA AURANGABAD BIDHANSABHA KSHETRA,494054.0,2026-08-20,"494,054.00 - 494,054.00",0.0,LOW,Payment In-Progress
TXN-000617,WS/MP18037/2025-2026/227217,V1,BIDHANSABHA KSHETRA OBRA SAHAYAK ABHIYANTA,74509.0,2026-08-20,"74,509.00 - 74,509.00",0.0,LOW,Payment In-Progress
TXN-000618,WS/MP18037/2025-2026/209518,V1,BIDHANSABHA KSHETRA OBRA SAHAYAK ABHIYANTA,74509.0,2026-08-20,"74,509.00 - 74,509.00",0.0,LOW,Payment In-Progress
TXN-000619,WS/MP579/2025-2026/256320,V1,Gram Panchayat Sarol,149829.0,2026-08-27,"149,829.00 - 149,829.00",0.0,LOW,Payment In-Progress
TXN-000620,WS/MP579/2025-2026/192948,V1,Gram Panchayat Dahevan,50000.0,2026-08-27,"50,000.00 - 50,000.00",0.0,LOW,Payment In-Progress
TXN-000621,WS/MP579/2025-2026/201407,V1,Gram Panchayat Kavitha,499787.0,2026-08-27,"499,787.00 - 499,787.00",0.0,LOW,Payment In-Progress
TXN-000622,WS/MP18157/2025-2026/239560,V1,JAGDEV SINGH,1.0,2026-08-25,1.00 - 1.00,0.0,LOW,Payment In-Progress
TXN-000623,WS/MP18328/2025-2026/242400,V1,GP MASERAN,100000.0,2026-08-25,"100,000.00 - 100,000.00",0.0,LOW,Payment In-Progress
TXN-000624,WS/MP458/2026-2027/150074,V1,Sree and Co,3000000.0,2026-05-29,"3,000,000.00 - 3,000,000.00",0.0,LOW,Payment In-Progress
TXN-000625,WS/MP490/2025-2026/241224,V1,SAGAR CONSTRUCTION COMPANY,880398.0,2026-08-12,"880,398.00 - 880,398.00",0.0,LOW,Payment In-Progress
TXN-000626,WS/MP344/2025-2026/186413,V1,OMASSERY LABOUR CONTRACT CO OPARATIVE SOCIETY,327850.0,2026-08-24,"327,850.00 - 327,850.00",0.0,LOW,Payment In-Progress
TXN-000627,WS/MP579/2025-2026/205322,V1,Gram Panchayat Kankapura,430237.0,2026-08-21,"430,237.00 - 430,237.00",0.0,LOW,Payment In-Progress
TXN-000628,WS/MP300/2025-2026/226393,V1,CDO Zilla Parishad DMF,463.0,2026-08-25,463.00 - 463.00,0.0,LOW,Payment In-Progress
TXN-000629,WS/MP672/2025-2026/252718,V1,Spectrum Services,150000.0,2026-07-31,"150,000.00 - 150,000.00",0.0,LOW,Payment In-Progress
TXN-000630,WS/MP18084/2026-2027/280137,V1,NIRMITHI KENDRA DAVANGERE,1125000.0,2026-08-18,"375,000.00 - 1,312,500.00",33.33,MEDIUM,Payment In-Progress
TXN-000631,WS/MP18084/2026-2027/270415,V1,NIRMITHI KENDRA DAVANGERE,750000.0,2026-08-18,"375,000.00 - 1,312,500.00",-11.11,LOW,Payment In-Progress
TXN-000632,WS/MP18084/2026-2027/270416,V1,NIRMITHI KENDRA DAVANGERE,1500000.0,2026-08-18,"375,000.00 - 1,312,500.00",77.78,HIGH,Payment In-Progress
TXN-000633,WS/MP18084/2026-2027/273306,V1,NIRMITHI KENDRA DAVANGERE,375000.0,2026-08-18,"375,000.00 - 1,312,500.00",-55.56,HIGH,Payment In-Progress
TXN-000634,WS/MP18084/2026-2027/270419,V1,NIRMITHI KENDRA DAVANGERE,375000.0,2026-08-18,"375,000.00 - 1,312,500.00",-55.56,HIGH,Payment In-Progress
TXN-000635,WS/MP18084/2025-2026/188251,V1,NIRMITHI KENDRA DAVANGERE,375000.0,2026-08-18,"375,000.00 - 1,312,500.00",-55.56,HIGH,Payment In-Progress
TXN-000636,WS/MP18328/2025-2026/242453,V1,GRAM PANCHAYAT HARI BEHNA,150000.0,2026-08-27,"150,000.00 - 150,000.00",0.0,LOW,Payment In-Progress
TXN-000637,WS/MP818/2025-2026/176743,V1,KLK Ventures Private Limited,15364.0,2026-02-21,"15,364.00 - 15,364.00",0.0,LOW,Payment In-Progress
TXN-000638,WS/MP818/2025-2026/176742,V1,KLK Ventures Private Limited,15364.0,2026-02-21,"15,364.00 - 15,364.00",0.0,LOW,Payment In-Progress
TXN-000639,WS/MP818/2025-2026/219753,V1,KLK Ventures Private Limited,15364.0,2026-02-21,"15,364.00 - 15,364.00",0.0,LOW,Payment In-Progress
TXN-000640,WS/MP818/2025-2026/219751,V1,KLK Ventures Private Limited,15364.0,2026-02-21,"15,364.00 - 15,364.00",0.0,LOW,Payment In-Progress
TXN-000641,WS/MP818/2025-2026/219756,V1,KLK Ventures Private Limited,15364.0,2026-02-21,"15,364.00 - 15,364.00",0.0,LOW,Payment In-Progress
TXN-000642,WS/MP818/2025-2026/219755,V1,KLK Ventures Private Limited,15364.0,2026-02-21,"15,364.00 - 15,364.00",0.0,LOW,Payment In-Progress
TXN-000643,WS/MP818/2025-2026/219754,V1,KLK Ventures Private Limited,15364.0,2026-02-21,"15,364.00 - 15,364.00",0.0,LOW,Payment In-Progress
TXN-000644,WS/MP818/2025-2026/219752,V1,KLK Ventures Private Limited,15364.0,2026-02-21,"15,364.00 - 15,364.00",0.0,LOW,Payment In-Progress
TXN-000645,WS/MP818/2025-2026/176731,V1,KLK Ventures Private Limited,15364.0,2026-02-21,"15,364.00 - 15,364.00",0.0,LOW,Payment In-Progress
TXN-000646,WS/MP818/2025-2026/176740,V1,KLK Ventures Private Limited,15364.0,2026-02-21,"15,364.00 - 15,364.00",0.0,LOW,Payment In-Progress
TXN-000647,WS/MP818/2025-2026/176739,V1,KLK Ventures Private Limited,15364.0,2026-02-21,"15,364.00 - 15,364.00",0.0,LOW,Payment In-Progress
TXN-000648,WS/MP818/2025-2026/176741,V1,KLK Ventures Private Limited,15364.0,2026-02-21,"15,364.00 - 15,364.00",0.0,LOW,Payment In-Progress
TXN-000649,WS/MP818/2025-2026/176730,V1,KLK Ventures Private Limited,15364.0,2026-02-21,"15,364.00 - 15,364.00",0.0,LOW,Payment In-Progress
TXN-000650,WS/MP818/2025-2026/176719,V1,KLK Ventures Private Limited,15364.0,2026-02-21,"15,364.00 - 15,364.00",0.0,LOW,Payment In-Progress
TXN-000651,WS/MP818/2025-2026/176717,V1,KLK Ventures Private Limited,15364.0,2026-02-21,"15,364.00 - 15,364.00",0.0,LOW,Payment In-Progress
TXN-000652,WS/MP818/2025-2026/175843,V1,KLK Ventures Private Limited,15364.0,2026-02-21,"15,364.00 - 15,364.00",0.0,LOW,Payment In-Progress
TXN-000653,WS/MP818/2025-2026/175844,V1,KLK Ventures Private Limited,15364.0,2026-02-21,"15,364.00 - 15,364.00",0.0,LOW,Payment In-Progress
TXN-000654,WS/MP818/2025-2026/176744,V1,KLK Ventures Private Limited,15364.0,2026-02-21,"15,364.00 - 15,364.00",0.0,LOW,Payment In-Progress
TXN-000655,WS/MP818/2025-2026/175842,V1,KLK Ventures Private Limited,15364.0,2026-02-21,"15,364.00 - 15,364.00",0.0,LOW,Payment In-Progress
TXN-000656,WS/MP818/2025-2026/175846,V1,KLK Ventures Private Limited,15364.0,2026-02-21,"15,364.00 - 15,364.00",0.0,LOW,Payment In-Progress
TXN-000657,WS/MP818/2025-2026/198960,V1,KLK Ventures Private Limited,15364.0,2026-05-30,"15,364.00 - 15,364.00",0.0,LOW,Payment In-Progress
TXN-000658,WS/MP818/2025-2026/175847,V1,KLK Ventures Private Limited,15364.0,2026-05-30,"15,364.00 - 15,364.00",0.0,LOW,Payment In-Progress
TXN-000659,WS/MP818/2025-2026/175845,V1,KLK Ventures Private Limited,15364.0,2026-05-30,"15,364.00 - 15,364.00",0.0,LOW,Payment In-Progress
TXN-000660,WS/MP18257/2025-2026/244002,V1,Giri Construction,448508.0,2026-08-25,"448,508.00 - 448,508.00",0.0,LOW,Payment In-Progress
TXN-000661,WS/MP18210/2026-2027/277917,V1,SAMRIDHA CONSTRUCTION,906543.0,2026-08-22,"906,543.00 - 906,543.00",0.0,LOW,Payment In-Progress
TXN-000662,WS/MP584/2025-2026/235687,V1,SHREE GOREWALI JUTH GRAM PANCHAYAT,400000.0,2026-08-17,"400,000.00 - 400,000.00",0.0,LOW,Payment In-Progress
TXN-000663,WS/MP18025/2025-2026/231629,V1,MONUJ KURMI,200028.0,2026-08-27,"200,028.00 - 200,028.00",0.0,LOW,Payment In-Progress
TXN-000664,WS/MP18239/2025-2026/233474,V1,R G SUPPLIERS,105000.0,2026-08-22,"105,000.00 - 105,000.00",0.0,LOW,Payment In-Progress
TXN-000665,WS/MP18239/2025-2026/233473,V1,R G SUPPLIERS,105000.0,2026-08-22,"105,000.00 - 105,000.00",0.0,LOW,Payment In-Progress
TXN-000666,WS/MP18239/2025-2026/233471,V1,R G SUPPLIERS,105000.0,2026-08-22,"105,000.00 - 105,000.00",0.0,LOW,Payment In-Progress
TXN-000667,WS/MP18239/2025-2026/233465,V1,R G SUPPLIERS,105000.0,2026-08-22,"105,000.00 - 105,000.00",0.0,LOW,Payment In-Progress
TXN-000668,WS/MP18239/2025-2026/233469,V1,R G SUPPLIERS,105000.0,2026-08-22,"105,000.00 - 105,000.00",0.0,LOW,Payment In-Progress
TXN-000669,WS/MP18239/2025-2026/233466,V1,R G SUPPLIERS,105000.0,2026-08-22,"105,000.00 - 105,000.00",0.0,LOW,Payment In-Progress
TXN-000670,WS/MP18239/2025-2026/233467,V1,R G SUPPLIERS,105000.0,2026-08-22,"105,000.00 - 105,000.00",0.0,LOW,Payment In-Progress
TXN-000671,WS/MP18239/2025-2026/233468,V1,R G SUPPLIERS,105000.0,2026-08-22,"105,000.00 - 105,000.00",0.0,LOW,Payment In-Progress
TXN-000672,WS/MP18239/2025-2026/228469,V1,R G SUPPLIERS,105000.0,2026-08-14,"105,000.00 - 105,000.00",0.0,LOW,Payment In-Progress
TXN-000673,WS/MP18239/2025-2026/228513,V1,R G SUPPLIERS,105000.0,2026-08-14,"105,000.00 - 105,000.00",0.0,LOW,Payment In-Progress
TXN-000674,WS/MP18239/2025-2026/230583,V1,R G SUPPLIERS,105000.0,2026-08-14,"105,000.00 - 105,000.00",0.0,LOW,Payment In-Progress
TXN-000675,WS/MP18239/2025-2026/233427,V1,R G SUPPLIERS,105000.0,2026-08-14,"105,000.00 - 105,000.00",0.0,LOW,Payment In-Progress
TXN-000676,WS/MP18239/2025-2026/228523,V1,R G SUPPLIERS,105000.0,2026-08-14,"105,000.00 - 105,000.00",0.0,LOW,Payment In-Progress
TXN-000677,WS/MP18239/2025-2026/228514,V1,R G SUPPLIERS,105000.0,2026-08-14,"105,000.00 - 105,000.00",0.0,LOW,Payment In-Progress
TXN-000678,WS/MP18239/2025-2026/228512,V1,R G SUPPLIERS,105000.0,2026-08-14,"105,000.00 - 105,000.00",0.0,LOW,Payment In-Progress
TXN-000679,WS/MP18239/2025-2026/228467,V1,R G SUPPLIERS,105000.0,2026-08-14,"105,000.00 - 105,000.00",0.0,LOW,Payment In-Progress
TXN-000680,WS/MP18239/2025-2026/228520,V1,R G SUPPLIERS,105000.0,2026-08-14,"105,000.00 - 105,000.00",0.0,LOW,Payment In-Progress
TXN-000681,WS/MP18239/2025-2026/228528,V1,R G SUPPLIERS,105000.0,2026-08-14,"105,000.00 - 105,000.00",0.0,LOW,Payment In-Progress
TXN-000682,WS/MP18239/2025-2026/232744,V1,R G SUPPLIERS,105000.0,2026-08-14,"105,000.00 - 105,000.00",0.0,LOW,Payment In-Progress
TXN-000683,WS/MP18239/2025-2026/228517,V1,R G SUPPLIERS,105000.0,2026-08-14,"105,000.00 - 105,000.00",0.0,LOW,Payment In-Progress
TXN-000684,WS/MP18239/2025-2026/228529,V1,R G SUPPLIERS,105000.0,2026-08-14,"105,000.00 - 105,000.00",0.0,LOW,Payment In-Progress
TXN-000685,WS/MP18239/2025-2026/232757,V1,R G SUPPLIERS,105000.0,2026-08-14,"105,000.00 - 105,000.00",0.0,LOW,Payment In-Progress
TXN-000686,WS/MP18239/2025-2026/232747,V1,R G SUPPLIERS,105000.0,2026-08-14,"105,000.00 - 105,000.00",0.0,LOW,Payment In-Progress
TXN-000687,WS/MP18239/2025-2026/232763,V1,R G SUPPLIERS,105000.0,2026-08-14,"105,000.00 - 105,000.00",0.0,LOW,Payment In-Progress
TXN-000688,WS/MP18239/2025-2026/228526,V1,R G SUPPLIERS,105000.0,2026-08-14,"105,000.00 - 105,000.00",0.0,LOW,Payment In-Progress
TXN-000689,WS/MP18239/2025-2026/232749,V1,R G SUPPLIERS,105000.0,2026-08-14,"105,000.00 - 105,000.00",0.0,LOW,Payment In-Progress
TXN-000690,WS/MP18239/2025-2026/232756,V1,R G SUPPLIERS,105000.0,2026-08-14,"105,000.00 - 105,000.00",0.0,LOW,Payment In-Progress
TXN-000691,WS/MP18239/2025-2026/232748,V1,R G SUPPLIERS,105000.0,2026-08-14,"105,000.00 - 105,000.00",0.0,LOW,Payment In-Progress
TXN-000692,WS/MP18239/2025-2026/233030,V1,R G SUPPLIERS,105000.0,2026-08-17,"105,000.00 - 105,000.00",0.0,LOW,Payment In-Progress
TXN-000693,WS/MP18239/2025-2026/233031,V1,R G SUPPLIERS,105000.0,2026-08-17,"105,000.00 - 105,000.00",0.0,LOW,Payment In-Progress
TXN-000694,WS/MP18239/2025-2026/232764,V1,R G SUPPLIERS,105000.0,2026-08-17,"105,000.00 - 105,000.00",0.0,LOW,Payment In-Progress
TXN-000695,WS/MP18239/2025-2026/233428,V1,R G SUPPLIERS,105000.0,2026-08-17,"105,000.00 - 105,000.00",0.0,LOW,Payment In-Progress
TXN-000696,WS/MP18239/2025-2026/233048,V1,R G SUPPLIERS,105000.0,2026-08-17,"105,000.00 - 105,000.00",0.0,LOW,Payment In-Progress
TXN-000697,WS/MP18239/2025-2026/228527,V1,R G SUPPLIERS,105000.0,2026-08-17,"105,000.00 - 105,000.00",0.0,LOW,Payment In-Progress
TXN-000698,WS/MP18239/2025-2026/233464,V1,R G SUPPLIERS,105000.0,2026-08-18,"105,000.00 - 105,000.00",0.0,LOW,Payment In-Progress
TXN-000699,WS/MP18239/2025-2026/233463,V1,R G SUPPLIERS,105000.0,2026-08-18,"105,000.00 - 105,000.00",0.0,LOW,Payment In-Progress
TXN-000700,WS/MP18239/2025-2026/233429,V1,R G SUPPLIERS,105000.0,2026-08-18,"105,000.00 - 105,000.00",0.0,LOW,Payment In-Progress
TXN-000701,WS/MP18239/2025-2026/233461,V1,R G SUPPLIERS,105000.0,2026-08-18,"105,000.00 - 105,000.00",0.0,LOW,Payment In-Progress
TXN-000702,WS/MP18239/2025-2026/233460,V1,R G SUPPLIERS,105000.0,2026-08-18,"105,000.00 - 105,000.00",0.0,LOW,Payment In-Progress
TXN-000703,WS/MP18239/2025-2026/233432,V1,R G SUPPLIERS,105000.0,2026-08-18,"105,000.00 - 105,000.00",0.0,LOW,Payment In-Progress
TXN-000704,WS/MP18239/2025-2026/233450,V1,R G SUPPLIERS,105000.0,2026-08-18,"105,000.00 - 105,000.00",0.0,LOW,Payment In-Progress
TXN-000705,WS/MP18239/2025-2026/233449,V1,R G SUPPLIERS,105000.0,2026-08-18,"105,000.00 - 105,000.00",0.0,LOW,Payment In-Progress
TXN-000706,WS/MP18239/2025-2026/233448,V1,R G SUPPLIERS,105000.0,2026-08-18,"105,000.00 - 105,000.00",0.0,LOW,Payment In-Progress
TXN-000707,WS/MP18239/2025-2026/233447,V1,R G SUPPLIERS,105000.0,2026-08-18,"105,000.00 - 105,000.00",0.0,LOW,Payment In-Progress
TXN-000708,WS/MP18239/2025-2026/233433,V1,R G SUPPLIERS,105000.0,2026-08-18,"105,000.00 - 105,000.00",0.0,LOW,Payment In-Progress
TXN-000709,WS/MP18239/2025-2026/233430,V1,R G SUPPLIERS,105000.0,2026-08-18,"105,000.00 - 105,000.00",0.0,LOW,Payment In-Progress
TXN-000710,WS/MP18150/2026-2027/272840,V1,DMF,234.0,2026-08-21,262.40 - 489.60,-37.77,MEDIUM,Payment In-Progress
TXN-000711,WS/MP18150/2026-2027/272770,V1,DMF,518.0,2026-08-25,262.40 - 489.60,37.77,MEDIUM,Payment In-Progress
TXN-000712,WS/MP18321/2025-2026/228406,V1,kamalpur gram panchayat,500000.0,2026-08-24,"500,000.00 - 500,000.00",0.0,LOW,Payment In-Progress
TXN-000713,WS/MP18172/2026-2027/212698,V1,SHARADA CONSTRUCTION AND SUPLIERS,73331.0,2026-08-24,"73,331.00 - 73,331.00",0.0,LOW,Payment In-Progress
TXN-000714,WS/MP334/2024-2025/136599,V1,EXECUTIVE ENGINER NREP GIRIDIH,149711.0,2026-06-29,"149,709.00 - 300,000.00",-33.42,MEDIUM,Payment In-Progress
TXN-000715,WS/MP18186/2026-2027/222917,V1,L G Arasu,99900.0,2026-08-25,"138,220.00 - 2,764,996.80",-93.12,HIGH,Payment In-Progress
TXN-000716,WS/MP579/2026-2027/256318,V1,Gram Panchayat Umlav,50000.0,2026-08-27,"50,000.00 - 50,000.00",0.0,LOW,Payment In-Progress
TXN-000717,WS/MP579/2026-2027/271420,V1,Gram Panchayat Kalu,200000.0,2026-08-27,"200,000.00 - 200,000.00",0.0,LOW,Payment In-Progress
TXN-000718,WS/MP579/2026-2027/272860,V1,Gram Panchayat Napa Talpad,99462.0,2026-08-27,"99,462.00 - 99,462.00",0.0,LOW,Payment In-Progress
TXN-000719,WS/MP18090/2026-2027/231403,V1,PROJECT MANAGER NIRMITHI KENDRA MANDYA,125000.0,2026-08-19,"125,000.00 - 412,500.00",-53.49,HIGH,Payment In-Progress
TXN-000720,WS/MP18090/2025-2026/231341,V1,PROJECT MANAGER NIRMITHI KENDRA MANDYA,375000.0,2026-06-22,"125,000.00 - 412,500.00",39.53,MEDIUM,Payment In-Progress
TXN-000721,WS/MP18090/2025-2026/231361,V1,PROJECT MANAGER NIRMITHI KENDRA MANDYA,750000.0,2026-06-22,"125,000.00 - 412,500.00",179.07,HIGH,Payment In-Progress
TXN-000722,WS/MP18090/2025-2026/231400,V1,PROJECT MANAGER NIRMITHI KENDRA MANDYA,250000.0,2026-07-14,"125,000.00 - 412,500.00",-6.98,LOW,Payment In-Progress
TXN-000723,WS/MP18090/2025-2026/201222,V1,PROJECT MANAGER NIRMITHI KENDRA MANDYA,125000.0,2026-07-22,"125,000.00 - 412,500.00",-53.49,HIGH,Payment In-Progress
TXN-000724,WS/MP18090/2025-2026/231361,V1,PROJECT MANAGER NIRMITHI KENDRA MANDYA,250000.0,2026-07-20,"125,000.00 - 412,500.00",-6.98,LOW,Payment In-Progress
TXN-000725,WS/MP579/2025-2026/269578,V1,Gram Panchayat Ras,490000.0,2026-08-27,"490,000.00 - 490,000.00",0.0,LOW,Payment In-Progress
TXN-000726,WS/MP18090/2026-2027/231403,V1,PROJECT MANAGER NIRMITHI KENDRA MANDYA,375000.0,2026-08-04,"125,000.00 - 412,500.00",39.53,MEDIUM,Payment In-Progress
TXN-000727,WS/MP18090/2025-2026/204742,V1,PROJECT MANAGER NIRMITHI KENDRA MANDYA,125000.0,2026-05-22,"125,000.00 - 412,500.00",-53.49,HIGH,Payment In-Progress
TXN-000728,WS/MP18090/2025-2026/231345,V1,PROJECT MANAGER NIRMITHI KENDRA MANDYA,125000.0,2026-04-29,"125,000.00 - 412,500.00",-53.49,HIGH,Payment In-Progress
TXN-000729,WS/MP18356/2026-2027/228796,V1,MAHESH KULAGUDE,124731.0,2026-08-11,"124,731.00 - 124,731.00",0.0,LOW,Payment In-Progress
TXN-000730,WS/MP673/2026-2027/225939,V1,CHAIRMAN MAHALAXMI MAJUR SAHKARI SANSTHA LTD WANEWADI TAL BARSHI,993405.0,2026-08-14,"993,405.00 - 993,405.00",0.0,LOW,Payment In-Progress
TXN-000731,WS/MP524/2025-2026/198367,V1,V HARI BABU,99980.0,2026-08-06,"99,980.00 - 99,980.00",0.0,LOW,Payment In-Progress
TXN-000732,WS/MP18077/2026-2027/192591,V1,SOMANATH MALLAPPA HUNDRE,375000.0,2026-08-12,"375,000.00 - 375,000.00",0.0,LOW,Payment In-Progress
TXN-000733,WS/MP021/2025-2026/254834,V1,MAHESH CHANDRA,99277.0,2026-08-27,"99,277.00 - 99,277.00",0.0,LOW,Payment In-Progress
TXN-000734,WS/MP18059/2024-2025/168631,V1,GRAM PANCHAYAT PNAGARBARI,500000.0,2026-07-16,"500,000.00 - 500,000.00",0.0,LOW,Payment In-Progress
TXN-000735,WS/MP18161/2025-2026/258702,V1,GANTHOLIYA ENTERPRISES,999737.0,2026-08-17,"999,737.00 - 999,737.00",0.0,LOW,Payment In-Progress
TXN-000736,WS/MP18090/2025-2026/204463,V1,PROJECT MANAGER NIRMITHI KENDRA MANDYA,125000.0,2026-03-06,"125,000.00 - 412,500.00",-53.49,HIGH,Payment In-Progress
TXN-000737,WS/MP481/2026-2027/203981,V1,CHUMKI SAHA SARKAR,887155.0,2026-08-06,"887,155.00 - 887,155.00",0.0,LOW,Payment In-Progress
TXN-000738,WS/MP18264/2025-2026/220210,V1,SREE GOKULAM HEALTHCARE PVT LTD,498750.0,2026-07-24,"498,750.00 - 498,750.00",0.0,LOW,Payment In-Progress
TXN-000739,WS/MP18087/2025-2026/179034,V1,Project Manager Nirmiti kendra gadag,125000.0,2026-08-21,"125,000.00 - 125,000.00",0.0,LOW,Payment In-Progress
TXN-000740,WS/MP18067/2025-2026/194316,V1,THE VK COOPERATIVE LABOUR AND CONSTRUCTION SOCIETY LIMITED,163052.0,2026-08-17,"163,052.00 - 163,052.00",0.0,LOW,Payment In-Progress
TXN-000741,WS/MP18209/2026-2027/191654,V1,RAMA SHAMYA CONT,902266.0,2026-07-20,"902,266.00 - 902,266.00",0.0,LOW,Payment In-Progress
TXN-000742,WS/MP490/2025-2026/241223,V1,TARUN CONCRETE UDYOG,738562.0,2026-08-12,"738,562.00 - 738,562.00",0.0,LOW,Payment In-Progress
TXN-000743,WS/MP18350/2025-2026/252042,V1,BLOCK DEV OFFICER NUAGAON,1531.0,2026-08-25,"1,531.00 - 3,980.60",-44.44,MEDIUM,Payment In-Progress
TXN-000744,WS/MP18350/2025-2026/252040,V1,BLOCK DEV OFFICER NUAGAON,1531.0,2026-08-25,"1,531.00 - 3,980.60",-44.44,MEDIUM,Payment In-Progress
TXN-000745,WS/MP18350/2025-2026/252044,V1,BLOCK DEV OFFICER NUAGAON,3062.0,2026-08-25,"1,531.00 - 3,980.60",11.11,LOW,Payment In-Progress
TXN-000746,WS/MP18350/2025-2026/252039,V1,BLOCK DEV OFFICER NUAGAON,1531.0,2026-08-25,"1,531.00 - 3,980.60",-44.44,MEDIUM,Payment In-Progress
TXN-000747,WS/MP380/2025-2026/192934,V1,BHAGWATI TILE STUDIO,92225.0,2026-08-26,"92,225.00 - 92,225.00",0.0,LOW,Payment In-Progress
TXN-000748,WS/MP18153/2025-2026/212819,V1,The Gill Sehkari Kirat te Ussari Sabha Ltd,232838.0,2026-08-26,"232,838.00 - 232,838.00",0.0,LOW,Payment In-Progress
TXN-000749,WS/MP620/2025-2026/254664,V1,MANJUNATH R KALAWAD,498497.0,2026-08-05,"498,497.00 - 498,497.00",0.0,LOW,Payment In-Progress
TXN-000750,WS/MP18328/2026-2027/267696,V1,Gram Panchayat Navlaye,100000.0,2026-08-27,"100,000.00 - 100,000.00",0.0,LOW,Payment In-Progress
TXN-000751,WS/MP18028/2025-2026/207913,V1,DAS ENTERPRISE,12680.0,2026-08-27,"12,680.00 - 12,680.00",0.0,LOW,Payment In-Progress
TXN-000752,WS/MP18127/2025-2026/253707,V1,SAGAR BHASKAR KOLHE,948000.0,2026-08-24,"948,000.00 - 948,000.00",0.0,LOW,Payment In-Progress
TXN-000753,WS/MP538/2026-2027/223497,V1,MS A K ENTERPRISE,184294.0,2026-08-27,"184,294.00 - 184,294.00",0.0,LOW,Payment In-Progress
TXN-000754,WS/MP18278/2025-2026/243961,V1,SARPANCH GRAM PANCHAYAT SENDURAS,300000.0,2026-07-21,"165,000.00 - 285,000.00",33.33,MEDIUM,Payment In-Progress
TXN-000755,WS/MP18278/2025-2026/248124,V1,SARPANCH GRAM PANCHAYAT SENDURAS,150000.0,2026-07-31,"165,000.00 - 285,000.00",-33.33,MEDIUM,Payment In-Progress
TXN-000756,WS/MP620/2026-2027/254679,V1,SHRINIVAS S MAVINAKAI CONTRACTOR,398213.0,2026-08-18,"398,213.00 - 398,213.00",0.0,LOW,Payment In-Progress
TXN-000757,WS/MP623/2026-2027/208582,V1,SHRISHAIL BUDDAPPA HONNAKORE,123588.0,2026-08-07,"123,588.00 - 123,588.00",0.0,LOW,Payment In-Progress
TXN-000758,WS/MP623/2025-2026/197027,V1,SANGANAGOUD BIRADAR,72993.0,2026-07-28,"72,840.20 - 100,125.40",-15.6,LOW,Payment In-Progress
TXN-000759,WS/MP623/2025-2026/171085,V1,SANGANAGOUD BIRADAR,73540.0,2026-07-28,"72,840.20 - 100,125.40",-14.97,LOW,Payment In-Progress
TXN-000760,WS/MP623/2025-2026/169562,V1,SANGANAGOUD BIRADAR,117849.0,2026-07-28,"72,840.20 - 100,125.40",36.27,MEDIUM,Payment In-Progress
TXN-000761,WS/MP623/2025-2026/171079,V1,SANGANAGOUD BIRADAR,72769.0,2026-07-28,"72,840.20 - 100,125.40",-15.86,LOW,Payment In-Progress
TXN-000762,WS/MP623/2025-2026/177681,V1,SANGANAGOUD BIRADAR,72947.0,2026-07-28,"72,840.20 - 100,125.40",-15.65,LOW,Payment In-Progress
TXN-000763,WS/MP578/2025-2026/242910,V1,KARSAD GRAM PANCHAYAT,200000.0,2026-08-19,"200,000.00 - 200,000.00",0.0,LOW,Payment In-Progress
TXN-000764,WS/MP588/2026-2027/269974,V1,SHRI MOTABHADUKIYA GRAM PANCHAYAT,398074.0,2026-08-12,"398,074.00 - 398,074.00",0.0,LOW,Payment In-Progress
TXN-000765,WS/MP479/2025-2026/193012,V1,SUSANTA KUMAR DAS,579756.0,2026-08-25,"579,756.00 - 579,756.00",0.0,LOW,Payment In-Progress
TXN-000766,WS/MP18069/2025-2026/212149,V1,EE HPPWD PALAMPUR,199521.0,2026-08-14,"199,521.00 - 199,521.00",0.0,LOW,Payment In-Progress
TXN-000767,WS/MP18328/2026-2027/267702,V1,GP Kutahar,100000.0,2026-08-27,"100,000.00 - 100,000.00",0.0,LOW,Payment In-Progress
TXN-000768,WS/MP429/2025-2026/246854,V1,SARPANCH GRAM PANCHAYAT NAWAGAON,239960.0,2026-08-11,"239,960.00 - 239,960.00",0.0,LOW,Payment In-Progress
TXN-000769,WS/MP18083/2025-2026/235290,V1,D K NIRMITHI KENDRA,1800000.0,2026-08-26,"1,800,000.00 - 1,800,000.00",0.0,LOW,Payment In-Progress
TXN-000770,WS/MP18162/2025-2026/178543,V1,DEU BALAI,16000.0,2026-08-24,"16,000.00 - 16,000.00",0.0,LOW,Payment In-Progress
TXN-000771,WS/MP18162/2025-2026/178543,V1,GOPAL BALAI,9500.0,2026-08-24,"12,625.00 - 37,625.00",-62.19,HIGH,Payment In-Progress
TXN-000772,WS/MP18162/2025-2026/178543,V1,GOPAL BALAI,40750.0,2026-08-24,"12,625.00 - 37,625.00",62.19,HIGH,Payment In-Progress
TXN-000773,WS/MP18162/2025-2026/178543,V1,KISHAN LAL BALAI,9500.0,2026-08-24,"9,500.00 - 9,500.00",0.0,LOW,Payment In-Progress
TXN-000774,WS/MP370/2025-2026/270552,V1,BDO SUBDEGA PS MISC,14400.0,2026-08-25,"14,400.00 - 14,400.00",0.0,LOW,Payment In-Progress
TXN-000775,WS/MP370/2025-2026/270549,V1,BDO SUBDEGA PS MISC,14400.0,2026-08-25,"14,400.00 - 14,400.00",0.0,LOW,Payment In-Progress
TXN-000776,WS/MP370/2025-2026/270551,V1,BDO SUBDEGA PS MISC,14400.0,2026-08-25,"14,400.00 - 14,400.00",0.0,LOW,Payment In-Progress
TXN-000777,WS/MP370/2025-2026/270554,V1,BDO SUBDEGA PS MISC,14400.0,2026-08-25,"14,400.00 - 14,400.00",0.0,LOW,Payment In-Progress
TXN-000778,WS/MP370/2025-2026/270553,V1,BDO SUBDEGA PS MISC,14400.0,2026-08-25,"14,400.00 - 14,400.00",0.0,LOW,Payment In-Progress
TXN-000779,WS/MP524/2025-2026/198366,V1,Surya Teja Bore wells,109110.0,2026-08-06,"109,110.00 - 109,110.00",0.0,LOW,Payment In-Progress
TXN-000780,WS/MP18328/2025-2026/242450,V1,GP CHAURI,150000.0,2026-08-25,"150,000.00 - 150,000.00",0.0,LOW,Payment In-Progress
TXN-000781,WS/MP18350/2025-2026/252043,V1,BLOCK DEV OFFICER NUAGAON,4593.0,2026-08-25,"1,531.00 - 3,980.60",66.67,HIGH,Payment In-Progress
TXN-000782,WS/MP710/2026-2027/300350,V1,VENGADACHALAM,102421.0,2026-08-18,"102,421.00 - 102,421.00",0.0,LOW,Payment In-Progress
TXN-000783,WS/MP370/2025-2026/270547,V1,BDO SUBDEGA PS MISC,14400.0,2026-08-25,"14,400.00 - 14,400.00",0.0,LOW,Payment In-Progress
TXN-000784,WS/MP370/2025-2026/270548,V1,BDO SUBDEGA PS MISC,14400.0,2026-08-25,"14,400.00 - 14,400.00",0.0,LOW,Payment In-Progress
TXN-000785,WS/MP370/2025-2026/270546,V1,BDO SUBDEGA PS MISC,14400.0,2026-08-25,"14,400.00 - 14,400.00",0.0,LOW,Payment In-Progress
TXN-000786,WS/MP370/2025-2026/270545,V1,BDO SUBDEGA PS MISC,14400.0,2026-08-25,"14,400.00 - 14,400.00",0.0,LOW,Payment In-Progress
TXN-000787,WS/MP588/2025-2026/202574,V1,BHIMANUGAM GRAM PANCHAYAT,189460.0,2026-08-11,"189,460.00 - 189,460.00",0.0,LOW,Payment In-Progress
TXN-000788,WS/MP370/2025-2026/270550,V1,BDO SUBDEGA PS MISC,14400.0,2026-08-25,"14,400.00 - 14,400.00",0.0,LOW,Payment In-Progress
TXN-000789,WS/MP18167/2025-2026/269303,V1,MS SURENDRA SINGH THEKEDAR,1884581.0,2026-08-27,"1,884,581.00 - 1,884,581.00",0.0,LOW,Payment In-Progress
TXN-000790,WS/MP588/2025-2026/213411,V1,GRAM PANCHAYAT PACHHTAR,498981.0,2026-08-06,"498,981.00 - 498,981.00",0.0,LOW,Payment In-Progress
TXN-000791,WS/MP18346/2024-2025/162483,V1,Aditya Construction,19199.0,2025-10-28,"19,199.00 - 142,551.20",-76.26,HIGH,Payment In-Progress
TXN-000792,WS/MP18086/2025-2026/211932,V1,Suresh naika,43886.0,2026-08-18,"43,886.00 - 43,886.00",0.0,LOW,Payment In-Progress
TXN-000793,WS/MP18228/2025-2026/249977,V1,BHAGWATI CHAND,2940447.0,2026-08-11,"2,940,447.00 - 2,940,447.00",0.0,LOW,Payment In-Progress
TXN-000794,WS/MP18346/2025-2026/219263,V1,Aditya Construction,1252721.0,2026-08-11,"19,199.00 - 142,551.20",1448.96,HIGH,Payment In-Progress
TXN-000795,WS/MP18346/2024-2025/162612,V1,Aditya Construction,19199.0,2025-10-28,"19,199.00 - 142,551.20",-76.26,HIGH,Payment In-Progress
TXN-000796,WS/MP18346/2024-2025/162616,V1,Aditya Construction,19199.0,2025-10-28,"19,199.00 - 142,551.20",-76.26,HIGH,Payment In-Progress
TXN-000797,WS/MP18230/2025-2026/161482,V1,SHREE HARIOM INFOTECH,1575027.0,2026-06-18,"982,896.30 - 1,509,234.70",26.4,MEDIUM,Payment In-Progress
TXN-000798,WS/MP18346/2024-2025/162463,V1,Aditya Construction,19199.0,2025-10-28,"19,199.00 - 142,551.20",-76.26,HIGH,Payment In-Progress
TXN-000799,WS/MP18346/2024-2025/162456,V1,Aditya Construction,19199.0,2025-10-28,"19,199.00 - 142,551.20",-76.26,HIGH,Payment In-Progress
TXN-000800,WS/MP18346/2024-2025/162617,V1,Aditya Construction,19199.0,2025-10-28,"19,199.00 - 142,551.20",-76.26,HIGH,Payment In-Progress
TXN-000801,WS/MP18346/2024-2025/162613,V1,Aditya Construction,19199.0,2025-10-28,"19,199.00 - 142,551.20",-76.26,HIGH,Payment In-Progress
TXN-000802,WS/MP18346/2024-2025/162596,V1,Aditya Construction,19199.0,2025-10-28,"19,199.00 - 142,551.20",-76.26,HIGH,Payment In-Progress
TXN-000803,WS/MP18030/2026-2027/233791,V1,assistant engineer sahpur,999500.0,2026-08-25,"369,455.90 - 929,495.10",53.89,HIGH,Payment In-Progress
TXN-000804,WS/MP18030/2026-2027/233789,V1,assistant engineer sahpur,299451.0,2026-08-25,"369,455.90 - 929,495.10",-53.89,HIGH,Payment In-Progress
TXN-000805,WS/MP18069/2025-2026/211609,V1,GP Rathiar,123569.0,2026-08-25,"123,569.00 - 123,569.00",0.0,LOW,Payment In-Progress
TXN-000806,WS/MP423/2025-2026/201061,V1,SHREYAN CONSTRUCTION,343748.0,2026-08-25,"343,748.00 - 343,748.00",0.0,LOW,Payment In-Progress
TXN-000807,WS/MP18082/2025-2026/213883,V1,Project Director Nirmithi Kendra Chitradrga,100000.0,2026-07-09,"127,500.00 - 347,500.00",-57.89,HIGH,Payment In-Progress
TXN-000808,WS/MP18082/2026-2027/260436,V1,Project Director Nirmithi Kendra Chitradrga,375000.0,2026-07-09,"127,500.00 - 347,500.00",57.89,HIGH,Payment In-Progress
TXN-000809,WS/MP623/2026-2027/247185,V1,AMARESH JALAWADI,187500.0,2026-08-27,"187,500.00 - 187,500.00",0.0,LOW,Payment In-Progress
TXN-000810,WS/MP623/2026-2027/247175,V1,AMARESH JALAWADI,187500.0,2026-08-27,"187,500.00 - 187,500.00",0.0,LOW,Payment In-Progress
TXN-000811,WS/MP623/2026-2027/247188,V1,AMARESH JALAWADI,187500.0,2026-08-27,"187,500.00 - 187,500.00",0.0,LOW,Payment In-Progress
TXN-000812,WS/MP18049/2026-2027/266760,V1,GRAM PANCHAYAT KOYLARI,200000.0,2026-08-19,"200,000.00 - 200,000.00",0.0,LOW,Payment In-Progress
TXN-000813,WS/MP642/2025-2026/196590,V1,ARVIND SINGH SATNA,267676.0,2026-08-27,"79,868.50 - 266,678.50",54.48,HIGH,Payment In-Progress
TXN-000814,WS/MP642/2025-2026/196576,V1,ARVIND SINGH SATNA,251896.0,2026-08-27,"79,868.50 - 266,678.50",45.37,MEDIUM,Payment In-Progress
TXN-000815,WS/MP642/2025-2026/196589,V1,ARVIND SINGH SATNA,252878.0,2026-08-27,"79,868.50 - 266,678.50",45.94,MEDIUM,Payment In-Progress
TXN-000816,WS/MP642/2025-2026/196624,V1,ARVIND SINGH SATNA,64940.0,2026-08-27,"79,868.50 - 266,678.50",-62.52,HIGH,Payment In-Progress
TXN-000817,WS/MP642/2025-2026/196613,V1,ARVIND SINGH SATNA,244262.0,2026-08-27,"79,868.50 - 266,678.50",40.97,MEDIUM,Payment In-Progress
TXN-000818,WS/MP642/2025-2026/196597,V1,ARVIND SINGH SATNA,265681.0,2026-08-27,"79,868.50 - 266,678.50",53.33,HIGH,Payment In-Progress
TXN-000819,WS/MP642/2025-2026/196614,V1,ARVIND SINGH SATNA,94797.0,2026-08-27,"79,868.50 - 266,678.50",-45.29,MEDIUM,Payment In-Progress
TXN-000820,WS/MP642/2025-2026/196619,V1,ARVIND SINGH SATNA,193957.0,2026-08-27,"79,868.50 - 266,678.50",11.94,LOW,Payment In-Progress
TXN-000821,WS/MP642/2025-2026/196588,V1,ARVIND SINGH SATNA,285774.0,2026-08-27,"79,868.50 - 266,678.50",64.93,HIGH,Payment In-Progress
TXN-000822,WS/MP642/2025-2026/196579,V1,ARVIND SINGH SATNA,186922.0,2026-08-27,"79,868.50 - 266,678.50",7.88,LOW,Payment In-Progress
TXN-000823,WS/MP642/2025-2026/196603,V1,ARVIND SINGH SATNA,237046.0,2026-08-27,"79,868.50 - 266,678.50",36.8,MEDIUM,Payment In-Progress
TXN-000824,WS/MP18131/2025-2026/200905,V1,Sunil Shrimant Nadure,744025.0,2026-08-21,"744,025.00 - 744,025.00",0.0,LOW,Payment In-Progress
TXN-000825,WS/MP18153/2025-2026/229090,V1,The Sidhu Kirat te Usari Sehkari Sabha ltd,240497.0,2026-08-26,"232,607.60 - 238,922.80",2.01,LOW,Payment In-Progress
TXN-000826,WS/MP623/2026-2027/247182,V1,PAMPAPATI H BELAGAL,187500.0,2026-07-30,"111,825.60 - 312,750.00",-11.68,LOW,Payment In-Progress
TXN-000827,WS/MP623/2026-2027/168555,V1,PAMPAPATI H BELAGAL,371250.0,2026-08-07,"111,825.60 - 312,750.00",74.88,HIGH,Payment In-Progress
TXN-000828,WS/MP623/2026-2027/206926,V1,PAMPAPATI H BELAGAL,225000.0,2026-08-07,"111,825.60 - 312,750.00",5.99,LOW,Payment In-Progress
TXN-000829,WS/MP623/2026-2027/247039,V1,PAMPAPATI H BELAGAL,187500.0,2026-08-07,"111,825.60 - 312,750.00",-11.68,LOW,Payment In-Progress
TXN-000830,WS/MP623/2026-2027/247182,V1,PAMPAPATI H BELAGAL,61376.0,2026-08-27,"111,825.60 - 312,750.00",-71.09,HIGH,Payment In-Progress
TXN-000831,WS/MP18328/2025-2026/242434,V1,Gram Panchayat Kot,200000.0,2026-08-25,"200,000.00 - 200,000.00",0.0,LOW,Payment In-Progress
TXN-000832,WS/MP642/2025-2026/196620,V1,ARVIND SINGH SATNA,247324.0,2026-08-27,"79,868.50 - 266,678.50",42.74,MEDIUM,Payment In-Progress
TXN-000833,WS/MP642/2025-2026/196593,V1,ARVIND SINGH SATNA,260120.0,2026-08-27,"79,868.50 - 266,678.50",50.12,HIGH,Payment In-Progress
TXN-000834,WS/MP642/2025-2026/196604,V1,ARVIND SINGH SATNA,234493.0,2026-08-27,"79,868.50 - 266,678.50",35.33,MEDIUM,Payment In-Progress
TXN-000835,WS/MP642/2025-2026/196594,V1,ARVIND SINGH SATNA,227606.0,2026-08-27,"79,868.50 - 266,678.50",31.36,MEDIUM,Payment In-Progress
TXN-000836,WS/MP642/2025-2026/196598,V1,ARVIND SINGH SATNA,55373.0,2026-08-27,"79,868.50 - 266,678.50",-68.04,HIGH,Payment In-Progress
TXN-000837,WS/MP18346/2024-2025/162437,V1,Aditya Construction,19199.0,2025-10-28,"19,199.00 - 142,551.20",-76.26,HIGH,Payment In-Progress
TXN-000838,WS/MP18230/2025-2026/161485,V1,SHREE HARIOM INFOTECH,917104.0,2026-04-12,"982,896.30 - 1,509,234.70",-26.4,MEDIUM,Payment In-Progress
TXN-000839,WS/MP623/2026-2027/247160,V1,NAGARAJ PRAKASH PATTAR,61749.0,2026-08-27,"74,324.10 - 174,924.90",-50.45,HIGH,Payment In-Progress
TXN-000840,WS/MP18153/2025-2026/205309,V1,The Sidhu Kirat te Usari Sehkari Sabha ltd,232603.0,2026-08-26,"232,607.60 - 238,922.80",-1.34,LOW,Payment In-Progress
TXN-000841,WS/MP18153/2025-2026/212808,V1,The Sidhu Kirat te Usari Sehkari Sabha ltd,232626.0,2026-08-26,"232,607.60 - 238,922.80",-1.33,LOW,Payment In-Progress
TXN-000842,WS/MP623/2026-2027/247160,V1,NAGARAJ PRAKASH PATTAR,187500.0,2026-07-30,"74,324.10 - 174,924.90",50.45,HIGH,Payment In-Progress
TXN-000843,WS/MP18093/2026-2027/246220,V1,TUMKUR NIRMITHI KENDRA,750000.0,2026-06-22,"300,000.00 - 2,437,500.00",-45.21,MEDIUM,Payment In-Progress
TXN-000844,WS/MP18093/2026-2027/257152,V1,TUMKUR NIRMITHI KENDRA,1500000.0,2026-06-22,"300,000.00 - 2,437,500.00",9.59,LOW,Payment In-Progress
TXN-000845,WS/MP18076/2026-2027/206950,V1,TUMKUR NIRMITHI KENDRA,750000.0,2026-06-30,"300,000.00 - 2,437,500.00",-45.21,MEDIUM,Payment In-Progress
TXN-000846,WS/MP18076/2025-2026/220444,V1,TUMKUR NIRMITHI KENDRA,100000.0,2026-07-10,"300,000.00 - 2,437,500.00",-92.69,HIGH,Payment In-Progress
TXN-000847,WS/MP18093/2025-2026/180351,V1,TUMKUR NIRMITHI KENDRA,500000.0,2026-05-27,"300,000.00 - 2,437,500.00",-63.47,HIGH,Payment In-Progress
TXN-000848,WS/MP18093/2025-2026/180263,V1,TUMKUR NIRMITHI KENDRA,3375000.0,2026-08-07,"300,000.00 - 2,437,500.00",146.58,HIGH,Payment In-Progress
TXN-000849,WS/MP716/2025-2026/189592,V1,Jasvir Kaur,19036.0,2026-08-26,"19,036.00 - 19,036.00",0.0,LOW,Payment In-Progress
TXN-000850,WS/MP484/2025-2026/161569,V1,G K SPORTS,1005903.0,2026-03-12,"1,005,903.00 - 1,005,903.00",0.0,LOW,Payment In-Progress
TXN-000851,WS/MP465/2025-2026/189652,V1,RAJESH KUMAR PAL,22000.0,2026-07-03,"24,200.00 - 200,200.00",-80.39,HIGH,Payment In-Progress
TXN-000852,WS/MP465/2025-2026/189652,V1,RAJESH KUMAR PAL,242000.0,2026-07-03,"24,200.00 - 200,200.00",115.69,HIGH,Payment In-Progress
TXN-000853,WS/MP465/2025-2026/189652,V1,RAJESH KUMAR PAL,33000.0,2026-07-03,"24,200.00 - 200,200.00",-70.59,HIGH,Payment In-Progress
TXN-000854,WS/MP18309/2026-2027/287964,V1,Willipson Sangma,250000.0,2026-08-25,"250,000.00 - 250,000.00",0.0,LOW,Payment In-Progress
TXN-000855,WS/MP18019/2026-2027/260735,V1,GAUTAM HANSE,74120.0,2026-08-21,"10,212.00 - 105,600.00",28.0,MEDIUM,Payment In-Progress
TXN-000856,WS/MP18019/2026-2027/260732,V1,GAUTAM HANSE,74120.0,2026-08-21,"10,212.00 - 105,600.00",28.0,MEDIUM,Payment In-Progress
TXN-000857,WS/MP18019/2026-2027/260735,V1,GAUTAM HANSE,105000.0,2026-08-20,"10,212.00 - 105,600.00",81.33,HIGH,Payment In-Progress
TXN-000858,WS/MP18019/2026-2027/260732,V1,GAUTAM HANSE,105000.0,2026-08-20,"10,212.00 - 105,600.00",81.33,HIGH,Payment In-Progress
TXN-000859,WS/MP18019/2024-2025/146093,V1,GAUTAM HANSE,10212.0,2026-06-13,"10,212.00 - 105,600.00",-82.36,HIGH,Payment In-Progress
TXN-000860,WS/MP18019/2024-2025/137606,V1,GAUTAM HANSE,10212.0,2026-06-13,"10,212.00 - 105,600.00",-82.36,HIGH,Payment In-Progress
TXN-000861,WS/MP18019/2024-2025/137592,V1,GAUTAM HANSE,37540.0,2026-06-13,"10,212.00 - 105,600.00",-35.17,MEDIUM,Payment In-Progress
TXN-000862,WS/MP18019/2024-2025/137607,V1,GAUTAM HANSE,10212.0,2026-06-13,"10,212.00 - 105,600.00",-82.36,HIGH,Payment In-Progress
TXN-000863,WS/MP18169/2025-2026/257624,V1,UJJAWAL ENTERPRISE,53460.0,2026-08-25,"53,460.00 - 53,460.00",0.0,LOW,Payment In-Progress
TXN-000864,WS/MP18400/2025-2026/199528,V1,Radhey Mohan International,165416.0,2026-05-19,"165,416.00 - 165,416.00",0.0,LOW,Payment In-Progress
TXN-000865,WS/MP728/2025-2026/262937,V1,om fhoji construction,900255.0,2026-08-25,"900,255.00 - 900,255.00",0.0,LOW,Payment In-Progress
TXN-000866,WS/MP584/2025-2026/217168,V1,SATAPAR GRAM PANCHAYAT,300000.0,2026-08-12,"300,000.00 - 300,000.00",0.0,LOW,Payment In-Progress
TXN-000867,WS/MP323/2025-2026/218120,V1,SARA GRAM PANCHAYAT,249216.0,2026-08-14,"249,216.00 - 249,216.00",0.0,LOW,Payment In-Progress
TXN-000868,WS/MP825/2025-2026/266000,V1,MONDAL CONSTRUCTION,1281469.0,2026-08-24,"1,281,469.00 - 1,281,469.00",0.0,LOW,Payment In-Progress
TXN-000869,WS/MP529/2025-2026/236649,V1,G DAYAKAR,488636.0,2026-08-09,"488,636.00 - 488,636.00",0.0,LOW,Payment In-Progress
TXN-000870,WS/MP575/2026-2027/273398,V1,GRAM PANCHAYAT KACHHOLI,500000.0,2026-08-23,"500,000.00 - 500,000.00",0.0,LOW,Payment In-Progress
TXN-000871,WS/MP18169/2025-2026/185932,V1,CHARBHUJA HARDROCK DRILLER,292199.0,2026-07-21,"292,199.00 - 292,199.00",0.0,LOW,Payment In-Progress
TXN-000872,WS/MP18367/2026-2027/273529,V1,VIVEK KUMAR SINGH,990478.0,2026-08-22,"990,478.00 - 990,478.00",0.0,LOW,Payment In-Progress
TXN-000873,WS/MP18019/2024-2025/137729,V1,SIRA RONGHANGPI,77000.0,2026-07-16,"77,000.00 - 77,000.00",0.0,LOW,Payment In-Progress
TXN-000874,WS/MP18162/2025-2026/201389,V1,C S TECHNOLOGIES,208064.0,2026-08-05,"208,064.00 - 209,583.90",-0.36,LOW,Payment In-Progress
TXN-000875,WS/MP18162/2025-2026/201379,V1,C S TECHNOLOGIES,208064.0,2026-08-05,"208,064.00 - 209,583.90",-0.36,LOW,Payment In-Progress
TXN-000876,WS/MP18162/2025-2026/201382,V1,C S TECHNOLOGIES,208064.0,2026-08-05,"208,064.00 - 209,583.90",-0.36,LOW,Payment In-Progress
TXN-000877,WS/MP18162/2025-2026/201403,V1,C S TECHNOLOGIES,208064.0,2026-08-05,"208,064.00 - 209,583.90",-0.36,LOW,Payment In-Progress
TXN-000878,WS/MP18162/2025-2026/202029,V1,C S TECHNOLOGIES,208064.0,2026-08-05,"208,064.00 - 209,583.90",-0.36,LOW,Payment In-Progress
TXN-000879,WS/MP18162/2025-2026/200623,V1,C S TECHNOLOGIES,209379.0,2026-07-23,"208,064.00 - 209,583.90",0.27,LOW,Payment In-Progress
TXN-000880,WS/MP18162/2025-2026/200624,V1,C S TECHNOLOGIES,208453.0,2026-07-23,"208,064.00 - 209,583.90",-0.18,LOW,Payment In-Progress
TXN-000881,WS/MP18162/2025-2026/200627,V1,C S TECHNOLOGIES,210062.0,2026-07-23,"208,064.00 - 209,583.90",0.59,LOW,Payment In-Progress
TXN-000882,WS/MP18148/2025-2026/198393,V1,Bhagirathi Gond,130339.0,2026-08-24,"130,339.00 - 130,339.00",0.0,LOW,Payment In-Progress
TXN-000883,WS/MP18328/2026-2027/272672,V1,GRAM PANCHAYAT GOPALPUR,200000.0,2026-08-25,"200,000.00 - 200,000.00",0.0,LOW,Payment In-Progress
TXN-000884,WS/MP719/2025-2026/226416,V1,ARBM CONSTRUCTIONS,498320.0,2026-04-24,"498,320.00 - 498,320.00",0.0,LOW,Payment In-Progress
TXN-000885,WS/MP18328/2026-2027/253065,V1,GP Dunkhrigahar,200000.0,2026-08-26,"200,000.00 - 200,000.00",0.0,LOW,Payment In-Progress
TXN-000886,WS/MP719/2025-2026/227474,V1,INDAR MOPRKASH,3861.0,2026-08-06,"3,861.00 - 3,861.00",0.0,LOW,Payment In-Progress
TXN-000887,WS/MP719/2025-2026/227474,V1,rahul omprkash,15561.0,2026-08-06,"15,561.00 - 15,561.00",0.0,LOW,Payment In-Progress
TXN-000888,WS/MP529/2025-2026/213220,V1,Sai Manjula Agencies,419963.0,2026-08-10,"419,963.00 - 419,963.00",0.0,LOW,Payment In-Progress
TXN-000889,WS/MP478/2026-2027/277539,V1,Masti ram,249225.0,2026-08-25,"249,225.00 - 249,225.00",0.0,LOW,Payment In-Progress
TXN-000890,WS/MP478/2026-2027/243973,V1,Masti ram,249225.0,2026-08-25,"249,225.00 - 249,225.00",0.0,LOW,Payment In-Progress
TXN-000891,WS/MP478/2026-2027/277477,V1,Masti ram,249225.0,2026-08-25,"249,225.00 - 249,225.00",0.0,LOW,Payment In-Progress
TXN-000892,WS/MP478/2026-2027/277463,V1,Masti ram,249225.0,2026-08-25,"249,225.00 - 249,225.00",0.0,LOW,Payment In-Progress
TXN-000893,WS/MP478/2026-2027/277460,V1,Masti ram,249225.0,2026-08-25,"249,225.00 - 249,225.00",0.0,LOW,Payment In-Progress
TXN-000894,WS/MP478/2026-2027/277482,V1,Masti ram,249225.0,2026-08-25,"249,225.00 - 249,225.00",0.0,LOW,Payment In-Progress
TXN-000895,WS/MP478/2026-2027/277476,V1,Masti ram,249225.0,2026-08-25,"249,225.00 - 249,225.00",0.0,LOW,Payment In-Progress
TXN-000896,WS/MP481/2025-2026/204514,V1,SADIKUL ISLAM,139707.0,2026-08-22,"139,707.00 - 139,707.00",0.0,LOW,Payment In-Progress
TXN-000897,WS/MP481/2025-2026/204515,V1,SADIKUL ISLAM,139707.0,2026-08-22,"139,707.00 - 139,707.00",0.0,LOW,Payment In-Progress
TXN-000898,WS/MP481/2025-2026/204516,V1,SADIKUL ISLAM,139707.0,2026-08-22,"139,707.00 - 139,707.00",0.0,LOW,Payment In-Progress
TXN-000899,WS/MP481/2025-2026/204517,V1,SADIKUL ISLAM,139707.0,2026-08-22,"139,707.00 - 139,707.00",0.0,LOW,Payment In-Progress
TXN-000900,WS/MP481/2025-2026/204518,V1,SADIKUL ISLAM,139707.0,2026-08-22,"139,707.00 - 139,707.00",0.0,LOW,Payment In-Progress
TXN-000901,WS/MP481/2025-2026/204519,V1,SADIKUL ISLAM,139707.0,2026-08-22,"139,707.00 - 139,707.00",0.0,LOW,Payment In-Progress
TXN-000902,WS/MP481/2025-2026/204520,V1,SADIKUL ISLAM,139707.0,2026-08-22,"139,707.00 - 139,707.00",0.0,LOW,Payment In-Progress
TXN-000903,WS/MP481/2025-2026/204521,V1,SADIKUL ISLAM,139707.0,2026-08-22,"139,707.00 - 139,707.00",0.0,LOW,Payment In-Progress
TXN-000904,WS/MP481/2025-2026/204522,V1,SADIKUL ISLAM,139707.0,2026-08-23,"139,707.00 - 139,707.00",0.0,LOW,Payment In-Progress
TXN-000905,WS/MP481/2025-2026/204523,V1,SADIKUL ISLAM,139707.0,2026-08-23,"139,707.00 - 139,707.00",0.0,LOW,Payment In-Progress
TXN-000906,WS/MP18208/2026-2027/266248,V1,JAI CONSTRUCTION,713900.0,2026-08-17,"713,900.00 - 713,900.00",0.0,LOW,Payment In-Progress
TXN-000907,WS/MP18199/2025-2026/227891,V1,MS SHOBHNATH VERMA,396749.0,2026-07-29,"402,404.70 - 447,650.30",-6.65,LOW,Payment In-Progress
TXN-000908,WS/MP18199/2025-2026/205330,V1,MS SHOBHNATH VERMA,453306.0,2026-07-29,"402,404.70 - 447,650.30",6.65,LOW,Payment In-Progress
TXN-000909,WS/MP18024/2026-2027/207563,V1,RAJKUMAR DUARAH,61420.0,2026-08-27,"61,420.00 - 61,420.00",0.0,LOW,Payment In-Progress
TXN-000910,WS/MP18069/2025-2026/211595,V1,GP Kupahda,125000.0,2026-08-25,"125,000.00 - 125,000.00",0.0,LOW,Payment In-Progress
TXN-000911,WS/MP18211/2025-2026/215169,V1,MS MADANPAL SINGH,407481.0,2026-07-21,"407,481.00 - 407,481.00",0.0,LOW,Payment In-Progress
TXN-000912,WS/MP18211/2025-2026/241674,V1,DINESH KUMAR DUBEY,49125.0,2026-05-29,"49,125.00 - 49,125.00",0.0,LOW,Payment In-Progress
TXN-000913,WS/MP18199/2025-2026/247251,V1,MS SAKET TRADERS,1658090.0,2026-08-13,"503,482.40 - 1,476,026.40",67.53,HIGH,Payment In-Progress
TXN-000914,WS/MP18019/2025-2026/173483,V1,GAUTAM HANSE,111000.0,2026-07-16,"10,212.00 - 105,600.00",91.69,HIGH,Payment In-Progress
TXN-000915,WS/MP18019/2025-2026/173483,V1,GAUTAM HANSE,10632.0,2026-06-16,"10,212.00 - 105,600.00",-81.64,HIGH,Payment In-Progress
TXN-000916,WS/MP18048/2024-2025/149433,V1,GRAM PANCHAYAT MADDED,346092.0,2026-06-17,"346,092.00 - 346,092.00",0.0,LOW,Payment In-Progress
TXN-000917,WS/MP18211/2025-2026/215170,V1,MS AMAR MANI TRIPATHI,539782.0,2026-08-07,"539,782.00 - 539,782.00",0.0,LOW,Payment In-Progress
TXN-000918,WS/MP18199/2025-2026/200141,V1,MS SAKET TRADERS,442410.0,2026-07-29,"503,482.40 - 1,476,026.40",-55.3,HIGH,Payment In-Progress
TXN-000919,WS/MP18055/2026-2027/275231,V1,RAVALIYA GRAM PANCHAYAT,199852.0,2026-08-21,"199,852.00 - 199,852.00",0.0,LOW,Payment In-Progress
TXN-000920,WS/MP18248/2024-2025/150129,V1,SINDHUJA CONSTRUCTION,987384.0,2026-08-11,"987,384.00 - 987,384.00",0.0,LOW,Payment In-Progress
TXN-000921,WS/MP524/2026-2027/290356,V1,Assistant Director Welfare of Differently Abled TG Sr Citizens YSR Annamayya District,597000.0,2026-08-03,"384,600.00 - 573,400.00",24.63,MEDIUM,Payment In-Progress
TXN-000922,WS/MP524/2026-2027/290354,V1,Assistant Director Welfare of Differently Abled TG Sr Citizens YSR Annamayya District,361000.0,2026-07-20,"384,600.00 - 573,400.00",-24.63,MEDIUM,Payment In-Progress
TXN-000923,WS/MP18346/2026-2027/277203,V1,SHIV ENTERPRISES,489646.0,2026-07-25,"395,572.60 - 479,193.40",11.95,LOW,Payment In-Progress
TXN-000924,WS/MP18346/2026-2027/277213,V1,SHIV ENTERPRISES,385120.0,2026-07-25,"395,572.60 - 479,193.40",-11.95,LOW,Payment In-Progress
TXN-000925,WS/MP858/2026-2027/252029,V1,SEKH BASIRUDDIN,1100000.0,2026-08-24,"1,100,000.00 - 1,100,000.00",0.0,LOW,Payment In-Progress
TXN-000926,WS/MP623/2026-2027/247169,V1,B K Appanna,187500.0,2026-07-30,"187,500.00 - 187,500.00",0.0,LOW,Payment In-Progress
TXN-000927,WS/MP370/2025-2026/270552,V1,Geetanjali Traders,465600.0,2026-08-25,"465,600.00 - 465,600.00",0.0,LOW,Payment In-Progress
TXN-000928,WS/MP370/2025-2026/270550,V1,Geetanjali Traders,465600.0,2026-08-25,"465,600.00 - 465,600.00",0.0,LOW,Payment In-Progress
TXN-000929,WS/MP370/2025-2026/270553,V1,Geetanjali Traders,465600.0,2026-08-25,"465,600.00 - 465,600.00",0.0,LOW,Payment In-Progress
TXN-000930,WS/MP370/2025-2026/270545,V1,Geetanjali Traders,465600.0,2026-08-25,"465,600.00 - 465,600.00",0.0,LOW,Payment In-Progress
TXN-000931,WS/MP370/2025-2026/270546,V1,Geetanjali Traders,465600.0,2026-08-25,"465,600.00 - 465,600.00",0.0,LOW,Payment In-Progress
TXN-000932,WS/MP370/2025-2026/270548,V1,Geetanjali Traders,465600.0,2026-08-25,"465,600.00 - 465,600.00",0.0,LOW,Payment In-Progress
TXN-000933,WS/MP18199/2025-2026/252316,V1,MS SAKET TRADERS,747772.0,2026-05-05,"503,482.40 - 1,476,026.40",-24.45,MEDIUM,Payment In-Progress
TXN-000934,WS/MP18076/2024-2025/145631,V1,PROJECT MANAGER NIRMITHI KENDRA RAMANAGARA,125000.0,2026-08-24,"125,000.00 - 125,000.00",0.0,LOW,Payment In-Progress
TXN-000935,WS/MP18076/2024-2025/145644,V1,PROJECT MANAGER NIRMITHI KENDRA RAMANAGARA,125000.0,2026-08-25,"125,000.00 - 125,000.00",0.0,LOW,Payment In-Progress
TXN-000936,WS/MP716/2025-2026/203944,V1,MAHALUXMI BKO,10710.0,2026-08-21,"17,697.00 - 93,348.30",-80.71,HIGH,Payment In-Progress
TXN-000937,WS/MP716/2025-2026/203943,V1,MAHALUXMI BKO,36523.0,2026-08-21,"17,697.00 - 93,348.30",-34.22,MEDIUM,Payment In-Progress
TXN-000938,WS/MP541/2026-2027/227617,V1,PRITOM TRIBEDI,104000.0,2026-08-26,"104,000.00 - 104,000.00",0.0,LOW,Payment In-Progress
TXN-000939,WS/MP18056/2025-2026/236453,V1,BANGAVADI GRAM PANCHAYAT,294118.0,2026-08-20,"294,118.00 - 294,118.00",0.0,LOW,Payment In-Progress
TXN-000940,WS/MP18238/2025-2026/152813,V1,Mhatma budh prathmik vidyalaya Musaila Khurd,150000.0,2026-03-11,"150,000.00 - 150,000.00",0.0,LOW,Payment In-Progress
TXN-000941,WS/MP18225/2024-2025/144734,V1,VIVEK ENTERPRISES,29578.0,2025-12-22,"29,578.00 - 29,578.00",0.0,LOW,Payment In-Progress
TXN-000942,WS/MP18075/2025-2026/253307,V1,RAJEEV RANJAN JUNIOR ENGINEER,100000.0,2026-08-25,"100,000.00 - 240,000.00",-41.18,MEDIUM,Payment In-Progress
TXN-000943,WS/MP18075/2025-2026/253309,V1,RAJEEV RANJAN JUNIOR ENGINEER,232500.0,2026-08-25,"100,000.00 - 240,000.00",36.76,MEDIUM,Payment In-Progress
TXN-000944,WS/MP18075/2025-2026/253314,V1,RAJEEV RANJAN JUNIOR ENGINEER,245000.0,2026-08-25,"100,000.00 - 240,000.00",44.12,MEDIUM,Payment In-Progress
TXN-000945,WS/MP18075/2025-2026/253325,V1,RAJEEV RANJAN JUNIOR ENGINEER,100000.0,2026-08-25,"100,000.00 - 240,000.00",-41.18,MEDIUM,Payment In-Progress
TXN-000946,WS/MP18075/2025-2026/253310,V1,RAJEEV RANJAN JUNIOR ENGINEER,210000.0,2026-08-25,"100,000.00 - 240,000.00",23.53,MEDIUM,Payment In-Progress
TXN-000947,WS/MP18225/2024-2025/144315,V1,VIVEK ENTERPRISES,29578.0,2025-12-22,"29,578.00 - 29,578.00",0.0,LOW,Payment In-Progress
TXN-000948,WS/MP747/2025-2026/195935,V1,VEEKAY INDUSTRIES,744259.0,2026-08-24,"744,259.00 - 744,259.00",0.0,LOW,Payment In-Progress
TXN-000949,WS/MP716/2025-2026/203954,V1,Shinda Singh,109572.0,2026-08-14,"109,572.00 - 109,572.00",0.0,LOW,Payment In-Progress
TXN-000950,WS/MP323/2025-2026/180054,V1,Indroi Gram Panchayat,492857.0,2026-08-21,"492,857.00 - 492,857.00",0.0,LOW,Payment In-Progress
TXN-000951,WS/MP719/2025-2026/208008,V1,LALITA,3705.0,2026-08-13,"3,705.00 - 3,705.00",0.0,LOW,Payment In-Progress
TXN-000952,WS/MP18077/2026-2027/254682,V1,PRIYESH GOUNDADKAR,124690.0,2026-08-19,"124,690.00 - 124,690.00",0.0,LOW,Payment In-Progress
TXN-000953,WS/MP870/2025-2026/200569,V1,KR CONSTRUCTIONS,1099275.0,2026-08-27,"1,099,275.00 - 1,099,275.00",0.0,LOW,Payment In-Progress
TXN-000954,WS/MP18232/2024-2025/143897,V1,A P DEVELOPERS,78743.0,2026-08-20,"37,136.60 - 367,443.80",-61.07,HIGH,Payment In-Progress
TXN-000955,WS/MP18205/2024-2025/148363,V1,SHRI SAI ENGINEERING WORKS,216409.0,2025-08-06,"216,409.00 - 216,409.00",0.0,LOW,Payment In-Progress
TXN-000956,WS/MP18054/2025-2026/162793,V1,JEPUR GRAM PANCHAYAT,331343.0,2026-08-24,"331,343.00 - 331,343.00",0.0,LOW,Payment In-Progress
TXN-000957,WS/MP18238/2025-2026/214951,V1,MS AKHAND PRATAP TRADERS,524573.0,2026-08-22,"161,808.20 - 484,265.80",62.39,HIGH,Payment In-Progress
TXN-000958,WS/MP370/2025-2026/270547,V1,Geetanjali Traders,465600.0,2026-08-25,"465,600.00 - 465,600.00",0.0,LOW,Payment In-Progress
TXN-000959,WS/MP370/2025-2026/270554,V1,Geetanjali Traders,465600.0,2026-08-25,"465,600.00 - 465,600.00",0.0,LOW,Payment In-Progress
TXN-000960,WS/MP370/2025-2026/270551,V1,Geetanjali Traders,465600.0,2026-08-25,"465,600.00 - 465,600.00",0.0,LOW,Payment In-Progress
TXN-000961,WS/MP370/2025-2026/270549,V1,Geetanjali Traders,465600.0,2026-08-25,"465,600.00 - 465,600.00",0.0,LOW,Payment In-Progress
TXN-000962,WS/MP623/2026-2027/247053,V1,B K Appanna,187500.0,2026-08-07,"187,500.00 - 187,500.00",0.0,LOW,Payment In-Progress
TXN-000963,WS/MP18139/2025-2026/202075,V1,BIJEPI BAGH,278598.0,2026-08-24,"278,598.00 - 278,598.00",0.0,LOW,Payment In-Progress
TXN-000964,WS/MP18232/2026-2027/228652,V1,PRAVINDRA KUMAR,1138440.0,2026-05-14,"69,666.20 - 868,862.40",142.6,HIGH,Payment In-Progress
TXN-000965,WS/MP18232/2026-2027/259269,V1,PRAVINDRA KUMAR,53264.0,2026-08-06,"69,666.20 - 868,862.40",-88.65,HIGH,Payment In-Progress
TXN-000966,WS/MP18232/2026-2027/242943,V1,PRAVINDRA KUMAR,239848.0,2026-08-04,"69,666.20 - 868,862.40",-48.89,MEDIUM,Payment In-Progress
TXN-000967,WS/MP18232/2026-2027/240893,V1,PRAVINDRA KUMAR,107938.0,2026-08-04,"69,666.20 - 868,862.40",-77.0,HIGH,Payment In-Progress
TXN-000968,WS/MP18056/2025-2026/263041,V1,HIRAL CONSTRUCTION,46952.0,2026-08-18,"77,462.40 - 199,807.20",-66.13,HIGH,Payment In-Progress
TXN-000969,WS/MP18056/2025-2026/206223,V1,HIRAL CONSTRUCTION,199504.0,2026-08-18,"77,462.40 - 199,807.20",43.91,MEDIUM,Payment In-Progress
TXN-000970,WS/MP18056/2025-2026/206221,V1,HIRAL CONSTRUCTION,199883.0,2026-08-18,"77,462.40 - 199,807.20",44.18,MEDIUM,Payment In-Progress
TXN-000971,WS/MP18029/2026-2027/298937,V1,PRANABJYOTI SAIKIA,359810.0,2026-08-26,"139,922.00 - 560,425.20",2.75,LOW,Payment In-Progress
TXN-000972,WS/MP18029/2026-2027/296118,V1,PRANABJYOTI SAIKIA,610579.0,2026-08-26,"139,922.00 - 560,425.20",74.36,HIGH,Payment In-Progress
TXN-000973,WS/MP18029/2026-2027/296118,V1,PRANABJYOTI SAIKIA,84950.0,2026-08-26,"139,922.00 - 560,425.20",-75.74,HIGH,Payment In-Progress
TXN-000974,WS/MP568/2024-2025/161396,V1,SARPACH SACHIV GP PADMI,200000.0,2025-07-15,"200,000.00 - 200,000.00",0.0,LOW,Payment In-Progress
TXN-000975,WS/MP18236/2024-2025/140140,V1,ANSH BUILDING MATERIAL,175000.0,2026-03-13,"24,385.00 - 158,265.00",91.62,HIGH,Payment In-Progress
TXN-000976,WS/MP18236/2024-2025/140140,V1,ANSH BUILDING MATERIAL,7650.0,2026-03-23,"24,385.00 - 158,265.00",-91.62,HIGH,Payment In-Progress
TXN-000977,WS/MP18345/2025-2026/176849,V1,Lallan singh contractor,281371.0,2026-07-28,"281,371.00 - 281,371.00",0.0,LOW,Payment In-Progress
TXN-000978,WS/MP575/2025-2026/191189,V1,Gram Panchayat Vaghrech,500000.0,2026-08-23,"500,000.00 - 500,000.00",0.0,LOW,Payment In-Progress
TXN-000979,WS/MP814/2026-2027/291025,V1,RAILTRO ENGINEERING PVT LTD,281044.0,2026-08-20,"281,044.00 - 281,044.00",0.0,LOW,Payment In-Progress
TXN-000980,WS/MP814/2026-2027/291017,V1,RAILTRO ENGINEERING PVT LTD,281044.0,2026-08-20,"281,044.00 - 281,044.00",0.0,LOW,Payment In-Progress
TXN-000981,WS/MP814/2026-2027/291018,V1,RAILTRO ENGINEERING PVT LTD,281044.0,2026-08-20,"281,044.00 - 281,044.00",0.0,LOW,Payment In-Progress
TXN-000982,WS/MP814/2026-2027/291024,V1,RAILTRO ENGINEERING PVT LTD,281044.0,2026-08-20,"281,044.00 - 281,044.00",0.0,LOW,Payment In-Progress
TXN-000983,WS/MP814/2026-2027/291038,V1,RAILTRO ENGINEERING PVT LTD,281044.0,2026-08-20,"281,044.00 - 281,044.00",0.0,LOW,Payment In-Progress
TXN-000984,WS/MP814/2026-2027/291039,V1,RAILTRO ENGINEERING PVT LTD,281044.0,2026-08-20,"281,044.00 - 281,044.00",0.0,LOW,Payment In-Progress
TXN-000985,WS/MP814/2026-2027/291040,V1,RAILTRO ENGINEERING PVT LTD,281044.0,2026-08-20,"281,044.00 - 281,044.00",0.0,LOW,Payment In-Progress
TXN-000986,WS/MP814/2026-2027/291041,V1,RAILTRO ENGINEERING PVT LTD,281044.0,2026-08-20,"281,044.00 - 281,044.00",0.0,LOW,Payment In-Progress
TXN-000987,WS/MP814/2026-2027/291027,V1,RAILTRO ENGINEERING PVT LTD,281044.0,2026-08-20,"281,044.00 - 281,044.00",0.0,LOW,Payment In-Progress
TXN-000988,WS/MP814/2026-2027/291028,V1,RAILTRO ENGINEERING PVT LTD,281044.0,2026-08-20,"281,044.00 - 281,044.00",0.0,LOW,Payment In-Progress
TXN-000989,WS/MP814/2026-2027/291036,V1,RAILTRO ENGINEERING PVT LTD,281044.0,2026-08-20,"281,044.00 - 281,044.00",0.0,LOW,Payment In-Progress
TXN-000990,WS/MP814/2026-2027/291037,V1,RAILTRO ENGINEERING PVT LTD,281044.0,2026-08-20,"281,044.00 - 281,044.00",0.0,LOW,Payment In-Progress
TXN-000991,WS/MP814/2026-2027/291150,V1,RAILTRO ENGINEERING PVT LTD,281044.0,2026-08-20,"281,044.00 - 281,044.00",0.0,LOW,Payment In-Progress
TXN-000992,WS/MP814/2026-2027/291151,V1,RAILTRO ENGINEERING PVT LTD,281044.0,2026-08-20,"281,044.00 - 281,044.00",0.0,LOW,Payment In-Progress
TXN-000993,WS/MP814/2026-2027/290445,V1,RAILTRO ENGINEERING PVT LTD,281044.0,2026-08-20,"281,044.00 - 281,044.00",0.0,LOW,Payment In-Progress
TXN-000994,WS/MP814/2026-2027/290444,V1,RAILTRO ENGINEERING PVT LTD,281044.0,2026-08-20,"281,044.00 - 281,044.00",0.0,LOW,Payment In-Progress
TXN-000995,WS/MP814/2026-2027/290443,V1,RAILTRO ENGINEERING PVT LTD,281044.0,2026-08-20,"281,044.00 - 281,044.00",0.0,LOW,Payment In-Progress
TXN-000996,WS/MP814/2026-2027/291158,V1,RAILTRO ENGINEERING PVT LTD,281044.0,2026-08-20,"281,044.00 - 281,044.00",0.0,LOW,Payment In-Progress
TXN-000997,WS/MP814/2026-2027/291159,V1,RAILTRO ENGINEERING PVT LTD,281044.0,2026-08-20,"281,044.00 - 281,044.00",0.0,LOW,Payment In-Progress
TXN-000998,WS/MP814/2026-2027/291157,V1,RAILTRO ENGINEERING PVT LTD,281044.0,2026-08-20,"281,044.00 - 281,044.00",0.0,LOW,Payment In-Progress
TXN-000999,WS/MP814/2026-2027/291147,V1,RAILTRO ENGINEERING PVT LTD,281044.0,2026-08-20,"281,044.00 - 281,044.00",0.0,LOW,Payment In-Progress
TXN-001000,WS/MP814/2026-2027/291148,V1,RAILTRO ENGINEERING PVT LTD,281044.0,2026-08-20,"281,044.00 - 281,044.00",0.0,LOW,Payment In-Progress
TXN-001001,WS/MP814/2026-2027/291149,V1,RAILTRO ENGINEERING PVT LTD,281044.0,2026-08-20,"281,044.00 - 281,044.00",0.0,LOW,Payment In-Progress
TXN-001002,WS/MP814/2026-2027/290446,V1,RAILTRO ENGINEERING PVT LTD,281044.0,2026-08-20,"281,044.00 - 281,044.00",0.0,LOW,Payment In-Progress
TXN-001003,WS/MP814/2026-2027/291125,V1,RAILTRO ENGINEERING PVT LTD,281044.0,2026-08-20,"281,044.00 - 281,044.00",0.0,LOW,Payment In-Progress
TXN-001004,WS/MP814/2026-2027/291124,V1,RAILTRO ENGINEERING PVT LTD,281044.0,2026-08-20,"281,044.00 - 281,044.00",0.0,LOW,Payment In-Progress
TXN-001005,WS/MP814/2026-2027/291070,V1,RAILTRO ENGINEERING PVT LTD,281044.0,2026-08-20,"281,044.00 - 281,044.00",0.0,LOW,Payment In-Progress
TXN-001006,WS/MP814/2026-2027/291071,V1,RAILTRO ENGINEERING PVT LTD,281044.0,2026-08-20,"281,044.00 - 281,044.00",0.0,LOW,Payment In-Progress
TXN-001007,WS/MP814/2026-2027/291069,V1,RAILTRO ENGINEERING PVT LTD,281044.0,2026-08-20,"281,044.00 - 281,044.00",0.0,LOW,Payment In-Progress
TXN-001008,WS/MP814/2026-2027/291067,V1,RAILTRO ENGINEERING PVT LTD,281044.0,2026-08-20,"281,044.00 - 281,044.00",0.0,LOW,Payment In-Progress
TXN-001009,WS/MP814/2026-2027/291043,V1,RAILTRO ENGINEERING PVT LTD,281044.0,2026-08-20,"281,044.00 - 281,044.00",0.0,LOW,Payment In-Progress
TXN-001010,WS/MP814/2026-2027/291035,V1,RAILTRO ENGINEERING PVT LTD,281044.0,2026-08-20,"281,044.00 - 281,044.00",0.0,LOW,Payment In-Progress
TXN-001011,WS/MP814/2026-2027/290728,V1,RAILTRO ENGINEERING PVT LTD,281044.0,2026-08-20,"281,044.00 - 281,044.00",0.0,LOW,Payment In-Progress
TXN-001012,WS/MP814/2026-2027/290731,V1,RAILTRO ENGINEERING PVT LTD,281044.0,2026-08-20,"281,044.00 - 281,044.00",0.0,LOW,Payment In-Progress
TXN-001013,WS/MP814/2026-2027/290732,V1,RAILTRO ENGINEERING PVT LTD,281044.0,2026-08-20,"281,044.00 - 281,044.00",0.0,LOW,Payment In-Progress
TXN-001014,WS/MP814/2026-2027/290733,V1,RAILTRO ENGINEERING PVT LTD,281044.0,2026-08-20,"281,044.00 - 281,044.00",0.0,LOW,Payment In-Progress
TXN-001015,WS/MP814/2026-2027/290734,V1,RAILTRO ENGINEERING PVT LTD,281044.0,2026-08-20,"281,044.00 - 281,044.00",0.0,LOW,Payment In-Progress
TXN-001016,WS/MP814/2026-2027/290691,V1,RAILTRO ENGINEERING PVT LTD,281044.0,2026-08-20,"281,044.00 - 281,044.00",0.0,LOW,Payment In-Progress
TXN-001017,WS/MP814/2026-2027/290689,V1,RAILTRO ENGINEERING PVT LTD,281044.0,2026-08-20,"281,044.00 - 281,044.00",0.0,LOW,Payment In-Progress
TXN-001018,WS/MP814/2026-2027/290690,V1,RAILTRO ENGINEERING PVT LTD,281044.0,2026-08-20,"281,044.00 - 281,044.00",0.0,LOW,Payment In-Progress
TXN-001019,WS/MP814/2026-2027/290688,V1,RAILTRO ENGINEERING PVT LTD,281044.0,2026-08-20,"281,044.00 - 281,044.00",0.0,LOW,Payment In-Progress
TXN-001020,WS/MP814/2026-2027/290685,V1,RAILTRO ENGINEERING PVT LTD,281044.0,2026-08-20,"281,044.00 - 281,044.00",0.0,LOW,Payment In-Progress
TXN-001021,WS/MP814/2026-2027/290682,V1,RAILTRO ENGINEERING PVT LTD,281044.0,2026-08-20,"281,044.00 - 281,044.00",0.0,LOW,Payment In-Progress
TXN-001022,WS/MP814/2026-2027/290683,V1,RAILTRO ENGINEERING PVT LTD,281044.0,2026-08-20,"281,044.00 - 281,044.00",0.0,LOW,Payment In-Progress
TXN-001023,WS/MP814/2026-2027/290684,V1,RAILTRO ENGINEERING PVT LTD,281044.0,2026-08-20,"281,044.00 - 281,044.00",0.0,LOW,Payment In-Progress
TXN-001024,WS/MP814/2026-2027/290544,V1,RAILTRO ENGINEERING PVT LTD,281044.0,2026-08-20,"281,044.00 - 281,044.00",0.0,LOW,Payment In-Progress
TXN-001025,WS/MP814/2026-2027/290543,V1,RAILTRO ENGINEERING PVT LTD,281044.0,2026-08-20,"281,044.00 - 281,044.00",0.0,LOW,Payment In-Progress
TXN-001026,WS/MP814/2026-2027/290526,V1,RAILTRO ENGINEERING PVT LTD,281044.0,2026-08-20,"281,044.00 - 281,044.00",0.0,LOW,Payment In-Progress
TXN-001027,WS/MP814/2026-2027/290527,V1,RAILTRO ENGINEERING PVT LTD,281044.0,2026-08-20,"281,044.00 - 281,044.00",0.0,LOW,Payment In-Progress
TXN-001028,WS/MP814/2026-2027/290528,V1,RAILTRO ENGINEERING PVT LTD,281044.0,2026-08-20,"281,044.00 - 281,044.00",0.0,LOW,Payment In-Progress
TXN-001029,WS/MP18380/2024-2025/151818,V1,Gandhi Construction And Supplier,118971.0,2026-07-10,"107,898.00 - 118,971.00",4.88,LOW,Payment In-Progress
TXN-001030,WS/MP18380/2024-2025/151819,V1,Gandhi Construction And Supplier,118971.0,2026-07-10,"107,898.00 - 118,971.00",4.88,LOW,Payment In-Progress
TXN-001031,WS/MP18380/2024-2025/151816,V1,Gandhi Construction And Supplier,118971.0,2026-07-10,"107,898.00 - 118,971.00",4.88,LOW,Payment In-Progress
TXN-001032,WS/MP18380/2024-2025/151761,V1,Gandhi Construction And Supplier,118971.0,2026-07-10,"107,898.00 - 118,971.00",4.88,LOW,Payment In-Progress
TXN-001033,WS/MP18380/2024-2025/151776,V1,Gandhi Construction And Supplier,118971.0,2026-07-10,"107,898.00 - 118,971.00",4.88,LOW,Payment In-Progress
TXN-001034,WS/MP18380/2024-2025/151782,V1,Gandhi Construction And Supplier,118971.0,2026-07-10,"107,898.00 - 118,971.00",4.88,LOW,Payment In-Progress
TXN-001035,WS/MP18380/2024-2025/151803,V1,Gandhi Construction And Supplier,118971.0,2026-07-10,"107,898.00 - 118,971.00",4.88,LOW,Payment In-Progress
TXN-001036,WS/MP18380/2024-2025/151945,V1,Gandhi Construction And Supplier,118971.0,2026-07-10,"107,898.00 - 118,971.00",4.88,LOW,Payment In-Progress
TXN-001037,WS/MP18380/2024-2025/151946,V1,Gandhi Construction And Supplier,118971.0,2026-07-10,"107,898.00 - 118,971.00",4.88,LOW,Payment In-Progress
TXN-001038,WS/MP18380/2024-2025/151973,V1,Gandhi Construction And Supplier,118971.0,2026-07-10,"107,898.00 - 118,971.00",4.88,LOW,Payment In-Progress
TXN-001039,WS/MP18380/2024-2025/151970,V1,Gandhi Construction And Supplier,118971.0,2026-07-10,"107,898.00 - 118,971.00",4.88,LOW,Payment In-Progress
TXN-001040,WS/MP18380/2024-2025/151967,V1,Gandhi Construction And Supplier,118971.0,2026-07-10,"107,898.00 - 118,971.00",4.88,LOW,Payment In-Progress
TXN-001041,WS/MP18380/2024-2025/151969,V1,Gandhi Construction And Supplier,118971.0,2026-07-10,"107,898.00 - 118,971.00",4.88,LOW,Payment In-Progress
TXN-001042,WS/MP18380/2024-2025/151934,V1,Gandhi Construction And Supplier,118971.0,2026-07-10,"107,898.00 - 118,971.00",4.88,LOW,Payment In-Progress
TXN-001043,WS/MP18380/2024-2025/151937,V1,Gandhi Construction And Supplier,118971.0,2026-07-10,"107,898.00 - 118,971.00",4.88,LOW,Payment In-Progress
TXN-001044,WS/MP18380/2024-2025/151938,V1,Gandhi Construction And Supplier,118971.0,2026-07-10,"107,898.00 - 118,971.00",4.88,LOW,Payment In-Progress
TXN-001045,WS/MP18380/2024-2025/151939,V1,Gandhi Construction And Supplier,118971.0,2026-07-10,"107,898.00 - 118,971.00",4.88,LOW,Payment In-Progress
TXN-001046,WS/MP18380/2024-2025/151943,V1,Gandhi Construction And Supplier,118971.0,2026-07-10,"107,898.00 - 118,971.00",4.88,LOW,Payment In-Progress
TXN-001047,WS/MP18380/2024-2025/151944,V1,Gandhi Construction And Supplier,118971.0,2026-07-10,"107,898.00 - 118,971.00",4.88,LOW,Payment In-Progress
TXN-001048,WS/MP18380/2024-2025/151920,V1,Gandhi Construction And Supplier,118971.0,2026-07-10,"107,898.00 - 118,971.00",4.88,LOW,Payment In-Progress
TXN-001049,WS/MP18380/2024-2025/151919,V1,Gandhi Construction And Supplier,118971.0,2026-07-10,"107,898.00 - 118,971.00",4.88,LOW,Payment In-Progress
TXN-001050,WS/MP18380/2024-2025/151917,V1,Gandhi Construction And Supplier,118971.0,2026-07-10,"107,898.00 - 118,971.00",4.88,LOW,Payment In-Progress
TXN-001051,WS/MP18380/2024-2025/151918,V1,Gandhi Construction And Supplier,118971.0,2026-07-10,"107,898.00 - 118,971.00",4.88,LOW,Payment In-Progress
TXN-001052,WS/MP18380/2024-2025/151931,V1,Gandhi Construction And Supplier,118971.0,2026-07-10,"107,898.00 - 118,971.00",4.88,LOW,Payment In-Progress
TXN-001053,WS/MP18380/2024-2025/151933,V1,Gandhi Construction And Supplier,118971.0,2026-07-10,"107,898.00 - 118,971.00",4.88,LOW,Payment In-Progress
TXN-001054,WS/MP18380/2024-2025/151922,V1,Gandhi Construction And Supplier,118971.0,2026-07-10,"107,898.00 - 118,971.00",4.88,LOW,Payment In-Progress
TXN-001055,WS/MP18380/2024-2025/151921,V1,Gandhi Construction And Supplier,118971.0,2026-07-10,"107,898.00 - 118,971.00",4.88,LOW,Payment In-Progress
TXN-001056,WS/MP18380/2025-2026/184767,V1,Gandhi Construction And Supplier,107898.0,2026-07-09,"107,898.00 - 118,971.00",-4.88,LOW,Payment In-Progress
TXN-001057,WS/MP18380/2025-2026/184715,V1,Gandhi Construction And Supplier,107898.0,2026-07-09,"107,898.00 - 118,971.00",-4.88,LOW,Payment In-Progress
TXN-001058,WS/MP18380/2025-2026/184756,V1,Gandhi Construction And Supplier,107898.0,2026-07-09,"107,898.00 - 118,971.00",-4.88,LOW,Payment In-Progress
TXN-001059,WS/MP18380/2025-2026/184759,V1,Gandhi Construction And Supplier,107898.0,2026-07-09,"107,898.00 - 118,971.00",-4.88,LOW,Payment In-Progress
TXN-001060,WS/MP18380/2024-2025/149489,V1,Gandhi Construction And Supplier,118993.0,2026-07-09,"107,898.00 - 118,971.00",4.9,LOW,Payment In-Progress
TXN-001061,WS/MP18380/2025-2026/216661,V1,Gandhi Construction And Supplier,107877.0,2026-07-09,"107,898.00 - 118,971.00",-4.9,LOW,Payment In-Progress
TXN-001062,WS/MP18380/2025-2026/216688,V1,Gandhi Construction And Supplier,107877.0,2026-07-09,"107,898.00 - 118,971.00",-4.9,LOW,Payment In-Progress
TXN-001063,WS/MP18380/2025-2026/216689,V1,Gandhi Construction And Supplier,107877.0,2026-07-09,"107,898.00 - 118,971.00",-4.9,LOW,Payment In-Progress
TXN-001064,WS/MP18104/2026-2027/288543,V1,SARPANCH GRAM PANCHAYAT SHIVPUR,80000.0,2026-08-05,"80,000.00 - 80,000.00",0.0,LOW,Payment In-Progress
TXN-001065,WS/MP18104/2026-2027/288543,V1,SARPANCH GRAM PANCHAYAT SHIVPUR,80000.0,2026-08-06,"80,000.00 - 80,000.00",0.0,LOW,Payment In-Progress
TXN-001066,WS/MP716/2025-2026/203954,V1,MAHALUXMI BKO,34000.0,2026-08-14,"17,697.00 - 93,348.30",-38.76,MEDIUM,Payment In-Progress
TXN-001067,WS/MP716/2025-2026/203954,V1,MAHALUXMI BKO,117702.0,2026-08-11,"17,697.00 - 93,348.30",111.99,HIGH,Payment In-Progress
TXN-001068,WS/MP719/2025-2026/227474,V1,HANUMAN CONSTRUCTION,358019.0,2026-08-06,"358,019.00 - 358,019.00",0.0,LOW,Payment In-Progress
TXN-001069,WS/MP719/2025-2026/208008,V1,CHATUBHRAJ BAGRIYA,255.0,2026-08-14,255.00 - 255.00,0.0,LOW,Payment In-Progress
TXN-001070,WS/MP18232/2026-2027/278423,V1,A P DEVELOPERS,439619.0,2026-08-05,"37,136.60 - 367,443.80",117.32,HIGH,Payment In-Progress
TXN-001071,WS/MP18162/2025-2026/187390,V1,Pinky Kumari Sharma,6693.0,2026-05-23,"6,693.00 - 6,693.00",0.0,LOW,Payment In-Progress
TXN-001072,WS/MP18054/2025-2026/196215,V1,FULETRA GRAM PANCHAYAT,100000.0,2026-07-03,"100,000.00 - 100,000.00",0.0,LOW,Payment In-Progress
TXN-001073,WS/MP18153/2025-2026/212818,V1,Unitone Home Appliances,232462.0,2026-08-26,"232,520.70 - 232,990.30",-0.13,LOW,Payment In-Progress
TXN-001074,WS/MP18153/2025-2026/212806,V1,Unitone Home Appliances,233049.0,2026-08-26,"232,520.70 - 232,990.30",0.13,LOW,Payment In-Progress
TXN-001075,WS/MP526/2026-2027/282554,V1,ASMITHA SC LABOUR CONTRACT SOCIETY,397856.0,2026-08-27,"397,856.00 - 397,856.00",0.0,LOW,Payment In-Progress
TXN-001076,WS/MP18183/2024-2025/143806,V1,DHANDAYUTHAPANI K,1348754.0,2026-08-14,"1,348,754.00 - 1,348,754.00",0.0,LOW,Payment In-Progress
TXN-001077,WS/MP716/2025-2026/210353,V1,Shiv Shakti iron and Cement store,90763.0,2026-08-19,"27,017.80 - 83,680.20",63.98,HIGH,Payment In-Progress
TXN-001078,WS/MP716/2025-2026/210353,V1,Shiv Shakti iron and Cement store,19935.0,2026-08-19,"27,017.80 - 83,680.20",-63.98,HIGH,Payment In-Progress
TXN-001079,WS/MP18357/2025-2026/191783,V1,Gram Panchayat Shergarh,500000.0,2026-08-19,"500,000.00 - 500,000.00",0.0,LOW,Payment In-Progress
TXN-001080,WS/MP18232/2024-2025/141619,V1,A P DEVELOPERS,26735.0,2026-04-24,"37,136.60 - 367,443.80",-86.78,HIGH,Payment In-Progress
TXN-001081,WS/MP18238/2025-2026/190938,V1,MS AKHAND PRATAP TRADERS,121501.0,2026-02-16,"161,808.20 - 484,265.80",-62.39,HIGH,Payment In-Progress
TXN-001082,WS/MP719/2025-2026/208008,V1,NORAVA,3705.0,2026-08-13,"3,705.00 - 3,705.00",0.0,LOW,Payment In-Progress
TXN-001083,WS/MP575/2025-2026/163013,V1,GRAM PANCHAYAT SARIKHURAD,500000.0,2026-08-23,"500,000.00 - 500,000.00",0.0,LOW,Payment In-Progress
TXN-001084,WS/MP18198/2025-2026/214766,V1,Singh Construction,911447.0,2026-05-08,"911,447.00 - 911,447.00",0.0,LOW,Payment In-Progress
TXN-001085,WS/MP18159/2025-2026/210307,V1,Divya Construction Company,353100.0,2026-08-26,"353,100.00 - 353,100.00",0.0,LOW,Payment In-Progress
TXN-001086,WS/MP18109/2025-2026/179965,V1,gram panchayat jamuniha,750000.0,2026-08-25,"750,000.00 - 750,000.00",0.0,LOW,Payment In-Progress
TXN-001087,WS/MP716/2025-2026/210353,V1,Sajal Bricks Company,48867.0,2026-08-19,"48,867.00 - 48,867.00",0.0,LOW,Payment In-Progress
TXN-001088,WS/MP18162/2025-2026/210143,V1,SANWARIYA BUILDING AND MATERIAL SUPPLIERS,375718.0,2026-08-27,"375,718.00 - 375,718.00",0.0,LOW,Payment In-Progress
TXN-001089,WS/MP18248/2024-2025/153846,V1,MR NUR ALAM SK,637871.0,2026-08-03,"637,871.00 - 637,871.00",0.0,LOW,Payment In-Progress
TXN-001090,WS/MP498/2025-2026/187875,V1,BOND CONSTRUCTION,549787.0,2026-08-26,"377,725.00 - 549,787.00",18.55,LOW,Payment In-Progress
TXN-001091,WS/MP498/2025-2026/186882,V1,BOND CONSTRUCTION,549545.0,2026-08-25,"377,725.00 - 549,787.00",18.5,LOW,Payment In-Progress
TXN-001092,WS/MP498/2025-2026/188865,V1,BOND CONSTRUCTION,549447.0,2026-08-25,"377,725.00 - 549,787.00",18.48,LOW,Payment In-Progress
TXN-001093,WS/MP498/2025-2026/187879,V1,BOND CONSTRUCTION,549787.0,2026-08-25,"377,725.00 - 549,787.00",18.55,LOW,Payment In-Progress
TXN-001094,WS/MP498/2025-2026/187876,V1,BOND CONSTRUCTION,549787.0,2026-08-25,"377,725.00 - 549,787.00",18.55,LOW,Payment In-Progress
TXN-001095,WS/MP498/2025-2026/187880,V1,BOND CONSTRUCTION,549787.0,2026-08-25,"377,725.00 - 549,787.00",18.55,LOW,Payment In-Progress
TXN-001096,WS/MP498/2025-2026/187878,V1,BOND CONSTRUCTION,549787.0,2026-08-25,"377,725.00 - 549,787.00",18.55,LOW,Payment In-Progress
TXN-001097,WS/MP498/2025-2026/231654,V1,BOND CONSTRUCTION,377725.0,2026-08-25,"377,725.00 - 549,787.00",-18.55,LOW,Payment In-Progress
TXN-001098,WS/MP498/2025-2026/187877,V1,BOND CONSTRUCTION,549787.0,2026-08-26,"377,725.00 - 549,787.00",18.55,LOW,Payment In-Progress
TXN-001099,WS/MP498/2025-2026/233744,V1,BOND CONSTRUCTION,377725.0,2026-08-26,"377,725.00 - 549,787.00",-18.55,LOW,Payment In-Progress
TXN-001100,WS/MP18109/2025-2026/179962,V1,gram panchayat ghiyar,500000.0,2026-08-25,"500,000.00 - 500,000.00",0.0,LOW,Payment In-Progress
TXN-001101,WS/MP478/2025-2026/243429,V1,MANBEER SINGH,409218.0,2026-08-12,"175,647.10 - 385,043.70",45.97,MEDIUM,Payment In-Progress
TXN-001102,WS/MP478/2025-2026/243432,V1,MANBEER SINGH,328637.0,2026-08-12,"175,647.10 - 385,043.70",17.23,LOW,Payment In-Progress
TXN-001103,WS/MP478/2025-2026/243385,V1,MANBEER SINGH,308218.0,2026-08-12,"175,647.10 - 385,043.70",9.94,LOW,Payment In-Progress
TXN-001104,WS/MP478/2025-2026/243411,V1,MANBEER SINGH,118831.0,2026-08-12,"175,647.10 - 385,043.70",-57.61,HIGH,Payment In-Progress
TXN-001105,WS/MP18083/2026-2027/268257,V1,JEEVAN KUMAR PERMANNUR,498174.0,2026-08-11,"498,174.00 - 498,174.00",0.0,LOW,Payment In-Progress
TXN-001106,WS/MP18357/2025-2026/193426,V1,gram panchayat gadi barod,494899.0,2026-08-19,"494,899.00 - 494,899.00",0.0,LOW,Payment In-Progress
TXN-001107,WS/MP353/2025-2026/210778,V1,KALLOOR ELECTRONICS AND LIGHTING PVT LTD,220427.0,2026-08-20,"220,427.00 - 220,427.00",0.0,LOW,Payment In-Progress
TXN-001108,WS/MP18162/2025-2026/232294,V1,GRAM PANCHYAT SATHUR,22620.0,2026-08-06,"25,584.00 - 202,891.40",-80.2,HIGH,Payment In-Progress
TXN-001109,WS/MP18162/2025-2026/232294,V1,GRAM PANCHYAT SATHUR,42150.0,2026-08-06,"25,584.00 - 202,891.40",-63.1,HIGH,Payment In-Progress
TXN-001110,WS/MP18162/2025-2026/232294,V1,GRAM PANCHYAT SATHUR,30030.0,2026-08-06,"25,584.00 - 202,891.40",-73.71,HIGH,Payment In-Progress
TXN-001111,WS/MP18162/2025-2026/232294,V1,GRAM PANCHYAT SATHUR,186470.0,2026-08-06,"25,584.00 - 202,891.40",63.23,HIGH,Payment In-Progress
TXN-001112,WS/MP18162/2025-2026/232294,V1,GRAM PANCHYAT SATHUR,213839.0,2026-08-06,"25,584.00 - 202,891.40",87.19,HIGH,Payment In-Progress
TXN-001113,WS/MP643/2024-2025/146340,V1,Kamdhenu Agency,150000.0,2025-06-10,"150,000.00 - 150,000.00",0.0,LOW,Payment In-Progress
TXN-001114,WS/MP18089/2025-2026/247748,V1,P HANUMANTHAPPA,120178.0,2026-08-04,"120,178.00 - 120,178.00",0.0,LOW,Payment In-Progress
TXN-001115,WS/MP18193/2025-2026/250170,V1,MOHAMMED RAHEEMUDDIN,324206.0,2026-08-18,"311,406.80 - 357,061.40",-3.0,LOW,Payment In-Progress
TXN-001116,WS/MP18193/2025-2026/250167,V1,MOHAMMED RAHEEMUDDIN,356537.0,2026-08-18,"311,406.80 - 357,061.40",6.67,LOW,Payment In-Progress
TXN-001117,WS/MP18193/2025-2026/250171,V1,MOHAMMED RAHEEMUDDIN,307074.0,2026-08-18,"311,406.80 - 357,061.40",-8.13,LOW,Payment In-Progress
TXN-001118,WS/MP18193/2025-2026/251804,V1,MOHAMMED RAHEEMUDDIN,357411.0,2026-08-18,"311,406.80 - 357,061.40",6.93,LOW,Payment In-Progress
TXN-001119,WS/MP18193/2025-2026/251805,V1,MOHAMMED RAHEEMUDDIN,317906.0,2026-08-18,"311,406.80 - 357,061.40",-4.89,LOW,Payment In-Progress
TXN-001120,WS/MP18311/2026-2027/287209,V1,RS Industries,350000.0,2026-08-26,"330,000.00 - 350,000.00",2.94,LOW,Payment In-Progress
TXN-001121,WS/MP18311/2026-2027/280966,V1,RS Industries,350000.0,2026-08-26,"330,000.00 - 350,000.00",2.94,LOW,Payment In-Progress
TXN-001122,WS/MP526/2025-2026/238907,V1,CHINTHAKUNTA MANIGOPALREDDY,497980.0,2026-08-18,"497,980.00 - 497,980.00",0.0,LOW,Payment In-Progress
TXN-001123,WS/MP18248/2024-2025/150128,V1,HASAN SEIKH,687844.0,2026-03-23,"680,676.40 - 687,047.60",0.58,LOW,Payment In-Progress
TXN-001124,WS/MP18248/2024-2025/150128,V1,HASAN SEIKH,679880.0,2026-08-17,"680,676.40 - 687,047.60",-0.58,LOW,Payment In-Progress
TXN-001125,WS/MP18083/2025-2026/266994,V1,NITHESH P,499724.0,2026-08-19,"498,812.30 - 499,622.70",0.1,LOW,Payment In-Progress
TXN-001126,WS/MP18083/2025-2026/266993,V1,NITHESH P,498711.0,2026-08-19,"498,812.30 - 499,622.70",-0.1,LOW,Payment In-Progress
TXN-001127,WS/MP18311/2026-2027/280952,V1,RS Industries,325000.0,2026-08-21,"330,000.00 - 350,000.00",-4.41,LOW,Payment In-Progress
TXN-001128,WS/MP18102/2025-2026/182464,V1,GRAM PANCHAYAT PATHAMOTI JANPAD PANCHAYAT UMARBAN,250000.0,2026-08-24,"250,000.00 - 250,000.00",0.0,LOW,Payment In-Progress
TXN-001129,WS/MP574/2026-2027/276749,V1,VARASADA GRAM PANCHAYAT,300000.0,2026-08-21,"300,000.00 - 300,000.00",0.0,LOW,Payment In-Progress
TXN-001130,WS/MP650/2025-2026/270890,V1,NAVKANJ ASSOCIATES,88717.0,2026-08-23,"89,401.60 - 100,661.80",-6.64,LOW,Payment In-Progress
TXN-001131,WS/MP650/2025-2026/271210,V1,NAVKANJ ASSOCIATES,102276.0,2026-08-23,"89,401.60 - 100,661.80",7.62,LOW,Payment In-Progress
TXN-001132,WS/MP650/2025-2026/270899,V1,NAVKANJ ASSOCIATES,94314.0,2026-08-23,"89,401.60 - 100,661.80",-0.76,LOW,Payment In-Progress
TXN-001133,WS/MP650/2025-2026/270897,V1,NAVKANJ ASSOCIATES,89912.0,2026-08-23,"89,401.60 - 100,661.80",-5.39,LOW,Payment In-Progress
TXN-001134,WS/MP650/2025-2026/270895,V1,NAVKANJ ASSOCIATES,99970.0,2026-08-23,"89,401.60 - 100,661.80",5.2,LOW,Payment In-Progress
TXN-001135,WS/MP650/2025-2026/270891,V1,NAVKANJ ASSOCIATES,98115.0,2026-08-23,"89,401.60 - 100,661.80",3.24,LOW,Payment In-Progress
TXN-001136,WS/MP650/2025-2026/271215,V1,NAVKANJ ASSOCIATES,95365.0,2026-08-23,"89,401.60 - 100,661.80",0.35,LOW,Payment In-Progress
TXN-001137,WS/MP650/2025-2026/271214,V1,NAVKANJ ASSOCIATES,89695.0,2026-08-23,"89,401.60 - 100,661.80",-5.62,LOW,Payment In-Progress
TXN-001138,WS/MP18222/2025-2026/246762,V1,SHIV SHAKTI ENTERPRISES,894786.0,2026-08-05,"894,786.00 - 894,786.00",0.0,LOW,Payment In-Progress
TXN-001139,WS/MP18153/2025-2026/205302,V1,G S Enterprises,240643.0,2026-08-26,"233,449.30 - 239,843.70",1.69,LOW,Payment In-Progress
TXN-001140,WS/MP18234/2025-2026/240514,V1,JAI PRAKASH,309929.0,2026-07-30,"299,986.70 - 457,771.10",-18.2,LOW,Payment In-Progress
TXN-001141,WS/MP18234/2025-2026/240499,V1,JAI PRAKASH,305000.0,2026-07-30,"299,986.70 - 457,771.10",-19.5,LOW,Payment In-Progress
TXN-001142,WS/MP18234/2025-2026/240490,V1,JAI PRAKASH,300000.0,2026-07-30,"299,986.70 - 457,771.10",-20.82,MEDIUM,Payment In-Progress
TXN-001143,WS/MP18234/2025-2026/240475,V1,JAI PRAKASH,299867.0,2026-07-30,"299,986.70 - 457,771.10",-20.85,MEDIUM,Payment In-Progress
TXN-001144,WS/MP18311/2024-2025/143656,V1,Fateh Traders,62390.0,2026-08-26,"62,390.00 - 62,390.00",0.0,LOW,Payment In-Progress
TXN-001145,WS/MP18029/2026-2027/282197,V1,Diganta Barthakur,449243.0,2026-08-27,"449,243.00 - 449,243.00",0.0,LOW,Payment In-Progress
TXN-001146,WS/MP18152/2026-2027/274264,V1,GILL TRADING COMPANY,150000.0,2026-08-25,"150,000.00 - 150,000.00",0.0,LOW,Payment In-Progress
TXN-001147,WS/MP380/2025-2026/247591,V1,Karsan Singla Govt Cont,117111.0,2026-08-26,"117,111.00 - 117,111.00",0.0,LOW,Payment In-Progress
TXN-001148,WS/MP18352/2025-2026/175418,V1,EXECUTIVE ENGINEER UPPCL EDD III EXP,167287.0,2025-10-08,"167,287.00 - 167,287.00",0.0,LOW,Payment In-Progress
TXN-001149,WS/MP524/2025-2026/271487,V1,PRESIDENT VILLAGE LEVEL COMMITTEE VATHALUR GP,499375.0,2026-07-29,"499,375.00 - 499,375.00",0.0,LOW,Payment In-Progress
TXN-001150,WS/MP18153/2025-2026/229115,V1,G S Enterprises,232650.0,2026-08-26,"233,449.30 - 239,843.70",-1.69,LOW,Payment In-Progress
TXN-001151,WS/MP18234/2026-2027/261871,V1,JAI PRAKASH,457000.0,2026-07-30,"299,986.70 - 457,771.10",20.62,MEDIUM,Payment In-Progress
TXN-001152,WS/MP18234/2026-2027/261881,V1,JAI PRAKASH,457000.0,2026-07-30,"299,986.70 - 457,771.10",20.62,MEDIUM,Payment In-Progress
TXN-001153,WS/MP18234/2026-2027/263169,V1,JAI PRAKASH,457768.0,2026-07-30,"299,986.70 - 457,771.10",20.82,MEDIUM,Payment In-Progress
TXN-001154,WS/MP18234/2026-2027/263987,V1,JAI PRAKASH,457799.0,2026-07-30,"299,986.70 - 457,771.10",20.83,MEDIUM,Payment In-Progress
TXN-001155,WS/MP18162/2025-2026/186128,V1,MS RAJENDRA SINGH PURAWAT,408890.0,2026-08-08,"408,890.00 - 408,890.00",0.0,LOW,Payment In-Progress
TXN-001156,WS/MP18234/2025-2026/240495,V1,JAI PRAKASH,304777.0,2026-08-01,"299,986.70 - 457,771.10",-19.56,LOW,Payment In-Progress
TXN-001157,WS/MP18234/2025-2026/240496,V1,JAI PRAKASH,300000.0,2026-08-01,"299,986.70 - 457,771.10",-20.82,MEDIUM,Payment In-Progress
TXN-001158,WS/MP18209/2025-2026/145458,V1,SATYAVER SIGH CONTRACTOR AND SUPPLIER,96287.0,2026-07-18,"91,864.00 - 586,059.50",-71.59,HIGH,Payment In-Progress
TXN-001159,WS/MP18209/2025-2026/191652,V1,SATYAVER SIGH CONTRACTOR AND SUPPLIER,397204.0,2026-07-20,"91,864.00 - 586,059.50",17.18,LOW,Payment In-Progress
TXN-001160,WS/MP18209/2026-2027/191690,V1,SATYAVER SIGH CONTRACTOR AND SUPPLIER,851987.0,2026-08-07,"91,864.00 - 586,059.50",151.35,HIGH,Payment In-Progress
TXN-001161,WS/MP18209/2025-2026/227594,V1,SATYAVER SIGH CONTRACTOR AND SUPPLIER,364828.0,2026-07-27,"91,864.00 - 586,059.50",7.63,LOW,Payment In-Progress
TXN-001162,WS/MP18209/2025-2026/231542,V1,SATYAVER SIGH CONTRACTOR AND SUPPLIER,398520.0,2026-07-27,"91,864.00 - 586,059.50",17.57,LOW,Payment In-Progress
TXN-001163,WS/MP18209/2025-2026/229436,V1,SATYAVER SIGH CONTRACTOR AND SUPPLIER,350853.0,2026-07-27,"91,864.00 - 586,059.50",3.51,LOW,Payment In-Progress
TXN-001164,WS/MP18209/2025-2026/229438,V1,SATYAVER SIGH CONTRACTOR AND SUPPLIER,52057.0,2026-07-27,"91,864.00 - 586,059.50",-84.64,HIGH,Payment In-Progress
TXN-001165,WS/MP18112/2025-2026/258223,V1,JWALAMUKHI JAGDAMBA MAJUR KAMGAR SAHAKARI SANSTHA,970281.0,2026-08-24,"970,281.00 - 970,281.00",0.0,LOW,Payment In-Progress
TXN-001166,WS/MP18076/2025-2026/178158,V1,SRI JALADHARE BOREWELLS,149597.0,2025-11-05,"149,597.00 - 149,597.00",0.0,LOW,Payment In-Progress
TXN-001167,WS/MP18049/2025-2026/181684,V1,gram panchayat lilapur,299467.0,2026-08-27,"299,467.00 - 299,467.00",0.0,LOW,Payment In-Progress
TXN-001168,WS/MP18200/2025-2026/189481,V1,AADI AND RUDRANSH CONSTRUCTION COMPANY,322353.0,2026-05-21,"460,653.60 - 1,497,627.50",-67.08,HIGH,Payment In-Progress
TXN-001169,WS/MP18346/2026-2027/276401,V1,AADI AND RUDRANSH CONSTRUCTION COMPANY,1795625.0,2026-08-07,"460,653.60 - 1,497,627.50",83.39,HIGH,Payment In-Progress
TXN-001170,WS/MP18200/2025-2026/255537,V1,AADI AND RUDRANSH CONSTRUCTION COMPANY,783355.0,2026-08-07,"460,653.60 - 1,497,627.50",-20.0,LOW,Payment In-Progress
TXN-001171,WS/MP18346/2026-2027/276402,V1,AADI AND RUDRANSH CONSTRUCTION COMPANY,802300.0,2026-08-07,"460,653.60 - 1,497,627.50",-18.06,LOW,Payment In-Progress
TXN-001172,WS/MP18206/2026-2027/268897,V1,Lakshya Contruction,86957.0,2026-08-27,"86,957.00 - 416,318.00",-65.44,HIGH,Payment In-Progress
TXN-001173,WS/MP18206/2026-2027/268895,V1,Lakshya Contruction,86957.0,2026-08-27,"86,957.00 - 416,318.00",-65.44,HIGH,Payment In-Progress
TXN-001174,WS/MP18206/2026-2027/268894,V1,Lakshya Contruction,86957.0,2026-08-27,"86,957.00 - 416,318.00",-65.44,HIGH,Payment In-Progress
TXN-001175,WS/MP18206/2026-2027/268896,V1,Lakshya Contruction,86957.0,2026-08-27,"86,957.00 - 416,318.00",-65.44,HIGH,Payment In-Progress
TXN-001176,WS/MP18206/2026-2027/268898,V1,Lakshya Contruction,86957.0,2026-08-27,"86,957.00 - 416,318.00",-65.44,HIGH,Payment In-Progress
TXN-001177,WS/MP18206/2026-2027/268899,V1,Lakshya Contruction,86957.0,2026-08-27,"86,957.00 - 416,318.00",-65.44,HIGH,Payment In-Progress
TXN-001178,WS/MP18206/2026-2027/268901,V1,Lakshya Contruction,86957.0,2026-08-27,"86,957.00 - 416,318.00",-65.44,HIGH,Payment In-Progress
TXN-001179,WS/MP18206/2026-2027/268902,V1,Lakshya Contruction,86957.0,2026-08-27,"86,957.00 - 416,318.00",-65.44,HIGH,Payment In-Progress
TXN-001180,WS/MP18206/2026-2027/268903,V1,Lakshya Contruction,86957.0,2026-08-27,"86,957.00 - 416,318.00",-65.44,HIGH,Payment In-Progress
TXN-001181,WS/MP18206/2026-2027/268891,V1,Lakshya Contruction,86957.0,2026-08-27,"86,957.00 - 416,318.00",-65.44,HIGH,Payment In-Progress
TXN-001182,WS/MP18206/2026-2027/268892,V1,Lakshya Contruction,86957.0,2026-08-27,"86,957.00 - 416,318.00",-65.44,HIGH,Payment In-Progress
TXN-001183,WS/MP18206/2026-2027/268893,V1,Lakshya Contruction,86957.0,2026-08-27,"86,957.00 - 416,318.00",-65.44,HIGH,Payment In-Progress
TXN-001184,WS/MP18071/2025-2026/251573,V1,District Engineer,200000.0,2026-08-05,"100,000.00 - 300,000.00",0.0,LOW,Payment In-Progress
TXN-001185,WS/MP18071/2025-2026/202756,V1,District Engineer,150000.0,2026-08-05,"100,000.00 - 300,000.00",-25.0,MEDIUM,Payment In-Progress
TXN-001186,WS/MP18071/2025-2026/251572,V1,District Engineer,200000.0,2026-07-15,"100,000.00 - 300,000.00",0.0,LOW,Payment In-Progress
TXN-001187,WS/MP18071/2025-2026/251574,V1,District Engineer,200000.0,2026-07-15,"100,000.00 - 300,000.00",0.0,LOW,Payment In-Progress
TXN-001188,WS/MP18071/2026-2027/277684,V1,District Engineer,299937.0,2026-07-15,"100,000.00 - 300,000.00",49.97,MEDIUM,Payment In-Progress
TXN-001189,WS/MP18071/2025-2026/251558,V1,District Engineer,200000.0,2026-07-15,"100,000.00 - 300,000.00",0.0,LOW,Payment In-Progress
TXN-001190,WS/MP18071/2026-2027/277683,V1,District Engineer,299938.0,2026-07-15,"100,000.00 - 300,000.00",49.97,MEDIUM,Payment In-Progress
TXN-001191,WS/MP18071/2025-2026/251567,V1,District Engineer,300000.0,2026-07-15,"100,000.00 - 300,000.00",50.0,HIGH,Payment In-Progress
TXN-001192,WS/MP18071/2025-2026/258544,V1,District Engineer,350000.0,2026-07-15,"100,000.00 - 300,000.00",75.0,HIGH,Payment In-Progress
TXN-001193,WS/MP18071/2025-2026/198888,V1,District Engineer,100000.0,2026-07-15,"100,000.00 - 300,000.00",-50.0,HIGH,Payment In-Progress
TXN-001194,WS/MP18071/2025-2026/198895,V1,District Engineer,100000.0,2026-07-15,"100,000.00 - 300,000.00",-50.0,HIGH,Payment In-Progress
TXN-001195,WS/MP18071/2025-2026/258548,V1,District Engineer,250000.0,2026-07-15,"100,000.00 - 300,000.00",25.0,MEDIUM,Payment In-Progress
TXN-001196,WS/MP18071/2025-2026/249651,V1,District Engineer,250000.0,2026-07-15,"100,000.00 - 300,000.00",25.0,MEDIUM,Payment In-Progress
TXN-001197,WS/MP18071/2025-2026/258551,V1,District Engineer,250000.0,2026-07-15,"100,000.00 - 300,000.00",25.0,MEDIUM,Payment In-Progress
TXN-001198,WS/MP18071/2025-2026/249632,V1,District Engineer,300000.0,2026-07-15,"100,000.00 - 300,000.00",50.0,HIGH,Payment In-Progress
TXN-001199,WS/MP18071/2025-2026/200968,V1,District Engineer,100000.0,2026-07-15,"100,000.00 - 300,000.00",-50.0,HIGH,Payment In-Progress
TXN-001200,WS/MP18071/2026-2027/277679,V1,District Engineer,299938.0,2026-07-15,"100,000.00 - 300,000.00",49.97,MEDIUM,Payment In-Progress
TXN-001201,WS/MP18071/2026-2027/277681,V1,District Engineer,299938.0,2026-07-15,"100,000.00 - 300,000.00",49.97,MEDIUM,Payment In-Progress
TXN-001202,WS/MP18071/2025-2026/251566,V1,District Engineer,250000.0,2026-07-15,"100,000.00 - 300,000.00",25.0,MEDIUM,Payment In-Progress
TXN-001203,WS/MP18071/2025-2026/200073,V1,District Engineer,150000.0,2026-08-20,"100,000.00 - 300,000.00",-25.0,MEDIUM,Payment In-Progress
TXN-001204,WS/MP18071/2026-2027/271964,V1,District Engineer,150000.0,2026-08-20,"100,000.00 - 300,000.00",-25.0,MEDIUM,Payment In-Progress
TXN-001205,WS/MP18071/2025-2026/202753,V1,District Engineer,100000.0,2026-08-20,"100,000.00 - 300,000.00",-50.0,HIGH,Payment In-Progress
TXN-001206,WS/MP18071/2026-2027/277780,V1,District Engineer,350000.0,2026-08-20,"100,000.00 - 300,000.00",75.0,HIGH,Payment In-Progress
TXN-001207,WS/MP18071/2026-2027/267102,V1,District Engineer,299938.0,2026-08-20,"100,000.00 - 300,000.00",49.97,MEDIUM,Payment In-Progress
TXN-001208,WS/MP18071/2026-2027/271958,V1,District Engineer,150000.0,2026-08-20,"100,000.00 - 300,000.00",-25.0,MEDIUM,Payment In-Progress
TXN-001209,WS/MP18071/2026-2027/274273,V1,District Engineer,250000.0,2026-08-20,"100,000.00 - 300,000.00",25.0,MEDIUM,Payment In-Progress
TXN-001210,WS/MP18219/2025-2026/143776,V1,Lakshya Contruction,297530.0,2026-03-12,"86,957.00 - 416,318.00",18.24,LOW,Payment In-Progress
TXN-001211,WS/MP18219/2025-2026/143341,V1,Lakshya Contruction,297530.0,2026-03-12,"86,957.00 - 416,318.00",18.24,LOW,Payment In-Progress
TXN-001212,WS/MP18219/2025-2026/143336,V1,Lakshya Contruction,297530.0,2026-03-12,"86,957.00 - 416,318.00",18.24,LOW,Payment In-Progress
TXN-001213,WS/MP18219/2025-2026/143338,V1,Lakshya Contruction,297530.0,2026-03-12,"86,957.00 - 416,318.00",18.24,LOW,Payment In-Progress
TXN-001214,WS/MP18219/2025-2026/143337,V1,Lakshya Contruction,297530.0,2026-03-12,"86,957.00 - 416,318.00",18.24,LOW,Payment In-Progress
TXN-001215,WS/MP18219/2025-2026/142650,V1,Lakshya Contruction,92367.0,2026-03-12,"86,957.00 - 416,318.00",-63.29,HIGH,Payment In-Progress
TXN-001216,WS/MP18219/2025-2026/143773,V1,Lakshya Contruction,416318.0,2026-04-21,"86,957.00 - 416,318.00",65.44,HIGH,Payment In-Progress
TXN-001217,WS/MP18219/2025-2026/143332,V1,Lakshya Contruction,416318.0,2026-04-21,"86,957.00 - 416,318.00",65.44,HIGH,Payment In-Progress
TXN-001218,WS/MP18219/2025-2026/143331,V1,Lakshya Contruction,416318.0,2026-04-21,"86,957.00 - 416,318.00",65.44,HIGH,Payment In-Progress
TXN-001219,WS/MP18219/2025-2026/143335,V1,Lakshya Contruction,416318.0,2026-04-21,"86,957.00 - 416,318.00",65.44,HIGH,Payment In-Progress
TXN-001220,WS/MP18219/2025-2026/143333,V1,Lakshya Contruction,416318.0,2026-04-21,"86,957.00 - 416,318.00",65.44,HIGH,Payment In-Progress
TXN-001221,WS/MP18219/2025-2026/143774,V1,Lakshya Contruction,416318.0,2026-07-17,"86,957.00 - 416,318.00",65.44,HIGH,Payment In-Progress
TXN-001222,WS/MP18219/2025-2026/143342,V1,Lakshya Contruction,416318.0,2026-07-17,"86,957.00 - 416,318.00",65.44,HIGH,Payment In-Progress
TXN-001223,WS/MP18219/2025-2026/143334,V1,Lakshya Contruction,416318.0,2026-07-17,"86,957.00 - 416,318.00",65.44,HIGH,Payment In-Progress
TXN-001224,WS/MP18219/2025-2026/143775,V1,Lakshya Contruction,416318.0,2026-07-17,"86,957.00 - 416,318.00",65.44,HIGH,Payment In-Progress
TXN-001225,WS/MP524/2025-2026/259644,V1,SADUM NAGARAJA,199846.0,2026-08-25,"199,846.00 - 199,846.00",0.0,LOW,Payment In-Progress
TXN-001226,WS/MP384/2024-2025/145480,V1,NARBADA CONSTRUCTION COMPANY,999841.0,2026-08-25,"999,841.00 - 999,841.00",0.0,LOW,Payment In-Progress
TXN-001227,WS/MP18137/2025-2026/157803,V1,Jiedkupar Kharmaw,150000.0,2026-08-26,"150,000.00 - 150,000.00",0.0,LOW,Payment In-Progress
TXN-001228,WS/MP18354/2024-2025/158240,V1,Gram panchayat khalpodi,249749.0,2026-08-14,"249,749.00 - 249,749.00",0.0,LOW,Payment In-Progress
TXN-001229,WS/MP777/2025-2026/225346,V1,MS JMS INFRA PRO JASH KAUSHIK,852459.0,2026-08-24,"852,459.00 - 852,459.00",0.0,LOW,Payment In-Progress
TXN-001230,WS/MP437/2026-2027/282020,V1,JE NREP MP GARHWA,270000.0,2026-07-07,"270,000.00 - 270,000.00",0.0,LOW,Payment In-Progress
TXN-001231,WS/MP18246/2026-2027/248053,V1,SG ENTERPRISE,2199000.0,2026-08-23,"2,199,000.00 - 2,199,000.00",0.0,LOW,Payment In-Progress
TXN-001232,WS/MP18229/2026-2027/254843,V1,Shivani,667636.0,2026-08-11,"77,293.60 - 602,042.40",96.56,HIGH,Payment In-Progress
TXN-001233,WS/MP18024/2025-2026/229698,V1,MRITYUNJOY KHANIKAR,146750.0,2025-12-30,"146,750.00 - 146,750.00",0.0,LOW,Payment In-Progress
TXN-001234,WS/MP18209/2026-2027/279381,V1,SATYAVER SIGH CONTRACTOR AND SUPPLIER,428280.0,2026-08-25,"91,864.00 - 586,059.50",26.35,MEDIUM,Payment In-Progress
TXN-001235,WS/MP18209/2026-2027/279380,V1,SATYAVER SIGH CONTRACTOR AND SUPPLIER,505870.0,2026-08-25,"91,864.00 - 586,059.50",49.24,MEDIUM,Payment In-Progress
TXN-001236,WS/MP18209/2026-2027/272778,V1,SATYAVER SIGH CONTRACTOR AND SUPPLIER,556512.0,2026-08-25,"91,864.00 - 586,059.50",64.18,HIGH,Payment In-Progress
TXN-001237,WS/MP18049/2025-2026/234747,V1,GRAM PANCHAYAT TORLA,400000.0,2026-05-19,"400,000.00 - 400,000.00",0.0,LOW,Payment In-Progress
TXN-001238,WS/MP18079/2025-2026/210159,V1,SUGREEV,187500.0,2026-08-20,"187,500.00 - 187,500.00",0.0,LOW,Payment In-Progress
TXN-001239,WS/MP18307/2025-2026/146575,V1,RENUKA CO OP LABOUR SOCIETY LIMITED,1998482.0,2026-08-19,"1,998,482.00 - 1,998,482.00",0.0,LOW,Payment In-Progress
TXN-001240,WS/MP18153/2025-2026/205305,V1,H S AGRO,240813.0,2026-08-26,"240,550.40 - 240,864.10",0.04,LOW,Payment In-Progress
TXN-001241,WS/MP18045/2026-2027/283350,V1,Alam Brothers,962500.0,2026-08-20,"962,500.00 - 962,500.00",0.0,LOW,Payment In-Progress
TXN-001242,WS/MP18045/2026-2027/283365,V1,Alam Brothers,962500.0,2026-08-20,"962,500.00 - 962,500.00",0.0,LOW,Payment In-Progress
TXN-001243,WS/MP18045/2026-2027/283366,V1,Alam Brothers,962500.0,2026-08-20,"962,500.00 - 962,500.00",0.0,LOW,Payment In-Progress
TXN-001244,WS/MP18045/2026-2027/283368,V1,Alam Brothers,962500.0,2026-08-20,"962,500.00 - 962,500.00",0.0,LOW,Payment In-Progress
TXN-001245,WS/MP18045/2026-2027/283370,V1,Alam Brothers,962500.0,2026-08-20,"962,500.00 - 962,500.00",0.0,LOW,Payment In-Progress
TXN-001246,WS/MP18045/2026-2027/283371,V1,Alam Brothers,962500.0,2026-08-20,"962,500.00 - 962,500.00",0.0,LOW,Payment In-Progress
TXN-001247,WS/MP18045/2026-2027/283372,V1,Alam Brothers,962500.0,2026-08-20,"962,500.00 - 962,500.00",0.0,LOW,Payment In-Progress
TXN-001248,WS/MP18045/2026-2027/283373,V1,Alam Brothers,962500.0,2026-08-20,"962,500.00 - 962,500.00",0.0,LOW,Payment In-Progress
TXN-001249,WS/MP18045/2026-2027/283374,V1,Alam Brothers,962500.0,2026-08-20,"962,500.00 - 962,500.00",0.0,LOW,Payment In-Progress
TXN-001250,WS/MP18045/2026-2027/283394,V1,Alam Brothers,962500.0,2026-08-20,"962,500.00 - 962,500.00",0.0,LOW,Payment In-Progress
TXN-001251,WS/MP18045/2026-2027/283375,V1,Alam Brothers,962500.0,2026-08-20,"962,500.00 - 962,500.00",0.0,LOW,Payment In-Progress
TXN-001252,WS/MP18045/2026-2027/283376,V1,Alam Brothers,962500.0,2026-08-20,"962,500.00 - 962,500.00",0.0,LOW,Payment In-Progress
TXN-001253,WS/MP720/2026-2027/275253,V1,charbhuja construction,202226.0,2026-08-27,"202,226.00 - 202,226.00",0.0,LOW,Payment In-Progress
TXN-001254,WS/MP18054/2025-2026/178177,V1,SEDARADI GRAM PANCHAYAT,50000.0,2026-08-24,"50,000.00 - 50,000.00",0.0,LOW,Payment In-Progress
TXN-001255,WS/MP18336/2025-2026/185255,V1,GRAM PANCHAYAT LIMTARA,105317.0,2026-08-17,"105,317.00 - 105,317.00",0.0,LOW,Payment In-Progress
TXN-001256,WS/MP18124/2025-2026/226116,V1,Samona Enterprises,1898368.0,2026-08-03,"1,898,368.00 - 1,898,368.00",0.0,LOW,Payment In-Progress
TXN-001257,WS/MP575/2025-2026/162946,V1,SAHYOG MAJUR ANE KAMGARO NI SAHKARI MANDALI LIMITE,300000.0,2026-07-09,"315,000.00 - 435,000.00",-20.0,MEDIUM,Payment In-Progress
TXN-001258,WS/MP575/2025-2026/163007,V1,SAHYOG MAJUR ANE KAMGARO NI SAHKARI MANDALI LIMITE,450000.0,2026-07-09,"315,000.00 - 435,000.00",20.0,MEDIUM,Payment In-Progress
TXN-001259,WS/MP719/2024-2025/149562,V1,SHIV CONSTRUCTICN KATSOORA,99540.0,2026-08-27,"99,540.00 - 99,540.00",0.0,LOW,Payment In-Progress
TXN-001260,WS/MP18153/2025-2026/212830,V1,H S AGRO,240619.0,2026-08-26,"240,550.40 - 240,864.10",-0.04,LOW,Payment In-Progress
TXN-001261,WS/MP18153/2025-2026/205301,V1,H S AGRO,240521.0,2026-08-26,"240,550.40 - 240,864.10",-0.08,LOW,Payment In-Progress
TXN-001262,WS/MP18153/2025-2026/212832,V1,H S AGRO,240886.0,2026-08-26,"240,550.40 - 240,864.10",0.07,LOW,Payment In-Progress
TXN-001263,WS/MP18104/2025-2026/181967,V1,Sarpanch Gram Panchayat Luchgaon,150000.0,2026-07-20,"150,000.00 - 150,000.00",0.0,LOW,Payment In-Progress
TXN-001264,WS/MP18117/2025-2026/164393,V1,tushar satish rawale,987617.0,2026-08-27,"988,113.90 - 992,089.10",-0.25,LOW,Payment In-Progress
TXN-001265,WS/MP18117/2025-2026/164385,V1,tushar satish rawale,992586.0,2026-08-27,"988,113.90 - 992,089.10",0.25,LOW,Payment In-Progress
TXN-001266,WS/MP18054/2026-2027/259855,V1,LADOL GRAM PANCHAYAT,100000.0,2026-08-24,"100,000.00 - 220,000.00",-37.5,MEDIUM,Payment In-Progress
TXN-001267,WS/MP575/2025-2026/173620,V1,SARPANCH GRAMPANCHAYAT KALWACH,300000.0,2026-08-11,"300,000.00 - 300,000.00",0.0,LOW,Payment In-Progress
TXN-001268,WS/MP18083/2026-2027/180091,V1,ANIL KUMAR HEGDE P,499485.0,2026-08-04,"499,485.00 - 499,485.00",0.0,LOW,Payment In-Progress
TXN-001269,WS/MP18308/2025-2026/145430,V1,Mahendra Jagannath Lokhande,1998481.0,2026-08-04,"1,998,481.00 - 1,998,481.00",0.0,LOW,Payment In-Progress
TXN-001270,WS/MP18203/2024-2025/159267,V1,DIVYAANSH CONSTRUCTION COMPANY,594101.0,2026-08-27,"297,975.40 - 592,413.80",33.45,MEDIUM,Payment In-Progress
TXN-001271,WS/MP18203/2024-2025/159258,V1,DIVYAANSH CONSTRUCTION COMPANY,585665.0,2026-08-27,"297,975.40 - 592,413.80",31.55,MEDIUM,Payment In-Progress
TXN-001272,WS/MP18203/2024-2025/159266,V1,DIVYAANSH CONSTRUCTION COMPANY,226053.0,2026-08-27,"297,975.40 - 592,413.80",-49.22,MEDIUM,Payment In-Progress
TXN-001273,WS/MP575/2025-2026/191193,V1,GRAM PANCHAYAT VANGAM,150000.0,2026-08-11,"150,000.00 - 150,000.00",0.0,LOW,Payment In-Progress
TXN-001274,WS/MP18328/2025-2026/191268,V1,GP BHARNAL,156189.0,2026-08-25,"156,189.00 - 156,189.00",0.0,LOW,Payment In-Progress
TXN-001275,WS/MP575/2025-2026/162948,V1,SARPANCH SHREE GRAM PANCHAYAT BHAGAD,500000.0,2026-08-11,"500,000.00 - 500,000.00",0.0,LOW,Payment In-Progress
TXN-001276,WS/MP18048/2025-2026/209924,V1,Sarpach gram panchyat murkinar,425000.0,2026-06-18,"425,000.00 - 425,000.00",0.0,LOW,Payment In-Progress
TXN-001277,WS/MP858/2025-2026/181968,V1,BASUDEB HAZRA,2685218.0,2026-08-25,"2,685,218.00 - 2,685,218.00",0.0,LOW,Payment In-Progress
TXN-001278,WS/MP18179/2026-2027/179451,V1,DIVINE ENTERPRISES,400000.0,2026-07-08,"440,000.00 - 800,000.00",-35.48,MEDIUM,Payment In-Progress
TXN-001279,WS/MP18179/2026-2027/179452,V1,DIVINE ENTERPRISES,800000.0,2026-07-09,"440,000.00 - 800,000.00",29.03,MEDIUM,Payment In-Progress
TXN-001280,WS/MP18179/2026-2027/179453,V1,DIVINE ENTERPRISES,500000.0,2026-07-09,"440,000.00 - 800,000.00",-19.35,LOW,Payment In-Progress
TXN-001281,WS/MP18179/2026-2027/179454,V1,DIVINE ENTERPRISES,800000.0,2026-07-09,"440,000.00 - 800,000.00",29.03,MEDIUM,Payment In-Progress
TXN-001282,WS/MP18179/2026-2027/179455,V1,DIVINE ENTERPRISES,500000.0,2026-07-09,"440,000.00 - 800,000.00",-19.35,LOW,Payment In-Progress
TXN-001283,WS/MP18067/2025-2026/178666,V1,THEPS COOPERATIVE SOCIETY,42168.0,2026-06-19,"42,168.00 - 42,168.00",0.0,LOW,Payment In-Progress
TXN-001284,WS/MP18237/2024-2025/179796,V1,AFZAL AHMAD CONTRACTOR,683136.0,2026-07-20,"683,136.00 - 683,136.00",0.0,LOW,Payment In-Progress
TXN-001285,WS/MP18237/2025-2026/245588,V1,SHAMSHAD CONTRACTOR,1104376.0,2026-07-24,"1,104,376.00 - 1,104,376.00",0.0,LOW,Payment In-Progress
TXN-001286,WS/MP719/2025-2026/230890,V1,DIPALI GOYAL,4083.0,2026-08-11,"470.60 - 3,689.00",96.32,HIGH,Payment In-Progress
TXN-001287,WS/MP719/2025-2026/230890,V1,DIPALI GOYAL,60.0,2026-08-18,"470.60 - 3,689.00",-97.12,HIGH,Payment In-Progress
TXN-001288,WS/MP719/2025-2026/230890,V1,DIPALI GOYAL,2113.0,2026-08-18,"470.60 - 3,689.00",1.6,LOW,Payment In-Progress
TXN-001289,WS/MP18245/2025-2026/174065,V1,SN ENTERPRISE,377385.0,2026-08-21,"376,841.40 - 377,324.60",0.08,LOW,Payment In-Progress
TXN-001290,WS/MP18245/2025-2026/165170,V1,SN ENTERPRISE,376781.0,2026-08-21,"376,841.40 - 377,324.60",-0.08,LOW,Payment In-Progress
TXN-001291,WS/MP18307/2025-2026/143610,V1,Shivneri Coop Labour Society ltd,1498861.0,2026-08-19,"1,498,861.00 - 1,498,861.00",0.0,LOW,Payment In-Progress
TXN-001292,WS/MP828/2025-2026/242116,V1,SARASWATI CONSTRUCTION,399986.0,2026-08-17,"394,275.50 - 399,351.50",0.8,LOW,Payment In-Progress
TXN-001293,WS/MP828/2025-2026/242108,V1,SARASWATI CONSTRUCTION,393641.0,2026-08-17,"394,275.50 - 399,351.50",-0.8,LOW,Payment In-Progress
TXN-001294,WS/MP18049/2025-2026/181648,V1,GRAM PANCHAYAT GATORA,299913.0,2026-08-25,"299,913.00 - 299,913.00",0.0,LOW,Payment In-Progress
TXN-001295,WS/MP18202/2026-2027/236000,V1,MIKTI NATH,1217984.0,2026-08-22,"1,217,984.00 - 1,217,984.00",0.0,LOW,Payment In-Progress
TXN-001296,WS/MP18019/2025-2026/216374,V1,Waisong Terang,96869.0,2026-08-27,"127,808.30 - 375,000.00",-61.47,HIGH,Payment In-Progress
TXN-001297,WS/MP18019/2026-2027/243384,V1,Waisong Terang,200000.0,2026-08-17,"127,808.30 - 375,000.00",-20.45,MEDIUM,Payment In-Progress
TXN-001298,WS/MP575/2025-2026/163006,V1,SARPANCH GRAMPANCHAYAT KALAMTHA,450000.0,2026-08-23,"450,000.00 - 450,000.00",0.0,LOW,Payment In-Progress
TXN-001299,WS/MP18054/2025-2026/251501,V1,LADOL GRAM PANCHAYAT,250000.0,2026-08-24,"100,000.00 - 220,000.00",56.25,HIGH,Payment In-Progress
TXN-001300,WS/MP18054/2026-2027/259854,V1,LADOL GRAM PANCHAYAT,100000.0,2026-08-24,"100,000.00 - 220,000.00",-37.5,MEDIUM,Payment In-Progress
TXN-001301,WS/MP575/2025-2026/191190,V1,GRAM PANCHAYAT KHAPARWADA,500000.0,2026-08-23,"500,000.00 - 500,000.00",0.0,LOW,Payment In-Progress
TXN-001302,WS/MP541/2025-2026/244434,V1,RATU MONI SARMAH,99926.0,2026-08-26,"99,926.00 - 99,926.00",0.0,LOW,Payment In-Progress
TXN-001303,WS/MP18019/2025-2026/251936,V1,Waisong Terang,375000.0,2026-07-10,"127,808.30 - 375,000.00",49.16,MEDIUM,Payment In-Progress
TXN-001304,WS/MP18048/2025-2026/200448,V1,Sarpanh gram panchyat ilmidi,455140.0,2026-06-18,"455,140.00 - 455,140.00",0.0,LOW,Payment In-Progress
TXN-001305,WS/MP18019/2025-2026/251937,V1,Waisong Terang,375000.0,2026-07-08,"127,808.30 - 375,000.00",49.16,MEDIUM,Payment In-Progress
TXN-001306,WS/MP623/2026-2027/208680,V1,KIRAN TEJASWI YALIBALLI,122233.0,2026-08-07,"122,233.00 - 122,233.00",0.0,LOW,Payment In-Progress
TXN-001307,WS/MP440/2025-2026/161186,V1,SHIGU GEORGE,499817.0,2026-08-20,"499,817.00 - 499,817.00",0.0,LOW,Payment In-Progress
TXN-001308,WS/MP490/2025-2026/241242,V1,MAA KALIKA CONSTRUCTION,205674.0,2026-08-19,"236,220.50 - 480,592.50",-42.61,MEDIUM,Payment In-Progress
TXN-001309,WS/MP490/2025-2026/241361,V1,MAA KALIKA CONSTRUCTION,511139.0,2026-07-17,"236,220.50 - 480,592.50",42.61,MEDIUM,Payment In-Progress
TXN-001310,WS/MP18104/2025-2026/174717,V1,Sachiv gram panchayat Mehraghat,47000.0,2025-12-26,"47,000.00 - 47,000.00",0.0,LOW,Payment In-Progress
TXN-001311,WS/MP18104/2025-2026/174718,V1,Sachiv gram panchayat Mehraghat,47000.0,2025-12-26,"47,000.00 - 47,000.00",0.0,LOW,Payment In-Progress
TXN-001312,WS/MP18232/2026-2027/278423,V1,BLOCK DEVELPOPMENT OFFICER BUDHANA,55273.0,2026-08-05,"55,273.00 - 55,273.00",0.0,LOW,Payment In-Progress
TXN-001313,WS/MP323/2025-2026/247265,V1,KADVAR GRAM PANCHAYAT,499742.0,2026-08-14,"274,939.10 - 474,763.90",33.32,MEDIUM,Payment In-Progress
TXN-001314,WS/MP323/2025-2026/218118,V1,KADVAR GRAM PANCHAYAT,249961.0,2026-08-14,"274,939.10 - 474,763.90",-33.32,MEDIUM,Payment In-Progress
TXN-001315,WS/MP18209/2025-2026/145458,V1,DUDA MUZAFFARNAGAR,17104.0,2026-07-18,"17,104.00 - 17,104.00",0.0,LOW,Payment In-Progress
TXN-001316,WS/MP18345/2026-2027/208474,V1,MS SAUVYA ENTERPRISES,374627.0,2026-08-13,"374,627.00 - 374,627.00",0.0,LOW,Payment In-Progress
TXN-001317,WS/MP18158/2025-2026/232705,V1,GURU NANAK CEMENT STORE,34500.0,2025-11-18,"34,500.00 - 34,500.00",0.0,LOW,Payment In-Progress
TXN-001318,WS/MP18158/2025-2026/232705,V1,GURU NANAK CEMENT STORE,34500.0,2025-11-18,"34,500.00 - 34,500.00",0.0,LOW,Payment In-Progress
TXN-001319,WS/MP18037/2025-2026/234515,V1,ASSISTANT ENGINEER KARAKAT LAEO WD 02 BIKRAMGANJ ROHTAS,599426.0,2026-08-19,"341,618.30 - 570,780.70",31.4,MEDIUM,Payment In-Progress
TXN-001320,WS/MP18037/2025-2026/176945,V1,ASSISTANT ENGINEER KARAKAT LAEO WD 02 BIKRAMGANJ ROHTAS,312973.0,2026-08-10,"341,618.30 - 570,780.70",-31.4,MEDIUM,Payment In-Progress
TXN-001321,WS/MP18065/2026-2027/197016,V1,JOGINDER GOVT CONTRACTOR,60104.0,2026-08-27,"64,099.00 - 264,259.00",-63.39,HIGH,Payment In-Progress
TXN-001322,WS/MP18065/2026-2027/197016,V1,JOGINDER GOVT CONTRACTOR,310304.0,2026-08-27,"64,099.00 - 264,259.00",89.0,HIGH,Payment In-Progress
TXN-001323,WS/MP18065/2026-2027/197016,V1,JOGINDER GOVT CONTRACTOR,80079.0,2026-08-27,"64,099.00 - 264,259.00",-51.22,HIGH,Payment In-Progress
TXN-001324,WS/MP18104/2024-2025/153170,V1,GRAM PANCHAYAT RICHHEDA,25000.0,2026-08-25,"25,000.00 - 25,000.00",0.0,LOW,Payment In-Progress
TXN-001325,WS/MP18238/2026-2027/263684,V1,SHANSHANK ENTERPRISES CONTRACTOR,78679.0,2026-07-09,"78,679.00 - 78,679.00",0.0,LOW,Payment In-Progress
TXN-001326,WS/MP18238/2026-2027/263678,V1,SHANSHANK ENTERPRISES CONTRACTOR,78679.0,2026-07-09,"78,679.00 - 78,679.00",0.0,LOW,Payment In-Progress
TXN-001327,WS/MP18238/2026-2027/263683,V1,SHANSHANK ENTERPRISES CONTRACTOR,78679.0,2026-07-09,"78,679.00 - 78,679.00",0.0,LOW,Payment In-Progress
TXN-001328,WS/MP18238/2026-2027/263682,V1,SHANSHANK ENTERPRISES CONTRACTOR,78679.0,2026-07-09,"78,679.00 - 78,679.00",0.0,LOW,Payment In-Progress
TXN-001329,WS/MP18238/2026-2027/263681,V1,SHANSHANK ENTERPRISES CONTRACTOR,78679.0,2026-07-09,"78,679.00 - 78,679.00",0.0,LOW,Payment In-Progress
TXN-001330,WS/MP18238/2026-2027/263680,V1,SHANSHANK ENTERPRISES CONTRACTOR,78679.0,2026-07-09,"78,679.00 - 78,679.00",0.0,LOW,Payment In-Progress
TXN-001331,WS/MP18238/2026-2027/263677,V1,SHANSHANK ENTERPRISES CONTRACTOR,78679.0,2026-07-09,"78,679.00 - 78,679.00",0.0,LOW,Payment In-Progress
TXN-001332,WS/MP18238/2026-2027/263676,V1,SHANSHANK ENTERPRISES CONTRACTOR,78679.0,2026-07-09,"78,679.00 - 78,679.00",0.0,LOW,Payment In-Progress
TXN-001333,WS/MP18238/2026-2027/263675,V1,SHANSHANK ENTERPRISES CONTRACTOR,78679.0,2026-07-09,"78,679.00 - 78,679.00",0.0,LOW,Payment In-Progress
TXN-001334,WS/MP18238/2026-2027/265200,V1,SHANSHANK ENTERPRISES CONTRACTOR,78679.0,2026-07-09,"78,679.00 - 78,679.00",0.0,LOW,Payment In-Progress
TXN-001335,WS/MP18238/2026-2027/263673,V1,SHANSHANK ENTERPRISES CONTRACTOR,78679.0,2026-07-09,"78,679.00 - 78,679.00",0.0,LOW,Payment In-Progress
TXN-001336,WS/MP18238/2026-2027/263674,V1,SHANSHANK ENTERPRISES CONTRACTOR,78679.0,2026-07-09,"78,679.00 - 78,679.00",0.0,LOW,Payment In-Progress
TXN-001337,WS/MP18238/2026-2027/263679,V1,SHANSHANK ENTERPRISES CONTRACTOR,78679.0,2026-07-09,"78,679.00 - 78,679.00",0.0,LOW,Payment In-Progress
TXN-001338,WS/MP18014/2025-2026/245074,V1,NARRAVULA ASMATH KUMAR,499937.0,2026-08-24,"499,937.00 - 499,937.00",0.0,LOW,Payment In-Progress
TXN-001339,WS/MP18019/2025-2026/195506,V1,BHARAT TRADING CO,91560.0,2026-06-16,"53,706.00 - 87,354.00",29.82,MEDIUM,Payment In-Progress
TXN-001340,WS/MP18019/2025-2026/195506,V1,BHARAT TRADING CO,49500.0,2026-07-16,"53,706.00 - 87,354.00",-29.82,MEDIUM,Payment In-Progress
TXN-001341,WS/MP300/2025-2026/159952,V1,UGTA SURAJ,100000.0,2026-08-13,"100,000.00 - 100,000.00",0.0,LOW,Payment In-Progress
TXN-001342,WS/MP18020/2025-2026/205136,V1,CONST COMMITTEE OF COMMUNITY HALL AT AMGURI KETE,540000.0,2026-08-07,"540,000.00 - 540,000.00",0.0,LOW,Payment In-Progress
TXN-001343,WS/MP575/2026-2027/291461,V1,Perfect Enterprise,497925.0,2026-08-27,"497,925.00 - 497,925.00",0.0,LOW,Payment In-Progress
TXN-001344,WS/MP575/2026-2027/291460,V1,Perfect Enterprise,497925.0,2026-08-27,"497,925.00 - 497,925.00",0.0,LOW,Payment In-Progress
TXN-001345,WS/MP18270/2026-2027/256178,V1,TECHKRITI INFRATECH PVT LTD,975717.0,2026-05-20,"975,717.00 - 975,717.00",0.0,LOW,Payment In-Progress
TXN-001346,WS/MP18092/2025-2026/196145,V1,DILEEP,113649.0,2026-08-21,"113,649.00 - 113,649.00",0.0,LOW,Payment In-Progress
TXN-001347,WS/MP575/2026-2027/291459,V1,Vinayak Agency,497940.0,2026-08-27,"497,940.00 - 497,940.00",0.0,LOW,Payment In-Progress
TXN-001348,WS/MP575/2026-2027/291462,V1,Vinayak Agency,497940.0,2026-08-27,"497,940.00 - 497,940.00",0.0,LOW,Payment In-Progress
TXN-001349,WS/MP18069/2025-2026/216982,V1,BDO Nagrota Bagwan,100000.0,2025-09-20,"100,000.00 - 100,000.00",0.0,LOW,Payment In-Progress
TXN-001350,WS/MP18328/2025-2026/195261,V1,Gram Panchayat Khandla,20000.0,2026-08-24,"20,000.00 - 20,000.00",0.0,LOW,Payment In-Progress
TXN-001351,WS/MP490/2025-2026/241251,V1,VAIBHAV ENTERPRISES ROOPAM RAI,480142.0,2026-08-19,"480,142.00 - 480,142.00",0.0,LOW,Payment In-Progress
TXN-001352,WS/MP18083/2026-2027/268056,V1,NARAYANA SHETTY,499617.0,2026-07-22,"499,617.00 - 499,617.00",0.0,LOW,Payment In-Progress
TXN-001353,WS/MP18199/2025-2026/205328,V1,LAVKUSH CONSTRUCTION,204345.0,2026-04-09,"204,345.00 - 204,345.00",0.0,LOW,Payment In-Progress
TXN-001354,WS/MP18380/2025-2026/244981,V1,ANSHIKA CONSTRUCTION,651209.0,2026-08-14,"651,209.00 - 651,209.00",0.0,LOW,Payment In-Progress
TXN-001355,WS/MP716/2025-2026/203951,V1,SATGURU BUILDING,54825.0,2026-07-07,"54,825.00 - 54,825.00",0.0,LOW,Payment In-Progress
TXN-001356,WS/MP578/2025-2026/210698,V1,GRAM PANCHAYAT BHERSAM,299060.0,2026-08-20,"299,060.00 - 299,060.00",0.0,LOW,Payment In-Progress
TXN-001357,WS/MP18094/2026-2027/164516,V1,DEPUTY COMMISSIONER AND CHAIRMAN PROJECT MANAGER NIRMITHI KENDRA BELAGAVI,525000.0,2026-08-25,"525,000.00 - 525,000.00",0.0,LOW,Payment In-Progress
TXN-001358,WS/MP360/2025-2026/214359,V1,GRAM PANCHAYAT AMLAWADBEEKA,400000.0,2026-08-07,"400,000.00 - 400,000.00",0.0,LOW,Payment In-Progress
TXN-001359,WS/MP18328/2025-2026/195266,V1,GP Behal,20000.0,2026-08-24,"20,000.00 - 20,000.00",0.0,LOW,Payment In-Progress
TXN-001360,WS/MP623/2025-2026/177389,V1,BHIMAPPA LANKESH BANDIVADDAR,371250.0,2026-07-30,"147,114.90 - 346,346.10",50.47,HIGH,Payment In-Progress
TXN-001361,WS/MP623/2025-2026/177389,V1,BHIMAPPA LANKESH BANDIVADDAR,122211.0,2026-08-27,"147,114.90 - 346,346.10",-50.47,HIGH,Payment In-Progress
TXN-001362,WS/MP490/2025-2026/241236,V1,AKANSHA ASSOCIATES,551178.0,2026-08-11,"551,178.00 - 551,178.00",0.0,LOW,Payment In-Progress
TXN-001363,WS/MP18278/2025-2026/221471,V1,GRAM PANCHAYAT KANDANARA,600000.0,2026-08-27,"600,000.00 - 600,000.00",0.0,LOW,Payment In-Progress
TXN-001364,WS/MP18263/2025-2026/241120,V1,SLR CONSTRUCTION MOHAN S,299468.0,2026-08-24,"309,521.20 - 389,946.80",-14.37,LOW,Payment In-Progress
TXN-001365,WS/MP18263/2025-2026/241119,V1,SLR CONSTRUCTION MOHAN S,400000.0,2026-08-24,"309,521.20 - 389,946.80",14.37,LOW,Payment In-Progress
TXN-001366,WS/MP18326/2025-2026/238265,V1,Executive Engineer Public Health Works Division Morbi,20662.0,2026-07-10,"20,662.00 - 20,662.00",0.0,LOW,Payment In-Progress
TXN-001367,WS/MP568/2025-2026/215563,V1,sarpanch sachiv nawagaongahira,400000.0,2026-07-28,"400,000.00 - 400,000.00",0.0,LOW,Payment In-Progress
TXN-001368,WS/MP18066/2025-2026/242467,V1,RAINU CONSTRUCTION COMPANY,75520.0,2026-08-25,"75,520.00 - 75,520.00",0.0,LOW,Payment In-Progress
TXN-001369,WS/MP313/2026-2027/296372,V1,TINGAK ABOH,425000.0,2026-08-25,"425,000.00 - 425,000.00",0.0,LOW,Payment In-Progress
TXN-001370,WS/MP313/2026-2027/296373,V1,TINGAK ABOH,425000.0,2026-08-25,"425,000.00 - 425,000.00",0.0,LOW,Payment In-Progress
TXN-001371,WS/MP18350/2025-2026/252043,V1,SUBHANKAR PAIKARAY,148503.0,2026-08-25,"148,503.00 - 148,503.00",0.0,LOW,Payment In-Progress
TXN-001372,WS/MP716/2025-2026/210353,V1,GTB ENTERPRISES,30552.0,2026-08-19,"30,552.00 - 30,552.00",0.0,LOW,Payment In-Progress
TXN-001373,WS/MP18086/2025-2026/168334,V1,Chikmagalur Nirmithi Kendra,250000.0,2026-06-18,"250,000.00 - 350,000.00",-16.67,LOW,Payment In-Progress
TXN-001374,WS/MP18350/2025-2026/252040,V1,KRUSHNA CHANDRA ACHARYA,151565.0,2026-08-25,"151,565.00 - 151,565.00",0.0,LOW,Payment In-Progress
TXN-001375,WS/MP18350/2025-2026/252039,V1,KRUSHNA CHANDRA ACHARYA,151565.0,2026-08-25,"151,565.00 - 151,565.00",0.0,LOW,Payment In-Progress
TXN-001376,WS/MP18350/2025-2026/252042,V1,KRUSHNA CHANDRA ACHARYA,151565.0,2026-08-25,"151,565.00 - 151,565.00",0.0,LOW,Payment In-Progress
TXN-001377,WS/MP18162/2025-2026/241441,V1,Nemi Chand Sharma,4800.0,2026-08-18,"4,800.00 - 4,800.00",0.0,LOW,Payment In-Progress
TXN-001378,WS/MP18314/2025-2026/225629,V1,The Shubh Coop L and C Society Ltd,71286.0,2026-08-25,"79,435.10 - 144,627.90",-36.37,MEDIUM,Payment In-Progress
TXN-001379,WS/MP18314/2025-2026/225629,V1,The Shubh Coop L and C Society Ltd,152777.0,2026-08-25,"79,435.10 - 144,627.90",36.37,MEDIUM,Payment In-Progress
TXN-001380,WS/MP490/2025-2026/241132,V1,Ms OM VINAY KUMAR SINGH,797444.0,2026-08-19,"797,444.00 - 797,444.00",0.0,LOW,Payment In-Progress
TXN-001381,WS/MP728/2025-2026/192099,V1,SANGAM CEMENT AGENCY,172063.0,2026-08-25,"172,063.00 - 172,063.00",0.0,LOW,Payment In-Progress
TXN-001382,WS/MP18263/2026-2027/166165,V1,Chikmagalur Nirmithi Kendra,375000.0,2026-08-20,"250,000.00 - 350,000.00",25.0,MEDIUM,Payment In-Progress
TXN-001383,WS/MP18278/2025-2026/221475,V1,SARPANCH SACHIV GRAM PANCHAYAT BARGAON,300000.0,2026-08-14,"300,000.00 - 300,000.00",0.0,LOW,Payment In-Progress
TXN-001384,WS/MP18108/2026-2027/298837,V1,Gram Panchayat Kathoda Fazalpur,375000.0,2026-08-25,"375,000.00 - 375,000.00",0.0,LOW,Payment In-Progress
TXN-001385,WS/MP18069/2025-2026/216928,V1,BDO Rait,200000.0,2026-08-25,"200,000.00 - 200,000.00",0.0,LOW,Payment In-Progress
TXN-001386,WS/MP18162/2025-2026/241441,V1,RAJENDRA SINGH,9600.0,2026-08-18,"9,704.00 - 12,564.80",-13.78,LOW,Payment In-Progress
TXN-001387,WS/MP18162/2025-2026/241441,V1,KHAN SINGH,9600.0,2026-08-18,"9,600.00 - 9,600.00",0.0,LOW,Payment In-Progress
TXN-001388,WS/MP18104/2025-2026/153165,V1,RACHNA ENTERPRISES,115000.0,2025-11-10,"115,000.00 - 115,000.00",0.0,LOW,Payment In-Progress
TXN-001389,WS/MP18202/2026-2027/254105,V1,KAMLESH YADAV THEKEDAR,872159.0,2026-08-22,"872,159.00 - 872,159.00",0.0,LOW,Payment In-Progress
TXN-001390,WS/MP18239/2025-2026/224404,V1,MK INFRATECH,657641.0,2026-08-21,"223,000.00 - 513,507.00",78.58,HIGH,Payment In-Progress
TXN-001391,WS/MP18239/2025-2026/224407,V1,MK INFRATECH,223000.0,2026-08-20,"223,000.00 - 513,507.00",-39.44,MEDIUM,Payment In-Progress
TXN-001392,WS/MP18239/2025-2026/224408,V1,MK INFRATECH,223000.0,2026-08-20,"223,000.00 - 513,507.00",-39.44,MEDIUM,Payment In-Progress
TXN-001393,WS/MP18239/2025-2026/224406,V1,MK INFRATECH,223000.0,2026-08-20,"223,000.00 - 513,507.00",-39.44,MEDIUM,Payment In-Progress
TXN-001394,WS/MP18239/2025-2026/228453,V1,MK INFRATECH,297306.0,2026-08-20,"223,000.00 - 513,507.00",-19.27,LOW,Payment In-Progress
TXN-001395,WS/MP18060/2025-2026/215434,V1,The karma Co op L and C Society Ltd,7831.0,2026-07-09,"7,831.00 - 7,831.00",0.0,LOW,Payment In-Progress
TXN-001396,WS/MP770/2026-2027/180989,V1,OM SHAKTHI BOREWELLS,195704.0,2026-08-24,"195,704.00 - 195,704.00",0.0,LOW,Payment In-Progress
TXN-001397,WS/MP719/2025-2026/227474,V1,RAMDHAN CHOTU,15561.0,2026-08-13,"15,561.00 - 15,561.00",0.0,LOW,Payment In-Progress
TXN-001398,WS/MP18112/2025-2026/233407,V1,SHRIGANESH MAJOOR SAH SANTHA,1199810.0,2026-08-20,"1,199,810.00 - 1,199,810.00",0.0,LOW,Payment In-Progress
TXN-001399,WS/MP18328/2025-2026/195272,V1,GP Chandyal,10000.0,2026-08-25,"10,000.00 - 10,000.00",0.0,LOW,Payment In-Progress
TXN-001400,WS/MP021/2025-2026/254820,V1,BISHT CONSTRUCTION,200000.0,2026-08-27,"200,000.00 - 200,000.00",0.0,LOW,Payment In-Progress
TXN-001401,WS/MP623/2026-2027/255163,V1,SUNIL SABAVVA SANDRIMANI,371250.0,2026-08-07,"371,250.00 - 371,250.00",0.0,LOW,Payment In-Progress
TXN-001402,WS/MP524/2025-2026/198337,V1,ABBAVARAM MALLIKARJUNA REDDY,136668.0,2026-08-15,"41,288.00 - 121,976.80",67.42,HIGH,Payment In-Progress
TXN-001403,WS/MP524/2025-2026/198346,V1,ABBAVARAM MALLIKARJUNA REDDY,63212.0,2026-08-15,"41,288.00 - 121,976.80",-22.57,MEDIUM,Payment In-Progress
TXN-001404,WS/MP18276/2026-2027/256840,V1,KANTESHWAR JUTH GRAM PANCHAYAT,198384.0,2026-08-24,"198,384.00 - 198,384.00",0.0,LOW,Payment In-Progress
TXN-001405,WS/MP18022/2025-2026/171019,V1,Sandeep Agarwal,915798.0,2026-08-25,"915,798.00 - 915,798.00",0.0,LOW,Payment In-Progress
TXN-001406,WS/MP18326/2025-2026/238265,V1,JAY BALAJI BOREWELL,59221.0,2026-07-06,"59,221.00 - 59,221.00",0.0,LOW,Payment In-Progress
TXN-001407,WS/MP18202/2025-2026/188158,V1,SAKLOO SAROJ,1071130.0,2026-08-22,"1,071,130.00 - 1,071,130.00",0.0,LOW,Payment In-Progress
TXN-001408,WS/MP18086/2025-2026/171273,V1,Chikmagalur Nirmithi Kendra,250000.0,2026-07-28,"250,000.00 - 350,000.00",-16.67,LOW,Payment In-Progress
TXN-001409,WS/MP719/2025-2026/227474,V1,MAHAVEER KISHANLAL,15561.0,2026-08-06,"15,561.00 - 15,561.00",0.0,LOW,Payment In-Progress
TXN-001410,WS/MP18112/2026-2027/164649,V1,ALOK SHRIPATRAO PARDE,497585.0,2026-07-24,"497,826.40 - 499,757.60",-0.24,LOW,Payment In-Progress
TXN-001411,WS/MP18112/2026-2027/164651,V1,ALOK SHRIPATRAO PARDE,499999.0,2026-07-24,"497,826.40 - 499,757.60",0.24,LOW,Payment In-Progress
TXN-001412,WS/MP524/2025-2026/198348,V1,ABBAVARAM MALLIKARJUNA REDDY,35807.0,2026-08-06,"41,288.00 - 121,976.80",-56.14,HIGH,Payment In-Progress
TXN-001413,WS/MP18225/2025-2026/151098,V1,IMAMUDDIN,50781.0,2026-04-15,"50,781.00 - 50,781.00",0.0,LOW,Payment In-Progress
TXN-001414,WS/MP18225/2025-2026/151079,V1,IMAMUDDIN,50781.0,2026-04-15,"50,781.00 - 50,781.00",0.0,LOW,Payment In-Progress
TXN-001415,WS/MP18225/2025-2026/150458,V1,IMAMUDDIN,50781.0,2026-04-15,"50,781.00 - 50,781.00",0.0,LOW,Payment In-Progress
TXN-001416,WS/MP18225/2025-2026/150539,V1,IMAMUDDIN,50781.0,2026-04-15,"50,781.00 - 50,781.00",0.0,LOW,Payment In-Progress
TXN-001417,WS/MP18225/2025-2026/150558,V1,IMAMUDDIN,50781.0,2026-04-15,"50,781.00 - 50,781.00",0.0,LOW,Payment In-Progress
TXN-001418,WS/MP18225/2025-2026/150457,V1,IMAMUDDIN,50781.0,2026-04-15,"50,781.00 - 50,781.00",0.0,LOW,Payment In-Progress
TXN-001419,WS/MP18225/2025-2026/150486,V1,IMAMUDDIN,50781.0,2026-04-15,"50,781.00 - 50,781.00",0.0,LOW,Payment In-Progress
TXN-001420,WS/MP18225/2025-2026/174421,V1,IMAMUDDIN,50781.0,2026-04-15,"50,781.00 - 50,781.00",0.0,LOW,Payment In-Progress
TXN-001421,WS/MP18225/2025-2026/150468,V1,IMAMUDDIN,50781.0,2026-04-15,"50,781.00 - 50,781.00",0.0,LOW,Payment In-Progress
TXN-001422,WS/MP18225/2025-2026/150512,V1,IMAMUDDIN,50781.0,2026-04-15,"50,781.00 - 50,781.00",0.0,LOW,Payment In-Progress
TXN-001423,WS/MP18225/2025-2026/150525,V1,IMAMUDDIN,50781.0,2026-04-15,"50,781.00 - 50,781.00",0.0,LOW,Payment In-Progress
TXN-001424,WS/MP18225/2025-2026/150446,V1,IMAMUDDIN,50781.0,2026-04-15,"50,781.00 - 50,781.00",0.0,LOW,Payment In-Progress
TXN-001425,WS/MP18225/2025-2026/150467,V1,IMAMUDDIN,50781.0,2026-04-15,"50,781.00 - 50,781.00",0.0,LOW,Payment In-Progress
TXN-001426,WS/MP18225/2025-2026/150837,V1,IMAMUDDIN,50781.0,2026-04-15,"50,781.00 - 50,781.00",0.0,LOW,Payment In-Progress
TXN-001427,WS/MP18225/2025-2026/174376,V1,IMAMUDDIN,50781.0,2026-04-16,"50,781.00 - 50,781.00",0.0,LOW,Payment In-Progress
TXN-001428,WS/MP18225/2025-2026/150520,V1,IMAMUDDIN,50781.0,2026-04-16,"50,781.00 - 50,781.00",0.0,LOW,Payment In-Progress
TXN-001429,WS/MP18225/2025-2026/174368,V1,IMAMUDDIN,50781.0,2026-04-16,"50,781.00 - 50,781.00",0.0,LOW,Payment In-Progress
TXN-001430,WS/MP18225/2025-2026/150546,V1,IMAMUDDIN,50781.0,2026-04-16,"50,781.00 - 50,781.00",0.0,LOW,Payment In-Progress
TXN-001431,WS/MP18225/2025-2026/151082,V1,IMAMUDDIN,50781.0,2026-04-16,"50,781.00 - 50,781.00",0.0,LOW,Payment In-Progress
TXN-001432,WS/MP18225/2025-2026/174769,V1,IMAMUDDIN,50781.0,2026-04-16,"50,781.00 - 50,781.00",0.0,LOW,Payment In-Progress
TXN-001433,WS/MP18225/2025-2026/150835,V1,IMAMUDDIN,50781.0,2026-04-16,"50,781.00 - 50,781.00",0.0,LOW,Payment In-Progress
TXN-001434,WS/MP18225/2025-2026/150555,V1,IMAMUDDIN,50781.0,2026-04-16,"50,781.00 - 50,781.00",0.0,LOW,Payment In-Progress
TXN-001435,WS/MP18225/2025-2026/150491,V1,IMAMUDDIN,50781.0,2026-04-26,"50,781.00 - 50,781.00",0.0,LOW,Payment In-Progress
TXN-001436,WS/MP18225/2025-2026/150561,V1,IMAMUDDIN,50781.0,2026-04-26,"50,781.00 - 50,781.00",0.0,LOW,Payment In-Progress
TXN-001437,WS/MP18225/2025-2026/174777,V1,IMAMUDDIN,50781.0,2026-04-26,"50,781.00 - 50,781.00",0.0,LOW,Payment In-Progress
TXN-001438,WS/MP18225/2025-2026/150492,V1,IMAMUDDIN,50781.0,2026-04-26,"50,781.00 - 50,781.00",0.0,LOW,Payment In-Progress
TXN-001439,WS/MP18225/2025-2026/150510,V1,IMAMUDDIN,50781.0,2026-04-26,"50,781.00 - 50,781.00",0.0,LOW,Payment In-Progress
TXN-001440,WS/MP18225/2025-2026/150460,V1,IMAMUDDIN,50781.0,2026-04-26,"50,781.00 - 50,781.00",0.0,LOW,Payment In-Progress
TXN-001441,WS/MP18225/2025-2026/174378,V1,IMAMUDDIN,50781.0,2026-04-26,"50,781.00 - 50,781.00",0.0,LOW,Payment In-Progress
TXN-001442,WS/MP18225/2025-2026/150540,V1,IMAMUDDIN,50781.0,2026-04-26,"50,781.00 - 50,781.00",0.0,LOW,Payment In-Progress
TXN-001443,WS/MP18225/2025-2026/174379,V1,IMAMUDDIN,50781.0,2026-04-27,"50,781.00 - 50,781.00",0.0,LOW,Payment In-Progress
TXN-001444,WS/MP18225/2025-2026/174370,V1,IMAMUDDIN,50781.0,2026-04-27,"50,781.00 - 50,781.00",0.0,LOW,Payment In-Progress
TXN-001445,WS/MP18225/2025-2026/150490,V1,IMAMUDDIN,50781.0,2026-04-27,"50,781.00 - 50,781.00",0.0,LOW,Payment In-Progress
TXN-001446,WS/MP18225/2025-2026/174770,V1,IMAMUDDIN,50781.0,2026-04-27,"50,781.00 - 50,781.00",0.0,LOW,Payment In-Progress
TXN-001447,WS/MP18225/2025-2026/150554,V1,IMAMUDDIN,50781.0,2026-04-27,"50,781.00 - 50,781.00",0.0,LOW,Payment In-Progress
TXN-001448,WS/MP18225/2025-2026/174371,V1,IMAMUDDIN,50781.0,2026-04-27,"50,781.00 - 50,781.00",0.0,LOW,Payment In-Progress
TXN-001449,WS/MP18225/2025-2026/174380,V1,IMAMUDDIN,50781.0,2026-04-27,"50,781.00 - 50,781.00",0.0,LOW,Payment In-Progress
TXN-001450,WS/MP18225/2025-2026/150551,V1,IMAMUDDIN,50781.0,2026-04-27,"50,781.00 - 50,781.00",0.0,LOW,Payment In-Progress
TXN-001451,WS/MP18225/2025-2026/174418,V1,IMAMUDDIN,50781.0,2026-04-27,"50,781.00 - 50,781.00",0.0,LOW,Payment In-Progress
TXN-001452,WS/MP18225/2025-2026/174774,V1,IMAMUDDIN,50781.0,2026-04-27,"50,781.00 - 50,781.00",0.0,LOW,Payment In-Progress
TXN-001453,WS/MP18225/2025-2026/150832,V1,IMAMUDDIN,50781.0,2026-04-27,"50,781.00 - 50,781.00",0.0,LOW,Payment In-Progress
TXN-001454,WS/MP18225/2025-2026/174375,V1,IMAMUDDIN,50781.0,2026-04-27,"50,781.00 - 50,781.00",0.0,LOW,Payment In-Progress
TXN-001455,WS/MP18225/2025-2026/150444,V1,IMAMUDDIN,50781.0,2026-04-17,"50,781.00 - 50,781.00",0.0,LOW,Payment In-Progress
TXN-001456,WS/MP18225/2025-2026/150836,V1,IMAMUDDIN,50781.0,2026-04-17,"50,781.00 - 50,781.00",0.0,LOW,Payment In-Progress
TXN-001457,WS/MP18225/2025-2026/150547,V1,IMAMUDDIN,50781.0,2026-04-17,"50,781.00 - 50,781.00",0.0,LOW,Payment In-Progress
TXN-001458,WS/MP18225/2025-2026/174428,V1,IMAMUDDIN,50781.0,2026-04-17,"50,781.00 - 50,781.00",0.0,LOW,Payment In-Progress
TXN-001459,WS/MP18225/2025-2026/174420,V1,IMAMUDDIN,50781.0,2026-04-17,"50,781.00 - 50,781.00",0.0,LOW,Payment In-Progress
TXN-001460,WS/MP18225/2025-2026/150536,V1,IMAMUDDIN,50781.0,2026-04-17,"50,781.00 - 50,781.00",0.0,LOW,Payment In-Progress
TXN-001461,WS/MP18225/2025-2026/174423,V1,IMAMUDDIN,50781.0,2026-04-17,"50,781.00 - 50,781.00",0.0,LOW,Payment In-Progress
TXN-001462,WS/MP18225/2025-2026/150541,V1,IMAMUDDIN,50781.0,2026-04-17,"50,781.00 - 50,781.00",0.0,LOW,Payment In-Progress
TXN-001463,WS/MP18225/2025-2026/174372,V1,IMAMUDDIN,50781.0,2026-04-17,"50,781.00 - 50,781.00",0.0,LOW,Payment In-Progress
TXN-001464,WS/MP18225/2025-2026/150465,V1,IMAMUDDIN,50781.0,2026-04-17,"50,781.00 - 50,781.00",0.0,LOW,Payment In-Progress
TXN-001465,WS/MP18225/2025-2026/150513,V1,IMAMUDDIN,50781.0,2026-03-27,"50,781.00 - 50,781.00",0.0,LOW,Payment In-Progress
TXN-001466,WS/MP18225/2025-2026/150518,V1,IMAMUDDIN,50781.0,2026-03-27,"50,781.00 - 50,781.00",0.0,LOW,Payment In-Progress
TXN-001467,WS/MP18225/2025-2026/150538,V1,IMAMUDDIN,50781.0,2026-03-27,"50,781.00 - 50,781.00",0.0,LOW,Payment In-Progress
TXN-001468,WS/MP18225/2025-2026/150474,V1,IMAMUDDIN,50781.0,2026-03-27,"50,781.00 - 50,781.00",0.0,LOW,Payment In-Progress
TXN-001469,WS/MP18225/2025-2026/150482,V1,IMAMUDDIN,50781.0,2026-03-27,"50,781.00 - 50,781.00",0.0,LOW,Payment In-Progress
TXN-001470,WS/MP18225/2025-2026/174369,V1,IMAMUDDIN,50781.0,2026-03-27,"50,781.00 - 50,781.00",0.0,LOW,Payment In-Progress
TXN-001471,WS/MP18225/2025-2026/150464,V1,IMAMUDDIN,50781.0,2026-03-27,"50,781.00 - 50,781.00",0.0,LOW,Payment In-Progress
TXN-001472,WS/MP18225/2025-2026/150542,V1,IMAMUDDIN,50781.0,2026-03-27,"50,781.00 - 50,781.00",0.0,LOW,Payment In-Progress
TXN-001473,WS/MP18225/2025-2026/150543,V1,IMAMUDDIN,50781.0,2026-03-27,"50,781.00 - 50,781.00",0.0,LOW,Payment In-Progress
TXN-001474,WS/MP18225/2025-2026/150545,V1,IMAMUDDIN,50781.0,2026-03-27,"50,781.00 - 50,781.00",0.0,LOW,Payment In-Progress
TXN-001475,WS/MP18225/2025-2026/257605,V1,IMAMUDDIN,839689.0,2026-07-17,"50,781.00 - 50,781.00",1553.55,HIGH,Payment In-Progress
TXN-001476,WS/MP18328/2025-2026/252744,V1,Bushahr Trades,77275.0,2026-08-25,"77,275.00 - 77,275.00",0.0,LOW,Payment In-Progress
TXN-001477,WS/MP654/2025-2026/230682,V1,GRAM KOSH NEGAI,500000.0,2026-08-05,"500,000.00 - 500,000.00",0.0,LOW,Payment In-Progress
TXN-001478,WS/MP18083/2026-2027/266992,V1,KEERTHISHA S K,499527.0,2026-08-04,"499,527.00 - 499,527.00",0.0,LOW,Payment In-Progress
TXN-001479,WS/MP18225/2025-2026/150445,V1,IMAMUDDIN,50781.0,2026-01-19,"50,781.00 - 50,781.00",0.0,LOW,Payment In-Progress
TXN-001480,WS/MP18225/2025-2026/150447,V1,IMAMUDDIN,50781.0,2026-01-19,"50,781.00 - 50,781.00",0.0,LOW,Payment In-Progress
TXN-001481,WS/MP18225/2025-2026/150519,V1,IMAMUDDIN,50781.0,2026-01-19,"50,781.00 - 50,781.00",0.0,LOW,Payment In-Progress
TXN-001482,WS/MP18225/2025-2026/150834,V1,IMAMUDDIN,50781.0,2026-01-19,"50,781.00 - 50,781.00",0.0,LOW,Payment In-Progress
TXN-001483,WS/MP18225/2025-2026/174373,V1,IMAMUDDIN,50781.0,2026-01-19,"50,781.00 - 50,781.00",0.0,LOW,Payment In-Progress
TXN-001484,WS/MP716/2025-2026/189732,V1,The Aggarwal Gram Udyog Samti,8876.0,2026-08-26,"8,876.00 - 8,876.00",0.0,LOW,Payment In-Progress
TXN-001485,WS/MP18314/2025-2026/214378,V1,NEW GARG ENTERPRISES,399974.0,2026-08-16,"399,974.00 - 399,974.00",0.0,LOW,Payment In-Progress
TXN-001486,WS/MP654/2026-2027/300734,V1,Gram Panchayat Khamhariya Baagri,400000.0,2026-08-27,"355,000.00 - 395,000.00",6.67,LOW,Payment In-Progress
TXN-001487,WS/MP654/2026-2027/301028,V1,Gram Panchayat Khamhariya Baagri,350000.0,2026-08-27,"355,000.00 - 395,000.00",-6.67,LOW,Payment In-Progress
TXN-001488,WS/MP18218/2025-2026/256860,V1,N G CONSTRUCTIONS,973076.0,2026-08-03,"973,076.00 - 973,076.00",0.0,LOW,Payment In-Progress
TXN-001489,WS/MP18218/2025-2026/233772,V1,mMODERN ENGINEERING ASSOCIATES,691301.0,2026-07-13,"691,301.00 - 691,301.00",0.0,LOW,Payment In-Progress
TXN-001490,WS/MP18223/2026-2027/275958,V1,M S TRADERS,732853.0,2026-07-30,"825,345.70 - 1,428,687.50",-34.97,MEDIUM,Payment In-Progress
TXN-001491,WS/MP18223/2026-2027/275959,V1,M S TRADERS,1356927.0,2026-07-31,"825,345.70 - 1,428,687.50",20.4,MEDIUM,Payment In-Progress
TXN-001492,WS/MP18223/2025-2026/256007,V1,M S TRADERS,1041162.0,2026-07-26,"825,345.70 - 1,428,687.50",-7.62,LOW,Payment In-Progress
TXN-001493,WS/MP18223/2025-2026/256004,V1,M S TRADERS,1459442.0,2026-07-26,"825,345.70 - 1,428,687.50",29.5,MEDIUM,Payment In-Progress
TXN-001494,WS/MP18116/2025-2026/248386,V1,Hindustan Enterprises,1484041.0,2026-08-25,"1,484,041.00 - 1,484,041.00",0.0,LOW,Payment In-Progress
TXN-001495,WS/MP18232/2026-2027/224285,V1,SHRI SAI CONSTRUCTION,893927.0,2026-07-15,"893,927.00 - 893,927.00",0.0,LOW,Payment In-Progress
TXN-001496,WS/MP18233/2025-2026/256237,V1,PRAYAG ENTERPRISES,365087.0,2026-08-27,"365,087.00 - 365,087.00",0.0,LOW,Payment In-Progress
TXN-001497,WS/MP18233/2025-2026/256237,V1,PRAYAG ENTERPRISES,365087.0,2026-08-25,"365,087.00 - 365,087.00",0.0,LOW,Payment In-Progress
TXN-001498,WS/MP18198/2025-2026/254284,V1,A K CONSTRUCTION,743175.0,2026-07-07,"147,378.00 - 149,574.00",400.54,HIGH,Payment In-Progress
TXN-001499,WS/MP18199/2025-2026/200596,V1,GK CONSTRUCTION,838395.0,2026-06-22,"838,395.00 - 838,395.00",0.0,LOW,Payment In-Progress
TXN-001500,WS/MP18314/2025-2026/219808,V1,The Karian Co op Society Ltd,300000.0,2026-08-26,"300,000.00 - 300,000.00",0.0,LOW,Payment In-Progress
TXN-001501,WS/MP18108/2026-2027/298838,V1,Gram Panchayat Airan Mirjapur,375000.0,2026-08-24,"375,000.00 - 375,000.00",0.0,LOW,Payment In-Progress
TXN-001502,WS/MP18209/2025-2026/231543,V1,NARESH CONTRACTOR AND TRADING CO,172208.0,2026-07-24,"172,208.00 - 172,208.00",0.0,LOW,Payment In-Progress
TXN-001503,WS/MP18084/2025-2026/170687,V1,KIRAN RADDER,119696.0,2026-08-18,"119,696.00 - 119,696.00",0.0,LOW,Payment In-Progress
TXN-001504,WS/MP719/2025-2026/257060,V1,KASANA CONSTRUCTIONS,435755.0,2026-08-19,"435,755.00 - 435,755.00",0.0,LOW,Payment In-Progress
TXN-001505,WS/MP858/2025-2026/137402,V1,TULUSHI ENGINEERING,559116.0,2026-07-21,"559,116.00 - 559,116.00",0.0,LOW,Payment In-Progress
TXN-001506,WS/MP18225/2025-2026/150453,V1,IMAMUDDIN,50781.0,2026-01-19,"50,781.00 - 50,781.00",0.0,LOW,Payment In-Progress
TXN-001507,WS/MP18225/2025-2026/150818,V1,IMAMUDDIN,50781.0,2026-01-19,"50,781.00 - 50,781.00",0.0,LOW,Payment In-Progress
TXN-001508,WS/MP18198/2025-2026/214766,V1,N K CONSTRUCTIONS,1105848.0,2025-12-26,"316,721.20 - 1,027,178.00",64.57,HIGH,Payment In-Progress
TXN-001509,WS/MP18198/2025-2026/193991,V1,S K CONSTRUCTION,188287.0,2026-08-27,"187,763.20 - 188,228.80",0.15,LOW,Payment In-Progress
TXN-001510,WS/MP18198/2025-2026/193991,V1,TRIVENI CONSTRUCTION,66931.0,2026-07-20,"66,931.00 - 66,931.00",0.0,LOW,Payment In-Progress
TXN-001511,WS/MP18198/2025-2026/214766,V1,UMESH CHANDRA MISHRA,82846.0,2026-06-20,"82,846.00 - 82,846.00",0.0,LOW,Payment In-Progress
TXN-001512,WS/MP719/2025-2026/257060,V1,NIRMA DEVI JAT,3861.0,2026-08-19,"3,861.00 - 3,861.00",0.0,LOW,Payment In-Progress
TXN-001513,WS/MP719/2025-2026/257060,V1,RAMPRASAD,11050.0,2026-08-19,"11,050.00 - 11,050.00",0.0,LOW,Payment In-Progress
TXN-001514,WS/MP719/2025-2026/257060,V1,HANUMAN,3861.0,2026-08-19,"3,861.00 - 3,861.00",0.0,LOW,Payment In-Progress
TXN-001515,WS/MP719/2025-2026/257060,V1,PRADHAN SINGH,3861.0,2026-08-19,"3,861.00 - 3,861.00",0.0,LOW,Payment In-Progress
TXN-001516,WS/MP719/2025-2026/257060,V1,SHRIKANT,3861.0,2026-08-19,"3,861.00 - 3,861.00",0.0,LOW,Payment In-Progress
TXN-001517,WS/MP719/2025-2026/257060,V1,PARDEEP CHOUDHARI,1782.0,2026-08-19,"1,782.00 - 1,782.00",0.0,LOW,Payment In-Progress
TXN-001518,WS/MP490/2025-2026/240967,V1,SIDDHI VINAYAK CONSTRUCTION,898570.0,2026-08-07,"898,570.00 - 898,570.00",0.0,LOW,Payment In-Progress
TXN-001519,WS/MP18055/2026-2027/267016,V1,GRAM PANCHAYAT PALASA,150000.0,2026-08-25,"150,000.00 - 150,000.00",0.0,LOW,Payment In-Progress
TXN-001520,WS/MP18314/2026-2027/266948,V1,Dhanaula Pump Store,47461.0,2026-08-24,"25,031.20 - 44,968.80",35.6,MEDIUM,Payment In-Progress
TXN-001521,WS/MP18314/2026-2027/266948,V1,Dhanaula Pump Store,22539.0,2026-08-24,"25,031.20 - 44,968.80",-35.6,MEDIUM,Payment In-Progress
TXN-001522,WS/MP18245/2025-2026/165171,V1,AMIT PAN,603860.0,2026-08-17,"603,860.00 - 603,860.00",0.0,LOW,Payment In-Progress
TXN-001523,WS/MP588/2025-2026/198729,V1,SHRI KADBAL GRAM PANCHAYAT,400000.0,2026-08-17,"400,000.00 - 400,000.00",0.0,LOW,Payment In-Progress
TXN-001524,WS/MP719/2025-2026/257060,V1,HANUMAN PRASAD,3861.0,2026-08-19,"3,861.00 - 3,861.00",0.0,LOW,Payment In-Progress
TXN-001525,WS/MP719/2025-2026/257060,V1,IRFAN KHAN,3861.0,2026-08-19,"3,861.00 - 3,861.00",0.0,LOW,Payment In-Progress
TXN-001526,WS/MP18116/2025-2026/235824,V1,Bubere and Associates,988136.0,2026-08-25,"988,136.00 - 988,136.00",0.0,LOW,Payment In-Progress
TXN-001527,WS/MP18060/2025-2026/230498,V1,The Sarswal CoOp L and C Society LTD,28514.0,2026-06-12,"28,514.00 - 28,514.00",0.0,LOW,Payment In-Progress
TXN-001528,WS/MP18111/2026-2027/269037,V1,Nishant Gulab Rathod,984839.0,2026-08-17,"984,839.00 - 984,839.00",0.0,LOW,Payment In-Progress
TXN-001529,WS/MP18109/2025-2026/244420,V1,GRAM PANCHAYAT TENDUHA NO 1,99900.0,2026-08-24,"64,674.40 - 94,880.00",25.22,MEDIUM,Payment In-Progress
TXN-001530,WS/MP18109/2025-2026/244420,V1,GRAM PANCHAYAT TENDUHA NO 1,62143.0,2026-08-24,"64,674.40 - 94,880.00",-22.1,MEDIUM,Payment In-Progress
TXN-001531,WS/MP18109/2025-2026/244420,V1,GRAM PANCHAYAT TENDUHA NO 1,74800.0,2026-08-24,"64,674.40 - 94,880.00",-6.24,LOW,Payment In-Progress
TXN-001532,WS/MP18354/2025-2026/177625,V1,Ghanshyam Das Agrawal,248944.0,2026-04-10,"248,944.00 - 248,944.00",0.0,LOW,Payment In-Progress
TXN-001533,WS/MP18354/2025-2026/177626,V1,Ghanshyam Das Agrawal,248944.0,2026-04-10,"248,944.00 - 248,944.00",0.0,LOW,Payment In-Progress
TXN-001534,WS/MP18354/2025-2026/177631,V1,Ghanshyam Das Agrawal,248944.0,2026-04-17,"248,944.00 - 248,944.00",0.0,LOW,Payment In-Progress
TXN-001535,WS/MP18354/2025-2026/177631,V1,Ghanshyam Das Agrawal,248944.0,2026-04-17,"248,944.00 - 248,944.00",0.0,LOW,Payment In-Progress
TXN-001536,WS/MP18354/2025-2026/177627,V1,Ghanshyam Das Agrawal,248944.0,2026-03-24,"248,944.00 - 248,944.00",0.0,LOW,Payment In-Progress
TXN-001537,WS/MP620/2025-2026/206426,V1,Manjunath Mallappa Kittur,297093.0,2026-07-30,"297,093.00 - 297,093.00",0.0,LOW,Payment In-Progress
TXN-001538,WS/MP18082/2025-2026/249135,V1,VEERESH G,121252.0,2026-06-24,"121,252.00 - 121,252.00",0.0,LOW,Payment In-Progress
TXN-001539,WS/MP582/2026-2027/273821,V1,VELACHHA GRAM PANCHAYAT,250000.0,2026-08-18,"250,000.00 - 250,000.00",0.0,LOW,Payment In-Progress
TXN-001540,WS/MP18312/2026-2027/212624,V1,MS APT CONSTRUCTIONS,1695480.0,2026-08-24,"1,695,480.00 - 1,695,480.00",0.0,LOW,Payment In-Progress
TXN-001541,WS/MP18100/2025-2026/186780,V1,MAA NARMADA CONSTRUCTION,497735.0,2026-08-25,"497,735.00 - 497,735.00",0.0,LOW,Payment In-Progress
TXN-001542,WS/MP18328/2025-2026/252741,V1,HP CIVIL Supply Bhaba nagar,87200.0,2026-07-30,"87,200.00 - 87,200.00",0.0,LOW,Payment In-Progress
TXN-001543,WS/MP18088/2025-2026/157001,V1,VISHWANATHA GOWDA B N,48709.0,2026-07-10,"48,709.00 - 48,709.00",0.0,LOW,Payment In-Progress
TXN-001544,WS/MP18260/2025-2026/191703,V1,Abdul Gani Koka,41344.0,2025-12-30,"41,344.00 - 41,344.00",0.0,LOW,Payment In-Progress
TXN-001545,WS/MP18314/2026-2027/268676,V1,DASHMESH RETA BAJRI TALL,39000.0,2026-08-25,"37,650.00 - 38,850.00",1.96,LOW,Payment In-Progress
TXN-001546,WS/MP18314/2026-2027/268676,V1,DASHMESH RETA BAJRI TALL,37500.0,2026-08-25,"37,650.00 - 38,850.00",-1.96,LOW,Payment In-Progress
TXN-001547,WS/MP18108/2025-2026/150369,V1,Sardar Vallabhbhi Patel Samiti,247872.0,2026-08-24,"247,872.00 - 247,872.00",0.0,LOW,Payment In-Progress
TXN-001548,WS/MP18198/2025-2026/214766,V1,SANIL AHMAD,835348.0,2026-02-12,"835,348.00 - 835,348.00",0.0,LOW,Payment In-Progress
TXN-001549,WS/MP719/2025-2026/257060,V1,SUKHPAL,11050.0,2026-08-19,"11,050.00 - 11,050.00",0.0,LOW,Payment In-Progress
TXN-001550,WS/MP18105/2025-2026/185722,V1,VASTUANANTA DESIGNS,202313.0,2026-08-10,"208,302.20 - 232,867.00",-8.28,LOW,Payment In-Progress
TXN-001551,WS/MP18105/2025-2026/185740,V1,VASTUANANTA DESIGNS,233019.0,2026-08-10,"208,302.20 - 232,867.00",5.64,LOW,Payment In-Progress
TXN-001552,WS/MP18105/2025-2026/185732,V1,VASTUANANTA DESIGNS,232259.0,2026-08-25,"208,302.20 - 232,867.00",5.29,LOW,Payment In-Progress
TXN-001553,WS/MP524/2025-2026/198127,V1,N KAMALAKAR REDDY,74947.0,2026-08-07,"60,519.20 - 236,109.80",-49.47,MEDIUM,Payment In-Progress
TXN-001554,WS/MP18328/2025-2026/242452,V1,GRAM PANCHAYAT JAMANI,150000.0,2026-08-25,"150,000.00 - 150,000.00",0.0,LOW,Payment In-Progress
TXN-001555,WS/MP18260/2025-2026/189833,V1,Ghulam Mohi ud din Sheikh,243800.0,2026-08-18,"243,800.00 - 243,800.00",0.0,LOW,Payment In-Progress
TXN-001556,WS/MP18198/2025-2026/193991,V1,LAVLESH KUMAR PANDEY,401902.0,2026-07-20,"401,902.00 - 401,902.00",0.0,LOW,Payment In-Progress
TXN-001557,WS/MP728/2025-2026/235250,V1,Jamidara Trading Company,673201.0,2026-08-10,"673,201.00 - 673,201.00",0.0,LOW,Payment In-Progress
TXN-001558,WS/MP598/2025-2026/259505,V1,Block Development officer Nahan,300000.0,2026-07-28,"120,000.00 - 280,000.00",50.0,HIGH,Payment In-Progress
TXN-001559,WS/MP598/2026-2027/272199,V1,Block Development officer Nahan,100000.0,2026-07-28,"120,000.00 - 280,000.00",-50.0,HIGH,Payment In-Progress
TXN-001560,WS/MP18034/2025-2026/238692,V1,ANSHU KUMARI,755968.0,2026-08-25,"755,968.00 - 755,968.00",0.0,LOW,Payment In-Progress
TXN-001561,WS/MP18172/2025-2026/206330,V1,RITVI CONSTRUCTIONS,1000000.0,2026-08-24,"1,000,000.00 - 1,000,000.00",0.0,LOW,Payment In-Progress
TXN-001562,WS/MP18158/2026-2027/261347,V1,SHAM LAL SURINDER KUMAR,85333.0,2026-08-26,"85,156.60 - 85,313.40",0.11,LOW,Payment In-Progress
TXN-001563,WS/MP18158/2026-2027/261347,V1,SHAM LAL SURINDER KUMAR,85137.0,2026-08-26,"85,156.60 - 85,313.40",-0.11,LOW,Payment In-Progress
TXN-001564,WS/MP18162/2025-2026/210146,V1,CHOUDHARY BHILDERS,385352.0,2026-08-13,"385,352.00 - 385,352.00",0.0,LOW,Payment In-Progress
TXN-001565,WS/MP598/2025-2026/155304,V1,BDO Rajgarh,200000.0,2026-04-25,"150,000.00 - 190,000.00",17.65,LOW,Payment In-Progress
TXN-001566,WS/MP598/2025-2026/250219,V1,BDO Rajgarh,150000.0,2026-01-05,"150,000.00 - 190,000.00",-11.76,LOW,Payment In-Progress
TXN-001567,WS/MP598/2025-2026/250218,V1,BDO Rajgarh,150000.0,2026-01-05,"150,000.00 - 190,000.00",-11.76,LOW,Payment In-Progress
TXN-001568,WS/MP18172/2025-2026/156311,V1,ANITA,3705.0,2026-08-27,"3,705.00 - 3,705.00",0.0,LOW,Payment In-Progress
TXN-001569,WS/MP18328/2025-2026/242401,V1,GRAM PANCHAYAT CHOWK BRADTA,200000.0,2026-08-25,"110,000.00 - 190,000.00",33.33,MEDIUM,Payment In-Progress
TXN-001570,WS/MP18328/2025-2026/242427,V1,GRAM PANCHAYAT CHOWK BRADTA,100000.0,2026-08-25,"110,000.00 - 190,000.00",-33.33,MEDIUM,Payment In-Progress
TXN-001571,WS/MP18102/2025-2026/233973,V1,Gram Panchayat Amjhera janpad Panchayat sardarpur,400000.0,2026-08-20,"400,000.00 - 400,000.00",0.0,LOW,Payment In-Progress
TXN-001572,WS/MP18020/2025-2026/205157,V1,GANESH HARDWARE,320000.0,2026-08-19,"320,000.00 - 320,000.00",0.0,LOW,Payment In-Progress
TXN-001573,WS/MP021/2025-2026/242799,V1,RAJESH KUMAR,61312.0,2026-08-21,"15,072.40 - 61,142.80",60.89,HIGH,Payment In-Progress
TXN-001574,WS/MP021/2025-2026/242800,V1,RAJESH KUMAR,60466.0,2026-08-21,"15,072.40 - 61,142.80",58.67,HIGH,Payment In-Progress
TXN-001575,WS/MP18104/2025-2026/244428,V1,Sachiv gram panchayat Nitaya,74000.0,2026-07-30,"74,000.00 - 74,000.00",0.0,LOW,Payment In-Progress
TXN-001576,WS/MP524/2025-2026/198122,V1,N KAMALAKAR REDDY,63431.0,2026-08-06,"60,519.20 - 236,109.80",-57.23,HIGH,Payment In-Progress
TXN-001577,WS/MP524/2025-2026/198083,V1,N KAMALAKAR REDDY,192977.0,2026-08-06,"60,519.20 - 236,109.80",30.11,MEDIUM,Payment In-Progress
TXN-001578,WS/MP524/2025-2026/198092,V1,N KAMALAKAR REDDY,58578.0,2026-08-06,"60,519.20 - 236,109.80",-60.5,HIGH,Payment In-Progress
TXN-001579,WS/MP524/2025-2026/198065,V1,N KAMALAKAR REDDY,264865.0,2026-08-06,"60,519.20 - 236,109.80",78.58,HIGH,Payment In-Progress
TXN-001580,WS/MP18392/2025-2026/255718,V1,RAM NARESH CONTRACTOR,702746.0,2026-02-23,"702,746.00 - 702,746.00",0.0,LOW,Payment In-Progress
TXN-001581,WS/MP18122/2024-2025/186322,V1,PRIYA MAJUR SHAKARI SANSTHA MARYADIT JALNA,497013.0,2026-08-10,"497,013.00 - 497,013.00",0.0,LOW,Payment In-Progress
TXN-001582,WS/MP18308/2025-2026/262892,V1,RAJ DINESH PANDIRKAR,1500000.0,2026-08-04,"1,500,000.00 - 1,500,000.00",0.0,LOW,Payment In-Progress
TXN-001583,WS/MP719/2025-2026/227474,V1,MANRAJ,7722.0,2026-08-06,"7,722.00 - 7,722.00",0.0,LOW,Payment In-Progress
TXN-001584,WS/MP18324/2025-2026/273935,V1,LUVARIYA GRAM PANCHAYAT,300000.0,2026-08-25,"300,000.00 - 300,000.00",0.0,LOW,Payment In-Progress
TXN-001585,WS/MP18232/2026-2027/232685,V1,RANA CONTRACTOR AND SUPPLIER,524551.0,2026-08-23,"117,874.30 - 479,364.70",75.66,HIGH,Payment In-Progress
TXN-001586,WS/MP18232/2026-2027/237238,V1,RANA CONTRACTOR AND SUPPLIER,72688.0,2026-08-23,"117,874.30 - 479,364.70",-75.66,HIGH,Payment In-Progress
TXN-001587,WS/MP18260/2025-2026/185389,V1,Tariq Ahmad Mir,155000.0,2026-01-22,"155,000.00 - 155,000.00",0.0,LOW,Payment In-Progress
TXN-001588,WS/MP428/2025-2026/249278,V1,gram panchayat bital,420000.0,2026-08-06,"420,000.00 - 420,000.00",0.0,LOW,Payment In-Progress
TXN-001589,WS/MP18082/2025-2026/178897,V1,AJAYKUMAR A,499689.0,2026-08-11,"499,689.00 - 499,689.00",0.0,LOW,Payment In-Progress
TXN-001590,WS/MP568/2025-2026/247417,V1,GRAM PANCHAYAT DHANGAON,269735.0,2026-08-06,"269,735.00 - 269,735.00",0.0,LOW,Payment In-Progress
TXN-001591,WS/MP356/2025-2026/253031,V1,MALVI JINGER MOCHI SAMAJ KALYAN SAMITI,500000.0,2026-08-25,"500,000.00 - 500,000.00",0.0,LOW,Payment In-Progress
TXN-001592,WS/MP719/2025-2026/227474,V1,SHARVAN LAL JAT,7722.0,2026-08-06,"7,722.00 - 7,722.00",0.0,LOW,Payment In-Progress
TXN-001593,WS/MP18077/2026-2027/192606,V1,MS SHRIDEVI ASSOCIATS PROP DEEPAK PATIL,117043.0,2026-08-19,"117,043.00 - 117,043.00",0.0,LOW,Payment In-Progress
TXN-001594,WS/MP18320/2026-2027/282174,V1,GANGUN GRAM PANCHAYAT,499807.0,2026-08-27,"499,807.00 - 499,807.00",0.0,LOW,Payment In-Progress
TXN-001595,WS/MP18066/2026-2027/234843,V1,Avtar Agro Industries,195526.0,2026-08-25,"195,526.00 - 195,526.00",0.0,LOW,Payment In-Progress
TXN-001596,WS/MP18066/2026-2027/234840,V1,Avtar Agro Industries,195526.0,2026-08-25,"195,526.00 - 195,526.00",0.0,LOW,Payment In-Progress
TXN-001597,WS/MP18066/2026-2027/234838,V1,Avtar Agro Industries,195526.0,2026-08-25,"195,526.00 - 195,526.00",0.0,LOW,Payment In-Progress
TXN-001598,WS/MP18066/2026-2027/234837,V1,Avtar Agro Industries,195526.0,2026-08-25,"195,526.00 - 195,526.00",0.0,LOW,Payment In-Progress
TXN-001599,WS/MP18066/2026-2027/234842,V1,Avtar Agro Industries,195526.0,2026-08-25,"195,526.00 - 195,526.00",0.0,LOW,Payment In-Progress
TXN-001600,WS/MP18066/2026-2027/234839,V1,Avtar Agro Industries,195526.0,2026-08-25,"195,526.00 - 195,526.00",0.0,LOW,Payment In-Progress
TXN-001601,WS/MP18248/2024-2025/150922,V1,Pradip Saha,133961.0,2026-08-11,"133,961.00 - 133,961.00",0.0,LOW,Payment In-Progress
TXN-001602,WS/MP716/2025-2026/180617,V1,LACHHMAN DASS CONTRACTOR,297000.0,2026-04-24,"297,000.00 - 297,000.00",0.0,LOW,Payment In-Progress
TXN-001603,WS/MP18229/2025-2026/248657,V1,ANUJ INTERLOCKING,152251.0,2026-08-11,"152,251.00 - 152,251.00",0.0,LOW,Payment In-Progress
TXN-001604,WS/MP18049/2024-2025/152243,V1,SHRI KABIR CONSTRUCTION,1391478.0,2026-07-17,"1,391,478.00 - 1,391,478.00",0.0,LOW,Payment In-Progress
TXN-001605,WS/MP18051/2025-2026/165882,V1,PRAGATI INTERPRISES,504014.0,2026-08-10,"504,014.00 - 504,014.00",0.0,LOW,Payment In-Progress
TXN-001606,WS/MP18034/2026-2027/264546,V1,DHARMVIR KUMAR,988877.0,2026-08-25,"988,877.00 - 988,877.00",0.0,LOW,Payment In-Progress
TXN-001607,WS/MP18138/2025-2026/246652,V1,MUP Vaivakawn,490000.0,2026-08-13,"490,000.00 - 490,000.00",0.0,LOW,Payment In-Progress
TXN-001608,WS/MP18234/2026-2027/261818,V1,ARYAN ENTERPRISES,395977.0,2026-08-03,"396,305.80 - 444,657.00",-5.83,LOW,Payment In-Progress
TXN-001609,WS/MP18234/2026-2027/261815,V1,ARYAN ENTERPRISES,397621.0,2026-08-03,"396,305.80 - 444,657.00",-5.44,LOW,Payment In-Progress
TXN-001610,WS/MP18234/2026-2027/264030,V1,ARYAN ENTERPRISES,456416.0,2026-08-03,"396,305.80 - 444,657.00",8.55,LOW,Payment In-Progress
TXN-001611,WS/MP18209/2025-2026/145439,V1,ROHTASH SINGH CONTRACTOR,376584.0,2026-07-15,"376,584.00 - 376,584.00",0.0,LOW,Payment In-Progress
TXN-001612,WS/MP623/2026-2027/247181,V1,J M DALAPATI,187500.0,2026-07-30,"187,500.00 - 187,500.00",0.0,LOW,Payment In-Progress
TXN-001613,WS/MP18019/2025-2026/154328,V1,LONGKI PHANGCHO,149830.0,2026-08-20,"149,830.00 - 149,830.00",0.0,LOW,Payment In-Progress
TXN-001614,WS/MP578/2025-2026/214272,V1,BANDISERVAN GRAM PANCHAYAT,100000.0,2026-08-24,"100,000.00 - 100,000.00",0.0,LOW,Payment In-Progress
TXN-001615,WS/MP18005/2025-2026/223551,V1,UDAY KIRAN PROJECTS,361591.0,2026-08-18,"361,591.00 - 361,591.00",0.0,LOW,Payment In-Progress
TXN-001616,WS/MP18020/2025-2026/166533,V1,CONST OF CULTURAL STAGE INFORNT OF COSMOS CLUB,300000.0,2026-08-26,"300,000.00 - 300,000.00",0.0,LOW,Payment In-Progress
TXN-001617,WS/MP18202/2025-2026/167583,V1,UPNEDA,1060000.0,2026-02-27,"1,060,000.00 - 1,060,000.00",0.0,LOW,Payment In-Progress
TXN-001618,WS/MP18064/2025-2026/186134,V1,The RUDRA CO OP L AND C SOCIETY LTD,74787.0,2026-08-27,"32,073.90 - 70,041.10",46.48,MEDIUM,Payment In-Progress
TXN-001619,WS/MP18064/2025-2026/226041,V1,The RUDRA CO OP L AND C SOCIETY LTD,27328.0,2026-08-27,"32,073.90 - 70,041.10",-46.48,MEDIUM,Payment In-Progress
TXN-001620,WS/MP18234/2026-2027/263165,V1,NEELAM VERMA,457935.0,2026-07-30,"397,091.20 - 457,374.00",7.19,LOW,Payment In-Progress
TXN-001621,WS/MP18184/2026-2027/169909,V1,SUN POWER TECNOLOGY AND ELECTICALS,349300.0,2026-06-22,"348,535.00 - 349,215.00",0.12,LOW,Payment In-Progress
TXN-001622,WS/MP18184/2026-2027/169908,V1,SUN POWER TECNOLOGY AND ELECTICALS,348450.0,2026-06-22,"348,535.00 - 349,215.00",-0.12,LOW,Payment In-Progress
TXN-001623,WS/MP722/2025-2026/233603,V1,jai maa construction and material suppliers,162613.0,2026-08-22,"162,613.00 - 162,613.00",0.0,LOW,Payment In-Progress
TXN-001624,WS/MP719/2025-2026/257060,V1,RAMPRASAD,11050.0,2026-08-19,"11,050.00 - 11,050.00",0.0,LOW,Payment In-Progress
TXN-001625,WS/MP18229/2026-2027/254841,V1,MPS CONSTRUCTION COMPANY,737682.0,2026-08-13,"737,682.00 - 737,682.00",0.0,LOW,Payment In-Progress
TXN-001626,WS/MP18335/2025-2026/150784,V1,OJASH CONSTRUCTION,729437.0,2026-08-25,"729,437.00 - 729,437.00",0.0,LOW,Payment In-Progress
TXN-001627,WS/MP18019/2026-2027/216138,V1,Shivchandra Kumar Pandit,277550.0,2026-07-04,"305,720.00 - 643,564.80",-41.52,MEDIUM,Payment In-Progress
TXN-001628,WS/MP18019/2026-2027/216140,V1,Shivchandra Kumar Pandit,418400.0,2026-07-04,"305,720.00 - 643,564.80",-11.85,LOW,Payment In-Progress
TXN-001629,WS/MP18019/2026-2027/216141,V1,Shivchandra Kumar Pandit,699856.0,2026-08-20,"305,720.00 - 643,564.80",47.45,MEDIUM,Payment In-Progress
TXN-001630,WS/MP18307/2025-2026/143608,V1,Jai Hanuman Co Op Lcs Ltd,1998482.0,2026-08-19,"1,998,482.00 - 1,998,482.00",0.0,LOW,Payment In-Progress
TXN-001631,WS/MP18238/2025-2026/214918,V1,MS ECOLEAF ENERGIES PRIVATE LIMITED,111864.0,2026-06-19,"111,864.00 - 111,864.00",0.0,LOW,Payment In-Progress
TXN-001632,WS/MP18238/2025-2026/214921,V1,MS ECOLEAF ENERGIES PRIVATE LIMITED,111864.0,2026-06-19,"111,864.00 - 111,864.00",0.0,LOW,Payment In-Progress
TXN-001633,WS/MP18238/2025-2026/214923,V1,MS ECOLEAF ENERGIES PRIVATE LIMITED,111864.0,2026-06-19,"111,864.00 - 111,864.00",0.0,LOW,Payment In-Progress
TXN-001634,WS/MP18238/2025-2026/251625,V1,MS ECOLEAF ENERGIES PRIVATE LIMITED,111864.0,2026-06-19,"111,864.00 - 111,864.00",0.0,LOW,Payment In-Progress
TXN-001635,WS/MP18238/2025-2026/251626,V1,MS ECOLEAF ENERGIES PRIVATE LIMITED,111864.0,2026-06-19,"111,864.00 - 111,864.00",0.0,LOW,Payment In-Progress
TXN-001636,WS/MP18238/2025-2026/214917,V1,MS ECOLEAF ENERGIES PRIVATE LIMITED,111864.0,2026-06-19,"111,864.00 - 111,864.00",0.0,LOW,Payment In-Progress
TXN-001637,WS/MP18234/2024-2025/154081,V1,S K Enterprises,177827.0,2026-04-02,"78,489.40 - 809,424.60",-59.94,HIGH,Payment In-Progress
TXN-001638,WS/MP18234/2026-2027/261817,V1,NEELAM VERMA,400000.0,2026-07-30,"397,091.20 - 457,374.00",-6.37,LOW,Payment In-Progress
TXN-001639,WS/MP18234/2026-2027/261819,V1,NEELAM VERMA,396502.0,2026-07-30,"397,091.20 - 457,374.00",-7.19,LOW,Payment In-Progress
TXN-001640,WS/MP18234/2026-2027/264006,V1,NEELAM VERMA,457000.0,2026-07-30,"397,091.20 - 457,374.00",6.97,LOW,Payment In-Progress
TXN-001641,WS/MP18234/2026-2027/264010,V1,NEELAM VERMA,456565.0,2026-07-30,"397,091.20 - 457,374.00",6.87,LOW,Payment In-Progress
TXN-001642,WS/MP18234/2026-2027/264012,V1,NEELAM VERMA,397484.0,2026-07-30,"397,091.20 - 457,374.00",-6.96,LOW,Payment In-Progress
TXN-001643,WS/MP18234/2026-2027/261873,V1,NEELAM VERMA,454841.0,2026-07-30,"397,091.20 - 457,374.00",6.46,LOW,Payment In-Progress
TXN-001644,WS/MP329/2025-2026/254156,V1,SDO OP Division DHBVN Atela Kalan,288000.0,2026-08-26,"60,400.00 - 470,400.00",8.52,LOW,Payment In-Progress
TXN-001645,WS/MP329/2025-2026/254184,V1,SDO OP Division DHBVN Atela Kalan,185000.0,2026-08-26,"60,400.00 - 470,400.00",-30.29,MEDIUM,Payment In-Progress
TXN-001646,WS/MP329/2025-2026/197756,V1,SDO OP Division DHBVN Atela Kalan,73000.0,2026-08-26,"60,400.00 - 470,400.00",-72.49,HIGH,Payment In-Progress
TXN-001647,WS/MP329/2025-2026/197761,V1,SDO OP Division DHBVN Atela Kalan,150000.0,2026-08-26,"60,400.00 - 470,400.00",-43.48,MEDIUM,Payment In-Progress
TXN-001648,WS/MP329/2025-2026/218348,V1,SDO OP Division DHBVN Atela Kalan,744000.0,2026-08-26,"60,400.00 - 470,400.00",180.33,HIGH,Payment In-Progress
TXN-001649,WS/MP329/2025-2026/197759,V1,SDO OP Division DHBVN Atela Kalan,275000.0,2026-08-26,"60,400.00 - 470,400.00",3.62,LOW,Payment In-Progress
TXN-001650,WS/MP329/2024-2025/150043,V1,SDO OP Division DHBVN Atela Kalan,41500.0,2026-08-26,"60,400.00 - 470,400.00",-84.36,HIGH,Payment In-Progress
TXN-001651,WS/MP18022/2025-2026/171020,V1,MANIRUL HAQUE ANSARI,368197.0,2026-08-25,"368,197.00 - 368,197.00",0.0,LOW,Payment In-Progress
TXN-001652,WS/MP18277/2024-2025/154150,V1,RANGAMATI ENGINEERS CO OPERATIVE SOCIETY LTD,398628.0,2026-07-21,"398,628.00 - 398,628.00",0.0,LOW,Payment In-Progress
TXN-001653,WS/MP18104/2025-2026/174713,V1,GP CHHAWARA JP BADI,50000.0,2026-08-21,"50,000.00 - 50,000.00",0.0,LOW,Payment In-Progress
TXN-001654,WS/MP18021/2025-2026/205621,V1,BHAI BHAI ENTERPRAIGE,221607.0,2026-08-24,"221,607.00 - 221,607.00",0.0,LOW,Payment In-Progress
TXN-001655,WS/MP18211/2025-2026/206892,V1,SHIV SHAKTI CONSTRUCTION PRO SMT INDU SINGH,278494.0,2026-06-19,"278,494.00 - 278,494.00",0.0,LOW,Payment In-Progress
TXN-001656,WS/MP777/2025-2026/225321,V1,MS OM ENTERPRISES,858000.0,2026-08-06,"858,000.00 - 858,000.00",0.0,LOW,Payment In-Progress
TXN-001657,WS/MP18109/2026-2027/247523,V1,GRAM PANCHAYAT OBARHA JANPAD PANCHAYAT SIDHI,100000.0,2026-08-27,"100,000.00 - 100,000.00",0.0,LOW,Payment In-Progress
TXN-001658,WS/MP18109/2026-2027/247523,V1,GRAM PANCHAYAT OBARHA JANPAD PANCHAYAT SIDHI,100000.0,2026-08-27,"100,000.00 - 100,000.00",0.0,LOW,Payment In-Progress
TXN-001659,WS/MP380/2025-2026/243158,V1,Dhaliwal Enterprises,47320.0,2026-08-20,"47,320.00 - 47,320.00",0.0,LOW,Payment In-Progress
TXN-001660,WS/MP380/2025-2026/243158,V1,Dhaliwal Enterprises,47320.0,2026-08-20,"47,320.00 - 47,320.00",0.0,LOW,Payment In-Progress
TXN-001661,WS/MP380/2025-2026/243158,V1,Dhaliwal Enterprises,47320.0,2026-08-20,"47,320.00 - 47,320.00",0.0,LOW,Payment In-Progress
TXN-001662,WS/MP380/2025-2026/243158,V1,Dhaliwal Enterprises,47320.0,2026-08-20,"47,320.00 - 47,320.00",0.0,LOW,Payment In-Progress
TXN-001663,WS/MP380/2025-2026/243158,V1,Dhaliwal Enterprises,47320.0,2026-08-20,"47,320.00 - 47,320.00",0.0,LOW,Payment In-Progress
TXN-001664,WS/MP18048/2025-2026/209869,V1,BHAKTIRATAN DAS,182000.0,2026-03-02,"182,000.00 - 182,000.00",0.0,LOW,Payment In-Progress
TXN-001665,WS/MP18156/2025-2026/184810,V1,TFS ENTERPRISES,46088.0,2026-08-27,"51,752.80 - 78,482.40",-29.22,MEDIUM,Payment In-Progress
TXN-001666,WS/MP18156/2025-2026/184810,V1,TFS ENTERPRISES,74412.0,2026-08-27,"51,752.80 - 78,482.40",14.27,LOW,Payment In-Progress
TXN-001667,WS/MP18156/2025-2026/184810,V1,TFS ENTERPRISES,79500.0,2026-08-27,"51,752.80 - 78,482.40",22.09,MEDIUM,Payment In-Progress
TXN-001668,WS/MP600/2025-2026/237693,V1,Sh Rattan Singh So Lakhpat Singh Ro Beeranbass Hochak Pogal District Ramban Contractor,182000.0,2026-08-17,"182,700.00 - 188,300.00",-1.89,LOW,Payment In-Progress
TXN-001669,WS/MP600/2025-2026/148242,V1,Sh Rattan Singh So Lakhpat Singh Ro Beeranbass Hochak Pogal District Ramban Contractor,189000.0,2026-08-10,"182,700.00 - 188,300.00",1.89,LOW,Payment In-Progress
TXN-001670,WS/MP18307/2025-2026/143603,V1,Jaya Lcs Ltd,2498104.0,2026-08-19,"2,498,104.00 - 2,498,104.00",0.0,LOW,Payment In-Progress
TXN-001671,WS/MP18308/2025-2026/244678,V1,Padmawati Mssm,2498103.0,2026-08-03,"2,498,103.00 - 2,498,103.00",0.0,LOW,Payment In-Progress
TXN-001672,WS/MP323/2025-2026/228157,V1,FAREDA GRAM PANCHAYAT,245076.0,2026-08-04,"245,076.00 - 245,076.00",0.0,LOW,Payment In-Progress
TXN-001673,WS/MP777/2025-2026/225359,V1,MS JDS ENTERPRISES,684700.0,2026-08-06,"684,700.00 - 684,700.00",0.0,LOW,Payment In-Progress
TXN-001674,WS/MP18246/2026-2027/248058,V1,CIMECON ENTERPRISES,1348497.0,2026-08-23,"1,348,497.00 - 1,348,497.00",0.0,LOW,Payment In-Progress
TXN-001675,WS/MP18163/2026-2027/256566,V1,GRK CONSTRUCTION COMPANY,610500.0,2026-08-23,"610,500.00 - 610,500.00",0.0,LOW,Payment In-Progress
TXN-001676,WS/MP18237/2025-2026/194148,V1,CAPITAL AC EDD BEHAT,113721.0,2026-04-24,"113,721.00 - 113,721.00",0.0,LOW,Payment In-Progress
TXN-001677,WS/MP18345/2026-2027/227423,V1,KRISHNA ENTERPRISES AND SUPPLIERS,835029.0,2026-07-02,"294,097.50 - 774,925.50",56.22,HIGH,Payment In-Progress
TXN-001678,WS/MP758/2025-2026/201583,V1,RAMESH,199966.0,2026-03-18,"36,736.60 - 181,829.40",82.98,HIGH,Payment In-Progress
TXN-001679,WS/MP18060/2025-2026/209044,V1,The Maa Shakumbhari CoOp L and C Society LTD,665115.0,2026-07-13,"665,115.00 - 665,115.00",0.0,LOW,Payment In-Progress
TXN-001680,WS/MP18169/2025-2026/228311,V1,STAR DEALERS,333000.0,2026-08-12,"333,000.00 - 333,000.00",0.0,LOW,Payment In-Progress
TXN-001681,WS/MP384/2026-2027/247474,V1,YUVRAJ ELECTRICALS,1055975.0,2026-08-24,"1,055,975.00 - 1,055,975.00",0.0,LOW,Payment In-Progress
TXN-001682,WS/MP18345/2025-2026/207626,V1,KRISHNA ENTERPRISES AND SUPPLIERS,233994.0,2026-06-23,"294,097.50 - 774,925.50",-56.22,HIGH,Payment In-Progress
TXN-001683,WS/MP18209/2025-2026/231539,V1,RAMBEER SINGH,479133.0,2026-06-22,"479,133.00 - 479,133.00",0.0,LOW,Payment In-Progress
TXN-001684,WS/MP18082/2025-2026/198201,V1,AJITH KUMAR P T,123954.0,2026-08-04,"123,954.00 - 123,954.00",0.0,LOW,Payment In-Progress
TXN-001685,WS/MP18022/2025-2026/171058,V1,Prosanta Hatibaruah,174445.0,2026-08-25,"185,946.00 - 277,954.00",-24.79,MEDIUM,Payment In-Progress
TXN-001686,WS/MP18022/2025-2026/171058,V1,Prosanta Hatibaruah,289455.0,2026-08-26,"185,946.00 - 277,954.00",24.79,MEDIUM,Payment In-Progress
TXN-001687,WS/MP719/2025-2026/247438,V1,SHRI MEWADA CONSTRUCTION,251014.0,2026-05-21,"251,014.00 - 251,014.00",0.0,LOW,Payment In-Progress
TXN-001688,WS/MP410/2025-2026/245631,V1,Manuj Kumar Telia,350377.0,2026-08-25,"350,377.00 - 350,377.00",0.0,LOW,Payment In-Progress
TXN-001689,WS/MP18380/2025-2026/244982,V1,SAMARTH BROTHERS,693364.0,2026-08-14,"616,805.50 - 684,857.50",6.54,LOW,Payment In-Progress
TXN-001690,WS/MP18380/2025-2026/244980,V1,SAMARTH BROTHERS,608299.0,2026-08-14,"616,805.50 - 684,857.50",-6.54,LOW,Payment In-Progress
TXN-001691,WS/MP18109/2025-2026/244412,V1,Gram panchayat Madwa,121632.0,2026-08-25,"122,300.50 - 127,648.50",-2.67,LOW,Payment In-Progress
TXN-001692,WS/MP18109/2025-2026/244412,V1,Gram panchayat Madwa,128317.0,2026-08-25,"122,300.50 - 127,648.50",2.67,LOW,Payment In-Progress
TXN-001693,WS/MP716/2025-2026/210353,V1,Balwinder singh,26905.0,2026-08-19,"27,512.30 - 32,370.70",-10.14,LOW,Payment In-Progress
TXN-001694,WS/MP716/2025-2026/210353,V1,Balwinder singh,32978.0,2026-08-19,"27,512.30 - 32,370.70",10.14,LOW,Payment In-Progress
TXN-001695,WS/MP18189/2026-2027/204872,V1,Sri Ragavendra Bore wells,68627.0,2026-08-17,"68,627.00 - 68,627.00",0.0,LOW,Payment In-Progress
TXN-001696,WS/MP18162/2025-2026/187418,V1,rakesh kumawat,7410.0,2026-08-25,"7,410.00 - 7,410.00",0.0,LOW,Payment In-Progress
TXN-001697,WS/MP541/2026-2027/267658,V1,Rajul Ahmed,87920.0,2026-08-24,"87,920.00 - 87,920.00",0.0,LOW,Payment In-Progress
TXN-001698,WS/MP716/2025-2026/256576,V1,GR ENTERPRISES SAS Nagar MOHALI,45000.0,2026-04-02,"45,000.00 - 45,000.00",0.0,LOW,Payment In-Progress
TXN-001699,WS/MP719/2025-2026/230890,V1,MAMTA CONSTRUCTION AND MATERIAL SUPPLIERS,68308.0,2026-08-18,"15,213.60 - 119,274.40",1.58,LOW,Payment In-Progress
TXN-001700,WS/MP719/2025-2026/230890,V1,MAMTA CONSTRUCTION AND MATERIAL SUPPLIERS,1940.0,2026-08-18,"15,213.60 - 119,274.40",-97.11,HIGH,Payment In-Progress
TXN-001701,WS/MP719/2025-2026/230890,V1,MAMTA CONSTRUCTION AND MATERIAL SUPPLIERS,132016.0,2026-08-11,"15,213.60 - 119,274.40",96.32,HIGH,Payment In-Progress
TXN-001702,WS/MP18397/2025-2026/218273,V1,ASN Services Pvt Limited,591569.0,2026-08-18,"223,612.10 - 550,684.90",52.8,HIGH,Payment In-Progress
TXN-001703,WS/MP18397/2025-2026/215445,V1,ASN Services Pvt Limited,182728.0,2026-08-18,"223,612.10 - 550,684.90",-52.8,HIGH,Payment In-Progress
TXN-001704,WS/MP716/2025-2026/203954,V1,JK Industries,41278.0,2026-08-14,"43,559.00 - 45,840.00",-7.65,LOW,Payment In-Progress
TXN-001705,WS/MP716/2025-2026/203954,V1,JK Industries,45840.0,2026-08-14,"43,559.00 - 45,840.00",2.55,LOW,Payment In-Progress
TXN-001706,WS/MP716/2025-2026/203954,V1,JK Industries,45840.0,2026-08-14,"43,559.00 - 45,840.00",2.55,LOW,Payment In-Progress
TXN-001707,WS/MP716/2025-2026/203954,V1,JK Industries,45840.0,2026-08-14,"43,559.00 - 45,840.00",2.55,LOW,Payment In-Progress
TXN-001708,WS/MP716/2025-2026/203954,V1,JK Industries,45840.0,2026-08-14,"43,559.00 - 45,840.00",2.55,LOW,Payment In-Progress
TXN-001709,WS/MP716/2025-2026/203954,V1,JK Industries,45840.0,2026-08-14,"43,559.00 - 45,840.00",2.55,LOW,Payment In-Progress
TXN-001710,WS/MP716/2025-2026/203954,V1,guru nanak iron store,40500.0,2026-08-14,"39,150.00 - 48,562.50",-7.65,LOW,Payment In-Progress
TXN-001711,WS/MP716/2025-2026/203954,V1,guru nanak iron store,48000.0,2026-08-14,"39,150.00 - 48,562.50",9.45,LOW,Payment In-Progress
TXN-001712,WS/MP716/2025-2026/203954,V1,guru nanak iron store,37800.0,2026-08-14,"39,150.00 - 48,562.50",-13.81,LOW,Payment In-Progress
TXN-001713,WS/MP716/2025-2026/203954,V1,guru nanak iron store,46023.0,2026-08-14,"39,150.00 - 48,562.50",4.94,LOW,Payment In-Progress
TXN-001714,WS/MP716/2025-2026/203954,V1,guru nanak iron store,49125.0,2026-08-14,"39,150.00 - 48,562.50",12.01,LOW,Payment In-Progress
TXN-001715,WS/MP716/2025-2026/203954,V1,guru nanak iron store,46800.0,2026-08-14,"39,150.00 - 48,562.50",6.71,LOW,Payment In-Progress
TXN-001716,WS/MP18118/2025-2026/188317,V1,VISHAL SUBHASH BAGUL,992892.0,2026-08-06,"992,892.00 - 992,892.00",0.0,LOW,Payment In-Progress
TXN-001717,WS/MP719/2025-2026/240536,V1,RAJASTHAN CONSTRUCTION AND ENTERPRISES,197303.0,2026-08-20,"197,303.00 - 197,303.00",0.0,LOW,Payment In-Progress
TXN-001718,WS/MP18211/2025-2026/215167,V1,MS DIVYANSH CONSTRUCTION PRO PRAMOD KUMAR SINGH,302133.0,2026-06-19,"302,133.00 - 302,133.00",0.0,LOW,Payment In-Progress
TXN-001719,WS/MP541/2026-2027/267663,V1,Rabbul Hussain,87920.0,2026-08-24,"87,920.00 - 87,920.00",0.0,LOW,Payment In-Progress
TXN-001720,WS/MP18346/2025-2026/202743,V1,ram narayan enterprises,381544.0,2026-08-27,"381,544.00 - 381,544.00",0.0,LOW,Payment In-Progress
TXN-001721,WS/MP18020/2025-2026/205146,V1,SRI SRI NARASINGHA GOPAL NAMGHAR VILL KAMARGAON,240000.0,2026-08-07,"240,000.00 - 240,000.00",0.0,LOW,Payment In-Progress
TXN-001722,WS/MP541/2025-2026/224381,V1,Abduk Rajak,87920.0,2026-08-24,"87,920.00 - 87,920.00",0.0,LOW,Payment In-Progress
TXN-001723,WS/MP18260/2025-2026/186682,V1,Alyas ahmad mir,682.0,2026-03-31,682.00 - 682.00,0.0,LOW,Payment In-Progress
TXN-001724,WS/MP18162/2025-2026/187418,V1,shaitan kumawat,20800.0,2026-08-25,"20,800.00 - 20,800.00",0.0,LOW,Payment In-Progress
TXN-001725,WS/MP719/2024-2025/140155,V1,AARTI,3990.0,2026-08-22,"3,990.00 - 3,990.00",0.0,LOW,Payment In-Progress
TXN-001726,WS/MP719/2024-2025/140155,V1,DIPMALA TAK,3990.0,2026-08-22,"3,990.00 - 3,990.00",0.0,LOW,Payment In-Progress
TXN-001727,WS/MP719/2024-2025/140155,V1,SUMAN,3990.0,2026-08-22,"2,394.00 - 18,354.00",-61.54,HIGH,Payment In-Progress
TXN-001728,WS/MP719/2024-2025/140155,V1,GITA DEVI,3990.0,2026-08-22,"3,990.00 - 3,990.00",0.0,LOW,Payment In-Progress
TXN-001729,WS/MP719/2024-2025/140155,V1,AAKASH,3990.0,2026-08-22,"4,641.00 - 9,849.00",-44.93,MEDIUM,Payment In-Progress
TXN-001730,WS/MP719/2024-2025/140155,V1,SUNIL DULGACH,2700.0,2026-08-22,"2,700.00 - 2,700.00",0.0,LOW,Payment In-Progress
TXN-001731,WS/MP719/2024-2025/140155,V1,PAYAL DULGACH,1995.0,2026-08-22,"1,995.00 - 1,995.00",0.0,LOW,Payment In-Progress
TXN-001732,WS/MP719/2024-2025/140154,V1,SUNITA,2850.0,2026-08-25,"2,850.00 - 2,850.00",0.0,LOW,Payment In-Progress
TXN-001733,WS/MP719/2024-2025/140155,V1,SUNIL BOHRA,12600.0,2026-08-22,"12,600.00 - 12,600.00",0.0,LOW,Payment In-Progress
TXN-001734,WS/MP719/2024-2025/140154,V1,RAVI BOHRA,10800.0,2026-08-25,"10,800.00 - 10,800.00",0.0,LOW,Payment In-Progress
TXN-001735,WS/MP719/2024-2025/140154,V1,KAMAL BOHRA,11700.0,2026-08-25,"11,700.00 - 11,700.00",0.0,LOW,Payment In-Progress
TXN-001736,WS/MP719/2024-2025/140154,V1,NIRMALA RAIDAS,3990.0,2026-08-25,"3,990.00 - 3,990.00",0.0,LOW,Payment In-Progress
TXN-001737,WS/MP719/2024-2025/140154,V1,SAROJ JAJORIYA,3990.0,2026-08-25,"3,990.00 - 3,990.00",0.0,LOW,Payment In-Progress
TXN-001738,WS/MP719/2024-2025/140154,V1,KAJAL KUMARI,3990.0,2026-08-25,"3,990.00 - 3,990.00",0.0,LOW,Payment In-Progress
TXN-001739,WS/MP719/2024-2025/140154,V1,ANITA DEVI,3990.0,2026-08-25,"3,990.00 - 3,990.00",0.0,LOW,Payment In-Progress
TXN-001740,WS/MP719/2024-2025/140154,V1,KAMLA DEVI,3990.0,2026-08-25,"4,498.20 - 8,563.80",-38.91,MEDIUM,Payment In-Progress
TXN-001741,WS/MP719/2024-2025/140154,V1,GOVIND BOHRA,10800.0,2026-08-25,"10,800.00 - 10,800.00",0.0,LOW,Payment In-Progress
TXN-001742,WS/MP719/2024-2025/140154,V1,KAUSHLYA DEVI,3990.0,2026-08-25,"3,990.00 - 3,990.00",0.0,LOW,Payment In-Progress
TXN-001743,WS/MP18260/2025-2026/185397,V1,Mushtaq Ahmad Panjra,182300.0,2026-04-08,"182,300.00 - 182,300.00",0.0,LOW,Payment In-Progress
TXN-001744,WS/MP18260/2025-2026/185399,V1,Mehraj ud Din Shah,133300.0,2026-06-29,"133,300.00 - 133,300.00",0.0,LOW,Payment In-Progress
TXN-001745,WS/MP18321/2024-2025/163333,V1,GHADKAN GRAM PANCHAYAT,400000.0,2026-08-24,"400,000.00 - 400,000.00",0.0,LOW,Payment In-Progress
TXN-001746,WS/MP429/2025-2026/198906,V1,CEO JP Pali sansad mad 18th,149233.0,2026-08-27,"149,233.00 - 149,233.00",0.0,LOW,Payment In-Progress
TXN-001747,WS/MP719/2024-2025/140154,V1,KANTA DEVI,3990.0,2026-08-25,"3,990.00 - 3,990.00",0.0,LOW,Payment In-Progress
TXN-001748,WS/MP719/2024-2025/140154,V1,PREM DEVI,3990.0,2026-08-25,"3,990.00 - 3,990.00",0.0,LOW,Payment In-Progress
TXN-001749,WS/MP719/2024-2025/140154,V1,MAYA MOURYA,3990.0,2026-08-25,"3,990.00 - 3,990.00",0.0,LOW,Payment In-Progress
TXN-001750,WS/MP719/2024-2025/140154,V1,MAMTA DEVI,3990.0,2026-08-25,"3,990.00 - 3,990.00",0.0,LOW,Payment In-Progress
TXN-001751,WS/MP719/2024-2025/140154,V1,SUSHILA DEVI,3990.0,2026-08-25,"3,990.00 - 3,990.00",0.0,LOW,Payment In-Progress
TXN-001752,WS/MP18209/2025-2026/229445,V1,AKSHAT BUILDERS,399288.0,2026-07-20,"398,844.20 - 571,629.10",-17.71,LOW,Payment In-Progress
TXN-001753,WS/MP18209/2025-2026/229428,V1,AKSHAT BUILDERS,419461.0,2026-07-20,"398,844.20 - 571,629.10",-13.56,LOW,Payment In-Progress
TXN-001754,WS/MP18209/2025-2026/229441,V1,AKSHAT BUILDERS,636844.0,2026-07-20,"398,844.20 - 571,629.10",31.24,MEDIUM,Payment In-Progress
TXN-001755,WS/MP18209/2025-2026/239037,V1,AKSHAT BUILDERS,398654.0,2026-07-20,"398,844.20 - 571,629.10",-17.84,LOW,Payment In-Progress
TXN-001756,WS/MP18158/2026-2027/261347,V1,SANTOKH SINGH,48300.0,2026-08-26,"47,355.00 - 48,195.00",1.1,LOW,Payment In-Progress
TXN-001757,WS/MP18158/2026-2027/261347,V1,SANTOKH SINGH,47250.0,2026-08-26,"47,355.00 - 48,195.00",-1.1,LOW,Payment In-Progress
TXN-001758,WS/MP353/2026-2027/210709,V1,NAZAR P M,793606.0,2026-08-18,"793,606.00 - 793,606.00",0.0,LOW,Payment In-Progress
TXN-001759,WS/MP021/2025-2026/192301,V1,MICRO ENGINEERS,499724.0,2026-07-15,"499,724.00 - 499,724.00",0.0,LOW,Payment In-Progress
TXN-001760,WS/MP856/2025-2026/228817,V1,AWADH CONSTRUCTIONS COMPANY,221868.0,2026-08-08,"165,036.60 - 215,553.40",16.59,LOW,Payment In-Progress
TXN-001761,WS/MP856/2025-2026/228818,V1,AWADH CONSTRUCTIONS COMPANY,158722.0,2026-08-08,"165,036.60 - 215,553.40",-16.59,LOW,Payment In-Progress
TXN-001762,WS/MP18021/2026-2027/243321,V1,SHAZIBUL HASSAN MOLLAH,306330.0,2026-08-26,"294,936.00 - 305,064.00",2.11,LOW,Payment In-Progress
TXN-001763,WS/MP18021/2026-2027/243321,V1,SHAZIBUL HASSAN MOLLAH,293670.0,2026-08-26,"294,936.00 - 305,064.00",-2.11,LOW,Payment In-Progress
TXN-001764,WS/MP18066/2025-2026/234654,V1,R S BARWALA INFRASTRUCTURE,173800.0,2026-08-26,"173,220.00 - 173,680.00",0.2,LOW,Payment In-Progress
TXN-001765,WS/MP18066/2025-2026/215124,V1,R S BARWALA INFRASTRUCTURE,173500.0,2026-08-24,"173,220.00 - 173,680.00",0.03,LOW,Payment In-Progress
TXN-001766,WS/MP18066/2025-2026/252997,V1,R S BARWALA INFRASTRUCTURE,173250.0,2026-08-24,"173,220.00 - 173,680.00",-0.12,LOW,Payment In-Progress
TXN-001767,WS/MP18066/2025-2026/234877,V1,R S BARWALA INFRASTRUCTURE,173350.0,2026-08-24,"173,220.00 - 173,680.00",-0.06,LOW,Payment In-Progress
TXN-001768,WS/MP18066/2025-2026/234876,V1,R S BARWALA INFRASTRUCTURE,173200.0,2026-08-24,"173,220.00 - 173,680.00",-0.14,LOW,Payment In-Progress
TXN-001769,WS/MP429/2026-2027/295384,V1,CEO Janpad Katghora,145000.0,2026-07-24,"145,000.00 - 145,000.00",0.0,LOW,Payment In-Progress
TXN-001770,WS/MP18354/2025-2026/161314,V1,Anunabh Corporation,499900.0,2026-08-21,"499,900.00 - 499,900.00",0.0,LOW,Payment In-Progress
TXN-001771,WS/MP18036/2026-2027/300084,V1,CHANCH PRO ENGINEERS,249990.0,2026-08-25,"249,990.00 - 249,990.00",0.0,LOW,Payment In-Progress
TXN-001772,WS/MP18036/2026-2027/300071,V1,CHANCH PRO ENGINEERS,249990.0,2026-08-25,"249,990.00 - 249,990.00",0.0,LOW,Payment In-Progress
TXN-001773,WS/MP18036/2026-2027/300070,V1,CHANCH PRO ENGINEERS,249990.0,2026-08-25,"249,990.00 - 249,990.00",0.0,LOW,Payment In-Progress
TXN-001774,WS/MP18036/2026-2027/300069,V1,CHANCH PRO ENGINEERS,249990.0,2026-08-25,"249,990.00 - 249,990.00",0.0,LOW,Payment In-Progress
TXN-001775,WS/MP18036/2026-2027/300068,V1,CHANCH PRO ENGINEERS,249990.0,2026-08-25,"249,990.00 - 249,990.00",0.0,LOW,Payment In-Progress
TXN-001776,WS/MP18036/2026-2027/300067,V1,CHANCH PRO ENGINEERS,249990.0,2026-08-25,"249,990.00 - 249,990.00",0.0,LOW,Payment In-Progress
TXN-001777,WS/MP18036/2026-2027/300079,V1,CHANCH PRO ENGINEERS,249990.0,2026-08-25,"249,990.00 - 249,990.00",0.0,LOW,Payment In-Progress
TXN-001778,WS/MP18036/2026-2027/300081,V1,CHANCH PRO ENGINEERS,249990.0,2026-08-25,"249,990.00 - 249,990.00",0.0,LOW,Payment In-Progress
TXN-001779,WS/MP18036/2026-2027/300085,V1,CHANCH PRO ENGINEERS,249990.0,2026-08-25,"249,990.00 - 249,990.00",0.0,LOW,Payment In-Progress
TXN-001780,WS/MP18036/2026-2027/300091,V1,CHANCH PRO ENGINEERS,249990.0,2026-08-25,"249,990.00 - 249,990.00",0.0,LOW,Payment In-Progress
TXN-001781,WS/MP18036/2026-2027/300092,V1,CHANCH PRO ENGINEERS,249990.0,2026-08-25,"249,990.00 - 249,990.00",0.0,LOW,Payment In-Progress
TXN-001782,WS/MP18036/2026-2027/300094,V1,CHANCH PRO ENGINEERS,249990.0,2026-08-25,"249,990.00 - 249,990.00",0.0,LOW,Payment In-Progress
TXN-001783,WS/MP18036/2026-2027/300095,V1,CHANCH PRO ENGINEERS,249990.0,2026-08-25,"249,990.00 - 249,990.00",0.0,LOW,Payment In-Progress
TXN-001784,WS/MP18036/2026-2027/300096,V1,CHANCH PRO ENGINEERS,249990.0,2026-08-25,"249,990.00 - 249,990.00",0.0,LOW,Payment In-Progress
TXN-001785,WS/MP18036/2026-2027/300098,V1,CHANCH PRO ENGINEERS,249990.0,2026-08-25,"249,990.00 - 249,990.00",0.0,LOW,Payment In-Progress
TXN-001786,WS/MP18036/2026-2027/300099,V1,CHANCH PRO ENGINEERS,249990.0,2026-08-25,"249,990.00 - 249,990.00",0.0,LOW,Payment In-Progress
TXN-001787,WS/MP18036/2026-2027/300100,V1,CHANCH PRO ENGINEERS,249990.0,2026-08-25,"249,990.00 - 249,990.00",0.0,LOW,Payment In-Progress
TXN-001788,WS/MP18036/2026-2027/300101,V1,CHANCH PRO ENGINEERS,249990.0,2026-08-25,"249,990.00 - 249,990.00",0.0,LOW,Payment In-Progress
TXN-001789,WS/MP18036/2026-2027/300102,V1,CHANCH PRO ENGINEERS,249990.0,2026-08-25,"249,990.00 - 249,990.00",0.0,LOW,Payment In-Progress
TXN-001790,WS/MP18036/2026-2027/300104,V1,CHANCH PRO ENGINEERS,249990.0,2026-08-25,"249,990.00 - 249,990.00",0.0,LOW,Payment In-Progress
TXN-001791,WS/MP18036/2026-2027/300065,V1,CHANCH PRO ENGINEERS,249990.0,2026-08-25,"249,990.00 - 249,990.00",0.0,LOW,Payment In-Progress
TXN-001792,WS/MP18036/2026-2027/300108,V1,CHANCH PRO ENGINEERS,249990.0,2026-08-25,"249,990.00 - 249,990.00",0.0,LOW,Payment In-Progress
TXN-001793,WS/MP18036/2026-2027/300105,V1,CHANCH PRO ENGINEERS,249990.0,2026-08-25,"249,990.00 - 249,990.00",0.0,LOW,Payment In-Progress
TXN-001794,WS/MP18036/2026-2027/300107,V1,CHANCH PRO ENGINEERS,249990.0,2026-08-25,"249,990.00 - 249,990.00",0.0,LOW,Payment In-Progress
TXN-001795,WS/MP18036/2026-2027/300082,V1,CHANCH PRO ENGINEERS,249990.0,2026-08-25,"249,990.00 - 249,990.00",0.0,LOW,Payment In-Progress
TXN-001796,WS/MP18358/2025-2026/185595,V1,SARMISTA PANDA,400000.0,2026-08-24,"400,000.00 - 400,000.00",0.0,LOW,Payment In-Progress
TXN-001797,WS/MP18176/2025-2026/232405,V1,SSR Enterprises,669091.0,2026-08-14,"669,091.00 - 669,091.00",0.0,LOW,Payment In-Progress
TXN-001798,WS/MP18050/2025-2026/266345,V1,Sarpanch Gram Panchayat Piproud,750000.0,2026-08-17,"750,000.00 - 750,000.00",0.0,LOW,Payment In-Progress
TXN-001799,WS/MP490/2025-2026/241246,V1,jai maa bhawani construction,129800.0,2026-08-19,"129,800.00 - 129,800.00",0.0,LOW,Payment In-Progress
TXN-001800,WS/MP18104/2026-2027/287612,V1,GRAM PANCHAYAT RAIKHEDI SFC,50000.0,2026-08-25,"50,000.00 - 50,000.00",0.0,LOW,Payment In-Progress
TXN-001801,WS/MP18328/2025-2026/252741,V1,Ramesh,18600.0,2026-08-13,"36,736.60 - 181,829.40",-82.98,HIGH,Payment In-Progress
TXN-001802,WS/MP18328/2025-2026/252741,V1,Kashi Ram,18600.0,2026-08-13,"18,600.00 - 18,600.00",0.0,LOW,Payment In-Progress
TXN-001803,WS/MP719/2025-2026/234257,V1,MS TIKAM CHAND KUMAWAT CONTRACTOR,286219.0,2026-08-20,"297,452.00 - 387,316.00",-16.4,LOW,Payment In-Progress
TXN-001804,WS/MP719/2025-2026/234255,V1,MS TIKAM CHAND KUMAWAT CONTRACTOR,398549.0,2026-08-20,"297,452.00 - 387,316.00",16.4,LOW,Payment In-Progress
TXN-001805,WS/MP638/2025-2026/235577,V1,gram panchayat sijora,103817.0,2026-07-25,"103,817.00 - 103,817.00",0.0,LOW,Payment In-Progress
TXN-001806,WS/MP18170/2025-2026/168850,V1,SUMAN,1995.0,2026-08-15,"2,394.00 - 18,354.00",-80.77,HIGH,Payment In-Progress
TXN-001807,WS/MP716/2025-2026/203942,V1,Rishab Dev Agro Tech,150000.0,2026-08-14,"150,000.00 - 150,000.00",0.0,LOW,Payment In-Progress
TXN-001808,WS/MP18328/2025-2026/252741,V1,Rajan Magar,18600.0,2026-08-13,"18,600.00 - 18,600.00",0.0,LOW,Payment In-Progress
TXN-001809,WS/MP18328/2025-2026/252741,V1,Bhupesh Kumar,16469.0,2026-08-13,"16,469.00 - 16,469.00",0.0,LOW,Payment In-Progress
TXN-001810,WS/MP18328/2025-2026/252741,V1,Govind Singh,16469.0,2026-08-13,"9,584.90 - 15,704.10",30.25,MEDIUM,Payment In-Progress
TXN-001811,WS/MP18263/2026-2027/252254,V1,SAGAR K C,249284.0,2026-08-21,"209,351.60 - 249,267.60",8.71,LOW,Payment In-Progress
TXN-001812,WS/MP18263/2026-2027/252255,V1,SAGAR K C,249202.0,2026-08-21,"209,351.60 - 249,267.60",8.67,LOW,Payment In-Progress
TXN-001813,WS/MP18263/2026-2027/252277,V1,SAGAR K C,199389.0,2026-08-21,"209,351.60 - 249,267.60",-13.05,LOW,Payment In-Progress
TXN-001814,WS/MP18328/2025-2026/252741,V1,Santosh Kumari,16469.0,2026-08-13,"16,469.00 - 16,469.00",0.0,LOW,Payment In-Progress
TXN-001815,WS/MP18328/2025-2026/252741,V1,Reeta,16469.0,2026-08-13,"16,469.00 - 16,469.00",0.0,LOW,Payment In-Progress
TXN-001816,WS/MP18328/2025-2026/252741,V1,Jag Mohan Singh,16469.0,2026-08-13,"16,469.00 - 16,469.00",0.0,LOW,Payment In-Progress
TXN-001817,WS/MP18328/2025-2026/252741,V1,Kiran Prabha,16469.0,2026-08-13,"16,469.00 - 16,469.00",0.0,LOW,Payment In-Progress
TXN-001818,WS/MP529/2024-2025/161694,V1,T Bhanumathi,87493.0,2026-08-05,"48,595.00 - 87,858.00",28.24,MEDIUM,Payment In-Progress
TXN-001819,WS/MP529/2024-2025/161695,V1,T Bhanumathi,87586.0,2026-08-05,"48,595.00 - 87,858.00",28.38,MEDIUM,Payment In-Progress
TXN-001820,WS/MP529/2024-2025/161701,V1,T Bhanumathi,87858.0,2026-08-05,"48,595.00 - 87,858.00",28.77,MEDIUM,Payment In-Progress
TXN-001821,WS/MP529/2024-2025/161689,V1,T Bhanumathi,87586.0,2026-08-05,"48,595.00 - 87,858.00",28.38,MEDIUM,Payment In-Progress
TXN-001822,WS/MP529/2024-2025/161690,V1,T Bhanumathi,87586.0,2026-08-05,"48,595.00 - 87,858.00",28.38,MEDIUM,Payment In-Progress
TXN-001823,WS/MP529/2024-2025/161698,V1,T Bhanumathi,87858.0,2026-08-05,"48,595.00 - 87,858.00",28.77,MEDIUM,Payment In-Progress
TXN-001824,WS/MP529/2024-2025/161700,V1,T Bhanumathi,48595.0,2026-08-05,"48,595.00 - 87,858.00",-28.77,MEDIUM,Payment In-Progress
TXN-001825,WS/MP529/2024-2025/161696,V1,T Bhanumathi,87586.0,2026-08-05,"48,595.00 - 87,858.00",28.38,MEDIUM,Payment In-Progress
TXN-001826,WS/MP529/2024-2025/161691,V1,T Bhanumathi,48595.0,2026-08-05,"48,595.00 - 87,858.00",-28.77,MEDIUM,Payment In-Progress
TXN-001827,WS/MP529/2024-2025/161699,V1,T Bhanumathi,87858.0,2026-08-05,"48,595.00 - 87,858.00",28.77,MEDIUM,Payment In-Progress
TXN-001828,WS/MP529/2024-2025/161702,V1,T Bhanumathi,87586.0,2026-08-05,"48,595.00 - 87,858.00",28.38,MEDIUM,Payment In-Progress
TXN-001829,WS/MP529/2024-2025/161697,V1,T Bhanumathi,87858.0,2026-08-05,"48,595.00 - 87,858.00",28.77,MEDIUM,Payment In-Progress
TXN-001830,WS/MP529/2024-2025/161688,V1,T Bhanumathi,87766.0,2026-08-05,"48,595.00 - 87,858.00",28.64,MEDIUM,Payment In-Progress
TXN-001831,WS/MP529/2024-2025/161693,V1,T Bhanumathi,48595.0,2026-08-05,"48,595.00 - 87,858.00",-28.77,MEDIUM,Payment In-Progress
TXN-001832,WS/MP529/2024-2025/161692,V1,T Bhanumathi,48595.0,2026-08-05,"48,595.00 - 87,858.00",-28.77,MEDIUM,Payment In-Progress
TXN-001833,WS/MP18260/2025-2026/185393,V1,ABUTURAAB ELECTRICAL ENGINEERING,400186.0,2026-07-06,"400,186.00 - 400,186.00",0.0,LOW,Payment In-Progress
TXN-001834,WS/MP710/2026-2027/280787,V1,SWAMINATHAN S,665666.0,2026-08-07,"665,666.00 - 665,666.00",0.0,LOW,Payment In-Progress
TXN-001835,WS/MP815/2025-2026/236772,V1,Buddha Enterprises,1865906.0,2026-05-20,"1,865,906.00 - 1,865,906.00",0.0,LOW,Payment In-Progress
TXN-001836,WS/MP620/2025-2026/206427,V1,MANJUNATHA TIPPANNA WADDAR,296964.0,2026-07-29,"296,964.00 - 296,964.00",0.0,LOW,Payment In-Progress
TXN-001837,WS/MP18136/2026-2027/195293,V1,NINAD PRADIPRAO WANKHEDE,398363.0,2026-08-20,"398,363.00 - 398,363.00",0.0,LOW,Payment In-Progress
TXN-001838,WS/MP524/2025-2026/211616,V1,PRESIDENT VILLAGE LEVEL COMMITTEE KVRR PURAM CHITVEL,267654.0,2026-07-04,"267,654.00 - 267,654.00",0.0,LOW,Payment In-Progress
TXN-001839,WS/MP490/2025-2026/241015,V1,ISHITA TRADERS,196942.0,2026-08-19,"196,942.00 - 196,942.00",0.0,LOW,Payment In-Progress
TXN-001840,WS/MP428/2026-2027/275110,V1,Sarpanch Gram Panchayat Pouni,149800.0,2026-08-27,"149,800.00 - 149,800.00",0.0,LOW,Payment In-Progress
TXN-001841,WS/MP432/2025-2026/267725,V1,Gram Panchayat DHAMANDRI,200000.0,2026-08-25,"200,000.00 - 200,000.00",0.0,LOW,Payment In-Progress
TXN-001842,WS/MP18170/2025-2026/260630,V1,SHREE SHYAM CONSTRUCTION AND JAGDEESH PRASAD,521023.0,2026-08-18,"521,023.00 - 521,023.00",0.0,LOW,Payment In-Progress
TXN-001843,WS/MP18346/2025-2026/202747,V1,sri balaji enterprises,676218.0,2026-08-11,"676,218.00 - 676,218.00",0.0,LOW,Payment In-Progress
TXN-001844,WS/MP18184/2025-2026/161794,V1,KPK construction,1000000.0,2026-06-24,"1,000,000.00 - 1,000,000.00",0.0,LOW,Payment In-Progress
TXN-001845,WS/MP18218/2025-2026/186277,V1,KRISHNA CONSTRUCTION COMPANY,280304.0,2026-08-22,"280,304.00 - 280,304.00",0.0,LOW,Payment In-Progress
TXN-001846,WS/MP638/2026-2027/235940,V1,GRAM PANCHAYAT TILA,103819.0,2026-07-11,"103,819.00 - 103,819.00",0.0,LOW,Payment In-Progress
TXN-001847,WS/MP18328/2025-2026/252741,V1,RESHAB NEGI,16469.0,2026-08-13,"16,469.00 - 16,469.00",0.0,LOW,Payment In-Progress
TXN-001848,WS/MP18328/2025-2026/252741,V1,ROBHI,16469.0,2026-08-13,"16,469.00 - 16,469.00",0.0,LOW,Payment In-Progress
TXN-001849,WS/MP18328/2025-2026/252741,V1,MAHENDER SINGH,16469.0,2026-08-13,"16,469.00 - 16,469.00",0.0,LOW,Payment In-Progress
TXN-001850,WS/MP18115/2026-2027/186492,V1,GRAM PANCHAYAT KANHALGAON,697459.0,2026-07-17,"697,459.00 - 697,459.00",0.0,LOW,Payment In-Progress
TXN-001851,WS/MP18083/2026-2027/301234,V1,KAILAS BABU,493790.0,2026-08-05,"493,790.00 - 493,790.00",0.0,LOW,Payment In-Progress
TXN-001852,WS/MP18112/2026-2027/259061,V1,AMIT NAGORAO MULE,975465.0,2026-08-20,"975,465.00 - 975,465.00",0.0,LOW,Payment In-Progress
TXN-001853,WS/MP18049/2024-2025/163942,V1,Gourav Verma,108155.0,2026-05-06,"108,155.00 - 108,155.00",0.0,LOW,Payment In-Progress
TXN-001854,WS/MP18215/2025-2026/248883,V1,VIDYA SINGH,61353.0,2026-08-19,"61,353.00 - 61,353.00",0.0,LOW,Payment In-Progress
TXN-001855,WS/MP18215/2025-2026/248881,V1,VIDYA SINGH,61353.0,2026-08-19,"61,353.00 - 61,353.00",0.0,LOW,Payment In-Progress
TXN-001856,WS/MP18215/2025-2026/248880,V1,VIDYA SINGH,61353.0,2026-08-19,"61,353.00 - 61,353.00",0.0,LOW,Payment In-Progress
TXN-001857,WS/MP18215/2025-2026/248879,V1,VIDYA SINGH,61353.0,2026-08-19,"61,353.00 - 61,353.00",0.0,LOW,Payment In-Progress
TXN-001858,WS/MP18215/2025-2026/248878,V1,VIDYA SINGH,61353.0,2026-08-19,"61,353.00 - 61,353.00",0.0,LOW,Payment In-Progress
TXN-001859,WS/MP18215/2025-2026/248877,V1,VIDYA SINGH,61353.0,2026-08-19,"61,353.00 - 61,353.00",0.0,LOW,Payment In-Progress
TXN-001860,WS/MP18215/2025-2026/248876,V1,VIDYA SINGH,61353.0,2026-08-19,"61,353.00 - 61,353.00",0.0,LOW,Payment In-Progress
TXN-001861,WS/MP18215/2025-2026/248875,V1,VIDYA SINGH,61353.0,2026-08-19,"61,353.00 - 61,353.00",0.0,LOW,Payment In-Progress
TXN-001862,WS/MP18215/2025-2026/248870,V1,VIDYA SINGH,61353.0,2026-08-19,"61,353.00 - 61,353.00",0.0,LOW,Payment In-Progress
TXN-001863,WS/MP18215/2025-2026/248871,V1,VIDYA SINGH,61353.0,2026-08-19,"61,353.00 - 61,353.00",0.0,LOW,Payment In-Progress
TXN-001864,WS/MP18215/2025-2026/248869,V1,VIDYA SINGH,61353.0,2026-08-19,"61,353.00 - 61,353.00",0.0,LOW,Payment In-Progress
TXN-001865,WS/MP18215/2025-2026/248868,V1,VIDYA SINGH,61353.0,2026-08-19,"61,353.00 - 61,353.00",0.0,LOW,Payment In-Progress
TXN-001866,WS/MP18215/2025-2026/248867,V1,VIDYA SINGH,61353.0,2026-08-19,"61,353.00 - 61,353.00",0.0,LOW,Payment In-Progress
TXN-001867,WS/MP18215/2025-2026/248866,V1,VIDYA SINGH,61353.0,2026-08-19,"61,353.00 - 61,353.00",0.0,LOW,Payment In-Progress
TXN-001868,WS/MP18215/2025-2026/248872,V1,VIDYA SINGH,61353.0,2026-08-19,"61,353.00 - 61,353.00",0.0,LOW,Payment In-Progress
TXN-001869,WS/MP18215/2025-2026/248865,V1,VIDYA SINGH,61353.0,2026-08-19,"61,353.00 - 61,353.00",0.0,LOW,Payment In-Progress
TXN-001870,WS/MP18215/2025-2026/248864,V1,VIDYA SINGH,61353.0,2026-08-19,"61,353.00 - 61,353.00",0.0,LOW,Payment In-Progress
TXN-001871,WS/MP18215/2025-2026/248863,V1,VIDYA SINGH,61353.0,2026-08-19,"61,353.00 - 61,353.00",0.0,LOW,Payment In-Progress
TXN-001872,WS/MP18215/2025-2026/248862,V1,VIDYA SINGH,61353.0,2026-08-19,"61,353.00 - 61,353.00",0.0,LOW,Payment In-Progress
TXN-001873,WS/MP18215/2025-2026/248874,V1,VIDYA SINGH,61353.0,2026-08-19,"61,353.00 - 61,353.00",0.0,LOW,Payment In-Progress
TXN-001874,WS/MP18215/2025-2026/247879,V1,VIDYA SINGH,61353.0,2026-08-19,"61,353.00 - 61,353.00",0.0,LOW,Payment In-Progress
TXN-001875,WS/MP18215/2025-2026/247876,V1,VIDYA SINGH,61353.0,2026-08-19,"61,353.00 - 61,353.00",0.0,LOW,Payment In-Progress
TXN-001876,WS/MP18215/2025-2026/247875,V1,VIDYA SINGH,61353.0,2026-08-19,"61,353.00 - 61,353.00",0.0,LOW,Payment In-Progress
TXN-001877,WS/MP18215/2025-2026/248873,V1,VIDYA SINGH,61353.0,2026-08-19,"61,353.00 - 61,353.00",0.0,LOW,Payment In-Progress
TXN-001878,WS/MP18215/2025-2026/248860,V1,VIDYA SINGH,61353.0,2026-08-19,"61,353.00 - 61,353.00",0.0,LOW,Payment In-Progress
TXN-001879,WS/MP18215/2025-2026/248861,V1,VIDYA SINGH,61353.0,2026-08-19,"61,353.00 - 61,353.00",0.0,LOW,Payment In-Progress
TXN-001880,WS/MP18215/2025-2026/248859,V1,VIDYA SINGH,61353.0,2026-08-19,"61,353.00 - 61,353.00",0.0,LOW,Payment In-Progress
TXN-001881,WS/MP18215/2025-2026/248858,V1,VIDYA SINGH,61353.0,2026-08-19,"61,353.00 - 61,353.00",0.0,LOW,Payment In-Progress
TXN-001882,WS/MP18215/2025-2026/248856,V1,VIDYA SINGH,61353.0,2026-08-19,"61,353.00 - 61,353.00",0.0,LOW,Payment In-Progress
TXN-001883,WS/MP18215/2025-2026/248857,V1,VIDYA SINGH,61353.0,2026-08-19,"61,353.00 - 61,353.00",0.0,LOW,Payment In-Progress
TXN-001884,WS/MP18215/2025-2026/248853,V1,VIDYA SINGH,61353.0,2026-08-19,"61,353.00 - 61,353.00",0.0,LOW,Payment In-Progress
TXN-001885,WS/MP18215/2025-2026/248855,V1,VIDYA SINGH,61353.0,2026-08-19,"61,353.00 - 61,353.00",0.0,LOW,Payment In-Progress
TXN-001886,WS/MP18215/2025-2026/248480,V1,VIDYA SINGH,61353.0,2026-08-19,"61,353.00 - 61,353.00",0.0,LOW,Payment In-Progress
TXN-001887,WS/MP18215/2025-2026/248852,V1,VIDYA SINGH,61353.0,2026-08-19,"61,353.00 - 61,353.00",0.0,LOW,Payment In-Progress
TXN-001888,WS/MP18215/2025-2026/247877,V1,VIDYA SINGH,61353.0,2026-08-19,"61,353.00 - 61,353.00",0.0,LOW,Payment In-Progress
TXN-001889,WS/MP428/2026-2027/275135,V1,Gram Panchayat Kumhar Daniya,250000.0,2026-08-26,"250,000.00 - 250,000.00",0.0,LOW,Payment In-Progress
TXN-001890,WS/MP18372/2025-2026/227460,V1,Assistant Engineer,166785.0,2026-07-23,"249,455.60 - 910,820.40",-71.25,HIGH,Payment In-Progress
TXN-001891,WS/MP18210/2026-2027/277923,V1,RAGHUVANSI ENTERPRISES,116323.0,2026-08-25,"123,454.00 - 749,419.60",-73.35,HIGH,Payment In-Progress
TXN-001892,WS/MP18210/2026-2027/277445,V1,RAGHUVANSI ENTERPRISES,151978.0,2026-08-25,"123,454.00 - 749,419.60",-65.18,HIGH,Payment In-Progress
TXN-001893,WS/MP18210/2026-2027/277926,V1,RAGHUVANSI ENTERPRISES,898780.0,2026-08-25,"123,454.00 - 749,419.60",105.94,HIGH,Payment In-Progress
TXN-001894,WS/MP348/2026-2027/212227,V1,Santhosh M D,1379405.0,2026-07-24,"1,379,405.00 - 1,379,405.00",0.0,LOW,Payment In-Progress
TXN-001895,WS/MP428/2026-2027/275119,V1,Gram Panchayat Udiyakala,246735.0,2026-08-26,"246,735.00 - 246,735.00",0.0,LOW,Payment In-Progress
TXN-001896,WS/MP18154/2026-2027/276107,V1,MAHAVIRINDUSTRIESDHURI,284507.0,2026-08-11,"284,507.00 - 284,507.00",0.0,LOW,Payment In-Progress
TXN-001897,WS/MP18232/2026-2027/259269,V1,BLOCK DEVELOPMENT OFFICER,6736.0,2026-08-06,"3,695.00 - 86,656.00",-85.09,HIGH,Payment In-Progress
TXN-001898,WS/MP18232/2026-2027/228652,V1,BLOCK DEVELOPMENT OFFICER,143160.0,2026-05-14,"3,695.00 - 86,656.00",216.9,HIGH,Payment In-Progress
TXN-001899,WS/MP428/2026-2027/275127,V1,GRAM PANCHAYAT BACHEDI,250000.0,2026-08-26,"250,000.00 - 250,000.00",0.0,LOW,Payment In-Progress
TXN-001900,WS/MP18219/2026-2027/250064,V1,Yog Pratap Construction,896632.0,2026-05-08,"896,632.00 - 896,632.00",0.0,LOW,Payment In-Progress
TXN-001901,WS/MP384/2025-2026/162427,V1,PAWAN KUMAR SANJAY KUMAR,368227.0,2026-05-30,"368,227.00 - 368,227.00",0.0,LOW,Payment In-Progress
TXN-001902,WS/MP18219/2026-2027/250063,V1,Yuvraj Construction,1297589.0,2026-05-10,"938,693.30 - 1,257,711.70",18.16,LOW,Payment In-Progress
TXN-001903,WS/MP18219/2026-2027/250062,V1,Yuvraj Construction,898816.0,2026-05-08,"938,693.30 - 1,257,711.70",-18.16,LOW,Payment In-Progress
TXN-001904,WS/MP18067/2025-2026/187558,V1,Rajkumar contractor,794244.0,2026-05-07,"794,244.00 - 794,244.00",0.0,LOW,Payment In-Progress
TXN-001905,WS/MP18152/2025-2026/274131,V1,Surya Bricks Company,89094.0,2026-08-25,"89,094.00 - 89,094.00",0.0,LOW,Payment In-Progress
TXN-001906,WS/MP18021/2026-2027/243323,V1,A S SIDDIQUE HARDWARE SHOP,161736.0,2026-08-25,"50,598.60 - 149,387.40",61.75,HIGH,Payment In-Progress
TXN-001907,WS/MP18021/2026-2027/243323,V1,A S SIDDIQUE HARDWARE SHOP,38250.0,2026-08-25,"50,598.60 - 149,387.40",-61.75,HIGH,Payment In-Progress
TXN-001908,WS/MP18232/2026-2027/240893,V1,BLOCK DEVELOPMENT OFFICER,6176.0,2026-08-04,"3,695.00 - 86,656.00",-86.33,HIGH,Payment In-Progress
TXN-001909,WS/MP18232/2026-2027/242943,V1,BLOCK DEVELOPMENT OFFICER,30152.0,2026-08-04,"3,695.00 - 86,656.00",-33.26,MEDIUM,Payment In-Progress
TXN-001910,WS/MP18345/2026-2027/247953,V1,PVS AND COMPANY,459743.0,2026-07-02,"459,743.00 - 459,743.00",0.0,LOW,Payment In-Progress
TXN-001911,WS/MP825/2025-2026/184195,V1,KONICA MINOLTA HEALTHCARE INDIA PVT LTD,1675000.0,2026-08-27,"1,675,000.00 - 1,675,000.00",0.0,LOW,Payment In-Progress
TXN-001912,WS/MP431/2025-2026/193931,V1,THE MANGAWAS COOPERATIVE LABOUR AND CONSTRUCTION SOCIETY LTD,777566.0,2026-05-13,"523,164.80 - 749,299.20",22.21,MEDIUM,Payment In-Progress
TXN-001913,WS/MP431/2025-2026/223740,V1,THE MANGAWAS COOPERATIVE LABOUR AND CONSTRUCTION SOCIETY LTD,494898.0,2026-05-13,"523,164.80 - 749,299.20",-22.21,MEDIUM,Payment In-Progress
TXN-001914,WS/MP431/2025-2026/223740,V1,EXECUTIVE OFFICER MUNICIPAL COUNCIL PATAUDI MANDI,54439.0,2026-05-13,"57,548.60 - 82,425.40",-22.22,MEDIUM,Payment In-Progress
TXN-001915,WS/MP431/2025-2026/193931,V1,EXECUTIVE OFFICER MUNICIPAL COUNCIL PATAUDI MANDI,85535.0,2026-05-13,"57,548.60 - 82,425.40",22.22,MEDIUM,Payment In-Progress
TXN-001916,WS/MP727/2026-2027/242764,V1,S K CONSTRUCTION,187705.0,2026-07-31,"187,763.20 - 188,228.80",-0.15,LOW,Payment In-Progress
TXN-001917,WS/MP021/2025-2026/204383,V1,Negi supplier,25880.0,2026-08-25,"25,880.00 - 25,880.00",0.0,LOW,Payment In-Progress
TXN-001918,WS/MP672/2025-2026/198595,V1,Highstone Technologies Private Limited,449900.0,2026-07-31,"449,900.00 - 449,900.00",0.0,LOW,Payment In-Progress
TXN-001919,WS/MP18429/2026-2027/245249,V1,GRAM PANCHAYAT BARHALI TQ MUKHED,996000.0,2026-07-20,"996,000.00 - 996,000.00",0.0,LOW,Payment In-Progress
TXN-001920,WS/MP490/2025-2026/240966,V1,ARUN DEVELOPERS,383500.0,2026-07-27,"383,500.00 - 383,500.00",0.0,LOW,Payment In-Progress
TXN-001921,WS/MP465/2025-2026/189652,V1,DEEPA SURGICAL,180000.0,2026-07-03,"120,000.00 - 306,000.00",-15.49,LOW,Payment In-Progress
TXN-001922,WS/MP465/2025-2026/189652,V1,DEEPA SURGICAL,360000.0,2026-07-03,"120,000.00 - 306,000.00",69.01,HIGH,Payment In-Progress
TXN-001923,WS/MP465/2025-2026/189652,V1,DEEPA SURGICAL,120000.0,2026-07-03,"120,000.00 - 306,000.00",-43.66,MEDIUM,Payment In-Progress
TXN-001924,WS/MP465/2025-2026/189652,V1,DEEPA SURGICAL,120000.0,2026-07-03,"120,000.00 - 306,000.00",-43.66,MEDIUM,Payment In-Progress
TXN-001925,WS/MP524/2025-2026/241196,V1,Syed Mahammad Firoz Ali,396167.0,2026-06-30,"396,167.00 - 396,167.00",0.0,LOW,Payment In-Progress
TXN-001926,WS/MP852/2024-2025/154562,V1,S A ENTERPRISE,500569.0,2026-05-26,"500,569.00 - 500,569.00",0.0,LOW,Payment In-Progress
TXN-001927,WS/MP524/2025-2026/211625,V1,PRESIDENT VILLAGE LEVEL COMMITTEE ANANTHAIAHGARIPALLI GP,498640.0,2026-07-27,"498,770.50 - 499,814.50",-0.13,LOW,Payment In-Progress
TXN-001928,WS/MP524/2025-2026/271486,V1,PRESIDENT VILLAGE LEVEL COMMITTEE ANANTHAIAHGARIPALLI GP,499945.0,2026-07-25,"498,770.50 - 499,814.50",0.13,LOW,Payment In-Progress
TXN-001929,WS/MP021/2025-2026/204383,V1,Nirmla pandey,7272.0,2026-08-25,"7,272.00 - 7,272.00",0.0,LOW,Payment In-Progress
TXN-001930,WS/MP021/2025-2026/204383,V1,Govind bhallabh,7272.0,2026-08-25,"7,272.00 - 7,272.00",0.0,LOW,Payment In-Progress
TXN-001931,WS/MP021/2025-2026/204383,V1,Shanti pandey,4788.0,2026-08-25,"4,788.00 - 4,788.00",0.0,LOW,Payment In-Progress
TXN-001932,WS/MP021/2025-2026/204383,V1,Nutan pandey,4788.0,2026-08-25,"4,788.00 - 4,788.00",0.0,LOW,Payment In-Progress
TXN-001933,WS/MP18170/2025-2026/197318,V1,AEN AVVNL KDL JJM,123350.0,2026-07-28,"123,350.00 - 123,350.00",0.0,LOW,Payment In-Progress
TXN-001934,WS/MP18219/2026-2027/267959,V1,Ms UNITED ENTERPRISES,599794.0,2026-05-19,"599,794.00 - 599,794.00",0.0,LOW,Payment In-Progress
TXN-001935,WS/MP18376/2026-2027/226530,V1,Ms Surya Mssm,1897047.0,2026-08-17,"1,897,047.00 - 1,897,047.00",0.0,LOW,Payment In-Progress
TXN-001936,WS/MP18020/2025-2026/253738,V1,MS Bezbaruah Enterprise,56916.0,2026-08-27,"56,916.00 - 56,916.00",0.0,LOW,Payment In-Progress
TXN-001937,WS/MP18062/2026-2027/283090,V1,KAMBOJ AGRI WORKS,165000.0,2026-08-27,"165,000.00 - 165,000.00",0.0,LOW,Payment In-Progress
TXN-001938,WS/MP18062/2026-2027/283096,V1,KAMBOJ AGRI WORKS,165000.0,2026-08-27,"165,000.00 - 165,000.00",0.0,LOW,Payment In-Progress
TXN-001939,WS/MP18062/2026-2027/283116,V1,KAMBOJ AGRI WORKS,165000.0,2026-08-27,"165,000.00 - 165,000.00",0.0,LOW,Payment In-Progress
TXN-001940,WS/MP18062/2026-2027/283085,V1,KAMBOJ AGRI WORKS,165000.0,2026-08-27,"165,000.00 - 165,000.00",0.0,LOW,Payment In-Progress
TXN-001941,WS/MP18062/2026-2027/283107,V1,KAMBOJ AGRI WORKS,165000.0,2026-08-27,"165,000.00 - 165,000.00",0.0,LOW,Payment In-Progress
TXN-001942,WS/MP18062/2026-2027/283111,V1,KAMBOJ AGRI WORKS,165000.0,2026-08-27,"165,000.00 - 165,000.00",0.0,LOW,Payment In-Progress
TXN-001943,WS/MP18062/2026-2027/283114,V1,KAMBOJ AGRI WORKS,165000.0,2026-08-27,"165,000.00 - 165,000.00",0.0,LOW,Payment In-Progress
TXN-001944,WS/MP18062/2026-2027/283112,V1,KAMBOJ AGRI WORKS,165000.0,2026-08-27,"165,000.00 - 165,000.00",0.0,LOW,Payment In-Progress
TXN-001945,WS/MP18062/2026-2027/283081,V1,KAMBOJ AGRI WORKS,165000.0,2026-08-27,"165,000.00 - 165,000.00",0.0,LOW,Payment In-Progress
TXN-001946,WS/MP18062/2026-2027/283110,V1,KAMBOJ AGRI WORKS,165000.0,2026-08-27,"165,000.00 - 165,000.00",0.0,LOW,Payment In-Progress
TXN-001947,WS/MP18062/2026-2027/283119,V1,KAMBOJ AGRI WORKS,165000.0,2026-08-27,"165,000.00 - 165,000.00",0.0,LOW,Payment In-Progress
TXN-001948,WS/MP18062/2026-2027/283087,V1,KAMBOJ AGRI WORKS,165000.0,2026-08-27,"165,000.00 - 165,000.00",0.0,LOW,Payment In-Progress
TXN-001949,WS/MP18062/2026-2027/283091,V1,KAMBOJ AGRI WORKS,165000.0,2026-08-27,"165,000.00 - 165,000.00",0.0,LOW,Payment In-Progress
TXN-001950,WS/MP18062/2026-2027/283098,V1,KAMBOJ AGRI WORKS,165000.0,2026-08-27,"165,000.00 - 165,000.00",0.0,LOW,Payment In-Progress
TXN-001951,WS/MP18062/2026-2027/283099,V1,KAMBOJ AGRI WORKS,165000.0,2026-08-27,"165,000.00 - 165,000.00",0.0,LOW,Payment In-Progress
TXN-001952,WS/MP18062/2026-2027/283093,V1,KAMBOJ AGRI WORKS,165000.0,2026-08-27,"165,000.00 - 165,000.00",0.0,LOW,Payment In-Progress
TXN-001953,WS/MP18062/2026-2027/283476,V1,KAMBOJ AGRI WORKS,165000.0,2026-08-27,"165,000.00 - 165,000.00",0.0,LOW,Payment In-Progress
TXN-001954,WS/MP18062/2026-2027/283097,V1,KAMBOJ AGRI WORKS,165000.0,2026-08-27,"165,000.00 - 165,000.00",0.0,LOW,Payment In-Progress
TXN-001955,WS/MP18062/2026-2027/283109,V1,KAMBOJ AGRI WORKS,165000.0,2026-08-27,"165,000.00 - 165,000.00",0.0,LOW,Payment In-Progress
TXN-001956,WS/MP620/2025-2026/254654,V1,Shivaji Bhajantri,396375.0,2026-07-29,"396,375.00 - 396,375.00",0.0,LOW,Payment In-Progress
TXN-001957,WS/MP18067/2025-2026/251801,V1,D R CONSTRUCTION,433861.0,2026-08-17,"433,861.00 - 433,861.00",0.0,LOW,Payment In-Progress
TXN-001958,WS/MP620/2025-2026/252048,V1,Rahul S Waddar,494254.0,2026-07-29,"494,254.00 - 494,254.00",0.0,LOW,Payment In-Progress
TXN-001959,WS/MP18323/2026-2027/146717,V1,Bhimashankar Majur Sahkari Sanstha Maryadit,794104.0,2026-08-24,"794,104.00 - 794,104.00",0.0,LOW,Payment In-Progress
TXN-001960,WS/MP728/2025-2026/192099,V1,RAM PRASAD,5700.0,2026-08-25,"5,700.00 - 5,700.00",0.0,LOW,Payment In-Progress
TXN-001961,WS/MP728/2025-2026/192099,V1,SURENDER,7410.0,2026-08-25,"7,410.00 - 7,410.00",0.0,LOW,Payment In-Progress
TXN-001962,WS/MP728/2025-2026/192099,V1,PARTAP SINGH,7410.0,2026-08-25,"7,410.00 - 7,410.00",0.0,LOW,Payment In-Progress
TXN-001963,WS/MP728/2025-2026/192099,V1,SHEESH RAM,7410.0,2026-08-25,"7,410.00 - 7,410.00",0.0,LOW,Payment In-Progress
TXN-001964,WS/MP728/2025-2026/192099,V1,VIKASH,7410.0,2026-08-25,"7,410.00 - 7,410.00",0.0,LOW,Payment In-Progress
TXN-001965,WS/MP728/2025-2026/192099,V1,PARMANAND,7410.0,2026-08-25,"7,410.00 - 7,410.00",0.0,LOW,Payment In-Progress
TXN-001966,WS/MP728/2025-2026/192099,V1,SURESH KUMAR,35100.0,2026-08-25,"35,100.00 - 35,100.00",0.0,LOW,Payment In-Progress
TXN-001967,WS/MP728/2025-2026/192099,V1,REENA KUMARI,7410.0,2026-08-25,"7,410.00 - 7,410.00",0.0,LOW,Payment In-Progress
TXN-001968,WS/MP728/2025-2026/192099,V1,SUSHILA,7410.0,2026-08-25,"7,410.00 - 7,410.00",0.0,LOW,Payment In-Progress
TXN-001969,WS/MP728/2025-2026/192099,V1,DEVKARAN,7410.0,2026-08-25,"7,410.00 - 7,410.00",0.0,LOW,Payment In-Progress
TXN-001970,WS/MP728/2025-2026/192099,V1,SATVIR,11115.0,2026-08-25,"11,115.00 - 11,115.00",0.0,LOW,Payment In-Progress
TXN-001971,WS/MP728/2025-2026/192099,V1,VIJENDRA KUMAR,11115.0,2026-08-25,"11,115.00 - 11,115.00",0.0,LOW,Payment In-Progress
TXN-001972,WS/MP728/2025-2026/192099,V1,RAM SINGH,11115.0,2026-08-25,"11,115.00 - 11,115.00",0.0,LOW,Payment In-Progress
TXN-001973,WS/MP728/2025-2026/192099,V1,VIJENDRA KUMAR,11115.0,2026-08-25,"11,115.00 - 11,115.00",0.0,LOW,Payment In-Progress
TXN-001974,WS/MP728/2025-2026/192099,V1,BHIVA RAM,11115.0,2026-08-25,"11,115.00 - 11,115.00",0.0,LOW,Payment In-Progress
TXN-001975,WS/MP728/2025-2026/192099,V1,POOJA,11115.0,2026-08-25,"4,397.60 - 10,325.60",50.99,HIGH,Payment In-Progress
TXN-001976,WS/MP728/2025-2026/192099,V1,NAVEEN KUMAR,11115.0,2026-08-25,"11,115.00 - 11,115.00",0.0,LOW,Payment In-Progress
TXN-001977,WS/MP728/2025-2026/192099,V1,SACHIN,11115.0,2026-08-25,"11,115.00 - 11,115.00",0.0,LOW,Payment In-Progress
TXN-001978,WS/MP728/2025-2026/192099,V1,RANVIR,35100.0,2026-08-25,"35,100.00 - 35,100.00",0.0,LOW,Payment In-Progress
TXN-001979,WS/MP728/2025-2026/192099,V1,DHOOP SINGH,5700.0,2026-08-25,"5,700.00 - 5,700.00",0.0,LOW,Payment In-Progress
TXN-001980,WS/MP18200/2025-2026/259111,V1,SATYA VIJAY SINGH,533158.0,2026-08-04,"513,994.30 - 531,028.70",2.04,LOW,Payment In-Progress
TXN-001981,WS/MP18200/2025-2026/259109,V1,SATYA VIJAY SINGH,511865.0,2026-08-04,"513,994.30 - 531,028.70",-2.04,LOW,Payment In-Progress
TXN-001982,WS/MP18169/2026-2027/182703,V1,PURANMAL AND COMPANY,254746.0,2026-08-05,"254,746.00 - 254,746.00",0.0,LOW,Payment In-Progress
TXN-001983,WS/MP18104/2026-2027/290483,V1,SFC GRAM PANCHAYAT MATHNI,75000.0,2026-08-25,"75,000.00 - 75,000.00",0.0,LOW,Payment In-Progress
TXN-001984,WS/MP18067/2025-2026/214178,V1,BALAJI ENTERPRISES Kherent,30090.0,2026-08-24,"20,979.00 - 48,417.40",-13.28,LOW,Payment In-Progress
TXN-001985,WS/MP18067/2025-2026/214178,V1,BALAJI ENTERPRISES Kherent,14905.0,2026-08-24,"20,979.00 - 48,417.40",-57.04,HIGH,Payment In-Progress
TXN-001986,WS/MP18067/2025-2026/214178,V1,BALAJI ENTERPRISES Kherent,47638.0,2026-08-24,"20,979.00 - 48,417.40",37.29,MEDIUM,Payment In-Progress
TXN-001987,WS/MP18067/2025-2026/214178,V1,BALAJI ENTERPRISES Kherent,48937.0,2026-08-24,"20,979.00 - 48,417.40",41.04,MEDIUM,Payment In-Progress
TXN-001988,WS/MP18067/2025-2026/214178,V1,BALAJI ENTERPRISES Kherent,30532.0,2026-08-24,"20,979.00 - 48,417.40",-12.01,LOW,Payment In-Progress
TXN-001989,WS/MP18067/2025-2026/214178,V1,MS RADHE RADHE ENTERPRISES SHADIPUR JULANA,25355.0,2026-08-24,"8,907.50 - 23,527.50",56.34,HIGH,Payment In-Progress
TXN-001990,WS/MP18067/2025-2026/214178,V1,MS RADHE RADHE ENTERPRISES SHADIPUR JULANA,7080.0,2026-08-24,"8,907.50 - 23,527.50",-56.34,HIGH,Payment In-Progress
TXN-001991,WS/MP18067/2025-2026/214178,V1,KAPIL DALAL,95400.0,2026-08-24,"112,775.70 - 251,781.30",-47.66,MEDIUM,Payment In-Progress
TXN-001992,WS/MP18067/2025-2026/193196,V1,KAPIL DALAL,269157.0,2026-08-24,"112,775.70 - 251,781.30",47.66,MEDIUM,Payment In-Progress
TXN-001993,WS/MP18235/2026-2027/281831,V1,A MINE TRADERS,174129.0,2026-08-20,"174,129.00 - 174,129.00",0.0,LOW,Payment In-Progress
TXN-001994,WS/MP18235/2026-2027/281805,V1,A MINE TRADERS,174129.0,2026-08-20,"174,129.00 - 174,129.00",0.0,LOW,Payment In-Progress
TXN-001995,WS/MP18235/2026-2027/281811,V1,A MINE TRADERS,174129.0,2026-08-20,"174,129.00 - 174,129.00",0.0,LOW,Payment In-Progress
TXN-001996,WS/MP18235/2026-2027/281803,V1,A MINE TRADERS,174129.0,2026-08-20,"174,129.00 - 174,129.00",0.0,LOW,Payment In-Progress
TXN-001997,WS/MP18235/2026-2027/281804,V1,A MINE TRADERS,174129.0,2026-08-20,"174,129.00 - 174,129.00",0.0,LOW,Payment In-Progress
TXN-001998,WS/MP18235/2026-2027/281802,V1,A MINE TRADERS,174129.0,2026-08-20,"174,129.00 - 174,129.00",0.0,LOW,Payment In-Progress
TXN-001999,WS/MP18235/2026-2027/281799,V1,A MINE TRADERS,174129.0,2026-08-20,"174,129.00 - 174,129.00",0.0,LOW,Payment In-Progress
TXN-002000,WS/MP18235/2026-2027/281786,V1,A MINE TRADERS,174129.0,2026-08-20,"174,129.00 - 174,129.00",0.0,LOW,Payment In-Progress
TXN-002001,WS/MP18235/2026-2027/281800,V1,A MINE TRADERS,174129.0,2026-08-20,"174,129.00 - 174,129.00",0.0,LOW,Payment In-Progress
TXN-002002,WS/MP18235/2026-2027/281798,V1,A MINE TRADERS,174129.0,2026-08-20,"174,129.00 - 174,129.00",0.0,LOW,Payment In-Progress
TXN-002003,WS/MP18235/2026-2027/281797,V1,A MINE TRADERS,174129.0,2026-08-20,"174,129.00 - 174,129.00",0.0,LOW,Payment In-Progress
TXN-002004,WS/MP18235/2026-2027/281787,V1,A MINE TRADERS,174129.0,2026-08-20,"174,129.00 - 174,129.00",0.0,LOW,Payment In-Progress
TXN-002005,WS/MP18235/2026-2027/281785,V1,A MINE TRADERS,174129.0,2026-08-20,"174,129.00 - 174,129.00",0.0,LOW,Payment In-Progress
TXN-002006,WS/MP18235/2026-2027/281784,V1,A MINE TRADERS,174129.0,2026-08-20,"174,129.00 - 174,129.00",0.0,LOW,Payment In-Progress
TXN-002007,WS/MP18235/2026-2027/281783,V1,A MINE TRADERS,174129.0,2026-08-20,"174,129.00 - 174,129.00",0.0,LOW,Payment In-Progress
TXN-002008,WS/MP18235/2026-2027/281838,V1,A MINE TRADERS,174129.0,2026-08-20,"174,129.00 - 174,129.00",0.0,LOW,Payment In-Progress
TXN-002009,WS/MP18235/2026-2027/281841,V1,A MINE TRADERS,174129.0,2026-08-20,"174,129.00 - 174,129.00",0.0,LOW,Payment In-Progress
TXN-002010,WS/MP18235/2026-2027/281851,V1,A MINE TRADERS,174129.0,2026-08-20,"174,129.00 - 174,129.00",0.0,LOW,Payment In-Progress
TXN-002011,WS/MP18235/2026-2027/281862,V1,A MINE TRADERS,174129.0,2026-08-20,"174,129.00 - 174,129.00",0.0,LOW,Payment In-Progress
TXN-002012,WS/MP18235/2026-2027/281807,V1,A MINE TRADERS,174129.0,2026-08-20,"174,129.00 - 174,129.00",0.0,LOW,Payment In-Progress
TXN-002013,WS/MP18235/2026-2027/281810,V1,A MINE TRADERS,174129.0,2026-08-20,"174,129.00 - 174,129.00",0.0,LOW,Payment In-Progress
TXN-002014,WS/MP18235/2026-2027/281827,V1,A MINE TRADERS,174129.0,2026-08-20,"174,129.00 - 174,129.00",0.0,LOW,Payment In-Progress
TXN-002015,WS/MP18235/2026-2027/281836,V1,A MINE TRADERS,174129.0,2026-08-20,"174,129.00 - 174,129.00",0.0,LOW,Payment In-Progress
TXN-002016,WS/MP18235/2026-2027/281806,V1,A MINE TRADERS,174129.0,2026-08-20,"174,129.00 - 174,129.00",0.0,LOW,Payment In-Progress
TXN-002017,WS/MP18235/2026-2027/282450,V1,A MINE TRADERS,174129.0,2026-08-20,"174,129.00 - 174,129.00",0.0,LOW,Payment In-Progress
TXN-002018,WS/MP18235/2026-2027/282453,V1,A MINE TRADERS,174129.0,2026-08-20,"174,129.00 - 174,129.00",0.0,LOW,Payment In-Progress
TXN-002019,WS/MP18235/2026-2027/282451,V1,A MINE TRADERS,174129.0,2026-08-20,"174,129.00 - 174,129.00",0.0,LOW,Payment In-Progress
TXN-002020,WS/MP18235/2026-2027/282447,V1,A MINE TRADERS,174129.0,2026-08-20,"174,129.00 - 174,129.00",0.0,LOW,Payment In-Progress
TXN-002021,WS/MP18235/2026-2027/281874,V1,A MINE TRADERS,174129.0,2026-08-20,"174,129.00 - 174,129.00",0.0,LOW,Payment In-Progress
TXN-002022,WS/MP18235/2026-2027/281867,V1,A MINE TRADERS,174129.0,2026-08-20,"174,129.00 - 174,129.00",0.0,LOW,Payment In-Progress
TXN-002023,WS/MP18235/2026-2027/281873,V1,A MINE TRADERS,174129.0,2026-08-20,"174,129.00 - 174,129.00",0.0,LOW,Payment In-Progress
TXN-002024,WS/MP18235/2026-2027/282455,V1,A MINE TRADERS,174129.0,2026-08-20,"174,129.00 - 174,129.00",0.0,LOW,Payment In-Progress
TXN-002025,WS/MP18235/2026-2027/282457,V1,A MINE TRADERS,174129.0,2026-08-20,"174,129.00 - 174,129.00",0.0,LOW,Payment In-Progress
TXN-002026,WS/MP18235/2026-2027/282449,V1,A MINE TRADERS,174129.0,2026-08-20,"174,129.00 - 174,129.00",0.0,LOW,Payment In-Progress
TXN-002027,WS/MP18235/2026-2027/282448,V1,A MINE TRADERS,174129.0,2026-08-20,"174,129.00 - 174,129.00",0.0,LOW,Payment In-Progress
TXN-002028,WS/MP18235/2026-2027/282458,V1,A MINE TRADERS,174129.0,2026-08-20,"174,129.00 - 174,129.00",0.0,LOW,Payment In-Progress
TXN-002029,WS/MP18235/2026-2027/282456,V1,A MINE TRADERS,174129.0,2026-08-20,"174,129.00 - 174,129.00",0.0,LOW,Payment In-Progress
TXN-002030,WS/MP18235/2026-2027/282454,V1,A MINE TRADERS,174129.0,2026-08-20,"174,129.00 - 174,129.00",0.0,LOW,Payment In-Progress
TXN-002031,WS/MP18235/2026-2027/282459,V1,A MINE TRADERS,174129.0,2026-08-20,"174,129.00 - 174,129.00",0.0,LOW,Payment In-Progress
TXN-002032,WS/MP18235/2026-2027/282467,V1,A MINE TRADERS,174129.0,2026-08-20,"174,129.00 - 174,129.00",0.0,LOW,Payment In-Progress
TXN-002033,WS/MP18235/2026-2027/282466,V1,A MINE TRADERS,174129.0,2026-08-20,"174,129.00 - 174,129.00",0.0,LOW,Payment In-Progress
TXN-002034,WS/MP18235/2026-2027/282465,V1,A MINE TRADERS,174129.0,2026-08-20,"174,129.00 - 174,129.00",0.0,LOW,Payment In-Progress
TXN-002035,WS/MP18235/2026-2027/282463,V1,A MINE TRADERS,174129.0,2026-08-20,"174,129.00 - 174,129.00",0.0,LOW,Payment In-Progress
TXN-002036,WS/MP18235/2026-2027/282462,V1,A MINE TRADERS,174129.0,2026-08-20,"174,129.00 - 174,129.00",0.0,LOW,Payment In-Progress
TXN-002037,WS/MP18314/2025-2026/256967,V1,Gurcharan SIngh Mistri,4172.0,2026-08-26,"7,337.60 - 32,662.40",-79.14,HIGH,Payment In-Progress
TXN-002038,WS/MP18314/2025-2026/256967,V1,Gurcharan SIngh Mistri,35828.0,2026-08-26,"7,337.60 - 32,662.40",79.14,HIGH,Payment In-Progress
TXN-002039,WS/MP18308/2025-2026/145425,V1,Jai Bholenath Majoor Sahakari Sanstha Maryadit,2098407.0,2026-08-05,"2,098,407.00 - 2,098,407.00",0.0,LOW,Payment In-Progress
TXN-002040,WS/MP18130/2026-2027/231014,V1,grampanchayat indora,494872.0,2026-07-17,"494,872.00 - 494,872.00",0.0,LOW,Payment In-Progress
TXN-002041,WS/MP18067/2025-2026/193196,V1,MS Sanjay Construction Kharak Bainsi Meham,11434.0,2026-08-24,"20,149.60 - 49,635.20",-67.23,HIGH,Payment In-Progress
TXN-002042,WS/MP18067/2025-2026/193196,V1,MS Sanjay Construction Kharak Bainsi Meham,5050.0,2026-08-24,"20,149.60 - 49,635.20",-85.53,HIGH,Payment In-Progress
TXN-002043,WS/MP18067/2025-2026/193196,V1,MS Sanjay Construction Kharak Bainsi Meham,49560.0,2026-08-24,"20,149.60 - 49,635.20",42.04,MEDIUM,Payment In-Progress
TXN-002044,WS/MP18067/2025-2026/193196,V1,MS Sanjay Construction Kharak Bainsi Meham,49560.0,2026-08-24,"20,149.60 - 49,635.20",42.04,MEDIUM,Payment In-Progress
TXN-002045,WS/MP18067/2025-2026/193196,V1,MS Sanjay Construction Kharak Bainsi Meham,49560.0,2026-08-24,"20,149.60 - 49,635.20",42.04,MEDIUM,Payment In-Progress
TXN-002046,WS/MP18067/2025-2026/193196,V1,MS Sanjay Construction Kharak Bainsi Meham,49560.0,2026-08-24,"20,149.60 - 49,635.20",42.04,MEDIUM,Payment In-Progress
TXN-002047,WS/MP18067/2025-2026/193196,V1,MS Sanjay Construction Kharak Bainsi Meham,49560.0,2026-08-24,"20,149.60 - 49,635.20",42.04,MEDIUM,Payment In-Progress
TXN-002048,WS/MP18067/2025-2026/193196,V1,MS Sanjay Construction Kharak Bainsi Meham,49560.0,2026-08-24,"20,149.60 - 49,635.20",42.04,MEDIUM,Payment In-Progress
TXN-002049,WS/MP18067/2025-2026/193196,V1,MS Sanjay Construction Kharak Bainsi Meham,49560.0,2026-08-24,"20,149.60 - 49,635.20",42.04,MEDIUM,Payment In-Progress
TXN-002050,WS/MP18067/2025-2026/193196,V1,MS Sanjay Construction Kharak Bainsi Meham,49560.0,2026-08-24,"20,149.60 - 49,635.20",42.04,MEDIUM,Payment In-Progress
TXN-002051,WS/MP18067/2025-2026/193196,V1,MS Sanjay Construction Kharak Bainsi Meham,49883.0,2026-08-24,"20,149.60 - 49,635.20",42.96,MEDIUM,Payment In-Progress
TXN-002052,WS/MP18067/2025-2026/193196,V1,MS Sanjay Construction Kharak Bainsi Meham,49560.0,2026-08-24,"20,149.60 - 49,635.20",42.04,MEDIUM,Payment In-Progress
TXN-002053,WS/MP18067/2025-2026/193196,V1,MS Sanjay Construction Kharak Bainsi Meham,49748.0,2026-08-24,"20,149.60 - 49,635.20",42.58,MEDIUM,Payment In-Progress
TXN-002054,WS/MP18067/2025-2026/193196,V1,MS Sanjay Construction Kharak Bainsi Meham,47554.0,2026-08-24,"20,149.60 - 49,635.20",36.29,MEDIUM,Payment In-Progress
TXN-002055,WS/MP18067/2025-2026/193196,V1,MS Sanjay Construction Kharak Bainsi Meham,47554.0,2026-08-24,"20,149.60 - 49,635.20",36.29,MEDIUM,Payment In-Progress
TXN-002056,WS/MP18067/2025-2026/193196,V1,MS Sanjay Construction Kharak Bainsi Meham,31706.0,2026-08-24,"20,149.60 - 49,635.20",-9.13,LOW,Payment In-Progress
TXN-002057,WS/MP18067/2025-2026/193196,V1,MS Sanjay Construction Kharak Bainsi Meham,25960.0,2026-08-24,"20,149.60 - 49,635.20",-25.6,MEDIUM,Payment In-Progress
TXN-002058,WS/MP18067/2026-2027/277792,V1,Mahadev Construction co,124245.0,2026-08-26,"46,414.40 - 440,446.20",-48.96,MEDIUM,Payment In-Progress
TXN-002059,WS/MP18067/2026-2027/277792,V1,Mahadev Construction co,1108127.0,2026-08-26,"46,414.40 - 440,446.20",355.21,HIGH,Payment In-Progress
TXN-002060,WS/MP18067/2026-2027/257444,V1,Mahadev Construction co,128488.0,2026-08-26,"46,414.40 - 440,446.20",-47.22,MEDIUM,Payment In-Progress
TXN-002061,WS/MP18067/2026-2027/257444,V1,Mahadev Construction co,76086.0,2026-08-26,"46,414.40 - 440,446.20",-68.74,HIGH,Payment In-Progress
TXN-002062,WS/MP18067/2026-2027/257444,V1,Mahadev Construction co,48984.0,2026-08-26,"46,414.40 - 440,446.20",-79.88,HIGH,Payment In-Progress
TXN-002063,WS/MP18067/2026-2027/257444,V1,Mahadev Construction co,53345.0,2026-08-26,"46,414.40 - 440,446.20",-78.09,HIGH,Payment In-Progress
TXN-002064,WS/MP18067/2026-2027/257444,V1,Mahadev Construction co,115762.0,2026-08-26,"46,414.40 - 440,446.20",-52.45,HIGH,Payment In-Progress
TXN-002065,WS/MP18067/2026-2027/257444,V1,Mahadev Construction co,36136.0,2026-08-26,"46,414.40 - 440,446.20",-85.16,HIGH,Payment In-Progress
TXN-002066,WS/MP18067/2026-2027/257444,V1,Mahadev Construction co,273526.0,2026-08-26,"46,414.40 - 440,446.20",12.36,LOW,Payment In-Progress
TXN-002067,WS/MP852/2025-2026/241492,V1,MOURIN ENTERPRISE,524312.0,2026-06-15,"533,258.70 - 604,832.30",-7.86,LOW,Payment In-Progress
TXN-002068,WS/MP852/2025-2026/241504,V1,MOURIN ENTERPRISE,613779.0,2026-06-15,"533,258.70 - 604,832.30",7.86,LOW,Payment In-Progress
TXN-002069,WS/MP021/2026-2027/268956,V1,CHAMPA,8418.0,2026-08-27,"8,418.00 - 8,418.00",0.0,LOW,Payment In-Progress
TXN-002070,WS/MP18379/2026-2027/243145,V1,Bilal Ahmad Lone,109224.0,2026-08-25,"114,279.20 - 154,720.80",-18.79,LOW,Payment In-Progress
TXN-002071,WS/MP18379/2026-2027/243144,V1,Bilal Ahmad Lone,159776.0,2026-08-25,"114,279.20 - 154,720.80",18.79,LOW,Payment In-Progress
TXN-002072,WS/MP18345/2026-2027/225312,V1,MS GAJENDRA SINGH CONTRACTOR,243606.0,2026-08-13,"243,606.00 - 243,606.00",0.0,LOW,Payment In-Progress
TXN-002073,WS/MP18184/2026-2027/211713,V1,M Saravanan,1720039.0,2026-06-24,"1,720,039.00 - 1,720,039.00",0.0,LOW,Payment In-Progress
TXN-002074,WS/MP18172/2025-2026/225150,V1,MS VINOD ENTERPRIES,210000.0,2026-07-16,"210,000.00 - 210,000.00",0.0,LOW,Payment In-Progress
TXN-002075,WS/MP18104/2026-2027/272471,V1,Sachiv gram panchyat Piperpani,30000.0,2026-08-27,"30,000.00 - 30,000.00",0.0,LOW,Payment In-Progress
TXN-002076,WS/MP490/2025-2026/241235,V1,RAVI CONSTRUCTION ASHOK KUMAR SONKAR,978928.0,2026-07-25,"978,928.00 - 978,928.00",0.0,LOW,Payment In-Progress
TXN-002077,WS/MP021/2026-2027/268956,V1,GEETA RAWAT,8418.0,2026-08-27,"8,418.00 - 8,418.00",0.0,LOW,Payment In-Progress
TXN-002078,WS/MP578/2025-2026/210737,V1,TUNA GRAM PANCHAYAT,200000.0,2026-08-19,"200,000.00 - 200,000.00",0.0,LOW,Payment In-Progress
TXN-002079,WS/MP18170/2025-2026/217494,V1,shri shyam construction company,275866.0,2026-07-24,"275,866.00 - 275,866.00",0.0,LOW,Payment In-Progress
TXN-002080,WS/MP18240/2025-2026/246556,V1,JAI MATA DI VP CONSTRUCTION,739130.0,2026-08-06,"739,130.00 - 739,130.00",0.0,LOW,Payment In-Progress
TXN-002081,WS/MP18240/2025-2026/246509,V1,JAI MATA DI VP CONSTRUCTION,739130.0,2026-08-06,"739,130.00 - 739,130.00",0.0,LOW,Payment In-Progress
TXN-002082,WS/MP18240/2025-2026/246514,V1,JAI MATA DI VP CONSTRUCTION,739130.0,2026-08-06,"739,130.00 - 739,130.00",0.0,LOW,Payment In-Progress
TXN-002083,WS/MP18240/2025-2026/246516,V1,JAI MATA DI VP CONSTRUCTION,739130.0,2026-08-06,"739,130.00 - 739,130.00",0.0,LOW,Payment In-Progress
TXN-002084,WS/MP18240/2025-2026/246512,V1,JAI MATA DI VP CONSTRUCTION,739130.0,2026-08-06,"739,130.00 - 739,130.00",0.0,LOW,Payment In-Progress
TXN-002085,WS/MP18240/2025-2026/246511,V1,JAI MATA DI VP CONSTRUCTION,739130.0,2026-08-06,"739,130.00 - 739,130.00",0.0,LOW,Payment In-Progress
TXN-002086,WS/MP18240/2025-2026/246508,V1,JAI MATA DI VP CONSTRUCTION,739130.0,2026-08-06,"739,130.00 - 739,130.00",0.0,LOW,Payment In-Progress
TXN-002087,WS/MP18240/2025-2026/246534,V1,JAI MATA DI VP CONSTRUCTION,739130.0,2026-08-06,"739,130.00 - 739,130.00",0.0,LOW,Payment In-Progress
TXN-002088,WS/MP18240/2025-2026/246524,V1,JAI MATA DI VP CONSTRUCTION,739130.0,2026-08-06,"739,130.00 - 739,130.00",0.0,LOW,Payment In-Progress
TXN-002089,WS/MP18240/2025-2026/246528,V1,JAI MATA DI VP CONSTRUCTION,739130.0,2026-08-06,"739,130.00 - 739,130.00",0.0,LOW,Payment In-Progress
TXN-002090,WS/MP18240/2025-2026/246539,V1,JAI MATA DI VP CONSTRUCTION,739130.0,2026-08-06,"739,130.00 - 739,130.00",0.0,LOW,Payment In-Progress
TXN-002091,WS/MP18240/2025-2026/246530,V1,JAI MATA DI VP CONSTRUCTION,739130.0,2026-08-06,"739,130.00 - 739,130.00",0.0,LOW,Payment In-Progress
TXN-002092,WS/MP18240/2025-2026/246521,V1,JAI MATA DI VP CONSTRUCTION,739130.0,2026-08-06,"739,130.00 - 739,130.00",0.0,LOW,Payment In-Progress
TXN-002093,WS/MP18240/2025-2026/246456,V1,JAI MATA DI VP CONSTRUCTION,739130.0,2026-08-06,"739,130.00 - 739,130.00",0.0,LOW,Payment In-Progress
TXN-002094,WS/MP18240/2025-2026/246529,V1,JAI MATA DI VP CONSTRUCTION,739130.0,2026-08-06,"739,130.00 - 739,130.00",0.0,LOW,Payment In-Progress
TXN-002095,WS/MP18240/2025-2026/246513,V1,JAI MATA DI VP CONSTRUCTION,739130.0,2026-08-06,"739,130.00 - 739,130.00",0.0,LOW,Payment In-Progress
TXN-002096,WS/MP18240/2025-2026/246518,V1,JAI MATA DI VP CONSTRUCTION,739130.0,2026-08-06,"739,130.00 - 739,130.00",0.0,LOW,Payment In-Progress
TXN-002097,WS/MP18240/2025-2026/246531,V1,JAI MATA DI VP CONSTRUCTION,739130.0,2026-08-06,"739,130.00 - 739,130.00",0.0,LOW,Payment In-Progress
TXN-002098,WS/MP18240/2025-2026/246470,V1,JAI MATA DI VP CONSTRUCTION,739130.0,2026-08-06,"739,130.00 - 739,130.00",0.0,LOW,Payment In-Progress
TXN-002099,WS/MP18240/2025-2026/246538,V1,JAI MATA DI VP CONSTRUCTION,739130.0,2026-08-06,"739,130.00 - 739,130.00",0.0,LOW,Payment In-Progress
TXN-002100,WS/MP18240/2025-2026/246544,V1,JAI MATA DI VP CONSTRUCTION,739130.0,2026-08-06,"739,130.00 - 739,130.00",0.0,LOW,Payment In-Progress
TXN-002101,WS/MP18240/2025-2026/246541,V1,JAI MATA DI VP CONSTRUCTION,739130.0,2026-08-06,"739,130.00 - 739,130.00",0.0,LOW,Payment In-Progress
TXN-002102,WS/MP18240/2025-2026/246551,V1,JAI MATA DI VP CONSTRUCTION,739130.0,2026-08-06,"739,130.00 - 739,130.00",0.0,LOW,Payment In-Progress
TXN-002103,WS/MP18240/2025-2026/246463,V1,JAI MATA DI VP CONSTRUCTION,739130.0,2026-08-06,"739,130.00 - 739,130.00",0.0,LOW,Payment In-Progress
TXN-002104,WS/MP18240/2025-2026/246507,V1,JAI MATA DI VP CONSTRUCTION,316770.0,2026-08-06,"739,130.00 - 739,130.00",-57.14,HIGH,Payment In-Progress
TXN-002105,WS/MP18051/2026-2027/259962,V1,NAGAR PALIKA PARISHAD BAGBAHARA,491700.0,2026-08-03,"491,700.00 - 491,700.00",0.0,LOW,Payment In-Progress
TXN-002106,WS/MP18114/2026-2027/227487,V1,AJINKYA YODDHA MAJOOR SAHAKARI SANSTHA M KAIJ,996401.0,2026-08-22,"996,401.00 - 996,401.00",0.0,LOW,Payment In-Progress
TXN-002107,WS/MP719/2025-2026/227474,V1,KAILASH MANGLA,15561.0,2026-08-06,"15,561.00 - 15,561.00",0.0,LOW,Payment In-Progress
TXN-002108,WS/MP575/2025-2026/191183,V1,SUHANI CONSTRUCTION,500000.0,2026-07-09,"500,000.00 - 500,000.00",0.0,LOW,Payment In-Progress
TXN-002109,WS/MP575/2025-2026/191184,V1,SUHANI CONSTRUCTION,500000.0,2026-07-09,"500,000.00 - 500,000.00",0.0,LOW,Payment In-Progress
TXN-002110,WS/MP18384/2026-2027/282113,V1,S KARUNANITHI,475405.0,2026-06-22,"475,405.00 - 475,405.00",0.0,LOW,Payment In-Progress
TXN-002111,WS/MP18384/2026-2027/282114,V1,S KARUNANITHI,475405.0,2026-06-22,"475,405.00 - 475,405.00",0.0,LOW,Payment In-Progress
TXN-002112,WS/MP18124/2025-2026/226103,V1,Utkasharsha Majoor Sahakaari Sanstha Maryadit,1798633.0,2026-08-06,"1,798,633.00 - 1,798,633.00",0.0,LOW,Payment In-Progress
TXN-002113,WS/MP638/2024-2025/152443,V1,DEEPAK KUMAR SHARMA,1176053.0,2026-08-25,"1,176,092.60 - 1,176,266.20",-0.01,LOW,Payment In-Progress
TXN-002114,WS/MP638/2024-2025/152450,V1,DEEPAK KUMAR SHARMA,1176270.0,2026-08-25,"1,176,092.60 - 1,176,266.20",0.01,LOW,Payment In-Progress
TXN-002115,WS/MP638/2024-2025/152444,V1,DEEPAK KUMAR SHARMA,1176251.0,2026-08-25,"1,176,092.60 - 1,176,266.20",0.01,LOW,Payment In-Progress
TXN-002116,WS/MP716/2025-2026/203951,V1,Karamjeet Kaur,9637.0,2026-07-02,"9,637.00 - 9,637.00",0.0,LOW,Payment In-Progress
TXN-002117,WS/MP716/2025-2026/203951,V1,Karamjeet Kaur,9637.0,2026-07-02,"9,637.00 - 9,637.00",0.0,LOW,Payment In-Progress
TXN-002118,WS/MP331/2025-2026/222764,V1,MUKESH KUMAR,211000.0,2026-07-07,"3,532.10 - 152,530.00",170.41,HIGH,Payment In-Progress
TXN-002119,WS/MP440/2025-2026/206067,V1,GUPS CHERUPULASSERY,117924.0,2026-07-10,"117,924.00 - 117,924.00",0.0,LOW,Payment In-Progress
TXN-002120,WS/MP18020/2026-2027/205145,V1,CONSTRUCTION OF CULTURAL STAGE AT BARHARID NEAR SRI SRI KALIA NAMGHAR,240000.0,2026-08-18,"240,000.00 - 240,000.00",0.0,LOW,Payment In-Progress
TXN-002121,WS/MP18312/2026-2027/224433,V1,Vijayaragavan J,998687.0,2026-08-27,"998,687.00 - 998,687.00",0.0,LOW,Payment In-Progress
TXN-002122,WS/MP021/2026-2027/268956,V1,OM RAWAT,11615.0,2026-08-27,"11,615.00 - 11,615.00",0.0,LOW,Payment In-Progress
TXN-002123,WS/MP490/2025-2026/241133,V1,BAJRANG CONSTRUCTION,176528.0,2026-07-20,"176,528.00 - 176,528.00",0.0,LOW,Payment In-Progress
TXN-002124,WS/MP852/2026-2027/231921,V1,MONDAL ENTERPRISE,1384739.0,2026-06-24,"1,384,739.00 - 1,384,739.00",0.0,LOW,Payment In-Progress
TXN-002125,WS/MP18314/2025-2026/190974,V1,Jeet Electric Works Sekha,13000.0,2026-08-19,"13,000.00 - 13,000.00",0.0,LOW,Payment In-Progress
TXN-002126,WS/MP716/2025-2026/203951,V1,Shree Balaji Sanitary and Hardware Store,43901.0,2026-07-02,"43,901.00 - 43,901.00",0.0,LOW,Payment In-Progress
TXN-002127,WS/MP716/2025-2026/203951,V1,M J Cement Store and Building Material,24254.0,2026-07-02,"24,254.00 - 24,254.00",0.0,LOW,Payment In-Progress
TXN-002128,WS/MP716/2025-2026/203951,V1,Singla Bricks Manufacturing Company,121990.0,2026-07-02,"121,990.00 - 121,990.00",0.0,LOW,Payment In-Progress
TXN-002129,WS/MP716/2025-2026/203951,V1,S K Enterprises,53655.0,2026-07-02,"78,489.40 - 809,424.60",-87.91,HIGH,Payment In-Progress
TXN-002130,WS/MP716/2025-2026/203951,V1,R K Darshan Electric Store,20315.0,2026-07-02,"20,315.00 - 20,315.00",0.0,LOW,Payment In-Progress
TXN-002131,WS/MP716/2025-2026/203951,V1,Sha Mohamad,9637.0,2026-07-02,"9,637.00 - 9,637.00",0.0,LOW,Payment In-Progress
TXN-002132,WS/MP716/2025-2026/203951,V1,Baldev Singh,9637.0,2026-07-02,"9,637.00 - 9,637.00",0.0,LOW,Payment In-Progress
TXN-002133,WS/MP716/2025-2026/203951,V1,Rani Kaur,9637.0,2026-07-02,"9,637.00 - 9,637.00",0.0,LOW,Payment In-Progress
TXN-002134,WS/MP716/2025-2026/203951,V1,Hakam Khan,11109.0,2026-07-02,"11,109.00 - 11,109.00",0.0,LOW,Payment In-Progress
TXN-002135,WS/MP716/2025-2026/203951,V1,Feroz Khan,11109.0,2026-07-02,"11,109.00 - 11,109.00",0.0,LOW,Payment In-Progress
TXN-002136,WS/MP18164/2025-2026/259486,V1,Shri Khetarpal Ji Projects And Suppliers,472019.0,2026-08-17,"472,019.00 - 472,019.00",0.0,LOW,Payment In-Progress
TXN-002137,WS/MP18115/2026-2027/186428,V1,GRAN PANCHAYAT KORAMBHI,700000.0,2026-07-17,"700,000.00 - 700,000.00",0.0,LOW,Payment In-Progress
TXN-002138,WS/MP18047/2026-2027/257354,V1,MS Radhika Enterprises,243775.0,2026-08-04,"243,775.00 - 243,775.00",0.0,LOW,Payment In-Progress
TXN-002139,WS/MP18184/2026-2027/211708,V1,ELLAPPAN CONTRACTOR,1200000.0,2026-07-13,"1,200,000.00 - 1,200,000.00",0.0,LOW,Payment In-Progress
TXN-002140,WS/MP18067/2025-2026/134321,V1,INDO FARM EQUIPEMENT LTD,475750.0,2026-07-02,"475,750.00 - 475,750.00",0.0,LOW,Payment In-Progress
TXN-002141,WS/MP18356/2026-2027/169966,V1,SANJU SHIVAPPA JEEVANNAVAR,124708.0,2026-08-26,"124,708.00 - 124,708.00",0.0,LOW,Payment In-Progress
TXN-002142,WS/MP18311/2025-2026/272255,V1,GH LANDSCAPES,14000.0,2026-08-24,"14,000.00 - 14,000.00",0.0,LOW,Payment In-Progress
TXN-002143,WS/MP719/2025-2026/199757,V1,SANWARIYA CONSTRUCTION,440462.0,2026-08-20,"440,462.00 - 440,462.00",0.0,LOW,Payment In-Progress
TXN-002144,WS/MP18145/2025-2026/247405,V1,JE SALIPUR DILLIP KUMAR ROUL,300902.0,2026-08-21,"300,902.00 - 300,902.00",0.0,LOW,Payment In-Progress
TXN-002145,WS/MP574/2025-2026/181103,V1,AJIMANA GRAM PANCHAYAT,500000.0,2026-08-20,"500,000.00 - 500,000.00",0.0,LOW,Payment In-Progress
TXN-002146,WS/MP389/2025-2026/255117,V1,VASUDEV CONSTRUCTION CO,500000.0,2026-07-03,"500,000.00 - 500,000.00",0.0,LOW,Payment In-Progress
TXN-002147,WS/MP18254/2024-2025/156808,V1,MS CHOWDHURY CONSTRUCTION,1307006.0,2026-08-21,"1,307,006.00 - 1,307,006.00",0.0,LOW,Payment In-Progress
TXN-002148,WS/MP716/2025-2026/203951,V1,Gurpreet Singh,9257.0,2026-07-07,"9,257.00 - 9,257.00",0.0,LOW,Payment In-Progress
TXN-002149,WS/MP623/2026-2027/235749,V1,MAHANTESH B KULAKARNI,247155.0,2026-08-20,"247,155.00 - 247,155.00",0.0,LOW,Payment In-Progress
TXN-002150,WS/MP18093/2025-2026/197285,V1,RAJESH M R,490958.0,2026-07-17,"490,958.00 - 490,958.00",0.0,LOW,Payment In-Progress
TXN-002151,WS/MP18093/2025-2026/197286,V1,Deepak M B,490803.0,2026-07-18,"490,803.00 - 490,803.00",0.0,LOW,Payment In-Progress
TXN-002152,WS/MP18172/2026-2027/267501,V1,Mahila Mandal,510.0,2026-07-21,"1,782.00 - 23,272.30",-95.93,HIGH,Payment In-Progress
TXN-002153,WS/MP18172/2026-2027/267501,V1,Mahila Mandal,15041.0,2026-07-21,"1,782.00 - 23,272.30",20.07,MEDIUM,Payment In-Progress
TXN-002154,WS/MP18172/2026-2027/267501,V1,Mahila Mandal,26800.0,2026-07-21,"1,782.00 - 23,272.30",113.94,HIGH,Payment In-Progress
TXN-002155,WS/MP18172/2026-2027/267501,V1,Mahila Mandal,4750.0,2026-07-21,"1,782.00 - 23,272.30",-62.08,HIGH,Payment In-Progress
TXN-002156,WS/MP18161/2025-2026/262250,V1,guddi devi,499397.0,2026-08-25,"6,022.80 - 799,053.20",24.06,MEDIUM,Payment In-Progress
TXN-002157,WS/MP18161/2025-2026/262249,V1,guddi devi,351104.0,2026-08-25,"6,022.80 - 799,053.20",-12.78,LOW,Payment In-Progress
TXN-002158,WS/MP18127/2026-2027/274228,V1,ROSHAN PANDURANG BODKE,999000.0,2026-08-27,"729,766.80 - 969,085.20",17.61,LOW,Payment In-Progress
TXN-002159,WS/MP18127/2026-2027/274229,V1,ROSHAN PANDURANG BODKE,699852.0,2026-08-27,"729,766.80 - 969,085.20",-17.61,LOW,Payment In-Progress
TXN-002160,WS/MP18321/2025-2026/269807,V1,MUDETI GRAM PANCHAYAT,500000.0,2026-08-25,"500,000.00 - 500,000.00",0.0,LOW,Payment In-Progress
TXN-002161,WS/MP18082/2025-2026/211814,V1,LAKSHMANA,571836.0,2026-07-27,"571,836.00 - 571,836.00",0.0,LOW,Payment In-Progress
TXN-002162,WS/MP18172/2025-2026/156311,V1,HAKRU MEENA,19890.0,2026-08-27,"19,890.00 - 19,890.00",0.0,LOW,Payment In-Progress
TXN-002163,WS/MP18172/2025-2026/156311,V1,SHIV LAL MEENA,19890.0,2026-08-27,"6,777.00 - 18,433.00",57.79,HIGH,Payment In-Progress
TXN-002164,WS/MP18172/2025-2026/156311,V1,SHYAMA BAI,14820.0,2026-08-27,"14,820.00 - 14,820.00",0.0,LOW,Payment In-Progress
TXN-002165,WS/MP18172/2025-2026/156311,V1,RAMKANYA BAI,14820.0,2026-08-27,"14,820.00 - 14,820.00",0.0,LOW,Payment In-Progress
TXN-002166,WS/MP18172/2025-2026/156311,V1,DEVLI,14820.0,2026-08-27,"14,820.00 - 14,820.00",0.0,LOW,Payment In-Progress
TXN-002167,WS/MP18172/2025-2026/156311,V1,GOPAL LAL MEENA,19890.0,2026-08-27,"19,890.00 - 19,890.00",0.0,LOW,Payment In-Progress
TXN-002168,WS/MP18310/2026-2027/239500,V1,Amiya Ku Das,1000000.0,2026-08-25,"500,000.00 - 900,000.00",42.86,MEDIUM,Payment In-Progress
TXN-002169,WS/MP18310/2025-2026/200765,V1,Amiya Ku Das,500000.0,2026-08-25,"500,000.00 - 900,000.00",-28.57,MEDIUM,Payment In-Progress
TXN-002170,WS/MP18379/2026-2027/251193,V1,MS Manzoor Builders,498400.0,2026-08-21,"508,400.00 - 588,400.00",-9.12,LOW,Payment In-Progress
TXN-002171,WS/MP18172/2025-2026/156311,V1,CHETAN PRAKASH MEENA,19890.0,2026-08-27,"19,890.00 - 19,890.00",0.0,LOW,Payment In-Progress
TXN-002172,WS/MP18172/2025-2026/156311,V1,SIMA BAI,14820.0,2026-08-27,"14,820.00 - 14,820.00",0.0,LOW,Payment In-Progress
TXN-002173,WS/MP18380/2026-2027/266116,V1,G H ENTERPRISES,103263.0,2026-07-08,"103,263.00 - 103,263.00",0.0,LOW,Payment In-Progress
TXN-002174,WS/MP18380/2026-2027/266115,V1,G H ENTERPRISES,103263.0,2026-07-08,"103,263.00 - 103,263.00",0.0,LOW,Payment In-Progress
TXN-002175,WS/MP18380/2026-2027/266117,V1,G H ENTERPRISES,103263.0,2026-07-08,"103,263.00 - 103,263.00",0.0,LOW,Payment In-Progress
TXN-002176,WS/MP18380/2026-2027/266114,V1,G H ENTERPRISES,103263.0,2026-07-08,"103,263.00 - 103,263.00",0.0,LOW,Payment In-Progress
TXN-002177,WS/MP18380/2026-2027/266106,V1,G H ENTERPRISES,103263.0,2026-07-08,"103,263.00 - 103,263.00",0.0,LOW,Payment In-Progress
TXN-002178,WS/MP18380/2026-2027/266111,V1,G H ENTERPRISES,103263.0,2026-07-08,"103,263.00 - 103,263.00",0.0,LOW,Payment In-Progress
TXN-002179,WS/MP18380/2026-2027/266112,V1,G H ENTERPRISES,103263.0,2026-07-08,"103,263.00 - 103,263.00",0.0,LOW,Payment In-Progress
TXN-002180,WS/MP18380/2026-2027/266113,V1,G H ENTERPRISES,103263.0,2026-07-08,"103,263.00 - 103,263.00",0.0,LOW,Payment In-Progress
TXN-002181,WS/MP18380/2026-2027/266108,V1,G H ENTERPRISES,103263.0,2026-07-08,"103,263.00 - 103,263.00",0.0,LOW,Payment In-Progress
TXN-002182,WS/MP18380/2026-2027/266109,V1,G H ENTERPRISES,103263.0,2026-07-08,"103,263.00 - 103,263.00",0.0,LOW,Payment In-Progress
TXN-002183,WS/MP18380/2026-2027/266110,V1,G H ENTERPRISES,103263.0,2026-07-08,"103,263.00 - 103,263.00",0.0,LOW,Payment In-Progress
TXN-002184,WS/MP18380/2026-2027/266107,V1,G H ENTERPRISES,103263.0,2026-07-08,"103,263.00 - 103,263.00",0.0,LOW,Payment In-Progress
TXN-002185,WS/MP18380/2026-2027/266127,V1,G H ENTERPRISES,103263.0,2026-07-08,"103,263.00 - 103,263.00",0.0,LOW,Payment In-Progress
TXN-002186,WS/MP18380/2026-2027/266128,V1,G H ENTERPRISES,103263.0,2026-07-08,"103,263.00 - 103,263.00",0.0,LOW,Payment In-Progress
TXN-002187,WS/MP18380/2026-2027/266129,V1,G H ENTERPRISES,103263.0,2026-07-08,"103,263.00 - 103,263.00",0.0,LOW,Payment In-Progress
TXN-002188,WS/MP18380/2026-2027/266130,V1,G H ENTERPRISES,103263.0,2026-07-08,"103,263.00 - 103,263.00",0.0,LOW,Payment In-Progress
TXN-002189,WS/MP18380/2026-2027/266132,V1,G H ENTERPRISES,103263.0,2026-07-08,"103,263.00 - 103,263.00",0.0,LOW,Payment In-Progress
TXN-002190,WS/MP18380/2026-2027/266137,V1,G H ENTERPRISES,103263.0,2026-07-08,"103,263.00 - 103,263.00",0.0,LOW,Payment In-Progress
TXN-002191,WS/MP18380/2026-2027/266134,V1,G H ENTERPRISES,103263.0,2026-07-08,"103,263.00 - 103,263.00",0.0,LOW,Payment In-Progress
TXN-002192,WS/MP18380/2026-2027/266135,V1,G H ENTERPRISES,103263.0,2026-07-08,"103,263.00 - 103,263.00",0.0,LOW,Payment In-Progress
TXN-002193,WS/MP18380/2026-2027/266136,V1,G H ENTERPRISES,103263.0,2026-07-08,"103,263.00 - 103,263.00",0.0,LOW,Payment In-Progress
TXN-002194,WS/MP18380/2026-2027/266131,V1,G H ENTERPRISES,103263.0,2026-07-08,"103,263.00 - 103,263.00",0.0,LOW,Payment In-Progress
TXN-002195,WS/MP18380/2026-2027/266133,V1,G H ENTERPRISES,103263.0,2026-07-08,"103,263.00 - 103,263.00",0.0,LOW,Payment In-Progress
TXN-002196,WS/MP18380/2026-2027/266171,V1,G H ENTERPRISES,103263.0,2026-07-08,"103,263.00 - 103,263.00",0.0,LOW,Payment In-Progress
TXN-002197,WS/MP18380/2026-2027/266126,V1,G H ENTERPRISES,103263.0,2026-07-08,"103,263.00 - 103,263.00",0.0,LOW,Payment In-Progress
TXN-002198,WS/MP18380/2026-2027/266125,V1,G H ENTERPRISES,103263.0,2026-07-08,"103,263.00 - 103,263.00",0.0,LOW,Payment In-Progress
TXN-002199,WS/MP18380/2026-2027/266124,V1,G H ENTERPRISES,103263.0,2026-07-08,"103,263.00 - 103,263.00",0.0,LOW,Payment In-Progress
TXN-002200,WS/MP18380/2026-2027/266118,V1,G H ENTERPRISES,103263.0,2026-07-08,"103,263.00 - 103,263.00",0.0,LOW,Payment In-Progress
TXN-002201,WS/MP18380/2026-2027/266122,V1,G H ENTERPRISES,103263.0,2026-07-08,"103,263.00 - 103,263.00",0.0,LOW,Payment In-Progress
TXN-002202,WS/MP18380/2026-2027/266121,V1,G H ENTERPRISES,103263.0,2026-07-08,"103,263.00 - 103,263.00",0.0,LOW,Payment In-Progress
TXN-002203,WS/MP18380/2026-2027/266120,V1,G H ENTERPRISES,103263.0,2026-07-08,"103,263.00 - 103,263.00",0.0,LOW,Payment In-Progress
TXN-002204,WS/MP18380/2026-2027/266119,V1,G H ENTERPRISES,103263.0,2026-07-08,"103,263.00 - 103,263.00",0.0,LOW,Payment In-Progress
TXN-002205,WS/MP18380/2026-2027/266182,V1,G H ENTERPRISES,103263.0,2026-07-09,"103,263.00 - 103,263.00",0.0,LOW,Payment In-Progress
TXN-002206,WS/MP18380/2026-2027/266183,V1,G H ENTERPRISES,103263.0,2026-07-09,"103,263.00 - 103,263.00",0.0,LOW,Payment In-Progress
TXN-002207,WS/MP18380/2026-2027/266188,V1,G H ENTERPRISES,103263.0,2026-07-09,"103,263.00 - 103,263.00",0.0,LOW,Payment In-Progress
TXN-002208,WS/MP18380/2026-2027/266189,V1,G H ENTERPRISES,103263.0,2026-07-09,"103,263.00 - 103,263.00",0.0,LOW,Payment In-Progress
TXN-002209,WS/MP18380/2026-2027/266190,V1,G H ENTERPRISES,103263.0,2026-07-09,"103,263.00 - 103,263.00",0.0,LOW,Payment In-Progress
TXN-002210,WS/MP18380/2026-2027/266184,V1,G H ENTERPRISES,103263.0,2026-07-09,"103,263.00 - 103,263.00",0.0,LOW,Payment In-Progress
TXN-002211,WS/MP18380/2026-2027/266185,V1,G H ENTERPRISES,103263.0,2026-07-09,"103,263.00 - 103,263.00",0.0,LOW,Payment In-Progress
TXN-002212,WS/MP18380/2026-2027/266186,V1,G H ENTERPRISES,103263.0,2026-07-09,"103,263.00 - 103,263.00",0.0,LOW,Payment In-Progress
TXN-002213,WS/MP18380/2026-2027/266187,V1,G H ENTERPRISES,103263.0,2026-07-09,"103,263.00 - 103,263.00",0.0,LOW,Payment In-Progress
TXN-002214,WS/MP18380/2026-2027/266140,V1,G H ENTERPRISES,103263.0,2026-07-08,"103,263.00 - 103,263.00",0.0,LOW,Payment In-Progress
TXN-002215,WS/MP18380/2026-2027/266139,V1,G H ENTERPRISES,103263.0,2026-07-08,"103,263.00 - 103,263.00",0.0,LOW,Payment In-Progress
TXN-002216,WS/MP18380/2026-2027/266138,V1,G H ENTERPRISES,103263.0,2026-07-08,"103,263.00 - 103,263.00",0.0,LOW,Payment In-Progress
TXN-002217,WS/MP18380/2026-2027/266141,V1,G H ENTERPRISES,103263.0,2026-07-08,"103,263.00 - 103,263.00",0.0,LOW,Payment In-Progress
TXN-002218,WS/MP18380/2026-2027/266142,V1,G H ENTERPRISES,103263.0,2026-07-08,"103,263.00 - 103,263.00",0.0,LOW,Payment In-Progress
TXN-002219,WS/MP18380/2026-2027/266145,V1,G H ENTERPRISES,103263.0,2026-07-08,"103,263.00 - 103,263.00",0.0,LOW,Payment In-Progress
TXN-002220,WS/MP18380/2026-2027/266143,V1,G H ENTERPRISES,103263.0,2026-07-08,"103,263.00 - 103,263.00",0.0,LOW,Payment In-Progress
TXN-002221,WS/MP18380/2026-2027/266144,V1,G H ENTERPRISES,103263.0,2026-07-08,"103,263.00 - 103,263.00",0.0,LOW,Payment In-Progress
TXN-002222,WS/MP18380/2026-2027/266146,V1,G H ENTERPRISES,103263.0,2026-07-08,"103,263.00 - 103,263.00",0.0,LOW,Payment In-Progress
TXN-002223,WS/MP18380/2026-2027/266147,V1,G H ENTERPRISES,103263.0,2026-07-08,"103,263.00 - 103,263.00",0.0,LOW,Payment In-Progress
TXN-002224,WS/MP18380/2026-2027/266148,V1,G H ENTERPRISES,103263.0,2026-07-08,"103,263.00 - 103,263.00",0.0,LOW,Payment In-Progress
TXN-002225,WS/MP18380/2026-2027/266149,V1,G H ENTERPRISES,103263.0,2026-07-08,"103,263.00 - 103,263.00",0.0,LOW,Payment In-Progress
TXN-002226,WS/MP18380/2026-2027/266150,V1,G H ENTERPRISES,103263.0,2026-07-08,"103,263.00 - 103,263.00",0.0,LOW,Payment In-Progress
TXN-002227,WS/MP18380/2026-2027/266151,V1,G H ENTERPRISES,103263.0,2026-07-08,"103,263.00 - 103,263.00",0.0,LOW,Payment In-Progress
TXN-002228,WS/MP18380/2026-2027/266152,V1,G H ENTERPRISES,103263.0,2026-07-08,"103,263.00 - 103,263.00",0.0,LOW,Payment In-Progress
TXN-002229,WS/MP18380/2026-2027/266153,V1,G H ENTERPRISES,103263.0,2026-07-08,"103,263.00 - 103,263.00",0.0,LOW,Payment In-Progress
TXN-002230,WS/MP18380/2026-2027/266154,V1,G H ENTERPRISES,103263.0,2026-07-08,"103,263.00 - 103,263.00",0.0,LOW,Payment In-Progress
TXN-002231,WS/MP18380/2026-2027/266155,V1,G H ENTERPRISES,103263.0,2026-07-08,"103,263.00 - 103,263.00",0.0,LOW,Payment In-Progress
TXN-002232,WS/MP18380/2026-2027/266174,V1,G H ENTERPRISES,103263.0,2026-07-08,"103,263.00 - 103,263.00",0.0,LOW,Payment In-Progress
TXN-002233,WS/MP18380/2026-2027/266175,V1,G H ENTERPRISES,103263.0,2026-07-08,"103,263.00 - 103,263.00",0.0,LOW,Payment In-Progress
TXN-002234,WS/MP18380/2026-2027/266176,V1,G H ENTERPRISES,103263.0,2026-07-08,"103,263.00 - 103,263.00",0.0,LOW,Payment In-Progress
TXN-002235,WS/MP18380/2026-2027/266177,V1,G H ENTERPRISES,103263.0,2026-07-08,"103,263.00 - 103,263.00",0.0,LOW,Payment In-Progress
TXN-002236,WS/MP18380/2026-2027/266178,V1,G H ENTERPRISES,103263.0,2026-07-08,"103,263.00 - 103,263.00",0.0,LOW,Payment In-Progress
TXN-002237,WS/MP18380/2026-2027/266179,V1,G H ENTERPRISES,103263.0,2026-07-08,"103,263.00 - 103,263.00",0.0,LOW,Payment In-Progress
TXN-002238,WS/MP18380/2026-2027/266180,V1,G H ENTERPRISES,103263.0,2026-07-08,"103,263.00 - 103,263.00",0.0,LOW,Payment In-Progress
TXN-002239,WS/MP18380/2026-2027/266181,V1,G H ENTERPRISES,103263.0,2026-07-08,"103,263.00 - 103,263.00",0.0,LOW,Payment In-Progress
TXN-002240,WS/MP18380/2026-2027/266173,V1,G H ENTERPRISES,103263.0,2026-07-08,"103,263.00 - 103,263.00",0.0,LOW,Payment In-Progress
TXN-002241,WS/MP18380/2026-2027/266172,V1,G H ENTERPRISES,103263.0,2026-07-08,"103,263.00 - 103,263.00",0.0,LOW,Payment In-Progress
TXN-002242,WS/MP453/2025-2026/261927,V1,AE SUNITA MAHARA NANDAPUR 3,300000.0,2026-08-23,"260,000.00 - 300,000.00",7.14,LOW,Payment In-Progress
TXN-002243,WS/MP18184/2026-2027/286244,V1,PANDIAN V Contractor,1482499.0,2026-07-13,"1,482,499.00 - 1,482,499.00",0.0,LOW,Payment In-Progress
TXN-002244,WS/MP490/2025-2026/241241,V1,MAHADEV ENTERPRISES,857034.0,2026-07-25,"857,034.00 - 857,034.00",0.0,LOW,Payment In-Progress
TXN-002245,WS/MP18314/2026-2027/273533,V1,SKYBOAT MARKETING,156900.0,2026-08-17,"156,900.00 - 156,900.00",0.0,LOW,Payment In-Progress
TXN-002246,WS/MP716/2025-2026/203945,V1,Ms Sikander Industries,48705.0,2026-08-21,"42,402.00 - 48,705.00",6.92,LOW,Payment In-Progress
TXN-002247,WS/MP716/2025-2026/203945,V1,Ms Sikander Industries,46986.0,2026-08-21,"42,402.00 - 48,705.00",3.14,LOW,Payment In-Progress
TXN-002248,WS/MP716/2025-2026/203945,V1,Ms Sikander Industries,45840.0,2026-08-21,"42,402.00 - 48,705.00",0.63,LOW,Payment In-Progress
TXN-002249,WS/MP716/2025-2026/203945,V1,Ms Sikander Industries,48705.0,2026-08-21,"42,402.00 - 48,705.00",6.92,LOW,Payment In-Progress
TXN-002250,WS/MP716/2025-2026/203945,V1,Ms Sikander Industries,40110.0,2026-08-21,"42,402.00 - 48,705.00",-11.95,LOW,Payment In-Progress
TXN-002251,WS/MP716/2025-2026/203945,V1,Parkash Chand Pawan Kumar,29110.0,2026-08-21,"24,469.70 - 30,837.30",5.27,LOW,Payment In-Progress
TXN-002252,WS/MP716/2025-2026/203945,V1,Parkash Chand Pawan Kumar,22481.0,2026-08-21,"24,469.70 - 30,837.30",-18.7,LOW,Payment In-Progress
TXN-002253,WS/MP716/2025-2026/203945,V1,Parkash Chand Pawan Kumar,30124.0,2026-08-21,"24,469.70 - 30,837.30",8.93,LOW,Payment In-Progress
TXN-002254,WS/MP716/2025-2026/203945,V1,Parkash Chand Pawan Kumar,31143.0,2026-08-21,"24,469.70 - 30,837.30",12.62,LOW,Payment In-Progress
TXN-002255,WS/MP18060/2025-2026/213491,V1,The shri Coop l and c society ltd,486703.0,2026-08-27,"486,703.00 - 486,703.00",0.0,LOW,Payment In-Progress
TXN-002256,WS/MP18172/2025-2026/241314,V1,MEWAR CONSTRUCTION AND BUILDERS,299800.0,2026-07-09,"299,800.00 - 299,800.00",0.0,LOW,Payment In-Progress
TXN-002257,WS/MP18124/2025-2026/225837,V1,kalpesh vasant vichare,1498862.0,2026-08-03,"1,498,862.00 - 1,498,862.00",0.0,LOW,Payment In-Progress
TXN-002258,WS/MP642/2026-2027/199817,V1,SHREE KRIPA ENTERPRISES SATNA,291965.0,2026-08-27,"75,363.00 - 259,005.60",74.64,HIGH,Payment In-Progress
TXN-002259,WS/MP642/2026-2027/199820,V1,SHREE KRIPA ENTERPRISES SATNA,245954.0,2026-08-27,"75,363.00 - 259,005.60",47.12,MEDIUM,Payment In-Progress
TXN-002260,WS/MP642/2026-2027/199842,V1,SHREE KRIPA ENTERPRISES SATNA,233565.0,2026-08-27,"75,363.00 - 259,005.60",39.71,MEDIUM,Payment In-Progress
TXN-002261,WS/MP642/2026-2027/199841,V1,SHREE KRIPA ENTERPRISES SATNA,213779.0,2026-08-27,"75,363.00 - 259,005.60",27.87,MEDIUM,Payment In-Progress
TXN-002262,WS/MP642/2026-2027/199840,V1,SHREE KRIPA ENTERPRISES SATNA,220725.0,2026-08-27,"75,363.00 - 259,005.60",32.02,MEDIUM,Payment In-Progress
TXN-002263,WS/MP642/2026-2027/199839,V1,SHREE KRIPA ENTERPRISES SATNA,203207.0,2026-08-27,"75,363.00 - 259,005.60",21.55,MEDIUM,Payment In-Progress
TXN-002264,WS/MP642/2026-2027/198553,V1,SHREE KRIPA ENTERPRISES SATNA,256842.0,2026-08-27,"75,363.00 - 259,005.60",53.63,HIGH,Payment In-Progress
TXN-002265,WS/MP642/2026-2027/198568,V1,SHREE KRIPA ENTERPRISES SATNA,211794.0,2026-08-27,"75,363.00 - 259,005.60",26.68,MEDIUM,Payment In-Progress
TXN-002266,WS/MP642/2026-2027/197131,V1,SHREE KRIPA ENTERPRISES SATNA,211478.0,2026-08-27,"75,363.00 - 259,005.60",26.49,MEDIUM,Payment In-Progress
TXN-002267,WS/MP642/2026-2027/198561,V1,SHREE KRIPA ENTERPRISES SATNA,159462.0,2026-08-27,"75,363.00 - 259,005.60",-4.62,LOW,Payment In-Progress
TXN-002268,WS/MP642/2026-2027/199824,V1,SHREE KRIPA ENTERPRISES SATNA,217389.0,2026-08-27,"75,363.00 - 259,005.60",30.03,MEDIUM,Payment In-Progress
TXN-002269,WS/MP642/2026-2027/199837,V1,SHREE KRIPA ENTERPRISES SATNA,49611.0,2026-08-27,"75,363.00 - 259,005.60",-70.33,HIGH,Payment In-Progress
TXN-002270,WS/MP642/2026-2027/199838,V1,SHREE KRIPA ENTERPRISES SATNA,221633.0,2026-08-27,"75,363.00 - 259,005.60",32.57,MEDIUM,Payment In-Progress
TXN-002271,WS/MP642/2026-2027/199835,V1,SHREE KRIPA ENTERPRISES SATNA,209674.0,2026-08-27,"75,363.00 - 259,005.60",25.41,MEDIUM,Payment In-Progress
TXN-002272,WS/MP642/2026-2027/197134,V1,SHREE KRIPA ENTERPRISES SATNA,161042.0,2026-08-27,"75,363.00 - 259,005.60",-3.67,LOW,Payment In-Progress
TXN-002273,WS/MP642/2026-2027/198554,V1,SHREE KRIPA ENTERPRISES SATNA,161042.0,2026-08-27,"75,363.00 - 259,005.60",-3.67,LOW,Payment In-Progress
TXN-002274,WS/MP18276/2025-2026/184967,V1,PALASNI JUTH GRAM PANCHAYAT,200000.0,2026-08-05,"200,000.00 - 200,000.00",0.0,LOW,Payment In-Progress
TXN-002275,WS/MP716/2025-2026/203945,V1,bhana ram,10056.0,2026-08-21,"10,056.00 - 10,056.00",0.0,LOW,Payment In-Progress
TXN-002276,WS/MP716/2025-2026/203945,V1,Gulab singh,11592.0,2026-08-21,"11,592.00 - 11,592.00",0.0,LOW,Payment In-Progress
TXN-002277,WS/MP18311/2026-2027/279845,V1,MODERN METAL CRAFTS,350000.0,2026-08-26,"305,000.00 - 345,000.00",7.69,LOW,Payment In-Progress
TXN-002278,WS/MP18311/2026-2027/278977,V1,MODERN METAL CRAFTS,325000.0,2026-08-21,"305,000.00 - 345,000.00",0.0,LOW,Payment In-Progress
TXN-002279,WS/MP18335/2025-2026/150744,V1,SARPANCH SACHIV DP DHAURABHANTA,400000.0,2026-07-30,"400,000.00 - 400,000.00",0.0,LOW,Payment In-Progress
TXN-002280,WS/MP18133/2025-2026/164655,V1,Namdev Avinash Nazare,413190.0,2026-08-25,"413,190.00 - 413,190.00",0.0,LOW,Payment In-Progress
TXN-002281,WS/MP18117/2026-2027/164340,V1,PUTALAI MAJOR SAHAKARI SANSTHA MARYAD NAVISHEMALI,989456.0,2026-08-07,"989,456.00 - 989,456.00",0.0,LOW,Payment In-Progress
TXN-002282,WS/MP18117/2026-2027/164338,V1,PUTALAI MAJOR SAHAKARI SANSTHA MARYAD NAVISHEMALI,989456.0,2026-08-07,"989,456.00 - 989,456.00",0.0,LOW,Payment In-Progress
TXN-002283,WS/MP18164/2026-2027/257516,V1,SHIVAJI ENTERPRISES,474340.0,2026-08-14,"474,340.00 - 474,340.00",0.0,LOW,Payment In-Progress
TXN-002284,WS/MP18232/2026-2027/239204,V1,EDD SARDHANA MEERUT,67055.0,2026-07-15,"74,778.50 - 136,566.50",-36.54,MEDIUM,Payment In-Progress
TXN-002285,WS/MP18232/2026-2027/239371,V1,EDD SARDHANA MEERUT,144290.0,2026-07-21,"74,778.50 - 136,566.50",36.54,MEDIUM,Payment In-Progress
TXN-002286,WS/MP18083/2025-2026/165570,V1,PRAKHYATH RAJ SHETTY,199857.0,2026-08-04,"228,821.70 - 298,280.60",-24.17,MEDIUM,Payment In-Progress
TXN-002287,WS/MP18309/2026-2027/288127,V1,Jamindro R Marak,100000.0,2026-07-22,"100,000.00 - 100,000.00",0.0,LOW,Payment In-Progress
TXN-002288,WS/MP18202/2025-2026/234834,V1,EX ENGINEER EDD II,151313.0,2026-08-07,"151,313.00 - 151,313.00",0.0,LOW,Payment In-Progress
TXN-002289,WS/MP18320/2025-2026/231507,V1,BHACHALVA GRAM PANCHAYAT,300000.0,2026-07-14,"300,000.00 - 300,000.00",0.0,LOW,Payment In-Progress
TXN-002290,WS/MP584/2025-2026/216834,V1,RAJESHBHAI R PRAJAPATI,378983.0,2026-08-04,"358,367.60 - 376,692.40",3.12,LOW,Payment In-Progress
TXN-002291,WS/MP584/2025-2026/193700,V1,RAJESHBHAI R PRAJAPATI,356077.0,2026-08-04,"358,367.60 - 376,692.40",-3.12,LOW,Payment In-Progress
TXN-002292,WS/MP751/2026-2027/210012,V1,ALAGARSAMY P,2566137.0,2026-07-15,"2,566,137.00 - 2,566,137.00",0.0,LOW,Payment In-Progress
TXN-002293,WS/MP18028/2025-2026/207913,V1,BISWAJIT DEB,57345.0,2026-08-27,"55,212.00 - 57,108.00",2.11,LOW,Payment In-Progress
TXN-002294,WS/MP18028/2025-2026/207913,V1,BISWAJIT DEB,54975.0,2026-08-27,"55,212.00 - 57,108.00",-2.11,LOW,Payment In-Progress
TXN-002295,WS/MP431/2025-2026/168778,V1,WIN POWER CONSTRUCTION CO,438500.0,2026-07-22,"438,500.00 - 438,500.00",0.0,LOW,Payment In-Progress
TXN-002296,WS/MP18242/2025-2026/216762,V1,Gaur Construction,9707139.0,2026-08-07,"9,707,139.00 - 9,707,139.00",0.0,LOW,Payment In-Progress
TXN-002297,WS/MP18232/2026-2027/235456,V1,RAJHANS,239953.0,2026-08-20,"239,953.00 - 239,953.00",0.0,LOW,Payment In-Progress
TXN-002298,WS/MP18112/2025-2026/188617,V1,BHOJRAJ MAJOOR SAH SANTHA SAWNER,397004.0,2026-07-20,"397,004.00 - 397,004.00",0.0,LOW,Payment In-Progress
TXN-002299,WS/MP18346/2025-2026/219222,V1,Savita,209872.0,2026-07-23,"134,641.60 - 269,747.20",3.8,LOW,Payment In-Progress
TXN-002300,WS/MP18346/2025-2026/207975,V1,Savita,284716.0,2026-07-23,"134,641.60 - 269,747.20",40.81,MEDIUM,Payment In-Progress
TXN-002301,WS/MP18209/2025-2026/231538,V1,GAURAV BALIYAN CONTRACTOR,605340.0,2026-08-20,"605,340.00 - 605,340.00",0.0,LOW,Payment In-Progress
TXN-002302,WS/MP620/2025-2026/186191,V1,Nagaraj Gosal,495160.0,2026-07-30,"495,195.30 - 495,477.70",-0.04,LOW,Payment In-Progress
TXN-002303,WS/MP620/2025-2026/186188,V1,Nagaraj Gosal,495513.0,2026-07-30,"495,195.30 - 495,477.70",0.04,LOW,Payment In-Progress
TXN-002304,WS/MP18225/2025-2026/257615,V1,CHARAN CONSTRUCTION,971506.0,2026-07-27,"971,506.00 - 971,506.00",0.0,LOW,Payment In-Progress
TXN-002305,WS/MP588/2025-2026/175004,V1,KRISHNA CONSTRUCTION,720042.0,2026-08-06,"720,042.00 - 720,042.00",0.0,LOW,Payment In-Progress
TXN-002306,WS/MP18076/2026-2027/210473,V1,T N ANANDA,490000.0,2026-08-14,"490,000.00 - 490,000.00",0.0,LOW,Payment In-Progress
TXN-002307,WS/MP524/2025-2026/198366,V1,VA MURALIDHAR,365698.0,2026-08-06,"365,698.00 - 365,698.00",0.0,LOW,Payment In-Progress
TXN-002308,WS/MP673/2026-2027/210710,V1,Rajiv Majur Sah So Ltd,697773.0,2026-08-25,"697,773.00 - 697,773.00",0.0,LOW,Payment In-Progress
TXN-002309,WS/MP490/2025-2026/241036,V1,SAI SHARAN CONSTRUCTION CO,640858.0,2026-08-12,"273,075.60 - 793,125.20",20.21,MEDIUM,Payment In-Progress
TXN-002310,WS/MP490/2025-2026/241032,V1,SAI SHARAN CONSTRUCTION CO,831192.0,2026-08-12,"273,075.60 - 793,125.20",55.92,HIGH,Payment In-Progress
TXN-002311,WS/MP490/2025-2026/241131,V1,SAI SHARAN CONSTRUCTION CO,181130.0,2026-07-25,"273,075.60 - 793,125.20",-66.02,HIGH,Payment In-Progress
TXN-002312,WS/MP18112/2025-2026/177511,V1,VIKRANT RAJENDRA INGOLE,894209.0,2026-08-05,"894,209.00 - 894,209.00",0.0,LOW,Payment In-Progress
TXN-002313,WS/MP584/2025-2026/216838,V1,Vishri Construction And Paver Block,424168.0,2026-08-04,"424,168.00 - 424,168.00",0.0,LOW,Payment In-Progress
TXN-002314,WS/MP584/2026-2027/158940,V1,JAY SOMNATH CONSTRUCTION,199843.0,2026-08-04,"199,843.00 - 199,843.00",0.0,LOW,Payment In-Progress
TXN-002315,WS/MP18082/2025-2026/208166,V1,SHIVANNA T,300000.0,2026-07-18,"300,000.00 - 300,000.00",0.0,LOW,Payment In-Progress
TXN-002316,WS/MP623/2026-2027/177404,V1,TANVEER ABIDALI LASHKARI,225000.0,2026-08-07,"225,000.00 - 371,250.00",-24.53,MEDIUM,Payment In-Progress
TXN-002317,WS/MP829/2025-2026/206641,V1,DILSHAN CONSTRUCTION,176495.0,2026-08-19,"177,974.40 - 189,809.60",-4.02,LOW,Payment In-Progress
TXN-002318,WS/MP623/2026-2027/177416,V1,ASHWATHAM SHASAPPA REBINAL,225000.0,2026-08-07,"225,000.00 - 225,000.00",0.0,LOW,Payment In-Progress
TXN-002319,WS/MP18169/2025-2026/247252,V1,Contractor Bhagwat Singh Chundawat,498972.0,2026-08-19,"498,972.00 - 498,972.00",0.0,LOW,Payment In-Progress
TXN-002320,WS/MP18212/2025-2026/208856,V1,BACCHI DEVI SHIVRAJ SINGH SIKSHA SEWA SANSTHAN,400000.0,2026-08-04,"400,000.00 - 400,000.00",0.0,LOW,Payment In-Progress
TXN-002321,WS/MP18025/2025-2026/230836,V1,UTPAL SAIKIA,491743.0,2026-08-27,"491,743.00 - 491,743.00",0.0,LOW,Payment In-Progress
TXN-002322,WS/MP18082/2025-2026/197042,V1,RANGANATH V K,499478.0,2026-08-14,"499,478.00 - 499,478.00",0.0,LOW,Payment In-Progress
TXN-002323,WS/MP18082/2025-2026/187531,V1,JAYARAMAIAH,499964.0,2026-08-14,"499,964.00 - 499,964.00",0.0,LOW,Payment In-Progress
TXN-002324,WS/MP18082/2025-2026/219725,V1,RAMESH G M,499459.0,2026-08-14,"499,509.50 - 499,913.50",-0.05,LOW,Payment In-Progress
TXN-002325,WS/MP18082/2025-2026/219726,V1,RAMESH G M,499964.0,2026-08-14,"499,509.50 - 499,913.50",0.05,LOW,Payment In-Progress
TXN-002326,WS/MP852/2025-2026/241490,V1,MD ROFIKUL ISLAM,593883.0,2026-08-23,"593,883.00 - 593,883.00",0.0,LOW,Payment In-Progress
TXN-002327,WS/MP18165/2026-2027/230338,V1,JAIPUR VIDYUT VITRAN NIGAM LIMITED,2191248.0,2026-08-17,"2,191,248.00 - 2,191,248.00",0.0,LOW,Payment In-Progress
TXN-002328,WS/MP18137/2026-2027/233828,V1,Khanduli Village Organisation,250000.0,2026-08-20,"250,000.00 - 250,000.00",0.0,LOW,Payment In-Progress
TXN-002329,WS/MP18083/2026-2027/267997,V1,MANOHARA,499590.0,2026-07-25,"499,590.00 - 499,590.00",0.0,LOW,Payment In-Progress
TXN-002330,WS/MP18170/2025-2026/223397,V1,STAR GALAXY NUTRITION,300000.0,2026-07-24,"300,000.00 - 300,000.00",0.0,LOW,Payment In-Progress
TXN-002331,WS/MP18162/2025-2026/187418,V1,SHREE BALAJI CONSRTUCTION CO,368458.0,2026-08-18,"368,458.00 - 368,458.00",0.0,LOW,Payment In-Progress
TXN-002332,WS/MP18127/2026-2027/274226,V1,SAGAR RAJARAM MATALE,986000.0,2026-08-21,"986,000.00 - 986,000.00",0.0,LOW,Payment In-Progress
TXN-002333,WS/MP18086/2026-2027/190441,V1,Prasannakumar K S,375000.0,2026-08-25,"238,434.00 - 359,826.00",25.36,MEDIUM,Payment In-Progress
TXN-002334,WS/MP446/2026-2027/288629,V1,GRAM PANCHAYAT PAHADI WAVAN,360000.0,2026-08-20,"360,000.00 - 360,000.00",0.0,LOW,Payment In-Progress
TXN-002335,WS/MP18103/2026-2027/277952,V1,A J CONSTRUCTION,559057.0,2026-08-25,"559,057.00 - 559,057.00",0.0,LOW,Payment In-Progress
TXN-002336,WS/MP446/2026-2027/288625,V1,GRAM PANCHAYAT NAYAGAON,360000.0,2026-08-25,"360,000.00 - 360,000.00",0.0,LOW,Payment In-Progress
TXN-002337,WS/MP446/2026-2027/288624,V1,GRAM PANCHAYAT DHAWAD,600000.0,2026-08-21,"600,000.00 - 600,000.00",0.0,LOW,Payment In-Progress
TXN-002338,WS/MP815/2025-2026/266270,V1,NAVEEN ENTERPRISES,673112.0,2026-08-07,"221,972.00 - 221,972.00",203.24,HIGH,Payment In-Progress
TXN-002339,WS/MP815/2025-2026/266271,V1,NAVEEN ENTERPRISES,673112.0,2026-08-07,"221,972.00 - 221,972.00",203.24,HIGH,Payment In-Progress
TXN-002340,WS/MP815/2026-2027/264853,V1,NAVEEN ENTERPRISES,221972.0,2026-08-10,"221,972.00 - 221,972.00",0.0,LOW,Payment In-Progress
TXN-002341,WS/MP815/2026-2027/264874,V1,NAVEEN ENTERPRISES,221972.0,2026-08-10,"221,972.00 - 221,972.00",0.0,LOW,Payment In-Progress
TXN-002342,WS/MP815/2026-2027/264925,V1,NAVEEN ENTERPRISES,221972.0,2026-08-10,"221,972.00 - 221,972.00",0.0,LOW,Payment In-Progress
TXN-002343,WS/MP815/2026-2027/264911,V1,NAVEEN ENTERPRISES,221972.0,2026-08-10,"221,972.00 - 221,972.00",0.0,LOW,Payment In-Progress
TXN-002344,WS/MP815/2026-2027/264706,V1,NAVEEN ENTERPRISES,221972.0,2026-08-10,"221,972.00 - 221,972.00",0.0,LOW,Payment In-Progress
TXN-002345,WS/MP815/2026-2027/264717,V1,NAVEEN ENTERPRISES,221972.0,2026-08-10,"221,972.00 - 221,972.00",0.0,LOW,Payment In-Progress
TXN-002346,WS/MP815/2025-2026/267002,V1,NAVEEN ENTERPRISES,221972.0,2026-08-10,"221,972.00 - 221,972.00",0.0,LOW,Payment In-Progress
TXN-002347,WS/MP815/2026-2027/264845,V1,NAVEEN ENTERPRISES,221972.0,2026-08-10,"221,972.00 - 221,972.00",0.0,LOW,Payment In-Progress
TXN-002348,WS/MP815/2026-2027/264852,V1,NAVEEN ENTERPRISES,221972.0,2026-08-10,"221,972.00 - 221,972.00",0.0,LOW,Payment In-Progress
TXN-002349,WS/MP815/2026-2027/264847,V1,NAVEEN ENTERPRISES,221972.0,2026-08-10,"221,972.00 - 221,972.00",0.0,LOW,Payment In-Progress
TXN-002350,WS/MP815/2026-2027/264923,V1,NAVEEN ENTERPRISES,221972.0,2026-08-10,"221,972.00 - 221,972.00",0.0,LOW,Payment In-Progress
TXN-002351,WS/MP815/2026-2027/264857,V1,NAVEEN ENTERPRISES,221972.0,2026-08-10,"221,972.00 - 221,972.00",0.0,LOW,Payment In-Progress
TXN-002352,WS/MP815/2026-2027/264858,V1,NAVEEN ENTERPRISES,221972.0,2026-08-10,"221,972.00 - 221,972.00",0.0,LOW,Payment In-Progress
TXN-002353,WS/MP815/2026-2027/264870,V1,NAVEEN ENTERPRISES,221972.0,2026-08-10,"221,972.00 - 221,972.00",0.0,LOW,Payment In-Progress
TXN-002354,WS/MP815/2026-2027/264660,V1,NAVEEN ENTERPRISES,221972.0,2026-08-10,"221,972.00 - 221,972.00",0.0,LOW,Payment In-Progress
TXN-002355,WS/MP815/2026-2027/264691,V1,NAVEEN ENTERPRISES,221972.0,2026-08-10,"221,972.00 - 221,972.00",0.0,LOW,Payment In-Progress
TXN-002356,WS/MP815/2026-2027/264685,V1,NAVEEN ENTERPRISES,221972.0,2026-08-10,"221,972.00 - 221,972.00",0.0,LOW,Payment In-Progress
TXN-002357,WS/MP815/2026-2027/264662,V1,NAVEEN ENTERPRISES,221972.0,2026-08-10,"221,972.00 - 221,972.00",0.0,LOW,Payment In-Progress
TXN-002358,WS/MP815/2026-2027/264670,V1,NAVEEN ENTERPRISES,221972.0,2026-08-10,"221,972.00 - 221,972.00",0.0,LOW,Payment In-Progress
TXN-002359,WS/MP815/2026-2027/264671,V1,NAVEEN ENTERPRISES,221972.0,2026-08-10,"221,972.00 - 221,972.00",0.0,LOW,Payment In-Progress
TXN-002360,WS/MP815/2026-2027/264856,V1,NAVEEN ENTERPRISES,221972.0,2026-08-10,"221,972.00 - 221,972.00",0.0,LOW,Payment In-Progress
TXN-002361,WS/MP815/2026-2027/264669,V1,NAVEEN ENTERPRISES,221972.0,2026-08-10,"221,972.00 - 221,972.00",0.0,LOW,Payment In-Progress
TXN-002362,WS/MP815/2025-2026/264984,V1,NAVEEN ENTERPRISES,221972.0,2026-08-10,"221,972.00 - 221,972.00",0.0,LOW,Payment In-Progress
TXN-002363,WS/MP815/2026-2027/264692,V1,NAVEEN ENTERPRISES,221972.0,2026-08-10,"221,972.00 - 221,972.00",0.0,LOW,Payment In-Progress
TXN-002364,WS/MP815/2026-2027/264710,V1,NAVEEN ENTERPRISES,221972.0,2026-08-10,"221,972.00 - 221,972.00",0.0,LOW,Payment In-Progress
TXN-002365,WS/MP815/2026-2027/264689,V1,NAVEEN ENTERPRISES,221972.0,2026-08-10,"221,972.00 - 221,972.00",0.0,LOW,Payment In-Progress
TXN-002366,WS/MP815/2026-2027/264702,V1,NAVEEN ENTERPRISES,221972.0,2026-08-10,"221,972.00 - 221,972.00",0.0,LOW,Payment In-Progress
TXN-002367,WS/MP815/2026-2027/264979,V1,NAVEEN ENTERPRISES,221972.0,2026-08-10,"221,972.00 - 221,972.00",0.0,LOW,Payment In-Progress
TXN-002368,WS/MP815/2026-2027/264701,V1,NAVEEN ENTERPRISES,221972.0,2026-08-10,"221,972.00 - 221,972.00",0.0,LOW,Payment In-Progress
TXN-002369,WS/MP815/2026-2027/264854,V1,NAVEEN ENTERPRISES,221972.0,2026-08-10,"221,972.00 - 221,972.00",0.0,LOW,Payment In-Progress
TXN-002370,WS/MP815/2026-2027/264855,V1,NAVEEN ENTERPRISES,221972.0,2026-08-10,"221,972.00 - 221,972.00",0.0,LOW,Payment In-Progress
TXN-002371,WS/MP815/2026-2027/264703,V1,NAVEEN ENTERPRISES,221972.0,2026-08-10,"221,972.00 - 221,972.00",0.0,LOW,Payment In-Progress
TXN-002372,WS/MP815/2026-2027/264694,V1,NAVEEN ENTERPRISES,221972.0,2026-08-10,"221,972.00 - 221,972.00",0.0,LOW,Payment In-Progress
TXN-002373,WS/MP815/2026-2027/264693,V1,NAVEEN ENTERPRISES,221972.0,2026-08-10,"221,972.00 - 221,972.00",0.0,LOW,Payment In-Progress
TXN-002374,WS/MP815/2026-2027/264873,V1,NAVEEN ENTERPRISES,221972.0,2026-08-10,"221,972.00 - 221,972.00",0.0,LOW,Payment In-Progress
TXN-002375,WS/MP815/2025-2026/264982,V1,NAVEEN ENTERPRISES,221972.0,2026-08-10,"221,972.00 - 221,972.00",0.0,LOW,Payment In-Progress
TXN-002376,WS/MP815/2025-2026/264983,V1,NAVEEN ENTERPRISES,221972.0,2026-08-10,"221,972.00 - 221,972.00",0.0,LOW,Payment In-Progress
TXN-002377,WS/MP815/2026-2027/264846,V1,NAVEEN ENTERPRISES,221972.0,2026-08-10,"221,972.00 - 221,972.00",0.0,LOW,Payment In-Progress
TXN-002378,WS/MP815/2026-2027/264687,V1,NAVEEN ENTERPRISES,221972.0,2026-08-18,"221,972.00 - 221,972.00",0.0,LOW,Payment In-Progress
TXN-002379,WS/MP815/2026-2027/264919,V1,NAVEEN ENTERPRISES,221972.0,2026-08-18,"221,972.00 - 221,972.00",0.0,LOW,Payment In-Progress
TXN-002380,WS/MP815/2026-2027/264661,V1,NAVEEN ENTERPRISES,221972.0,2026-08-18,"221,972.00 - 221,972.00",0.0,LOW,Payment In-Progress
TXN-002381,WS/MP815/2026-2027/264908,V1,NAVEEN ENTERPRISES,221972.0,2026-08-18,"221,972.00 - 221,972.00",0.0,LOW,Payment In-Progress
TXN-002382,WS/MP815/2026-2027/264918,V1,NAVEEN ENTERPRISES,221972.0,2026-08-18,"221,972.00 - 221,972.00",0.0,LOW,Payment In-Progress
TXN-002383,WS/MP815/2026-2027/264779,V1,NAVEEN ENTERPRISES,221972.0,2026-08-14,"221,972.00 - 221,972.00",0.0,LOW,Payment In-Progress
TXN-002384,WS/MP815/2026-2027/264715,V1,NAVEEN ENTERPRISES,221972.0,2026-08-14,"221,972.00 - 221,972.00",0.0,LOW,Payment In-Progress
TXN-002385,WS/MP815/2026-2027/264850,V1,NAVEEN ENTERPRISES,221972.0,2026-08-14,"221,972.00 - 221,972.00",0.0,LOW,Payment In-Progress
TXN-002386,WS/MP815/2026-2027/264909,V1,NAVEEN ENTERPRISES,221972.0,2026-08-14,"221,972.00 - 221,972.00",0.0,LOW,Payment In-Progress
TXN-002387,WS/MP815/2026-2027/264926,V1,NAVEEN ENTERPRISES,221972.0,2026-08-14,"221,972.00 - 221,972.00",0.0,LOW,Payment In-Progress
TXN-002388,WS/MP815/2026-2027/264639,V1,NAVEEN ENTERPRISES,221972.0,2026-08-14,"221,972.00 - 221,972.00",0.0,LOW,Payment In-Progress
TXN-002389,WS/MP815/2026-2027/264912,V1,NAVEEN ENTERPRISES,221972.0,2026-08-14,"221,972.00 - 221,972.00",0.0,LOW,Payment In-Progress
TXN-002390,WS/MP815/2026-2027/264913,V1,NAVEEN ENTERPRISES,221972.0,2026-08-14,"221,972.00 - 221,972.00",0.0,LOW,Payment In-Progress
TXN-002391,WS/MP815/2026-2027/264696,V1,NAVEEN ENTERPRISES,221972.0,2026-08-14,"221,972.00 - 221,972.00",0.0,LOW,Payment In-Progress
TXN-002392,WS/MP719/2025-2026/227474,V1,KISHAN LAL,15561.0,2026-08-06,"15,561.00 - 15,561.00",0.0,LOW,Payment In-Progress
TXN-002393,WS/MP719/2025-2026/227474,V1,NAVALKISHOR,3861.0,2026-08-06,"3,861.00 - 3,861.00",0.0,LOW,Payment In-Progress
TXN-002394,WS/MP719/2025-2026/227474,V1,SARAJUDHIN,3861.0,2026-08-06,"3,861.00 - 3,861.00",0.0,LOW,Payment In-Progress
TXN-002395,WS/MP719/2025-2026/227474,V1,ROHIT,15561.0,2026-08-06,"15,561.00 - 15,561.00",0.0,LOW,Payment In-Progress
TXN-002396,WS/MP719/2025-2026/227474,V1,KARAN,3861.0,2026-08-06,"3,861.00 - 3,861.00",0.0,LOW,Payment In-Progress
TXN-002397,WS/MP18104/2026-2027/287626,V1,GRAM PANCHAYAT SANDIYA SFC,100000.0,2026-08-25,"100,000.00 - 100,000.00",0.0,LOW,Payment In-Progress
TXN-002398,WS/MP18104/2026-2027/290505,V1,GRAM PANCHAYAT MATKULI SFC,100000.0,2026-08-25,"100,000.00 - 100,000.00",0.0,LOW,Payment In-Progress
TXN-002399,WS/MP490/2025-2026/241239,V1,TYAGI CONSTRUTION AND ORDER SUPPLIERS,230926.0,2026-08-07,"230,926.00 - 230,926.00",0.0,LOW,Payment In-Progress
TXN-002400,WS/MP431/2025-2026/223818,V1,Gram Panchayat Jaitpur Sekhpur,371569.0,2026-08-10,"371,569.00 - 371,569.00",0.0,LOW,Payment In-Progress
TXN-002401,WS/MP490/2025-2026/241011,V1,S R CONSTRUCTION,798152.0,2026-08-19,"798,152.00 - 798,152.00",0.0,LOW,Payment In-Progress
TXN-002402,WS/MP18392/2026-2027/267766,V1,MI CONSTRUCTION,675635.0,2026-08-20,"675,635.00 - 675,635.00",0.0,LOW,Payment In-Progress
TXN-002403,WS/MP490/2025-2026/241240,V1,MAIHER SHAKTI ENTERPRISES,950372.0,2026-08-14,"498,597.20 - 900,174.80",35.89,MEDIUM,Payment In-Progress
TXN-002404,WS/MP490/2025-2026/241233,V1,MAIHER SHAKTI ENTERPRISES,448400.0,2026-08-17,"498,597.20 - 900,174.80",-35.89,MEDIUM,Payment In-Progress
TXN-002405,WS/MP524/2024-2025/155623,V1,VLWC President Thimmasamudram,486736.0,2026-07-28,"487,563.20 - 494,180.80",-0.84,LOW,Payment In-Progress
TXN-002406,WS/MP524/2024-2025/151573,V1,VLWC President Thimmasamudram,495008.0,2026-07-28,"487,563.20 - 494,180.80",0.84,LOW,Payment In-Progress
TXN-002407,WS/MP18206/2025-2026/234486,V1,DR RAM MANOHAR LOHIYA SHIKSHA SANSTHAN,499531.0,2026-08-11,"499,531.00 - 499,531.00",0.0,LOW,Payment In-Progress
TXN-002408,WS/MP18176/2025-2026/199095,V1,ANBARASU,1300000.0,2026-08-18,"1,300,000.00 - 1,300,000.00",0.0,LOW,Payment In-Progress
TXN-002409,WS/MP18179/2026-2027/245278,V1,T Soundarapandiyan,698521.0,2026-08-01,"698,521.00 - 698,521.00",0.0,LOW,Payment In-Progress
TXN-002410,WS/MP490/2025-2026/241136,V1,UJJAWAL ENTERPRISES,327450.0,2026-08-11,"327,450.00 - 327,450.00",0.0,LOW,Payment In-Progress
TXN-002411,WS/MP18049/2026-2027/273879,V1,Gram Panchayat Khaira La,1000000.0,2026-07-28,"1,000,000.00 - 1,000,000.00",0.0,LOW,Payment In-Progress
TXN-002412,WS/MP18254/2026-2027/208657,V1,ASIR BARAN ROY,1615346.0,2026-08-13,"1,615,346.00 - 1,615,346.00",0.0,LOW,Payment In-Progress
TXN-002413,WS/MP18311/2025-2026/272255,V1,BARKAT AND SONS,78000.0,2026-08-24,"78,000.00 - 78,000.00",0.0,LOW,Payment In-Progress
TXN-002414,WS/MP18021/2026-2027/286164,V1,STN MSR PROTECTION UZIRAR CHAR JAIPARA,600000.0,2026-08-18,"600,000.00 - 600,000.00",0.0,LOW,Payment In-Progress
TXN-002415,WS/MP18225/2025-2026/257603,V1,R D MAURYA,844098.0,2026-07-27,"844,098.00 - 844,098.00",0.0,LOW,Payment In-Progress
TXN-002416,WS/MP18069/2026-2027/291475,V1,GRAM PANCHAYAT CHARURI,125000.0,2026-08-26,"60,000.00 - 120,000.00",38.89,MEDIUM,Payment In-Progress
TXN-002417,WS/MP18069/2026-2027/257783,V1,GRAM PANCHAYAT KHANNI JHIKLI,65000.0,2026-08-26,"65,000.00 - 65,000.00",0.0,LOW,Payment In-Progress
TXN-002418,WS/MP18136/2026-2027/195290,V1,President pulgaon MKSSS Ltd Pulgaon,1000000.0,2026-08-17,"1,000,000.00 - 1,000,000.00",0.0,LOW,Payment In-Progress
TXN-002419,WS/MP18170/2025-2026/197325,V1,NEHRA ELECTRICALS AND CONSTRUCTION COMPNAY,42242.0,2026-08-10,"42,242.00 - 42,242.00",0.0,LOW,Payment In-Progress
TXN-002420,WS/MP18008/2026-2027/251376,V1,Kornepati Ashok Kumar,192359.0,2026-08-27,"213,581.20 - 305,682.00",-25.91,MEDIUM,Payment In-Progress
TXN-002421,WS/MP18008/2026-2027/251381,V1,Kornepati Ashok Kumar,298470.0,2026-08-27,"213,581.20 - 305,682.00",14.96,LOW,Payment In-Progress
TXN-002422,WS/MP623/2026-2027/247138,V1,RAVI S KATNALLI,122004.0,2026-08-27,"146,928.60 - 346,325.40",-50.53,HIGH,Payment In-Progress
TXN-002423,WS/MP623/2026-2027/247138,V1,RAVI S KATNALLI,371250.0,2026-08-07,"146,928.60 - 346,325.40",50.53,HIGH,Payment In-Progress
TXN-002424,WS/MP18142/2025-2026/263801,V1,ANATHA SAHOO,486157.0,2026-08-01,"486,157.00 - 486,157.00",0.0,LOW,Payment In-Progress
TXN-002425,WS/MP18222/2025-2026/246754,V1,PREDEEP KUMAR,724103.0,2026-08-05,"724,103.00 - 724,103.00",0.0,LOW,Payment In-Progress
TXN-002426,WS/MP403/2025-2026/246191,V1,NALAM RAVI TEJA CONTRACTOR,1199137.0,2026-07-31,"1,199,137.00 - 1,199,137.00",0.0,LOW,Payment In-Progress
TXN-002427,WS/MP18328/2025-2026/222413,V1,Gram Panchayat Trembli,70000.0,2026-08-25,"70,000.00 - 70,000.00",0.0,LOW,Payment In-Progress
TXN-002428,WS/MP529/2025-2026/216077,V1,VINS Infra Projects,714250.0,2026-08-07,"714,250.00 - 714,250.00",0.0,LOW,Payment In-Progress
TXN-002429,WS/MP18179/2026-2027/245289,V1,MAGA BUILDERS,1333598.0,2026-08-05,"1,333,598.00 - 1,333,598.00",0.0,LOW,Payment In-Progress
TXN-002430,WS/MP18167/2025-2026/216828,V1,Lucky Constructions,97332.0,2026-08-21,"142,826.50 - 506,782.50",-70.03,HIGH,Payment In-Progress
TXN-002431,WS/MP18167/2025-2026/268144,V1,Lucky Constructions,552277.0,2026-08-21,"142,826.50 - 506,782.50",70.03,HIGH,Payment In-Progress
TXN-002432,WS/MP18079/2025-2026/182394,V1,PRAKASH,1875000.0,2026-08-06,"958,258.20 - 1,773,139.80",37.29,MEDIUM,Payment In-Progress
TXN-002433,WS/MP18170/2025-2026/240396,V1,BHABHA SHREE INFRATECH,305937.0,2026-08-14,"305,937.00 - 305,937.00",0.0,LOW,Payment In-Progress
TXN-002434,WS/MP490/2025-2026/240971,V1,BHAGAWATI ENTERPRISES,512474.0,2026-08-12,"512,474.00 - 512,474.00",0.0,LOW,Payment In-Progress
TXN-002435,WS/MP18253/2025-2026/198019,V1,BASANTACON,497927.0,2026-08-27,"497,927.00 - 497,927.00",0.0,LOW,Payment In-Progress
TXN-002436,WS/MP18174/2026-2027/270411,V1,M Vivekanandhan,599972.0,2026-08-24,"599,972.00 - 599,972.00",0.0,LOW,Payment In-Progress
TXN-002437,WS/MP18150/2026-2027/272840,V1,PABITRA MOHAN LENKA TC,675384.0,2026-08-21,"502,239.30 - 656,145.70",16.61,LOW,Payment In-Progress
TXN-002438,WS/MP18150/2026-2027/272770,V1,MPLAD Holding Account Jujomura Block,30245.0,2026-08-25,"12,929.80 - 27,649.00",49.07,MEDIUM,Payment In-Progress
TXN-002439,WS/MP18150/2026-2027/272840,V1,MPLAD Holding Account Jujomura Block,17265.0,2026-08-21,"12,929.80 - 27,649.00",-14.91,LOW,Payment In-Progress
TXN-002440,WS/MP18163/2025-2026/264630,V1,CHHOTU LAL MEENA,359000.0,2026-08-04,"359,000.00 - 359,000.00",0.0,LOW,Payment In-Progress
TXN-002441,WS/MP490/2025-2026/241157,V1,RAGHAV CONSTRUCTION,697616.0,2026-08-07,"697,616.00 - 697,616.00",0.0,LOW,Payment In-Progress
TXN-002442,WS/MP578/2026-2027/262529,V1,LIMAJ GRAM PANCHAYAT,348538.0,2026-08-25,"348,538.00 - 348,538.00",0.0,LOW,Payment In-Progress
TXN-002443,WS/MP18058/2025-2026/274768,V1,Samantpura Gram Panchayat,250932.0,2026-08-21,"275,626.00 - 473,178.00",-32.98,MEDIUM,Payment In-Progress
TXN-002444,WS/MP18091/2026-2027/175624,V1,SUNIL,300000.0,2026-08-17,"300,000.00 - 300,000.00",0.0,LOW,Payment In-Progress
TXN-002445,WS/MP18059/2025-2026/248209,V1,GRAM PANCHYAT MOTIWADA NEW,500000.0,2026-08-05,"500,000.00 - 500,000.00",0.0,LOW,Payment In-Progress
TXN-002446,WS/MP18059/2025-2026/248208,V1,GRAM PANCHYAT MOTIWADA NEW,500000.0,2026-08-05,"500,000.00 - 500,000.00",0.0,LOW,Payment In-Progress
TXN-002447,WS/MP18059/2025-2026/248205,V1,GRAM PANCHYAT MOTIWADA NEW,500000.0,2026-08-05,"500,000.00 - 500,000.00",0.0,LOW,Payment In-Progress
TXN-002448,WS/MP18162/2025-2026/241441,V1,SAMPAT NATH,3408.0,2026-08-18,"3,408.00 - 3,408.00",0.0,LOW,Payment In-Progress
TXN-002449,WS/MP18162/2025-2026/241441,V1,JAMNA,3408.0,2026-08-18,"3,408.00 - 3,408.00",0.0,LOW,Payment In-Progress
TXN-002450,WS/MP18162/2025-2026/241441,V1,MAHENDRA SINGH,3408.0,2026-08-18,"4,042.20 - 9,115.80",-48.2,MEDIUM,Payment In-Progress
TXN-002451,WS/MP18162/2025-2026/241441,V1,BINTU NATH,3408.0,2026-08-18,"3,408.00 - 3,408.00",0.0,LOW,Payment In-Progress
TXN-002452,WS/MP18162/2025-2026/241441,V1,FATMA,3408.0,2026-08-18,"3,408.00 - 3,408.00",0.0,LOW,Payment In-Progress
TXN-002453,WS/MP18162/2025-2026/241441,V1,BAHADUR SINGH,3408.0,2026-08-18,"3,408.00 - 3,408.00",0.0,LOW,Payment In-Progress
TXN-002454,WS/MP18162/2025-2026/241441,V1,LALI KANWER,3408.0,2026-08-18,"3,408.00 - 3,408.00",0.0,LOW,Payment In-Progress
TXN-002455,WS/MP18248/2025-2026/181253,V1,MD SAHABAT HOSSAIN,248606.0,2026-08-17,"248,606.00 - 248,606.00",0.0,LOW,Payment In-Progress
TXN-002456,WS/MP453/2026-2027/177897,V1,Geetanjali Pidika,300000.0,2026-08-18,"300,000.00 - 300,000.00",0.0,LOW,Payment In-Progress
TXN-002457,WS/MP453/2026-2027/177905,V1,Rao Adhikari Srinivasa,250000.0,2026-08-18,"250,000.00 - 250,000.00",0.0,LOW,Payment In-Progress
TXN-002458,WS/MP381/2026-2027/275246,V1,Raghbir Singh,74520.0,2026-08-25,"74,520.00 - 74,520.00",0.0,LOW,Payment In-Progress
TXN-002459,WS/MP719/2025-2026/227474,V1,MOHHMAD RIYAJUDHAN,12294.0,2026-08-06,"12,294.00 - 12,294.00",0.0,LOW,Payment In-Progress
TXN-002460,WS/MP620/2025-2026/206428,V1,VEERANNA RAMPPA BARAKER,397413.0,2026-08-05,"397,413.00 - 397,413.00",0.0,LOW,Payment In-Progress
TXN-002461,WS/MP620/2025-2026/167962,V1,KRISHNA TALWAR,417642.0,2026-08-05,"417,642.00 - 417,642.00",0.0,LOW,Payment In-Progress
TXN-002462,WS/MP18323/2026-2027/270930,V1,Kadubai Sidram Magasvargiya Majoor Sahakari S Limited Latur,499737.0,2026-08-22,"499,737.00 - 499,737.00",0.0,LOW,Payment In-Progress
TXN-002463,WS/MP18194/2026-2027/236864,V1,K BHASKAR REDDY,500000.0,2026-08-27,"500,000.00 - 500,000.00",0.0,LOW,Payment In-Progress
TXN-002464,WS/MP18170/2025-2026/218459,V1,Surendra Kumar Sharma,11900.0,2026-08-05,"11,900.00 - 11,900.00",0.0,LOW,Payment In-Progress
TXN-002465,WS/MP18170/2025-2026/218459,V1,Ashok Kumar,11050.0,2026-08-05,"11,050.00 - 11,050.00",0.0,LOW,Payment In-Progress
TXN-002466,WS/MP18170/2025-2026/218459,V1,Birbal,3724.0,2026-08-05,"3,724.00 - 3,724.00",0.0,LOW,Payment In-Progress
TXN-002467,WS/MP18170/2025-2026/218459,V1,Rajesh Kumar,3724.0,2026-08-05,"15,072.40 - 61,142.80",-90.23,HIGH,Payment In-Progress
TXN-002468,WS/MP18170/2025-2026/218459,V1,Lakshmi,11050.0,2026-08-05,"11,050.00 - 11,050.00",0.0,LOW,Payment In-Progress
TXN-002469,WS/MP18170/2025-2026/218459,V1,chetaram,11900.0,2026-08-05,"11,900.00 - 11,900.00",0.0,LOW,Payment In-Progress
TXN-002470,WS/MP18170/2025-2026/218459,V1,Kunda ram,11900.0,2026-08-05,"11,900.00 - 11,900.00",0.0,LOW,Payment In-Progress
TXN-002471,WS/MP18170/2025-2026/218459,V1,Pooja devi,3724.0,2026-08-05,"3,724.00 - 3,724.00",0.0,LOW,Payment In-Progress
TXN-002472,WS/MP18170/2025-2026/218459,V1,Mukesh Kumar,3458.0,2026-08-05,"3,532.10 - 152,530.00",-95.57,HIGH,Payment In-Progress
TXN-002473,WS/MP18170/2025-2026/218459,V1,Subhash,11050.0,2026-08-05,"11,050.00 - 11,050.00",0.0,LOW,Payment In-Progress
TXN-002474,WS/MP18092/2025-2026/246909,V1,GOVINDA NAYAK,375000.0,2026-08-17,"375,000.00 - 375,000.00",0.0,LOW,Payment In-Progress
TXN-002475,WS/MP18116/2026-2027/232150,V1,DHANSHREE GANGARAM PATIL,2447691.0,2026-08-13,"2,447,691.00 - 2,447,691.00",0.0,LOW,Payment In-Progress
TXN-002476,WS/MP18112/2025-2026/243760,V1,Akash Rajendra Kharode,992500.0,2026-08-11,"992,500.00 - 992,500.00",0.0,LOW,Payment In-Progress
TXN-002477,WS/MP524/2025-2026/204069,V1,VLC PRESIDENT REDDIVARIPALLI GP,449930.0,2026-08-11,"449,930.00 - 449,930.00",0.0,LOW,Payment In-Progress
TXN-002478,WS/MP18004/2025-2026/256397,V1,Palasi Pentaiah,491711.0,2026-08-18,"491,691.20 - 491,708.80",0.0,LOW,Payment In-Progress
TXN-002479,WS/MP18004/2025-2026/256400,V1,Palasi Pentaiah,491689.0,2026-08-18,"491,691.20 - 491,708.80",-0.0,LOW,Payment In-Progress
TXN-002480,WS/MP18162/2025-2026/241441,V1,fUL kANWAR,3408.0,2026-08-18,"3,408.00 - 3,408.00",0.0,LOW,Payment In-Progress
TXN-002481,WS/MP18162/2025-2026/241441,V1,Bhagwan Singh,1988.0,2026-08-18,"10,248.20 - 426,030.50",-99.09,HIGH,Payment In-Progress
TXN-002482,WS/MP18350/2025-2026/182265,V1,BABUN KUMAR SAHU,268878.0,2026-08-17,"268,878.00 - 268,878.00",0.0,LOW,Payment In-Progress
TXN-002483,WS/MP18336/2025-2026/184865,V1,VIKAS CONSTRUCTIONS,446691.0,2026-08-07,"446,691.00 - 446,691.00",0.0,LOW,Payment In-Progress
TXN-002484,WS/MP18336/2025-2026/156452,V1,POOJA CONSTRUCTION,250000.0,2026-08-07,"250,000.00 - 250,000.00",0.0,LOW,Payment In-Progress
TXN-002485,WS/MP18155/2025-2026/189291,V1,The Boparai Co Op Society Ltd,249000.0,2026-08-26,"249,000.00 - 249,000.00",0.0,LOW,Payment In-Progress
TXN-002486,WS/MP18264/2024-2025/160990,V1,ALI P B,1129210.0,2026-08-06,"1,129,210.00 - 1,129,210.00",0.0,LOW,Payment In-Progress
TXN-002487,WS/MP18003/2025-2026/223856,V1,Kondeti Vijayabhaskar,499857.0,2026-08-06,"499,857.00 - 499,857.00",0.0,LOW,Payment In-Progress
TXN-002488,WS/MP446/2026-2027/288640,V1,GRAM PANCHAYAT ANDHIYARI BARI,300000.0,2026-08-21,"300,000.00 - 300,000.00",0.0,LOW,Payment In-Progress
TXN-002489,WS/MP18248/2025-2026/201771,V1,SOUMEN DAS,479310.0,2026-08-21,"479,310.00 - 479,310.00",0.0,LOW,Payment In-Progress
TXN-002490,WS/MP18174/2026-2027/224334,V1,Shri Murugan Associates,799891.0,2026-08-27,"799,891.40 - 799,894.60",-0.0,LOW,Payment In-Progress
TXN-002491,WS/MP538/2026-2027/223492,V1,MS Daithun Kh Daimari Enterprise,153300.0,2026-08-25,"153,300.00 - 153,300.00",0.0,LOW,Payment In-Progress
TXN-002492,WS/MP18311/2026-2027/280964,V1,kartik Industries,325000.0,2026-08-24,"325,000.00 - 325,000.00",0.0,LOW,Payment In-Progress
TXN-002493,WS/MP18311/2026-2027/280927,V1,kartik Industries,325000.0,2026-08-24,"325,000.00 - 325,000.00",0.0,LOW,Payment In-Progress
TXN-002494,WS/MP18118/2025-2026/252915,V1,shramsaphalya majur bandhkam sah soc ltd dolhare,998000.0,2026-08-24,"998,000.00 - 998,000.00",0.0,LOW,Payment In-Progress
TXN-002495,WS/MP638/2026-2027/260001,V1,Gram Panchayat Kanera,200000.0,2026-08-19,"200,000.00 - 200,000.00",0.0,LOW,Payment In-Progress
TXN-002496,WS/MP18358/2024-2025/164798,V1,Susanta Kumar Polei,200000.0,2026-08-25,"200,000.00 - 200,000.00",0.0,LOW,Payment In-Progress
TXN-002497,WS/MP719/2025-2026/247437,V1,Ms Gopesh International Contractor,729357.0,2026-08-24,"729,357.00 - 729,357.00",0.0,LOW,Payment In-Progress
TXN-002498,WS/MP18029/2026-2027/280746,V1,Hemanta Bhattarai,498360.0,2026-08-27,"294,901.50 - 475,753.50",29.33,MEDIUM,Payment In-Progress
TXN-002499,WS/MP18345/2026-2027/231424,V1,RAV INFRA,1109475.0,2026-08-13,"1,109,475.00 - 1,109,475.00",0.0,LOW,Payment In-Progress
TXN-002500,WS/MP716/2025-2026/203930,V1,ARP MOTERS PVT LTD,1386900.0,2026-08-25,"1,386,900.00 - 1,386,900.00",0.0,LOW,Payment In-Progress
TXN-002501,WS/MP18066/2025-2026/246590,V1,RAHUL,32689.0,2026-08-13,"32,689.00 - 32,689.00",0.0,LOW,Payment In-Progress
TXN-002502,WS/MP18066/2025-2026/246590,V1,SHREE KRISHNA ENTERPRISES,178842.0,2026-08-13,"178,842.00 - 178,842.00",0.0,LOW,Payment In-Progress
TXN-002503,WS/MP18066/2025-2026/246590,V1,JAI BABA KHAK NATH WELDING WORKSHOP,67260.0,2026-08-13,"67,260.00 - 67,260.00",0.0,LOW,Payment In-Progress
TXN-002504,WS/MP719/2025-2026/208008,V1,gumansingh,11700.0,2026-08-13,"11,700.00 - 11,700.00",0.0,LOW,Payment In-Progress
TXN-002505,WS/MP719/2025-2026/208008,V1,sonu,3705.0,2026-08-13,"3,705.00 - 3,705.00",0.0,LOW,Payment In-Progress
TXN-002506,WS/MP719/2025-2026/208008,V1,parmeshwar rawat,11700.0,2026-08-13,"11,700.00 - 11,700.00",0.0,LOW,Payment In-Progress
TXN-002507,WS/MP719/2025-2026/208008,V1,prem raj,11700.0,2026-08-13,"11,700.00 - 11,700.00",0.0,LOW,Payment In-Progress
TXN-002508,WS/MP719/2025-2026/208008,V1,mahaveer rawat,11700.0,2026-08-13,"11,700.00 - 11,700.00",0.0,LOW,Payment In-Progress
TXN-002509,WS/MP719/2025-2026/208008,V1,nosar,3705.0,2026-08-13,"3,705.00 - 3,705.00",0.0,LOW,Payment In-Progress
TXN-002510,WS/MP719/2025-2026/208008,V1,pooja,3705.0,2026-08-13,"4,397.60 - 10,325.60",-49.67,MEDIUM,Payment In-Progress
TXN-002511,WS/MP719/2025-2026/208008,V1,rami,3420.0,2026-08-13,"3,420.00 - 3,420.00",0.0,LOW,Payment In-Progress
TXN-002512,WS/MP719/2025-2026/208008,V1,mohan singh,11700.0,2026-08-13,"9,396.00 - 16,247.20",-8.75,LOW,Payment In-Progress
TXN-002513,WS/MP719/2025-2026/208008,V1,tara devi,3705.0,2026-08-13,"3,705.00 - 3,705.00",0.0,LOW,Payment In-Progress
TXN-002514,WS/MP719/2025-2026/208008,V1,sunil singh,11700.0,2026-08-13,"11,700.00 - 11,700.00",0.0,LOW,Payment In-Progress
TXN-002515,WS/MP719/2025-2026/208008,V1,ram singh rawat,11700.0,2026-08-13,"11,700.00 - 11,700.00",0.0,LOW,Payment In-Progress
TXN-002516,WS/MP719/2025-2026/208008,V1,pahalvan rawat,11700.0,2026-08-13,"11,700.00 - 11,700.00",0.0,LOW,Payment In-Progress
TXN-002517,WS/MP719/2025-2026/208008,V1,narbada,3705.0,2026-08-13,"3,705.00 - 3,705.00",0.0,LOW,Payment In-Progress
TXN-002518,WS/MP719/2025-2026/208008,V1,bhawani singh,11700.0,2026-08-13,"11,700.00 - 11,700.00",0.0,LOW,Payment In-Progress
TXN-002519,WS/MP719/2025-2026/208008,V1,bhola singh,3705.0,2026-08-13,"3,705.00 - 3,705.00",0.0,LOW,Payment In-Progress
TXN-002520,WS/MP719/2025-2026/208008,V1,manju gurjar,3705.0,2026-08-13,"3,705.00 - 3,705.00",0.0,LOW,Payment In-Progress
TXN-002521,WS/MP719/2025-2026/208008,V1,sagwan gurjar,11700.0,2026-08-13,"11,700.00 - 11,700.00",0.0,LOW,Payment In-Progress
TXN-002522,WS/MP719/2025-2026/208008,V1,sanwar lal,11700.0,2026-08-13,"11,700.00 - 11,700.00",0.0,LOW,Payment In-Progress
TXN-002523,WS/MP719/2025-2026/208008,V1,ajay singh,3705.0,2026-08-13,"5,655.00 - 21,255.00",-72.46,HIGH,Payment In-Progress
TXN-002524,WS/MP719/2025-2026/208008,V1,vishrami,3705.0,2026-08-13,"3,705.00 - 3,705.00",0.0,LOW,Payment In-Progress
TXN-002525,WS/MP18260/2025-2026/251565,V1,executive engineer R B BUDGAM,49099.0,2026-08-18,"30,000.00 - 50,000.00",22.75,MEDIUM,Payment In-Progress
TXN-002526,WS/MP18260/2025-2026/251565,V1,executive engineer R B BUDGAM,43200.0,2026-08-18,"30,000.00 - 50,000.00",8.0,LOW,Payment In-Progress
TXN-002527,WS/MP18260/2025-2026/251565,V1,executive engineer R B BUDGAM,21000.0,2026-08-18,"30,000.00 - 50,000.00",-47.5,MEDIUM,Payment In-Progress
TXN-002528,WS/MP18260/2025-2026/251565,V1,executive engineer R B BUDGAM,50000.0,2026-08-18,"30,000.00 - 50,000.00",25.0,MEDIUM,Payment In-Progress
TXN-002529,WS/MP18260/2025-2026/251565,V1,executive engineer R B BUDGAM,50000.0,2026-08-18,"30,000.00 - 50,000.00",25.0,MEDIUM,Payment In-Progress
TXN-002530,WS/MP18260/2025-2026/251565,V1,executive engineer R B BUDGAM,49850.0,2026-08-18,"30,000.00 - 50,000.00",24.62,MEDIUM,Payment In-Progress
TXN-002531,WS/MP18260/2025-2026/251565,V1,executive engineer R B BUDGAM,36000.0,2026-08-18,"30,000.00 - 50,000.00",-10.0,LOW,Payment In-Progress
TXN-002532,WS/MP18113/2026-2027/244708,V1,SIR VISHVESHWARAYYA SUSHIKSHIT BEROJGARABHIYANTA SEVA,1999000.0,2026-08-10,"1,999,000.00 - 1,999,000.00",0.0,LOW,Payment In-Progress
TXN-002533,WS/MP18361/2025-2026/219023,V1,anurag urban tecinfra pvt ltd,2597093.0,2026-08-07,"1,878,479.90 - 2,517,247.10",18.16,LOW,Payment In-Progress
TXN-002534,WS/MP405/2025-2026/255426,V1,NUKALA SRINIVASARAO,587734.0,2026-08-13,"587,734.00 - 587,734.00",0.0,LOW,Payment In-Progress
TXN-002535,WS/MP18116/2025-2026/213032,V1,yashraj kashinath pashte,989052.0,2026-08-26,"989,052.00 - 989,052.00",0.0,LOW,Payment In-Progress
TXN-002536,WS/MP719/2025-2026/208008,V1,mahendra rawatr,11700.0,2026-08-13,"11,700.00 - 11,700.00",0.0,LOW,Payment In-Progress
TXN-002537,WS/MP719/2025-2026/208008,V1,geeta devi,3705.0,2026-08-13,"3,762.00 - 18,354.00",-66.49,HIGH,Payment In-Progress
TXN-002538,WS/MP719/2025-2026/208008,V1,pyare lal maghwanshi,11700.0,2026-08-13,"11,700.00 - 11,700.00",0.0,LOW,Payment In-Progress
TXN-002539,WS/MP719/2025-2026/208008,V1,priya,3705.0,2026-08-13,"3,705.00 - 3,705.00",0.0,LOW,Payment In-Progress
TXN-002540,WS/MP719/2025-2026/208008,V1,naval singh rawat,3705.0,2026-08-13,"3,705.00 - 3,705.00",0.0,LOW,Payment In-Progress
TXN-002541,WS/MP18101/2026-2027/287605,V1,GRAM PANCHAYAT PADAJHIR,1000000.0,2026-08-13,"1,000,000.00 - 1,000,000.00",0.0,LOW,Payment In-Progress
TXN-002542,WS/MP017/2026-2027/235389,V1,M VELU,399772.0,2026-08-13,"399,772.00 - 399,772.00",0.0,LOW,Payment In-Progress
TXN-002543,WS/MP719/2025-2026/230890,V1,Prem kahar,3705.0,2026-08-18,"3,705.00 - 3,705.00",0.0,LOW,Payment In-Progress
TXN-002544,WS/MP719/2025-2026/230890,V1,Rekha rawat,3705.0,2026-08-18,"3,705.00 - 3,705.00",0.0,LOW,Payment In-Progress
TXN-002545,WS/MP719/2025-2026/230890,V1,Gyan Singh,11700.0,2026-08-18,"11,700.00 - 11,700.00",0.0,LOW,Payment In-Progress
TXN-002546,WS/MP719/2025-2026/230890,V1,Surendra Singh,11700.0,2026-08-18,"11,700.00 - 11,700.00",0.0,LOW,Payment In-Progress
TXN-002547,WS/MP719/2025-2026/230890,V1,Bharat Singh Rawat,11700.0,2026-08-18,"11,700.00 - 11,700.00",0.0,LOW,Payment In-Progress
TXN-002548,WS/MP719/2025-2026/230890,V1,Manohar lal kahar,11700.0,2026-08-18,"11,700.00 - 11,700.00",0.0,LOW,Payment In-Progress
TXN-002549,WS/MP719/2025-2026/230890,V1,KAN SINGH,11700.0,2026-08-18,"11,700.00 - 11,700.00",0.0,LOW,Payment In-Progress
TXN-002550,WS/MP719/2025-2026/230890,V1,PRIYANKA KAHAR,3705.0,2026-08-18,"3,705.00 - 3,705.00",0.0,LOW,Payment In-Progress
TXN-002551,WS/MP719/2025-2026/230890,V1,SEEBU SONU,1995.0,2026-08-18,"1,995.00 - 1,995.00",0.0,LOW,Payment In-Progress
TXN-002552,WS/MP719/2025-2026/230890,V1,GYANI,11700.0,2026-08-18,"11,700.00 - 11,700.00",0.0,LOW,Payment In-Progress
TXN-002553,WS/MP719/2025-2026/230890,V1,SEETA DEVI,3705.0,2026-08-18,"3,705.00 - 3,705.00",0.0,LOW,Payment In-Progress
TXN-002554,WS/MP719/2025-2026/230890,V1,Sonu Singh Rawat,3705.0,2026-08-18,"3,705.00 - 3,705.00",0.0,LOW,Payment In-Progress
TXN-002555,WS/MP719/2025-2026/230890,V1,Kavita,3705.0,2026-08-18,"3,705.00 - 3,705.00",0.0,LOW,Payment In-Progress
TXN-002556,WS/MP719/2025-2026/230890,V1,Mamta Rawat,3705.0,2026-08-18,"3,705.00 - 3,705.00",0.0,LOW,Payment In-Progress
TXN-002557,WS/MP719/2025-2026/230890,V1,Sapna Rawat,3705.0,2026-08-18,"3,705.00 - 3,705.00",0.0,LOW,Payment In-Progress
TXN-002558,WS/MP719/2025-2026/230890,V1,Jay singh,3705.0,2026-08-18,"3,705.00 - 3,705.00",0.0,LOW,Payment In-Progress
TXN-002559,WS/MP719/2025-2026/230890,V1,SHUBHAM,3705.0,2026-08-18,"3,705.00 - 3,705.00",0.0,LOW,Payment In-Progress
TXN-002560,WS/MP719/2025-2026/230890,V1,MOHANI,3705.0,2026-08-18,"3,705.00 - 3,705.00",0.0,LOW,Payment In-Progress
TXN-002561,WS/MP719/2025-2026/230890,V1,SURENDRA,3705.0,2026-08-18,"3,705.00 - 3,705.00",0.0,LOW,Payment In-Progress
TXN-002562,WS/MP719/2025-2026/230890,V1,Fateh Singh,3705.0,2026-08-18,"3,705.00 - 3,705.00",0.0,LOW,Payment In-Progress
TXN-002563,WS/MP18160/2026-2027/262093,V1,Meero Construction Company,420004.0,2026-08-09,"420,004.00 - 420,004.00",0.0,LOW,Payment In-Progress
TXN-002564,WS/MP18179/2025-2026/271514,V1,MANNARMANNAN P,522642.0,2026-08-18,"522,642.00 - 522,642.00",0.0,LOW,Payment In-Progress
TXN-002565,WS/MP18162/2025-2026/186128,V1,Radha Devi Gurjar,3510.0,2026-08-13,"3,267.00 - 3,483.00",4.0,LOW,Payment In-Progress
TXN-002566,WS/MP18162/2025-2026/186128,V1,Radha Devi Gurjar,3240.0,2026-08-13,"3,267.00 - 3,483.00",-4.0,LOW,Payment In-Progress
TXN-002567,WS/MP18162/2025-2026/186128,V1,Radheshyam kumhar,1620.0,2026-08-13,"1,620.00 - 1,620.00",0.0,LOW,Payment In-Progress
TXN-002568,WS/MP18162/2025-2026/186128,V1,Rajendr Meena,5320.0,2026-08-13,"5,320.00 - 5,320.00",0.0,LOW,Payment In-Progress
TXN-002569,WS/MP18162/2025-2026/186128,V1,Rajendr Singh,9880.0,2026-08-13,"9,196.00 - 9,804.00",4.0,LOW,Payment In-Progress
TXN-002570,WS/MP18162/2025-2026/186128,V1,Rajendr Singh,9120.0,2026-08-13,"9,196.00 - 9,804.00",-4.0,LOW,Payment In-Progress
TXN-002571,WS/MP18162/2025-2026/186128,V1,Shankar Lal Meena,3510.0,2026-08-13,"3,267.00 - 3,483.00",4.0,LOW,Payment In-Progress
TXN-002572,WS/MP18162/2025-2026/186128,V1,Shankar Lal Meena,3240.0,2026-08-13,"3,267.00 - 3,483.00",-4.0,LOW,Payment In-Progress
TXN-002573,WS/MP18162/2025-2026/186128,V1,Shanti Devi,3240.0,2026-08-13,"3,294.00 - 3,666.00",-6.9,LOW,Payment In-Progress
TXN-002574,WS/MP18162/2025-2026/186128,V1,Shanti Devi,3510.0,2026-08-13,"3,294.00 - 3,666.00",0.86,LOW,Payment In-Progress
TXN-002575,WS/MP18162/2025-2026/186128,V1,Shiv Lal Meena,5320.0,2026-08-13,"6,777.00 - 18,433.00",-57.79,HIGH,Payment In-Progress
TXN-002576,WS/MP18162/2025-2026/186128,V1,Sita Bhil,3510.0,2026-08-13,"3,267.00 - 3,483.00",4.0,LOW,Payment In-Progress
TXN-002577,WS/MP18162/2025-2026/186128,V1,Sita Bhil,3240.0,2026-08-13,"3,267.00 - 3,483.00",-4.0,LOW,Payment In-Progress
TXN-002578,WS/MP18162/2025-2026/186128,V1,Sohani Devi Meena,3510.0,2026-08-13,"3,267.00 - 3,483.00",4.0,LOW,Payment In-Progress
TXN-002579,WS/MP18162/2025-2026/186128,V1,Sohani Devi Meena,3240.0,2026-08-13,"3,267.00 - 3,483.00",-4.0,LOW,Payment In-Progress
TXN-002580,WS/MP18162/2025-2026/186128,V1,sumitra kanwar,3240.0,2026-08-13,"3,267.00 - 3,483.00",-4.0,LOW,Payment In-Progress
TXN-002581,WS/MP18162/2025-2026/186128,V1,sumitra kanwar,3510.0,2026-08-13,"3,267.00 - 3,483.00",4.0,LOW,Payment In-Progress
TXN-002582,WS/MP18162/2025-2026/186128,V1,Teju kumari meena,3510.0,2026-08-13,"3,510.00 - 3,510.00",0.0,LOW,Payment In-Progress
TXN-002583,WS/MP18328/2025-2026/252740,V1,HP STate Civil Supplies Corporation Limited Shimla,92000.0,2026-08-17,"92,000.00 - 92,000.00",0.0,LOW,Payment In-Progress
TXN-002584,WS/MP490/2025-2026/241137,V1,SHRI CONSTRUCTION,167914.0,2026-08-19,"167,914.00 - 167,914.00",0.0,LOW,Payment In-Progress
TXN-002585,WS/MP490/2025-2026/241135,V1,JAI ENTERPRISES,300428.0,2026-08-11,"288,533.60 - 299,106.40",2.25,LOW,Payment In-Progress
TXN-002586,WS/MP490/2025-2026/241155,V1,JAI ENTERPRISES,287212.0,2026-08-19,"288,533.60 - 299,106.40",-2.25,LOW,Payment In-Progress
TXN-002587,WS/MP490/2025-2026/240968,V1,MS VAISHNAVI TRADERS,704106.0,2026-08-14,"704,106.00 - 704,106.00",0.0,LOW,Payment In-Progress
TXN-002588,WS/MP490/2025-2026/241245,V1,MS ANURAG ENTERPRISES,293820.0,2026-08-19,"250,809.00 - 289,041.00",8.85,LOW,Payment In-Progress
TXN-002589,WS/MP490/2025-2026/241244,V1,MS ANURAG ENTERPRISES,246030.0,2026-08-19,"250,809.00 - 289,041.00",-8.85,LOW,Payment In-Progress
TXN-002590,WS/MP18223/2025-2026/256028,V1,MILIND CHOUDHARY,689191.0,2026-08-11,"724,362.80 - 1,005,737.20",-20.33,MEDIUM,Payment In-Progress
TXN-002591,WS/MP18223/2025-2026/256013,V1,MILIND CHOUDHARY,1040909.0,2026-08-11,"724,362.80 - 1,005,737.20",20.33,MEDIUM,Payment In-Progress
TXN-002592,WS/MP18162/2025-2026/186128,V1,Mangi Devi Mina,3240.0,2026-08-13,"3,267.00 - 3,483.00",-4.0,LOW,Payment In-Progress
TXN-002593,WS/MP18162/2025-2026/186128,V1,Mangi Devi Mina,3510.0,2026-08-13,"3,267.00 - 3,483.00",4.0,LOW,Payment In-Progress
TXN-002594,WS/MP18098/2026-2027/261046,V1,L R URADE BILDING MATERIAL SUPLAYARS,49000.0,2026-08-18,"18,400.00 - 45,600.00",53.12,HIGH,Payment In-Progress
TXN-002595,WS/MP18098/2026-2027/261046,V1,L R URADE BILDING MATERIAL SUPLAYARS,15000.0,2026-08-18,"18,400.00 - 45,600.00",-53.12,HIGH,Payment In-Progress
TXN-002596,WS/MP18098/2026-2027/261046,V1,ASHISH KUMAR JAISWAL,22050.0,2026-08-18,"22,050.00 - 22,050.00",0.0,LOW,Payment In-Progress
TXN-002597,WS/MP021/2026-2027/262617,V1,Nityanand Palariya,100000.0,2026-08-20,"100,000.00 - 100,000.00",0.0,LOW,Payment In-Progress
TXN-002598,WS/MP18139/2025-2026/202516,V1,B D O BIJEPUR,476000.0,2026-08-12,"476,000.00 - 476,000.00",0.0,LOW,Payment In-Progress
TXN-002599,WS/MP18321/2024-2025/152559,V1,UNDVA GRAM PANCHAYAT,500000.0,2026-08-25,"500,000.00 - 500,000.00",0.0,LOW,Payment In-Progress
TXN-002600,WS/MP490/2025-2026/241134,V1,KAVYASHREE ENTERPRISES,194110.0,2026-08-19,"194,110.00 - 194,110.00",0.0,LOW,Payment In-Progress
TXN-002601,WS/MP18321/2025-2026/203261,V1,KALIYAKUVA GRAM PANCHAYAT,500000.0,2026-08-25,"500,000.00 - 500,000.00",0.0,LOW,Payment In-Progress
TXN-002602,WS/MP18077/2026-2027/192612,V1,VINAYAK TAMMANACHE,375000.0,2026-08-12,"375,000.00 - 375,000.00",0.0,LOW,Payment In-Progress
TXN-002603,WS/MP18060/2025-2026/227228,V1,The sachdeva Co operative labour and Construction,535102.0,2026-08-17,"535,102.00 - 535,102.00",0.0,LOW,Payment In-Progress
TXN-002604,WS/MP18077/2026-2027/209875,V1,UMESH AJJAPPA GANGANI,750000.0,2026-08-13,"750,000.00 - 750,000.00",0.0,LOW,Payment In-Progress
TXN-002605,WS/MP719/2025-2026/230890,V1,Rasida,3705.0,2026-08-18,"3,705.00 - 3,705.00",0.0,LOW,Payment In-Progress
TXN-002606,WS/MP719/2025-2026/230890,V1,suleman,3600.0,2026-08-18,"3,600.00 - 3,600.00",0.0,LOW,Payment In-Progress
TXN-002607,WS/MP719/2025-2026/230890,V1,MADHURI,3705.0,2026-08-18,"3,705.00 - 3,705.00",0.0,LOW,Payment In-Progress
TXN-002608,WS/MP538/2025-2026/224037,V1,KAJIRAM SALOI HARDWARE,200000.0,2026-08-27,"200,000.00 - 200,000.00",0.0,LOW,Payment In-Progress
TXN-002609,WS/MP584/2025-2026/216917,V1,MORAGAR JUTH GRAM PANCHAYAT,400000.0,2026-08-12,"400,000.00 - 400,000.00",0.0,LOW,Payment In-Progress
TXN-002610,WS/MP18098/2026-2027/261046,V1,SUSHIL TRADERS,49742.0,2026-08-18,"49,742.00 - 49,742.00",0.0,LOW,Payment In-Progress
TXN-002611,WS/MP18104/2026-2027/285646,V1,Sarpanch Gram Panchayat Somalwada,50000.0,2026-08-25,"50,000.00 - 50,000.00",0.0,LOW,Payment In-Progress
TXN-002612,WS/MP18179/2025-2026/261581,V1,Umamaheshwari J,519506.0,2026-08-18,"519,506.00 - 519,506.00",0.0,LOW,Payment In-Progress
TXN-002613,WS/MP18081/2026-2027/164572,V1,Suryanarayana Bagepalli,125000.0,2026-08-27,"125,000.00 - 125,000.00",0.0,LOW,Payment In-Progress
TXN-002614,WS/MP18245/2026-2027/245368,V1,SIBSANKAR CHOWDHURY,1299000.0,2026-08-13,"1,299,000.00 - 1,299,000.00",0.0,LOW,Payment In-Progress
TXN-002615,WS/MP18278/2025-2026/246689,V1,Arjun civil works,178571.0,2026-08-27,"214,285.30 - 499,999.70",-50.0,HIGH,Payment In-Progress
TXN-002616,WS/MP18278/2025-2026/225783,V1,Arjun civil works,535714.0,2026-08-27,"214,285.30 - 499,999.70",50.0,HIGH,Payment In-Progress
TXN-002617,WS/MP18060/2025-2026/227227,V1,Saurabh Verma,465268.0,2026-08-17,"465,268.00 - 465,268.00",0.0,LOW,Payment In-Progress
TXN-002618,WS/MP18170/2025-2026/168850,V1,VIVIKSHA CHOUDHARY,1995.0,2026-08-15,"1,995.00 - 1,995.00",0.0,LOW,Payment In-Progress
TXN-002619,WS/MP574/2026-2027/273238,V1,RAVIYANA GRAM PANCHAYAT,500000.0,2026-08-20,"500,000.00 - 500,000.00",0.0,LOW,Payment In-Progress
TXN-002620,WS/MP18170/2025-2026/168850,V1,SURENDR KUMAR,6125.0,2026-08-15,"6,125.00 - 6,125.00",0.0,LOW,Payment In-Progress
TXN-002621,WS/MP300/2026-2027/160843,V1,RANJAN SAMANTARAY,500000.0,2026-08-19,"500,000.00 - 500,000.00",0.0,LOW,Payment In-Progress
TXN-002622,WS/MP18205/2026-2027/258546,V1,UNIQUE TECHNO SOLUTIONS PVT LTD,200000.0,2026-08-14,"200,000.00 - 200,000.00",0.0,LOW,Payment In-Progress
TXN-002623,WS/MP446/2026-2027/288513,V1,GRAM PANCHAYAT PRATAPPURA,300000.0,2026-08-21,"300,000.00 - 300,000.00",0.0,LOW,Payment In-Progress
TXN-002624,WS/MP18079/2025-2026/210160,V1,PANDIT,187500.0,2026-08-20,"187,500.00 - 187,500.00",0.0,LOW,Payment In-Progress
TXN-002625,WS/MP18079/2025-2026/176761,V1,PANDIT,187500.0,2026-08-20,"187,500.00 - 187,500.00",0.0,LOW,Payment In-Progress
TXN-002626,WS/MP18067/2026-2027/267144,V1,SUNIL KUMAR,500000.0,2026-08-25,"500,000.00 - 500,000.00",0.0,LOW,Payment In-Progress
TXN-002627,WS/MP18077/2026-2027/209911,V1,LINGANANDA TALAWAR URF HANCHINAMANI,375000.0,2026-08-14,"375,000.00 - 375,000.00",0.0,LOW,Payment In-Progress
TXN-002628,WS/MP672/2026-2027/272114,V1,Shubham Bhure,947858.0,2026-08-21,"944,781.80 - 947,516.20",0.18,LOW,Payment In-Progress
TXN-002629,WS/MP672/2026-2027/272117,V1,Shubham Bhure,944440.0,2026-08-24,"944,781.80 - 947,516.20",-0.18,LOW,Payment In-Progress
TXN-002630,WS/MP672/2026-2027/272115,V1,Vstone Infrastructure,943418.0,2026-08-24,"943,179.50 - 943,391.50",0.01,LOW,Payment In-Progress
TXN-002631,WS/MP672/2026-2027/272113,V1,Vstone Infrastructure,943153.0,2026-08-24,"943,179.50 - 943,391.50",-0.01,LOW,Payment In-Progress
TXN-002632,WS/MP18004/2025-2026/272423,V1,V N Chaitanya,498077.0,2026-08-24,"498,077.00 - 498,077.00",0.0,LOW,Payment In-Progress
TXN-002633,WS/MP18065/2025-2026/224947,V1,VAIBHAV Contractor,336237.0,2026-08-24,"336,237.00 - 336,237.00",0.0,LOW,Payment In-Progress
TXN-002634,WS/MP18065/2025-2026/218315,V1,THE RENUKA CO OP L AND C SOCIETY,1230450.0,2026-08-18,"1,230,450.00 - 1,230,450.00",0.0,LOW,Payment In-Progress
TXN-002635,WS/MP644/2026-2027/287554,V1,GP KATKI,300000.0,2026-08-20,"300,000.00 - 300,000.00",0.0,LOW,Payment In-Progress
TXN-002636,WS/MP18164/2025-2026/259491,V1,KANWAR PAL SINGH,3705.0,2026-08-26,"3,705.00 - 3,705.00",0.0,LOW,Payment In-Progress
TXN-002637,WS/MP18162/2025-2026/178543,V1,Prem Balai,12750.0,2026-08-24,"12,750.00 - 12,750.00",0.0,LOW,Payment In-Progress
TXN-002638,WS/MP18162/2025-2026/178543,V1,Shankar Lal,18750.0,2026-08-24,"18,750.00 - 18,750.00",0.0,LOW,Payment In-Progress
TXN-002639,WS/MP18162/2025-2026/178543,V1,Kanku Balai,16000.0,2026-08-24,"16,000.00 - 16,000.00",0.0,LOW,Payment In-Progress
TXN-002640,WS/MP18162/2025-2026/178543,V1,Dhishu Balai,6500.0,2026-08-24,"6,500.00 - 6,500.00",0.0,LOW,Payment In-Progress
TXN-002641,WS/MP18162/2025-2026/178543,V1,Devkaran Balai,9750.0,2026-08-24,"9,750.00 - 9,750.00",0.0,LOW,Payment In-Progress
TXN-002642,WS/MP380/2025-2026/247592,V1,Karsan Singla Govt Contractor,139935.0,2026-08-26,"139,935.00 - 139,935.00",0.0,LOW,Payment In-Progress
TXN-002643,WS/MP728/2025-2026/193524,V1,As Group,690122.0,2026-08-21,"690,122.00 - 690,122.00",0.0,LOW,Payment In-Progress
TXN-002644,WS/MP18055/2025-2026/220478,V1,sarpanch Gram panchayat khojalvasa,495000.0,2026-08-14,"495,000.00 - 495,000.00",0.0,LOW,Payment In-Progress
TXN-002645,WS/MP18098/2026-2027/261046,V1,gram bharti balaghat,39011.0,2026-08-18,"45,237.40 - 95,048.60",-44.38,MEDIUM,Payment In-Progress
TXN-002646,WS/MP18098/2026-2027/261046,V1,gram bharti balaghat,101275.0,2026-08-18,"45,237.40 - 95,048.60",44.38,MEDIUM,Payment In-Progress
TXN-002647,WS/MP18164/2025-2026/259491,V1,DEEPCHAND,9100.0,2026-08-26,"9,100.00 - 9,100.00",0.0,LOW,Payment In-Progress
TXN-002648,WS/MP18164/2025-2026/259491,V1,DEVI LAL,9100.0,2026-08-26,"9,100.00 - 9,100.00",0.0,LOW,Payment In-Progress
TXN-002649,WS/MP18164/2025-2026/259491,V1,KHETA RAM,9100.0,2026-08-26,"9,100.00 - 9,100.00",0.0,LOW,Payment In-Progress
TXN-002650,WS/MP18164/2025-2026/259491,V1,CHANDERKALA,3705.0,2026-08-26,"3,705.00 - 3,705.00",0.0,LOW,Payment In-Progress
TXN-002651,WS/MP18164/2025-2026/259491,V1,MANJU,3705.0,2026-08-26,"3,705.00 - 3,705.00",0.0,LOW,Payment In-Progress
TXN-002652,WS/MP18164/2025-2026/259491,V1,SUMAN DEVI,3990.0,2026-08-26,"4,332.00 - 7,068.00",-30.0,MEDIUM,Payment In-Progress
TXN-002653,WS/MP18164/2025-2026/259491,V1,BRAHMA DEVI,3990.0,2026-08-24,"3,990.00 - 3,990.00",0.0,LOW,Payment In-Progress
TXN-002654,WS/MP18164/2025-2026/259491,V1,AATMA RAM,9100.0,2026-08-26,"9,100.00 - 9,100.00",0.0,LOW,Payment In-Progress
TXN-002655,WS/MP18164/2025-2026/259491,V1,MAINA DEVI,3990.0,2026-08-26,"3,990.00 - 3,990.00",0.0,LOW,Payment In-Progress
TXN-002656,WS/MP18164/2025-2026/259491,V1,PREM KUMAR,3990.0,2026-08-26,"3,990.00 - 3,990.00",0.0,LOW,Payment In-Progress
TXN-002657,WS/MP18164/2025-2026/259491,V1,RADHESHYAM,9100.0,2026-08-26,"9,100.00 - 9,100.00",0.0,LOW,Payment In-Progress
TXN-002658,WS/MP18164/2025-2026/259491,V1,CHOTU SINGH,9100.0,2026-08-26,"9,100.00 - 9,100.00",0.0,LOW,Payment In-Progress
TXN-002659,WS/MP18022/2026-2027/268343,V1,PABITRA HANDIQUE,290210.0,2026-08-18,"290,210.00 - 290,210.00",0.0,LOW,Payment In-Progress
TXN-002660,WS/MP18034/2026-2027/264839,V1,Dinesh Kumar,989200.0,2026-08-25,"989,200.00 - 989,200.00",0.0,LOW,Payment In-Progress
TXN-002661,WS/MP360/2026-2027/295381,V1,EE MPPKVVCL MANDSAUR AE MPPKVVCL RATLAM,1672640.0,2026-08-17,"1,672,640.00 - 1,672,640.00",0.0,LOW,Payment In-Progress
TXN-002662,WS/MP18128/2026-2027/217789,V1,JAY SHREE KRUSHNA MAJUR KAMGAR SANSTHA,994243.0,2026-08-17,"994,243.00 - 994,243.00",0.0,LOW,Payment In-Progress
TXN-002663,WS/MP18350/2025-2026/182265,V1,BDO KANTAMAL MPLAD,26974.0,2026-08-17,"26,974.00 - 26,974.00",0.0,LOW,Payment In-Progress
TXN-002664,WS/MP18164/2025-2026/259491,V1,OMPRAKASH,9100.0,2026-08-26,"9,100.00 - 9,100.00",0.0,LOW,Payment In-Progress
TXN-002665,WS/MP18164/2025-2026/259491,V1,SHANTI DEVI,3705.0,2026-08-26,"3,294.00 - 3,666.00",6.47,LOW,Payment In-Progress
TXN-002666,WS/MP638/2024-2025/152420,V1,JAIN SONS TRADERS,600000.0,2026-08-18,"600,000.00 - 600,000.00",0.0,LOW,Payment In-Progress
TXN-002667,WS/MP623/2026-2027/213001,V1,SATWIK SHEELAVANT,377250.0,2026-08-27,"377,250.00 - 377,250.00",0.0,LOW,Payment In-Progress
TXN-002668,WS/MP618/2025-2026/208726,V1,SHIVARAJ DYAVAPPA DANDIN,375000.0,2026-08-24,"375,000.00 - 375,000.00",0.0,LOW,Payment In-Progress
TXN-002669,WS/MP18082/2026-2027/187505,V1,KIRAN GOWDA,499863.0,2026-08-17,"499,373.40 - 499,808.60",0.05,LOW,Payment In-Progress
TXN-002670,WS/MP18082/2026-2027/187503,V1,KIRAN GOWDA,499319.0,2026-08-17,"499,373.40 - 499,808.60",-0.05,LOW,Payment In-Progress
TXN-002671,WS/MP644/2026-2027/289040,V1,GP CHANDEH,375000.0,2026-08-21,"375,000.00 - 375,000.00",0.0,LOW,Payment In-Progress
TXN-002672,WS/MP716/2025-2026/203944,V1,Sagandeep Singh,17468.0,2026-08-21,"20,167.60 - 41,764.40",-43.59,MEDIUM,Payment In-Progress
TXN-002673,WS/MP716/2025-2026/203943,V1,Sagandeep Singh,44464.0,2026-08-21,"20,167.60 - 41,764.40",43.59,MEDIUM,Payment In-Progress
TXN-002674,WS/MP710/2026-2027/196131,V1,MR RAJESWARAN LOHIYADASAN,2214985.0,2026-08-18,"2,214,985.00 - 2,214,985.00",0.0,LOW,Payment In-Progress
TXN-002675,WS/MP579/2025-2026/162828,V1,GRAM PANCHAYAT SARDARPURA,274825.0,2026-08-18,"274,825.00 - 274,825.00",0.0,LOW,Payment In-Progress
TXN-002676,WS/MP18102/2026-2027/286998,V1,Gram Panchayat Kapasthal janpad Panchayat sardarpur,250000.0,2026-08-27,"250,000.00 - 250,000.00",0.0,LOW,Payment In-Progress
TXN-002677,WS/MP300/2026-2027/160837,V1,NIRANJAN BEHERA,343326.0,2026-08-19,"343,326.00 - 343,326.00",0.0,LOW,Payment In-Progress
TXN-002678,WS/MP373/2025-2026/249707,V1,MADHUSUDAN BANCHHOR,300000.0,2026-08-21,"300,000.00 - 300,000.00",0.0,LOW,Payment In-Progress
TXN-002679,WS/MP18227/2025-2026/271970,V1,Krishna Kumar Contractor,260974.0,2026-08-21,"260,974.00 - 260,974.00",0.0,LOW,Payment In-Progress
TXN-002680,WS/MP18227/2025-2026/271972,V1,Krishna Kumar Contractor,260974.0,2026-08-21,"260,974.00 - 260,974.00",0.0,LOW,Payment In-Progress
TXN-002681,WS/MP18227/2025-2026/271973,V1,Krishna Kumar Contractor,260974.0,2026-08-21,"260,974.00 - 260,974.00",0.0,LOW,Payment In-Progress
TXN-002682,WS/MP18227/2025-2026/271971,V1,Krishna Kumar Contractor,260974.0,2026-08-21,"260,974.00 - 260,974.00",0.0,LOW,Payment In-Progress
TXN-002683,WS/MP18227/2025-2026/271989,V1,Krishna Kumar Contractor,260974.0,2026-08-21,"260,974.00 - 260,974.00",0.0,LOW,Payment In-Progress
TXN-002684,WS/MP18227/2025-2026/271985,V1,Krishna Kumar Contractor,260974.0,2026-08-21,"260,974.00 - 260,974.00",0.0,LOW,Payment In-Progress
TXN-002685,WS/MP18227/2025-2026/271988,V1,Krishna Kumar Contractor,260974.0,2026-08-21,"260,974.00 - 260,974.00",0.0,LOW,Payment In-Progress
TXN-002686,WS/MP18227/2025-2026/271990,V1,Krishna Kumar Contractor,260974.0,2026-08-21,"260,974.00 - 260,974.00",0.0,LOW,Payment In-Progress
TXN-002687,WS/MP18227/2025-2026/271984,V1,Krishna Kumar Contractor,260974.0,2026-08-21,"260,974.00 - 260,974.00",0.0,LOW,Payment In-Progress
TXN-002688,WS/MP18227/2025-2026/271986,V1,Krishna Kumar Contractor,260974.0,2026-08-21,"260,974.00 - 260,974.00",0.0,LOW,Payment In-Progress
TXN-002689,WS/MP18227/2025-2026/271987,V1,Krishna Kumar Contractor,260974.0,2026-08-21,"260,974.00 - 260,974.00",0.0,LOW,Payment In-Progress
TXN-002690,WS/MP18227/2025-2026/271981,V1,Krishna Kumar Contractor,260974.0,2026-08-21,"260,974.00 - 260,974.00",0.0,LOW,Payment In-Progress
TXN-002691,WS/MP18227/2025-2026/271976,V1,Krishna Kumar Contractor,260974.0,2026-08-21,"260,974.00 - 260,974.00",0.0,LOW,Payment In-Progress
TXN-002692,WS/MP18227/2025-2026/271975,V1,Krishna Kumar Contractor,260974.0,2026-08-21,"260,974.00 - 260,974.00",0.0,LOW,Payment In-Progress
TXN-002693,WS/MP18227/2025-2026/271978,V1,Krishna Kumar Contractor,260974.0,2026-08-21,"260,974.00 - 260,974.00",0.0,LOW,Payment In-Progress
TXN-002694,WS/MP18227/2025-2026/271977,V1,Krishna Kumar Contractor,260974.0,2026-08-21,"260,974.00 - 260,974.00",0.0,LOW,Payment In-Progress
TXN-002695,WS/MP18227/2025-2026/271974,V1,Krishna Kumar Contractor,260974.0,2026-08-21,"260,974.00 - 260,974.00",0.0,LOW,Payment In-Progress
TXN-002696,WS/MP18227/2025-2026/271980,V1,Krishna Kumar Contractor,260974.0,2026-08-21,"260,974.00 - 260,974.00",0.0,LOW,Payment In-Progress
TXN-002697,WS/MP18227/2025-2026/271969,V1,Krishna Kumar Contractor,260974.0,2026-08-21,"260,974.00 - 260,974.00",0.0,LOW,Payment In-Progress
TXN-002698,WS/MP18227/2025-2026/271982,V1,Krishna Kumar Contractor,260974.0,2026-08-21,"260,974.00 - 260,974.00",0.0,LOW,Payment In-Progress
TXN-002699,WS/MP18227/2025-2026/271979,V1,Krishna Kumar Contractor,260974.0,2026-08-21,"260,974.00 - 260,974.00",0.0,LOW,Payment In-Progress
TXN-002700,WS/MP18227/2025-2026/271983,V1,Krishna Kumar Contractor,260974.0,2026-08-21,"260,974.00 - 260,974.00",0.0,LOW,Payment In-Progress
TXN-002701,WS/MP18227/2025-2026/271996,V1,Krishna Kumar Contractor,260974.0,2026-08-21,"260,974.00 - 260,974.00",0.0,LOW,Payment In-Progress
TXN-002702,WS/MP18227/2025-2026/271991,V1,Krishna Kumar Contractor,260974.0,2026-08-21,"260,974.00 - 260,974.00",0.0,LOW,Payment In-Progress
TXN-002703,WS/MP18227/2025-2026/271997,V1,Krishna Kumar Contractor,260974.0,2026-08-21,"260,974.00 - 260,974.00",0.0,LOW,Payment In-Progress
TXN-002704,WS/MP18227/2025-2026/271992,V1,Krishna Kumar Contractor,260974.0,2026-08-21,"260,974.00 - 260,974.00",0.0,LOW,Payment In-Progress
TXN-002705,WS/MP18227/2025-2026/271995,V1,Krishna Kumar Contractor,260974.0,2026-08-21,"260,974.00 - 260,974.00",0.0,LOW,Payment In-Progress
TXN-002706,WS/MP18227/2025-2026/271993,V1,Krishna Kumar Contractor,260974.0,2026-08-21,"260,974.00 - 260,974.00",0.0,LOW,Payment In-Progress
TXN-002707,WS/MP18227/2025-2026/271994,V1,Krishna Kumar Contractor,260974.0,2026-08-21,"260,974.00 - 260,974.00",0.0,LOW,Payment In-Progress
TXN-002708,WS/MP18109/2026-2027/205624,V1,Sonu Singh,249728.0,2026-08-21,"249,728.00 - 249,728.00",0.0,LOW,Payment In-Progress
TXN-002709,WS/MP18345/2026-2027/216767,V1,S R V ENTERPRISES,894547.0,2026-08-27,"894,547.00 - 894,547.00",0.0,LOW,Payment In-Progress
TXN-002710,WS/MP18314/2025-2026/256967,V1,Lakhvir Kaur Sarpanch,12936.0,2026-08-26,"10,587.20 - 17,052.80",-6.4,LOW,Payment In-Progress
TXN-002711,WS/MP18314/2025-2026/256967,V1,Lakhvir Kaur Sarpanch,18082.0,2026-08-26,"10,587.20 - 17,052.80",30.84,MEDIUM,Payment In-Progress
TXN-002712,WS/MP18314/2025-2026/256967,V1,Lakhvir Kaur Sarpanch,10000.0,2026-08-26,"10,587.20 - 17,052.80",-27.64,MEDIUM,Payment In-Progress
TXN-002713,WS/MP18314/2025-2026/190974,V1,Sunil Enterprises Dirba,30078.0,2026-08-19,"30,078.00 - 30,078.00",0.0,LOW,Payment In-Progress
TXN-002714,WS/MP578/2025-2026/224056,V1,KHOKHARAUMAR GROUP GRAM PANCHAYAT,100000.0,2026-08-24,"100,000.00 - 100,000.00",0.0,LOW,Payment In-Progress
TXN-002715,WS/MP18005/2025-2026/235659,V1,KATTA PRASANNA KUMAR,999468.0,2026-08-18,"999,468.00 - 999,468.00",0.0,LOW,Payment In-Progress
TXN-002716,WS/MP18067/2025-2026/196252,V1,The Devi Luxmi Co Operative Labour and Construction Society Limited,693442.0,2026-08-18,"326,299.60 - 652,648.40",41.67,MEDIUM,Payment In-Progress
TXN-002717,WS/MP18067/2025-2026/214191,V1,The Devi Luxmi Co Operative Labour and Construction Society Limited,285506.0,2026-08-18,"326,299.60 - 652,648.40",-41.67,MEDIUM,Payment In-Progress
TXN-002718,WS/MP18350/2025-2026/182265,V1,DMF BOUDH,765.0,2026-08-17,765.00 - 765.00,0.0,LOW,Payment In-Progress
TXN-002719,WS/MP18193/2025-2026/250168,V1,Quality Contractors,327469.0,2026-08-19,"327,469.00 - 327,469.00",0.0,LOW,Payment In-Progress
TXN-002720,WS/MP18077/2026-2027/256273,V1,BASAVARAJ MAHANTESH PATIL,375000.0,2026-08-19,"375,000.00 - 375,000.00",0.0,LOW,Payment In-Progress
TXN-002721,WS/MP716/2025-2026/203945,V1,Amir Khan,10056.0,2026-08-21,"10,056.00 - 10,056.00",0.0,LOW,Payment In-Progress
TXN-002722,WS/MP716/2025-2026/203945,V1,Chidiya Khan,10056.0,2026-08-21,"10,056.00 - 10,056.00",0.0,LOW,Payment In-Progress
TXN-002723,WS/MP18164/2025-2026/259491,V1,JASAKARAN,26531.0,2026-08-26,"26,531.00 - 26,531.00",0.0,LOW,Payment In-Progress
TXN-002724,WS/MP829/2025-2026/206046,V1,RAHAMAN ENTERPRISE,328709.0,2026-08-19,"328,709.00 - 328,709.00",0.0,LOW,Payment In-Progress
TXN-002725,WS/MP18077/2026-2027/256261,V1,RAGHAVENDRA I NARAGATTI,375000.0,2026-08-19,"375,000.00 - 375,000.00",0.0,LOW,Payment In-Progress
TXN-002726,WS/MP18051/2026-2027/294537,V1,GRYGRAM PAN SENDMUDA,320000.0,2026-08-24,"320,000.00 - 320,000.00",0.0,LOW,Payment In-Progress
TXN-002727,WS/MP18051/2026-2027/294540,V1,GRAM PANCHAYAT KHOKSARA,320000.0,2026-08-24,"320,000.00 - 320,000.00",0.0,LOW,Payment In-Progress
TXN-002728,WS/MP18051/2026-2027/294539,V1,SRYGR PANCH JHIRIPANI,320000.0,2026-08-24,"320,000.00 - 320,000.00",0.0,LOW,Payment In-Progress
TXN-002729,WS/MP18003/2025-2026/229779,V1,PUSALAPATI CHINNA KONDAIAH,511985.0,2026-08-20,"511,985.00 - 511,985.00",0.0,LOW,Payment In-Progress
TXN-002730,WS/MP538/2025-2026/223632,V1,DIPTI ENTERPRISE,120703.0,2026-08-24,"120,703.00 - 120,703.00",0.0,LOW,Payment In-Progress
TXN-002731,WS/MP453/2026-2027/270689,V1,Junior Engineer III,250000.0,2026-08-20,"250,000.00 - 250,000.00",0.0,LOW,Payment In-Progress
TXN-002732,WS/MP453/2026-2027/263161,V1,Junior Engineer III,250000.0,2026-08-20,"250,000.00 - 250,000.00",0.0,LOW,Payment In-Progress
TXN-002733,WS/MP18083/2026-2027/267996,V1,SHRAVAN KUMAR SHETTY,499162.0,2026-08-19,"499,162.00 - 499,162.00",0.0,LOW,Payment In-Progress
TXN-002734,WS/MP18154/2026-2027/299572,V1,Rajindera BKO,319800.0,2026-08-27,"319,800.00 - 319,800.00",0.0,LOW,Payment In-Progress
TXN-002735,WS/MP578/2025-2026/254137,V1,KEVDI GROUP GRAM PANCHAYAT,200000.0,2026-08-24,"200,000.00 - 200,000.00",0.0,LOW,Payment In-Progress
TXN-002736,WS/MP577/2025-2026/161809,V1,GRUP GRAMPANCHAYAT SANJELI,227240.0,2026-08-26,"233,761.30 - 285,931.70",-12.55,LOW,Payment In-Progress
TXN-002737,WS/MP18154/2026-2027/299572,V1,KHEHRA TRADING COMPANY,178830.0,2026-08-27,"178,830.00 - 178,830.00",0.0,LOW,Payment In-Progress
TXN-002738,WS/MP18022/2026-2027/265553,V1,Raju Gogoi,500000.0,2026-08-24,"500,000.00 - 500,000.00",0.0,LOW,Payment In-Progress
TXN-002739,WS/MP18056/2025-2026/232551,V1,Nanjibhai Devshibhai Makvana,785489.0,2026-08-21,"424,796.90 - 745,412.10",34.25,MEDIUM,Payment In-Progress
TXN-002740,WS/MP18056/2025-2026/206243,V1,Nanjibhai Devshibhai Makvana,384720.0,2026-08-21,"424,796.90 - 745,412.10",-34.25,MEDIUM,Payment In-Progress
TXN-002741,WS/MP18189/2026-2027/261343,V1,Swarna Narendra Kumar,498359.0,2026-08-24,"498,359.00 - 498,359.00",0.0,LOW,Payment In-Progress
TXN-002742,WS/MP18351/2025-2026/234271,V1,EE APSIDC INTREST AND DISBURESEMENT,300000.0,2026-08-25,"300,000.00 - 300,000.00",0.0,LOW,Payment In-Progress
TXN-002743,WS/MP18169/2026-2027/229775,V1,TANISHKA PRAKASHAN,4000000.0,2026-08-20,"4,000,000.00 - 4,000,000.00",0.0,LOW,Payment In-Progress
TXN-002744,WS/MP18054/2026-2027/244860,V1,SIX FILTERS TECHNOLOGY,56000.0,2026-08-24,"56,000.00 - 56,000.00",0.0,LOW,Payment In-Progress
TXN-002745,WS/MP18162/2025-2026/178543,V1,Sukhdev balai,31000.0,2026-08-24,"31,000.00 - 31,000.00",0.0,LOW,Payment In-Progress
TXN-002746,WS/MP18004/2025-2026/197241,V1,TAVITI NAIDU REDDY,500000.0,2026-08-21,"500,000.00 - 500,000.00",0.0,LOW,Payment In-Progress
TXN-002747,WS/MP389/2025-2026/213677,V1,SHRISHYAM ENTERPRISE,412534.0,2026-08-27,"412,534.00 - 412,534.00",0.0,LOW,Payment In-Progress
TXN-002748,WS/MP823/2025-2026/191917,V1,AGAMESWARI CO OPERATIVE LABOUR CONTRACT AND CONSTRUCTION SOCIETY LTD,3994199.0,2026-08-21,"3,994,199.00 - 3,994,199.00",0.0,LOW,Payment In-Progress
TXN-002749,WS/MP18058/2025-2026/270872,V1,Lachanpura Gram Panchayat,500000.0,2026-08-21,"500,000.00 - 500,000.00",0.0,LOW,Payment In-Progress
TXN-002750,WS/MP18025/2026-2027/230786,V1,ANITA RAJPUT KUMAR,310056.0,2026-08-27,"310,056.00 - 310,056.00",0.0,LOW,Payment In-Progress
TXN-002751,WS/MP18162/2025-2026/187407,V1,Balaji Construction,393597.0,2026-08-22,"393,597.00 - 393,597.00",0.0,LOW,Payment In-Progress
TXN-002752,WS/MP18162/2025-2026/187418,V1,Shankar lal Gadri,7410.0,2026-08-25,"7,410.00 - 7,410.00",0.0,LOW,Payment In-Progress
TXN-002753,WS/MP18162/2025-2026/187418,V1,Parmanand,7410.0,2026-08-25,"7,410.00 - 7,410.00",0.0,LOW,Payment In-Progress
TXN-002754,WS/MP18162/2025-2026/187418,V1,Mahaveer Kumawat,7410.0,2026-08-25,"7,410.00 - 7,410.00",0.0,LOW,Payment In-Progress
TXN-002755,WS/MP18162/2025-2026/187418,V1,Mahaveer Parsad Mali,18400.0,2026-08-25,"18,400.00 - 18,400.00",0.0,LOW,Payment In-Progress
TXN-002756,WS/MP18162/2025-2026/187418,V1,Chotu Regar,7410.0,2026-08-25,"7,410.00 - 7,410.00",0.0,LOW,Payment In-Progress
TXN-002757,WS/MP18162/2025-2026/187418,V1,Badri Kumhar,7410.0,2026-08-25,"7,410.00 - 7,410.00",0.0,LOW,Payment In-Progress
TXN-002758,WS/MP18162/2025-2026/187418,V1,Debi lal Gujar,10400.0,2026-08-25,"10,400.00 - 10,400.00",0.0,LOW,Payment In-Progress
TXN-002759,WS/MP18162/2025-2026/187418,V1,Prahlad Kumawat,7410.0,2026-08-25,"7,410.00 - 7,410.00",0.0,LOW,Payment In-Progress
TXN-002760,WS/MP300/2025-2026/226393,V1,BRAHMANANDA SAHOO,692305.0,2026-08-25,"692,305.00 - 692,305.00",0.0,LOW,Payment In-Progress
TXN-002761,WS/MP18321/2026-2027/276653,V1,JASVANTPURA GRAM PANCHAYAT,200000.0,2026-08-21,"200,000.00 - 200,000.00",0.0,LOW,Payment In-Progress
TXN-002762,WS/MP316/2025-2026/221396,V1,KUBER PRASAD,796239.0,2026-08-21,"796,239.00 - 796,239.00",0.0,LOW,Payment In-Progress
TXN-002763,WS/MP710/2025-2026/149889,V1,Anbarasan G,1229867.0,2026-08-25,"1,229,867.00 - 1,229,867.00",0.0,LOW,Payment In-Progress
TXN-002764,WS/MP18183/2025-2026/253716,V1,KARTHIK P,576388.0,2026-08-25,"576,388.00 - 576,388.00",0.0,LOW,Payment In-Progress
TXN-002765,WS/MP18263/2026-2027/173834,V1,MANJUNATH M C,198410.0,2026-08-21,"198,410.00 - 198,410.00",0.0,LOW,Payment In-Progress
TXN-002766,WS/MP18241/2026-2027/283169,V1,MANAGER SAMITI BABURAM MUNNI DEVI BALIKA,599975.0,2026-08-21,"599,975.00 - 599,975.00",0.0,LOW,Payment In-Progress
TXN-002767,WS/MP300/2026-2027/257860,V1,ABHIMANYU GIRI,395692.0,2026-08-21,"395,692.00 - 395,692.00",0.0,LOW,Payment In-Progress
TXN-002768,WS/MP18158/2026-2027/261347,V1,Mobera Singh,47250.0,2026-08-26,"47,250.00 - 47,250.00",0.0,LOW,Payment In-Progress
TXN-002769,WS/MP18312/2026-2027/181189,V1,MS NS INFRA ENTERPRISES,1697470.0,2026-08-24,"1,697,470.00 - 1,697,470.00",0.0,LOW,Payment In-Progress
TXN-002770,WS/MP380/2025-2026/192935,V1,Jodh Singh Sarpanch Rabbon Uchi,50848.0,2026-08-25,"50,848.00 - 50,848.00",0.0,LOW,Payment In-Progress
TXN-002771,WS/MP18150/2026-2027/272770,V1,ROJALOIN BEHERA,661978.0,2026-08-25,"661,978.00 - 661,978.00",0.0,LOW,Payment In-Progress
TXN-002772,WS/MP394/2026-2027/247484,V1,Rajive C K,456779.0,2026-08-27,"456,779.00 - 456,779.00",0.0,LOW,Payment In-Progress
TXN-002773,WS/MP18367/2026-2027/274998,V1,BISHNU CONSTRUCTION,497932.0,2026-08-24,"497,932.00 - 497,932.00",0.0,LOW,Payment In-Progress
TXN-002774,WS/MP18048/2026-2027/298600,V1,KHAND SHROT SAMANVAYAK SAMAGRA SIKSHA VIKASKHAND GEEDAM,1250000.0,2026-08-27,"1,250,000.00 - 1,250,000.00",0.0,LOW,Payment In-Progress
TXN-002775,WS/MP18328/2026-2027/267699,V1,Gram Panchayat Hataun,100000.0,2026-08-27,"100,000.00 - 100,000.00",0.0,LOW,Payment In-Progress
TXN-002776,WS/MP18257/2026-2027/236225,V1,MS GOPINATH MAITY,342151.0,2026-08-25,"342,151.00 - 342,151.00",0.0,LOW,Payment In-Progress
TXN-002777,WS/MP18257/2026-2027/260192,V1,TIRUPATI ENTERPRISE,348032.0,2026-08-25,"348,032.00 - 348,032.00",0.0,LOW,Payment In-Progress
TXN-002778,WS/MP18034/2025-2026/264760,V1,SHREE SHYAM ENTERPRISES,988493.0,2026-08-26,"515,661.80 - 988,668.20",31.42,MEDIUM,Payment In-Progress
TXN-002779,WS/MP18034/2025-2026/239086,V1,SHREE SHYAM ENTERPRISES,988712.0,2026-08-25,"515,661.80 - 988,668.20",31.45,MEDIUM,Payment In-Progress
TXN-002780,WS/MP021/2026-2027/268956,V1,HARISH CHANDRA BHATT TRADERS,85107.0,2026-08-27,"85,107.00 - 85,107.00",0.0,LOW,Payment In-Progress
TXN-002781,WS/MP575/2025-2026/162949,V1,khergam vibhag majur ane kamagaro sahkari mandli limited khergam,500000.0,2026-08-24,"500,000.00 - 500,000.00",0.0,LOW,Payment In-Progress
TXN-002782,WS/MP18328/2025-2026/222020,V1,Gram Panchayat Talkehar,70000.0,2026-08-25,"70,000.00 - 70,000.00",0.0,LOW,Payment In-Progress
TXN-002783,WS/MP18115/2026-2027/186677,V1,GRAM PANCHAYAT ITKHEDA,699241.0,2026-08-27,"699,241.00 - 699,241.00",0.0,LOW,Payment In-Progress
TXN-002784,WS/MP18324/2026-2027/283079,V1,GIGASAN GRAM PANCHAYAT,390000.0,2026-08-27,"390,000.00 - 390,000.00",0.0,LOW,Payment In-Progress
TXN-002785,WS/MP431/2025-2026/265214,V1,THE LAL KRIPA COOP LANDC SOCIETY LTD,428013.0,2026-08-25,"428,013.00 - 428,013.00",0.0,LOW,Payment In-Progress
TXN-002786,WS/MP316/2025-2026/274954,V1,ANIL KUMAR SINGH,812494.0,2026-08-27,"812,494.00 - 812,494.00",0.0,LOW,Payment In-Progress
TXN-002787,WS/MP386/2026-2027/243829,V1,SHIV CONSTRUCTION PARBATSAR,564000.0,2026-08-26,"564,000.00 - 564,000.00",0.0,LOW,Payment In-Progress
TXN-002788,WS/MP18181/2026-2027/305132,V1,JAYALAKSHMI BUILDERS,2000000.0,2026-08-27,"2,000,000.00 - 2,000,000.00",0.0,LOW,Payment In-Progress
TXN-002789,WS/MP18328/2025-2026/221892,V1,Gram Panchayat Utpur,70000.0,2026-08-26,"70,000.00 - 70,000.00",0.0,LOW,Payment In-Progress
TXN-002790,WS/MP18181/2025-2026/213160,V1,BRINDHA,781543.0,2026-08-27,"781,543.00 - 781,543.00",0.0,LOW,Payment In-Progress
TXN-002791,WS/MP18042/2025-2026/259729,V1,DHIRAJ KUMAR,1197855.0,2026-08-27,"1,197,855.00 - 1,197,855.00",0.0,LOW,Payment In-Progress
TXN-002792,WS/MP337/2026-2027/159965,V1,RAGHAVENDRA,500000.0,2026-08-26,"500,000.00 - 500,000.00",0.0,LOW,Payment In-Progress
TXN-002793,WS/MP716/2024-2025/142661,V1,National Sports and Games,150000.0,2026-08-26,"150,000.00 - 150,000.00",0.0,LOW,Payment In-Progress
TXN-002794,WS/MP18328/2026-2027/272919,V1,GP Sorta,80000.0,2026-08-27,"80,000.00 - 80,000.00",0.0,LOW,Payment In-Progress
TXN-002795,WS/MP18189/2026-2027/260078,V1,MADDISETTI SATYA PRASAD,499623.0,2026-08-27,"499,623.00 - 499,623.00",0.0,LOW,Payment In-Progress
TXN-002796,WS/MP18328/2025-2026/221900,V1,Sewa Bharti samitti Ropri Kalehru,70000.0,2026-08-26,"70,000.00 - 70,000.00",0.0,LOW,Payment In-Progress
TXN-002797,WS/MP18328/2025-2026/221505,V1,GP Bhararoo,60000.0,2026-08-26,"60,000.00 - 60,000.00",0.0,LOW,Payment In-Progress
TXN-002798,WS/MP18328/2026-2027/267695,V1,Gram Panchayat Pali,120000.0,2026-08-26,"120,000.00 - 120,000.00",0.0,LOW,Payment In-Progress
TXN-002799,WS/MP18328/2025-2026/222405,V1,Gram Panchayat Nauhali,70000.0,2026-08-25,"70,000.00 - 70,000.00",0.0,LOW,Payment In-Progress
TXN-002800,WS/MP770/2026-2027/181064,V1,DEVENDER REDDY KAVVA,193764.0,2026-08-27,"193,764.00 - 193,764.00",0.0,LOW,Payment In-Progress
TXN-002801,WS/MP18172/2025-2026/144452,V1,GAURAV,3250.0,2026-08-27,"2,800.00 - 3,200.00",8.33,LOW,Payment In-Progress
TXN-002802,WS/MP18172/2025-2026/144452,V1,GAURAV,2750.0,2026-08-27,"2,800.00 - 3,200.00",-8.33,LOW,Payment In-Progress
TXN-002803,WS/MP18172/2025-2026/144452,V1,PRABHU LAL GAYARI,2750.0,2026-08-27,"3,195.00 - 6,755.00",-44.72,MEDIUM,Payment In-Progress
TXN-002804,WS/MP18172/2025-2026/144452,V1,PRABHU LAL GAYARI,7200.0,2026-08-27,"3,195.00 - 6,755.00",44.72,MEDIUM,Payment In-Progress
TXN-002805,WS/MP18172/2025-2026/144452,V1,PRITHRIRAJ,3250.0,2026-08-27,"2,800.00 - 3,200.00",8.33,LOW,Payment In-Progress
TXN-002806,WS/MP18172/2025-2026/144452,V1,PRITHRIRAJ,2750.0,2026-08-27,"2,800.00 - 3,200.00",-8.33,LOW,Payment In-Progress
TXN-002807,WS/MP18172/2025-2026/144452,V1,RATAN LAL GAYARI,2750.0,2026-08-27,"3,255.00 - 7,295.00",-47.87,MEDIUM,Payment In-Progress
TXN-002808,WS/MP18172/2025-2026/144452,V1,RATAN LAL GAYARI,7800.0,2026-08-27,"3,255.00 - 7,295.00",47.87,MEDIUM,Payment In-Progress
TXN-002809,WS/MP18172/2025-2026/144452,V1,SHANKAR LAL GAYARI,1750.0,2026-08-27,"2,235.00 - 6,115.00",-58.08,HIGH,Payment In-Progress
TXN-002810,WS/MP18172/2025-2026/144452,V1,SHANKAR LAL GAYARI,6600.0,2026-08-27,"2,235.00 - 6,115.00",58.08,HIGH,Payment In-Progress
TXN-002811,WS/MP18172/2025-2026/144452,V1,REKHA GAYARI,2750.0,2026-08-27,"2,800.00 - 3,200.00",-8.33,LOW,Payment In-Progress
TXN-002812,WS/MP18172/2025-2026/144452,V1,REKHA GAYARI,3250.0,2026-08-27,"2,800.00 - 3,200.00",8.33,LOW,Payment In-Progress
TXN-002813,WS/MP18172/2025-2026/144452,V1,SOHANI BAI GAYARI,2750.0,2026-08-27,"2,800.00 - 3,200.00",-8.33,LOW,Payment In-Progress
TXN-002814,WS/MP18172/2025-2026/144452,V1,SOHANI BAI GAYARI,3250.0,2026-08-27,"2,800.00 - 3,200.00",8.33,LOW,Payment In-Progress
TXN-002815,WS/MP18172/2025-2026/144452,V1,VALI BAI GAYARI,3250.0,2026-08-27,"2,800.00 - 3,200.00",8.33,LOW,Payment In-Progress
TXN-002816,WS/MP18172/2025-2026/144452,V1,VALI BAI GAYARI,2750.0,2026-08-27,"2,800.00 - 3,200.00",-8.33,LOW,Payment In-Progress
TXN-002817,WS/MP18172/2025-2026/144452,V1,SOHAN LAL,3250.0,2026-08-27,"2,800.00 - 3,200.00",8.33,LOW,Payment In-Progress
TXN-002818,WS/MP18172/2025-2026/144452,V1,SOHAN LAL,2750.0,2026-08-27,"2,800.00 - 3,200.00",-8.33,LOW,Payment In-Progress
TXN-002819,WS/MP18172/2025-2026/144452,V1,BHAGWANI BAI,2500.0,2026-08-27,"2,500.00 - 2,500.00",0.0,LOW,Payment In-Progress
TXN-002820,WS/MP18111/2026-2027/268993,V1,GRAMPANCHAYAT KARYALAY LAKHPURI,982424.0,2026-08-27,"982,424.00 - 982,424.00",0.0,LOW,Payment In-Progress
TXN-002821,WS/MP18328/2025-2026/221895,V1,Gram panchayat Kolang,70000.0,2026-08-26,"70,000.00 - 70,000.00",0.0,LOW,Payment In-Progress
TXN-002822,WS/MP524/2025-2026/215305,V1,K MURUSALEEM,199321.0,2026-08-27,"199,321.00 - 199,321.00",0.0,LOW,Payment In-Progress
TXN-002823,WS/MP716/2025-2026/189732,V1,Gora Bhathal Cement Store,10380.0,2026-08-26,"10,380.00 - 10,380.00",0.0,LOW,Payment In-Progress
TXN-002824,WS/MP716/2025-2026/189732,V1,Bagga Singh,9749.0,2026-08-26,"9,749.00 - 9,749.00",0.0,LOW,Payment In-Progress
TXN-002825,WS/MP18314/2025-2026/256967,V1,Garg Iron Store Barnala,52805.0,2026-08-26,"52,805.00 - 52,805.00",0.0,LOW,Payment In-Progress
TXN-002826,WS/MP18328/2025-2026/222517,V1,Gram Panchayat Matehar,70000.0,2026-08-26,"70,000.00 - 70,000.00",0.0,LOW,Payment In-Progress
TXN-002827,WS/MP477/2026-2027/274283,V1,bhuwan chandra joshi,12096.0,2026-08-27,"8,532.00 - 11,700.00",19.57,LOW,Payment In-Progress
TXN-002828,WS/MP477/2026-2027/274283,V1,diksha joshi,12096.0,2026-08-27,"12,096.00 - 12,096.00",0.0,LOW,Payment In-Progress
TXN-002829,WS/MP477/2026-2027/274283,V1,pushpa devi,12096.0,2026-08-27,"12,096.00 - 12,096.00",0.0,LOW,Payment In-Progress
TXN-002830,WS/MP477/2026-2027/274283,V1,hansa devi,12096.0,2026-08-27,"12,096.00 - 12,096.00",0.0,LOW,Payment In-Progress
TXN-002831,WS/MP18328/2025-2026/242429,V1,Gram Panchayat Gounta,150000.0,2026-08-26,"150,000.00 - 150,000.00",0.0,LOW,Payment In-Progress
TXN-002832,WS/MP477/2026-2027/274283,V1,basant ballbh joshi,13130.0,2026-08-27,"13,130.00 - 13,130.00",0.0,LOW,Payment In-Progress
TXN-002833,WS/MP18328/2025-2026/221898,V1,Gram Panchayat Khaddar,70000.0,2026-08-26,"70,000.00 - 70,000.00",0.0,LOW,Payment In-Progress
TXN-002834,WS/MP18429/2026-2027/247336,V1,GRAM PANCHAYAT KARYALAYA JAKAPUR TQ KANDHAR,494000.0,2026-08-27,"494,000.00 - 494,000.00",0.0,LOW,Payment In-Progress
TXN-002835,WS/MP329/2026-2027/290631,V1,Sarv Kalyan Manch,1100000.0,2026-08-27,"1,100,000.00 - 1,100,000.00",0.0,LOW,Payment In-Progress
TXN-002836,WS/MP021/2026-2027/268956,V1,TIRLOCHAN,10980.0,2026-08-27,"10,980.00 - 10,980.00",0.0,LOW,Payment In-Progress
TXN-002837,WS/MP021/2026-2027/268956,V1,HARISH CHANDRA JOSHI,10980.0,2026-08-27,"10,980.00 - 10,980.00",0.0,LOW,Payment In-Progress
TXN-002838,WS/MP021/2026-2027/268956,V1,VINOD CHANDRA BHATT,15150.0,2026-08-27,"15,150.00 - 15,150.00",0.0,LOW,Payment In-Progress
TXN-002839,WS/MP021/2026-2027/268956,V1,HARISH CHANDRA BHATT,15150.0,2026-08-27,"15,150.00 - 15,150.00",0.0,LOW,Payment In-Progress
TXN-002840,WS/MP021/2026-2027/268956,V1,PAWAN BHATT,10980.0,2026-08-27,"10,980.00 - 10,980.00",0.0,LOW,Payment In-Progress
TXN-002841,WS/MP021/2026-2027/268956,V1,NAVEEN CHANDRA BHATT,15150.0,2026-08-27,"15,150.00 - 15,150.00",0.0,LOW,Payment In-Progress
TXN-002842,WS/MP021/2026-2027/268956,V1,BHARTI RAWAT,8052.0,2026-08-27,"8,052.00 - 8,052.00",0.0,LOW,Payment In-Progress
TXN-002843,WS/MP18211/2025-2026/257772,V1,Mahesh Shahi son of Tej Bahadur Shahi,1227789.0,2026-08-24,"1,227,789.00 - 1,227,789.00",0.0,LOW,Payment In-Progress
TXN-002844,WS/MP18211/2025-2026/257773,V1,RAKESH YADAV SON OF MAHANGU YADAV,939599.0,2026-08-24,"939,599.00 - 939,599.00",0.0,LOW,Payment In-Progress
TXN-002845,WS/MP18312/2026-2027/227530,V1,Santhiya,1059245.0,2026-08-27,"1,059,245.00 - 1,059,245.00",0.0,LOW,Payment In-Progress
TXN-002846,WS/MP18328/2026-2027/269099,V1,Gram Panchayat Latran,60000.0,2026-08-24,"60,000.00 - 60,000.00",0.0,LOW,Payment In-Progress
TXN-002847,WS/MP18328/2026-2027/267698,V1,Gram Panchayat Silh Badhani,120000.0,2026-08-25,"120,000.00 - 120,000.00",0.0,LOW,Payment In-Progress
TXN-002848,WS/MP600/2026-2027/273887,V1,Chanchal Singh,185900.0,2026-08-27,"31,770.50 - 168,774.50",85.39,HIGH,Payment In-Progress
TXN-002849,WS/MP600/2026-2027/273901,V1,Shankar Singh,133700.0,2026-08-27,"133,700.00 - 133,700.00",0.0,LOW,Payment In-Progress
TXN-002850,WS/MP18328/2025-2026/222407,V1,Gram Panchayat Bihun,70000.0,2026-08-25,"70,000.00 - 70,000.00",0.0,LOW,Payment In-Progress
TXN-002851,WS/MP18328/2026-2027/269106,V1,PradhanGP Kufri,120000.0,2026-08-24,"120,000.00 - 120,000.00",0.0,LOW,Payment In-Progress
TXN-002852,WS/MP18328/2025-2026/221506,V1,Gram Panchayat Bhadyara bhulla,70000.0,2026-08-24,"70,000.00 - 70,000.00",0.0,LOW,Payment Success
TXN-002853,WS/MP18328/2025-2026/221503,V1,G P Nichala Garoru,100000.0,2026-08-24,"100,000.00 - 100,000.00",0.0,LOW,Payment Success
TXN-002854,WS/MP18328/2025-2026/222024,V1,PradhanGP Kadhar,60000.0,2026-08-24,"60,000.00 - 60,000.00",0.0,LOW,Payment Success
TXN-002855,WS/MP18328/2025-2026/222025,V1,GP Hargunen,60000.0,2026-08-24,"60,000.00 - 60,000.00",0.0,LOW,Payment Success
TXN-002856,WS/MP18328/2025-2026/222021,V1,Gram Panchayat Tikroo,70000.0,2026-08-24,"70,000.00 - 70,000.00",0.0,LOW,Payment Success
TXN-002857,WS/MP18328/2026-2027/267697,V1,GP Kunnu,60000.0,2026-08-24,"60,000.00 - 60,000.00",0.0,LOW,Payment Success
TXN-002858,WS/MP18263/2026-2027/267799,V1,ARUN K,250000.0,2026-08-24,"250,000.00 - 250,000.00",0.0,LOW,Payment Success
TXN-002859,WS/MP18328/2025-2026/221897,V1,Gram Panhayat Tullah,70000.0,2026-08-24,"70,000.00 - 70,000.00",0.0,LOW,Payment Success
TXN-002860,WS/MP18328/2025-2026/222520,V1,Gram Panchayat Khadiar,70000.0,2026-08-24,"70,000.00 - 70,000.00",0.0,LOW,Payment Success
TXN-002861,WS/MP18328/2026-2027/268095,V1,Gram Panchayat Kathog,60000.0,2026-08-24,"60,000.00 - 60,000.00",0.0,LOW,Payment Success
TXN-002862,WS/MP18328/2026-2027/269028,V1,Gram Panchayat Kathog,60000.0,2026-08-24,"60,000.00 - 60,000.00",0.0,LOW,Payment Success
TXN-002863,WS/MP18328/2026-2027/272670,V1,GP Baridhar,80000.0,2026-08-24,"80,000.00 - 80,000.00",0.0,LOW,Payment Success
TXN-002864,WS/MP18328/2026-2027/272671,V1,Prashar Yuvak Mandal Rehardhar,60000.0,2026-08-24,"60,000.00 - 60,000.00",0.0,LOW,Payment Success
TXN-002865,WS/MP18328/2025-2026/221803,V1,Gram Panchayat Bhadyara,70000.0,2026-08-24,"70,000.00 - 70,000.00",0.0,LOW,Payment Success
TXN-002866,WS/MP18328/2025-2026/221891,V1,Gram Panchayat Pihar Bhedlu,70000.0,2026-08-24,"70,000.00 - 70,000.00",0.0,LOW,Payment Success
TXN-002867,WS/MP18328/2025-2026/221894,V1,Gram Panchayat Bharol,70000.0,2026-08-24,"70,000.00 - 70,000.00",0.0,LOW,Payment Success
TXN-002868,WS/MP18328/2025-2026/222411,V1,Pradhan GP Dhart Bagla Sec GP Dart Bagala,60000.0,2026-08-22,"60,000.00 - 60,000.00",0.0,LOW,Payment Success
TXN-002869,WS/MP18263/2026-2027/241118,V1,DINESH NAYAK,298314.0,2026-08-24,"298,314.00 - 298,314.00",0.0,LOW,Payment Success
TXN-002870,WS/MP18269/2026-2027/246434,V1,Sre MCM and Co,2276220.0,2026-08-24,"2,276,220.00 - 2,276,220.00",0.0,LOW,Payment Success
TXN-002871,WS/MP18328/2026-2027/267700,V1,Gram Panchayat Tung,75000.0,2026-08-24,"77,500.00 - 97,500.00",-14.29,LOW,Payment Success
TXN-002872,WS/MP18328/2026-2027/267711,V1,Gram Panchayat Tung,100000.0,2026-08-24,"77,500.00 - 97,500.00",14.29,LOW,Payment Success
TXN-002873,WS/MP18328/2025-2026/222523,V1,Pradhan GP Masoli,60000.0,2026-08-22,"60,000.00 - 60,000.00",0.0,LOW,Payment Success
TXN-002874,WS/MP18328/2025-2026/221811,V1,Gram Panchayat Golwan,150000.0,2026-08-22,"150,000.00 - 150,000.00",0.0,LOW,Payment Success
TXN-002875,WS/MP600/2026-2027/273602,V1,ANIJLI SHARMA,178500.0,2026-08-22,"178,500.00 - 178,500.00",0.0,LOW,Payment Success
TXN-002876,WS/MP18354/2026-2027/269119,V1,GRAM PANCHAYAT BAGHIMA,299984.0,2026-08-24,"299,984.00 - 299,984.00",0.0,LOW,Payment Success
TXN-002877,WS/MP18155/2025-2026/255595,V1,bagha Hardware Paint Store,23590.0,2026-08-21,"23,590.00 - 23,590.00",0.0,LOW,Payment Success
TXN-002878,WS/MP18311/2026-2027/277742,V1,shivalik engineers and contractors,20750.0,2026-08-24,"19,924.00 - 67,887.00",-52.74,HIGH,Payment Success
TXN-002879,WS/MP18311/2026-2027/277742,V1,shivalik engineers and contractors,85120.0,2026-08-24,"19,924.00 - 67,887.00",93.87,HIGH,Payment Success
TXN-002880,WS/MP18311/2026-2027/277742,V1,shivalik engineers and contractors,50654.0,2026-08-24,"19,924.00 - 67,887.00",15.37,LOW,Payment Success
TXN-002881,WS/MP18311/2026-2027/280930,V1,shivalik engineers and contractors,19098.0,2026-08-24,"19,924.00 - 67,887.00",-56.5,HIGH,Payment Success
TXN-002882,WS/MP18311/2026-2027/280930,V1,shivalik engineers and contractors,42560.0,2026-08-24,"19,924.00 - 67,887.00",-3.06,LOW,Payment Success
TXN-002883,WS/MP18311/2026-2027/280930,V1,shivalik engineers and contractors,20750.0,2026-08-24,"19,924.00 - 67,887.00",-52.74,HIGH,Payment Success
TXN-002884,WS/MP428/2026-2027/304499,V1,GRAM PANCHAYAT MOKHALI,150000.0,2026-08-24,"150,000.00 - 150,000.00",0.0,LOW,Payment Success
TXN-002885,WS/MP18161/2026-2027/270073,V1,deepak kumar,1140.0,2026-08-21,"1,140.00 - 1,140.00",0.0,LOW,Payment Success
TXN-002886,WS/MP18042/2026-2027/259766,V1,THAKUR AMRENDRA KUMAR SINGH,797038.0,2026-08-22,"797,038.00 - 797,038.00",0.0,LOW,Payment Success
TXN-002887,WS/MP18099/2026-2027/281679,V1,Brahman Parishad berasia,700000.0,2026-08-24,"700,000.00 - 700,000.00",0.0,LOW,Payment Success
TXN-002888,WS/MP18042/2026-2027/259762,V1,MARUTI CONSTRUCTION,697438.0,2026-08-21,"697,438.00 - 697,438.00",0.0,LOW,Payment Success
TXN-002889,WS/MP18328/2025-2026/222518,V1,Gram Panchayat Langna,70000.0,2026-08-22,"70,000.00 - 70,000.00",0.0,LOW,Payment Success
TXN-002890,WS/MP18328/2025-2026/222022,V1,Gram Panchayat Bhager,60000.0,2026-08-22,"60,000.00 - 60,000.00",0.0,LOW,Payment Success
TXN-002891,WS/MP18328/2026-2027/273143,V1,GP Suin Kufridhar,200000.0,2026-08-24,"200,000.00 - 200,000.00",0.0,LOW,Payment Success
TXN-002892,WS/MP18008/2026-2027/254607,V1,Eda Harsha vardhan reddy,844562.0,2026-08-24,"844,562.00 - 844,562.00",0.0,LOW,Payment Success
TXN-002893,WS/MP18328/2026-2027/273152,V1,GP Belardhar,80000.0,2026-08-24,"80,000.00 - 80,000.00",0.0,LOW,Payment Success
TXN-002894,WS/MP18328/2026-2027/273150,V1,GP Pangna,60000.0,2026-08-24,"60,000.00 - 60,000.00",0.0,LOW,Payment Success
TXN-002895,WS/MP18328/2026-2027/273151,V1,GP Pangna,60000.0,2026-08-24,"60,000.00 - 60,000.00",0.0,LOW,Payment Success
TXN-002896,WS/MP477/2026-2027/269915,V1,shivoham by Gajanan,24720.0,2026-08-24,"24,720.00 - 24,720.00",0.0,LOW,Payment Success
TXN-002897,WS/MP477/2026-2027/269915,V1,BLOCK DEVELOPMENT OFFICER,5912.0,2026-08-24,"3,695.00 - 86,656.00",-86.91,HIGH,Payment Success
TXN-002898,WS/MP477/2026-2027/269915,V1,BLOCK DEVELOPMENT OFFICER,1478.0,2026-08-24,"3,695.00 - 86,656.00",-96.73,HIGH,Payment Success
TXN-002899,WS/MP761/2026-2027/192188,V1,GKNR Constructions and Man Power suppliers,436800.0,2026-08-21,"436,800.00 - 436,800.00",0.0,LOW,Payment Success
TXN-002900,WS/MP348/2025-2026/216596,V1,LIYON M V,620299.0,2026-08-21,"620,299.00 - 620,299.00",0.0,LOW,Payment Success
TXN-002901,WS/MP18111/2026-2027/273202,V1,GRAM PANCHAYAT DURGWADA,972077.0,2026-08-24,"972,077.00 - 972,077.00",0.0,LOW,Payment Success
TXN-002902,WS/MP477/2026-2027/279797,V1,SHANKER NATH,2400.0,2026-08-24,"2,400.00 - 2,400.00",0.0,LOW,Payment Success
TXN-002903,WS/MP021/2025-2026/208921,V1,NEELAM,18300.0,2026-08-23,"9,994.80 - 17,377.20",33.71,MEDIUM,Payment Success
TXN-002904,WS/MP18154/2026-2027/276103,V1,SB TRADING COMPANY,251900.0,2026-08-20,"251,900.00 - 251,900.00",0.0,LOW,Payment Success
TXN-002905,WS/MP577/2025-2026/199271,V1,GRUP GRAMPANCHAYAT SANJELI,292453.0,2026-08-23,"233,761.30 - 285,931.70",12.55,LOW,Payment Success
TXN-002906,WS/MP18181/2026-2027/305122,V1,Raju S,1500000.0,2026-08-22,"1,500,000.00 - 1,500,000.00",0.0,LOW,Payment Success
TXN-002907,WS/MP640/2026-2027/163384,V1,MANISH CONSTRUCTION AND VENDORS,300000.0,2026-08-19,"210,000.00 - 290,000.00",20.0,MEDIUM,Payment Success
TXN-002908,WS/MP640/2026-2027/163384,V1,MANISH CONSTRUCTION AND VENDORS,200000.0,2026-08-24,"210,000.00 - 290,000.00",-20.0,MEDIUM,Payment Success
TXN-002909,WS/MP18158/2025-2026/201323,V1,SHREE BALAJI ENTERPRISES,11092.0,2026-08-21,"11,092.00 - 11,092.00",0.0,LOW,Payment Success
TXN-002910,WS/MP18158/2025-2026/201323,V1,NEW MAHA LUXMI BRICKS,2448.0,2026-08-21,"6,039.30 - 34,769.70",-88.0,HIGH,Payment Success
TXN-002911,WS/MP18158/2025-2026/201323,V1,NEW MAHA LUXMI BRICKS,38361.0,2026-08-21,"6,039.30 - 34,769.70",88.0,HIGH,Payment Success
TXN-002912,WS/MP18158/2025-2026/201323,V1,yuvraj electrical,1984.0,2026-08-19,"2,149.10 - 3,469.90",-29.38,MEDIUM,Payment Success
TXN-002913,WS/MP18158/2025-2026/201323,V1,yuvraj electrical,3635.0,2026-08-19,"2,149.10 - 3,469.90",29.38,MEDIUM,Payment Success
TXN-002914,WS/MP18146/2025-2026/177757,V1,BABALU BEHERA,291000.0,2026-08-21,"291,000.00 - 291,000.00",0.0,LOW,Payment Success
TXN-002915,WS/MP18328/2025-2026/242407,V1,Munshi Ram,300000.0,2026-08-21,"300,000.00 - 300,000.00",0.0,LOW,Payment Success
TXN-002916,WS/MP18042/2025-2026/259638,V1,RAJEEV KUMAR SINGH,999370.0,2026-08-21,"999,370.00 - 999,370.00",0.0,LOW,Payment Success
TXN-002917,WS/MP18324/2025-2026/219922,V1,GRAM PANCHAYAT HAMAPUR,499262.0,2026-08-21,"499,262.00 - 499,262.00",0.0,LOW,Payment Success
TXN-002918,WS/MP18390/2026-2027/148734,V1,BDO Saidpur,299793.0,2026-08-24,"299,516.70 - 299,762.30",0.05,LOW,Payment Success
TXN-002919,WS/MP18390/2026-2027/148735,V1,BDO Saidpur,299486.0,2026-08-24,"299,516.70 - 299,762.30",-0.05,LOW,Payment Success
TXN-002920,WS/MP18154/2026-2027/292663,V1,SHUBH ENTERPRISES,300000.0,2026-08-20,"300,000.00 - 300,000.00",0.0,LOW,Payment Success
TXN-002921,WS/MP18154/2026-2027/277352,V1,INTERLOCKING TILE FACTORY,500000.0,2026-08-20,"500,000.00 - 500,000.00",0.0,LOW,Payment Success
TXN-002922,WS/MP18154/2026-2027/277870,V1,NAHAR TRADING,175600.0,2026-08-20,"175,600.00 - 175,600.00",0.0,LOW,Payment Success
TXN-002923,WS/MP18062/2025-2026/228316,V1,The HR Co Op LC Society Ltd,296849.0,2026-08-21,"296,849.00 - 296,849.00",0.0,LOW,Payment Success
TXN-002924,WS/MP600/2026-2027/274178,V1,SAROJ BALA,202000.0,2026-08-21,"202,000.00 - 202,000.00",0.0,LOW,Payment Success
TXN-002925,WS/MP577/2024-2025/133597,V1,GRAM PANCHAYAT NIMACH,249291.0,2026-08-20,"249,291.00 - 249,291.00",0.0,LOW,Payment Success
TXN-002926,WS/MP423/2025-2026/201433,V1,EVEREST CONSTRUCTION,799755.0,2026-08-24,"799,755.00 - 799,755.00",0.0,LOW,Payment Success
TXN-002927,WS/MP18144/2026-2027/269154,V1,Hareram Panda,500000.0,2026-08-19,"500,000.00 - 500,000.00",0.0,LOW,Payment Success
TXN-002928,WS/MP577/2025-2026/133602,V1,GRAM PANCHAYAT NADHELAV,250000.0,2026-08-20,"250,000.00 - 250,000.00",0.0,LOW,Payment Success
TXN-002929,WS/MP18154/2025-2026/259404,V1,M S Aulakh Contractors,250000.0,2026-08-21,"250,000.00 - 250,000.00",0.0,LOW,Payment Success
TXN-002930,WS/MP18161/2026-2027/270073,V1,umesh chand,415580.0,2026-08-18,"415,580.00 - 415,580.00",0.0,LOW,Payment Success
TXN-002931,WS/MP18161/2026-2027/270073,V1,banwari,3705.0,2026-08-21,"3,705.00 - 3,705.00",0.0,LOW,Payment Success
TXN-002932,WS/MP18161/2026-2027/270073,V1,BHUPENDRA KUMAR,9750.0,2026-08-21,"9,750.00 - 9,750.00",0.0,LOW,Payment Success
TXN-002933,WS/MP18161/2026-2027/270073,V1,DHARMENDRA KUMAR,3705.0,2026-08-21,"3,705.00 - 3,705.00",0.0,LOW,Payment Success
TXN-002934,WS/MP18161/2026-2027/270073,V1,GAJEBDRA,9750.0,2026-08-21,"9,750.00 - 9,750.00",0.0,LOW,Payment Success
TXN-002935,WS/MP18161/2026-2027/270073,V1,HARI OM,3705.0,2026-08-21,"3,705.00 - 3,705.00",0.0,LOW,Payment Success
TXN-002936,WS/MP18161/2026-2027/270073,V1,KELLA DEVI,3705.0,2026-08-21,"3,705.00 - 3,705.00",0.0,LOW,Payment Success
TXN-002937,WS/MP18161/2026-2027/270073,V1,MAHESH CHAND,3705.0,2026-08-21,"4,384.50 - 9,820.50",-47.84,MEDIUM,Payment Success
TXN-002938,WS/MP18161/2026-2027/270073,V1,MANJU,3705.0,2026-08-21,"3,705.00 - 3,705.00",0.0,LOW,Payment Success
TXN-002939,WS/MP18161/2026-2027/270073,V1,NARENDRA KUMAR,3705.0,2026-08-21,"4,439.50 - 10,315.50",-49.78,MEDIUM,Payment Success
TXN-002940,WS/MP526/2024-2025/147535,V1,MALLIBOYANA BALAKRISHNA,109235.0,2026-08-19,"143,295.10 - 415,775.90",-60.92,HIGH,Payment Success
TXN-002941,WS/MP526/2026-2027/269796,V1,MALLIBOYANA BALAKRISHNA,449836.0,2026-08-19,"143,295.10 - 415,775.90",60.92,HIGH,Payment Success
TXN-002942,WS/MP18161/2026-2027/270073,V1,NAVNIT TIWARI,3705.0,2026-08-21,"3,705.00 - 3,705.00",0.0,LOW,Payment Success
TXN-002943,WS/MP18161/2026-2027/270073,V1,PAWAN DAI,3705.0,2026-08-21,"3,705.00 - 3,705.00",0.0,LOW,Payment Success
TXN-002944,WS/MP18161/2026-2027/270073,V1,PREETI KUMARI,3705.0,2026-08-21,"3,705.00 - 3,705.00",0.0,LOW,Payment Success
TXN-002945,WS/MP18161/2026-2027/270073,V1,RAMESH CHAND,3705.0,2026-08-21,"3,705.00 - 3,705.00",0.0,LOW,Payment Success
TXN-002946,WS/MP18161/2026-2027/270073,V1,RAVINDRA KUMAR,3705.0,2026-08-21,"3,705.00 - 3,705.00",0.0,LOW,Payment Success
TXN-002947,WS/MP18161/2026-2027/270073,V1,UMESH KUMAR,3705.0,2026-08-21,"3,705.00 - 3,705.00",0.0,LOW,Payment Success
TXN-002948,WS/MP18161/2026-2027/270073,V1,YATENDRA KUMAR,9750.0,2026-08-21,"9,750.00 - 9,750.00",0.0,LOW,Payment Success
TXN-002949,WS/MP18161/2026-2027/270073,V1,YOGESH,3705.0,2026-08-21,"3,705.00 - 3,705.00",0.0,LOW,Payment Success
TXN-002950,WS/MP443/2026-2027/292931,V1,GP JAMONIYA JP BIAORA,150000.0,2026-08-18,"150,000.00 - 150,000.00",0.0,LOW,Payment Success
TXN-002951,WS/MP18369/2026-2027/165950,V1,AAVESH RAUF SHEIKH,198998.0,2026-08-17,"198,998.00 - 198,998.00",0.0,LOW,Payment Success
TXN-002952,WS/MP568/2026-2027/291810,V1,SARPANCH GRAM PANCHAYAT JAMGAON M,260000.0,2026-08-18,"260,000.00 - 260,000.00",0.0,LOW,Payment Success
TXN-002953,WS/MP568/2026-2027/291808,V1,SARPANCH GRAM PANCHAYAT TELIGUNDRA,350000.0,2026-08-18,"350,000.00 - 350,000.00",0.0,LOW,Payment Success
TXN-002954,WS/MP18111/2026-2027/273222,V1,GP KHERDA BK STHANIK VIKAS NIDHI,986945.0,2026-08-19,"986,945.00 - 986,945.00",0.0,LOW,Payment Success
TXN-002955,WS/MP18328/2026-2027/273147,V1,GP Thali,80000.0,2026-08-24,"80,000.00 - 80,000.00",0.0,LOW,Payment Success
TXN-002956,WS/MP18086/2026-2027/194015,V1,C S RAMESH,225000.0,2026-08-17,"225,000.00 - 225,000.00",0.0,LOW,Payment Success
TXN-002957,WS/MP18155/2025-2026/247632,V1,Ms Badyal Brothers Cement Store,32000.0,2026-08-21,"22,154.50 - 60,745.50",-22.8,MEDIUM,Payment Success
TXN-002958,WS/MP18155/2025-2026/247632,V1,Ms Badyal Brothers Cement Store,32000.0,2026-08-21,"22,154.50 - 60,745.50",-22.8,MEDIUM,Payment Success
TXN-002959,WS/MP18155/2025-2026/247632,V1,Ms Badyal Brothers Cement Store,73065.0,2026-08-21,"22,154.50 - 60,745.50",76.27,HIGH,Payment Success
TXN-002960,WS/MP18155/2025-2026/247632,V1,Ms Badyal Brothers Cement Store,17935.0,2026-08-21,"22,154.50 - 60,745.50",-56.73,HIGH,Payment Success
TXN-002961,WS/MP791/2026-2027/252221,V1,DDU KANYA INTER COLLEGE MITHAUWA,300000.0,2026-08-19,"300,000.00 - 300,000.00",0.0,LOW,Payment Success
TXN-002962,WS/MP477/2026-2027/279797,V1,K R AND SONS Binta Almora,94297.0,2026-08-19,"94,297.00 - 94,297.00",0.0,LOW,Payment Success
TXN-002963,WS/MP477/2026-2027/279797,V1,VINOD CHANDRA,8136.0,2026-08-24,"8,136.00 - 8,136.00",0.0,LOW,Payment Success
TXN-002964,WS/MP477/2026-2027/279797,V1,BHUWAN CHANDRA JOSHI,8136.0,2026-08-24,"8,532.00 - 11,700.00",-19.57,LOW,Payment Success
TXN-002965,WS/MP477/2026-2027/279797,V1,SURESH CHANDRA,5400.0,2026-08-24,"5,400.00 - 5,400.00",0.0,LOW,Payment Success
TXN-002966,WS/MP477/2026-2027/279797,V1,Khasti Devi Joshi,5400.0,2026-08-24,"5,400.00 - 5,400.00",0.0,LOW,Payment Success
TXN-002967,WS/MP477/2026-2027/279797,V1,BHUWAN CHANDRA MATHPAL,5400.0,2026-08-24,"5,400.00 - 5,400.00",0.0,LOW,Payment Success
TXN-002968,WS/MP477/2026-2027/279797,V1,MAMTA MATHPAL,5400.0,2026-08-24,"5,400.00 - 5,400.00",0.0,LOW,Payment Success
TXN-002969,WS/MP477/2026-2027/279797,V1,BABITA PATHAK,5400.0,2026-08-24,"5,400.00 - 5,400.00",0.0,LOW,Payment Success
TXN-002970,WS/MP477/2026-2027/279797,V1,DAYA DEVI,5400.0,2026-08-24,"5,400.00 - 5,400.00",0.0,LOW,Payment Success
TXN-002971,WS/MP477/2026-2027/279797,V1,TULSI DEVI JOSHI,5400.0,2026-08-24,"5,400.00 - 5,400.00",0.0,LOW,Payment Success
TXN-002972,WS/MP477/2026-2027/279797,V1,BHUWAN SINGH,5400.0,2026-08-24,"5,400.00 - 5,400.00",0.0,LOW,Payment Success
TXN-002973,WS/MP477/2026-2027/279797,V1,ANIL KUMAR,5400.0,2026-08-24,"5,400.00 - 5,400.00",0.0,LOW,Payment Success
TXN-002974,WS/MP477/2026-2027/279797,V1,CHARU JOSHI,5400.0,2026-08-24,"5,400.00 - 5,400.00",0.0,LOW,Payment Success
TXN-002975,WS/MP477/2026-2027/279797,V1,MUNNI DEVI,5400.0,2026-08-24,"3,705.00 - 13,356.00",-36.7,MEDIUM,Payment Success
TXN-002976,WS/MP477/2026-2027/279797,V1,DHAN SINGH,5400.0,2026-08-24,"5,400.00 - 5,400.00",0.0,LOW,Payment Success
TXN-002977,WS/MP477/2026-2027/279797,V1,KHEEMA NATH,5400.0,2026-08-24,"5,400.00 - 5,400.00",0.0,LOW,Payment Success
TXN-002978,WS/MP477/2026-2027/279797,V1,DEVKI DEVI,5400.0,2026-08-24,"5,400.00 - 5,400.00",0.0,LOW,Payment Success
TXN-002979,WS/MP477/2026-2027/279797,V1,NEEMA,2400.0,2026-08-24,"2,400.00 - 2,400.00",0.0,LOW,Payment Success
TXN-002980,WS/MP477/2026-2027/279797,V1,MANOJ MATHPAL,2400.0,2026-08-24,"2,400.00 - 2,400.00",0.0,LOW,Payment Success
TXN-002981,WS/MP18227/2026-2027/280095,V1,Naina Devi Construction,260852.0,2026-08-19,"260,852.00 - 260,852.00",0.0,LOW,Payment Success
TXN-002982,WS/MP18227/2026-2027/280105,V1,Naina Devi Construction,260852.0,2026-08-19,"260,852.00 - 260,852.00",0.0,LOW,Payment Success
TXN-002983,WS/MP18227/2026-2027/280103,V1,Naina Devi Construction,260852.0,2026-08-19,"260,852.00 - 260,852.00",0.0,LOW,Payment Success
TXN-002984,WS/MP18227/2026-2027/280102,V1,Naina Devi Construction,260852.0,2026-08-19,"260,852.00 - 260,852.00",0.0,LOW,Payment Success
TXN-002985,WS/MP18227/2026-2027/280113,V1,Naina Devi Construction,260852.0,2026-08-19,"260,852.00 - 260,852.00",0.0,LOW,Payment Success
TXN-002986,WS/MP18227/2026-2027/280112,V1,Naina Devi Construction,260852.0,2026-08-19,"260,852.00 - 260,852.00",0.0,LOW,Payment Success
TXN-002987,WS/MP18227/2026-2027/280111,V1,Naina Devi Construction,260852.0,2026-08-19,"260,852.00 - 260,852.00",0.0,LOW,Payment Success
TXN-002988,WS/MP18227/2026-2027/280110,V1,Naina Devi Construction,260852.0,2026-08-19,"260,852.00 - 260,852.00",0.0,LOW,Payment Success
TXN-002989,WS/MP18227/2026-2027/280109,V1,Naina Devi Construction,260852.0,2026-08-19,"260,852.00 - 260,852.00",0.0,LOW,Payment Success
TXN-002990,WS/MP18227/2026-2027/280108,V1,Naina Devi Construction,260852.0,2026-08-19,"260,852.00 - 260,852.00",0.0,LOW,Payment Success
TXN-002991,WS/MP18227/2026-2027/280104,V1,Naina Devi Construction,260852.0,2026-08-19,"260,852.00 - 260,852.00",0.0,LOW,Payment Success
TXN-002992,WS/MP18227/2026-2027/280094,V1,Naina Devi Construction,260852.0,2026-08-19,"260,852.00 - 260,852.00",0.0,LOW,Payment Success
TXN-002993,WS/MP18227/2026-2027/280087,V1,Naina Devi Construction,260852.0,2026-08-19,"260,852.00 - 260,852.00",0.0,LOW,Payment Success
TXN-002994,WS/MP18227/2026-2027/280093,V1,Naina Devi Construction,260852.0,2026-08-19,"260,852.00 - 260,852.00",0.0,LOW,Payment Success
TXN-002995,WS/MP18227/2026-2027/280092,V1,Naina Devi Construction,260852.0,2026-08-19,"260,852.00 - 260,852.00",0.0,LOW,Payment Success
TXN-002996,WS/MP18227/2026-2027/280091,V1,Naina Devi Construction,260852.0,2026-08-19,"260,852.00 - 260,852.00",0.0,LOW,Payment Success
TXN-002997,WS/MP18227/2026-2027/280090,V1,Naina Devi Construction,260852.0,2026-08-19,"260,852.00 - 260,852.00",0.0,LOW,Payment Success
TXN-002998,WS/MP18227/2026-2027/280101,V1,Naina Devi Construction,260852.0,2026-08-19,"260,852.00 - 260,852.00",0.0,LOW,Payment Success
TXN-002999,WS/MP18227/2026-2027/280100,V1,Naina Devi Construction,260852.0,2026-08-19,"260,852.00 - 260,852.00",0.0,LOW,Payment Success
TXN-003000,WS/MP18227/2026-2027/280086,V1,Naina Devi Construction,260852.0,2026-08-19,"260,852.00 - 260,852.00",0.0,LOW,Payment Success
TXN-003001,WS/MP18227/2026-2027/280085,V1,Naina Devi Construction,260852.0,2026-08-19,"260,852.00 - 260,852.00",0.0,LOW,Payment Success
TXN-003002,WS/MP18227/2026-2027/280084,V1,Naina Devi Construction,260852.0,2026-08-19,"260,852.00 - 260,852.00",0.0,LOW,Payment Success
TXN-003003,WS/MP18227/2026-2027/280083,V1,Naina Devi Construction,260852.0,2026-08-19,"260,852.00 - 260,852.00",0.0,LOW,Payment Success
TXN-003004,WS/MP18227/2026-2027/280088,V1,Naina Devi Construction,260852.0,2026-08-19,"260,852.00 - 260,852.00",0.0,LOW,Payment Success
TXN-003005,WS/MP18227/2026-2027/280080,V1,Naina Devi Construction,260852.0,2026-08-19,"260,852.00 - 260,852.00",0.0,LOW,Payment Success
TXN-003006,WS/MP18227/2026-2027/280089,V1,Naina Devi Construction,260852.0,2026-08-19,"260,852.00 - 260,852.00",0.0,LOW,Payment Success
TXN-003007,WS/MP18227/2026-2027/280081,V1,Naina Devi Construction,260852.0,2026-08-19,"260,852.00 - 260,852.00",0.0,LOW,Payment Success
TXN-003008,WS/MP18227/2026-2027/280082,V1,Naina Devi Construction,260852.0,2026-08-19,"260,852.00 - 260,852.00",0.0,LOW,Payment Success
TXN-003009,WS/MP18227/2026-2027/280079,V1,Naina Devi Construction,260852.0,2026-08-19,"260,852.00 - 260,852.00",0.0,LOW,Payment Success
TXN-003010,WS/MP18227/2026-2027/280099,V1,Naina Devi Construction,260852.0,2026-08-19,"260,852.00 - 260,852.00",0.0,LOW,Payment Success
TXN-003011,WS/MP18227/2026-2027/280098,V1,Naina Devi Construction,260852.0,2026-08-19,"260,852.00 - 260,852.00",0.0,LOW,Payment Success
TXN-003012,WS/MP18227/2026-2027/280097,V1,Naina Devi Construction,260852.0,2026-08-19,"260,852.00 - 260,852.00",0.0,LOW,Payment Success
TXN-003013,WS/MP18227/2026-2027/280096,V1,Naina Devi Construction,260852.0,2026-08-19,"260,852.00 - 260,852.00",0.0,LOW,Payment Success
TXN-003014,WS/MP18146/2026-2027/177755,V1,BDO GHASIPURA ROYALTY,16869.0,2026-08-21,"16,869.00 - 16,869.00",0.0,LOW,Payment Success
TXN-003015,WS/MP021/2025-2026/208921,V1,vishal,18300.0,2026-08-23,"46,470.00 - 271,830.00",-88.5,HIGH,Payment Success
TXN-003016,WS/MP643/2025-2026/259819,V1,gram panchayat bhawsa,500000.0,2026-08-17,"500,000.00 - 500,000.00",0.0,LOW,Payment Success
TXN-003017,WS/MP18264/2025-2026/208761,V1,Sabu K A,367621.0,2026-08-17,"367,621.00 - 367,621.00",0.0,LOW,Payment Success
TXN-003018,WS/MP568/2026-2027/295316,V1,GRAM PANCHAYT SARDA,375000.0,2026-08-18,"375,000.00 - 375,000.00",0.0,LOW,Payment Success
TXN-003019,WS/MP770/2026-2027/245428,V1,Gunta Ravi,184482.0,2026-08-19,"185,256.70 - 191,454.30",-2.06,LOW,Payment Success
TXN-003020,WS/MP770/2026-2027/245426,V1,Gunta Ravi,192229.0,2026-08-19,"185,256.70 - 191,454.30",2.06,LOW,Payment Success
TXN-003021,WS/MP756/2026-2027/242938,V1,SUNDARASU,382845.0,2026-08-18,"382,845.00 - 382,845.00",0.0,LOW,Payment Success
TXN-003022,WS/MP568/2026-2027/298663,V1,GRAM PANCHAYT KHARRA,400000.0,2026-08-18,"400,000.00 - 400,000.00",0.0,LOW,Payment Success
TXN-003023,WS/MP568/2026-2027/298666,V1,GRAM PANCHAYAT KHAMTRAI,400000.0,2026-08-18,"400,000.00 - 400,000.00",0.0,LOW,Payment Success
TXN-003024,WS/MP568/2026-2027/298665,V1,GRAM PANCHAYT GODGIRI,400000.0,2026-08-18,"400,000.00 - 400,000.00",0.0,LOW,Payment Success
TXN-003025,WS/MP568/2026-2027/298664,V1,GRAM PANCHAYT DEVRI,400000.0,2026-08-18,"400,000.00 - 400,000.00",0.0,LOW,Payment Success
TXN-003026,WS/MP18338/2026-2027/258078,V1,V Indrasena,498542.0,2026-08-17,"498,542.00 - 498,542.00",0.0,LOW,Payment Success
TXN-003027,WS/MP18155/2025-2026/262258,V1,SONIA RANI,28800.0,2026-08-19,"31,320.00 - 51,480.00",-30.43,MEDIUM,Payment Success
TXN-003028,WS/MP18155/2025-2026/262258,V1,SONIA RANI,54000.0,2026-08-19,"31,320.00 - 51,480.00",30.43,MEDIUM,Payment Success
TXN-003029,WS/MP18161/2026-2027/258730,V1,bhagwan singh,425285.0,2026-08-20,"10,248.20 - 426,030.50",94.96,HIGH,Payment Success
TXN-003030,WS/MP18161/2026-2027/258721,V1,bhagwan singh,426350.0,2026-08-20,"10,248.20 - 426,030.50",95.45,HIGH,Payment Success
TXN-003031,WS/MP329/2026-2027/279156,V1,The Titani Co op l and C Society LTD,202988.0,2026-08-14,"202,988.00 - 202,988.00",0.0,LOW,Payment Success
TXN-003032,WS/MP329/2026-2027/279156,V1,Dada Udal Dev Industries,96941.0,2026-08-14,"96,941.00 - 96,941.00",0.0,LOW,Payment Success
TXN-003033,WS/MP18158/2026-2027/279021,V1,SD TILE AND ANDUSTRIES,45840.0,2026-08-18,"45,840.00 - 45,840.00",0.0,LOW,Payment Success
TXN-003034,WS/MP18158/2026-2027/279021,V1,SD TILE AND ANDUSTRIES,45840.0,2026-08-18,"45,840.00 - 45,840.00",0.0,LOW,Payment Success
TXN-003035,WS/MP18158/2026-2027/279021,V1,SD TILE AND ANDUSTRIES,45840.0,2026-08-18,"45,840.00 - 45,840.00",0.0,LOW,Payment Success
TXN-003036,WS/MP18158/2026-2027/279021,V1,SD TILE AND ANDUSTRIES,45840.0,2026-08-18,"45,840.00 - 45,840.00",0.0,LOW,Payment Success
TXN-003037,WS/MP18158/2026-2027/279021,V1,RAM KUMAR THERI SARPANCH,74540.0,2026-08-18,"74,540.00 - 74,540.00",0.0,LOW,Payment Success
TXN-003038,WS/MP380/2026-2027/273248,V1,Dasmesh tiles and buliding material,27200.0,2026-08-19,"31,080.00 - 62,120.00",-41.63,MEDIUM,Payment Success
TXN-003039,WS/MP380/2026-2027/273248,V1,Dasmesh tiles and buliding material,66000.0,2026-08-19,"31,080.00 - 62,120.00",41.63,MEDIUM,Payment Success
TXN-003040,WS/MP380/2026-2027/273248,V1,jaswinder singh,35638.0,2026-08-19,"35,638.00 - 35,638.00",0.0,LOW,Payment Success
TXN-003041,WS/MP18158/2025-2026/232779,V1,GS TILES,93200.0,2026-08-18,"93,200.00 - 93,200.00",0.0,LOW,Payment Success
TXN-003042,WS/MP021/2025-2026/177534,V1,RKTREDERS,7262.0,2026-08-22,"7,262.00 - 7,262.00",0.0,LOW,Payment Success
TXN-003043,WS/MP18161/2026-2027/268581,V1,aakash,10500.0,2026-08-16,"4,641.00 - 9,849.00",44.93,MEDIUM,Payment Success
TXN-003044,WS/MP18161/2026-2027/268581,V1,pohap singh,10500.0,2026-08-16,"4,710.30 - 9,856.70",44.16,MEDIUM,Payment Success
TXN-003045,WS/MP18161/2026-2027/268581,V1,pohap singh,4067.0,2026-08-20,"4,710.30 - 9,856.70",-44.16,MEDIUM,Payment Success
TXN-003046,WS/MP18161/2026-2027/268581,V1,mahavir singh,3990.0,2026-08-16,"3,990.00 - 3,990.00",0.0,LOW,Payment Success
TXN-003047,WS/MP18161/2026-2027/268581,V1,guddi devi,3990.0,2026-08-16,"6,022.80 - 799,053.20",-99.01,HIGH,Payment Success
TXN-003048,WS/MP18161/2026-2027/268581,V1,lokendra singh,3990.0,2026-08-16,"3,990.00 - 3,990.00",0.0,LOW,Payment Success
TXN-003049,WS/MP18161/2026-2027/268581,V1,asha,1140.0,2026-08-16,"2,856.00 - 16,584.00",-88.27,HIGH,Payment Success
TXN-003050,WS/MP18161/2026-2027/268581,V1,rimjhim,3990.0,2026-08-16,"3,990.00 - 3,990.00",0.0,LOW,Payment Success
TXN-003051,WS/MP18161/2026-2027/268581,V1,savitri devi,3990.0,2026-08-16,"5,241.60 - 16,396.80",-63.12,HIGH,Payment Success
TXN-003052,WS/MP18161/2026-2027/268581,V1,mahesh chand,10500.0,2026-08-16,"4,384.50 - 9,820.50",47.84,MEDIUM,Payment Success
TXN-003053,WS/MP18161/2026-2027/268581,V1,khaimraj,3990.0,2026-08-16,"3,990.00 - 3,990.00",0.0,LOW,Payment Success
TXN-003054,WS/MP18161/2026-2027/268581,V1,seenu,3990.0,2026-08-16,"3,990.00 - 3,990.00",0.0,LOW,Payment Success
TXN-003055,WS/MP18161/2026-2027/268581,V1,pramod,3990.0,2026-08-16,"3,990.00 - 3,990.00",0.0,LOW,Payment Success
TXN-003056,WS/MP021/2025-2026/208921,V1,ASHA,18300.0,2026-08-23,"2,856.00 - 16,584.00",88.27,HIGH,Payment Success
TXN-003057,WS/MP021/2025-2026/208921,V1,MEENA DEVI,18300.0,2026-08-23,"18,300.00 - 18,300.00",0.0,LOW,Payment Success
TXN-003058,WS/MP021/2025-2026/208921,V1,RADHA,18300.0,2026-08-23,"18,300.00 - 18,300.00",0.0,LOW,Payment Success
TXN-003059,WS/MP021/2025-2026/208921,V1,PRAKASH CHANDRA,18300.0,2026-08-23,"18,300.00 - 18,300.00",0.0,LOW,Payment Success
TXN-003060,WS/MP021/2025-2026/208921,V1,NAMVATI,9595.0,2026-08-23,"9,595.00 - 9,595.00",0.0,LOW,Payment Success
TXN-003061,WS/MP021/2025-2026/208921,V1,CHANDRA SEN,9595.0,2026-08-23,"9,595.00 - 9,595.00",0.0,LOW,Payment Success
TXN-003062,WS/MP021/2025-2026/208921,V1,ANIS,9595.0,2026-08-23,"9,595.00 - 9,595.00",0.0,LOW,Payment Success
TXN-003063,WS/MP021/2025-2026/208921,V1,SAFIK,9595.0,2026-08-23,"9,595.00 - 9,595.00",0.0,LOW,Payment Success
TXN-003064,WS/MP18310/2026-2027/243221,V1,JYOTIMAYI PATTANAYAK,500000.0,2026-08-16,"500,000.00 - 500,000.00",0.0,LOW,Payment Success
TXN-003065,WS/MP18103/2026-2027/285484,V1,GP DUBAHA,250000.0,2026-08-14,"250,000.00 - 250,000.00",0.0,LOW,Payment Success
TXN-003066,WS/MP393/2026-2027/206525,V1,LAKSHMI INDUSTRIES,928530.0,2026-08-14,"928,530.00 - 928,530.00",0.0,LOW,Payment Success
TXN-003067,WS/MP18311/2026-2027/280933,V1,Sarpanch Cement Iron Store,32025.0,2026-08-21,"29,653.00 - 45,958.60",-15.29,LOW,Payment Success
TXN-003068,WS/MP18311/2026-2027/280933,V1,Sarpanch Cement Iron Store,49442.0,2026-08-21,"29,653.00 - 45,958.60",30.78,MEDIUM,Payment Success
TXN-003069,WS/MP18311/2026-2027/280933,V1,Sarpanch Cement Iron Store,29060.0,2026-08-21,"29,653.00 - 45,958.60",-23.13,MEDIUM,Payment Success
TXN-003070,WS/MP18166/2025-2026/256671,V1,INDUS INITIATIVE COUNCIL,195706.0,2026-08-17,"195,706.00 - 195,706.00",0.0,LOW,Payment Success
TXN-003071,WS/MP18185/2026-2027/246646,V1,RICHARD HARDSON K,1499336.0,2026-08-14,"1,499,336.00 - 1,499,336.00",0.0,LOW,Payment Success
TXN-003072,WS/MP18324/2025-2026/272470,V1,shree jambarvala gram panchayat,400000.0,2026-08-14,"400,000.00 - 400,000.00",0.0,LOW,Payment Success
TXN-003073,WS/MP18042/2026-2027/260755,V1,NIDHI ENTERPRISES,489900.0,2026-08-22,"489,900.00 - 489,900.00",0.0,LOW,Payment Success
TXN-003074,WS/MP316/2025-2026/237834,V1,DHUPENDRA PRASAD,1458930.0,2026-08-17,"1,458,930.00 - 1,458,930.00",0.0,LOW,Payment Success
TXN-003075,WS/MP18158/2025-2026/269985,V1,J S TRADING,24389.0,2026-08-14,"24,389.00 - 24,389.00",0.0,LOW,Payment Success
TXN-003076,WS/MP18158/2025-2026/269985,V1,BALISTER PATEL,15600.0,2026-08-14,"12,120.00 - 18,680.00",1.3,LOW,Payment Success
TXN-003077,WS/MP18158/2025-2026/269985,V1,BALISTER PATEL,12000.0,2026-08-14,"12,120.00 - 18,680.00",-22.08,MEDIUM,Payment Success
TXN-003078,WS/MP18158/2025-2026/269985,V1,BALISTER PATEL,20000.0,2026-08-14,"12,120.00 - 18,680.00",29.87,MEDIUM,Payment Success
TXN-003079,WS/MP18158/2025-2026/269985,V1,BALISTER PATEL,12400.0,2026-08-14,"12,120.00 - 18,680.00",-19.48,LOW,Payment Success
TXN-003080,WS/MP18158/2025-2026/269985,V1,J S TRADERS,80378.0,2026-08-14,"80,378.00 - 80,378.00",0.0,LOW,Payment Success
TXN-003081,WS/MP18158/2025-2026/269985,V1,JBM CONSTRUCTIONS AND SUPPLIERS,7600.0,2026-08-14,"7,600.00 - 7,600.00",0.0,LOW,Payment Success
TXN-003082,WS/MP18350/2026-2027/274667,V1,Puspanjali Murmu,168300.0,2026-08-21,"203,940.00 - 346,500.00",-38.85,MEDIUM,Payment Success
TXN-003083,WS/MP18350/2026-2027/274666,V1,Puspanjali Murmu,346500.0,2026-08-14,"203,940.00 - 346,500.00",25.9,MEDIUM,Payment Success
TXN-003084,WS/MP18350/2026-2027/274668,V1,Puspanjali Murmu,346500.0,2026-08-18,"203,940.00 - 346,500.00",25.9,MEDIUM,Payment Success
TXN-003085,WS/MP021/2025-2026/178118,V1,mahendra kumar,10248.0,2026-08-23,"11,016.60 - 17,165.40",-27.27,MEDIUM,Payment Success
TXN-003086,WS/MP021/2025-2026/178119,V1,mahendra kumar,17934.0,2026-08-23,"11,016.60 - 17,165.40",27.27,MEDIUM,Payment Success
TXN-003087,WS/MP021/2025-2026/178118,V1,JOD SINGH,11615.0,2026-08-23,"12,877.50 - 22,977.50",-35.21,MEDIUM,Payment Success
TXN-003088,WS/MP021/2025-2026/178119,V1,JOD SINGH,24240.0,2026-08-23,"12,877.50 - 22,977.50",35.21,MEDIUM,Payment Success
TXN-003089,WS/MP021/2025-2026/178118,V1,DINESH CHNDRA,10248.0,2026-08-23,"11,016.60 - 17,165.40",-27.27,MEDIUM,Payment Success
TXN-003090,WS/MP021/2025-2026/178119,V1,DINESH CHNDRA,17934.0,2026-08-23,"11,016.60 - 17,165.40",27.27,MEDIUM,Payment Success
TXN-003091,WS/MP18276/2025-2026/224997,V1,KUMAS GRAM PANCHAYAT,125265.0,2026-08-18,"125,265.00 - 125,265.00",0.0,LOW,Payment Success
TXN-003092,WS/MP18244/2025-2026/210024,V1,SUBRATA SAHA,735030.0,2026-08-14,"735,030.00 - 735,030.00",0.0,LOW,Payment Success
TXN-003093,WS/MP18244/2025-2026/210026,V1,SUBRATA SAHA,735030.0,2026-08-14,"735,030.00 - 735,030.00",0.0,LOW,Payment Success
TXN-003094,WS/MP18244/2025-2026/210027,V1,SUBRATA SAHA,735030.0,2026-08-14,"735,030.00 - 735,030.00",0.0,LOW,Payment Success
TXN-003095,WS/MP18244/2025-2026/210029,V1,SUBRATA SAHA,735030.0,2026-08-14,"735,030.00 - 735,030.00",0.0,LOW,Payment Success
TXN-003096,WS/MP18244/2025-2026/210030,V1,SUBRATA SAHA,735030.0,2026-08-14,"735,030.00 - 735,030.00",0.0,LOW,Payment Success
TXN-003097,WS/MP18244/2025-2026/210028,V1,SUBRATA SAHA,735030.0,2026-08-14,"735,030.00 - 735,030.00",0.0,LOW,Payment Success
TXN-003098,WS/MP18018/2025-2026/231455,V1,Pinninti Ramanamma,78792.0,2026-08-14,"78,792.00 - 78,792.00",0.0,LOW,Payment Success
TXN-003099,WS/MP477/2026-2027/269915,V1,radha bora,7812.0,2026-08-17,"7,812.00 - 7,812.00",0.0,LOW,Payment Success
TXN-003100,WS/MP18326/2025-2026/238269,V1,KEDARIYA GRAM PANCHAYAT,499087.0,2026-08-18,"499,087.00 - 499,087.00",0.0,LOW,Payment Success
TXN-003101,WS/MP18104/2026-2027/285482,V1,GRAM PANCHAYAT MISROD SARPANCH GRAM,150000.0,2026-08-14,"150,000.00 - 150,000.00",0.0,LOW,Payment Success
TXN-003102,WS/MP618/2026-2027/228206,V1,BEERAPPA S YANNI,375000.0,2026-08-13,"375,000.00 - 375,000.00",0.0,LOW,Payment Success
TXN-003103,WS/MP866/2025-2026/266782,V1,KSK ENGINEERS,1137736.0,2026-08-17,"1,141,911.40 - 1,175,314.60",-1.8,LOW,Payment Success
TXN-003104,WS/MP866/2025-2026/266784,V1,KSK ENGINEERS,1179490.0,2026-08-17,"1,141,911.40 - 1,175,314.60",1.8,LOW,Payment Success
TXN-003105,WS/MP640/2026-2027/274765,V1,GRAM PANCHAYAT NARENDRAGARH,300000.0,2026-08-14,"300,000.00 - 300,000.00",0.0,LOW,Payment Success
TXN-003106,WS/MP490/2025-2026/241035,V1,SHARADA ENTERPRISES,410876.0,2026-08-14,"410,876.00 - 410,876.00",0.0,LOW,Payment Success
TXN-003107,WS/MP18189/2026-2027/261345,V1,Mukthi Kiran Kumar,500000.0,2026-08-19,"500,000.00 - 500,000.00",0.0,LOW,Payment Success
TXN-003108,WS/MP18189/2026-2027/261346,V1,Mukthi Kiran Kumar,500000.0,2026-08-19,"500,000.00 - 500,000.00",0.0,LOW,Payment Success
TXN-003109,WS/MP18054/2025-2026/236406,V1,LANGHNAJ GRAM PANCHAYAT,500000.0,2026-08-13,"500,000.00 - 500,000.00",0.0,LOW,Payment Success
TXN-003110,WS/MP18050/2026-2027/285089,V1,MEDO JAL AND SWACHATA SAMITI,948000.0,2026-08-13,"948,000.00 - 948,000.00",0.0,LOW,Payment Success
TXN-003111,WS/MP021/2025-2026/177239,V1,SEEMA NAULA,12444.0,2026-08-13,"11,126.40 - 12,297.60",6.25,LOW,Payment Success
TXN-003112,WS/MP021/2025-2026/177240,V1,SEEMA NAULA,10980.0,2026-08-13,"11,126.40 - 12,297.60",-6.25,LOW,Payment Success
TXN-003113,WS/MP18324/2025-2026/263231,V1,KERIYA GRAM PANCHAYAT,51000.0,2026-08-17,"51,000.00 - 51,000.00",0.0,LOW,Payment Success
TXN-003114,WS/MP18001/2025-2026/255456,V1,PINDI UMA LAKSHMANA KUMAR,499979.0,2026-08-22,"499,374.90 - 499,966.10",0.06,LOW,Payment Success
TXN-003115,WS/MP18001/2025-2026/255457,V1,PINDI UMA LAKSHMANA KUMAR,499248.0,2026-08-22,"499,374.90 - 499,966.10",-0.08,LOW,Payment Success
TXN-003116,WS/MP18001/2025-2026/255458,V1,PINDI UMA LAKSHMANA KUMAR,499671.0,2026-08-22,"499,374.90 - 499,966.10",0.0,LOW,Payment Success
TXN-003117,WS/MP18001/2025-2026/255459,V1,PINDI UMA LAKSHMANA KUMAR,499936.0,2026-08-22,"499,374.90 - 499,966.10",0.05,LOW,Payment Success
TXN-003118,WS/MP793/2025-2026/252070,V1,DWIVIDI CONSTRUCTION AND SUPPLIER PRO HARE RAM DWIVEDI,883230.0,2026-08-20,"517,406.40 - 883,112.00",26.13,MEDIUM,Payment Success
TXN-003119,WS/MP793/2025-2026/252074,V1,DWIVIDI CONSTRUCTION AND SUPPLIER PRO HARE RAM DWIVEDI,882640.0,2026-08-20,"517,406.40 - 883,112.00",26.04,MEDIUM,Payment Success
TXN-003120,WS/MP793/2025-2026/252075,V1,DWIVIDI CONSTRUCTION AND SUPPLIER PRO HARE RAM DWIVEDI,426098.0,2026-08-20,"517,406.40 - 883,112.00",-39.15,MEDIUM,Payment Success
TXN-003121,WS/MP18324/2025-2026/257833,V1,GRAM PANCHAYAT DHOLARVA,268042.0,2026-08-13,"268,042.00 - 268,042.00",0.0,LOW,Payment Success
TXN-003122,WS/MP18269/2026-2027/246439,V1,K S Construction,1967994.0,2026-08-13,"1,967,994.00 - 1,967,994.00",0.0,LOW,Payment Success
TXN-003123,WS/MP18189/2026-2027/260079,V1,YARAGARLA RADHAKRISHNA,398519.0,2026-08-15,"398,519.00 - 398,519.00",0.0,LOW,Payment Success
TXN-003124,WS/MP18175/2025-2026/221065,V1,SVB Builders,749456.0,2026-08-12,"749,456.00 - 749,456.00",0.0,LOW,Payment Success
TXN-003125,WS/MP18276/2025-2026/256968,V1,SAMASPURA GRAM PANCHAYAT,350000.0,2026-08-18,"350,000.00 - 350,000.00",0.0,LOW,Payment Success
TXN-003126,WS/MP640/2026-2027/271122,V1,GRAM PANCHAYAT SINGARPUR,300000.0,2026-08-12,"300,000.00 - 300,000.00",0.0,LOW,Payment Success
TXN-003127,WS/MP18133/2025-2026/148477,V1,Swapnil Santosh Jadhav,693280.0,2026-08-16,"693,280.00 - 693,280.00",0.0,LOW,Payment Success
TXN-003128,WS/MP18429/2026-2027/248642,V1,shubham ullewad,992531.0,2026-08-13,"992,531.00 - 992,531.00",0.0,LOW,Payment Success
TXN-003129,WS/MP18017/2025-2026/230972,V1,DUMPALA SIVA KUMAR RAO,720412.0,2026-08-12,"720,412.00 - 720,412.00",0.0,LOW,Payment Success
TXN-003130,WS/MP18017/2025-2026/262102,V1,J K D V PRASADA RAJU,527796.0,2026-08-15,"518,331.20 - 980,742.40",-29.58,MEDIUM,Payment Success
TXN-003131,WS/MP18017/2025-2026/262089,V1,J K D V PRASADA RAJU,515965.0,2026-08-15,"518,331.20 - 980,742.40",-31.16,MEDIUM,Payment Success
TXN-003132,WS/MP18017/2025-2026/251077,V1,J K D V PRASADA RAJU,1093979.0,2026-08-15,"518,331.20 - 980,742.40",45.95,MEDIUM,Payment Success
TXN-003133,WS/MP18251/2026-2027/241723,V1,OHAB SK,349363.0,2026-08-12,"349,363.00 - 349,363.00",0.0,LOW,Payment Success
TXN-003134,WS/MP18321/2025-2026/163311,V1,PIPODARA GRAM PANCHAYAT,300000.0,2026-08-17,"300,000.00 - 300,000.00",0.0,LOW,Payment Success
TXN-003135,WS/MP18030/2026-2027/254951,V1,Sudhawati Devi,168150.0,2026-08-17,"168,150.00 - 168,150.00",0.0,LOW,Payment Success
TXN-003136,WS/MP381/2025-2026/228140,V1,VIRAT BRICKS KILN INDUSTRIES,41000.0,2026-08-20,"41,000.00 - 41,000.00",0.0,LOW,Payment Success
TXN-003137,WS/MP508/2025-2026/202700,V1,P RAVEENDRAKUMAR,445468.0,2026-08-14,"445,468.00 - 445,468.00",0.0,LOW,Payment Success
TXN-003138,WS/MP18104/2026-2027/285516,V1,Sarpanch Gram Panchayat Bharlai,350000.0,2026-08-19,"350,000.00 - 350,000.00",0.0,LOW,Payment Success
TXN-003139,WS/MP021/2025-2026/262610,V1,mitra traders,239233.0,2026-08-13,"239,233.00 - 239,233.00",0.0,LOW,Payment Success
TXN-003140,WS/MP600/2026-2027/274185,V1,CHANDAN SINGH,190000.0,2026-08-14,"52,700.00 - 190,800.00",56.06,HIGH,Payment Success
TXN-003141,WS/MP600/2026-2027/274184,V1,CHANDAN SINGH,191000.0,2026-08-14,"52,700.00 - 190,800.00",56.88,HIGH,Payment Success
TXN-003142,WS/MP490/2025-2026/241389,V1,ms varuna construction,530980.0,2026-08-12,"530,980.00 - 530,980.00",0.0,LOW,Payment Success
TXN-003143,WS/MP716/2025-2026/226780,V1,KUNDANAM INDUSTRIES,43750.0,2026-08-12,"43,750.00 - 45,987.50",-2.49,LOW,Payment Success
TXN-003144,WS/MP716/2025-2026/226780,V1,KUNDANAM INDUSTRIES,43750.0,2026-08-12,"43,750.00 - 45,987.50",-2.49,LOW,Payment Success
TXN-003145,WS/MP716/2025-2026/226780,V1,KUNDANAM INDUSTRIES,43750.0,2026-08-12,"43,750.00 - 45,987.50",-2.49,LOW,Payment Success
TXN-003146,WS/MP716/2025-2026/226780,V1,KUNDANAM INDUSTRIES,43750.0,2026-08-12,"43,750.00 - 45,987.50",-2.49,LOW,Payment Success
TXN-003147,WS/MP716/2025-2026/226780,V1,KUNDANAM INDUSTRIES,43750.0,2026-08-12,"43,750.00 - 45,987.50",-2.49,LOW,Payment Success
TXN-003148,WS/MP716/2025-2026/226780,V1,KUNDANAM INDUSTRIES,48225.0,2026-08-12,"43,750.00 - 45,987.50",7.48,LOW,Payment Success
TXN-003149,WS/MP18276/2025-2026/185057,V1,chokari Grampanchayat,450000.0,2026-08-12,"450,000.00 - 450,000.00",0.0,LOW,Payment Success
TXN-003150,WS/MP18076/2026-2027/229696,V1,S R S ENTERPRISES,187500.0,2026-08-24,"187,500.00 - 187,500.00",0.0,LOW,Payment Success
TXN-003151,WS/MP18180/2026-2027/231215,V1,Balakumar R,1860394.0,2026-08-12,"1,860,394.00 - 1,860,394.00",0.0,LOW,Payment Success
TXN-003152,WS/MP18063/2025-2026/175040,V1,Royal traders,4725463.0,2026-08-11,"4,725,463.00 - 4,725,463.00",0.0,LOW,Payment Success
TXN-003153,WS/MP18081/2025-2026/164550,V1,SRINATH GOWDA M S,249559.0,2026-08-12,"249,559.00 - 249,559.00",0.0,LOW,Payment Success
TXN-003154,WS/MP18324/2025-2026/151491,V1,GRAM PANCHAYAT JUNA VAGHANIYA,298670.0,2026-08-12,"298,670.00 - 298,670.00",0.0,LOW,Payment Success
TXN-003155,WS/MP770/2026-2027/190313,V1,Ponnam Sreenivas,299418.0,2026-08-14,"299,418.00 - 299,418.00",0.0,LOW,Payment Success
TXN-003156,WS/MP819/2026-2027/267382,V1,ASHOK INFRAVENTURE,814200.0,2026-08-17,"601,800.00 - 790,600.00",16.95,LOW,Payment Success
TXN-003157,WS/MP819/2026-2027/267383,V1,ASHOK INFRAVENTURE,578200.0,2026-08-17,"601,800.00 - 790,600.00",-16.95,LOW,Payment Success
TXN-003158,WS/MP440/2025-2026/162060,V1,LAKSHMANAN C,453160.0,2026-08-22,"453,160.00 - 453,160.00",0.0,LOW,Payment Success
TXN-003159,WS/MP021/2026-2027/254806,V1,gupta radios,75000.0,2026-08-13,"75,000.00 - 75,000.00",0.0,LOW,Payment Success
TXN-003160,WS/MP18310/2025-2026/200859,V1,BRAJAKISHORE SAHOO,162782.0,2026-08-12,"162,782.00 - 162,782.00",0.0,LOW,Payment Success
TXN-003161,WS/MP618/2025-2026/188571,V1,BASAVARAJ GANAGAPPA AMBIGER,375000.0,2026-08-13,"375,000.00 - 375,000.00",0.0,LOW,Payment Success
TXN-003162,WS/MP618/2026-2027/213796,V1,VIJAY S HODLUR,375000.0,2026-08-13,"375,000.00 - 375,000.00",0.0,LOW,Payment Success
TXN-003163,WS/MP18267/2026-2027/303818,V1,R K AGENCIES,594000.0,2026-08-17,"594,000.00 - 594,000.00",0.0,LOW,Payment Success
TXN-003164,WS/MP18267/2026-2027/303817,V1,R K AGENCIES,594000.0,2026-08-17,"594,000.00 - 594,000.00",0.0,LOW,Payment Success
TXN-003165,WS/MP18267/2026-2027/303822,V1,R K AGENCIES,594000.0,2026-08-17,"594,000.00 - 594,000.00",0.0,LOW,Payment Success
TXN-003166,WS/MP18267/2026-2027/303823,V1,R K AGENCIES,594000.0,2026-08-17,"594,000.00 - 594,000.00",0.0,LOW,Payment Success
TXN-003167,WS/MP18350/2025-2026/179029,V1,DIBAKAR BEHERA,500000.0,2026-08-12,"500,000.00 - 500,000.00",0.0,LOW,Payment Success
TXN-003168,WS/MP428/2026-2027/278462,V1,gram panchayat rampur,150000.0,2026-08-24,"49,942.50 - 99,997.50",100.08,HIGH,Payment Success
TXN-003169,WS/MP653/2026-2027/289947,V1,GP SHEKUKHEDA JAWAR,200000.0,2026-08-10,"200,000.00 - 200,000.00",0.0,LOW,Payment Success
TXN-003170,WS/MP18350/2025-2026/181381,V1,SRI LAXMI BHANDAR,300000.0,2026-08-12,"300,000.00 - 300,000.00",0.0,LOW,Payment Success
TXN-003171,WS/MP18264/2025-2026/160590,V1,George Joseph,294725.0,2026-08-10,"294,725.00 - 294,725.00",0.0,LOW,Payment Success
TXN-003172,WS/MP18158/2025-2026/226751,V1,sagar general store,40230.0,2026-08-11,"40,230.00 - 40,230.00",0.0,LOW,Payment Success
TXN-003173,WS/MP716/2025-2026/226780,V1,GURMEL SINGH,98064.0,2026-08-12,"86,623.20 - 96,792.80",6.93,LOW,Payment Success
TXN-003174,WS/MP716/2025-2026/226780,V1,GURMEL SINGH,85352.0,2026-08-12,"86,623.20 - 96,792.80",-6.93,LOW,Payment Success
TXN-003175,WS/MP18314/2025-2026/219729,V1,Sangrur Tiles,68400.0,2026-08-13,"68,400.00 - 68,400.00",0.0,LOW,Payment Success
TXN-003176,WS/MP18314/2025-2026/219729,V1,Sangrur Tiles,68400.0,2026-08-13,"68,400.00 - 68,400.00",0.0,LOW,Payment Success
TXN-003177,WS/MP600/2025-2026/237304,V1,Shiv Driller and Allied Traders,389476.0,2026-08-10,"396,331.70 - 451,177.30",-8.09,LOW,Payment Success
TXN-003178,WS/MP600/2025-2026/236917,V1,Shiv Driller and Allied Traders,458033.0,2026-08-10,"396,331.70 - 451,177.30",8.09,LOW,Payment Success
TXN-003179,WS/MP18314/2025-2026/235956,V1,KARMJIT SINGH,30000.0,2026-08-13,"30,000.00 - 30,000.00",0.0,LOW,Payment Success
TXN-003180,WS/MP18164/2025-2026/257525,V1,VIKAS,19500.0,2026-08-22,"19,500.00 - 19,500.00",0.0,LOW,Payment Success
TXN-003181,WS/MP18164/2025-2026/257525,V1,MANA RAM,19500.0,2026-08-22,"19,500.00 - 19,500.00",0.0,LOW,Payment Success
TXN-003182,WS/MP18164/2025-2026/257525,V1,DEVILAL,29250.0,2026-08-22,"29,250.00 - 29,250.00",0.0,LOW,Payment Success
TXN-003183,WS/MP18164/2025-2026/257525,V1,AJAY SINGH,23205.0,2026-08-22,"5,655.00 - 21,255.00",72.46,HIGH,Payment Success
TXN-003184,WS/MP18164/2025-2026/257525,V1,HARI SINGH,11115.0,2026-08-22,"11,115.00 - 11,115.00",0.0,LOW,Payment Success
TXN-003185,WS/MP18164/2025-2026/257525,V1,HUNATA RAM,11115.0,2026-08-22,"11,115.00 - 11,115.00",0.0,LOW,Payment Success
TXN-003186,WS/MP18164/2025-2026/257525,V1,PRADEEP KUMAR,8160.0,2026-08-22,"34,354.40 - 427,826.40",-96.47,HIGH,Payment Success
TXN-003187,WS/MP18164/2025-2026/257525,V1,RAMNIWAS,7410.0,2026-08-22,"4,075.50 - 7,039.50",33.33,MEDIUM,Payment Success
TXN-003188,WS/MP18164/2025-2026/257525,V1,DEV DUTT,11115.0,2026-08-22,"11,115.00 - 11,115.00",0.0,LOW,Payment Success
TXN-003189,WS/MP18164/2025-2026/257525,V1,KAVISH KUMAR,7410.0,2026-08-22,"7,410.00 - 7,410.00",0.0,LOW,Payment Success
TXN-003190,WS/MP18155/2025-2026/243490,V1,Lahori Ram,31000.0,2026-08-15,"31,000.00 - 31,000.00",0.0,LOW,Payment Success
TXN-003191,WS/MP18155/2025-2026/243490,V1,Lahori Ram,31000.0,2026-08-15,"31,000.00 - 31,000.00",0.0,LOW,Payment Success
TXN-003192,WS/MP18186/2026-2027/299514,V1,NANDAKUMAR V,498401.0,2026-08-12,"498,401.00 - 498,401.00",0.0,LOW,Payment Success
TXN-003193,WS/MP716/2025-2026/189734,V1,MS RAJ ELECTRIC STORE,34915.0,2026-08-17,"34,915.00 - 34,915.00",0.0,LOW,Payment Success
TXN-003194,WS/MP716/2025-2026/189734,V1,Jatinder Singh,14290.0,2026-08-17,"14,290.00 - 14,290.00",0.0,LOW,Payment Success
TXN-003195,WS/MP433/2026-2027/283122,V1,MEERA ASSOCIATES,995875.0,2026-08-14,"995,875.00 - 995,875.00",0.0,LOW,Payment Success
TXN-003196,WS/MP18367/2026-2027/268504,V1,ABHISHEK KUMAR SINGH,4368000.0,2026-08-19,"4,368,000.00 - 4,368,000.00",0.0,LOW,Payment Success
TXN-003197,WS/MP18162/2025-2026/269531,V1,Shivraj Contractor,491698.0,2026-08-24,"491,698.00 - 491,698.00",0.0,LOW,Payment Success
TXN-003198,WS/MP18361/2025-2026/219015,V1,anurag urban tecinfra pvt ltd,1798634.0,2026-08-07,"1,878,479.90 - 2,517,247.10",-18.16,LOW,Payment Success
TXN-003199,WS/MP344/2025-2026/180591,V1,RAJAN N,531376.0,2026-08-14,"531,376.00 - 531,376.00",0.0,LOW,Payment Success
TXN-003200,WS/MP18080/2026-2027/276343,V1,PRASHANT K M,492252.0,2026-08-07,"492,252.00 - 492,252.00",0.0,LOW,Payment Success
TXN-003201,WS/MP18034/2025-2026/240167,V1,RAKESH KUMAR PASWAN,989970.0,2026-08-20,"989,970.00 - 989,970.00",0.0,LOW,Payment Success
TXN-003202,WS/MP18197/2025-2026/177536,V1,RAJESH GHOSH,719965.0,2026-08-17,"719,965.00 - 719,965.00",0.0,LOW,Payment Success
TXN-003203,WS/MP18238/2025-2026/214942,V1,DUBEY CONSTRUCTION PRO SANTOSH KUMAR DUBEY,224818.0,2026-08-10,"224,818.00 - 224,818.00",0.0,LOW,Payment Success
TXN-003204,WS/MP413/2025-2026/249787,V1,PRAMOD KUMAR RAY,559800.0,2026-08-07,"559,800.00 - 559,800.00",0.0,LOW,Payment Success
TXN-003205,WS/MP18394/2025-2026/259832,V1,P Prakash,649675.0,2026-08-18,"649,675.00 - 649,675.00",0.0,LOW,Payment Success
TXN-003206,WS/MP761/2026-2027/221184,V1,Adepu Narsaiah,268220.0,2026-08-19,"268,220.00 - 268,220.00",0.0,LOW,Payment Success
TXN-003207,WS/MP574/2026-2027/276495,V1,TARORA GRAM PANCHAYT,299874.0,2026-08-19,"299,874.00 - 299,874.00",0.0,LOW,Payment Success
TXN-003208,WS/MP18180/2026-2027/204510,V1,VEERAMANI S,999011.0,2026-08-10,"999,011.00 - 999,011.00",0.0,LOW,Payment Success
TXN-003209,WS/MP18188/2026-2027/289122,V1,DAPPU MAHENDER,119842.0,2026-08-20,"119,842.00 - 119,842.00",0.0,LOW,Payment Success
TXN-003210,WS/MP413/2025-2026/249799,V1,ADVIK ENTERPRISES PRO RAHUL PRATAP,1497134.0,2026-08-08,"1,497,134.00 - 1,497,134.00",0.0,LOW,Payment Success
TXN-003211,WS/MP18158/2025-2026/231540,V1,UPPAL BUILDING MATERIAL,236183.0,2026-08-13,"236,183.00 - 236,183.00",0.0,LOW,Payment Success
TXN-003212,WS/MP18158/2025-2026/231540,V1,PANKAJ ELECTRICALS,29965.0,2026-08-13,"29,965.00 - 29,965.00",0.0,LOW,Payment Success
TXN-003213,WS/MP18264/2025-2026/206993,V1,ANIL KURIAKOSE,274260.0,2026-08-10,"274,206.90 - 274,254.10",0.01,LOW,Payment Success
TXN-003214,WS/MP18264/2025-2026/206991,V1,ANIL KURIAKOSE,274201.0,2026-08-07,"274,206.90 - 274,254.10",-0.01,LOW,Payment Success
TXN-003215,WS/MP18029/2026-2027/280746,V1,Hemanta Bhattarai,272295.0,2026-08-07,"294,901.50 - 475,753.50",-29.33,MEDIUM,Payment Success
TXN-003216,WS/MP18162/2025-2026/183836,V1,JAMNA LAL DAROGA,7028.0,2026-08-20,"7,028.00 - 7,028.00",0.0,LOW,Payment Success
TXN-003217,WS/MP18162/2025-2026/183836,V1,PRAKASH KUMAWAT,3653.0,2026-08-20,"3,653.00 - 3,653.00",0.0,LOW,Payment Success
TXN-003218,WS/MP568/2026-2027/299291,V1,SARPANCH GRAM PANCHAYAT REVE,260000.0,2026-08-18,"274,000.00 - 386,000.00",-21.21,MEDIUM,Payment Success
TXN-003219,WS/MP568/2026-2027/300853,V1,SARPANCH GRAM PANCHAYAT REVE,400000.0,2026-08-18,"274,000.00 - 386,000.00",21.21,MEDIUM,Payment Success
TXN-003220,WS/MP18174/2026-2027/221514,V1,Shri Murugan Associates,799895.0,2026-08-10,"799,891.40 - 799,894.60",0.0,LOW,Payment Success
TXN-003221,WS/MP323/2025-2026/242524,V1,GRAM PANCHAYAT BAMANGAM,224143.0,2026-08-21,"224,143.00 - 224,143.00",0.0,LOW,Payment Success
TXN-003222,WS/MP021/2025-2026/177239,V1,jagdish singh,12444.0,2026-08-13,"11,126.40 - 12,297.60",6.25,LOW,Payment Success
TXN-003223,WS/MP021/2025-2026/177240,V1,jagdish singh,10980.0,2026-08-13,"11,126.40 - 12,297.60",-6.25,LOW,Payment Success
TXN-003224,WS/MP021/2025-2026/262400,V1,GANGA ARYA,16836.0,2026-08-11,"16,836.00 - 16,836.00",0.0,LOW,Payment Success
TXN-003225,WS/MP021/2025-2026/262610,V1,PRATIMA GAUNIYA,2928.0,2026-08-13,"2,928.00 - 2,928.00",0.0,LOW,Payment Success
TXN-003226,WS/MP021/2025-2026/262610,V1,PAN SINGH MEWARI,4545.0,2026-08-13,"4,545.00 - 4,545.00",0.0,LOW,Payment Success
TXN-003227,WS/MP021/2025-2026/262610,V1,YASH GAUNIYA,3294.0,2026-08-13,"3,294.00 - 3,294.00",0.0,LOW,Payment Success
TXN-003228,WS/MP18314/2025-2026/225628,V1,jai baba maya giri ji interlock tiles,40169.0,2026-08-07,"40,169.00 - 40,169.00",0.0,LOW,Payment Success
TXN-003229,WS/MP18162/2025-2026/183836,V1,PARAS KUMAWAT,7306.0,2026-08-20,"7,306.00 - 7,306.00",0.0,LOW,Payment Success
TXN-003230,WS/MP568/2026-2027/288941,V1,SARPANCH GRAM PANCHAYAT DANGANIYA B,260000.0,2026-08-18,"260,000.00 - 260,000.00",0.0,LOW,Payment Success
TXN-003231,WS/MP18314/2025-2026/219709,V1,VARDHAN ENTERPRISE,32000.0,2026-08-07,"32,000.00 - 32,000.00",0.0,LOW,Payment Success
TXN-003232,WS/MP380/2025-2026/205836,V1,VARDHAN ENTERPRISE,32000.0,2026-08-07,"32,000.00 - 32,000.00",0.0,LOW,Payment Success
TXN-003233,WS/MP380/2025-2026/205836,V1,VARDHAN ENTERPRISE,32000.0,2026-08-07,"32,000.00 - 32,000.00",0.0,LOW,Payment Success
TXN-003234,WS/MP18306/2025-2026/185463,V1,NOUSHAD T V,231959.0,2026-08-18,"187,258.40 - 232,680.80",10.47,LOW,Payment Success
TXN-003235,WS/MP18306/2025-2026/185477,V1,NOUSHAD T V,232223.0,2026-08-10,"187,258.40 - 232,680.80",10.6,LOW,Payment Success
TXN-003236,WS/MP18306/2025-2026/185470,V1,NOUSHAD T V,226217.0,2026-08-10,"187,258.40 - 232,680.80",7.74,LOW,Payment Success
TXN-003237,WS/MP18306/2025-2026/185467,V1,NOUSHAD T V,232986.0,2026-08-10,"187,258.40 - 232,680.80",10.96,LOW,Payment Success
TXN-003238,WS/MP18306/2025-2026/185474,V1,NOUSHAD T V,161286.0,2026-08-17,"187,258.40 - 232,680.80",-23.19,MEDIUM,Payment Success
TXN-003239,WS/MP18116/2025-2026/236540,V1,GOLDEN CONSTRUCTION,499976.0,2026-08-07,"499,976.00 - 499,976.00",0.0,LOW,Payment Success
TXN-003240,WS/MP508/2026-2027/201485,V1,Om Sakthi Construction,687693.0,2026-08-07,"687,693.00 - 687,693.00",0.0,LOW,Payment Success
TXN-003241,WS/MP005/2026-2027/265154,V1,TIMBA GRAM PANCHAYAT,199308.0,2026-08-07,"199,308.00 - 199,308.00",0.0,LOW,Payment Success
TXN-003242,WS/MP477/2026-2027/269915,V1,gopal singh bora,7812.0,2026-08-17,"7,812.00 - 7,812.00",0.0,LOW,Payment Success
TXN-003243,WS/MP477/2026-2027/269915,V1,ravindra singh rana,6048.0,2026-08-17,"6,048.00 - 6,048.00",0.0,LOW,Payment Success
TXN-003244,WS/MP18265/2026-2027/222988,V1,SARAVANAN S,2887769.0,2026-08-10,"2,887,769.00 - 2,887,769.00",0.0,LOW,Payment Success
TXN-003245,WS/MP477/2026-2027/269915,V1,krishna kandpal,6048.0,2026-08-17,"6,048.00 - 6,048.00",0.0,LOW,Payment Success
TXN-003246,WS/MP477/2026-2027/269915,V1,seema negi,7812.0,2026-08-17,"7,812.00 - 7,812.00",0.0,LOW,Payment Success
TXN-003247,WS/MP477/2026-2027/269915,V1,rajendra singh,10120.0,2026-08-17,"9,704.00 - 12,564.80",-9.11,LOW,Payment Success
TXN-003248,WS/MP477/2026-2027/269915,V1,jagdesh singh,7812.0,2026-08-17,"7,812.00 - 7,812.00",0.0,LOW,Payment Success
TXN-003249,WS/MP477/2026-2027/269915,V1,harish ram,5520.0,2026-08-17,"5,520.00 - 5,520.00",0.0,LOW,Payment Success
TXN-003250,WS/MP477/2026-2027/269915,V1,chandra shekhar,7560.0,2026-08-17,"7,560.00 - 7,560.00",0.0,LOW,Payment Success
TXN-003251,WS/MP477/2026-2027/276799,V1,Asha Devi,8820.0,2026-08-11,"8,975.40 - 10,218.60",-8.1,LOW,Payment Success
TXN-003252,WS/MP477/2026-2027/276799,V1,Bhagirathi Devi,8820.0,2026-08-11,"8,820.00 - 8,820.00",0.0,LOW,Payment Success
TXN-003253,WS/MP477/2026-2027/276799,V1,Kishan singh,8820.0,2026-08-11,"8,820.00 - 8,820.00",0.0,LOW,Payment Success
TXN-003254,WS/MP477/2026-2027/276799,V1,Munni Devi,8820.0,2026-08-11,"3,705.00 - 13,356.00",3.39,LOW,Payment Success
TXN-003255,WS/MP477/2026-2027/276799,V1,shoban singh,8820.0,2026-08-11,"8,820.00 - 8,820.00",0.0,LOW,Payment Success
TXN-003256,WS/MP477/2026-2027/276799,V1,nisha bhakuni,8820.0,2026-08-11,"8,820.00 - 8,820.00",0.0,LOW,Payment Success
TXN-003257,WS/MP477/2026-2027/276799,V1,mohan singh,8820.0,2026-08-11,"9,396.00 - 16,247.20",-31.21,MEDIUM,Payment Success
TXN-003258,WS/MP477/2026-2027/276799,V1,Puran Singh,8568.0,2026-08-11,"9,601.20 - 17,866.80",-37.61,MEDIUM,Payment Success
TXN-003259,WS/MP477/2026-2027/276799,V1,mukesh kumar,16100.0,2026-08-11,"3,532.10 - 152,530.00",-79.37,HIGH,Payment Success
TXN-003260,WS/MP477/2026-2027/276799,V1,Trilok Singh,1840.0,2026-08-12,"1,840.00 - 1,840.00",0.0,LOW,Payment Success
TXN-003261,WS/MP18305/2025-2026/182723,V1,MUHAMMED SAKKEER K,365609.0,2026-08-21,"365,609.00 - 365,609.00",0.0,LOW,Payment Success
TXN-003262,WS/MP18155/2025-2026/247640,V1,Sarabjit Singh so Tulsa Singh,81209.0,2026-08-07,"81,209.00 - 81,209.00",0.0,LOW,Payment Success
TXN-003263,WS/MP18025/2025-2026/231280,V1,BHARAT DUTTA,199900.0,2026-08-24,"199,900.00 - 199,900.00",0.0,LOW,Payment Success
TXN-003264,WS/MP618/2024-2025/169540,V1,ABHISHEK V GOUDAR,375000.0,2026-08-05,"375,000.00 - 375,000.00",0.0,LOW,Payment Success
TXN-003265,WS/MP18186/2026-2027/212317,V1,RLatha,1999836.0,2026-08-07,"1,999,836.00 - 1,999,836.00",0.0,LOW,Payment Success
TXN-003266,WS/MP18054/2025-2026/247076,V1,SARPANCHSHRI UNAVA GRAM PANCHAYAT,250000.0,2026-08-18,"250,000.00 - 250,000.00",0.0,LOW,Payment Success
TXN-003267,WS/MP18058/2025-2026/254310,V1,Ankaliya Gram Panchayat,500000.0,2026-08-11,"500,000.00 - 500,000.00",0.0,LOW,Payment Success
TXN-003268,WS/MP579/2026-2027/271415,V1,GRAM PANCHAYAT AJARPURA,489983.0,2026-08-10,"489,983.00 - 489,983.00",0.0,LOW,Payment Success
TXN-003269,WS/MP18345/2026-2027/257822,V1,NewDabbu Traders,175000.0,2026-08-07,"175,000.00 - 175,000.00",0.0,LOW,Payment Success
TXN-003270,WS/MP18194/2026-2027/228628,V1,BIRADAR SIDDAPPA,498674.0,2026-08-11,"498,674.00 - 498,674.00",0.0,LOW,Payment Success
TXN-003271,WS/MP18158/2025-2026/245152,V1,Gurnoor building material,134400.0,2026-08-11,"134,400.00 - 134,400.00",0.0,LOW,Payment Success
TXN-003272,WS/MP18154/2025-2026/208261,V1,The Golden Cooperative society ltd,398685.0,2026-08-07,"290,212.50 - 388,322.50",17.51,LOW,Payment Success
TXN-003273,WS/MP18154/2025-2026/208257,V1,The Golden Cooperative society ltd,203222.0,2026-08-07,"290,212.50 - 388,322.50",-40.1,MEDIUM,Payment Success
TXN-003274,WS/MP18154/2025-2026/208258,V1,The Golden Cooperative society ltd,377960.0,2026-08-07,"290,212.50 - 388,322.50",11.4,LOW,Payment Success
TXN-003275,WS/MP18154/2025-2026/208260,V1,The Golden Cooperative society ltd,377960.0,2026-08-07,"290,212.50 - 388,322.50",11.4,LOW,Payment Success
TXN-003276,WS/MP18154/2025-2026/208259,V1,The Golden Cooperative society ltd,377203.0,2026-08-07,"290,212.50 - 388,322.50",11.18,LOW,Payment Success
TXN-003277,WS/MP18154/2025-2026/210988,V1,The Golden Cooperative society ltd,377203.0,2026-08-07,"290,212.50 - 388,322.50",11.18,LOW,Payment Success
TXN-003278,WS/MP18337/2025-2026/239224,V1,BABU C K,648752.0,2026-08-07,"648,752.00 - 648,752.00",0.0,LOW,Payment Success
TXN-003279,WS/MP18111/2026-2027/276689,V1,PM ADARSHGRAM YOJNA G P SAMSHERPUR,972751.0,2026-08-10,"972,751.00 - 972,751.00",0.0,LOW,Payment Success
TXN-003280,WS/MP453/2026-2027/278128,V1,T SOMESWAR RAO,500000.0,2026-08-07,"500,000.00 - 500,000.00",0.0,LOW,Payment Success
TXN-003281,WS/MP021/2026-2027/254806,V1,virmani furniture,75000.0,2026-08-13,"75,000.00 - 75,000.00",0.0,LOW,Payment Success
TXN-003282,WS/MP18152/2025-2026/274129,V1,Jagdeep Singh,46900.0,2026-08-17,"46,900.00 - 46,900.00",0.0,LOW,Payment Success
TXN-003283,WS/MP18152/2025-2026/274128,V1,Jagdeep Singh,46900.0,2026-08-17,"46,900.00 - 46,900.00",0.0,LOW,Payment Success
TXN-003284,WS/MP18049/2025-2026/152172,V1,New Ramesh Fabrication,1600000.0,2026-08-11,"1,600,000.00 - 1,600,000.00",0.0,LOW,Payment Success
TXN-003285,WS/MP477/2026-2027/276799,V1,govind singh,8820.0,2026-08-11,"9,584.90 - 15,704.10",-30.25,MEDIUM,Payment Success
TXN-003286,WS/MP394/2026-2027/230776,V1,Xavier Prabhu,1485403.0,2026-08-07,"1,485,403.00 - 1,485,403.00",0.0,LOW,Payment Success
TXN-003287,WS/MP18164/2025-2026/257525,V1,PEERDAN NAYAK,8950.0,2026-08-22,"8,950.00 - 8,950.00",0.0,LOW,Payment Success
TXN-003288,WS/MP18164/2025-2026/257525,V1,PRINCE ENTERPRISES,77000.0,2026-08-22,"77,000.00 - 77,000.00",0.0,LOW,Payment Success
TXN-003289,WS/MP18164/2025-2026/257525,V1,BALRAM,2000.0,2026-08-22,"2,000.00 - 2,000.00",0.0,LOW,Payment Success
TXN-003290,WS/MP18161/2025-2026/227379,V1,RAVINDRA,3705.0,2026-08-19,"3,705.00 - 9,100.00",-42.13,MEDIUM,Payment Success
TXN-003291,WS/MP18161/2025-2026/227379,V1,RAVINDRA,3705.0,2026-08-19,"3,705.00 - 9,100.00",-42.13,MEDIUM,Payment Success
TXN-003292,WS/MP18161/2025-2026/227379,V1,RAVINDRA,9100.0,2026-08-19,"3,705.00 - 9,100.00",42.13,MEDIUM,Payment Success
TXN-003293,WS/MP18161/2025-2026/227379,V1,RAVINDRA,9100.0,2026-08-19,"3,705.00 - 9,100.00",42.13,MEDIUM,Payment Success
TXN-003294,WS/MP18161/2025-2026/227379,V1,RAMAN SINGH,3705.0,2026-08-19,"3,705.00 - 3,705.00",0.0,LOW,Payment Success
TXN-003295,WS/MP18161/2025-2026/227379,V1,MUNNI DEVI,3705.0,2026-08-19,"3,705.00 - 13,356.00",-56.57,HIGH,Payment Success
TXN-003296,WS/MP18161/2025-2026/227379,V1,MUNNI DEVI,3705.0,2026-08-19,"3,705.00 - 13,356.00",-56.57,HIGH,Payment Success
TXN-003297,WS/MP18161/2025-2026/227379,V1,KAMAL SINGH,3705.0,2026-08-19,"3,705.00 - 3,705.00",0.0,LOW,Payment Success
TXN-003298,WS/MP18161/2025-2026/227379,V1,PRAVEEN KUMAR,9100.0,2026-08-19,"9,100.00 - 9,100.00",0.0,LOW,Payment Success
TXN-003299,WS/MP18161/2025-2026/227379,V1,PRAVEEN KUMAR,9100.0,2026-08-19,"9,100.00 - 9,100.00",0.0,LOW,Payment Success
TXN-003300,WS/MP18161/2025-2026/227379,V1,RAMRATI,3705.0,2026-08-19,"3,705.00 - 3,705.00",0.0,LOW,Payment Success
TXN-003301,WS/MP18161/2025-2026/227379,V1,NIRANJAN,3705.0,2026-08-19,"1,653.00 - 3,477.00",44.44,MEDIUM,Payment Success
TXN-003302,WS/MP18161/2025-2026/227379,V1,NIRANJAN,1425.0,2026-08-19,"1,653.00 - 3,477.00",-44.44,MEDIUM,Payment Success
TXN-003303,WS/MP18161/2025-2026/227379,V1,OMVATI,3705.0,2026-08-19,"3,705.00 - 3,705.00",0.0,LOW,Payment Success
TXN-003304,WS/MP329/2026-2027/285752,V1,Computer Vision,300000.0,2026-08-08,"300,000.00 - 300,000.00",0.0,LOW,Payment Success
TXN-003305,WS/MP329/2026-2027/285752,V1,Mahesh and Company,100555.0,2026-08-08,"100,555.00 - 100,555.00",0.0,LOW,Payment Success
TXN-003306,WS/MP329/2026-2027/285752,V1,Vijay Book Stall,99445.0,2026-08-08,"99,445.00 - 99,445.00",0.0,LOW,Payment Success
TXN-003307,WS/MP18157/2025-2026/241180,V1,AMRIT SINGH,14822.0,2026-08-06,"14,822.00 - 14,822.00",0.0,LOW,Payment Success
TXN-003308,WS/MP825/2025-2026/265940,V1,MA LAXMI ELECTRICAL ENGINEERING WORKS,150000.0,2026-08-07,"150,000.00 - 150,000.00",0.0,LOW,Payment Success
TXN-003309,WS/MP825/2025-2026/265942,V1,MA LAXMI ELECTRICAL ENGINEERING WORKS,150000.0,2026-08-07,"150,000.00 - 150,000.00",0.0,LOW,Payment Success
TXN-003310,WS/MP825/2025-2026/265894,V1,MA LAXMI ELECTRICAL ENGINEERING WORKS,150000.0,2026-08-07,"150,000.00 - 150,000.00",0.0,LOW,Payment Success
TXN-003311,WS/MP825/2025-2026/265901,V1,MA LAXMI ELECTRICAL ENGINEERING WORKS,150000.0,2026-08-07,"150,000.00 - 150,000.00",0.0,LOW,Payment Success
TXN-003312,WS/MP825/2025-2026/265898,V1,MA LAXMI ELECTRICAL ENGINEERING WORKS,150000.0,2026-08-07,"150,000.00 - 150,000.00",0.0,LOW,Payment Success
TXN-003313,WS/MP825/2025-2026/265897,V1,MA LAXMI ELECTRICAL ENGINEERING WORKS,150000.0,2026-08-07,"150,000.00 - 150,000.00",0.0,LOW,Payment Success
TXN-003314,WS/MP825/2025-2026/265899,V1,MA LAXMI ELECTRICAL ENGINEERING WORKS,150000.0,2026-08-07,"150,000.00 - 150,000.00",0.0,LOW,Payment Success
TXN-003315,WS/MP825/2025-2026/265943,V1,MA LAXMI ELECTRICAL ENGINEERING WORKS,150000.0,2026-08-07,"150,000.00 - 150,000.00",0.0,LOW,Payment Success
TXN-003316,WS/MP825/2025-2026/265896,V1,MA LAXMI ELECTRICAL ENGINEERING WORKS,150000.0,2026-08-07,"150,000.00 - 150,000.00",0.0,LOW,Payment Success
TXN-003317,WS/MP825/2025-2026/265889,V1,MA LAXMI ELECTRICAL ENGINEERING WORKS,150000.0,2026-08-07,"150,000.00 - 150,000.00",0.0,LOW,Payment Success
TXN-003318,WS/MP825/2025-2026/265902,V1,MA LAXMI ELECTRICAL ENGINEERING WORKS,150000.0,2026-08-07,"150,000.00 - 150,000.00",0.0,LOW,Payment Success
TXN-003319,WS/MP825/2025-2026/265895,V1,MA LAXMI ELECTRICAL ENGINEERING WORKS,150000.0,2026-08-07,"150,000.00 - 150,000.00",0.0,LOW,Payment Success
TXN-003320,WS/MP825/2025-2026/265892,V1,MA LAXMI ELECTRICAL ENGINEERING WORKS,150000.0,2026-08-10,"150,000.00 - 150,000.00",0.0,LOW,Payment Success
TXN-003321,WS/MP825/2025-2026/265893,V1,MA LAXMI ELECTRICAL ENGINEERING WORKS,150000.0,2026-08-10,"150,000.00 - 150,000.00",0.0,LOW,Payment Success
TXN-003322,WS/MP825/2025-2026/265891,V1,MA LAXMI ELECTRICAL ENGINEERING WORKS,150000.0,2026-08-10,"150,000.00 - 150,000.00",0.0,LOW,Payment Success
TXN-003323,WS/MP825/2025-2026/265890,V1,MA LAXMI ELECTRICAL ENGINEERING WORKS,150000.0,2026-08-10,"150,000.00 - 150,000.00",0.0,LOW,Payment Success
TXN-003324,WS/MP825/2025-2026/265939,V1,MA LAXMI ELECTRICAL ENGINEERING WORKS,150000.0,2026-08-10,"150,000.00 - 150,000.00",0.0,LOW,Payment Success
TXN-003325,WS/MP825/2025-2026/265941,V1,MA LAXMI ELECTRICAL ENGINEERING WORKS,150000.0,2026-08-11,"150,000.00 - 150,000.00",0.0,LOW,Payment Success
TXN-003326,WS/MP825/2025-2026/265938,V1,MA LAXMI ELECTRICAL ENGINEERING WORKS,150000.0,2026-08-11,"150,000.00 - 150,000.00",0.0,LOW,Payment Success
TXN-003327,WS/MP18104/2026-2027/278047,V1,Sarpanch Gram Panchayat Vasaniyakalan,50000.0,2026-08-11,"50,000.00 - 50,000.00",0.0,LOW,Payment Success
TXN-003328,WS/MP18104/2026-2027/290577,V1,Sarpanch Gram Panchayat Hirankheda,50000.0,2026-08-11,"50,000.00 - 50,000.00",0.0,LOW,Payment Success
TXN-003329,WS/MP588/2025-2026/202607,V1,GAJANA GRAM PANCHAYAT,499963.0,2026-08-10,"499,963.00 - 499,963.00",0.0,LOW,Payment Success
TXN-003330,WS/MP18314/2025-2026/219711,V1,Shri Radha Krishan Contractor,59991.0,2026-08-10,"59,991.00 - 59,991.00",0.0,LOW,Payment Success
TXN-003331,WS/MP18158/2025-2026/225754,V1,Sarpanch Kulwant Kaur,56100.0,2026-08-12,"56,100.00 - 56,100.00",0.0,LOW,Payment Success
TXN-003332,WS/MP18112/2025-2026/233019,V1,RAKESH KUNJILAL ZADKHANDE,614325.0,2026-08-07,"614,325.00 - 614,325.00",0.0,LOW,Payment Success
TXN-003333,WS/MP18054/2026-2027/259876,V1,AGLOD GRAM PANCHAYAT,150000.0,2026-08-05,"150,000.00 - 150,000.00",0.0,LOW,Payment Success
TXN-003334,WS/MP18023/2026-2027/248759,V1,Construction of Hall at Lakhipur College Lakhipur,300000.0,2026-08-06,"300,000.00 - 300,000.00",0.0,LOW,Payment Success
TXN-003335,WS/MP18311/2025-2026/272258,V1,Lamba Cement and Iron Store Ghanauli,17850.0,2026-08-11,"17,850.00 - 17,850.00",0.0,LOW,Payment Success
TXN-003336,WS/MP18311/2025-2026/272258,V1,Dasmesh Traders Ghanauli,25200.0,2026-08-11,"25,200.00 - 25,200.00",0.0,LOW,Payment Success
TXN-003337,WS/MP18391/2026-2027/283805,V1,Lhangti Konyak,6800000.0,2026-08-07,"6,800,000.00 - 6,800,000.00",0.0,LOW,Payment Success
TXN-003338,WS/MP18311/2025-2026/272258,V1,A One Bricks Dabhota HP,44800.0,2026-08-11,"44,800.00 - 44,800.00",0.0,LOW,Payment Success
TXN-003339,WS/MP18311/2025-2026/272258,V1,A One Bricks Dabhota HP,44800.0,2026-08-11,"44,800.00 - 44,800.00",0.0,LOW,Payment Success
TXN-003340,WS/MP18311/2025-2026/272258,V1,Rajinder Kaur Sarpanch Thali Khurd,27048.0,2026-08-11,"27,048.00 - 27,048.00",0.0,LOW,Payment Success
TXN-003341,WS/MP18190/2026-2027/201041,V1,Narsinga Srinivas,1964986.0,2026-08-05,"1,964,986.00 - 1,964,986.00",0.0,LOW,Payment Success
TXN-003342,WS/MP18275/2025-2026/242171,V1,rakib construction,765456.0,2026-08-11,"765,456.00 - 765,456.00",0.0,LOW,Payment Success
TXN-003343,WS/MP18194/2026-2027/236870,V1,SYED RAHEMATH ALI,500000.0,2026-08-11,"500,000.00 - 500,000.00",0.0,LOW,Payment Success
TXN-003344,WS/MP640/2026-2027/273075,V1,MPEB,516000.0,2026-08-13,"516,000.00 - 516,000.00",0.0,LOW,Payment Success
TXN-003345,WS/MP18101/2026-2027/287604,V1,GRAM PANCHAYAT MAHANTPUR JP DAMOH,300000.0,2026-08-10,"300,000.00 - 300,000.00",0.0,LOW,Payment Success
TXN-003346,WS/MP18257/2025-2026/249220,V1,Gouranga Charan,136025.0,2026-08-07,"136,025.00 - 136,025.00",0.0,LOW,Payment Success
TXN-003347,WS/MP18321/2026-2027/262884,V1,SARPANCHASHRI PURAL GRAM PANCHAYAT,200000.0,2026-08-12,"200,000.00 - 200,000.00",0.0,LOW,Payment Success
TXN-003348,WS/MP540/2026-2027/260147,V1,RM ENTERPRISE,1308000.0,2026-08-08,"320,100.00 - 1,168,050.00",75.79,HIGH,Payment Success
TXN-003349,WS/MP540/2026-2027/260151,V1,RM ENTERPRISE,249000.0,2026-08-08,"320,100.00 - 1,168,050.00",-66.54,HIGH,Payment Success
TXN-003350,WS/MP540/2026-2027/260150,V1,RM ENTERPRISE,486000.0,2026-08-08,"320,100.00 - 1,168,050.00",-34.68,MEDIUM,Payment Success
TXN-003351,WS/MP540/2026-2027/260153,V1,RM ENTERPRISE,841500.0,2026-08-08,"320,100.00 - 1,168,050.00",13.09,LOW,Payment Success
TXN-003352,WS/MP18388/2025-2026/188644,V1,K Bhagyalaxmi,499881.0,2026-08-05,"499,881.00 - 499,881.00",0.0,LOW,Payment Success
TXN-003353,WS/MP18109/2026-2027/164962,V1,GRAM PANCHAYAT RAMPUR,49995.0,2026-08-05,"49,942.50 - 99,997.50",-33.31,MEDIUM,Payment Success
TXN-003354,WS/MP18109/2026-2027/164962,V1,GRAM PANCHAYAT RAMPUR,49995.0,2026-08-05,"49,942.50 - 99,997.50",-33.31,MEDIUM,Payment Success
TXN-003355,WS/MP18109/2026-2027/164962,V1,GRAM PANCHAYAT RAMPUR,49995.0,2026-08-05,"49,942.50 - 99,997.50",-33.31,MEDIUM,Payment Success
TXN-003356,WS/MP18109/2026-2027/164962,V1,GRAM PANCHAYAT RAMPUR,49921.0,2026-08-05,"49,942.50 - 99,997.50",-33.41,MEDIUM,Payment Success
TXN-003357,WS/MP18109/2026-2027/164962,V1,GRAM PANCHAYAT RAMPUR,49964.0,2026-08-05,"49,942.50 - 99,997.50",-33.35,MEDIUM,Payment Success
TXN-003358,WS/MP18328/2026-2027/269191,V1,GRAM PANCHAYAT TIKKAR,30000.0,2026-08-24,"30,000.00 - 30,000.00",0.0,LOW,Payment Success
TXN-003359,WS/MP18054/2026-2027/255319,V1,PILUDARA GRAM PANCHAYAT,300000.0,2026-08-12,"300,000.00 - 300,000.00",0.0,LOW,Payment Success
TXN-003360,WS/MP18251/2025-2026/161240,V1,ELEEN AND CO,796993.0,2026-08-21,"796,993.00 - 796,993.00",0.0,LOW,Payment Success
TXN-003361,WS/MP18047/2026-2027/227245,V1,VEE ESS ENTERPRISES,46419.0,2026-08-18,"28,283.80 - 808,117.40",-88.9,HIGH,Payment Success
TXN-003362,WS/MP18047/2026-2027/227245,V1,VEE ESS ENTERPRISES,23750.0,2026-08-18,"28,283.80 - 808,117.40",-94.32,HIGH,Payment Success
TXN-003363,WS/MP18047/2026-2027/227245,V1,VEE ESS ENTERPRISES,998542.0,2026-08-12,"28,283.80 - 808,117.40",138.77,HIGH,Payment Success
TXN-003364,WS/MP540/2025-2026/235854,V1,SATYA PRIYA PAUL,170112.0,2026-08-05,"68,756.70 - 158,850.30",49.48,MEDIUM,Payment Success
TXN-003365,WS/MP540/2025-2026/235854,V1,SATYA PRIYA PAUL,57495.0,2026-08-19,"68,756.70 - 158,850.30",-49.48,MEDIUM,Payment Success
TXN-003366,WS/MP18147/2025-2026/250617,V1,SUBRAT KUMAR MUKHI,431500.0,2026-08-10,"431,500.00 - 431,500.00",0.0,LOW,Payment Success
TXN-003367,WS/MP18127/2026-2027/253708,V1,SHRAMIK MAJOOR BANDHKAM SAHAKARI SANSTHA MARYA,989000.0,2026-08-06,"989,000.00 - 989,000.00",0.0,LOW,Payment Success
TXN-003368,WS/MP18264/2025-2026/197609,V1,ACHU ALIAS ALEX,147568.0,2026-08-18,"147,568.00 - 147,568.00",0.0,LOW,Payment Success
TXN-003369,WS/MP18158/2026-2027/262076,V1,jaspreet kaur wo Sandeep Singh,20201.0,2026-08-04,"9,399.20 - 19,000.80",42.26,MEDIUM,Payment Success
TXN-003370,WS/MP18158/2026-2027/262076,V1,jaspreet kaur wo Sandeep Singh,8199.0,2026-08-07,"9,399.20 - 19,000.80",-42.26,MEDIUM,Payment Success
TXN-003371,WS/MP18169/2026-2027/260279,V1,SHRI RAMESHWAR CONSTRUCTION,999967.0,2026-08-10,"999,967.00 - 999,967.00",0.0,LOW,Payment Success
TXN-003372,WS/MP18399/2025-2026/230983,V1,Sanjay Goel,1126111.0,2026-08-11,"1,126,111.00 - 1,126,111.00",0.0,LOW,Payment Success
TXN-003373,WS/MP18399/2025-2026/230992,V1,Rajendra Engineers,855269.0,2026-08-11,"832,478.30 - 852,736.70",1.5,LOW,Payment Success
TXN-003374,WS/MP18399/2025-2026/246185,V1,Rajendra Engineers,829946.0,2026-08-11,"832,478.30 - 852,736.70",-1.5,LOW,Payment Success
TXN-003375,WS/MP522/2025-2026/253902,V1,SURADA SONIYA,146346.0,2026-08-05,"146,346.00 - 146,346.00",0.0,LOW,Payment Success
TXN-003376,WS/MP522/2025-2026/253900,V1,TAMADA VISWANADHAM,495433.0,2026-08-17,"495,433.00 - 495,433.00",0.0,LOW,Payment Success
TXN-003377,WS/MP18244/2025-2026/185179,V1,Nayandeep Lama,516902.0,2026-08-03,"516,902.00 - 516,902.00",0.0,LOW,Payment Success
TXN-003378,WS/MP18244/2025-2026/185184,V1,Uday Khulal,517214.0,2026-08-03,"345,838.00 - 482,938.80",24.81,MEDIUM,Payment Success
TXN-003379,WS/MP18244/2025-2026/185206,V1,Uday Khulal,345838.0,2026-08-03,"345,838.00 - 482,938.80",-16.54,LOW,Payment Success
TXN-003380,WS/MP18244/2025-2026/185190,V1,Uday Khulal,345838.0,2026-08-03,"345,838.00 - 482,938.80",-16.54,LOW,Payment Success
TXN-003381,WS/MP18148/2025-2026/228032,V1,BHANUMATI TUDU,300000.0,2026-08-07,"300,000.00 - 300,000.00",0.0,LOW,Payment Success
TXN-003382,WS/MP18148/2025-2026/228029,V1,SAROJ KUMAR SAMANTARAY,300000.0,2026-08-05,"300,000.00 - 300,000.00",0.0,LOW,Payment Success
TXN-003383,WS/MP18148/2025-2026/228035,V1,SAROJ KUMAR SAMANTARAY,300000.0,2026-08-06,"300,000.00 - 300,000.00",0.0,LOW,Payment Success
TXN-003384,WS/MP18148/2025-2026/228010,V1,CH ROSHAN PATRO,250000.0,2026-08-07,"255,000.00 - 295,000.00",-9.09,LOW,Payment Success
TXN-003385,WS/MP18148/2025-2026/228004,V1,CH ROSHAN PATRO,300000.0,2026-08-07,"255,000.00 - 295,000.00",9.09,LOW,Payment Success
TXN-003386,WS/MP18154/2025-2026/256980,V1,Gupta Tele System,250000.0,2026-08-04,"250,000.00 - 250,000.00",0.0,LOW,Payment Success
TXN-003387,WS/MP18158/2025-2026/208082,V1,Shree Balaji Cement Store,18450.0,2026-08-07,"18,450.00 - 18,450.00",0.0,LOW,Payment Success
TXN-003388,WS/MP577/2025-2026/133579,V1,BHUTARDI GROUP GR PANCHAYAT,247496.0,2026-08-11,"247,496.00 - 247,496.00",0.0,LOW,Payment Success
TXN-003389,WS/MP18132/2025-2026/205459,V1,VASANTDADA PATIL MAJUR SAHAKARI SOCIETY LTD DHAVALESHWAR,999994.0,2026-08-06,"999,994.00 - 999,994.00",0.0,LOW,Payment Success
TXN-003390,WS/MP18066/2025-2026/243750,V1,KKG,99639.0,2026-08-24,"108,911.00 - 183,087.00",-31.75,MEDIUM,Payment Success
TXN-003391,WS/MP18066/2025-2026/243750,V1,KKG,192359.0,2026-08-24,"108,911.00 - 183,087.00",31.75,MEDIUM,Payment Success
TXN-003392,WS/MP18305/2025-2026/184459,V1,HARIS BABU,293676.0,2026-08-04,"293,676.00 - 293,676.00",0.0,LOW,Payment Success
TXN-003393,WS/MP18051/2026-2027/289991,V1,GRAM PANCHAYAT DHAURABHATHA,500000.0,2026-08-04,"500,000.00 - 500,000.00",0.0,LOW,Payment Success
TXN-003394,WS/MP18145/2025-2026/185980,V1,JUNIOR ENGINEER,318931.0,2026-08-04,"318,931.00 - 318,931.00",0.0,LOW,Payment Success
TXN-003395,WS/MP18003/2024-2025/157527,V1,B Jaya Prakash,499613.0,2026-08-04,"499,613.00 - 499,613.00",0.0,LOW,Payment Success
TXN-003396,WS/MP18003/2025-2026/223871,V1,Pachha Ajay,399605.0,2026-08-05,"399,605.00 - 399,605.00",0.0,LOW,Payment Success
TXN-003397,WS/MP18147/2025-2026/238097,V1,SUNAINA BHANJDEO,500000.0,2026-08-10,"500,000.00 - 500,000.00",0.0,LOW,Payment Success
TXN-003398,WS/MP18060/2025-2026/230496,V1,THE GANGA CO OPERATIVE LABOUR AND CONSTRUCTION SOCIETY,740058.0,2026-08-05,"740,058.00 - 740,058.00",0.0,LOW,Payment Success
TXN-003399,WS/MP300/2025-2026/190853,V1,SARITA BEHERA,681212.0,2026-08-04,"707,444.30 - 917,302.70",-16.15,LOW,Payment Success
TXN-003400,WS/MP300/2025-2026/199514,V1,SARITA BEHERA,943535.0,2026-08-04,"707,444.30 - 917,302.70",16.15,LOW,Payment Success
TXN-003401,WS/MP18310/2026-2027/272553,V1,JEEBAN KUMAR MISHRA,300000.0,2026-08-11,"300,000.00 - 300,000.00",0.0,LOW,Payment Success
TXN-003402,WS/MP540/2025-2026/235852,V1,SUPRIYO DEB,168340.0,2026-08-05,"168,340.00 - 168,340.00",0.0,LOW,Payment Success
TXN-003403,WS/MP021/2026-2027/254816,V1,ATTARI FABRICATION,199125.0,2026-08-03,"199,125.00 - 199,125.00",0.0,LOW,Payment Success
TXN-003404,WS/MP18399/2025-2026/236552,V1,PESI PRIVATE LIMITED,426013.0,2026-08-10,"426,013.00 - 426,013.00",0.0,LOW,Payment Success
TXN-003405,WS/MP18058/2025-2026/274767,V1,Samantpura Gram Panchayat,497872.0,2026-08-05,"275,626.00 - 473,178.00",32.98,MEDIUM,Payment Success
TXN-003406,WS/MP18149/2025-2026/269456,V1,ASST ENG III,500000.0,2026-08-04,"500,000.00 - 500,000.00",0.0,LOW,Payment Success
TXN-003407,WS/MP18149/2025-2026/269453,V1,ASST ENG III,500000.0,2026-08-15,"500,000.00 - 500,000.00",0.0,LOW,Payment Success
TXN-003408,WS/MP331/2025-2026/256160,V1,Ankush Sharma,100500.0,2026-08-07,"99,450.00 - 121,210.00",-8.91,LOW,Payment Success
TXN-003409,WS/MP331/2025-2026/256164,V1,Ankush Sharma,100700.0,2026-08-07,"99,450.00 - 121,210.00",-8.73,LOW,Payment Success
TXN-003410,WS/MP331/2025-2026/256177,V1,Ankush Sharma,130000.0,2026-08-07,"99,450.00 - 121,210.00",17.83,LOW,Payment Success
TXN-003411,WS/MP331/2025-2026/256161,V1,Ankush Sharma,99000.0,2026-08-06,"99,450.00 - 121,210.00",-10.27,LOW,Payment Success
TXN-003412,WS/MP18326/2026-2027/256371,V1,KOTHARIYA GRAM PANCHAYAT,499912.0,2026-08-10,"499,912.00 - 499,912.00",0.0,LOW,Payment Success
TXN-003413,WS/MP18162/2025-2026/178543,V1,SHREE BALAJI CONSTRUCTION,321029.0,2026-08-13,"325,178.00 - 358,370.00",-6.07,LOW,Payment Success
TXN-003414,WS/MP18162/2025-2026/183836,V1,SHREE BALAJI CONSTRUCTION,362519.0,2026-08-17,"325,178.00 - 358,370.00",6.07,LOW,Payment Success
TXN-003415,WS/MP18321/2026-2027/274532,V1,NARANPURA KAMPA GRAM PANCHAYAT,300000.0,2026-08-03,"300,000.00 - 300,000.00",0.0,LOW,Payment Success
TXN-003416,WS/MP18054/2026-2027/255397,V1,DHARPURA KHANT,200000.0,2026-08-10,"200,000.00 - 200,000.00",0.0,LOW,Payment Success
TXN-003417,WS/MP18054/2026-2027/265437,V1,DHARPURA KHANT,200000.0,2026-08-21,"200,000.00 - 200,000.00",0.0,LOW,Payment Success
TXN-003418,WS/MP478/2025-2026/243391,V1,ANUJ Panwar,12600.0,2026-08-01,"12,600.00 - 12,600.00",0.0,LOW,Payment Success
TXN-003419,WS/MP18019/2026-2027/139500,V1,Executive Engineer and EO,85000.0,2026-08-09,"85,000.00 - 85,000.00",0.0,LOW,Payment Success
TXN-003420,WS/MP18193/2025-2026/255212,V1,Sri Maheshwari Contract Works,324108.0,2026-08-14,"324,108.00 - 324,108.00",0.0,LOW,Payment Success
TXN-003421,WS/MP568/2026-2027/279471,V1,SARPANCH SACHIV GRAM PANCHAYAT KUTHREL,400000.0,2026-08-04,"400,000.00 - 400,000.00",0.0,LOW,Payment Success
TXN-003422,WS/MP650/2025-2026/212496,V1,Jai Baba Barfani trader,249621.0,2026-08-19,"249,621.00 - 249,621.00",0.0,LOW,Payment Success
TXN-003423,WS/MP18089/2025-2026/175231,V1,SHIVANAND MALLAPPA MENASINAKAI,225000.0,2026-08-05,"225,000.00 - 225,000.00",0.0,LOW,Payment Success
TXN-003424,WS/MP18019/2026-2027/139500,V1,Bimal Hanse,4913740.0,2026-08-09,"4,913,740.00 - 4,913,740.00",0.0,LOW,Payment Success
TXN-003425,WS/MP529/2025-2026/267504,V1,Galam Ravi,498851.0,2026-08-06,"498,851.00 - 498,851.00",0.0,LOW,Payment Success
TXN-003426,WS/MP650/2025-2026/212495,V1,TANVEER Engineering,201594.0,2026-08-19,"201,594.00 - 201,594.00",0.0,LOW,Payment Success
TXN-003427,WS/MP18150/2026-2027/272769,V1,PABITRA MOHAN LENKA TC,483001.0,2026-08-01,"502,239.30 - 656,145.70",-16.61,LOW,Payment Success
TXN-003428,WS/MP394/2026-2027/223985,V1,UTHAYAN T,499812.0,2026-08-21,"499,812.00 - 499,812.00",0.0,LOW,Payment Success
TXN-003429,WS/MP18183/2025-2026/222810,V1,Durairaj jayakumar Co,799695.0,2026-08-03,"799,695.00 - 799,695.00",0.0,LOW,Payment Success
TXN-003430,WS/MP477/2026-2027/258914,V1,MARTOLIA TRADERS,199980.0,2026-08-07,"199,980.00 - 199,980.00",0.0,LOW,Payment Success
TXN-003431,WS/MP478/2026-2027/277486,V1,Mr Dhan singh,249325.0,2026-08-01,"249,325.00 - 249,325.00",0.0,LOW,Payment Success
TXN-003432,WS/MP478/2026-2027/277485,V1,Mr Dhan singh,249325.0,2026-08-01,"249,325.00 - 249,325.00",0.0,LOW,Payment Success
TXN-003433,WS/MP478/2026-2027/277520,V1,Mr Dhan singh,249325.0,2026-08-13,"249,325.00 - 249,325.00",0.0,LOW,Payment Success
TXN-003434,WS/MP687/2026-2027/295798,V1,Sanket Sudhakar Khedekar,500000.0,2026-08-03,"500,000.00 - 500,000.00",0.0,LOW,Payment Success
TXN-003435,WS/MP18326/2025-2026/238354,V1,GAJANVAV GRAM PANCHAYAT,499873.0,2026-08-11,"499,873.00 - 499,873.00",0.0,LOW,Payment Success
TXN-003436,WS/MP18056/2025-2026/263454,V1,Parevala Gram Panchayat,400000.0,2026-08-04,"400,000.00 - 400,000.00",0.0,LOW,Payment Success
TXN-003437,WS/MP18056/2026-2027/280655,V1,Devpara Gram Panchayat,498331.0,2026-08-04,"498,331.00 - 498,331.00",0.0,LOW,Payment Success
TXN-003438,WS/MP18185/2026-2027/223232,V1,T SIVACHANDRAN,1599925.0,2026-08-06,"1,599,925.00 - 1,599,925.00",0.0,LOW,Payment Success
TXN-003439,WS/MP18326/2025-2026/252397,V1,BAVALI GRAM PANCHAYAT,499412.0,2026-08-11,"499,412.00 - 499,412.00",0.0,LOW,Payment Success
TXN-003440,WS/MP18048/2026-2027/278657,V1,Gram Panchayt Chapapadar,225000.0,2026-08-13,"225,000.00 - 225,000.00",0.0,LOW,Payment Success
TXN-003441,WS/MP18056/2026-2027/280656,V1,Nani Lakhavad Gram Panchayat,500000.0,2026-08-05,"500,000.00 - 500,000.00",0.0,LOW,Payment Success
TXN-003442,WS/MP18175/2025-2026/158070,V1,D S AKBAL CIVIL CONSTRUCTION,749247.0,2026-08-04,"749,247.00 - 749,247.00",0.0,LOW,Payment Success
TXN-003443,WS/MP529/2025-2026/236650,V1,Dabbugunta Bhaktavatsalam,176201.0,2026-08-05,"176,201.00 - 176,201.00",0.0,LOW,Payment Success
TXN-003444,WS/MP756/2026-2027/242960,V1,SUBRAMANIYAN S,898693.0,2026-08-03,"898,693.00 - 898,693.00",0.0,LOW,Payment Success
TXN-003445,WS/MP380/2025-2026/209170,V1,SURJIT SINGH BKO,25098.0,2026-08-02,"25,098.00 - 25,098.00",0.0,LOW,Payment Success
TXN-003446,WS/MP18356/2026-2027/228794,V1,ABHISHEK JAMBU MOHITE,375000.0,2026-08-03,"375,000.00 - 375,000.00",0.0,LOW,Payment Success
TXN-003447,WS/MP021/2026-2027/192307,V1,MANOJ SINGH,16800.0,2026-08-07,"16,800.00 - 16,800.00",0.0,LOW,Payment Success
TXN-003448,WS/MP526/2025-2026/166419,V1,The Chairmen VLWC Kamasamudram,299169.0,2026-08-03,"299,169.00 - 299,169.00",0.0,LOW,Payment Success
TXN-003449,WS/MP353/2025-2026/196079,V1,HEADMISTRESS SNUPS CHURULY,92752.0,2026-08-11,"92,752.00 - 92,752.00",0.0,LOW,Payment Success
TXN-003450,WS/MP021/2025-2026/262400,V1,HEMLATA,16104.0,2026-08-11,"12,140.40 - 15,663.60",15.84,LOW,Payment Success
TXN-003451,WS/MP870/2025-2026/200462,V1,SEKARAN VENGADESAN,1099556.0,2026-08-03,"1,099,556.00 - 1,099,556.00",0.0,LOW,Payment Success
TXN-003452,WS/MP021/2025-2026/262400,V1,PREMA DEVI,16470.0,2026-08-11,"16,470.00 - 16,470.00",0.0,LOW,Payment Success
TXN-003453,WS/MP331/2025-2026/263953,V1,BEJ NATH,196000.0,2026-08-03,"196,000.00 - 196,000.00",0.0,LOW,Payment Success
TXN-003454,WS/MP021/2025-2026/262400,V1,YOGESH SINGH,16470.0,2026-08-11,"16,470.00 - 16,470.00",0.0,LOW,Payment Success
TXN-003455,WS/MP021/2025-2026/262400,V1,ANITA PANDEY,16470.0,2026-08-11,"16,470.00 - 16,470.00",0.0,LOW,Payment Success
TXN-003456,WS/MP021/2025-2026/262400,V1,HIMASNHU BISHT,16470.0,2026-08-11,"16,470.00 - 16,470.00",0.0,LOW,Payment Success
TXN-003457,WS/MP021/2025-2026/262400,V1,BHADUR SINGH,23230.0,2026-08-11,"23,230.00 - 23,230.00",0.0,LOW,Payment Success
TXN-003458,WS/MP021/2025-2026/262400,V1,BALWANT SINGH,22725.0,2026-08-11,"22,725.00 - 22,725.00",0.0,LOW,Payment Success
TXN-003459,WS/MP870/2025-2026/200564,V1,R K CONSTRUCTIONS,1099545.0,2026-08-03,"1,099,545.00 - 1,099,545.00",0.0,LOW,Payment Success
TXN-003460,WS/MP18150/2026-2027/272769,V1,MPLAD Holding Account Jujomura Block,11846.0,2026-08-01,"12,929.80 - 27,649.00",-41.61,MEDIUM,Payment Success
TXN-003461,WS/MP577/2025-2026/229558,V1,GRAM PANCHAYAT zazori,474716.0,2026-07-31,"474,716.00 - 474,716.00",0.0,LOW,Payment Success
TXN-003462,WS/MP18112/2025-2026/211417,V1,MOHD ANIS MOHD SHAFI,842346.0,2026-08-04,"842,346.00 - 842,346.00",0.0,LOW,Payment Success
TXN-003463,WS/MP18146/2026-2027/250794,V1,BDO Champua Royalty,40126.0,2026-08-01,"8,764.60 - 36,641.40",76.74,HIGH,Payment Success
TXN-003464,WS/MP18146/2025-2026/173898,V1,BDO Champua Royalty,5280.0,2026-08-01,"8,764.60 - 36,641.40",-76.74,HIGH,Payment Success
TXN-003465,WS/MP18120/2026-2027/192783,V1,TIRUPATI cONSTRUCTION,699707.0,2026-08-03,"379,723.20 - 699,683.20",29.65,MEDIUM,Payment Success
TXN-003466,WS/MP18120/2026-2027/169217,V1,TIRUPATI cONSTRUCTION,699588.0,2026-08-03,"379,723.20 - 699,683.20",29.62,MEDIUM,Payment Success
TXN-003467,WS/MP18120/2026-2027/192782,V1,TIRUPATI cONSTRUCTION,299757.0,2026-08-03,"379,723.20 - 699,683.20",-44.46,MEDIUM,Payment Success
TXN-003468,WS/MP18429/2026-2027/242119,V1,SWAMI NARENDRA ELECTRICAL,499947.0,2026-08-10,"499,947.00 - 499,947.00",0.0,LOW,Payment Success
TXN-003469,WS/MP508/2026-2027/246906,V1,CS Builders,994902.0,2026-08-10,"994,902.00 - 994,902.00",0.0,LOW,Payment Success
TXN-003470,WS/MP021/2026-2027/192307,V1,CHANDAN SINGH BISHT,16380.0,2026-08-07,"16,380.00 - 16,380.00",0.0,LOW,Payment Success
TXN-003471,WS/MP021/2026-2027/192307,V1,LEELA BISHT,16380.0,2026-08-07,"16,380.00 - 16,380.00",0.0,LOW,Payment Success
TXN-003472,WS/MP021/2026-2027/192307,V1,PRATAP SINGH BISHT,16380.0,2026-08-07,"16,380.00 - 16,380.00",0.0,LOW,Payment Success
TXN-003473,WS/MP18158/2025-2026/225796,V1,Videya vanti,74124.0,2026-08-06,"74,124.00 - 74,124.00",0.0,LOW,Payment Success
TXN-003474,WS/MP381/2026-2027/275246,V1,BHILLOWAL TRADERS,146300.0,2026-08-04,"105,080.00 - 141,720.00",18.56,LOW,Payment Success
TXN-003475,WS/MP381/2026-2027/275555,V1,BHILLOWAL TRADERS,100500.0,2026-08-07,"105,080.00 - 141,720.00",-18.56,LOW,Payment Success
TXN-003476,WS/MP381/2026-2027/278061,V1,Yuvraj Enterprises,90000.0,2026-08-03,"65,800.00 - 87,600.00",17.34,LOW,Payment Success
TXN-003477,WS/MP381/2026-2027/278061,V1,Yuvraj Enterprises,82000.0,2026-08-03,"65,800.00 - 87,600.00",6.91,LOW,Payment Success
TXN-003478,WS/MP381/2026-2027/278061,V1,Yuvraj Enterprises,64000.0,2026-08-03,"65,800.00 - 87,600.00",-16.56,LOW,Payment Success
TXN-003479,WS/MP381/2026-2027/278061,V1,Yuvraj Enterprises,70000.0,2026-08-03,"65,800.00 - 87,600.00",-8.74,LOW,Payment Success
TXN-003480,WS/MP386/2026-2027/242832,V1,H K CONSTRUCTION,791007.0,2026-08-05,"791,007.00 - 791,007.00",0.0,LOW,Payment Success
TXN-003481,WS/MP18263/2026-2027/234848,V1,AJITH KUMAR SHETTY,500000.0,2026-08-05,"500,000.00 - 500,000.00",0.0,LOW,Payment Success
TXN-003482,WS/MP18324/2025-2026/219945,V1,MOTA AGARIYA GRAM PANCHAYAT,291607.0,2026-08-01,"291,607.00 - 291,607.00",0.0,LOW,Payment Success
TXN-003483,WS/MP021/2025-2026/178118,V1,SAVITRI DEVI,10248.0,2026-08-23,"5,241.60 - 16,396.80",-5.28,LOW,Payment Success
TXN-003484,WS/MP021/2025-2026/178119,V1,SAVITRI DEVI,17934.0,2026-08-23,"5,241.60 - 16,396.80",65.76,HIGH,Payment Success
TXN-003485,WS/MP021/2025-2026/178118,V1,CHANDAN,10248.0,2026-08-23,"11,016.60 - 17,165.40",-27.27,MEDIUM,Payment Success
TXN-003486,WS/MP021/2025-2026/178119,V1,CHANDAN,17934.0,2026-08-23,"11,016.60 - 17,165.40",27.27,MEDIUM,Payment Success
TXN-003487,WS/MP021/2025-2026/178119,V1,RAKHI,17934.0,2026-08-23,"11,016.60 - 17,165.40",27.27,MEDIUM,Payment Success
TXN-003488,WS/MP021/2025-2026/178118,V1,RAKHI,10248.0,2026-08-23,"11,016.60 - 17,165.40",-27.27,MEDIUM,Payment Success
TXN-003489,WS/MP18324/2025-2026/221534,V1,VISALIYA GRAM PANCHAYAT,400000.0,2026-08-01,"400,000.00 - 400,000.00",0.0,LOW,Payment Success
TXN-003490,WS/MP021/2025-2026/178118,V1,RAMESH CHANDRA,11615.0,2026-08-23,"12,827.00 - 22,523.00",-34.29,MEDIUM,Payment Success
TXN-003491,WS/MP021/2025-2026/178119,V1,RAMESH CHANDRA,23735.0,2026-08-23,"12,827.00 - 22,523.00",34.29,MEDIUM,Payment Success
TXN-003492,WS/MP021/2025-2026/178119,V1,NAVEEN JOSHI,17934.0,2026-08-23,"11,016.60 - 17,165.40",27.27,MEDIUM,Payment Success
TXN-003493,WS/MP021/2025-2026/178118,V1,NAVEEN JOSHI,10248.0,2026-08-23,"11,016.60 - 17,165.40",-27.27,MEDIUM,Payment Success
TXN-003494,WS/MP021/2025-2026/178119,V1,MAHIPAL,17934.0,2026-08-23,"11,016.60 - 17,165.40",27.27,MEDIUM,Payment Success
TXN-003495,WS/MP021/2025-2026/178118,V1,MAHIPAL,10248.0,2026-08-23,"11,016.60 - 17,165.40",-27.27,MEDIUM,Payment Success
TXN-003496,WS/MP18008/2026-2027/260769,V1,Moparthy Srinivasa Rao,314762.0,2026-08-01,"314,762.00 - 314,762.00",0.0,LOW,Payment Success
TXN-003497,WS/MP18156/2025-2026/219758,V1,SWARAN SINGH CONTRACTOR,182959.0,2026-08-04,"182,959.00 - 182,959.00",0.0,LOW,Payment Success
TXN-003498,WS/MP18064/2025-2026/203137,V1,THE LUV KUSH COOP LABOUR AND CONSTRUCION SOCIETY LTD,503375.0,2026-08-01,"503,375.00 - 503,375.00",0.0,LOW,Payment Success
TXN-003499,WS/MP529/2025-2026/267516,V1,VADIHBOINA CHENCHU REDDY,299336.0,2026-08-06,"254,450.60 - 495,087.90",-20.13,MEDIUM,Payment Success
TXN-003500,WS/MP529/2025-2026/267520,V1,VADIHBOINA CHENCHU REDDY,486410.0,2026-08-06,"254,450.60 - 495,087.90",29.79,MEDIUM,Payment Success
TXN-003501,WS/MP529/2025-2026/267513,V1,VADIHBOINA CHENCHU REDDY,498807.0,2026-08-06,"254,450.60 - 495,087.90",33.1,MEDIUM,Payment Success
TXN-003502,WS/MP529/2025-2026/267517,V1,VADIHBOINA CHENCHU REDDY,235214.0,2026-08-06,"254,450.60 - 495,087.90",-37.24,MEDIUM,Payment Success
TXN-003503,WS/MP18258/2026-2027/183797,V1,NUTAN KAMGAR SAHAKARI SANSTHA,1466928.0,2026-08-07,"1,466,928.00 - 1,466,928.00",0.0,LOW,Payment Success
TXN-003504,WS/MP18008/2026-2027/251376,V1,Kornepati Ashok Kumar,307485.0,2026-08-01,"213,581.20 - 305,682.00",18.43,LOW,Payment Success
TXN-003505,WS/MP18116/2025-2026/220954,V1,bhushan raghunath gharat,492080.0,2026-08-06,"492,080.00 - 492,080.00",0.0,LOW,Payment Success
TXN-003506,WS/MP18326/2025-2026/238272,V1,NAVA GHANSHYAMGADH GRAM PANCHAYAT,499406.0,2026-08-19,"499,406.00 - 499,406.00",0.0,LOW,Payment Success
TXN-003507,WS/MP18326/2025-2026/175600,V1,SUNDARI BHAVANI GRAM PANCHAYAT,249893.0,2026-08-18,"249,893.00 - 249,893.00",0.0,LOW,Payment Success
TXN-003508,WS/MP18169/2025-2026/247258,V1,DEVI LAL KUMAWAT,7800.0,2026-08-01,"7,800.00 - 7,800.00",0.0,LOW,Payment Success
TXN-003509,WS/MP18169/2025-2026/247258,V1,MOHAN LAL KUMAWAT,7800.0,2026-08-01,"7,800.00 - 7,800.00",0.0,LOW,Payment Success
TXN-003510,WS/MP18169/2025-2026/247258,V1,BABU LAL,7800.0,2026-08-01,"7,800.00 - 7,800.00",0.0,LOW,Payment Success
TXN-003511,WS/MP18169/2025-2026/247258,V1,DHAN RAJ,7800.0,2026-08-01,"7,800.00 - 7,800.00",0.0,LOW,Payment Success
TXN-003512,WS/MP18169/2025-2026/247258,V1,KAILASH PURI,15600.0,2026-08-01,"15,600.00 - 15,600.00",0.0,LOW,Payment Success
TXN-003513,WS/MP18169/2025-2026/247258,V1,MAMTA KUMAWAT,6720.0,2026-08-01,"6,720.00 - 6,720.00",0.0,LOW,Payment Success
TXN-003514,WS/MP18169/2025-2026/247258,V1,POOJA KUMAWAT,6720.0,2026-08-01,"6,720.00 - 6,720.00",0.0,LOW,Payment Success
TXN-003515,WS/MP18169/2025-2026/247258,V1,PARASI DEVI,5320.0,2026-08-01,"5,320.00 - 5,320.00",0.0,LOW,Payment Success
TXN-003516,WS/MP18169/2025-2026/247258,V1,SHAYRI DEVI,3360.0,2026-08-01,"3,360.00 - 3,360.00",0.0,LOW,Payment Success
TXN-003517,WS/MP021/2025-2026/197138,V1,jai Isht dev supplier,51307.0,2026-08-24,"51,307.00 - 51,307.00",0.0,LOW,Payment Success
TXN-003518,WS/MP18076/2026-2027/228437,V1,RAVIKUMAR M,375000.0,2026-08-03,"375,000.00 - 375,000.00",0.0,LOW,Payment Success
TXN-003519,WS/MP18112/2025-2026/188633,V1,LAXMIKANT ANIL SOMANI,1199641.0,2026-07-31,"1,199,641.00 - 1,199,641.00",0.0,LOW,Payment Success
TXN-003520,WS/MP18155/2025-2026/247640,V1,Aggarwal Construction Co,123199.0,2026-08-07,"123,199.00 - 123,199.00",0.0,LOW,Payment Success
TXN-003521,WS/MP18155/2025-2026/247640,V1,Kapila Trading Co,27793.0,2026-08-07,"11,900.00 - 49,000.00",-8.73,LOW,Payment Success
TXN-003522,WS/MP18155/2025-2026/247640,V1,Kapila Trading Co,30127.0,2026-08-07,"11,900.00 - 49,000.00",-1.06,LOW,Payment Success
TXN-003523,WS/MP18155/2025-2026/247640,V1,Kapila Trading Co,27900.0,2026-08-07,"11,900.00 - 49,000.00",-8.37,LOW,Payment Success
TXN-003524,WS/MP18155/2025-2026/247640,V1,Kapila Trading Co,14000.0,2026-08-07,"11,900.00 - 49,000.00",-54.02,HIGH,Payment Success
TXN-003525,WS/MP18155/2025-2026/247640,V1,Kapila Trading Co,30000.0,2026-08-07,"11,900.00 - 49,000.00",-1.48,LOW,Payment Success
TXN-003526,WS/MP18155/2025-2026/247640,V1,Kapila Trading Co,49000.0,2026-08-07,"11,900.00 - 49,000.00",60.92,HIGH,Payment Success
TXN-003527,WS/MP18155/2025-2026/247640,V1,Kapila Trading Co,49000.0,2026-08-07,"11,900.00 - 49,000.00",60.92,HIGH,Payment Success
TXN-003528,WS/MP18155/2025-2026/247640,V1,Kapila Trading Co,11500.0,2026-08-07,"11,900.00 - 49,000.00",-62.23,HIGH,Payment Success
TXN-003529,WS/MP18155/2025-2026/247640,V1,Kapila Trading Co,12000.0,2026-08-07,"11,900.00 - 49,000.00",-60.59,HIGH,Payment Success
TXN-003530,WS/MP18415/2025-2026/205427,V1,Banty Electrical,68668.0,2026-08-18,"68,668.00 - 68,668.00",0.0,LOW,Payment Success
TXN-003531,WS/MP18008/2026-2027/251063,V1,Alapati satyanarayana,498247.0,2026-08-03,"498,247.00 - 498,247.00",0.0,LOW,Payment Success
TXN-003532,WS/MP18112/2025-2026/233414,V1,SHUBHAM VIJAYRAO GADBAIL,966044.0,2026-08-03,"966,044.00 - 966,044.00",0.0,LOW,Payment Success
TXN-003533,WS/MP18008/2026-2027/251393,V1,Doppalapudi Vasudeva Rao,282121.0,2026-08-03,"282,121.00 - 282,121.00",0.0,LOW,Payment Success
TXN-003534,WS/MP477/2026-2027/274252,V1,Godhan Singh,7616.0,2026-07-31,"7,616.00 - 7,616.00",0.0,LOW,Payment Success
TXN-003535,WS/MP477/2026-2027/274252,V1,Niraj Singh Bora,7616.0,2026-07-31,"7,616.00 - 7,616.00",0.0,LOW,Payment Success
TXN-003536,WS/MP477/2026-2027/274252,V1,Pooja,7168.0,2026-07-31,"4,397.60 - 10,325.60",-2.63,LOW,Payment Success
TXN-003537,WS/MP18025/2026-2027/280735,V1,OM ENTERPRISE,224200.0,2026-08-12,"89,847.10 - 209,271.90",49.91,MEDIUM,Payment Success
TXN-003538,WS/MP18025/2026-2027/280735,V1,OM ENTERPRISE,74919.0,2026-08-25,"89,847.10 - 209,271.90",-49.91,MEDIUM,Payment Success
TXN-003539,WS/MP477/2026-2027/274252,V1,Sankar Singh,8585.0,2026-08-01,"8,585.00 - 8,585.00",0.0,LOW,Payment Success
TXN-003540,WS/MP477/2026-2027/274252,V1,Khadak Singh,8585.0,2026-08-01,"8,585.00 - 8,585.00",0.0,LOW,Payment Success
TXN-003541,WS/MP18350/2025-2026/179076,V1,D BHABANI SANKAR DORA,200000.0,2026-07-29,"200,000.00 - 200,000.00",0.0,LOW,Payment Success
TXN-003542,WS/MP18049/2025-2026/218149,V1,SUNIL KASHYAP,472708.0,2026-08-11,"472,708.00 - 472,708.00",0.0,LOW,Payment Success
TXN-003543,WS/MP18008/2026-2027/251003,V1,Tirumalasetty Ashok Kumar,130677.0,2026-08-01,"130,677.00 - 130,677.00",0.0,LOW,Payment Success
TXN-003544,WS/MP021/2026-2027/192307,V1,JAGDISH SINGH BISHT,18564.0,2026-08-07,"18,564.00 - 18,564.00",0.0,LOW,Payment Success
TXN-003545,WS/MP18206/2026-2027/252551,V1,Pradeep Kumar,139132.0,2026-08-09,"34,354.40 - 427,826.40",-39.79,MEDIUM,Payment Success
TXN-003546,WS/MP021/2026-2027/192307,V1,HARENDRA SINGH,18564.0,2026-08-07,"18,564.00 - 18,564.00",0.0,LOW,Payment Success
TXN-003547,WS/MP18062/2025-2026/210271,V1,Ramehar,299944.0,2026-08-05,"299,944.00 - 299,944.00",0.0,LOW,Payment Success
TXN-003548,WS/MP021/2026-2027/192307,V1,MUNNI DEVI,16380.0,2026-08-07,"3,705.00 - 13,356.00",92.02,HIGH,Payment Success
TXN-003549,WS/MP600/2025-2026/237608,V1,Sh Anchal Singh So Khushi Ram Ro Kumate Tehsil Rajgarh District Ramban Contractor,131300.0,2026-08-03,"131,300.00 - 131,300.00",0.0,LOW,Payment Success
TXN-003550,WS/MP316/2025-2026/237836,V1,ANIKET KUMAR SINGH,1227383.0,2026-07-30,"1,227,383.00 - 1,227,383.00",0.0,LOW,Payment Success
TXN-003551,WS/MP18133/2025-2026/148457,V1,NEERAJ DATTATRAY RANDIVE,1000000.0,2026-08-11,"1,000,000.00 - 1,000,000.00",0.0,LOW,Payment Success
TXN-003552,WS/MP021/2026-2027/192307,V1,SURAJ MEHTA,18564.0,2026-08-07,"18,564.00 - 18,564.00",0.0,LOW,Payment Success
TXN-003553,WS/MP18069/2026-2027/292679,V1,GRAM PANCHAYAT CHARURI,100000.0,2026-08-21,"60,000.00 - 120,000.00",11.11,LOW,Payment Success
TXN-003554,WS/MP18069/2026-2027/292680,V1,GRAM PANCHAYAT CHARURI,50000.0,2026-08-21,"60,000.00 - 120,000.00",-44.44,MEDIUM,Payment Success
TXN-003555,WS/MP18391/2026-2027/283791,V1,Mhachen Humtsoe,4000000.0,2026-07-30,"2,200,000.00 - 3,800,000.00",33.33,MEDIUM,Payment Success
TXN-003556,WS/MP18391/2026-2027/283791,V1,Mhachen Humtsoe,2000000.0,2026-08-18,"2,200,000.00 - 3,800,000.00",-33.33,MEDIUM,Payment Success
TXN-003557,WS/MP18103/2026-2027/295298,V1,Gram Panchayat Chakrampur,250000.0,2026-08-12,"250,000.00 - 250,000.00",0.0,LOW,Payment Success
TXN-003558,WS/MP18020/2026-2027/273975,V1,Construction of Natghar near Bhosamari,1200000.0,2026-08-24,"1,200,000.00 - 1,200,000.00",0.0,LOW,Payment Success
TXN-003559,WS/MP18103/2026-2027/288868,V1,Gram Panchayat Kathegra,250000.0,2026-08-13,"250,000.00 - 250,000.00",0.0,LOW,Payment Success
TXN-003560,WS/MP428/2026-2027/275108,V1,Sarpanch Gram Panchayat CHACHEDI,150000.0,2026-08-04,"150,000.00 - 150,000.00",0.0,LOW,Payment Success
TXN-003561,WS/MP478/2025-2026/243391,V1,NEELIMA,13356.0,2026-08-01,"13,356.00 - 13,356.00",0.0,LOW,Payment Success
TXN-003562,WS/MP478/2025-2026/243391,V1,PURNIMA,13356.0,2026-08-01,"13,356.00 - 13,356.00",0.0,LOW,Payment Success
TXN-003563,WS/MP478/2025-2026/243391,V1,LAVISH RAMOLA,13356.0,2026-08-01,"13,356.00 - 13,356.00",0.0,LOW,Payment Success
TXN-003564,WS/MP478/2025-2026/243391,V1,GAGAN RATURI,13356.0,2026-08-01,"13,356.00 - 13,356.00",0.0,LOW,Payment Success
TXN-003565,WS/MP478/2025-2026/243391,V1,NIKIT,13356.0,2026-08-01,"13,356.00 - 13,356.00",0.0,LOW,Payment Success
TXN-003566,WS/MP18066/2025-2026/273456,V1,SS Steel Industries Sirsa,174999.0,2026-08-03,"174,999.00 - 175,000.00",-0.0,LOW,Payment Success
TXN-003567,WS/MP18066/2025-2026/263124,V1,SS Steel Industries Sirsa,174999.0,2026-08-03,"174,999.00 - 175,000.00",-0.0,LOW,Payment Success
TXN-003568,WS/MP18066/2025-2026/263121,V1,SS Steel Industries Sirsa,174999.0,2026-08-03,"174,999.00 - 175,000.00",-0.0,LOW,Payment Success
TXN-003569,WS/MP18066/2025-2026/267003,V1,SS Steel Industries Sirsa,175000.0,2026-08-03,"174,999.00 - 175,000.00",0.0,LOW,Payment Success
TXN-003570,WS/MP18066/2025-2026/267027,V1,SS Steel Industries Sirsa,175000.0,2026-08-03,"174,999.00 - 175,000.00",0.0,LOW,Payment Success
TXN-003571,WS/MP18066/2025-2026/267631,V1,SS Steel Industries Sirsa,174999.0,2026-08-03,"174,999.00 - 175,000.00",-0.0,LOW,Payment Success
TXN-003572,WS/MP18066/2025-2026/267629,V1,SS Steel Industries Sirsa,175000.0,2026-08-03,"174,999.00 - 175,000.00",0.0,LOW,Payment Success
TXN-003573,WS/MP18066/2025-2026/267026,V1,SS Steel Industries Sirsa,175000.0,2026-08-03,"174,999.00 - 175,000.00",0.0,LOW,Payment Success
TXN-003574,WS/MP18066/2025-2026/267628,V1,SS Steel Industries Sirsa,175000.0,2026-08-03,"174,999.00 - 175,000.00",0.0,LOW,Payment Success
TXN-003575,WS/MP18066/2025-2026/263130,V1,SS Steel Industries Sirsa,175000.0,2026-08-03,"174,999.00 - 175,000.00",0.0,LOW,Payment Success
TXN-003576,WS/MP18066/2025-2026/263125,V1,SS Steel Industries Sirsa,175000.0,2026-08-03,"174,999.00 - 175,000.00",0.0,LOW,Payment Success
TXN-003577,WS/MP18066/2025-2026/263109,V1,SS Steel Industries Sirsa,175000.0,2026-08-03,"174,999.00 - 175,000.00",0.0,LOW,Payment Success
TXN-003578,WS/MP18066/2025-2026/267001,V1,SS Steel Industries Sirsa,175000.0,2026-08-03,"174,999.00 - 175,000.00",0.0,LOW,Payment Success
TXN-003579,WS/MP18066/2025-2026/267369,V1,SS Steel Industries Sirsa,175000.0,2026-08-03,"174,999.00 - 175,000.00",0.0,LOW,Payment Success
TXN-003580,WS/MP18066/2025-2026/263789,V1,SS Steel Industries Sirsa,175000.0,2026-08-03,"174,999.00 - 175,000.00",0.0,LOW,Payment Success
TXN-003581,WS/MP18066/2025-2026/263119,V1,SS Steel Industries Sirsa,175000.0,2026-08-03,"174,999.00 - 175,000.00",0.0,LOW,Payment Success
TXN-003582,WS/MP18066/2025-2026/252995,V1,SS Steel Industries Sirsa,175000.0,2026-08-03,"174,999.00 - 175,000.00",0.0,LOW,Payment Success
TXN-003583,WS/MP18066/2025-2026/252996,V1,SS Steel Industries Sirsa,175000.0,2026-08-03,"174,999.00 - 175,000.00",0.0,LOW,Payment Success
TXN-003584,WS/MP18070/2025-2026/244798,V1,Mir and Co Prop Bilal Ahmad Mir,178709.0,2026-07-31,"178,709.00 - 178,709.00",0.0,LOW,Payment Success
TXN-003585,WS/MP18305/2025-2026/183287,V1,ABDUL LATHEEF K,243349.0,2026-08-06,"243,349.00 - 243,349.00",0.0,LOW,Payment Success
TXN-003586,WS/MP577/2025-2026/222992,V1,GRAM PANCHAYAT ZARIKHURD,248299.0,2026-07-30,"248,299.00 - 248,299.00",0.0,LOW,Payment Success
TXN-003587,WS/MP18189/2026-2027/242610,V1,Bandaru Narasimha rao,499498.0,2026-08-12,"496,524.60 - 498,933.40",0.36,LOW,Payment Success
TXN-003588,WS/MP18189/2026-2027/250011,V1,Bandaru Narasimha rao,496675.0,2026-08-12,"496,524.60 - 498,933.40",-0.21,LOW,Payment Success
TXN-003589,WS/MP18189/2026-2027/250010,V1,Bandaru Narasimha rao,496487.0,2026-08-12,"496,524.60 - 498,933.40",-0.25,LOW,Payment Success
TXN-003590,WS/MP005/2025-2026/234492,V1,Taluka Development Officer Mahudha MPLADS,200000.0,2026-08-17,"130,000.00 - 200,000.00",21.21,MEDIUM,Payment Success
TXN-003591,WS/MP005/2025-2026/230419,V1,Taluka Development Officer Mahudha MPLADS,200000.0,2026-08-17,"130,000.00 - 200,000.00",21.21,MEDIUM,Payment Success
TXN-003592,WS/MP005/2026-2027/264024,V1,Taluka Development Officer Mahudha MPLADS,200000.0,2026-08-17,"130,000.00 - 200,000.00",21.21,MEDIUM,Payment Success
TXN-003593,WS/MP005/2026-2027/230227,V1,Taluka Development Officer Mahudha MPLADS,100000.0,2026-08-17,"130,000.00 - 200,000.00",-39.39,MEDIUM,Payment Success
TXN-003594,WS/MP478/2025-2026/243391,V1,JANAK SINGH,13356.0,2026-08-01,"13,356.00 - 13,356.00",0.0,LOW,Payment Success
TXN-003595,WS/MP478/2025-2026/243391,V1,ANSHUMAN PARMAR,13356.0,2026-08-01,"13,356.00 - 13,356.00",0.0,LOW,Payment Success
TXN-003596,WS/MP640/2026-2027/274762,V1,MISHRA GROUP,500000.0,2026-08-06,"500,000.00 - 500,000.00",0.0,LOW,Payment Success
TXN-003597,WS/MP18279/2025-2026/224092,V1,Digitech Electronic Systems Private Limited,1099975.0,2026-08-04,"1,099,975.00 - 1,099,975.00",0.0,LOW,Payment Success
TXN-003598,WS/MP761/2026-2027/221186,V1,Md Azeemuddin,268220.0,2026-07-27,"268,220.00 - 268,220.00",0.0,LOW,Payment Success
TXN-003599,WS/MP18162/2025-2026/251135,V1,SHANKAR LAL BASER,3679.0,2026-08-05,"3,679.00 - 3,679.00",0.0,LOW,Payment Success
TXN-003600,WS/MP18257/2025-2026/236233,V1,Sainik Enterprise,311675.0,2026-08-03,"311,675.00 - 311,675.00",0.0,LOW,Payment Success
TXN-003601,WS/MP18375/2026-2027/286830,V1,abhibhashak sangh goharganj,250000.0,2026-08-03,"250,000.00 - 250,000.00",0.0,LOW,Payment Success
TXN-003602,WS/MP859/2025-2026/207103,V1,PRABIR KUMAR RAKSHIT,450683.0,2026-08-07,"450,683.00 - 450,683.00",0.0,LOW,Payment Success
TXN-003603,WS/MP826/2024-2025/135523,V1,KRISHNA BARMEY SARKI19,497351.0,2026-07-26,"497,351.00 - 497,351.00",0.0,LOW,Payment Success
TXN-003604,WS/MP18056/2025-2026/247756,V1,Grampanchayat Virva,490396.0,2026-08-05,"490,396.00 - 490,396.00",0.0,LOW,Payment Success
TXN-003605,WS/MP18095/2026-2027/283022,V1,M S 790 NSS KARAYOGAM NADUBHAGAM,75558.0,2026-08-04,"75,558.00 - 75,558.00",0.0,LOW,Payment Success
TXN-003606,WS/MP18108/2026-2027/282359,V1,Gram Panchayat Heerapur,150000.0,2026-08-20,"150,000.00 - 150,000.00",0.0,LOW,Payment Success
TXN-003607,WS/MP18108/2026-2027/282360,V1,Gram Panchayat Heerapur,150000.0,2026-08-20,"150,000.00 - 150,000.00",0.0,LOW,Payment Success
TXN-003608,WS/MP728/2025-2026/255413,V1,MAHENDRA SINGH,9750.0,2026-08-19,"4,042.20 - 9,115.80",48.2,MEDIUM,Payment Success
TXN-003609,WS/MP728/2025-2026/255413,V1,MUKESH KUMAR,3705.0,2026-08-19,"3,532.10 - 152,530.00",-95.25,HIGH,Payment Success
TXN-003610,WS/MP728/2025-2026/255413,V1,RAMNIWAS,3705.0,2026-08-19,"4,075.50 - 7,039.50",-33.33,MEDIUM,Payment Success
TXN-003611,WS/MP18263/2026-2027/196232,V1,NAGRAJ K R,299870.0,2026-08-03,"299,870.00 - 299,870.00",0.0,LOW,Payment Success
TXN-003612,WS/MP728/2025-2026/255413,V1,SUBESINGH,3705.0,2026-08-19,"3,705.00 - 3,705.00",0.0,LOW,Payment Success
TXN-003613,WS/MP728/2025-2026/255413,V1,KIRAN,3705.0,2026-08-19,"3,705.00 - 3,705.00",0.0,LOW,Payment Success
TXN-003614,WS/MP728/2025-2026/255413,V1,LAKHVIR SINGH,9750.0,2026-08-19,"9,750.00 - 9,750.00",0.0,LOW,Payment Success
TXN-003615,WS/MP728/2025-2026/255413,V1,NARENDER,9750.0,2026-08-19,"9,750.00 - 9,750.00",0.0,LOW,Payment Success
TXN-003616,WS/MP728/2025-2026/255413,V1,RAJBALA,3705.0,2026-08-19,"3,705.00 - 3,705.00",0.0,LOW,Payment Success
TXN-003617,WS/MP728/2025-2026/255413,V1,DARSHANA DEVI,3705.0,2026-08-19,"3,705.00 - 3,705.00",0.0,LOW,Payment Success
TXN-003618,WS/MP728/2025-2026/255413,V1,BHATERI,3705.0,2026-08-19,"3,705.00 - 3,705.00",0.0,LOW,Payment Success
TXN-003619,WS/MP18314/2025-2026/224293,V1,Ms Dhillon Tile Factory,49020.0,2026-08-03,"42,693.00 - 49,020.00",6.9,LOW,Payment Success
TXN-003620,WS/MP18314/2025-2026/224293,V1,Ms Dhillon Tile Factory,49020.0,2026-08-03,"42,693.00 - 49,020.00",6.9,LOW,Payment Success
TXN-003621,WS/MP18314/2025-2026/224293,V1,Ms Dhillon Tile Factory,49020.0,2026-08-03,"42,693.00 - 49,020.00",6.9,LOW,Payment Success
TXN-003622,WS/MP18314/2025-2026/224293,V1,Ms Dhillon Tile Factory,49020.0,2026-08-03,"42,693.00 - 49,020.00",6.9,LOW,Payment Success
TXN-003623,WS/MP18314/2025-2026/224293,V1,Ms Dhillon Tile Factory,49020.0,2026-08-03,"42,693.00 - 49,020.00",6.9,LOW,Payment Success
TXN-003624,WS/MP18314/2025-2026/224293,V1,Ms Dhillon Tile Factory,36366.0,2026-08-03,"42,693.00 - 49,020.00",-20.7,MEDIUM,Payment Success
TXN-003625,WS/MP747/2026-2027/242035,V1,RENUKA DEVI R,1099641.0,2026-07-31,"1,099,641.00 - 1,099,641.00",0.0,LOW,Payment Success
TXN-003626,WS/MP18328/2025-2026/253061,V1,GP Nathan,300000.0,2026-08-03,"300,000.00 - 300,000.00",0.0,LOW,Payment Success
TXN-003627,WS/MP18397/2025-2026/194308,V1,Parth Construction Company,368034.0,2026-08-13,"368,034.00 - 368,034.00",0.0,LOW,Payment Success
TXN-003628,WS/MP746/2026-2027/298423,V1,Lakshmi L,898813.0,2026-08-01,"898,813.00 - 898,813.00",0.0,LOW,Payment Success
TXN-003629,WS/MP18310/2026-2027/272547,V1,PRAFULLA KUMAR MISHRA,300000.0,2026-08-01,"300,000.00 - 300,000.00",0.0,LOW,Payment Success
TXN-003630,WS/MP632/2025-2026/205261,V1,BIJU M,385571.0,2026-08-01,"385,571.00 - 385,571.00",0.0,LOW,Payment Success
TXN-003631,WS/MP18146/2026-2027/228860,V1,Nirmal Kumar Rout,286382.0,2026-07-29,"286,382.00 - 286,382.00",0.0,LOW,Payment Success
TXN-003632,WS/MP18157/2025-2026/239566,V1,RANJIT KAUR,50000.0,2026-08-03,"50,000.00 - 50,000.00",0.0,LOW,Payment Success
TXN-003633,WS/MP18157/2025-2026/239566,V1,RANJIT KAUR,50000.0,2026-08-20,"50,000.00 - 50,000.00",0.0,LOW,Payment Success
TXN-003634,WS/MP18157/2025-2026/239566,V1,GURU NANAK BUILDING AND MATERIAL STORE,58200.0,2026-08-20,"61,320.00 - 86,280.00",-21.14,MEDIUM,Payment Success
TXN-003635,WS/MP18157/2025-2026/239566,V1,GURU NANAK BUILDING AND MATERIAL STORE,89400.0,2026-08-03,"61,320.00 - 86,280.00",21.14,MEDIUM,Payment Success
TXN-003636,WS/MP18120/2026-2027/194822,V1,Gram Panchayat Sirapalli Tq Himayatnagar,986317.0,2026-08-10,"986,317.00 - 986,317.00",0.0,LOW,Payment Success
TXN-003637,WS/MP18314/2025-2026/224293,V1,GURNOOR STEEL SHUTTERING AND CEMENT STOE,43685.0,2026-08-03,"39,293.00 - 43,197.00",5.92,LOW,Payment Success
TXN-003638,WS/MP18314/2025-2026/224293,V1,GURNOOR STEEL SHUTTERING AND CEMENT STOE,38805.0,2026-08-03,"39,293.00 - 43,197.00",-5.92,LOW,Payment Success
TXN-003639,WS/MP18314/2025-2026/224293,V1,Gagandeep Singh,104040.0,2026-08-04,"39,046.50 - 96,818.50",53.15,HIGH,Payment Success
TXN-003640,WS/MP18314/2025-2026/224293,V1,Gagandeep Singh,31825.0,2026-08-04,"39,046.50 - 96,818.50",-53.15,HIGH,Payment Success
TXN-003641,WS/MP380/2025-2026/231503,V1,kulwinder singh bhwanpura,32000.0,2026-08-03,"32,000.00 - 32,000.00",0.0,LOW,Payment Success
TXN-003642,WS/MP579/2025-2026/256447,V1,Changada Gp Account,100000.0,2026-08-04,"92,000.00 - 156,000.00",-19.35,LOW,Payment Success
TXN-003643,WS/MP579/2025-2026/256449,V1,Changada Gp Account,90000.0,2026-08-04,"92,000.00 - 156,000.00",-27.42,MEDIUM,Payment Success
TXN-003644,WS/MP579/2025-2026/256463,V1,Changada Gp Account,170000.0,2026-08-04,"92,000.00 - 156,000.00",37.1,MEDIUM,Payment Success
TXN-003645,WS/MP18169/2025-2026/247258,V1,HIMMAT,15600.0,2026-08-01,"15,600.00 - 15,600.00",0.0,LOW,Payment Success
TXN-003646,WS/MP18007/2025-2026/169477,V1,SAO MANNROW CONSTRUCTIONS PRIVATE LIMITED,1947249.0,2026-08-01,"1,947,249.00 - 1,947,249.00",0.0,LOW,Payment Success
TXN-003647,WS/MP18065/2026-2027/152353,V1,JINDAL CONSULTANTS,23600.0,2026-08-12,"23,600.00 - 23,600.00",0.0,LOW,Payment Success
TXN-003648,WS/MP577/2024-2025/138732,V1,Gram Panchayat Kaliarai,250000.0,2026-08-01,"250,000.00 - 250,000.00",0.0,LOW,Payment Success
TXN-003649,WS/MP526/2025-2026/166435,V1,THE CHAIRMAN VLC KALUVAPALLE GP,249920.0,2026-08-01,"249,920.00 - 249,920.00",0.0,LOW,Payment Success
TXN-003650,WS/MP746/2026-2027/232984,V1,SURESHKANNAN M,642795.0,2026-08-05,"642,795.00 - 642,795.00",0.0,LOW,Payment Success
TXN-003651,WS/MP18162/2025-2026/203729,V1,Priya Khatik,7566.0,2026-08-03,"7,566.00 - 7,566.00",0.0,LOW,Payment Success
TXN-003652,WS/MP18162/2025-2026/203729,V1,Amit Kumar,7566.0,2026-08-03,"22,351.20 - 126,127.50",-89.81,HIGH,Payment Success
TXN-003653,WS/MP18162/2025-2026/203729,V1,Yovraj Solnki,7566.0,2026-08-03,"7,566.00 - 7,566.00",0.0,LOW,Payment Success
TXN-003654,WS/MP18162/2025-2026/203729,V1,Ghanshyam Regar,7566.0,2026-08-03,"7,566.00 - 7,566.00",0.0,LOW,Payment Success
TXN-003655,WS/MP18162/2025-2026/203729,V1,Ratani Khatik,7566.0,2026-08-03,"7,566.00 - 7,566.00",0.0,LOW,Payment Success
TXN-003656,WS/MP18162/2025-2026/203729,V1,Kailash Bhil,7566.0,2026-08-03,"7,566.00 - 7,566.00",0.0,LOW,Payment Success
TXN-003657,WS/MP18162/2025-2026/203729,V1,Teena Khatik,7566.0,2026-08-03,"7,566.00 - 7,566.00",0.0,LOW,Payment Success
TXN-003658,WS/MP18162/2025-2026/203729,V1,Maya Bhil,5820.0,2026-08-03,"5,820.00 - 5,820.00",0.0,LOW,Payment Success
TXN-003659,WS/MP18162/2025-2026/251135,V1,Geeta Regar,3679.0,2026-08-05,"3,679.00 - 3,679.00",0.0,LOW,Payment Success
TXN-003660,WS/MP18162/2025-2026/203729,V1,Rani Khatik,3783.0,2026-08-03,"3,783.00 - 3,783.00",0.0,LOW,Payment Success
TXN-003661,WS/MP18162/2025-2026/203729,V1,Parbhu Lal Khatik,19500.0,2026-08-03,"19,500.00 - 19,500.00",0.0,LOW,Payment Success
TXN-003662,WS/MP18162/2025-2026/251135,V1,Dalla Ram Regar,3679.0,2026-08-05,"3,679.00 - 3,679.00",0.0,LOW,Payment Success
TXN-003663,WS/MP18162/2025-2026/251135,V1,Geeta Devi Vaishnav,3679.0,2026-08-05,"3,679.00 - 3,679.00",0.0,LOW,Payment Success
TXN-003664,WS/MP18162/2025-2026/203729,V1,Dipak Khatik,16500.0,2026-08-03,"16,500.00 - 16,500.00",0.0,LOW,Payment Success
TXN-003665,WS/MP18162/2025-2026/251135,V1,Govind Sadhu,3679.0,2026-08-05,"3,679.00 - 3,679.00",0.0,LOW,Payment Success
TXN-003666,WS/MP18162/2025-2026/203729,V1,Harsvardhan,7566.0,2026-08-03,"7,566.00 - 7,566.00",0.0,LOW,Payment Success
TXN-003667,WS/MP18162/2025-2026/251135,V1,Bhanwar Lal Sharma,3679.0,2026-08-05,"3,679.00 - 3,679.00",0.0,LOW,Payment Success
TXN-003668,WS/MP18162/2025-2026/203729,V1,Kamlesh Khatik,9750.0,2026-08-03,"9,750.00 - 9,750.00",0.0,LOW,Payment Success
TXN-003669,WS/MP18162/2025-2026/251135,V1,Lad Devi Vaishnav,3679.0,2026-08-05,"3,679.00 - 3,679.00",0.0,LOW,Payment Success
TXN-003670,WS/MP18162/2025-2026/251135,V1,Dinesh Kumar Regar,3679.0,2026-08-05,"3,679.00 - 3,679.00",0.0,LOW,Payment Success
TXN-003671,WS/MP18162/2025-2026/251135,V1,Choti Balai,3679.0,2026-08-05,"3,679.00 - 3,679.00",0.0,LOW,Payment Success
TXN-003672,WS/MP18162/2025-2026/251135,V1,Ramesh Chand Balai,3679.0,2026-08-05,"3,679.00 - 3,679.00",0.0,LOW,Payment Success
TXN-003673,WS/MP18162/2025-2026/251135,V1,Pavan Kumar Sharma,3679.0,2026-08-05,"3,679.00 - 3,679.00",0.0,LOW,Payment Success
TXN-003674,WS/MP18162/2025-2026/251135,V1,Kalu Ram Balai,3679.0,2026-08-05,"3,679.00 - 3,679.00",0.0,LOW,Payment Success
TXN-003675,WS/MP18162/2025-2026/251135,V1,Kamla Devi Balai,6000.0,2026-08-05,"6,000.00 - 6,000.00",0.0,LOW,Payment Success
TXN-003676,WS/MP18162/2025-2026/251135,V1,Leela Devi Balai,3679.0,2026-08-05,"3,679.00 - 3,679.00",0.0,LOW,Payment Success
TXN-003677,WS/MP490/2025-2026/241420,V1,jai mata di enterprises,200228.0,2026-08-06,"200,228.00 - 200,228.00",0.0,LOW,Payment Success
TXN-003678,WS/MP18162/2025-2026/251135,V1,Bhula Devi Balai,3679.0,2026-08-05,"3,679.00 - 3,679.00",0.0,LOW,Payment Success
TXN-003679,WS/MP18162/2025-2026/251135,V1,Jagdeesh Chand Balai,6000.0,2026-08-05,"6,000.00 - 6,000.00",0.0,LOW,Payment Success
TXN-003680,WS/MP18162/2025-2026/251135,V1,Balu Lal Balai,2830.0,2026-08-05,"2,830.00 - 2,830.00",0.0,LOW,Payment Success
TXN-003681,WS/MP18162/2025-2026/251135,V1,Ramesh Chand Sharma,3679.0,2026-08-05,"3,679.00 - 3,679.00",0.0,LOW,Payment Success
TXN-003682,WS/MP18162/2025-2026/251135,V1,Seema Devi Basher,3679.0,2026-08-05,"3,679.00 - 3,679.00",0.0,LOW,Payment Success
TXN-003683,WS/MP18158/2025-2026/237229,V1,Karanveer Singh,18000.0,2026-07-30,"1,980.00 - 16,220.00",97.8,HIGH,Payment Success
TXN-003684,WS/MP18158/2025-2026/237229,V1,Karanveer Singh,200.0,2026-07-30,"1,980.00 - 16,220.00",-97.8,HIGH,Payment Success
TXN-003685,WS/MP18158/2025-2026/237229,V1,Mandeep Singh,10000.0,2026-07-30,"10,000.00 - 10,000.00",0.0,LOW,Payment Success
TXN-003686,WS/MP021/2026-2027/192307,V1,BCS ENTERPRISES,41924.0,2026-08-07,"41,924.00 - 41,924.00",0.0,LOW,Payment Success
TXN-003687,WS/MP18338/2025-2026/179195,V1,SAMA ABHISHEK REDDY,500000.0,2026-08-21,"500,000.00 - 500,000.00",0.0,LOW,Payment Success
TXN-003688,WS/MP18192/2025-2026/232875,V1,RAVI NAIK,499914.0,2026-08-07,"499,914.00 - 499,914.00",0.0,LOW,Payment Success
TXN-003689,WS/MP428/2026-2027/275105,V1,Gram Panchayat Mahratola,100000.0,2026-08-04,"100,000.00 - 100,000.00",0.0,LOW,Payment Success
TXN-003690,WS/MP428/2026-2027/275109,V1,Gram Panchayat Dashrangpur,100000.0,2026-08-04,"100,000.00 - 100,000.00",0.0,LOW,Payment Success
TXN-003691,WS/MP18314/2025-2026/235956,V1,DHILLON CEMENT STORE,33421.0,2026-08-13,"22,256.50 - 32,180.50",22.79,MEDIUM,Payment Success
TXN-003692,WS/MP18314/2025-2026/235956,V1,DHILLON CEMENT STORE,21016.0,2026-08-13,"22,256.50 - 32,180.50",-22.79,MEDIUM,Payment Success
TXN-003693,WS/MP18314/2025-2026/235956,V1,ASMAT BB,21201.0,2026-08-13,"21,201.00 - 21,201.00",0.0,LOW,Payment Success
TXN-003694,WS/MP18103/2026-2027/288880,V1,GRAM PANCHAYAT FULIPURA,250000.0,2026-08-01,"250,000.00 - 250,000.00",0.0,LOW,Payment Success
TXN-003695,WS/MP18103/2026-2027/288095,V1,GRAM PANCHAYAT CHARCH,250000.0,2026-08-06,"250,000.00 - 250,000.00",0.0,LOW,Payment Success
TXN-003696,WS/MP18103/2026-2027/286982,V1,GRAM PANCHAYAT SALODA,250000.0,2026-08-10,"250,000.00 - 250,000.00",0.0,LOW,Payment Success
TXN-003697,WS/MP18275/2025-2026/187484,V1,Sulata Baroi,1350689.0,2026-08-05,"1,350,689.00 - 1,350,689.00",0.0,LOW,Payment Success
TXN-003698,WS/MP18095/2025-2026/246637,V1,PTA GOVT UP SCHOOL KALARCODE,79370.0,2026-08-02,"79,370.00 - 79,370.00",0.0,LOW,Payment Success
TXN-003699,WS/MP18185/2026-2027/247576,V1,Seetha,479711.0,2026-08-12,"479,711.00 - 479,711.00",0.0,LOW,Payment Success
TXN-003700,WS/MP343/2025-2026/165164,V1,Ravidas M,811809.0,2026-08-06,"811,809.00 - 811,809.00",0.0,LOW,Payment Success
TXN-003701,WS/MP343/2025-2026/244528,V1,Thankamony R,698247.0,2026-08-06,"698,247.00 - 698,247.00",0.0,LOW,Payment Success
TXN-003702,WS/MP18009/2025-2026/245741,V1,P Venkatarmi Reddy,499379.0,2026-08-06,"498,844.40 - 499,319.60",0.06,LOW,Payment Success
TXN-003703,WS/MP18009/2025-2026/243739,V1,P Venkatarmi Reddy,498785.0,2026-08-06,"498,844.40 - 499,319.60",-0.06,LOW,Payment Success
TXN-003704,WS/MP18328/2026-2027/267684,V1,ACUTE ENGINEERS AND CONTRACTORS OPC PRIVATE LIMITED,1000000.0,2026-07-29,"1,000,000.00 - 1,000,000.00",0.0,LOW,Payment Success
TXN-003705,WS/MP18010/2025-2026/182158,V1,Kadiyala Gopala Krishna,495797.0,2026-08-01,"495,907.50 - 496,791.50",-0.11,LOW,Payment Success
TXN-003706,WS/MP18010/2025-2026/182159,V1,Kadiyala Gopala Krishna,496902.0,2026-08-01,"495,907.50 - 496,791.50",0.11,LOW,Payment Success
TXN-003707,WS/MP18010/2025-2026/213636,V1,Viswanadhula Naveen Kumar,498819.0,2026-07-29,"498,819.00 - 498,819.00",0.0,LOW,Payment Success
TXN-003708,WS/MP18100/2026-2027/234935,V1,Naveen Infraspace Private Limited,600000.0,2026-08-05,"600,000.00 - 600,000.00",0.0,LOW,Payment Success
TXN-003709,WS/MP18158/2025-2026/195789,V1,BANWARI LAL SURESH KUMAR,35669.0,2026-08-19,"35,669.00 - 35,669.00",0.0,LOW,Payment Success
TXN-003710,WS/MP331/2026-2027/256129,V1,ASHWANI KUMAR,294000.0,2026-07-28,"294,000.00 - 294,000.00",0.0,LOW,Payment Success
TXN-003711,WS/MP18062/2025-2026/254786,V1,Nav Durga Concrete Udyog,479393.0,2026-08-01,"479,393.00 - 479,393.00",0.0,LOW,Payment Success
TXN-003712,WS/MP18062/2025-2026/254786,V1,The Sharda co op l and c society ltd,968937.0,2026-08-01,"968,937.00 - 968,937.00",0.0,LOW,Payment Success
TXN-003713,WS/MP18158/2025-2026/195789,V1,JAI SHANKAR TRDING CO,7863.0,2026-08-19,"10,850.40 - 36,560.00",-66.83,HIGH,Payment Success
TXN-003714,WS/MP18158/2025-2026/195789,V1,JAI SHANKAR TRDING CO,40000.0,2026-08-19,"10,850.40 - 36,560.00",68.74,HIGH,Payment Success
TXN-003715,WS/MP18158/2025-2026/195789,V1,JAI SHANKAR TRDING CO,22800.0,2026-08-19,"10,850.40 - 36,560.00",-3.82,LOW,Payment Success
TXN-003716,WS/MP829/2025-2026/242185,V1,R R CABLE NETWORK,300165.0,2026-07-30,"300,165.00 - 300,165.00",0.0,LOW,Payment Success
TXN-003717,WS/MP18162/2025-2026/251135,V1,Kishan LAl Meena,3679.0,2026-08-05,"3,679.00 - 3,679.00",0.0,LOW,Payment Success
TXN-003718,WS/MP18162/2025-2026/251135,V1,Madhu Devi Meena,3679.0,2026-08-05,"3,679.00 - 3,679.00",0.0,LOW,Payment Success
TXN-003719,WS/MP18145/2025-2026/220349,V1,BIBHU RANJAN NAYAK,764080.0,2026-08-01,"764,080.00 - 764,080.00",0.0,LOW,Payment Success
TXN-003720,WS/MP18145/2025-2026/211326,V1,AJAYA KUMAR BEHERA,745067.0,2026-08-01,"745,067.00 - 745,067.00",0.0,LOW,Payment Success
TXN-003721,WS/MP329/2026-2027/293972,V1,Amar Agro Industries,68250.0,2026-08-01,"68,250.00 - 68,250.00",0.0,LOW,Payment Success
TXN-003722,WS/MP18260/2025-2026/239288,V1,Mohd Rafiq Mir,223600.0,2026-07-29,"223,600.00 - 223,600.00",0.0,LOW,Payment Success
TXN-003723,WS/MP18260/2025-2026/261083,V1,Ghulam Hassan Mir,120515.0,2026-07-29,"120,515.00 - 120,515.00",0.0,LOW,Payment Success
TXN-003724,WS/MP18279/2025-2026/213956,V1,Illumix LED Lighting Private Ltd,268000.0,2026-08-06,"268,000.00 - 268,000.00",0.0,LOW,Payment Success
TXN-003725,WS/MP638/2026-2027/236542,V1,GRAM PANCHAYAT BUDOUR,240000.0,2026-08-11,"240,000.00 - 240,000.00",0.0,LOW,Payment Success
TXN-003726,WS/MP18305/2025-2026/183305,V1,ABDUL NASAR M P,238462.0,2026-08-01,"238,462.00 - 238,462.00",0.0,LOW,Payment Success
TXN-003727,WS/MP18320/2025-2026/231512,V1,VADIYA GRAM PANCHAYAT VADIYA,300000.0,2026-08-03,"300,000.00 - 300,000.00",0.0,LOW,Payment Success
TXN-003728,WS/MP18162/2025-2026/203729,V1,Dev Narayan Construction Company,375565.0,2026-08-02,"375,565.00 - 375,565.00",0.0,LOW,Payment Success
TXN-003729,WS/MP826/2025-2026/258714,V1,MAHENDRA ADHIKARI,499735.0,2026-08-10,"499,735.00 - 499,735.00",0.0,LOW,Payment Success
TXN-003730,WS/MP18047/2026-2027/286674,V1,ULTIMATE SOLUTION,65000.0,2026-08-06,"14,600.00 - 59,400.00",75.68,HIGH,Payment Success
TXN-003731,WS/MP18047/2026-2027/286674,V1,ULTIMATE SOLUTION,9000.0,2026-08-06,"14,600.00 - 59,400.00",-75.68,HIGH,Payment Success
TXN-003732,WS/MP18047/2026-2027/286674,V1,AVICHAL TRADERS,925000.0,2026-08-06,"925,000.00 - 925,000.00",0.0,LOW,Payment Success
TXN-003733,WS/MP18173/2026-2027/241935,V1,KUMAR V,297283.0,2026-08-03,"297,283.00 - 297,283.00",0.0,LOW,Payment Success
TXN-003734,WS/MP529/2025-2026/215867,V1,Shaik Tajuddin Ahmed,499987.0,2026-08-01,"499,987.60 - 499,992.40",-0.0,LOW,Payment Success
TXN-003735,WS/MP529/2025-2026/215868,V1,Shaik Tajuddin Ahmed,499993.0,2026-08-01,"499,987.60 - 499,992.40",0.0,LOW,Payment Success
TXN-003736,WS/MP600/2025-2026/237445,V1,ANIRUDDHA ENTERPRISES,49900.0,2026-08-05,"40,036.00 - 48,804.00",12.34,LOW,Payment Success
TXN-003737,WS/MP600/2025-2026/237445,V1,ANIRUDDHA ENTERPRISES,38940.0,2026-08-05,"40,036.00 - 48,804.00",-12.34,LOW,Payment Success
TXN-003738,WS/MP18391/2026-2027/283802,V1,Imtinungsang,250000.0,2026-08-06,"250,000.00 - 250,000.00",0.0,LOW,Payment Success
TXN-003739,WS/MP600/2025-2026/237445,V1,SHIVAM ENTERPRISES,41760.0,2026-08-05,"33,840.00 - 48,000.00",2.05,LOW,Payment Success
TXN-003740,WS/MP600/2025-2026/237445,V1,SHIVAM ENTERPRISES,49560.0,2026-08-05,"33,840.00 - 48,000.00",21.11,MEDIUM,Payment Success
TXN-003741,WS/MP600/2025-2026/237445,V1,SHIVAM ENTERPRISES,31860.0,2026-08-05,"33,840.00 - 48,000.00",-22.14,MEDIUM,Payment Success
TXN-003742,WS/MP600/2025-2026/237445,V1,JAMWAL AND BROS,36240.0,2026-08-05,"37,606.00 - 48,534.00",-15.86,LOW,Payment Success
TXN-003743,WS/MP600/2025-2026/237445,V1,JAMWAL AND BROS,49900.0,2026-08-05,"37,606.00 - 48,534.00",15.86,LOW,Payment Success
TXN-003744,WS/MP372/2025-2026/237405,V1,MAYADHAR BEHERA,300000.0,2026-08-10,"300,000.00 - 300,000.00",0.0,LOW,Payment Success
TXN-003745,WS/MP18423/2025-2026/199768,V1,PAL CONSTRUCTIONS,438297.0,2026-08-07,"438,297.00 - 438,297.00",0.0,LOW,Payment Success
TXN-003746,WS/MP18391/2026-2027/283796,V1,Sotisola Imkong,500000.0,2026-08-01,"500,000.00 - 500,000.00",0.0,LOW,Payment Success
TXN-003747,WS/MP18391/2026-2027/283793,V1,N Yona Konya,1000000.0,2026-08-01,"1,000,000.00 - 1,000,000.00",0.0,LOW,Payment Success
TXN-003748,WS/MP18168/2025-2026/260581,V1,mausam kumar,7410.0,2026-07-30,"7,410.00 - 7,410.00",0.0,LOW,Payment Success
TXN-003749,WS/MP18168/2025-2026/260581,V1,SEEMA,7410.0,2026-07-30,"7,410.00 - 7,410.00",0.0,LOW,Payment Success
TXN-003750,WS/MP18228/2026-2027/193576,V1,Pradeep Kumar,500000.0,2026-08-03,"34,354.40 - 427,826.40",116.37,HIGH,Payment Success
TXN-003751,WS/MP18168/2025-2026/260581,V1,SUMAN DEVI,7410.0,2026-07-30,"4,332.00 - 7,068.00",30.0,MEDIUM,Payment Success
TXN-003752,WS/MP18168/2025-2026/260581,V1,POORAN MAL,7410.0,2026-07-30,"7,410.00 - 7,410.00",0.0,LOW,Payment Success
TXN-003753,WS/MP793/2025-2026/251896,V1,MS SATYADEEP HEIGHTS,564158.0,2026-08-04,"591,958.80 - 814,365.20",-19.77,LOW,Payment Success
TXN-003754,WS/MP793/2025-2026/251917,V1,MS SATYADEEP HEIGHTS,842166.0,2026-08-04,"591,958.80 - 814,365.20",19.77,LOW,Payment Success
TXN-003755,WS/MP18168/2025-2026/260581,V1,SAJNI DEVI,7410.0,2026-07-30,"7,410.00 - 7,410.00",0.0,LOW,Payment Success
TXN-003756,WS/MP18168/2025-2026/260581,V1,SATISH KUMAR,9750.0,2026-07-30,"9,750.00 - 9,750.00",0.0,LOW,Payment Success
TXN-003757,WS/MP18168/2025-2026/260581,V1,CHETAN BAIRWA,9750.0,2026-07-30,"9,750.00 - 9,750.00",0.0,LOW,Payment Success
TXN-003758,WS/MP18168/2025-2026/260581,V1,SHASHIKANT,3720.0,2026-07-30,"3,720.00 - 3,720.00",0.0,LOW,Payment Success
TXN-003759,WS/MP18311/2025-2026/234406,V1,Anmol Kalia,140519.0,2026-07-27,"140,519.00 - 140,519.00",0.0,LOW,Payment Success
TXN-003760,WS/MP446/2026-2027/288515,V1,GRAM PANCHAYAT SILON,300000.0,2026-08-11,"300,000.00 - 300,000.00",0.0,LOW,Payment Success
TXN-003761,WS/MP577/2025-2026/229548,V1,Gram Panchayat bhanpur,243560.0,2026-08-13,"243,399.20 - 411,545.60",-25.62,MEDIUM,Payment Success
TXN-003762,WS/MP577/2025-2026/229566,V1,Gram Panchayat bhanpur,453542.0,2026-08-23,"243,399.20 - 411,545.60",38.5,MEDIUM,Payment Success
TXN-003763,WS/MP577/2025-2026/229533,V1,Gram Panchayat bhanpur,243359.0,2026-08-23,"243,399.20 - 411,545.60",-25.69,MEDIUM,Payment Success
TXN-003764,WS/MP372/2025-2026/186032,V1,SANTOSH KUMAR MALLICK,187121.0,2026-08-05,"187,121.00 - 187,121.00",0.0,LOW,Payment Success
TXN-003765,WS/MP18134/2025-2026/182697,V1,Pavan Ganesh Majur Sah Sanstha LTD Kharwandi,593193.0,2026-08-03,"593,193.00 - 593,193.00",0.0,LOW,Payment Success
TXN-003766,WS/MP793/2025-2026/251916,V1,HP ASSOCIATES,842048.0,2026-08-04,"392,397.20 - 792,086.80",42.18,MEDIUM,Payment Success
TXN-003767,WS/MP793/2025-2026/251910,V1,HP ASSOCIATES,342436.0,2026-08-04,"392,397.20 - 792,086.80",-42.18,MEDIUM,Payment Success
TXN-003768,WS/MP747/2026-2027/260750,V1,THANGARAJA S,999593.0,2026-08-04,"999,593.00 - 999,593.00",0.0,LOW,Payment Success
TXN-003769,WS/MP18148/2025-2026/170270,V1,ms santosh traders,173131.0,2026-08-05,"173,131.00 - 173,131.00",0.0,LOW,Payment Success
TXN-003770,WS/MP18148/2025-2026/170270,V1,PAWAN HARDWARE,152789.0,2026-08-05,"152,789.00 - 152,789.00",0.0,LOW,Payment Success
TXN-003771,WS/MP18139/2026-2027/270782,V1,ASSISTANT ENGINEER1 BHATLI BLOCK,300000.0,2026-07-27,"300,000.00 - 300,000.00",0.0,LOW,Payment Success
TXN-003772,WS/MP18391/2026-2027/283800,V1,Imtijungla,300000.0,2026-08-06,"300,000.00 - 300,000.00",0.0,LOW,Payment Success
TXN-003773,WS/MP18391/2026-2027/283799,V1,Temsu Ao,400000.0,2026-08-06,"400,000.00 - 400,000.00",0.0,LOW,Payment Success
TXN-003774,WS/MP18320/2025-2026/231624,V1,GODA GRAM PANCHAYAT,300000.0,2026-08-01,"300,000.00 - 300,000.00",0.0,LOW,Payment Success
TXN-003775,WS/MP18147/2025-2026/238096,V1,GOPAL NAYAK,500000.0,2026-07-27,"500,000.00 - 500,000.00",0.0,LOW,Payment Success
TXN-003776,WS/MP428/2026-2027/278461,V1,gram panchayat chamaray tolagaon,250000.0,2026-08-07,"250,000.00 - 250,000.00",0.0,LOW,Payment Success
TXN-003777,WS/MP428/2026-2027/275097,V1,GRAM PANCHAYAT RAMHEPUR,100000.0,2026-08-04,"100,000.00 - 100,000.00",0.0,LOW,Payment Success
TXN-003778,WS/MP428/2026-2027/275087,V1,GRAM PANCHAYAT MAGARWADA,250000.0,2026-08-04,"250,000.00 - 250,000.00",0.0,LOW,Payment Success
TXN-003779,WS/MP428/2026-2027/275090,V1,GRAM PANCHAYAT TARO,250000.0,2026-07-27,"250,000.00 - 250,000.00",0.0,LOW,Payment Success
TXN-003780,WS/MP492/2026-2027/282327,V1,Rajeev Kumar Trivedi,1800000.0,2026-07-31,"1,800,000.00 - 1,800,000.00",0.0,LOW,Payment Success
TXN-003781,WS/MP18155/2025-2026/257938,V1,Keshav Dutt and Brothers,43900.0,2026-08-08,"43,180.00 - 43,820.00",0.92,LOW,Payment Success
TXN-003782,WS/MP18155/2025-2026/257938,V1,Keshav Dutt and Brothers,43100.0,2026-08-08,"43,180.00 - 43,820.00",-0.92,LOW,Payment Success
TXN-003783,WS/MP18155/2025-2026/257938,V1,Kumra Sanitation Gallery,31742.0,2026-08-08,"26,342.00 - 31,142.00",10.44,LOW,Payment Success
TXN-003784,WS/MP18155/2025-2026/257938,V1,Kumra Sanitation Gallery,25742.0,2026-08-08,"26,342.00 - 31,142.00",-10.44,LOW,Payment Success
TXN-003785,WS/MP18169/2026-2027/268488,V1,BHAWANI ENTERPRISES,372672.0,2026-08-20,"372,672.00 - 372,672.00",0.0,LOW,Payment Success
TXN-003786,WS/MP18155/2025-2026/250125,V1,Parkesh Chand,24000.0,2026-08-08,"24,000.00 - 24,000.00",0.0,LOW,Payment Success
TXN-003787,WS/MP18310/2026-2027/239518,V1,NARAYAN ROUT AND SMT SWARNALATA ROUT,223000.0,2026-07-29,"223,000.00 - 223,000.00",0.0,LOW,Payment Success
TXN-003788,WS/MP18086/2026-2027/238640,V1,Prasannakumar K S,223260.0,2026-08-01,"238,434.00 - 359,826.00",-25.36,MEDIUM,Payment Success
TXN-003789,WS/MP18144/2026-2027/273586,V1,ASHEET KUMAR NANDA,500000.0,2026-08-18,"500,000.00 - 500,000.00",0.0,LOW,Payment Success
TXN-003790,WS/MP18108/2026-2027/282357,V1,Gram Panchayat Chandwar,375000.0,2026-08-20,"375,000.00 - 375,000.00",0.0,LOW,Payment Success
TXN-003791,WS/MP347/2024-2025/178893,V1,JAIN RAJ,943191.0,2026-08-05,"943,191.00 - 943,191.00",0.0,LOW,Payment Success
TXN-003792,WS/MP18029/2025-2026/229579,V1,Sankarlal Agarwala,295110.0,2026-07-29,"295,110.00 - 295,110.00",0.0,LOW,Payment Success
TXN-003793,WS/MP428/2026-2027/275639,V1,gram panchayat murmunda,125000.0,2026-08-07,"127,500.00 - 147,500.00",-9.09,LOW,Payment Success
TXN-003794,WS/MP428/2026-2027/275638,V1,gram panchayat murmunda,150000.0,2026-08-07,"127,500.00 - 147,500.00",9.09,LOW,Payment Success
TXN-003795,WS/MP18029/2025-2026/229542,V1,More Hardware,295110.0,2026-08-12,"295,110.00 - 295,110.00",0.0,LOW,Payment Success
TXN-003796,WS/MP18309/2026-2027/287961,V1,BEBETO N MARAK,100000.0,2026-08-12,"100,000.00 - 100,000.00",0.0,LOW,Payment Success
TXN-003797,WS/MP18309/2026-2027/287961,V1,BEBETO N MARAK,100000.0,2026-07-27,"100,000.00 - 100,000.00",0.0,LOW,Payment Success
TXN-003798,WS/MP18158/2026-2027/262076,V1,Satnam Singh,20201.0,2026-07-30,"20,201.00 - 20,201.00",0.0,LOW,Payment Success
TXN-003799,WS/MP18050/2026-2027/279991,V1,GRAM PANCHYAT KONDRUNJ,984900.0,2026-08-03,"984,900.00 - 984,900.00",0.0,LOW,Payment Success
TXN-003800,WS/MP18054/2025-2026/255402,V1,DODIWADA GRAM PANCHAYAT,150000.0,2026-07-27,"150,000.00 - 150,000.00",0.0,LOW,Payment Success
TXN-003801,WS/MP18379/2025-2026/236892,V1,Tahir Mohiuddin Mir,158860.0,2026-07-29,"158,860.00 - 158,860.00",0.0,LOW,Payment Success
TXN-003802,WS/MP373/2025-2026/249711,V1,PHALGUNI NIAL,300000.0,2026-08-05,"300,000.00 - 300,000.00",0.0,LOW,Payment Success
TXN-003803,WS/MP373/2025-2026/249715,V1,SUDARSAN KATA,300000.0,2026-08-05,"300,000.00 - 300,000.00",0.0,LOW,Payment Success
TXN-003804,WS/MP18224/2026-2027/279124,V1,Vastu Shree Constructions,677750.0,2026-08-04,"455,379.50 - 842,979.00",4.4,LOW,Payment Success
TXN-003805,WS/MP18224/2026-2027/279128,V1,Vastu Shree Constructions,410563.0,2026-08-04,"455,379.50 - 842,979.00",-36.76,MEDIUM,Payment Success
TXN-003806,WS/MP18224/2026-2027/279114,V1,Vastu Shree Constructions,886743.0,2026-08-04,"455,379.50 - 842,979.00",36.59,MEDIUM,Payment Success
TXN-003807,WS/MP18224/2026-2027/279115,V1,Vastu Shree Constructions,799215.0,2026-08-04,"455,379.50 - 842,979.00",23.11,MEDIUM,Payment Success
TXN-003808,WS/MP18224/2026-2027/279120,V1,Vastu Shree Constructions,727308.0,2026-08-04,"455,379.50 - 842,979.00",12.04,LOW,Payment Success
TXN-003809,WS/MP18224/2026-2027/279118,V1,Vastu Shree Constructions,500196.0,2026-08-05,"455,379.50 - 842,979.00",-22.95,MEDIUM,Payment Success
TXN-003810,WS/MP18265/2025-2026/222901,V1,TS SEKAR,1899126.0,2026-07-28,"1,899,126.00 - 1,899,126.00",0.0,LOW,Payment Success
TXN-003811,WS/MP18186/2026-2027/212286,V1,SRI LAKSHMI ELECTRICAL SERVICE,217548.0,2026-07-24,"217,548.00 - 217,548.00",0.0,LOW,Payment Success
TXN-003812,WS/MP380/2026-2027/279205,V1,GILL PAINTS AND HARDWARE STORE,63240.0,2026-07-26,"66,776.00 - 95,064.00",-21.85,MEDIUM,Payment Success
TXN-003813,WS/MP380/2026-2027/279206,V1,GILL PAINTS AND HARDWARE STORE,98600.0,2026-08-08,"66,776.00 - 95,064.00",21.85,MEDIUM,Payment Success
TXN-003814,WS/MP526/2025-2026/231552,V1,PALLE SRAVANATH REDDY,297994.0,2026-08-01,"297,994.00 - 297,994.00",0.0,LOW,Payment Success
TXN-003815,WS/MP18379/2025-2026/252891,V1,Chesti Enterprises,498400.0,2026-07-24,"498,400.00 - 498,400.00",0.0,LOW,Payment Success
TXN-003816,WS/MP18167/2025-2026/228473,V1,k k stones and cement suppliers,497966.0,2026-07-24,"497,966.00 - 497,966.00",0.0,LOW,Payment Success
TXN-003817,WS/MP18103/2026-2027/286520,V1,Gram Panchayat Khudawali,250000.0,2026-08-06,"250,000.00 - 250,000.00",0.0,LOW,Payment Success
TXN-003818,WS/MP18103/2026-2027/288882,V1,GramPanchayat Bahgavan,250000.0,2026-07-26,"250,000.00 - 250,000.00",0.0,LOW,Payment Success
TXN-003819,WS/MP18103/2026-2027/288923,V1,Gram Panchayat Barkhadi,250000.0,2026-07-26,"250,000.00 - 250,000.00",0.0,LOW,Payment Success
TXN-003820,WS/MP005/2025-2026/235909,V1,CHANDISAR GRAM PANCHAYAT,250000.0,2026-08-03,"250,000.00 - 250,000.00",0.0,LOW,Payment Success
TXN-003821,WS/MP005/2025-2026/203627,V1,MEMAR GRAM PANCHAYAT,149916.0,2026-07-27,"149,916.00 - 149,916.00",0.0,LOW,Payment Success
TXN-003822,WS/MP005/2025-2026/203632,V1,DHANVADA GRAM PANCHAYAT,99816.0,2026-07-27,"99,816.00 - 99,816.00",0.0,LOW,Payment Success
TXN-003823,WS/MP18263/2026-2027/255820,V1,NAGARAJA SHETTY,500000.0,2026-07-23,"500,000.00 - 500,000.00",0.0,LOW,Payment Success
TXN-003824,WS/MP18058/2025-2026/254249,V1,Latva Juth Gram Panchayat,500000.0,2026-08-20,"500,000.00 - 500,000.00",0.0,LOW,Payment Success
TXN-003825,WS/MP18058/2025-2026/254255,V1,Himmatpura Juth Gram Panchayat,298698.0,2026-07-28,"298,828.20 - 299,869.80",-0.22,LOW,Payment Success
TXN-003826,WS/MP18058/2025-2026/254254,V1,Himmatpura Juth Gram Panchayat,300000.0,2026-07-28,"298,828.20 - 299,869.80",0.22,LOW,Payment Success
TXN-003827,WS/MP431/2025-2026/260685,V1,Gram Panchayat Dharchana,944126.0,2026-08-07,"944,126.00 - 944,126.00",0.0,LOW,Payment Success
TXN-003828,WS/MP499/2025-2026/210887,V1,ALAUL ISLAM,249653.0,2026-07-22,"249,653.00 - 249,653.00",0.0,LOW,Payment Success
TXN-003829,WS/MP18114/2026-2027/247799,V1,mohini anil bhise,993302.0,2026-08-14,"992,566.80 - 994,990.80",-0.05,LOW,Payment Success
TXN-003830,WS/MP18114/2026-2027/247796,V1,mohini anil bhise,992383.0,2026-08-14,"992,566.80 - 994,990.80",-0.14,LOW,Payment Success
TXN-003831,WS/MP18114/2026-2027/247816,V1,mohini anil bhise,995413.0,2026-07-22,"992,566.80 - 994,990.80",0.16,LOW,Payment Success
TXN-003832,WS/MP021/2026-2027/267129,V1,HEERA SINGH BISHT,8585.0,2026-08-03,"8,585.00 - 8,585.00",0.0,LOW,Payment Success
TXN-003833,WS/MP021/2026-2027/267129,V1,MOHINI DEVI,5856.0,2026-08-03,"5,856.00 - 5,856.00",0.0,LOW,Payment Success
TXN-003834,WS/MP021/2025-2026/208985,V1,CHANCHAL SINGH,14645.0,2026-08-06,"31,770.50 - 168,774.50",-85.39,HIGH,Payment Success
TXN-003835,WS/MP021/2025-2026/208985,V1,RANJEET SINGH,9150.0,2026-08-06,"9,150.00 - 9,150.00",0.0,LOW,Payment Success
TXN-003836,WS/MP18051/2026-2027/278588,V1,GRAM PANCHAYAT DARRABHATHA B,250000.0,2026-07-29,"250,000.00 - 250,000.00",0.0,LOW,Payment Success
TXN-003837,WS/MP18305/2025-2026/259370,V1,HOSPITAL MANAGEMENT COMMITTEE PHC ANGADIPURAM,28784.0,2026-07-24,"28,784.00 - 28,784.00",0.0,LOW,Payment Success
TXN-003838,WS/MP18131/2025-2026/248909,V1,DINDAYAL MAJUR SAHKARI SANSTHA MARYADIT,500000.0,2026-07-23,"500,000.00 - 500,000.00",0.0,LOW,Payment Success
TXN-003839,WS/MP18008/2026-2027/260771,V1,Alapati Constructions,504253.0,2026-07-23,"504,253.00 - 504,253.00",0.0,LOW,Payment Success
TXN-003840,WS/MP18109/2026-2027/230484,V1,GRAM PANCHAYAT BADHAURA,63500.0,2026-07-27,"22,840.00 - 74,600.00",30.34,MEDIUM,Payment Success
TXN-003841,WS/MP18109/2026-2027/230484,V1,GRAM PANCHAYAT BADHAURA,82000.0,2026-07-27,"22,840.00 - 74,600.00",68.31,HIGH,Payment Success
TXN-003842,WS/MP18109/2026-2027/230484,V1,GRAM PANCHAYAT BADHAURA,5000.0,2026-07-27,"22,840.00 - 74,600.00",-89.74,HIGH,Payment Success
TXN-003843,WS/MP18109/2026-2027/230484,V1,GRAM PANCHAYAT BADHAURA,49840.0,2026-07-27,"22,840.00 - 74,600.00",2.3,LOW,Payment Success
TXN-003844,WS/MP18109/2026-2027/230484,V1,GRAM PANCHAYAT BADHAURA,49600.0,2026-07-27,"22,840.00 - 74,600.00",1.81,LOW,Payment Success
TXN-003845,WS/MP18058/2025-2026/267232,V1,Moti Varnoli Gram Panchayat,400000.0,2026-07-23,"400,000.00 - 400,000.00",0.0,LOW,Payment Success
TXN-003846,WS/MP18054/2025-2026/255315,V1,CHHATHIYARDA GRAM PANCHAYAT,200000.0,2026-07-28,"200,000.00 - 200,000.00",0.0,LOW,Payment Success
TXN-003847,WS/MP18058/2025-2026/254251,V1,Jambugoral Gram Panchayat,125000.0,2026-07-23,"125,000.00 - 125,000.00",0.0,LOW,Payment Success
TXN-003848,WS/MP18025/2025-2026/230812,V1,M ENTERPRISE,291788.0,2026-07-22,"291,788.00 - 291,788.00",0.0,LOW,Payment Success
TXN-003849,WS/MP18154/2026-2027/269339,V1,Sahib Preet Traders,118556.0,2026-08-05,"118,556.00 - 118,556.00",0.0,LOW,Payment Success
TXN-003850,WS/MP18077/2026-2027/192618,V1,SHRI SWAMI CONSTRUCTIONS PROP P C SHATAVAJI,375000.0,2026-07-23,"375,000.00 - 375,000.00",0.0,LOW,Payment Success
TXN-003851,WS/MP751/2025-2026/236739,V1,Shanmugapriyan M,277678.0,2026-07-22,"277,471.90 - 277,655.10",0.04,LOW,Payment Success
TXN-003852,WS/MP751/2025-2026/236738,V1,Shanmugapriyan M,277449.0,2026-07-22,"277,471.90 - 277,655.10",-0.04,LOW,Payment Success
TXN-003853,WS/MP623/2026-2027/177406,V1,TANVEER ABIDALI LASHKARI,225000.0,2026-07-24,"225,000.00 - 371,250.00",-24.53,MEDIUM,Payment Success
TXN-003854,WS/MP623/2026-2027/208632,V1,TANVEER ABIDALI LASHKARI,371250.0,2026-07-21,"225,000.00 - 371,250.00",24.53,MEDIUM,Payment Success
TXN-003855,WS/MP623/2026-2027/208578,V1,TANVEER ABIDALI LASHKARI,371250.0,2026-07-21,"225,000.00 - 371,250.00",24.53,MEDIUM,Payment Success
TXN-003856,WS/MP623/2026-2027/177699,V1,TANVEER ABIDALI LASHKARI,371250.0,2026-07-21,"225,000.00 - 371,250.00",24.53,MEDIUM,Payment Success
TXN-003857,WS/MP446/2026-2027/288604,V1,GRAM PANCHAYAT PATNA,300000.0,2026-07-31,"300,000.00 - 300,000.00",0.0,LOW,Payment Success
TXN-003858,WS/MP18309/2026-2027/288127,V1,Jamindro R Marak,100000.0,2026-07-22,"100,000.00 - 100,000.00",0.0,LOW,Payment Success
TXN-003859,WS/MP747/2026-2027/269416,V1,THIRUPATHYRAJ R,120000.0,2026-07-27,"120,000.00 - 120,000.00",0.0,LOW,Payment Success
TXN-003860,WS/MP18169/2026-2027/260421,V1,TANU ENTERPRISES,794188.0,2026-07-20,"794,188.00 - 794,188.00",0.0,LOW,Payment Success
TXN-003861,WS/MP716/2025-2026/226774,V1,BHULLAR FARMS,28000.0,2026-07-16,"28,825.00 - 35,425.00",-12.84,LOW,Payment Success
TXN-003862,WS/MP716/2025-2026/226775,V1,BHULLAR FARMS,36250.0,2026-07-19,"28,825.00 - 35,425.00",12.84,LOW,Payment Success
TXN-003863,WS/MP18064/2025-2026/249994,V1,The M P Cooperative Labour and Construction Society Ltd,323660.0,2026-07-21,"323,660.00 - 323,660.00",0.0,LOW,Payment Success
TXN-003864,WS/MP18158/2026-2027/267118,V1,Beant Singh,71218.0,2026-08-03,"71,218.00 - 71,218.00",0.0,LOW,Payment Success
TXN-003865,WS/MP526/2025-2026/191640,V1,Yelugoti chandra sekhar reddy,498197.0,2026-07-21,"498,197.00 - 498,197.00",0.0,LOW,Payment Success
TXN-003866,WS/MP18344/2025-2026/225570,V1,DHARSAN GRAM PANCHAYAT,248592.0,2026-08-06,"248,592.00 - 248,592.00",0.0,LOW,Payment Success
TXN-003867,WS/MP18344/2025-2026/187013,V1,TERI GRAM PANCHAYAT,294228.0,2026-08-21,"294,228.00 - 294,228.00",0.0,LOW,Payment Success
TXN-003868,WS/MP526/2025-2026/203602,V1,G soma sekhar Reddy,496494.0,2026-08-01,"496,494.00 - 496,494.00",0.0,LOW,Payment Success
TXN-003869,WS/MP18344/2025-2026/187196,V1,HAMADPARA GRAM PANCHAYAT,246471.0,2026-08-03,"246,471.00 - 246,471.00",0.0,LOW,Payment Success
TXN-003870,WS/MP18184/2026-2027/212002,V1,PRAKASH P,1198367.0,2026-07-22,"1,198,367.00 - 1,198,367.00",0.0,LOW,Payment Success
TXN-003871,WS/MP18309/2026-2027/287957,V1,ERICROGER N SANGMA,250000.0,2026-07-23,"250,000.00 - 250,000.00",0.0,LOW,Payment Success
TXN-003872,WS/MP18309/2026-2027/287957,V1,ERICROGER N SANGMA,250000.0,2026-08-13,"250,000.00 - 250,000.00",0.0,LOW,Payment Success
TXN-003873,WS/MP18309/2026-2027/287962,V1,RESTER BROWN SANGMA,100000.0,2026-07-23,"100,000.00 - 100,000.00",0.0,LOW,Payment Success
TXN-003874,WS/MP18309/2026-2027/287962,V1,RESTER BROWN SANGMA,100000.0,2026-08-12,"100,000.00 - 100,000.00",0.0,LOW,Payment Success
TXN-003875,WS/MP829/2025-2026/206047,V1,DILSHAN CONSTRUCTION,191289.0,2026-07-28,"177,974.40 - 189,809.60",4.02,LOW,Payment Success
TXN-003876,WS/MP428/2026-2027/275644,V1,gram panchayat lalutola,125000.0,2026-07-28,"125,000.00 - 125,000.00",0.0,LOW,Payment Success
TXN-003877,WS/MP18134/2025-2026/181929,V1,Sanjay Majur Sahkari Sanstha Maryadit,413099.0,2026-08-04,"413,099.00 - 413,099.00",0.0,LOW,Payment Success
TXN-003878,WS/MP18008/2026-2027/251392,V1,Bolleddu Sangeetha Rao,330722.0,2026-07-28,"330,722.00 - 330,722.00",0.0,LOW,Payment Success
TXN-003879,WS/MP18337/2025-2026/210858,V1,K SAJEEVAN,1929300.0,2026-07-25,"1,929,300.00 - 1,929,300.00",0.0,LOW,Payment Success
TXN-003880,WS/MP18184/2026-2027/212004,V1,RENGAMALAI PERUMALTHEVAR,1199609.0,2026-07-22,"1,199,609.00 - 1,199,609.00",0.0,LOW,Payment Success
TXN-003881,WS/MP826/2025-2026/203993,V1,HIMALAYAN CONSTRUCTION,486235.0,2026-07-31,"486,235.00 - 486,235.00",0.0,LOW,Payment Success
TXN-003882,WS/MP18169/2025-2026/226312,V1,DIVYANSH YADAV,1202495.0,2026-07-31,"1,202,495.00 - 1,202,495.00",0.0,LOW,Payment Success
TXN-003883,WS/MP18186/2025-2026/173302,V1,SARO OVERSEAS PRIVATE LIMITED,165410.0,2026-07-22,"166,838.00 - 276,675.00",-25.41,MEDIUM,Payment Success
TXN-003884,WS/MP18186/2025-2026/173305,V1,SARO OVERSEAS PRIVATE LIMITED,263585.0,2026-07-22,"166,838.00 - 276,675.00",18.86,LOW,Payment Success
TXN-003885,WS/MP18186/2025-2026/173297,V1,SARO OVERSEAS PRIVATE LIMITED,167790.0,2026-07-22,"166,838.00 - 276,675.00",-24.34,MEDIUM,Payment Success
TXN-003886,WS/MP18186/2025-2026/173303,V1,SARO OVERSEAS PRIVATE LIMITED,296310.0,2026-07-22,"166,838.00 - 276,675.00",33.62,MEDIUM,Payment Success
TXN-003887,WS/MP18186/2025-2026/173301,V1,SARO OVERSEAS PRIVATE LIMITED,263585.0,2026-07-22,"166,838.00 - 276,675.00",18.86,LOW,Payment Success
TXN-003888,WS/MP18186/2025-2026/173296,V1,SARO OVERSEAS PRIVATE LIMITED,167790.0,2026-07-22,"166,838.00 - 276,675.00",-24.34,MEDIUM,Payment Success
TXN-003889,WS/MP18186/2025-2026/173300,V1,SARO OVERSEAS PRIVATE LIMITED,233240.0,2026-07-22,"166,838.00 - 276,675.00",5.18,LOW,Payment Success
TXN-003890,WS/MP18263/2026-2027/234878,V1,HARISH POOJARI,500000.0,2026-07-22,"500,000.00 - 500,000.00",0.0,LOW,Payment Success
TXN-003891,WS/MP18191/2025-2026/257214,V1,Chettukindhi Balaraju,497884.0,2026-07-22,"497,884.00 - 497,884.00",0.0,LOW,Payment Success
TXN-003892,WS/MP446/2026-2027/288636,V1,GRAM PANCHAYAT GUDHORA,300000.0,2026-07-31,"300,000.00 - 300,000.00",0.0,LOW,Payment Success
TXN-003893,WS/MP18103/2026-2027/288920,V1,Gram Panchayat Talbhev,250000.0,2026-07-31,"250,000.00 - 250,000.00",0.0,LOW,Payment Success
TXN-003894,WS/MP740/2026-2027/160926,V1,SANDHIYA and CO,1600000.0,2026-07-27,"1,600,000.00 - 1,600,000.00",0.0,LOW,Payment Success
TXN-003895,WS/MP18257/2025-2026/236226,V1,Nafis Enterprise,346022.0,2026-08-04,"346,022.00 - 346,022.00",0.0,LOW,Payment Success
TXN-003896,WS/MP692/2026-2027/183611,V1,SHUBHAM SUDHAKAR MOHITE,497140.0,2026-08-18,"497,140.00 - 497,140.00",0.0,LOW,Payment Success
TXN-003897,WS/MP021/2025-2026/197138,V1,harish singh,17384.0,2026-08-24,"17,384.00 - 17,384.00",0.0,LOW,Payment Success
TXN-003898,WS/MP021/2025-2026/197138,V1,Gaurav singh,17384.0,2026-08-24,"17,384.00 - 17,384.00",0.0,LOW,Payment Success
TXN-003899,WS/MP021/2025-2026/197138,V1,Jugdish singh,17384.0,2026-08-24,"17,384.00 - 17,384.00",0.0,LOW,Payment Success
TXN-003900,WS/MP021/2025-2026/197138,V1,Mohan singh,17384.0,2026-08-24,"9,396.00 - 16,247.20",35.58,MEDIUM,Payment Success
TXN-003901,WS/MP021/2025-2026/197138,V1,Dayal singh,13470.0,2026-08-24,"13,470.00 - 13,470.00",0.0,LOW,Payment Success
TXN-003902,WS/MP021/2025-2026/197138,V1,Aanad singh,13470.0,2026-08-24,"13,470.00 - 13,470.00",0.0,LOW,Payment Success
TXN-003903,WS/MP18323/2026-2027/144117,V1,Jaybharat Majoor Sahakari Sanstha M Latur,1000000.0,2026-08-07,"1,000,000.00 - 1,000,000.00",0.0,LOW,Payment Success
TXN-003904,WS/MP021/2025-2026/197138,V1,Heera singh,13470.0,2026-08-24,"13,470.00 - 13,470.00",0.0,LOW,Payment Success
TXN-003905,WS/MP18103/2026-2027/288891,V1,Gram Panchayat Sonhar,250000.0,2026-07-23,"250,000.00 - 250,000.00",0.0,LOW,Payment Success
TXN-003906,WS/MP021/2025-2026/197138,V1,Leela devi,21945.0,2026-08-24,"10,359.30 - 20,657.70",41.5,MEDIUM,Payment Success
TXN-003907,WS/MP021/2025-2026/197138,V1,Geeta devi,21945.0,2026-08-24,"3,762.00 - 18,354.00",98.45,HIGH,Payment Success
TXN-003908,WS/MP021/2025-2026/197138,V1,jyoti,21945.0,2026-08-24,"21,945.00 - 21,945.00",0.0,LOW,Payment Success
TXN-003909,WS/MP021/2025-2026/197138,V1,Suman,21945.0,2026-08-24,"2,394.00 - 18,354.00",111.54,HIGH,Payment Success
TXN-003910,WS/MP18078/2026-2027/213629,V1,CHAUTGI UMESHA,1125000.0,2026-07-21,"1,125,000.00 - 1,125,000.00",0.0,LOW,Payment Success
TXN-003911,WS/MP498/2025-2026/188740,V1,SWARUP SARKAR,399582.0,2026-07-21,"399,582.00 - 399,582.00",0.0,LOW,Payment Success
TXN-003912,WS/MP18158/2025-2026/238956,V1,ASHOK CEMENT AND IRON STORE,16990.0,2026-07-21,"16,990.00 - 16,990.00",0.0,LOW,Payment Success
TXN-003913,WS/MP18196/2025-2026/244261,V1,D AND GRANDSONS ENGG PVT LTD,1999000.0,2026-07-29,"1,999,000.00 - 1,999,000.00",0.0,LOW,Payment Success
TXN-003914,WS/MP18196/2025-2026/244260,V1,D AND GRANDSONS ENGG PVT LTD,1999000.0,2026-07-29,"1,999,000.00 - 1,999,000.00",0.0,LOW,Payment Success
TXN-003915,WS/MP18196/2025-2026/219206,V1,D AND GRANDSONS ENGG PVT LTD,1999000.0,2026-07-29,"1,999,000.00 - 1,999,000.00",0.0,LOW,Payment Success
TXN-003916,WS/MP18196/2025-2026/241590,V1,D AND GRANDSONS ENGG PVT LTD,1999000.0,2026-07-29,"1,999,000.00 - 1,999,000.00",0.0,LOW,Payment Success
TXN-003917,WS/MP18196/2025-2026/244259,V1,D AND GRANDSONS ENGG PVT LTD,1999000.0,2026-07-29,"1,999,000.00 - 1,999,000.00",0.0,LOW,Payment Success
TXN-003918,WS/MP740/2026-2027/204068,V1,SRI BANNARI AMMAN TRADERS,400000.0,2026-07-23,"400,000.00 - 400,000.00",0.0,LOW,Payment Success
TXN-003919,WS/MP18116/2026-2027/248969,V1,A Cube Enterprise,977041.0,2026-07-31,"977,041.00 - 977,041.00",0.0,LOW,Payment Success
TXN-003920,WS/MP18184/2026-2027/210959,V1,PERUMAL P,999494.0,2026-07-21,"999,494.00 - 999,494.00",0.0,LOW,Payment Success
TXN-003921,WS/MP18257/2025-2026/264549,V1,Jana Enterprise,272501.0,2026-07-31,"272,501.00 - 272,501.00",0.0,LOW,Payment Success
TXN-003922,WS/MP18240/2026-2027/274859,V1,BADARI PRASAD SHIKSHA PRASAR SAMITI SUTI SUKARAULI,456500.0,2026-07-18,"456,500.00 - 456,500.00",0.0,LOW,Payment Success
TXN-003923,WS/MP578/2025-2026/241880,V1,OSLAM GRAM PANCHAYT,100000.0,2026-07-22,"100,000.00 - 100,000.00",0.0,LOW,Payment Success
TXN-003924,WS/MP18197/2025-2026/244067,V1,TAPAN KUMAR DHAR,1057226.0,2026-07-21,"1,057,226.00 - 1,057,226.00",0.0,LOW,Payment Success
TXN-003925,WS/MP18020/2026-2027/273981,V1,IMPVT OF ROAD WITH SAND GRAVELLING FROM HARIS RAY HOUSE TO SARBESWAR,300000.0,2026-07-18,"300,000.00 - 300,000.00",0.0,LOW,Payment Success
TXN-003926,WS/MP18326/2025-2026/238426,V1,GOGLA GRAM PANCHAYAT,498682.0,2026-07-22,"498,682.00 - 498,682.00",0.0,LOW,Payment Success
TXN-003927,WS/MP18020/2026-2027/264625,V1,Rennovtion of community hall at khaija dolaigaon,300000.0,2026-07-18,"300,000.00 - 300,000.00",0.0,LOW,Payment Success
TXN-003928,WS/MP18276/2025-2026/242198,V1,ABHOR GRAM PANCHAYAT,400000.0,2026-07-23,"400,000.00 - 400,000.00",0.0,LOW,Payment Success
TXN-003929,WS/MP692/2026-2027/290008,V1,RUSHABH RAMESH JAGTAP,985879.0,2026-07-20,"985,879.00 - 985,879.00",0.0,LOW,Payment Success
TXN-003930,WS/MP18310/2025-2026/243222,V1,EX SERVICEMEN ASSOCIATION,415577.0,2026-07-23,"415,577.00 - 415,577.00",0.0,LOW,Payment Success
TXN-003931,WS/MP588/2025-2026/163054,V1,HOTHIJI KHADBA GRAM PANCHAYAT,418982.0,2026-08-04,"418,982.00 - 418,982.00",0.0,LOW,Payment Success
TXN-003932,WS/MP18310/2025-2026/180844,V1,MADHUSUDAN PARHI,416871.0,2026-07-22,"416,871.00 - 416,871.00",0.0,LOW,Payment Success
TXN-003933,WS/MP18326/2026-2027/259245,V1,JAYDEEP ENTERPRISE,61200.0,2026-07-20,"61,200.00 - 61,200.00",0.0,LOW,Payment Success
TXN-003934,WS/MP18326/2026-2027/259245,V1,CK ENTERPRISE,330103.0,2026-07-20,"330,103.00 - 330,103.00",0.0,LOW,Payment Success
TXN-003935,WS/MP373/2025-2026/250097,V1,PADMALOCHAN DANDSENA,300000.0,2026-07-21,"300,000.00 - 300,000.00",0.0,LOW,Payment Success
TXN-003936,WS/MP18017/2025-2026/262130,V1,K AND B CONSTRUCTIONS,319060.0,2026-07-27,"317,968.80 - 322,980.00",-0.44,LOW,Payment Success
TXN-003937,WS/MP18017/2025-2026/262099,V1,K AND B CONSTRUCTIONS,317696.0,2026-07-27,"317,968.80 - 322,980.00",-0.87,LOW,Payment Success
TXN-003938,WS/MP18017/2025-2026/251085,V1,K AND B CONSTRUCTIONS,323960.0,2026-07-23,"317,968.80 - 322,980.00",1.09,LOW,Payment Success
TXN-003939,WS/MP18025/2025-2026/231305,V1,JANGOM JYOTI BORA,547800.0,2026-07-23,"547,800.00 - 547,800.00",0.0,LOW,Payment Success
TXN-003940,WS/MP343/2025-2026/244522,V1,KIRAN DAS Y L,551251.0,2026-07-24,"551,251.00 - 551,251.00",0.0,LOW,Payment Success
TXN-003941,WS/MP765/2025-2026/232922,V1,Medoju Venugopal,1108847.0,2026-07-20,"1,043,643.80 - 1,996,275.00",-27.05,MEDIUM,Payment Success
TXN-003942,WS/MP765/2025-2026/232924,V1,Medoju Venugopal,1027343.0,2026-07-20,"1,043,643.80 - 1,996,275.00",-32.41,MEDIUM,Payment Success
TXN-003943,WS/MP765/2025-2026/232923,V1,Medoju Venugopal,2218132.0,2026-07-20,"1,043,643.80 - 1,996,275.00",45.93,MEDIUM,Payment Success
TXN-003944,WS/MP331/2025-2026/242821,V1,SAHIL SHARMA CONTRACTOR,123000.0,2026-07-20,"122,100.00 - 122,900.00",0.41,LOW,Payment Success
TXN-003945,WS/MP331/2025-2026/242817,V1,SAHIL SHARMA CONTRACTOR,122000.0,2026-07-20,"122,100.00 - 122,900.00",-0.41,LOW,Payment Success
TXN-003946,WS/MP18087/2025-2026/244484,V1,M P CONSTRUCTION,374616.0,2026-07-27,"149,929.20 - 349,650.80",49.97,MEDIUM,Payment Success
TXN-003947,WS/MP18087/2025-2026/178985,V1,M P CONSTRUCTION,124964.0,2026-07-27,"149,929.20 - 349,650.80",-49.97,MEDIUM,Payment Success
TXN-003948,WS/MP18008/2025-2026/219430,V1,Sri Vinayaka Constructions,571993.0,2026-07-20,"552,541.30 - 569,831.70",1.93,LOW,Payment Success
TXN-003949,WS/MP18008/2026-2027/251004,V1,Sri Vinayaka Constructions,550380.0,2026-07-20,"552,541.30 - 569,831.70",-1.93,LOW,Payment Success
TXN-003950,WS/MP18321/2026-2027/276654,V1,BHAJPURA GROUP GRAM PANCHAYAT,300000.0,2026-08-10,"300,000.00 - 300,000.00",0.0,LOW,Payment Success
TXN-003951,WS/MP18326/2025-2026/175570,V1,VEGADAVAV GRAM PANCHAYAT,199331.0,2026-07-28,"199,331.00 - 199,331.00",0.0,LOW,Payment Success
TXN-003952,WS/MP640/2026-2027/270766,V1,gram panchayat shreenagar,100000.0,2026-08-04,"100,000.00 - 100,000.00",0.0,LOW,Payment Success
TXN-003953,WS/MP640/2026-2027/270774,V1,gram panchayat shreenagar,100000.0,2026-08-04,"100,000.00 - 100,000.00",0.0,LOW,Payment Success
TXN-003954,WS/MP640/2026-2027/270690,V1,gram panchayat noni,100000.0,2026-07-27,"100,000.00 - 100,000.00",0.0,LOW,Payment Success
TXN-003955,WS/MP640/2026-2027/270699,V1,gram panchayat khamariya,100000.0,2026-07-27,"100,000.00 - 100,000.00",0.0,LOW,Payment Success
TXN-003956,WS/MP453/2026-2027/263163,V1,Junior Engineer Ramanaguda,250000.0,2026-07-20,"250,000.00 - 250,000.00",0.0,LOW,Payment Success
TXN-003957,WS/MP453/2026-2027/263067,V1,Junior Engineer Ramanaguda,250000.0,2026-08-01,"250,000.00 - 250,000.00",0.0,LOW,Payment Success
TXN-003958,WS/MP453/2026-2027/262907,V1,Assistant EngineerII Ramanaguda block,300000.0,2026-07-22,"260,000.00 - 460,000.00",-16.67,LOW,Payment Success
TXN-003959,WS/MP453/2026-2027/261692,V1,Assistant EngineerII Ramanaguda block,500000.0,2026-08-01,"260,000.00 - 460,000.00",38.89,MEDIUM,Payment Success
TXN-003960,WS/MP453/2026-2027/263147,V1,Assistant EngineerII Ramanaguda block,250000.0,2026-07-20,"260,000.00 - 460,000.00",-30.56,MEDIUM,Payment Success
TXN-003961,WS/MP18055/2025-2026/220491,V1,SARPANCH GRAM PANCHAYAT BODIDR,160000.0,2026-07-29,"160,000.00 - 160,000.00",0.0,LOW,Payment Success
TXN-003962,WS/MP584/2025-2026/216971,V1,NARANPAR ROHA JUTH GRAM PANCHAYAT,400000.0,2026-07-31,"400,000.00 - 400,000.00",0.0,LOW,Payment Success
TXN-003963,WS/MP640/2026-2027/270768,V1,gram panchayat katkuhi,100000.0,2026-08-04,"100,000.00 - 100,000.00",0.0,LOW,Payment Success
TXN-003964,WS/MP18146/2025-2026/173488,V1,MS BDO JHUMPURA ROYALTY AND ADDITIONAL CHARGES,8179.0,2026-07-20,"8,179.00 - 8,179.00",0.0,LOW,Payment Success
TXN-003965,WS/MP18003/2025-2026/223836,V1,PATNAM NAGESH,408727.0,2026-07-20,"408,727.00 - 408,727.00",0.0,LOW,Payment Success
TXN-003966,WS/MP18355/2026-2027/257724,V1,Umesh S,2487158.0,2026-07-21,"2,487,158.00 - 2,487,158.00",0.0,LOW,Payment Success
TXN-003967,WS/MP18355/2026-2027/257725,V1,Lokesh C,2495309.0,2026-07-21,"2,495,309.00 - 2,495,309.00",0.0,LOW,Payment Success
TXN-003968,WS/MP716/2025-2026/203929,V1,GURUKIRPA CONTRACTOR,322952.0,2026-07-23,"322,952.00 - 322,952.00",0.0,LOW,Payment Success
TXN-003969,WS/MP18158/2025-2026/231392,V1,Harchand Singh,27000.0,2026-07-30,"27,000.00 - 27,000.00",0.0,LOW,Payment Success
TXN-003970,WS/MP18008/2026-2027/251527,V1,Vejandla Ekambareswara Rao,288231.0,2026-07-31,"114,635.40 - 268,942.60",50.29,HIGH,Payment Success
TXN-003971,WS/MP18008/2026-2027/251396,V1,Vejandla Ekambareswara Rao,95347.0,2026-07-29,"114,635.40 - 268,942.60",-50.29,HIGH,Payment Success
TXN-003972,WS/MP329/2026-2027/237317,V1,Daramvir Singh Contractor,405000.0,2026-07-27,"405,000.00 - 405,000.00",0.0,LOW,Payment Success
TXN-003973,WS/MP18065/2025-2026/134736,V1,BABA HARIDAS TRADERS,471613.0,2026-07-26,"280,070.50 - 450,330.50",29.14,MEDIUM,Payment Success
TXN-003974,WS/MP18065/2025-2026/134736,V1,BABA HARIDAS TRADERS,258788.0,2026-07-26,"280,070.50 - 450,330.50",-29.14,MEDIUM,Payment Success
TXN-003975,WS/MP18008/2026-2027/254599,V1,Adapa Narayana Reddy,264993.0,2026-07-28,"256,934.40 - 264,097.60",1.72,LOW,Payment Success
TXN-003976,WS/MP18008/2026-2027/254625,V1,Adapa Narayana Reddy,256039.0,2026-07-28,"256,934.40 - 264,097.60",-1.72,LOW,Payment Success
TXN-003977,WS/MP18170/2025-2026/227385,V1,AEN O M AVVNL REENGUS,134058.0,2026-07-21,"134,058.00 - 134,058.00",0.0,LOW,Payment Success
TXN-003978,WS/MP18228/2025-2026/251202,V1,Tvinkal Saroj,1294054.0,2026-07-22,"663,704.60 - 1,977,471.90",-2.01,LOW,Payment Success
TXN-003979,WS/MP18228/2025-2026/251201,V1,Tvinkal Saroj,1439887.0,2026-07-22,"663,704.60 - 1,977,471.90",9.03,LOW,Payment Success
TXN-003980,WS/MP18228/2025-2026/251206,V1,Tvinkal Saroj,670187.0,2026-07-22,"663,704.60 - 1,977,471.90",-49.25,MEDIUM,Payment Success
TXN-003981,WS/MP18228/2025-2026/251204,V1,Tvinkal Saroj,1307516.0,2026-07-22,"663,704.60 - 1,977,471.90",-0.99,LOW,Payment Success
TXN-003982,WS/MP18228/2025-2026/251208,V1,Tvinkal Saroj,1939608.0,2026-07-22,"663,704.60 - 1,977,471.90",46.87,MEDIUM,Payment Success
TXN-003983,WS/MP18228/2025-2026/251205,V1,Tvinkal Saroj,648579.0,2026-07-22,"663,704.60 - 1,977,471.90",-50.89,HIGH,Payment Success
TXN-003984,WS/MP18228/2025-2026/251207,V1,Tvinkal Saroj,1447521.0,2026-07-22,"663,704.60 - 1,977,471.90",9.61,LOW,Payment Success
TXN-003985,WS/MP18228/2025-2026/251203,V1,Tvinkal Saroj,2065821.0,2026-07-22,"663,704.60 - 1,977,471.90",56.43,HIGH,Payment Success
TXN-003986,WS/MP18188/2026-2027/277802,V1,SHIVA SAI SC WELFARE ASSOCIATION,499620.0,2026-08-06,"499,641.70 - 499,815.30",-0.02,LOW,Payment Success
TXN-003987,WS/MP18188/2026-2027/277801,V1,SHIVA SAI SC WELFARE ASSOCIATION,499837.0,2026-08-06,"499,641.70 - 499,815.30",0.02,LOW,Payment Success
TXN-003988,WS/MP18264/2025-2026/206999,V1,Shebbin Sebastian,293794.0,2026-07-21,"293,794.00 - 293,794.00",0.0,LOW,Payment Success
TXN-003989,WS/MP18326/2025-2026/252398,V1,isdra gram panchayat,449439.0,2026-08-03,"449,439.00 - 449,439.00",0.0,LOW,Payment Success
TXN-003990,WS/MP18076/2026-2027/217254,V1,UMESH J,375000.0,2026-07-21,"375,000.00 - 375,000.00",0.0,LOW,Payment Success
TXN-003991,WS/MP18086/2026-2027/275645,V1,K S HARISH KUMAR,187500.0,2026-07-22,"187,500.00 - 187,500.00",0.0,LOW,Payment Success
TXN-003992,WS/MP18324/2025-2026/256008,V1,GRAM PANCHAYAT NAGESHRI,300000.0,2026-08-18,"300,000.00 - 300,000.00",0.0,LOW,Payment Success
TXN-003993,WS/MP440/2025-2026/161950,V1,MOIDU P S,674011.0,2026-07-18,"674,011.00 - 674,011.00",0.0,LOW,Payment Success
TXN-003994,WS/MP428/2026-2027/273245,V1,GRAM PANCHAYAT SANGALI,100000.0,2026-08-22,"100,000.00 - 100,000.00",0.0,LOW,Payment Success
TXN-003995,WS/MP18423/2025-2026/180042,V1,HEADMASTER GUPS KAMBALAKKAD,64000.0,2026-07-18,"64,000.00 - 64,000.00",0.0,LOW,Payment Success
TXN-003996,WS/MP18154/2026-2027/269407,V1,DASHMESH TILE FAACTORY,370000.0,2026-07-20,"199,000.00 - 351,000.00",34.55,MEDIUM,Payment Success
TXN-003997,WS/MP18154/2025-2026/173176,V1,DASHMESH TILE FAACTORY,180000.0,2026-08-19,"199,000.00 - 351,000.00",-34.55,MEDIUM,Payment Success
TXN-003998,WS/MP18233/2025-2026/256237,V1,RPS Enterprises,739473.0,2026-07-20,"580,896.60 - 721,853.40",13.52,LOW,Payment Success
TXN-003999,WS/MP18233/2025-2026/256237,V1,RPS Enterprises,563277.0,2026-07-20,"580,896.60 - 721,853.40",-13.52,LOW,Payment Success
TXN-004000,WS/MP632/2025-2026/204400,V1,BINSU DANIEL,416286.0,2026-07-20,"416,286.00 - 416,286.00",0.0,LOW,Payment Success
TXN-004001,WS/MP356/2026-2027/277658,V1,Gram Panchayat Gothda,100000.0,2026-07-23,"100,000.00 - 100,000.00",0.0,LOW,Payment Success
TXN-004002,WS/MP353/2025-2026/188637,V1,UNITED FENCE SYSTEMS,1105572.0,2026-08-22,"1,052,568.30 - 1,099,682.70",2.74,LOW,Payment Success
TXN-004003,WS/MP353/2025-2026/188638,V1,UNITED FENCE SYSTEMS,1046679.0,2026-08-22,"1,052,568.30 - 1,099,682.70",-2.74,LOW,Payment Success
TXN-004004,WS/MP18086/2026-2027/190459,V1,MADESHA H,187500.0,2026-07-20,"187,500.00 - 187,500.00",0.0,LOW,Payment Success
TXN-004005,WS/MP372/2025-2026/224459,V1,RAJENDRA PRASAD OJHA,147913.0,2026-07-20,"147,913.00 - 147,913.00",0.0,LOW,Payment Success
TXN-004006,WS/MP021/2025-2026/189668,V1,DAN SINGH NEGI,296948.0,2026-07-19,"296,948.00 - 296,948.00",0.0,LOW,Payment Success
TXN-004007,WS/MP18071/2025-2026/246701,V1,DILIP KUMAR KUSHWAHA JE ZP LATEHAR,249676.0,2026-07-18,"249,392.50 - 249,644.50",0.06,LOW,Payment Success
TXN-004008,WS/MP18071/2025-2026/246707,V1,DILIP KUMAR KUSHWAHA JE ZP LATEHAR,249361.0,2026-07-18,"249,392.50 - 249,644.50",-0.06,LOW,Payment Success
TXN-004009,WS/MP18092/2025-2026/246952,V1,LINGAPPA,375000.0,2026-07-18,"375,000.00 - 375,000.00",0.0,LOW,Payment Success
TXN-004010,WS/MP18114/2026-2027/227497,V1,Ch Balaji Majur Sahkari Sanstha Limited Kathwada,997184.0,2026-08-19,"997,184.00 - 997,184.00",0.0,LOW,Payment Success
TXN-004011,WS/MP18257/2025-2026/264552,V1,Sahoo Construction,380599.0,2026-07-19,"199,558.20 - 370,207.60",33.6,MEDIUM,Payment Success
TXN-004012,WS/MP18257/2025-2026/264557,V1,Sahoo Construction,271416.0,2026-07-22,"199,558.20 - 370,207.60",-4.73,LOW,Payment Success
TXN-004013,WS/MP18257/2025-2026/264556,V1,Sahoo Construction,168762.0,2026-07-22,"199,558.20 - 370,207.60",-40.76,MEDIUM,Payment Success
TXN-004014,WS/MP18257/2025-2026/264553,V1,Sahoo Construction,345961.0,2026-07-22,"199,558.20 - 370,207.60",21.44,MEDIUM,Payment Success
TXN-004015,WS/MP18092/2025-2026/246949,V1,SHARANAPPA,375000.0,2026-07-18,"375,000.00 - 375,000.00",0.0,LOW,Payment Success
TXN-004016,WS/MP18092/2025-2026/246950,V1,SHARANAPPA,375000.0,2026-07-18,"375,000.00 - 375,000.00",0.0,LOW,Payment Success
TXN-004017,WS/MP18103/2026-2027/288864,V1,GRAM PANCHAYAT GHATAI,250000.0,2026-07-30,"250,000.00 - 250,000.00",0.0,LOW,Payment Success
TXN-004018,WS/MP18103/2026-2027/286528,V1,GRAM PANCHAYAT KHARAIDAVAR,250000.0,2026-07-30,"250,000.00 - 250,000.00",0.0,LOW,Payment Success
TXN-004019,WS/MP389/2025-2026/195539,V1,VIRMA RAM,6650.0,2026-07-20,"6,650.00 - 6,650.00",0.0,LOW,Payment Success
TXN-004020,WS/MP18103/2026-2027/296135,V1,GRAM PANCHAYAT RAIPUR,250000.0,2026-07-30,"250,000.00 - 250,000.00",0.0,LOW,Payment Success
TXN-004021,WS/MP389/2025-2026/195539,V1,ALPU DEVI,3990.0,2026-07-20,"3,990.00 - 3,990.00",0.0,LOW,Payment Success
TXN-004022,WS/MP18306/2025-2026/186168,V1,DULFIKAR K V,377147.0,2026-07-21,"377,147.00 - 377,147.00",0.0,LOW,Payment Success
TXN-004023,WS/MP389/2025-2026/195539,V1,REKHA DEVI,3990.0,2026-07-20,"3,990.00 - 3,990.00",0.0,LOW,Payment Success
TXN-004024,WS/MP389/2025-2026/195539,V1,MAMATA DEVI,3990.0,2026-07-20,"3,990.00 - 3,990.00",0.0,LOW,Payment Success
TXN-004025,WS/MP389/2025-2026/195539,V1,DOLARAM,13300.0,2026-07-20,"13,300.00 - 13,300.00",0.0,LOW,Payment Success
TXN-004026,WS/MP18206/2026-2027/254934,V1,Dwivedi Traders,486230.0,2026-07-27,"486,230.00 - 486,230.00",0.0,LOW,Payment Success
TXN-004027,WS/MP389/2025-2026/195539,V1,GEETA DEVI,3990.0,2026-07-20,"3,762.00 - 18,354.00",-63.92,HIGH,Payment Success
TXN-004028,WS/MP389/2025-2026/195539,V1,PUKHRAJ,3990.0,2026-07-20,"3,990.00 - 3,990.00",0.0,LOW,Payment Success
TXN-004029,WS/MP389/2025-2026/195539,V1,RENUKA,3990.0,2026-07-20,"3,990.00 - 3,990.00",0.0,LOW,Payment Success
TXN-004030,WS/MP389/2025-2026/195539,V1,PUSHPA,3990.0,2026-07-20,"3,990.00 - 3,990.00",0.0,LOW,Payment Success
TXN-004031,WS/MP574/2025-2026/183680,V1,MOTI CHANDUR GRAM PANCHAYAT,200000.0,2026-08-10,"200,000.00 - 200,000.00",0.0,LOW,Payment Success
TXN-004032,WS/MP18306/2025-2026/186167,V1,Abdu Sadique I P,471975.0,2026-07-21,"471,975.00 - 471,975.00",0.0,LOW,Payment Success
TXN-004033,WS/MP18064/2025-2026/242490,V1,THE MEHLA COOP LC SOCIETY,134080.0,2026-07-21,"134,080.00 - 134,080.00",0.0,LOW,Payment Success
TXN-004034,WS/MP18346/2025-2026/219220,V1,Mahadev prasad,163113.0,2026-07-17,"163,113.00 - 163,113.00",0.0,LOW,Payment Success
TXN-004035,WS/MP18346/2025-2026/207976,V1,Savita,115834.0,2026-07-24,"134,641.60 - 269,747.20",-42.71,MEDIUM,Payment Success
TXN-004036,WS/MP18137/2026-2027/233023,V1,Peter Jyrwa,200000.0,2026-07-20,"200,000.00 - 200,000.00",0.0,LOW,Payment Success
TXN-004037,WS/MP18391/2026-2027/283804,V1,Temsuzulu Jamir,1100000.0,2026-08-06,"1,100,000.00 - 1,100,000.00",0.0,LOW,Payment Success
TXN-004038,WS/MP18391/2026-2027/283803,V1,Pangernukshi,500000.0,2026-08-06,"500,000.00 - 500,000.00",0.0,LOW,Payment Success
TXN-004039,WS/MP18129/2026-2027/186080,V1,PREM SAI MAJUR SAHAKARI SANSTHA MARYADIT,996555.0,2026-07-23,"991,323.00 - 997,131.80",0.23,LOW,Payment Success
TXN-004040,WS/MP18129/2026-2027/186079,V1,PREM SAI MAJUR SAHAKARI SANSTHA MARYADIT,997276.0,2026-07-23,"991,323.00 - 997,131.80",0.31,LOW,Payment Success
TXN-004041,WS/MP18129/2026-2027/186078,V1,PREM SAI MAJUR SAHAKARI SANSTHA MARYADIT,990015.0,2026-07-23,"991,323.00 - 997,131.80",-0.42,LOW,Payment Success
TXN-004042,WS/MP18079/2025-2026/165392,V1,VISHAL,300000.0,2026-07-17,"46,470.00 - 271,830.00",88.5,HIGH,Payment Success
TXN-004043,WS/MP18159/2025-2026/231148,V1,SHARMA CONTRACTOR,680399.0,2026-07-20,"680,399.00 - 680,399.00",0.0,LOW,Payment Success
TXN-004044,WS/MP18079/2026-2027/235436,V1,UMAKANT,187500.0,2026-07-22,"187,500.00 - 187,500.00",0.0,LOW,Payment Success
TXN-004045,WS/MP18079/2026-2027/235434,V1,Shivkumar,375000.0,2026-07-22,"375,000.00 - 375,000.00",0.0,LOW,Payment Success
TXN-004046,WS/MP18391/2026-2027/283798,V1,R Marlemba Ao,250000.0,2026-07-22,"250,000.00 - 250,000.00",0.0,LOW,Payment Success
TXN-004047,WS/MP18079/2025-2026/176753,V1,PRALHAD,374250.0,2026-07-22,"374,250.00 - 374,250.00",0.0,LOW,Payment Success
TXN-004048,WS/MP18129/2026-2027/186082,V1,AMBIKA MAJOOR SAHAKARI SANSTHA MARYADIT,998925.0,2026-07-23,"998,925.00 - 998,925.00",0.0,LOW,Payment Success
TXN-004049,WS/MP18391/2026-2027/283801,V1,Akummeren Sanglir,250000.0,2026-08-06,"250,000.00 - 250,000.00",0.0,LOW,Payment Success
TXN-004050,WS/MP18026/2026-2027/252171,V1,SURAT BORGOYARY,375000.0,2026-08-07,"375,000.00 - 375,000.00",0.0,LOW,Payment Success
TXN-004051,WS/MP18162/2025-2026/210179,V1,Vinod Kumar Parashar,7452.0,2026-07-28,"7,452.00 - 7,452.00",0.0,LOW,Payment Success
TXN-004052,WS/MP18162/2025-2026/210179,V1,Nand Lal Suthar,7452.0,2026-08-08,"7,452.00 - 7,452.00",0.0,LOW,Payment Success
TXN-004053,WS/MP18162/2025-2026/210179,V1,Bhairu Lal Jat,3588.0,2026-07-28,"3,588.00 - 3,588.00",0.0,LOW,Payment Success
TXN-004054,WS/MP18162/2025-2026/210179,V1,Teena Kumari,7452.0,2026-07-28,"7,452.00 - 7,452.00",0.0,LOW,Payment Success
TXN-004055,WS/MP18162/2025-2026/210179,V1,Sanwar Mal,12114.0,2026-07-28,"12,114.00 - 12,114.00",0.0,LOW,Payment Success
TXN-004056,WS/MP18162/2025-2026/210179,V1,Gayatri Devi,7452.0,2026-07-28,"7,452.00 - 7,452.00",0.0,LOW,Payment Success
TXN-004057,WS/MP18162/2025-2026/210179,V1,Sunita Rebari,7452.0,2026-07-28,"7,452.00 - 7,452.00",0.0,LOW,Payment Success
TXN-004058,WS/MP18162/2025-2026/210179,V1,Prahalad Rebari,20250.0,2026-07-28,"20,250.00 - 20,250.00",0.0,LOW,Payment Success
TXN-004059,WS/MP18162/2025-2026/210179,V1,Noli devi,7452.0,2026-07-28,"7,452.00 - 7,452.00",0.0,LOW,Payment Success
TXN-004060,WS/MP18162/2025-2026/210179,V1,Debi Lal Regar,7452.0,2026-07-28,"7,452.00 - 7,452.00",0.0,LOW,Payment Success
TXN-004061,WS/MP18162/2025-2026/210179,V1,Vimala regar,7452.0,2026-07-28,"7,452.00 - 7,452.00",0.0,LOW,Payment Success
TXN-004062,WS/MP18162/2025-2026/210179,V1,Rup Lal,20250.0,2026-07-28,"20,250.00 - 20,250.00",0.0,LOW,Payment Success
TXN-004063,WS/MP18162/2025-2026/210179,V1,Sanjay Rayaka,7452.0,2026-07-28,"7,452.00 - 7,452.00",0.0,LOW,Payment Success
TXN-004064,WS/MP571/2025-2026/156862,V1,Laxmi Health Agencies,61425.0,2026-08-11,"61,425.00 - 61,425.00",0.0,LOW,Payment Success
TXN-004065,WS/MP18096/2025-2026/219168,V1,MOHANAN E G,1156605.0,2026-07-18,"1,156,605.00 - 1,156,605.00",0.0,LOW,Payment Success
TXN-004066,WS/MP18162/2025-2026/203474,V1,Seema devi,3640.0,2026-07-25,"3,640.00 - 3,640.00",0.0,LOW,Payment Success
TXN-004067,WS/MP18344/2025-2026/176906,V1,GRAM PANCHAYAT AMARGADH,298300.0,2026-07-23,"298,300.00 - 298,300.00",0.0,LOW,Payment Success
TXN-004068,WS/MP440/2025-2026/162040,V1,Hisana Thasni KV,1818309.0,2026-07-20,"1,818,309.00 - 1,818,309.00",0.0,LOW,Payment Success
TXN-004069,WS/MP18389/2025-2026/237048,V1,Shanthipriya MPS,496913.0,2026-07-18,"496,913.00 - 496,913.00",0.0,LOW,Payment Success
TXN-004070,WS/MP18103/2026-2027/286542,V1,GRAM PANCHAYAT BAMRA,250000.0,2026-07-30,"250,000.00 - 250,000.00",0.0,LOW,Payment Success
TXN-004071,WS/MP351/2025-2026/195373,V1,N V SURENDRAN,281465.0,2026-07-20,"281,465.00 - 281,465.00",0.0,LOW,Payment Success
TXN-004072,WS/MP18264/2025-2026/204945,V1,Sabu R,273495.0,2026-08-13,"273,495.00 - 273,495.00",0.0,LOW,Payment Success
TXN-004073,WS/MP18022/2025-2026/170963,V1,MEERA ENTERPRISE,500000.0,2026-07-20,"500,000.00 - 500,000.00",0.0,LOW,Payment Success
TXN-004074,WS/MP440/2026-2027/161945,V1,Poweron Buisness Solutions,267960.0,2026-07-17,"267,960.00 - 267,960.00",0.0,LOW,Payment Success
TXN-004075,WS/MP440/2026-2027/161945,V1,SUNRISE ENTERPRISES,49900.0,2026-07-17,"49,900.00 - 49,900.00",0.0,LOW,Payment Success
TXN-004076,WS/MP440/2026-2027/161945,V1,THEJAS TRADING CORPORATION,49899.0,2026-07-17,"49,899.00 - 49,899.00",0.0,LOW,Payment Success
TXN-004077,WS/MP18279/2025-2026/213958,V1,Warsi Medico Systems and Services,106000.0,2026-07-20,"106,000.00 - 106,000.00",0.0,LOW,Payment Success
TXN-004078,WS/MP18053/2026-2027/256906,V1,SOFTHARD INNOVATIONS SOLUTIONS PRIVATE LIMITED,9000000.0,2026-07-17,"9,000,000.00 - 9,000,000.00",0.0,LOW,Payment Success
TXN-004079,WS/MP18058/2025-2026/215794,V1,VEJALPUR GRAM PANCHYAT,500000.0,2026-08-17,"500,000.00 - 500,000.00",0.0,LOW,Payment Success
TXN-004080,WS/MP323/2025-2026/219032,V1,Gram Panchayat Ratang,294836.0,2026-08-01,"294,836.00 - 294,836.00",0.0,LOW,Payment Success
TXN-004081,WS/MP428/2026-2027/275092,V1,GRAM PANCHAYAT KOYLARJHORI,250000.0,2026-07-23,"250,000.00 - 250,000.00",0.0,LOW,Payment Success
TXN-004082,WS/MP18216/2025-2026/239236,V1,MS SUSHMA CONSTRUCTION,440400.0,2026-07-18,"440,400.00 - 440,400.00",0.0,LOW,Payment Success
TXN-004083,WS/MP18025/2025-2026/254868,V1,MAA ENTERPRISE,134380.0,2026-08-05,"134,344.00 - 134,376.00",0.01,LOW,Payment Success
TXN-004084,WS/MP18025/2025-2026/254868,V1,MAA ENTERPRISE,134340.0,2026-08-05,"134,344.00 - 134,376.00",-0.01,LOW,Payment Success
TXN-004085,WS/MP18044/2025-2026/232324,V1,CHANDRA KANT MANI,593277.0,2026-07-20,"593,277.00 - 593,277.00",0.0,LOW,Payment Success
TXN-004086,WS/MP18346/2025-2026/219219,V1,MAA PITAMBRA GROUP,321713.0,2026-07-22,"321,713.00 - 321,713.00",0.0,LOW,Payment Success
TXN-004087,WS/MP18103/2026-2027/288910,V1,Gram Panchayat Jaitpur,250000.0,2026-07-30,"250,000.00 - 250,000.00",0.0,LOW,Payment Success
TXN-004088,WS/MP18314/2025-2026/219609,V1,Inderjeet Singh,96600.0,2026-08-04,"96,600.00 - 96,600.00",0.0,LOW,Payment Success
TXN-004089,WS/MP18188/2025-2026/184566,V1,SRI TIRUMALA ELEVATORS AND ENTERPRISES,125000.0,2026-08-01,"125,000.00 - 125,000.00",0.0,LOW,Payment Success
TXN-004090,WS/MP18103/2026-2027/286173,V1,Gram Panchayat Kaikhoda,250000.0,2026-07-23,"250,000.00 - 250,000.00",0.0,LOW,Payment Success
TXN-004091,WS/MP18104/2026-2027/154225,V1,SHRI SANKAT MOCHAN JAN KALYAN SAMITI,180000.0,2026-07-21,"180,000.00 - 180,000.00",0.0,LOW,Payment Success
TXN-004092,WS/MP18134/2025-2026/179433,V1,Ch Shramlaxmi Majur Sah Sanstha Ltd Waladgaon,496027.0,2026-07-29,"496,027.00 - 496,027.00",0.0,LOW,Payment Success
TXN-004093,WS/MP18158/2025-2026/230318,V1,ms Karam Chand hari singh bko,48972.0,2026-07-16,"48,972.00 - 48,972.00",0.0,LOW,Payment Success
TXN-004094,WS/MP18158/2025-2026/230318,V1,ms Karam Chand hari singh bko,48972.0,2026-07-16,"48,972.00 - 48,972.00",0.0,LOW,Payment Success
TXN-004095,WS/MP643/2025-2026/251157,V1,Sudhir Bare,34900.0,2026-07-18,"34,900.00 - 34,900.00",0.0,LOW,Payment Success
TXN-004096,WS/MP643/2025-2026/251157,V1,Dilip Patel,34800.0,2026-07-18,"34,800.00 - 34,800.00",0.0,LOW,Payment Success
TXN-004097,WS/MP18356/2026-2027/213107,V1,RAGHVENDRA MARUTI NAIK,375000.0,2026-07-25,"375,000.00 - 375,000.00",0.0,LOW,Payment Success
TXN-004098,WS/MP18356/2026-2027/228792,V1,VINAYAK MANE,375000.0,2026-07-25,"375,000.00 - 375,000.00",0.0,LOW,Payment Success
TXN-004099,WS/MP18143/2026-2027/276613,V1,PITHA HANSDAH,451220.0,2026-07-16,"451,220.00 - 451,220.00",0.0,LOW,Payment Success
TXN-004100,WS/MP18202/2025-2026/246930,V1,S K ENTERPRISES,967324.0,2026-07-16,"78,489.40 - 809,424.60",117.89,HIGH,Payment Success
TXN-004101,WS/MP18014/2025-2026/240964,V1,CHERUKURU CHINNA PENCHALAIAH,499887.0,2026-07-27,"499,887.00 - 499,887.00",0.0,LOW,Payment Success
TXN-004102,WS/MP18026/2026-2027/225875,V1,Mr MAHANTA NARZARY,1125000.0,2026-07-16,"787,500.00 - 1,087,500.00",20.0,MEDIUM,Payment Success
TXN-004103,WS/MP18026/2026-2027/225874,V1,Mr MAHANTA NARZARY,750000.0,2026-07-27,"787,500.00 - 1,087,500.00",-20.0,MEDIUM,Payment Success
TXN-004104,WS/MP18147/2025-2026/232498,V1,BIDYADHARA PATRA,394762.0,2026-07-17,"394,762.00 - 394,762.00",0.0,LOW,Payment Success
TXN-004105,WS/MP18147/2025-2026/232498,V1,BDO KUSUMI,14542.0,2026-07-17,"14,542.00 - 14,542.00",0.0,LOW,Payment Success
TXN-004106,WS/MP18120/2026-2027/169230,V1,Jai hind penting plumber road v building works majur,1981405.0,2026-07-20,"1,981,405.00 - 1,981,405.00",0.0,LOW,Payment Success
TXN-004107,WS/MP418/2026-2027/278098,V1,BIBI NASRIN,1492019.0,2026-07-16,"1,492,019.00 - 1,492,019.00",0.0,LOW,Payment Success
TXN-004108,WS/MP353/2025-2026/188636,V1,Biju K Varghese,717530.0,2026-07-22,"717,530.00 - 717,530.00",0.0,LOW,Payment Success
TXN-004109,WS/MP18314/2025-2026/262903,V1,Goyal Sports And Trophy House,45000.0,2026-08-11,"45,000.00 - 45,000.00",0.0,LOW,Payment Success
TXN-004110,WS/MP18134/2025-2026/181927,V1,SHIVSHANKAR MAJOOR SAHAKARI SANSTHA LIMITED,423406.0,2026-07-31,"423,406.00 - 423,406.00",0.0,LOW,Payment Success
TXN-004111,WS/MP18191/2026-2027/222890,V1,MUNGI NAVEEN REDDY,699583.0,2026-07-18,"698,510.20 - 699,463.80",0.09,LOW,Payment Success
TXN-004112,WS/MP18191/2024-2025/168738,V1,MUNGI NAVEEN REDDY,698391.0,2026-07-18,"698,510.20 - 699,463.80",-0.09,LOW,Payment Success
TXN-004113,WS/MP18429/2026-2027/207496,V1,VED ELECTRICALS,499000.0,2026-08-18,"499,000.00 - 499,000.00",0.0,LOW,Payment Success
TXN-004114,WS/MP18257/2025-2026/200342,V1,AM Construction,298906.0,2026-07-29,"298,906.00 - 298,906.00",0.0,LOW,Payment Success
TXN-004115,WS/MP18429/2026-2027/207498,V1,MAROTI ELECTRICAL,499000.0,2026-08-18,"499,000.00 - 499,000.00",0.0,LOW,Payment Success
TXN-004116,WS/MP18354/2026-2027/269202,V1,MR KURWAN GRAM PANCHAYAT KURWAN,74945.0,2026-07-18,"74,945.00 - 74,945.00",0.0,LOW,Payment Success
TXN-004117,WS/MP18162/2025-2026/203474,V1,Lokesh kumar meena,6440.0,2026-07-25,"6,440.00 - 6,440.00",0.0,LOW,Payment Success
TXN-004118,WS/MP740/2026-2027/211760,V1,KASTHURI SHANMUGAM,1482790.0,2026-07-27,"1,482,790.00 - 1,482,790.00",0.0,LOW,Payment Success
TXN-004119,WS/MP18051/2026-2027/282650,V1,GP BHAWARCHUWA,350000.0,2026-07-17,"350,000.00 - 350,000.00",0.0,LOW,Payment Success
TXN-004120,WS/MP18146/2026-2027/250650,V1,Gopinath Ram,360096.0,2026-07-15,"360,096.00 - 360,096.00",0.0,LOW,Payment Success
TXN-004121,WS/MP18351/2026-2027/272187,V1,T NAGA BHARGAVA REDDY,499874.0,2026-08-07,"499,878.10 - 499,910.90",-0.0,LOW,Payment Success
TXN-004122,WS/MP18351/2026-2027/272186,V1,T NAGA BHARGAVA REDDY,499915.0,2026-08-07,"499,878.10 - 499,910.90",0.0,LOW,Payment Success
TXN-004123,WS/MP18099/2026-2027/289986,V1,Khatakhedi,1400000.0,2026-07-20,"1,400,000.00 - 1,400,000.00",0.0,LOW,Payment Success
TXN-004124,WS/MP18055/2025-2026/241657,V1,Mahadeviya Gram Panchayat,300000.0,2026-07-16,"210,000.00 - 290,000.00",20.0,MEDIUM,Payment Success
TXN-004125,WS/MP18055/2025-2026/241658,V1,Mahadeviya Gram Panchayat,200000.0,2026-07-16,"210,000.00 - 290,000.00",-20.0,MEDIUM,Payment Success
TXN-004126,WS/MP18055/2025-2026/241660,V1,Ghogha Gram Panchayat,200000.0,2026-07-16,"200,000.00 - 200,000.00",0.0,LOW,Payment Success
TXN-004127,WS/MP18161/2025-2026/258056,V1,gp aaju,72855.0,2026-07-15,"74,292.00 - 85,788.00",-8.98,LOW,Payment Success
TXN-004128,WS/MP18161/2025-2026/258055,V1,gp aaju,87225.0,2026-07-15,"74,292.00 - 85,788.00",8.98,LOW,Payment Success
TXN-004129,WS/MP18324/2025-2026/234246,V1,JALIYA GRAMPANCHAYAT,299289.0,2026-07-21,"299,289.00 - 299,289.00",0.0,LOW,Payment Success
TXN-004130,WS/MP18311/2025-2026/219454,V1,MS JOSHI ENTERPRISES,40000.0,2026-07-21,"40,000.00 - 40,000.00",0.0,LOW,Payment Success
TXN-004131,WS/MP18311/2025-2026/219454,V1,LAKHAN LAL,58092.0,2026-07-21,"58,092.00 - 58,092.00",0.0,LOW,Payment Success
TXN-004132,WS/MP316/2025-2026/227532,V1,AVINESH KUMAR OJHA,1276416.0,2026-07-15,"1,276,416.00 - 1,276,416.00",0.0,LOW,Payment Success
TXN-004133,WS/MP18083/2026-2027/268431,V1,PRAKHYATH RAJ SHETTY,297302.0,2026-07-20,"228,821.70 - 298,280.60",12.81,LOW,Payment Success
TXN-004134,WS/MP18083/2026-2027/268457,V1,PRAKHYATH RAJ SHETTY,298700.0,2026-07-18,"228,821.70 - 298,280.60",13.34,LOW,Payment Success
TXN-004135,WS/MP18083/2026-2027/268432,V1,PRAKHYATH RAJ SHETTY,296406.0,2026-07-15,"228,821.70 - 298,280.60",12.47,LOW,Payment Success
TXN-004136,WS/MP588/2026-2027/274026,V1,Vijaypur GP,299590.0,2026-07-15,"299,590.00 - 299,590.00",0.0,LOW,Payment Success
TXN-004137,WS/MP18309/2026-2027/287993,V1,Dilseng A Sangma,300000.0,2026-07-23,"300,000.00 - 300,000.00",0.0,LOW,Payment Success
TXN-004138,WS/MP021/2025-2026/200609,V1,CHANDAN SINGH,18375.0,2026-07-20,"52,700.00 - 190,800.00",-84.91,HIGH,Payment Success
TXN-004139,WS/MP021/2025-2026/200609,V1,HARISH CHANDRA,18375.0,2026-07-20,"18,375.00 - 18,375.00",0.0,LOW,Payment Success
TXN-004140,WS/MP18194/2025-2026/224175,V1,Syed Rahamathulla,499927.0,2026-07-15,"499,927.00 - 499,927.00",0.0,LOW,Payment Success
TXN-004141,WS/MP021/2025-2026/200609,V1,MAMTA BISHT,9072.0,2026-07-20,"9,072.00 - 9,072.00",0.0,LOW,Payment Success
TXN-004142,WS/MP021/2025-2026/200609,V1,NEELAM,9072.0,2026-07-20,"9,994.80 - 17,377.20",-33.71,MEDIUM,Payment Success
TXN-004143,WS/MP667/2025-2026/218308,V1,VINAYAK ANANDRAV INGAVLE,1000000.0,2026-07-27,"1,000,000.00 - 1,000,000.00",0.0,LOW,Payment Success
TXN-004144,WS/MP021/2025-2026/200609,V1,GUDDI DEVI,9072.0,2026-07-20,"6,022.80 - 799,053.20",-97.75,HIGH,Payment Success
TXN-004145,WS/MP021/2025-2026/200609,V1,KAMLA DEVI,9072.0,2026-07-20,"4,498.20 - 8,563.80",38.91,MEDIUM,Payment Success
TXN-004146,WS/MP021/2025-2026/200609,V1,LEELA DEVI,9072.0,2026-07-20,"10,359.30 - 20,657.70",-41.5,MEDIUM,Payment Success
TXN-004147,WS/MP021/2025-2026/200609,V1,SONA DEVI,9072.0,2026-07-20,"9,072.00 - 9,072.00",0.0,LOW,Payment Success
TXN-004148,WS/MP021/2025-2026/200609,V1,TEJ SINGH,18375.0,2026-07-20,"18,375.00 - 18,375.00",0.0,LOW,Payment Success
TXN-004149,WS/MP579/2026-2027/231518,V1,OUM SAI CONSTRUCTION,300000.0,2026-07-15,"300,000.00 - 300,000.00",0.0,LOW,Payment Success
TXN-004150,WS/MP18054/2025-2026/236375,V1,CHITRODA MOTA GRAM PANCHAYAT,220000.0,2026-07-16,"220,000.00 - 220,000.00",0.0,LOW,Payment Success
TXN-004151,WS/MP18054/2025-2026/244858,V1,VADU GRAM PANCHAYAT,120000.0,2026-07-16,"120,000.00 - 120,000.00",0.0,LOW,Payment Success
TXN-004152,WS/MP18187/2025-2026/189986,V1,Chennaboina Anil Kumar,500000.0,2026-07-16,"500,000.00 - 500,000.00",0.0,LOW,Payment Success
TXN-004153,WS/MP372/2025-2026/224386,V1,BHABANI SHANKAR BARIK,500000.0,2026-07-17,"500,000.00 - 500,000.00",0.0,LOW,Payment Success
TXN-004154,WS/MP18065/2025-2026/242114,V1,THE SAHIL CO OPERATIVE LABOUR AND CONSTRUCTION SOCIETY LTD,488013.0,2026-07-16,"488,013.00 - 488,013.00",0.0,LOW,Payment Success
TXN-004155,WS/MP568/2026-2027/269969,V1,SARPANCH SACHIV GRAM PANCHAYAT GANYARI,400000.0,2026-07-30,"400,000.00 - 400,000.00",0.0,LOW,Payment Success
TXN-004156,WS/MP18429/2026-2027/243634,V1,GRAM PANCHAYAT KARYALAY HANGARGA TQ NAIGAON,695903.0,2026-08-05,"695,903.00 - 695,903.00",0.0,LOW,Payment Success
TXN-004157,WS/MP18352/2025-2026/258499,V1,APRAJITA CONSTRUCTION,898254.0,2026-07-17,"898,254.00 - 898,254.00",0.0,LOW,Payment Success
TXN-004158,WS/MP18104/2025-2026/204535,V1,YOGENDRA KUMAR PATEL,148020.0,2026-07-21,"148,020.00 - 148,020.00",0.0,LOW,Payment Success
TXN-004159,WS/MP347/2025-2026/159274,V1,PRAKASH,856398.0,2026-07-16,"958,258.20 - 1,773,139.80",-37.29,MEDIUM,Payment Success
TXN-004160,WS/MP18023/2026-2027/248761,V1,Biju Hussain,98737.0,2026-08-04,"29,010.40 - 90,989.60",64.56,HIGH,Payment Success
TXN-004161,WS/MP18023/2026-2027/248761,V1,Biju Hussain,21263.0,2026-08-07,"29,010.40 - 90,989.60",-64.56,HIGH,Payment Success
TXN-004162,WS/MP18023/2026-2027/233954,V1,PJB BRICKS INDUSTRY,353421.0,2026-08-19,"353,421.00 - 353,421.00",0.0,LOW,Payment Success
TXN-004163,WS/MP585/2026-2027/259447,V1,SARPANCH SHREE MAGODI GRAM PANCHAYAT,350000.0,2026-07-16,"350,000.00 - 350,000.00",0.0,LOW,Payment Success
TXN-004164,WS/MP18379/2026-2027/271838,V1,S S Traders,2389000.0,2026-07-14,"2,389,000.00 - 2,389,000.00",0.0,LOW,Payment Success
TXN-004165,WS/MP18264/2024-2025/160548,V1,Sasidharan K N,392894.0,2026-07-16,"392,894.00 - 392,894.00",0.0,LOW,Payment Success
TXN-004166,WS/MP681/2026-2027/257816,V1,NITIN VISHNU SURWASE,699900.0,2026-08-11,"699,900.00 - 699,900.00",0.0,LOW,Payment Success
TXN-004167,WS/MP18337/2025-2026/156944,V1,PRABHAKARAN K,2353898.0,2026-07-18,"2,353,898.00 - 2,353,898.00",0.0,LOW,Payment Success
TXN-004168,WS/MP18051/2026-2027/282651,V1,GP BIRSINGPALI,250000.0,2026-07-15,"250,000.00 - 250,000.00",0.0,LOW,Payment Success
TXN-004169,WS/MP18051/2026-2027/282652,V1,GP BIRSINGPALI,250000.0,2026-07-15,"250,000.00 - 250,000.00",0.0,LOW,Payment Success
TXN-004170,WS/MP577/2025-2026/225009,V1,GRAM PANCHAYAT GANGARDI,245831.0,2026-07-14,"245,831.00 - 245,831.00",0.0,LOW,Payment Success
TXN-004171,WS/MP18379/2025-2026/194646,V1,Bombay Sports Syndicate,200000.0,2026-07-14,"200,000.00 - 200,000.00",0.0,LOW,Payment Success
TXN-004172,WS/MP18379/2025-2026/194645,V1,NEW SYNDICATE SPORTS,197670.0,2026-07-15,"139,404.00 - 191,196.00",19.58,LOW,Payment Success
TXN-004173,WS/MP18379/2025-2026/194644,V1,NEW SYNDICATE SPORTS,132930.0,2026-07-15,"139,404.00 - 191,196.00",-19.58,LOW,Payment Success
TXN-004174,WS/MP18429/2026-2027/225915,V1,Shubham Shankar Gaikwad,499908.0,2026-07-17,"499,908.00 - 499,908.00",0.0,LOW,Payment Success
TXN-004175,WS/MP331/2025-2026/256151,V1,Pankaj Sharma,210400.0,2026-07-13,"210,400.00 - 210,400.00",0.0,LOW,Payment Success
TXN-004176,WS/MP18237/2025-2026/259683,V1,satya dev construction co,619109.0,2026-07-25,"555,275.30 - 1,337,936.20",-34.6,MEDIUM,Payment Success
TXN-004177,WS/MP18237/2025-2026/259635,V1,satya dev construction co,527918.0,2026-07-15,"555,275.30 - 1,337,936.20",-44.23,MEDIUM,Payment Success
TXN-004178,WS/MP18237/2025-2026/259689,V1,satya dev construction co,703186.0,2026-07-14,"555,275.30 - 1,337,936.20",-25.72,MEDIUM,Payment Success
TXN-004179,WS/MP18237/2025-2026/259618,V1,satya dev construction co,1609972.0,2026-07-14,"555,275.30 - 1,337,936.20",70.08,HIGH,Payment Success
TXN-004180,WS/MP18237/2025-2026/259640,V1,GURU Construction company,641506.0,2026-07-15,"641,506.00 - 641,506.00",0.0,LOW,Payment Success
TXN-004181,WS/MP18237/2025-2026/259616,V1,M A construction,2201356.0,2026-07-14,"2,201,356.00 - 2,201,356.00",0.0,LOW,Payment Success
TXN-004182,WS/MP18237/2025-2026/259637,V1,SR Enterprises prop shahrukh,373538.0,2026-07-15,"373,538.00 - 373,538.00",0.0,LOW,Payment Success
TXN-004183,WS/MP18429/2026-2027/237859,V1,Mohammed Mehrooz Farhan Md Muneer Ahmed,495937.0,2026-08-03,"495,937.00 - 495,937.00",0.0,LOW,Payment Success
TXN-004184,WS/MP345/2025-2026/212410,V1,MATHEW M,433152.0,2026-07-14,"433,152.00 - 433,152.00",0.0,LOW,Payment Success
TXN-004185,WS/MP18155/2025-2026/258201,V1,Sukhdeep so of Birbal,3000.0,2026-07-13,"3,000.00 - 3,000.00",0.0,LOW,Payment Success
TXN-004186,WS/MP18314/2025-2026/208676,V1,GOYAL CRUCIBLE HOUSE,98590.0,2026-08-10,"98,590.00 - 98,590.00",0.0,LOW,Payment Success
TXN-004187,WS/MP692/2026-2027/185176,V1,Supriya Ashok Bhosale,798957.0,2026-07-21,"798,957.00 - 798,957.00",0.0,LOW,Payment Success
TXN-004188,WS/MP18314/2025-2026/208676,V1,SHAMSHER SINGH,51590.0,2026-08-10,"51,590.00 - 51,590.00",0.0,LOW,Payment Success
TXN-004189,WS/MP18228/2026-2027/193499,V1,Fatma Begum,300000.0,2026-07-14,"300,000.00 - 300,000.00",0.0,LOW,Payment Success
TXN-004190,WS/MP18355/2026-2027/257752,V1,ANJANADRI ENTERPRISES,498667.0,2026-07-13,"498,667.00 - 498,667.00",0.0,LOW,Payment Success
TXN-004191,WS/MP021/2025-2026/252347,V1,sarfraz khan,17850.0,2026-07-20,"17,850.00 - 17,850.00",0.0,LOW,Payment Success
TXN-004192,WS/MP18257/2025-2026/244000,V1,P B Construction prop Dilip Bhunia,447167.0,2026-07-14,"447,167.00 - 447,167.00",0.0,LOW,Payment Success
TXN-004193,WS/MP021/2025-2026/252347,V1,RAJESH BISHT,17850.0,2026-07-20,"17,850.00 - 17,850.00",0.0,LOW,Payment Success
TXN-004194,WS/MP485/2024-2025/153991,V1,TANISA ENTERPRISE,434369.0,2026-07-14,"434,369.00 - 434,369.00",0.0,LOW,Payment Success
TXN-004195,WS/MP021/2025-2026/252347,V1,KAMLESH SINGH,8568.0,2026-07-20,"8,568.00 - 8,568.00",0.0,LOW,Payment Success
TXN-004196,WS/MP18127/2025-2026/253711,V1,GANESH SOMNATH AVHAD,978000.0,2026-07-16,"978,000.00 - 978,000.00",0.0,LOW,Payment Success
TXN-004197,WS/MP021/2025-2026/252347,V1,FARAJ KHAN,17850.0,2026-07-20,"17,850.00 - 17,850.00",0.0,LOW,Payment Success
TXN-004198,WS/MP346/2025-2026/182753,V1,Sajeeesh kumar,403398.0,2026-07-14,"403,398.00 - 403,398.00",0.0,LOW,Payment Success
TXN-004199,WS/MP18159/2026-2027/269816,V1,RAATH AUTOMOTIVES PVT LTD,1833174.0,2026-07-12,"1,833,174.00 - 1,833,174.00",0.0,LOW,Payment Success
TXN-004200,WS/MP18159/2026-2027/255806,V1,TEHADKIYA ENTERPRISES,917268.0,2026-07-22,"812,034.60 - 905,575.40",6.81,LOW,Payment Success
TXN-004201,WS/MP18159/2026-2027/255806,V1,TEHADKIYA ENTERPRISES,800342.0,2026-07-27,"812,034.60 - 905,575.40",-6.81,LOW,Payment Success
TXN-004202,WS/MP18350/2025-2026/252304,V1,RAJ KUMAR GHADAIPATRO,400000.0,2026-07-17,"400,000.00 - 400,000.00",0.0,LOW,Payment Success
TXN-004203,WS/MP453/2024-2025/154002,V1,JE PANCHAYAT SAMITI DASAMANTPUR,300000.0,2026-07-29,"300,000.00 - 300,000.00",0.0,LOW,Payment Success
TXN-004204,WS/MP18004/2025-2026/197240,V1,BALAGA SRIRAMULU,271619.0,2026-07-12,"160,649.00 - 259,289.00",29.36,MEDIUM,Payment Success
TXN-004205,WS/MP18004/2025-2026/197236,V1,BALAGA SRIRAMULU,148319.0,2026-07-12,"160,649.00 - 259,289.00",-29.36,MEDIUM,Payment Success
TXN-004206,WS/MP18335/2025-2026/224304,V1,SARPANCH SACHIV GP DEVGARH,175000.0,2026-07-31,"175,000.00 - 175,000.00",0.0,LOW,Payment Success
TXN-004207,WS/MP18003/2025-2026/223837,V1,S KHALENDAR BASHA,499058.0,2026-08-01,"499,058.00 - 499,058.00",0.0,LOW,Payment Success
TXN-004208,WS/MP18352/2026-2027/261254,V1,shiv shakti construction and order supplier,1895080.0,2026-08-05,"1,895,080.00 - 1,895,080.00",0.0,LOW,Payment Success
TXN-004209,WS/MP458/2026-2027/211394,V1,S SYED SIRAJUDEEN,1000000.0,2026-07-22,"1,000,000.00 - 1,000,000.00",0.0,LOW,Payment Success
TXN-004210,WS/MP017/2026-2027/188574,V1,VIGNESHWARAN,1900000.0,2026-07-29,"1,900,000.00 - 1,900,000.00",0.0,LOW,Payment Success
TXN-004211,WS/MP761/2026-2027/224237,V1,Markanti Sathish,116872.0,2026-07-15,"116,872.00 - 116,872.00",0.0,LOW,Payment Success
TXN-004212,WS/MP18222/2025-2026/246746,V1,RAJENDRA KUMAR YADAV,1195245.0,2026-07-18,"1,195,245.00 - 1,195,245.00",0.0,LOW,Payment Success
TXN-004213,WS/MP386/2026-2027/242367,V1,LADOLI GRAM SEWVA SHAKARI SAMITI LIMITED,350000.0,2026-08-07,"350,000.00 - 350,000.00",0.0,LOW,Payment Success
TXN-004214,WS/MP373/2025-2026/250102,V1,UMESH BHUE,238065.0,2026-07-15,"238,065.00 - 238,065.00",0.0,LOW,Payment Success
TXN-004215,WS/MP18154/2025-2026/199717,V1,Gurkirpa Steel,37398.0,2026-07-17,"37,398.00 - 37,398.00",0.0,LOW,Payment Success
TXN-004216,WS/MP18344/2025-2026/225575,V1,Gadhvana Gram Panchayat,246176.0,2026-07-17,"246,176.00 - 246,176.00",0.0,LOW,Payment Success
TXN-004217,WS/MP18155/2025-2026/255595,V1,Balram Singh Mehrowal,16000.0,2026-07-13,"16,000.00 - 16,000.00",0.0,LOW,Payment Success
TXN-004218,WS/MP18320/2026-2027/238569,V1,JUNI BHILDI GRAM PANCHAYAT,500000.0,2026-07-14,"500,000.00 - 500,000.00",0.0,LOW,Payment Success
TXN-004219,WS/MP18155/2025-2026/256475,V1,sarabjit cement store vill baddon,29008.0,2026-07-13,"10,585.60 - 65,868.00",-24.12,MEDIUM,Payment Success
TXN-004220,WS/MP18155/2025-2026/256475,V1,sarabjit cement store vill baddon,5980.0,2026-08-07,"10,585.60 - 65,868.00",-84.36,HIGH,Payment Success
TXN-004221,WS/MP18155/2025-2026/256741,V1,sarabjit cement store vill baddon,75083.0,2026-08-07,"10,585.60 - 65,868.00",96.41,HIGH,Payment Success
TXN-004222,WS/MP722/2025-2026/233603,V1,dayaram,27300.0,2026-07-19,"27,300.00 - 27,300.00",0.0,LOW,Payment Success
TXN-004223,WS/MP722/2025-2026/233603,V1,shivani,11700.0,2026-07-19,"77,293.60 - 602,042.40",-96.56,HIGH,Payment Success
TXN-004224,WS/MP722/2025-2026/233603,V1,shyam sundar,11700.0,2026-07-19,"11,700.00 - 11,700.00",0.0,LOW,Payment Success
TXN-004225,WS/MP722/2025-2026/233603,V1,Ram kanwari,11700.0,2026-07-19,"11,700.00 - 11,700.00",0.0,LOW,Payment Success
TXN-004226,WS/MP722/2025-2026/233603,V1,TEJMAL,27300.0,2026-07-19,"27,300.00 - 27,300.00",0.0,LOW,Payment Success
TXN-004227,WS/MP722/2025-2026/233603,V1,KAMLESH BAI,11700.0,2026-07-19,"11,700.00 - 11,700.00",0.0,LOW,Payment Success
TXN-004228,WS/MP722/2025-2026/233603,V1,HEMLATA,11700.0,2026-07-19,"12,140.40 - 15,663.60",-15.84,LOW,Payment Success
TXN-004229,WS/MP722/2025-2026/233603,V1,DIVYA,7800.0,2026-07-19,"7,800.00 - 7,800.00",0.0,LOW,Payment Success
TXN-004230,WS/MP722/2025-2026/233603,V1,HIMANSHI,10800.0,2026-07-19,"10,800.00 - 10,800.00",0.0,LOW,Payment Success
TXN-004231,WS/MP722/2025-2026/233603,V1,ASHISH,11700.0,2026-07-19,"11,700.00 - 11,700.00",0.0,LOW,Payment Success
TXN-004232,WS/MP722/2025-2026/233603,V1,DINESH,11700.0,2026-07-19,"11,700.00 - 11,700.00",0.0,LOW,Payment Success
TXN-004233,WS/MP722/2025-2026/233603,V1,KANTI BAI,11700.0,2026-07-19,"11,700.00 - 11,700.00",0.0,LOW,Payment Success
TXN-004234,WS/MP722/2025-2026/233603,V1,RATANLAL,25200.0,2026-07-19,"25,200.00 - 25,200.00",0.0,LOW,Payment Success
TXN-004235,WS/MP722/2025-2026/233603,V1,PREM BAI,11700.0,2026-07-19,"11,700.00 - 11,700.00",0.0,LOW,Payment Success
TXN-004236,WS/MP722/2025-2026/233603,V1,RAMCHANDRA,11700.0,2026-07-19,"11,700.00 - 11,700.00",0.0,LOW,Payment Success
TXN-004237,WS/MP722/2025-2026/233603,V1,TARACHAND,11700.0,2026-07-19,"11,700.00 - 11,700.00",0.0,LOW,Payment Success
TXN-004238,WS/MP722/2025-2026/233603,V1,BASANTI,11700.0,2026-07-19,"11,700.00 - 11,700.00",0.0,LOW,Payment Success
TXN-004239,WS/MP478/2024-2025/154217,V1,Jain Industries,239085.0,2026-07-14,"239,085.00 - 239,085.00",0.0,LOW,Payment Success
TXN-004240,WS/MP413/2025-2026/261627,V1,RAJU YADAV,396117.0,2026-07-22,"396,117.00 - 396,117.00",0.0,LOW,Payment Success
TXN-004241,WS/MP18229/2026-2027/215176,V1,EE EUDD 1,208800.0,2026-07-25,"208,800.00 - 208,800.00",0.0,LOW,Payment Success
TXN-004242,WS/MP18214/2025-2026/257192,V1,DHRUV SINGH CONTRACTOR AND SUPPLIER,345740.0,2026-07-17,"345,740.00 - 345,740.00",0.0,LOW,Payment Success
TXN-004243,WS/MP18214/2025-2026/257193,V1,DHRUV SINGH CONTRACTOR AND SUPPLIER,345740.0,2026-07-17,"345,740.00 - 345,740.00",0.0,LOW,Payment Success
TXN-004244,WS/MP18214/2025-2026/257194,V1,DHRUV SINGH CONTRACTOR AND SUPPLIER,345740.0,2026-07-17,"345,740.00 - 345,740.00",0.0,LOW,Payment Success
TXN-004245,WS/MP18429/2026-2027/245752,V1,GRAM PANCHAYAT KARYALAYA KHANDGAON HAMID,494000.0,2026-07-15,"494,000.00 - 494,000.00",0.0,LOW,Payment Success
TXN-004246,WS/MP18275/2025-2026/274686,V1,Ravi Realcon Pvt Ltd,2482831.0,2026-07-14,"2,482,831.00 - 2,482,831.00",0.0,LOW,Payment Success
TXN-004247,WS/MP18191/2025-2026/185806,V1,P Raghavendar Reddy,248054.0,2026-08-07,"248,054.00 - 248,054.00",0.0,LOW,Payment Success
TXN-004248,WS/MP18191/2025-2026/185805,V1,P Raghavendar Reddy,248054.0,2026-08-07,"248,054.00 - 248,054.00",0.0,LOW,Payment Success
TXN-004249,WS/MP418/2026-2027/285259,V1,BSDEV INFRATECH INIDA PRIVATE LIMITED,796000.0,2026-07-15,"796,000.00 - 796,000.00",0.0,LOW,Payment Success
TXN-004250,WS/MP418/2026-2027/285258,V1,BSDEV INFRATECH INIDA PRIVATE LIMITED,796000.0,2026-07-15,"796,000.00 - 796,000.00",0.0,LOW,Payment Success
TXN-004251,WS/MP418/2026-2027/285256,V1,BSDEV INFRATECH INIDA PRIVATE LIMITED,796000.0,2026-07-15,"796,000.00 - 796,000.00",0.0,LOW,Payment Success
TXN-004252,WS/MP418/2026-2027/285257,V1,BSDEV INFRATECH INIDA PRIVATE LIMITED,796000.0,2026-07-15,"796,000.00 - 796,000.00",0.0,LOW,Payment Success
TXN-004253,WS/MP418/2026-2027/289688,V1,BSDEV INFRATECH INIDA PRIVATE LIMITED,796000.0,2026-07-15,"796,000.00 - 796,000.00",0.0,LOW,Payment Success
TXN-004254,WS/MP418/2026-2027/289689,V1,BSDEV INFRATECH INIDA PRIVATE LIMITED,796000.0,2026-07-15,"796,000.00 - 796,000.00",0.0,LOW,Payment Success
TXN-004255,WS/MP418/2026-2027/289687,V1,BSDEV INFRATECH INIDA PRIVATE LIMITED,796000.0,2026-07-15,"796,000.00 - 796,000.00",0.0,LOW,Payment Success
TXN-004256,WS/MP418/2026-2027/289692,V1,BSDEV INFRATECH INIDA PRIVATE LIMITED,796000.0,2026-07-15,"796,000.00 - 796,000.00",0.0,LOW,Payment Success
TXN-004257,WS/MP418/2026-2027/289691,V1,BSDEV INFRATECH INIDA PRIVATE LIMITED,796000.0,2026-07-15,"796,000.00 - 796,000.00",0.0,LOW,Payment Success
TXN-004258,WS/MP418/2026-2027/289690,V1,BSDEV INFRATECH INIDA PRIVATE LIMITED,796000.0,2026-07-15,"796,000.00 - 796,000.00",0.0,LOW,Payment Success
TXN-004259,WS/MP418/2026-2027/291694,V1,BSDEV INFRATECH INIDA PRIVATE LIMITED,796000.0,2026-07-31,"796,000.00 - 796,000.00",0.0,LOW,Payment Success
TXN-004260,WS/MP418/2026-2027/291693,V1,BSDEV INFRATECH INIDA PRIVATE LIMITED,796000.0,2026-07-31,"796,000.00 - 796,000.00",0.0,LOW,Payment Success
TXN-004261,WS/MP418/2026-2027/291692,V1,BSDEV INFRATECH INIDA PRIVATE LIMITED,796000.0,2026-07-31,"796,000.00 - 796,000.00",0.0,LOW,Payment Success
TXN-004262,WS/MP418/2026-2027/291691,V1,BSDEV INFRATECH INIDA PRIVATE LIMITED,796000.0,2026-07-31,"796,000.00 - 796,000.00",0.0,LOW,Payment Success
TXN-004263,WS/MP418/2026-2027/289700,V1,BSDEV INFRATECH INIDA PRIVATE LIMITED,796000.0,2026-08-01,"796,000.00 - 796,000.00",0.0,LOW,Payment Success
TXN-004264,WS/MP418/2026-2027/289704,V1,BSDEV INFRATECH INIDA PRIVATE LIMITED,796000.0,2026-08-01,"796,000.00 - 796,000.00",0.0,LOW,Payment Success
TXN-004265,WS/MP418/2026-2027/289701,V1,BSDEV INFRATECH INIDA PRIVATE LIMITED,796000.0,2026-08-01,"796,000.00 - 796,000.00",0.0,LOW,Payment Success
TXN-004266,WS/MP418/2026-2027/291690,V1,BSDEV INFRATECH INIDA PRIVATE LIMITED,796000.0,2026-07-31,"796,000.00 - 796,000.00",0.0,LOW,Payment Success
TXN-004267,WS/MP418/2026-2027/291689,V1,BSDEV INFRATECH INIDA PRIVATE LIMITED,796000.0,2026-07-31,"796,000.00 - 796,000.00",0.0,LOW,Payment Success
TXN-004268,WS/MP418/2026-2027/289702,V1,BSDEV INFRATECH INIDA PRIVATE LIMITED,796000.0,2026-07-31,"796,000.00 - 796,000.00",0.0,LOW,Payment Success
TXN-004269,WS/MP418/2026-2027/289703,V1,BSDEV INFRATECH INIDA PRIVATE LIMITED,796000.0,2026-07-31,"796,000.00 - 796,000.00",0.0,LOW,Payment Success
TXN-004270,WS/MP418/2026-2027/289699,V1,BSDEV INFRATECH INIDA PRIVATE LIMITED,796000.0,2026-07-31,"796,000.00 - 796,000.00",0.0,LOW,Payment Success
TXN-004271,WS/MP418/2026-2027/289717,V1,BSDEV INFRATECH INIDA PRIVATE LIMITED,796000.0,2026-08-01,"796,000.00 - 796,000.00",0.0,LOW,Payment Success
TXN-004272,WS/MP418/2026-2027/289716,V1,BSDEV INFRATECH INIDA PRIVATE LIMITED,796000.0,2026-08-01,"796,000.00 - 796,000.00",0.0,LOW,Payment Success
TXN-004273,WS/MP418/2026-2027/289719,V1,BSDEV INFRATECH INIDA PRIVATE LIMITED,796000.0,2026-08-01,"796,000.00 - 796,000.00",0.0,LOW,Payment Success
TXN-004274,WS/MP418/2026-2027/289720,V1,BSDEV INFRATECH INIDA PRIVATE LIMITED,796000.0,2026-08-01,"796,000.00 - 796,000.00",0.0,LOW,Payment Success
TXN-004275,WS/MP418/2026-2027/289718,V1,BSDEV INFRATECH INIDA PRIVATE LIMITED,796000.0,2026-08-01,"796,000.00 - 796,000.00",0.0,LOW,Payment Success
TXN-004276,WS/MP418/2026-2027/289715,V1,BSDEV INFRATECH INIDA PRIVATE LIMITED,796000.0,2026-08-01,"796,000.00 - 796,000.00",0.0,LOW,Payment Success
TXN-004277,WS/MP18311/2026-2027/280931,V1,ZIMIDARA AGRO STORE,41427.0,2026-07-14,"43,150.80 - 56,202.80",-16.61,LOW,Payment Success
TXN-004278,WS/MP18311/2026-2027/280931,V1,ZIMIDARA AGRO STORE,50046.0,2026-07-14,"43,150.80 - 56,202.80",0.74,LOW,Payment Success
TXN-004279,WS/MP18311/2026-2027/280931,V1,ZIMIDARA AGRO STORE,57742.0,2026-07-14,"43,150.80 - 56,202.80",16.24,LOW,Payment Success
TXN-004280,WS/MP18309/2026-2027/288126,V1,Dilseng M Sangma,250000.0,2026-07-23,"250,000.00 - 250,000.00",0.0,LOW,Payment Success
TXN-004281,WS/MP18311/2026-2027/280931,V1,CT Industries,18020.0,2026-07-14,"18,020.00 - 18,020.00",0.0,LOW,Payment Success
TXN-004282,WS/MP575/2025-2026/235032,V1,UNIQUE ELECTRICAL,498000.0,2026-07-14,"498,000.00 - 498,000.00",0.0,LOW,Payment Success
TXN-004283,WS/MP18014/2025-2026/240915,V1,Dasari Murali,499736.0,2026-07-22,"499,736.00 - 499,736.00",0.0,LOW,Payment Success
TXN-004284,WS/MP18127/2025-2026/253710,V1,CHAITALI DNYANESHWAR SANGALE,988000.0,2026-08-20,"988,000.00 - 988,000.00",0.0,LOW,Payment Success
TXN-004285,WS/MP18014/2025-2026/240926,V1,Shaik Rafi,297171.0,2026-07-27,"297,171.00 - 297,171.00",0.0,LOW,Payment Success
TXN-004286,WS/MP18338/2025-2026/233612,V1,Thandu Saidulu,500000.0,2026-07-13,"500,000.00 - 500,000.00",0.0,LOW,Payment Success
TXN-004287,WS/MP18338/2025-2026/233611,V1,Thandu Saidulu,500000.0,2026-07-13,"500,000.00 - 500,000.00",0.0,LOW,Payment Success
TXN-004288,WS/MP18276/2025-2026/184973,V1,CHHALVANT JUTH GRAM PANCHAYAT,150000.0,2026-07-12,"150,000.00 - 150,000.00",0.0,LOW,Payment Success
TXN-004289,WS/MP18163/2025-2026/268855,V1,PIYUSH ELECTRICALS,465244.0,2026-07-10,"465,244.00 - 465,244.00",0.0,LOW,Payment Success
TXN-004290,WS/MP18163/2025-2026/268856,V1,PIYUSH ELECTRICALS,465244.0,2026-07-10,"465,244.00 - 465,244.00",0.0,LOW,Payment Success
TXN-004291,WS/MP716/2025-2026/202171,V1,MAA CHINTPURNI TRADERS,81804.0,2026-07-13,"82,078.00 - 158,686.50",-32.05,MEDIUM,Payment Success
TXN-004292,WS/MP716/2025-2026/202172,V1,MAA CHINTPURNI TRADERS,82352.0,2026-07-14,"82,078.00 - 158,686.50",-31.59,MEDIUM,Payment Success
TXN-004293,WS/MP716/2025-2026/202169,V1,MAA CHINTPURNI TRADERS,82352.0,2026-07-14,"82,078.00 - 158,686.50",-31.59,MEDIUM,Payment Success
TXN-004294,WS/MP716/2025-2026/202168,V1,MAA CHINTPURNI TRADERS,82352.0,2026-07-14,"82,078.00 - 158,686.50",-31.59,MEDIUM,Payment Success
TXN-004295,WS/MP716/2025-2026/202166,V1,MAA CHINTPURNI TRADERS,235021.0,2026-07-14,"82,078.00 - 158,686.50",95.23,HIGH,Payment Success
TXN-004296,WS/MP716/2025-2026/202170,V1,MAA CHINTPURNI TRADERS,82352.0,2026-07-14,"82,078.00 - 158,686.50",-31.59,MEDIUM,Payment Success
TXN-004297,WS/MP428/2026-2027/275102,V1,MS INDRANI POWER,1176892.0,2026-07-22,"1,176,892.00 - 1,176,892.00",0.0,LOW,Payment Success
TXN-004298,WS/MP18148/2025-2026/204611,V1,Pratik Pravupada Parida,288894.0,2026-07-17,"310,004.60 - 478,889.40",-26.76,MEDIUM,Payment Success
TXN-004299,WS/MP18148/2025-2026/169742,V1,Pratik Pravupada Parida,500000.0,2026-07-17,"310,004.60 - 478,889.40",26.76,MEDIUM,Payment Success
TXN-004300,WS/MP638/2026-2027/259975,V1,GRAM PANCHAYAT DAURIYA,180000.0,2026-07-14,"180,000.00 - 180,000.00",0.0,LOW,Payment Success
TXN-004301,WS/MP642/2026-2027/197112,V1,SHREE KRIPA ENTERPRISES SATNA,63837.0,2026-07-17,"75,363.00 - 259,005.60",-61.82,HIGH,Payment Success
TXN-004302,WS/MP642/2026-2027/197123,V1,SHREE KRIPA ENTERPRISES SATNA,233533.0,2026-07-14,"75,363.00 - 259,005.60",39.69,MEDIUM,Payment Success
TXN-004303,WS/MP642/2026-2027/197133,V1,SHREE KRIPA ENTERPRISES SATNA,73031.0,2026-07-14,"75,363.00 - 259,005.60",-56.32,HIGH,Payment Success
TXN-004304,WS/MP642/2026-2027/197124,V1,SHREE KRIPA ENTERPRISES SATNA,214303.0,2026-07-19,"75,363.00 - 259,005.60",28.18,MEDIUM,Payment Success
TXN-004305,WS/MP642/2026-2027/197129,V1,SHREE KRIPA ENTERPRISES SATNA,75946.0,2026-07-19,"75,363.00 - 259,005.60",-54.57,HIGH,Payment Success
TXN-004306,WS/MP642/2026-2027/197128,V1,SHREE KRIPA ENTERPRISES SATNA,247050.0,2026-07-19,"75,363.00 - 259,005.60",47.77,MEDIUM,Payment Success
TXN-004307,WS/MP642/2026-2027/246075,V1,SHREE KRIPA ENTERPRISES SATNA,466151.0,2026-07-19,"75,363.00 - 259,005.60",178.82,HIGH,Payment Success
TXN-004308,WS/MP642/2026-2027/246074,V1,SHREE KRIPA ENTERPRISES SATNA,92774.0,2026-07-19,"75,363.00 - 259,005.60",-44.51,MEDIUM,Payment Success
TXN-004309,WS/MP642/2026-2027/198562,V1,SHREE KRIPA ENTERPRISES SATNA,203760.0,2026-07-19,"75,363.00 - 259,005.60",21.88,MEDIUM,Payment Success
TXN-004310,WS/MP642/2026-2027/198564,V1,SHREE KRIPA ENTERPRISES SATNA,212455.0,2026-07-19,"75,363.00 - 259,005.60",27.08,MEDIUM,Payment Success
TXN-004311,WS/MP642/2026-2027/198566,V1,SHREE KRIPA ENTERPRISES SATNA,267660.0,2026-07-19,"75,363.00 - 259,005.60",60.1,HIGH,Payment Success
TXN-004312,WS/MP642/2026-2027/198565,V1,SHREE KRIPA ENTERPRISES SATNA,194899.0,2026-07-19,"75,363.00 - 259,005.60",16.58,LOW,Payment Success
TXN-004313,WS/MP642/2026-2027/198560,V1,SHREE KRIPA ENTERPRISES SATNA,194842.0,2026-07-19,"75,363.00 - 259,005.60",16.54,LOW,Payment Success
TXN-004314,WS/MP18097/2025-2026/178938,V1,SECRETARY PATTIAM GRAMAPANCHAYATH,116600.0,2026-08-20,"116,600.00 - 116,600.00",0.0,LOW,Payment Success
TXN-004315,WS/MP585/2025-2026/214625,V1,Gayatri Engineering Company,337854.0,2026-07-10,"337,854.00 - 337,854.00",0.0,LOW,Payment Success
TXN-004316,WS/MP584/2025-2026/238458,V1,HARIPAR KERALA GRAM PANCHAYAT,400000.0,2026-08-11,"400,000.00 - 400,000.00",0.0,LOW,Payment Success
TXN-004317,WS/MP18389/2025-2026/245237,V1,Kristhu Mahlia Pudupu Sangam,499000.0,2026-07-08,"499,000.00 - 499,000.00",0.0,LOW,Payment Success
TXN-004318,WS/MP18311/2025-2026/255099,V1,Dashmesh brick traders,42400.0,2026-08-24,"42,400.00 - 42,400.00",0.0,LOW,Payment Success
TXN-004319,WS/MP18049/2025-2026/181638,V1,RELIABLE TRADERS,410242.0,2026-07-09,"410,242.00 - 410,242.00",0.0,LOW,Payment Success
TXN-004320,WS/MP18049/2025-2026/239019,V1,RAJKUMAR TIWARI,3170432.0,2026-07-13,"3,170,432.00 - 3,170,432.00",0.0,LOW,Payment Success
TXN-004321,WS/MP18324/2025-2026/266860,V1,utvad gram Panchayat,200000.0,2026-08-11,"200,000.00 - 200,000.00",0.0,LOW,Payment Success
TXN-004322,WS/MP021/2025-2026/227810,V1,puran singh,18900.0,2026-07-10,"9,601.20 - 17,866.80",37.61,MEDIUM,Payment Success
TXN-004323,WS/MP18200/2026-2027/255535,V1,GRAMPANCHAYAT ROHSIBUJURG SANSADNIDHI,337500.0,2026-07-30,"337,500.00 - 337,500.00",0.0,LOW,Payment Success
TXN-004324,WS/MP18083/2025-2026/264608,V1,JANARDHANA A,499985.0,2026-07-09,"499,985.00 - 499,985.00",0.0,LOW,Payment Success
TXN-004325,WS/MP18219/2026-2027/278079,V1,OM KALESHWAR TRADERS,594713.0,2026-07-18,"595,079.20 - 598,008.80",-0.31,LOW,Payment Success
TXN-004326,WS/MP18219/2026-2027/278080,V1,OM KALESHWAR TRADERS,598375.0,2026-07-18,"595,079.20 - 598,008.80",0.31,LOW,Payment Success
TXN-004327,WS/MP453/2024-2025/154003,V1,JUNIOR ENGINEER DASAMANTAPUR BLOCK,250000.0,2026-07-09,"250,000.00 - 250,000.00",0.0,LOW,Payment Success
TXN-004328,WS/MP021/2025-2026/209054,V1,SUDHIR BHATT,15150.0,2026-07-14,"12,221.00 - 15,049.00",11.11,LOW,Payment Success
TXN-004329,WS/MP021/2025-2026/209055,V1,SUDHIR BHATT,11615.0,2026-07-14,"12,221.00 - 15,049.00",-14.81,LOW,Payment Success
TXN-004330,WS/MP021/2025-2026/231978,V1,SUDHIR BHATT,14645.0,2026-07-21,"12,221.00 - 15,049.00",7.41,LOW,Payment Success
TXN-004331,WS/MP348/2025-2026/165180,V1,Gangadharan V K,1498694.0,2026-07-13,"1,498,694.00 - 1,498,694.00",0.0,LOW,Payment Success
TXN-004332,WS/MP18222/2025-2026/246748,V1,RAM CHANDAR YADAV,1302458.0,2026-07-10,"1,302,458.00 - 1,302,458.00",0.0,LOW,Payment Success
TXN-004333,WS/MP18326/2025-2026/175588,V1,GHANSHYAMNAGAR GRAM PANCHAYAT,479985.0,2026-07-18,"479,985.00 - 479,985.00",0.0,LOW,Payment Success
TXN-004334,WS/MP18141/2025-2026/239835,V1,Block Development Officer Royalty,24274.0,2026-07-17,"24,274.00 - 24,274.00",0.0,LOW,Payment Success
TXN-004335,WS/MP727/2025-2026/244863,V1,ASHOK KUMAR RATHORE,6500.0,2026-07-21,"6,500.00 - 6,900.00",-2.99,LOW,Payment Success
TXN-004336,WS/MP727/2025-2026/244863,V1,ASHOK KUMAR RATHORE,6500.0,2026-07-13,"6,500.00 - 6,900.00",-2.99,LOW,Payment Success
TXN-004337,WS/MP727/2025-2026/244863,V1,ASHOK KUMAR RATHORE,7000.0,2026-07-13,"6,500.00 - 6,900.00",4.48,LOW,Payment Success
TXN-004338,WS/MP727/2025-2026/244863,V1,DINESH RATHORE,6300.0,2026-07-13,"6,320.00 - 6,480.00",-1.56,LOW,Payment Success
TXN-004339,WS/MP727/2025-2026/244863,V1,DINESH RATHORE,6500.0,2026-07-13,"6,320.00 - 6,480.00",1.56,LOW,Payment Success
TXN-004340,WS/MP727/2025-2026/244863,V1,MEGHA RATOR,3315.0,2026-07-13,"2,851.50 - 3,263.50",8.42,LOW,Payment Success
TXN-004341,WS/MP727/2025-2026/244863,V1,MEGHA RATOR,2800.0,2026-07-13,"2,851.50 - 3,263.50",-8.42,LOW,Payment Success
TXN-004342,WS/MP727/2025-2026/244863,V1,ASHA RATORE,3315.0,2026-07-13,"2,851.50 - 3,263.50",8.42,LOW,Payment Success
TXN-004343,WS/MP727/2025-2026/244863,V1,ASHA RATORE,2800.0,2026-07-13,"2,851.50 - 3,263.50",-8.42,LOW,Payment Success
TXN-004344,WS/MP727/2025-2026/244863,V1,SATYA NARAYAN NAGAR,3315.0,2026-07-13,"3,315.00 - 3,315.00",0.0,LOW,Payment Success
TXN-004345,WS/MP727/2025-2026/244863,V1,MAMTA RATHORE,3315.0,2026-07-13,"2,679.00 - 3,315.00",10.61,LOW,Payment Success
TXN-004346,WS/MP727/2025-2026/244863,V1,MAMTA RATHORE,2520.0,2026-07-13,"2,679.00 - 3,315.00",-15.92,LOW,Payment Success
TXN-004347,WS/MP727/2025-2026/244863,V1,MAMTA RATHORE,3315.0,2026-07-13,"2,679.00 - 3,315.00",10.61,LOW,Payment Success
TXN-004348,WS/MP727/2025-2026/244863,V1,TONU KUMAR,3315.0,2026-07-13,"2,851.50 - 3,263.50",8.42,LOW,Payment Success
TXN-004349,WS/MP727/2025-2026/244863,V1,TONU KUMAR,2800.0,2026-07-13,"2,851.50 - 3,263.50",-8.42,LOW,Payment Success
TXN-004350,WS/MP727/2025-2026/244863,V1,MAYA KUMARI RAATHORE,3315.0,2026-07-13,"3,315.00 - 3,315.00",0.0,LOW,Payment Success
TXN-004351,WS/MP727/2025-2026/244863,V1,HEMANT KUMAR SRIVASTVA,3315.0,2026-07-13,"3,315.00 - 3,315.00",0.0,LOW,Payment Success
TXN-004352,WS/MP18043/2026-2027/281457,V1,PARVATI CONSTRUCTION,4975000.0,2026-07-10,"4,975,000.00 - 4,975,000.00",0.0,LOW,Payment Success
TXN-004353,WS/MP600/2025-2026/237443,V1,Subash Chander,187000.0,2026-07-15,"187,000.00 - 187,000.00",0.0,LOW,Payment Success
TXN-004354,WS/MP18155/2025-2026/257937,V1,Makhan Singh,27000.0,2026-07-10,"27,000.00 - 27,000.00",0.0,LOW,Payment Success
TXN-004355,WS/MP623/2026-2027/206678,V1,SHIVAJI BHIMU JADHAV,225000.0,2026-07-15,"225,000.00 - 225,000.00",0.0,LOW,Payment Success
TXN-004356,WS/MP18326/2025-2026/238360,V1,CHULI GRAM PANCHAYAT,499909.0,2026-07-20,"499,909.00 - 499,909.00",0.0,LOW,Payment Success
TXN-004357,WS/MP393/2026-2027/167669,V1,MM CONSTRUCTIONS,1200000.0,2026-07-13,"1,200,000.00 - 1,200,000.00",0.0,LOW,Payment Success
TXN-004358,WS/MP18156/2025-2026/213614,V1,Bhupinder Singh,70448.0,2026-08-13,"70,448.00 - 70,448.00",0.0,LOW,Payment Success
TXN-004359,WS/MP372/2025-2026/224461,V1,MUKESH KUMAR BEHERA,950000.0,2026-07-10,"950,000.00 - 950,000.00",0.0,LOW,Payment Success
TXN-004360,WS/MP18197/2026-2027/232615,V1,MS AD PROJECT,779188.0,2026-07-16,"779,188.00 - 779,188.00",0.0,LOW,Payment Success
TXN-004361,WS/MP458/2026-2027/225327,V1,P KANNAN,930818.0,2026-07-13,"930,818.00 - 930,818.00",0.0,LOW,Payment Success
TXN-004362,WS/MP18189/2026-2027/261344,V1,Dharavath Kranthi Kumar,495109.0,2026-07-17,"495,109.00 - 495,109.00",0.0,LOW,Payment Success
TXN-004363,WS/MP453/2024-2025/154133,V1,Assistant Engineer Dasamantpur Block,250000.0,2026-07-10,"250,000.00 - 250,000.00",0.0,LOW,Payment Success
TXN-004364,WS/MP18018/2026-2027/293836,V1,SRI GURUDEVA CHARITABLE TRUST,250000.0,2026-07-18,"250,000.00 - 250,000.00",0.0,LOW,Payment Success
TXN-004365,WS/MP18018/2026-2027/293836,V1,SRI GURUDEVA CHARITABLE TRUST,250000.0,2026-08-11,"250,000.00 - 250,000.00",0.0,LOW,Payment Success
TXN-004366,WS/MP351/2025-2026/141857,V1,JAYAPRAKASHAN THOTHAN,980140.0,2026-07-10,"980,140.00 - 980,140.00",0.0,LOW,Payment Success
TXN-004367,WS/MP18122/2025-2026/173945,V1,JAI SANTOSHI MATA MSS LTD CHH SAMBHAJINAGAR,999563.0,2026-07-14,"999,563.00 - 999,563.00",0.0,LOW,Payment Success
TXN-004368,WS/MP18099/2026-2027/286584,V1,Dillod,350000.0,2026-08-05,"350,000.00 - 350,000.00",0.0,LOW,Payment Success
TXN-004369,WS/MP18147/2025-2026/190503,V1,SANSKRUTI ASSOCIATES PVT LTD,2998500.0,2026-07-10,"2,998,500.00 - 2,998,500.00",0.0,LOW,Payment Success
TXN-004370,WS/MP18190/2026-2027/219147,V1,MANDA RAJITHA,495201.0,2026-07-14,"483,012.60 - 498,795.60",0.88,LOW,Payment Success
TXN-004371,WS/MP18190/2026-2027/219149,V1,MANDA RAJITHA,498489.0,2026-07-14,"483,012.60 - 498,795.60",1.55,LOW,Payment Success
TXN-004372,WS/MP18190/2026-2027/206888,V1,MANDA RAJITHA,499000.0,2026-08-01,"483,012.60 - 498,795.60",1.65,LOW,Payment Success
TXN-004373,WS/MP18190/2026-2027/206890,V1,MANDA RAJITHA,474887.0,2026-08-01,"483,012.60 - 498,795.60",-3.26,LOW,Payment Success
TXN-004374,WS/MP18190/2026-2027/206891,V1,MANDA RAJITHA,496431.0,2026-08-01,"483,012.60 - 498,795.60",1.13,LOW,Payment Success
TXN-004375,WS/MP021/2025-2026/231978,V1,ARTI BHATT,2928.0,2026-07-21,"3,241.20 - 5,746.80",-34.85,MEDIUM,Payment Success
TXN-004376,WS/MP021/2025-2026/209055,V1,ARTI BHATT,6060.0,2026-07-14,"3,241.20 - 5,746.80",34.85,MEDIUM,Payment Success
TXN-004377,WS/MP021/2026-2027/271599,V1,JB BROTHERS,100000.0,2026-07-15,"100,000.00 - 100,000.00",0.0,LOW,Payment Success
TXN-004378,WS/MP746/2026-2027/295172,V1,ARUNKUMAR R,897485.0,2026-07-29,"897,485.00 - 897,485.00",0.0,LOW,Payment Success
TXN-004379,WS/MP18077/2026-2027/209862,V1,SHRINIVAS SADASHIV MENI,273043.0,2026-08-03,"273,043.00 - 273,043.00",0.0,LOW,Payment Success
TXN-004380,WS/MP18158/2025-2026/231713,V1,Karansher Singh,1470.0,2026-08-19,"1,470.00 - 1,470.00",0.0,LOW,Payment Success
TXN-004381,WS/MP021/2025-2026/254813,V1,BHAWNA,12078.0,2026-07-09,"12,078.00 - 12,078.00",0.0,LOW,Payment Success
TXN-004382,WS/MP673/2026-2027/172568,V1,Grampanchayat Karyalaya Kininawre,287196.0,2026-07-18,"287,196.00 - 287,196.00",0.0,LOW,Payment Success
TXN-004383,WS/MP021/2025-2026/209055,V1,REKHA BHATT,8418.0,2026-07-14,"9,091.20 - 14,476.80",-28.56,MEDIUM,Payment Success
TXN-004384,WS/MP021/2025-2026/209054,V1,REKHA BHATT,15150.0,2026-07-14,"9,091.20 - 14,476.80",28.56,MEDIUM,Payment Success
TXN-004385,WS/MP021/2025-2026/209055,V1,SAROJ BHATT,8418.0,2026-07-14,"8,674.20 - 10,723.80",-13.21,LOW,Payment Success
TXN-004386,WS/MP021/2025-2026/209054,V1,SAROJ BHATT,10980.0,2026-07-14,"8,674.20 - 10,723.80",13.21,LOW,Payment Success
TXN-004387,WS/MP18158/2025-2026/238956,V1,NIRWAN BRICKS UDYOG,32640.0,2026-07-17,"32,640.00 - 32,640.00",0.0,LOW,Payment Success
TXN-004388,WS/MP331/2025-2026/242061,V1,VAJKSR00060651,329000.0,2026-07-08,"329,000.00 - 329,000.00",0.0,LOW,Payment Success
TXN-004389,WS/MP18055/2025-2026/181560,V1,GRAM PANCHAYAT KANAJIYA,100000.0,2026-07-09,"100,000.00 - 100,000.00",0.0,LOW,Payment Success
TXN-004390,WS/MP453/2025-2026/261365,V1,AE SUNITA MAHARA NANDAPUR 3,250000.0,2026-07-28,"260,000.00 - 300,000.00",-10.71,LOW,Payment Success
TXN-004391,WS/MP18310/2025-2026/180845,V1,PRATAP KUMAR SENAPATI,500000.0,2026-07-08,"500,000.00 - 500,000.00",0.0,LOW,Payment Success
TXN-004392,WS/MP323/2025-2026/230169,V1,GRAM PANCHAYAT KUKASVADA,349560.0,2026-07-10,"349,560.00 - 349,560.00",0.0,LOW,Payment Success
TXN-004393,WS/MP345/2025-2026/208515,V1,NOUSHAD M,1029779.0,2026-07-10,"1,029,779.00 - 1,029,779.00",0.0,LOW,Payment Success
TXN-004394,WS/MP18187/2026-2027/219974,V1,Madavi Bheer Shaw,441862.0,2026-07-08,"441,862.00 - 441,862.00",0.0,LOW,Payment Success
TXN-004395,WS/MP453/2025-2026/261634,V1,AE SUNITA MAHARA NANDAPUR 3,300000.0,2026-07-13,"260,000.00 - 300,000.00",7.14,LOW,Payment Success
TXN-004396,WS/MP18311/2025-2026/229724,V1,SEXNA CABLE INDUSTRIES,44412.0,2026-07-10,"44,412.00 - 44,412.00",0.0,LOW,Payment Success
TXN-004397,WS/MP18311/2025-2026/229724,V1,BT AGRO UDYOG,35400.0,2026-07-10,"35,864.90 - 39,584.10",-6.16,LOW,Payment Success
TXN-004398,WS/MP18311/2025-2026/229724,V1,BT AGRO UDYOG,40049.0,2026-07-10,"35,864.90 - 39,584.10",6.16,LOW,Payment Success
TXN-004399,WS/MP716/2025-2026/226776,V1,MADHAV KUMAR RADHE SHAM,4460.0,2026-07-19,"4,460.00 - 4,460.00",0.0,LOW,Payment Success
TXN-004400,WS/MP716/2025-2026/226776,V1,ANOKH SINGH,36320.0,2026-07-19,"8,083.50 - 27,322.50",105.16,HIGH,Payment Success
TXN-004401,WS/MP716/2025-2026/226776,V1,ANOKH SINGH,18325.0,2026-07-19,"8,083.50 - 27,322.50",3.51,LOW,Payment Success
TXN-004402,WS/MP716/2025-2026/226774,V1,ANOKH SINGH,7264.0,2026-07-16,"8,083.50 - 27,322.50",-58.97,HIGH,Payment Success
TXN-004403,WS/MP716/2025-2026/226774,V1,ANOKH SINGH,17888.0,2026-07-16,"8,083.50 - 27,322.50",1.05,LOW,Payment Success
TXN-004404,WS/MP716/2025-2026/226775,V1,ANOKH SINGH,10896.0,2026-07-19,"8,083.50 - 27,322.50",-38.45,MEDIUM,Payment Success
TXN-004405,WS/MP716/2025-2026/226775,V1,ANOKH SINGH,8903.0,2026-07-19,"8,083.50 - 27,322.50",-49.71,MEDIUM,Payment Success
TXN-004406,WS/MP18110/2025-2026/242056,V1,Malewadi MSS Ltd Malewadi Tal Pathardi,968030.0,2026-07-08,"968,030.00 - 968,030.00",0.0,LOW,Payment Success
TXN-004407,WS/MP692/2026-2027/183448,V1,shivshakti majoor co op society ltd,500000.0,2026-07-08,"500,000.00 - 500,000.00",0.0,LOW,Payment Success
TXN-004408,WS/MP18008/2026-2027/166546,V1,M Butchaiah and Company,4939780.0,2026-07-09,"4,939,780.00 - 4,939,780.00",0.0,LOW,Payment Success
TXN-004409,WS/MP18257/2026-2027/259106,V1,EVERGREEN ENTERPRISE,349504.0,2026-07-09,"349,504.00 - 349,504.00",0.0,LOW,Payment Success
TXN-004410,WS/MP18354/2026-2027/269206,V1,GRAM PANCHAYAT NAWATOLA,100000.0,2026-07-10,"100,000.00 - 100,000.00",0.0,LOW,Payment Success
TXN-004411,WS/MP18158/2025-2026/229715,V1,Singla Cement Store,4000.0,2026-07-08,"4,000.00 - 4,000.00",0.0,LOW,Payment Success
TXN-004412,WS/MP18156/2025-2026/213120,V1,BALJIT RAM,38470.0,2026-07-16,"38,470.00 - 38,470.00",0.0,LOW,Payment Success
TXN-004413,WS/MP021/2025-2026/209054,V1,ANIL KUMAR BHATT,26765.0,2026-07-14,"26,765.00 - 26,765.00",0.0,LOW,Payment Success
TXN-004414,WS/MP021/2025-2026/209054,V1,SUSHIL BHATT,15150.0,2026-07-14,"10,814.20 - 14,443.00",19.97,LOW,Payment Success
TXN-004415,WS/MP021/2025-2026/209055,V1,SUSHIL BHATT,11615.0,2026-07-14,"10,814.20 - 14,443.00",-8.03,LOW,Payment Success
TXN-004416,WS/MP021/2025-2026/231978,V1,SUSHIL BHATT,10614.0,2026-07-21,"10,814.20 - 14,443.00",-15.95,LOW,Payment Success
TXN-004417,WS/MP18054/2026-2027/255404,V1,Tejpura gram panchayat,100000.0,2026-07-08,"100,000.00 - 100,000.00",0.0,LOW,Payment Success
TXN-004418,WS/MP021/2025-2026/227810,V1,rajnedra singh,18900.0,2026-07-10,"18,900.00 - 18,900.00",0.0,LOW,Payment Success
TXN-004419,WS/MP384/2025-2026/210234,V1,Bharat Construction,594094.0,2026-07-08,"594,094.00 - 594,094.00",0.0,LOW,Payment Success
TXN-004420,WS/MP021/2025-2026/209054,V1,SOBHITA BHATT,15006.0,2026-07-14,"15,006.00 - 15,006.00",0.0,LOW,Payment Success
TXN-004421,WS/MP18323/2026-2027/167454,V1,TECHDRIVE ENGINEERING PRIVATE LIMITED,999897.0,2026-07-23,"999,897.00 - 999,897.00",0.0,LOW,Payment Success
TXN-004422,WS/MP021/2025-2026/209054,V1,MAMTA BHATT,10980.0,2026-07-14,"8,674.20 - 10,723.80",13.21,LOW,Payment Success
TXN-004423,WS/MP021/2025-2026/209055,V1,MAMTA BHATT,8418.0,2026-07-14,"8,674.20 - 10,723.80",-13.21,LOW,Payment Success
TXN-004424,WS/MP381/2025-2026/228054,V1,AVTAR TRADING COMPANY,53400.0,2026-07-13,"53,400.00 - 53,400.00",0.0,LOW,Payment Success
TXN-004425,WS/MP381/2026-2027/275555,V1,GURU KIRAT TILE FACTORY,137640.0,2026-08-07,"119,288.00 - 250,872.00",-25.63,MEDIUM,Payment Success
TXN-004426,WS/MP381/2026-2027/275246,V1,GURU KIRAT TILE FACTORY,279180.0,2026-08-04,"119,288.00 - 250,872.00",50.84,HIGH,Payment Success
TXN-004427,WS/MP381/2025-2026/228054,V1,GURU KIRAT TILE FACTORY,114700.0,2026-07-13,"119,288.00 - 250,872.00",-38.03,MEDIUM,Payment Success
TXN-004428,WS/MP716/2025-2026/203959,V1,JOGINDER SINGH CONTRACTOR,185441.0,2026-07-15,"63,653.60 - 759,696.30",-54.95,HIGH,Payment Success
TXN-004429,WS/MP716/2025-2026/203961,V1,JOGINDER SINGH CONTRACTOR,236321.0,2026-07-15,"63,653.60 - 759,696.30",-42.6,MEDIUM,Payment Success
TXN-004430,WS/MP716/2025-2026/203960,V1,JOGINDER SINGH CONTRACTOR,984000.0,2026-07-15,"63,653.60 - 759,696.30",139.02,HIGH,Payment Success
TXN-004431,WS/MP716/2025-2026/203959,V1,JOGINDER SINGH CONTRACTOR,11459.0,2026-07-15,"63,653.60 - 759,696.30",-97.22,HIGH,Payment Success
TXN-004432,WS/MP747/2026-2027/195862,V1,Jeeva S,2497826.0,2026-07-22,"2,497,826.00 - 2,497,826.00",0.0,LOW,Payment Success
TXN-004433,WS/MP18132/2025-2026/174561,V1,SHRI MAHALAXMI MAJUR SAHAKARI SANSTHA LTD LAXMIWADI,992771.0,2026-07-14,"992,771.00 - 992,771.00",0.0,LOW,Payment Success
TXN-004434,WS/MP18109/2026-2027/238385,V1,GRAM PANCHAYAT NAUGAWAN DHIR SINGH,225000.0,2026-07-16,"135,000.00 - 215,000.00",28.57,MEDIUM,Payment Success
TXN-004435,WS/MP18109/2026-2027/238385,V1,GRAM PANCHAYAT NAUGAWAN DHIR SINGH,125000.0,2026-07-16,"135,000.00 - 215,000.00",-28.57,MEDIUM,Payment Success
TXN-004436,WS/MP18024/2026-2027/212484,V1,Prasanta Dutta,198865.0,2026-08-13,"198,865.00 - 198,865.00",0.0,LOW,Payment Success
TXN-004437,WS/MP18054/2025-2026/178423,V1,NADASHA GRAM PANCHAYAT,150000.0,2026-07-10,"150,000.00 - 150,000.00",0.0,LOW,Payment Success
TXN-004438,WS/MP18130/2026-2027/247462,V1,C,986717.0,2026-07-08,"986,717.00 - 986,717.00",0.0,LOW,Payment Success
TXN-004439,WS/MP18158/2025-2026/203150,V1,Aggarwal Sanitary Store,16201.0,2026-07-09,"16,201.00 - 16,201.00",0.0,LOW,Payment Success
TXN-004440,WS/MP18130/2026-2027/247469,V1,GRAMPANCHAYAT LOHDONGRI,1188142.0,2026-07-08,"1,188,142.00 - 1,188,142.00",0.0,LOW,Payment Success
TXN-004441,WS/MP18158/2025-2026/203150,V1,Kissan Sanitary and paint store,7390.0,2026-07-09,"7,390.00 - 7,390.00",0.0,LOW,Payment Success
TXN-004442,WS/MP18158/2025-2026/203150,V1,Dasmesh Electrical,8179.0,2026-07-09,"8,179.00 - 8,179.00",0.0,LOW,Payment Success
TXN-004443,WS/MP18158/2025-2026/203150,V1,Gurcharan Singh and sons,12900.0,2026-07-09,"12,900.00 - 12,900.00",0.0,LOW,Payment Success
TXN-004444,WS/MP18130/2026-2027/216598,V1,GRAMPANCHYAT SONEGHAT,993385.0,2026-07-08,"993,385.00 - 993,385.00",0.0,LOW,Payment Success
TXN-004445,WS/MP18118/2026-2027/252853,V1,DIPESH DAYARAM DALAVI,499415.0,2026-07-14,"499,415.00 - 499,415.00",0.0,LOW,Payment Success
TXN-004446,WS/MP18158/2025-2026/203150,V1,Vinod Raut so Munna Raut,18000.0,2026-07-09,"1,520.00 - 13,600.00",138.1,HIGH,Payment Success
TXN-004447,WS/MP18158/2025-2026/203150,V1,Vinod Raut so Munna Raut,1200.0,2026-07-09,"1,520.00 - 13,600.00",-84.13,HIGH,Payment Success
TXN-004448,WS/MP18158/2025-2026/203150,V1,Vinod Raut so Munna Raut,7000.0,2026-07-09,"1,520.00 - 13,600.00",-7.41,LOW,Payment Success
TXN-004449,WS/MP18158/2025-2026/203150,V1,Vinod Raut so Munna Raut,5000.0,2026-07-09,"1,520.00 - 13,600.00",-33.86,MEDIUM,Payment Success
TXN-004450,WS/MP18158/2025-2026/203150,V1,Vinod Raut so Munna Raut,2000.0,2026-07-09,"1,520.00 - 13,600.00",-73.54,HIGH,Payment Success
TXN-004451,WS/MP18276/2025-2026/256955,V1,Akoti Gram Panchayat,250000.0,2026-07-13,"250,000.00 - 250,000.00",0.0,LOW,Payment Success
TXN-004452,WS/MP18276/2025-2026/256961,V1,Chhatral Gram Panchayat,250000.0,2026-08-05,"250,000.00 - 250,000.00",0.0,LOW,Payment Success
TXN-004453,WS/MP18054/2025-2026/255320,V1,GAMANPURA GRAMPANCHAYAT,200000.0,2026-07-10,"200,000.00 - 200,000.00",0.0,LOW,Payment Success
TXN-004454,WS/MP18123/2026-2027/226878,V1,Kedarnath Basvant Manurkar Kolhapur,981834.0,2026-07-10,"981,834.00 - 981,834.00",0.0,LOW,Payment Success
TXN-004455,WS/MP18196/2025-2026/174721,V1,Prasenjit Das,4316480.0,2026-07-14,"4,316,480.00 - 4,316,480.00",0.0,LOW,Payment Success
TXN-004456,WS/MP18276/2025-2026/256952,V1,khanpura gram panchayat,200000.0,2026-07-13,"200,000.00 - 200,000.00",0.0,LOW,Payment Success
TXN-004457,WS/MP18167/2025-2026/187567,V1,kavita construction company,295263.0,2026-07-10,"295,263.00 - 295,263.00",0.0,LOW,Payment Success
TXN-004458,WS/MP18167/2025-2026/187567,V1,pankaj kumar,11050.0,2026-07-10,"11,050.00 - 11,050.00",0.0,LOW,Payment Success
TXN-004459,WS/MP18167/2025-2026/187567,V1,narendra kumar,11050.0,2026-07-10,"4,439.50 - 10,315.50",49.78,MEDIUM,Payment Success
TXN-004460,WS/MP18120/2026-2027/190399,V1,gram panchayat ghogari tq hadgaon,1487075.0,2026-07-13,"1,487,075.00 - 1,487,075.00",0.0,LOW,Payment Success
TXN-004461,WS/MP18170/2025-2026/227385,V1,SHREE SHYAM ENTERPRISES,397454.0,2026-07-20,"515,661.80 - 988,668.20",-47.16,MEDIUM,Payment Success
TXN-004462,WS/MP18167/2025-2026/187567,V1,MANOJ KUMAR,11050.0,2026-07-10,"11,050.00 - 11,050.00",0.0,LOW,Payment Success
TXN-004463,WS/MP18167/2025-2026/187567,V1,SURENDAR,3705.0,2026-07-10,"3,705.00 - 3,705.00",0.0,LOW,Payment Success
TXN-004464,WS/MP18167/2025-2026/187567,V1,PRIYANKA,3705.0,2026-07-10,"3,705.00 - 3,705.00",0.0,LOW,Payment Success
TXN-004465,WS/MP18167/2025-2026/187567,V1,JANKI DEVI,3705.0,2026-07-10,"3,705.00 - 3,705.00",0.0,LOW,Payment Success
TXN-004466,WS/MP18167/2025-2026/187567,V1,RAKESH,3705.0,2026-07-10,"3,705.00 - 3,705.00",0.0,LOW,Payment Success
TXN-004467,WS/MP343/2025-2026/244523,V1,Saji C,348164.0,2026-07-14,"348,164.00 - 348,164.00",0.0,LOW,Payment Success
TXN-004468,WS/MP329/2025-2026/218349,V1,Shri Ram Industries,405265.0,2026-07-10,"405,265.00 - 405,265.00",0.0,LOW,Payment Success
TXN-004469,WS/MP18167/2025-2026/187567,V1,KAVITA DEVI,3705.0,2026-07-10,"3,705.00 - 3,705.00",0.0,LOW,Payment Success
TXN-004470,WS/MP18167/2025-2026/187567,V1,BHARAT,3705.0,2026-07-10,"3,705.00 - 3,705.00",0.0,LOW,Payment Success
TXN-004471,WS/MP18167/2025-2026/187567,V1,PITRAM,3705.0,2026-07-10,"3,705.00 - 3,705.00",0.0,LOW,Payment Success
TXN-004472,WS/MP18014/2025-2026/240977,V1,SARANGAM GUNNAIAH,442669.0,2026-07-22,"442,662.70 - 442,668.30",0.0,LOW,Payment Success
TXN-004473,WS/MP18014/2025-2026/240974,V1,SARANGAM GUNNAIAH,442662.0,2026-07-22,"442,662.70 - 442,668.30",-0.0,LOW,Payment Success
TXN-004474,WS/MP440/2025-2026/161948,V1,SOBIN SABU,2150279.0,2026-07-13,"2,150,279.00 - 2,150,279.00",0.0,LOW,Payment Success
TXN-004475,WS/MP18328/2025-2026/148181,V1,SMC Bhalyani,615000.0,2026-07-10,"615,000.00 - 615,000.00",0.0,LOW,Payment Success
TXN-004476,WS/MP446/2026-2027/288626,V1,GRAM PANCHAYAT MAUMASANIYA,300000.0,2026-07-30,"300,000.00 - 300,000.00",0.0,LOW,Payment Success
TXN-004477,WS/MP446/2026-2027/288493,V1,GRAM PANCHAYAT MAUMASANIYA,300000.0,2026-07-30,"300,000.00 - 300,000.00",0.0,LOW,Payment Success
TXN-004478,WS/MP345/2025-2026/208514,V1,SAJAN DANIEL,281152.0,2026-07-08,"281,152.00 - 281,152.00",0.0,LOW,Payment Success
TXN-004479,WS/MP18372/2025-2026/221278,V1,Megha Construction Company,999720.0,2026-07-08,"999,720.00 - 999,720.00",0.0,LOW,Payment Success
TXN-004480,WS/MP18198/2025-2026/254284,V1,Raunak Enter Prises,941914.0,2026-07-13,"941,914.00 - 941,914.00",0.0,LOW,Payment Success
TXN-004481,WS/MP578/2025-2026/249380,V1,ROHID GRAM PANCHAYAT,300000.0,2026-07-22,"300,000.00 - 300,000.00",0.0,LOW,Payment Success
TXN-004482,WS/MP761/2024-2025/156084,V1,SAMPANGI NARSAIAH,400000.0,2026-07-09,"400,000.00 - 400,000.00",0.0,LOW,Payment Success
TXN-004483,WS/MP18320/2026-2027/259810,V1,VADGAMDA GROUP GRAM PANCHAYAT,500000.0,2026-07-20,"500,000.00 - 500,000.00",0.0,LOW,Payment Success
TXN-004484,WS/MP18007/2026-2027/246572,V1,BHARGAVA RAM ENTERPRISES,489659.0,2026-07-09,"489,659.00 - 489,659.00",0.0,LOW,Payment Success
TXN-004485,WS/MP18007/2025-2026/246570,V1,BHARGAVA RAM ENTERPRISES,489659.0,2026-07-08,"489,659.00 - 489,659.00",0.0,LOW,Payment Success
TXN-004486,WS/MP18007/2026-2027/246567,V1,BHARGAVA RAM ENTERPRISES,489659.0,2026-07-29,"489,659.00 - 489,659.00",0.0,LOW,Payment Success
TXN-004487,WS/MP18007/2026-2027/246574,V1,BHARGAVA RAM ENTERPRISES,489659.0,2026-07-09,"489,659.00 - 489,659.00",0.0,LOW,Payment Success
TXN-004488,WS/MP643/2025-2026/177006,V1,Maa Durga Workshop,49995.0,2026-07-07,"49,905.80 - 49,995.00",0.09,LOW,Payment Success
TXN-004489,WS/MP643/2025-2026/177006,V1,Maa Durga Workshop,49987.0,2026-07-07,"49,905.80 - 49,995.00",0.07,LOW,Payment Success
TXN-004490,WS/MP643/2025-2026/177006,V1,Maa Durga Workshop,49979.0,2026-07-07,"49,905.80 - 49,995.00",0.06,LOW,Payment Success
TXN-004491,WS/MP643/2025-2026/177006,V1,Maa Durga Workshop,49956.0,2026-07-07,"49,905.80 - 49,995.00",0.01,LOW,Payment Success
TXN-004492,WS/MP643/2025-2026/177006,V1,Maa Durga Workshop,49972.0,2026-07-07,"49,905.80 - 49,995.00",0.04,LOW,Payment Success
TXN-004493,WS/MP643/2025-2026/177006,V1,Maa Durga Workshop,49995.0,2026-07-07,"49,905.80 - 49,995.00",0.09,LOW,Payment Success
TXN-004494,WS/MP643/2025-2026/177006,V1,Maa Durga Workshop,49921.0,2026-07-07,"49,905.80 - 49,995.00",-0.06,LOW,Payment Success
TXN-004495,WS/MP643/2025-2026/177006,V1,Maa Durga Workshop,49913.0,2026-07-07,"49,905.80 - 49,995.00",-0.07,LOW,Payment Success
TXN-004496,WS/MP643/2025-2026/177006,V1,Maa Durga Workshop,49905.0,2026-07-07,"49,905.80 - 49,995.00",-0.09,LOW,Payment Success
TXN-004497,WS/MP643/2025-2026/177006,V1,Maa Durga Workshop,49897.0,2026-07-07,"49,905.80 - 49,995.00",-0.11,LOW,Payment Success
TXN-004498,WS/MP643/2025-2026/177006,V1,Maa Durga Workshop,49921.0,2026-07-07,"49,905.80 - 49,995.00",-0.06,LOW,Payment Success
TXN-004499,WS/MP643/2025-2026/177006,V1,Maa Durga Workshop,49995.0,2026-07-07,"49,905.80 - 49,995.00",0.09,LOW,Payment Success
TXN-004500,WS/MP18109/2026-2027/244415,V1,GRAM PANCHAYAT BAGHAYU,45000.0,2026-07-07,"15,000.00 - 46,250.00",46.94,MEDIUM,Payment Success
TXN-004501,WS/MP18109/2026-2027/244415,V1,GRAM PANCHAYAT BAGHAYU,47500.0,2026-07-07,"15,000.00 - 46,250.00",55.1,HIGH,Payment Success
TXN-004502,WS/MP18109/2026-2027/244415,V1,GRAM PANCHAYAT BAGHAYU,25000.0,2026-07-07,"15,000.00 - 46,250.00",-18.37,LOW,Payment Success
TXN-004503,WS/MP18109/2026-2027/244415,V1,GRAM PANCHAYAT BAGHAYU,45000.0,2026-07-07,"15,000.00 - 46,250.00",46.94,MEDIUM,Payment Success
TXN-004504,WS/MP18109/2026-2027/244415,V1,GRAM PANCHAYAT BAGHAYU,17500.0,2026-07-07,"15,000.00 - 46,250.00",-42.86,MEDIUM,Payment Success
TXN-004505,WS/MP18109/2026-2027/244415,V1,GRAM PANCHAYAT BAGHAYU,12500.0,2026-07-07,"15,000.00 - 46,250.00",-59.18,HIGH,Payment Success
TXN-004506,WS/MP373/2025-2026/250103,V1,PURUSOTTAM MEHER,400000.0,2026-07-10,"400,000.00 - 400,000.00",0.0,LOW,Payment Success
TXN-004507,WS/MP747/2026-2027/231792,V1,MURUGAN G,999628.0,2026-07-08,"999,628.00 - 999,628.00",0.0,LOW,Payment Success
TXN-004508,WS/MP18379/2025-2026/232715,V1,MS Manzoor Builders,598400.0,2026-07-10,"508,400.00 - 588,400.00",9.12,LOW,Payment Success
TXN-004509,WS/MP18310/2025-2026/200767,V1,Amiya Ku Das,500000.0,2026-07-03,"500,000.00 - 900,000.00",-28.57,MEDIUM,Payment Success
TXN-004510,WS/MP18310/2025-2026/239494,V1,Maya soren,1000000.0,2026-07-03,"370,000.00 - 930,000.00",53.85,HIGH,Payment Success
TXN-004511,WS/MP18310/2025-2026/239505,V1,Maya soren,300000.0,2026-07-03,"370,000.00 - 930,000.00",-53.85,HIGH,Payment Success
TXN-004512,WS/MP18158/2025-2026/231713,V1,Sukhwinder Singh,14740.0,2026-07-07,"14,740.00 - 14,740.00",0.0,LOW,Payment Success
TXN-004513,WS/MP18276/2025-2026/242199,V1,sokhda khurd gram panchayat,224138.0,2026-07-17,"224,138.00 - 224,138.00",0.0,LOW,Payment Success
TXN-004514,WS/MP18142/2025-2026/222002,V1,CHANDRAKANT DIXIT,250000.0,2026-07-09,"250,000.00 - 250,000.00",0.0,LOW,Payment Success
TXN-004515,WS/MP005/2025-2026/246090,V1,GRAM PANCHAYAT VASTANA,199804.0,2026-07-09,"199,804.00 - 199,804.00",0.0,LOW,Payment Success
TXN-004516,WS/MP18312/2026-2027/181190,V1,R SIVAKUMAR,1671465.0,2026-08-07,"1,671,465.00 - 1,671,465.00",0.0,LOW,Payment Success
TXN-004517,WS/MP18173/2026-2027/231081,V1,VSR Agencies,29998.0,2026-07-06,"29,998.00 - 29,998.00",0.0,LOW,Payment Success
TXN-004518,WS/MP413/2025-2026/257835,V1,J K ENTERPRISES JALENDHAR,396124.0,2026-08-03,"396,124.00 - 396,124.00",0.0,LOW,Payment Success
TXN-004519,WS/MP18037/2025-2026/212156,V1,SATYENDRA SINGH,1485277.0,2026-07-07,"1,485,277.00 - 1,485,277.00",0.0,LOW,Payment Success
TXN-004520,WS/MP18069/2025-2026/239790,V1,MS Parveen Kumar Govt Contractor,285600.0,2026-07-28,"204,045.60 - 276,538.40",18.86,LOW,Payment Success
TXN-004521,WS/MP18069/2025-2026/212347,V1,MS Parveen Kumar Govt Contractor,194984.0,2026-07-23,"204,045.60 - 276,538.40",-18.86,LOW,Payment Success
TXN-004522,WS/MP18189/2026-2027/182911,V1,Vangaveeti Ravindra Babu,493524.0,2026-07-09,"493,524.00 - 493,524.00",0.0,LOW,Payment Success
TXN-004523,WS/MP18343/2025-2026/232262,V1,AM ASSOCIATES,957766.0,2026-07-08,"957,766.00 - 957,766.00",0.0,LOW,Payment Success
TXN-004524,WS/MP18021/2026-2027/267281,V1,Woman Musafir Khana,300000.0,2026-07-07,"300,000.00 - 300,000.00",0.0,LOW,Payment Success
TXN-004525,WS/MP345/2024-2025/163564,V1,RASHEED S A,1100546.0,2026-07-09,"1,100,546.00 - 1,100,546.00",0.0,LOW,Payment Success
TXN-004526,WS/MP478/2025-2026/243380,V1,AMA ZILA PANCHAYAT UTTARKASHI,106100.0,2026-07-08,"106,100.00 - 106,100.00",0.0,LOW,Payment Success
TXN-004527,WS/MP18400/2025-2026/261105,V1,Naresh Kumar Gupta,959236.0,2026-07-09,"959,236.00 - 959,236.00",0.0,LOW,Payment Success
TXN-004528,WS/MP18056/2025-2026/233164,V1,SHRI MAHARANA DEVELOPERS,754717.0,2026-07-14,"754,717.00 - 754,717.00",0.0,LOW,Payment Success
TXN-004529,WS/MP18352/2026-2027/277233,V1,RAJESH CHAUHAN,595579.0,2026-07-08,"627,358.40 - 856,735.20",-19.74,LOW,Payment Success
TXN-004530,WS/MP18352/2026-2027/261256,V1,RAJESH CHAUHAN,754476.0,2026-07-08,"627,358.40 - 856,735.20",1.67,LOW,Payment Success
TXN-004531,WS/MP18352/2026-2027/261250,V1,RAJESH CHAUHAN,882300.0,2026-07-08,"627,358.40 - 856,735.20",18.9,LOW,Payment Success
TXN-004532,WS/MP577/2025-2026/222996,V1,GRAM PANCHAYAT CHOSALA,500000.0,2026-07-07,"500,000.00 - 500,000.00",0.0,LOW,Payment Success
TXN-004533,WS/MP18168/2025-2026/265222,V1,Rakesh Jatav,11250.0,2026-07-14,"11,250.00 - 11,250.00",0.0,LOW,Payment Success
TXN-004534,WS/MP18168/2025-2026/265222,V1,Ramsaingh Jatav,6000.0,2026-07-14,"6,000.00 - 6,000.00",0.0,LOW,Payment Success
TXN-004535,WS/MP18168/2025-2026/265222,V1,Kedar Jatav,6000.0,2026-07-14,"6,000.00 - 6,000.00",0.0,LOW,Payment Success
TXN-004536,WS/MP18168/2025-2026/265222,V1,Kamlesh Jatav,6000.0,2026-07-14,"6,000.00 - 6,000.00",0.0,LOW,Payment Success
TXN-004537,WS/MP18168/2025-2026/265222,V1,Mithlesh Jatav,6000.0,2026-07-14,"6,000.00 - 6,000.00",0.0,LOW,Payment Success
TXN-004538,WS/MP18355/2026-2027/272203,V1,L N Enterprises Yadunandan Yadav V K,499697.0,2026-07-13,"499,697.00 - 499,697.00",0.0,LOW,Payment Success
TXN-004539,WS/MP18355/2026-2027/272226,V1,KESHAVAMURTHY,499173.0,2026-07-13,"499,128.00 - 499,168.00",0.01,LOW,Payment Success
TXN-004540,WS/MP18355/2026-2027/272214,V1,KESHAVAMURTHY,499123.0,2026-07-13,"499,128.00 - 499,168.00",-0.01,LOW,Payment Success
TXN-004541,WS/MP578/2025-2026/242888,V1,D R KUKADIA,3130066.0,2026-07-10,"3,130,066.00 - 3,130,066.00",0.0,LOW,Payment Success
TXN-004542,WS/MP858/2025-2026/204159,V1,MS Ali Construction,586967.0,2026-07-05,"586,967.00 - 586,967.00",0.0,LOW,Payment Success
TXN-004543,WS/MP18344/2025-2026/240443,V1,RANGPUR GRAM PANCHAYAT,294244.0,2026-07-23,"294,244.00 - 294,244.00",0.0,LOW,Payment Success
TXN-004544,WS/MP18102/2026-2027/222598,V1,Gram Panchayat Bachhadawada janpad Panchayat nalchha district dhar,350000.0,2026-08-07,"350,000.00 - 350,000.00",0.0,LOW,Payment Success
TXN-004545,WS/MP18311/2025-2026/156719,V1,jasvir Singh,5100.0,2026-07-06,"5,100.00 - 5,100.00",0.0,LOW,Payment Success
TXN-004546,WS/MP18311/2025-2026/156719,V1,Tarsem lal,48180.0,2026-07-06,"13,531.80 - 44,330.20",66.53,HIGH,Payment Success
TXN-004547,WS/MP18311/2025-2026/156719,V1,Tarsem lal,9682.0,2026-07-06,"13,531.80 - 44,330.20",-66.53,HIGH,Payment Success
TXN-004548,WS/MP18311/2025-2026/199347,V1,kuldip Kumar,48180.0,2026-07-06,"48,180.00 - 48,180.00",0.0,LOW,Payment Success
TXN-004549,WS/MP485/2025-2026/207918,V1,Sukanta Enterprise,440458.0,2026-07-07,"440,458.00 - 440,458.00",0.0,LOW,Payment Success
TXN-004550,WS/MP18154/2026-2027/274565,V1,BOBICONSTRUCTIONCOMPANY,239376.0,2026-07-07,"239,376.00 - 239,376.00",0.0,LOW,Payment Success
TXN-004551,WS/MP18263/2026-2027/167825,V1,NARAYANA,499975.0,2026-07-06,"499,975.00 - 499,975.00",0.0,LOW,Payment Success
TXN-004552,WS/MP18088/2026-2027/162269,V1,RAJA K,150000.0,2026-07-30,"150,000.00 - 150,000.00",0.0,LOW,Payment Success
TXN-004553,WS/MP18145/2025-2026/211335,V1,BHAGYADHAR SAHOO,1340703.0,2026-07-06,"1,340,703.00 - 1,340,703.00",0.0,LOW,Payment Success
TXN-004554,WS/MP18076/2026-2027/218167,V1,BASAVARAJU,375000.0,2026-07-06,"375,000.00 - 375,000.00",0.0,LOW,Payment Success
TXN-004555,WS/MP18147/2025-2026/238019,V1,DAKTAR MURMU,500000.0,2026-08-03,"500,000.00 - 500,000.00",0.0,LOW,Payment Success
TXN-004556,WS/MP18147/2025-2026/238034,V1,DAKTAR MURMU,500000.0,2026-08-03,"500,000.00 - 500,000.00",0.0,LOW,Payment Success
TXN-004557,WS/MP18147/2025-2026/238017,V1,DAKTAR MURMU,500000.0,2026-08-03,"500,000.00 - 500,000.00",0.0,LOW,Payment Success
TXN-004558,WS/MP394/2026-2027/231389,V1,SELVA VARGEESE SOOSAIMICHEAL,845299.0,2026-07-06,"845,299.00 - 845,299.00",0.0,LOW,Payment Success
TXN-004559,WS/MP18138/2026-2027/282943,V1,Thanghuliana,1125000.0,2026-07-28,"1,125,000.00 - 1,125,000.00",0.0,LOW,Payment Success
TXN-004560,WS/MP18058/2025-2026/267237,V1,Khokhar Gram Panchayat,500000.0,2026-07-08,"500,000.00 - 500,000.00",0.0,LOW,Payment Success
TXN-004561,WS/MP18058/2025-2026/267236,V1,Khokhar Gram Panchayat,500000.0,2026-07-08,"500,000.00 - 500,000.00",0.0,LOW,Payment Success
TXN-004562,WS/MP18042/2025-2026/259755,V1,VAMSI ENTERPRISES,798355.0,2026-08-18,"798,355.00 - 798,355.00",0.0,LOW,Payment Success
TXN-004563,WS/MP18155/2025-2026/236715,V1,Pardeep Electrical,34920.0,2026-07-10,"34,920.00 - 34,920.00",0.0,LOW,Payment Success
TXN-004564,WS/MP640/2026-2027/271458,V1,GRAM PANCHAYAT DHANOURA,375000.0,2026-07-09,"375,000.00 - 375,000.00",0.0,LOW,Payment Success
TXN-004565,WS/MP18161/2025-2026/256765,V1,guddi devi,998824.0,2026-07-06,"6,022.80 - 799,053.20",148.13,HIGH,Payment Success
TXN-004566,WS/MP18158/2025-2026/231713,V1,Bawa Building Material,14400.0,2026-07-07,"14,400.00 - 14,400.00",0.0,LOW,Payment Success
TXN-004567,WS/MP18158/2025-2026/242856,V1,GS Building Material Store,17150.0,2026-07-07,"17,150.00 - 17,150.00",0.0,LOW,Payment Success
TXN-004568,WS/MP18158/2025-2026/242856,V1,Bhagwan Singh,29522.0,2026-07-07,"10,248.20 - 426,030.50",-86.47,HIGH,Payment Success
TXN-004569,WS/MP18326/2025-2026/160454,V1,GUGALIYANA GRAM PANCHAYAT,298052.0,2026-07-03,"298,052.00 - 298,052.00",0.0,LOW,Payment Success
TXN-004570,WS/MP18158/2025-2026/231713,V1,Abhishek Paint Store,2573.0,2026-07-06,"2,573.00 - 2,573.00",0.0,LOW,Payment Success
TXN-004571,WS/MP18054/2025-2026/251469,V1,JASKA GRAM PANCHAYAT,200000.0,2026-07-06,"200,000.00 - 200,000.00",0.0,LOW,Payment Success
TXN-004572,WS/MP18120/2026-2027/174640,V1,Gram Panchayat Karylay Talni Tq Hadgaon,495989.0,2026-07-13,"495,989.00 - 495,989.00",0.0,LOW,Payment Success
TXN-004573,WS/MP380/2025-2026/225135,V1,Manpreet Singh,63920.0,2026-07-28,"63,920.00 - 63,920.00",0.0,LOW,Payment Success
TXN-004574,WS/MP18054/2025-2026/196209,V1,DHARAMPUR BHALTHI GRAM PANCHAYAT,200000.0,2026-08-03,"200,000.00 - 200,000.00",0.0,LOW,Payment Success
TXN-004575,WS/MP18275/2025-2026/175559,V1,RAMESH CONSTRUCTION,730885.0,2026-07-27,"730,885.00 - 730,885.00",0.0,LOW,Payment Success
TXN-004576,WS/MP591/2025-2026/240548,V1,DHARAM TRADERS,496994.0,2026-07-30,"490,694.90 - 496,294.10",0.71,LOW,Payment Success
TXN-004577,WS/MP591/2025-2026/240547,V1,DHARAM TRADERS,489995.0,2026-08-24,"490,694.90 - 496,294.10",-0.71,LOW,Payment Success
TXN-004578,WS/MP600/2025-2026/237888,V1,Abdul Wahid Magray,417000.0,2026-07-18,"417,000.00 - 417,000.00",0.0,LOW,Payment Success
TXN-004579,WS/MP640/2026-2027/274719,V1,JILA CHANDRAWANSHI GOULI MAHASABHA SAMITI BHOMA SEONI,375000.0,2026-07-09,"150,000.00 - 350,000.00",50.0,HIGH,Payment Success
TXN-004580,WS/MP640/2026-2027/274719,V1,JILA CHANDRAWANSHI GOULI MAHASABHA SAMITI BHOMA SEONI,125000.0,2026-08-20,"150,000.00 - 350,000.00",-50.0,HIGH,Payment Success
TXN-004581,WS/MP640/2026-2027/273061,V1,GRAM PANCHAYAT CHHUI,150000.0,2026-07-08,"150,000.00 - 150,000.00",0.0,LOW,Payment Success
TXN-004582,WS/MP18188/2025-2026/208337,V1,Reddys Engineeering Contractors,487552.0,2026-07-07,"490,009.00 - 499,837.00",-1.49,LOW,Payment Success
TXN-004583,WS/MP18188/2026-2027/278731,V1,Reddys Engineeering Contractors,499837.0,2026-08-06,"490,009.00 - 499,837.00",0.99,LOW,Payment Success
TXN-004584,WS/MP18188/2026-2027/278730,V1,Reddys Engineeering Contractors,499837.0,2026-08-06,"490,009.00 - 499,837.00",0.99,LOW,Payment Success
TXN-004585,WS/MP18136/2026-2027/257200,V1,FOR SEVA CONSTRUCTION,995588.0,2026-07-09,"995,588.00 - 995,588.00",0.0,LOW,Payment Success
TXN-004586,WS/MP346/2025-2026/243200,V1,ANUDEV J C,531664.0,2026-07-14,"531,664.00 - 531,664.00",0.0,LOW,Payment Success
TXN-004587,WS/MP18188/2025-2026/159484,V1,KavalYellaiah,125000.0,2026-07-11,"125,000.00 - 125,000.00",0.0,LOW,Payment Success
TXN-004588,WS/MP18312/2026-2027/211704,V1,N RAMALINGAM,1799018.0,2026-07-31,"1,799,018.00 - 1,799,018.00",0.0,LOW,Payment Success
TXN-004589,WS/MP18324/2025-2026/151157,V1,SALADI GRAM PANCHAYAT,300000.0,2026-07-04,"300,000.00 - 300,000.00",0.0,LOW,Payment Success
TXN-004590,WS/MP18048/2025-2026/209919,V1,VIRANI AGRO,249998.0,2026-07-16,"249,998.00 - 249,998.00",0.0,LOW,Payment Success
TXN-004591,WS/MP18345/2026-2027/215853,V1,MAA VAISHNO TRADERS,300000.0,2026-07-03,"210,000.00 - 290,000.00",20.0,MEDIUM,Payment Success
TXN-004592,WS/MP18345/2026-2027/257822,V1,MAA VAISHNO TRADERS,200000.0,2026-08-07,"210,000.00 - 290,000.00",-20.0,MEDIUM,Payment Success
TXN-004593,WS/MP640/2026-2027/270992,V1,GRAM PANCHAYAT INDRI MAWAI,300000.0,2026-07-03,"300,000.00 - 300,000.00",0.0,LOW,Payment Success
TXN-004594,WS/MP640/2026-2027/271113,V1,GRAM PANCHAYAT JHIRIYA,300000.0,2026-07-03,"300,000.00 - 300,000.00",0.0,LOW,Payment Success
TXN-004595,WS/MP640/2026-2027/271123,V1,GRAM PANCHAYAT BARKHEDA,300000.0,2026-07-03,"300,000.00 - 300,000.00",0.0,LOW,Payment Success
TXN-004596,WS/MP394/2026-2027/197311,V1,Prince kumar,989098.0,2026-07-06,"989,098.00 - 989,098.00",0.0,LOW,Payment Success
TXN-004597,WS/MP18389/2026-2027/156767,V1,SHAPURAM GANESH,399284.0,2026-07-04,"399,284.00 - 399,284.00",0.0,LOW,Payment Success
TXN-004598,WS/MP021/2025-2026/227810,V1,RAJENDRA PRASAD,9072.0,2026-07-10,"9,072.00 - 9,072.00",0.0,LOW,Payment Success
TXN-004599,WS/MP021/2025-2026/227810,V1,MUNNA LAL,9072.0,2026-07-10,"9,072.00 - 9,072.00",0.0,LOW,Payment Success
TXN-004600,WS/MP021/2025-2026/227810,V1,MADAN CHANDRA,8316.0,2026-07-10,"8,316.00 - 8,316.00",0.0,LOW,Payment Success
TXN-004601,WS/MP18123/2026-2027/220023,V1,Abhishek Sanjay Patil Kasaba Tarale Tal Radhanagari,1200000.0,2026-07-03,"1,200,000.00 - 1,200,000.00",0.0,LOW,Payment Success
TXN-004602,WS/MP18023/2026-2027/233948,V1,Construction of Crematoriums at Gaon Dimoria,360000.0,2026-07-04,"360,000.00 - 360,000.00",0.0,LOW,Payment Success
TXN-004603,WS/MP18429/2026-2027/248639,V1,SARPANCH GRAM PANCHAYAT ADAMPUR TQ BILOLI,992255.0,2026-07-20,"992,255.00 - 992,255.00",0.0,LOW,Payment Success
TXN-004604,WS/MP18320/2025-2026/224541,V1,B M CONSTRUCTION,500000.0,2026-07-03,"500,000.00 - 500,000.00",0.0,LOW,Payment Success
TXN-004605,WS/MP18320/2025-2026/215383,V1,KUMBHASAN GRAM PANCHAYAT,500000.0,2026-07-21,"500,000.00 - 500,000.00",0.0,LOW,Payment Success
TXN-004606,WS/MP522/2025-2026/251295,V1,Sri Venkateswara Constructions,454338.0,2026-07-07,"454,338.00 - 454,338.00",0.0,LOW,Payment Success
TXN-004607,WS/MP761/2026-2027/224007,V1,K RAMESH REDDY,400000.0,2026-07-04,"400,000.00 - 400,000.00",0.0,LOW,Payment Success
TXN-004608,WS/MP343/2025-2026/246421,V1,RAJ KUMAR N,233917.0,2026-07-04,"233,917.00 - 233,917.00",0.0,LOW,Payment Success
TXN-004609,WS/MP18020/2026-2027/253744,V1,DEKA BROTHERS EMTERPRISE,84004.0,2026-08-04,"84,004.00 - 84,004.00",0.0,LOW,Payment Success
TXN-004610,WS/MP18346/2025-2026/202727,V1,Satya SaiKalyan Sewa Samiti,388763.0,2026-07-06,"388,763.00 - 388,763.00",0.0,LOW,Payment Success
TXN-004611,WS/MP18041/2025-2026/234364,V1,SILIGURI TRADING CENTRE Previously Known as G AND D TRADERS,820100.0,2026-07-03,"820,100.00 - 820,100.00",0.0,LOW,Payment Success
TXN-004612,WS/MP18041/2025-2026/234365,V1,SILIGURI TRADING CENTRE Previously Known as G AND D TRADERS,820100.0,2026-07-03,"820,100.00 - 820,100.00",0.0,LOW,Payment Success
TXN-004613,WS/MP18041/2025-2026/234366,V1,SILIGURI TRADING CENTRE Previously Known as G AND D TRADERS,820100.0,2026-07-03,"820,100.00 - 820,100.00",0.0,LOW,Payment Success
TXN-004614,WS/MP18041/2025-2026/234370,V1,SILIGURI TRADING CENTRE Previously Known as G AND D TRADERS,820100.0,2026-07-03,"820,100.00 - 820,100.00",0.0,LOW,Payment Success
TXN-004615,WS/MP18041/2025-2026/234371,V1,SILIGURI TRADING CENTRE Previously Known as G AND D TRADERS,820100.0,2026-07-03,"820,100.00 - 820,100.00",0.0,LOW,Payment Success
TXN-004616,WS/MP18041/2025-2026/234375,V1,SILIGURI TRADING CENTRE Previously Known as G AND D TRADERS,820100.0,2026-07-03,"820,100.00 - 820,100.00",0.0,LOW,Payment Success
TXN-004617,WS/MP18041/2025-2026/234236,V1,SILIGURI TRADING CENTRE Previously Known as G AND D TRADERS,820100.0,2026-07-03,"820,100.00 - 820,100.00",0.0,LOW,Payment Success
TXN-004618,WS/MP18041/2025-2026/234222,V1,SILIGURI TRADING CENTRE Previously Known as G AND D TRADERS,820100.0,2026-07-03,"820,100.00 - 820,100.00",0.0,LOW,Payment Success
TXN-004619,WS/MP18041/2025-2026/234224,V1,SILIGURI TRADING CENTRE Previously Known as G AND D TRADERS,820100.0,2026-07-03,"820,100.00 - 820,100.00",0.0,LOW,Payment Success
TXN-004620,WS/MP18041/2025-2026/234229,V1,SILIGURI TRADING CENTRE Previously Known as G AND D TRADERS,820100.0,2026-07-03,"820,100.00 - 820,100.00",0.0,LOW,Payment Success
TXN-004621,WS/MP18041/2025-2026/234230,V1,SILIGURI TRADING CENTRE Previously Known as G AND D TRADERS,820100.0,2026-07-03,"820,100.00 - 820,100.00",0.0,LOW,Payment Success
TXN-004622,WS/MP18041/2025-2026/234231,V1,SILIGURI TRADING CENTRE Previously Known as G AND D TRADERS,820100.0,2026-07-03,"820,100.00 - 820,100.00",0.0,LOW,Payment Success
TXN-004623,WS/MP18041/2025-2026/234232,V1,SILIGURI TRADING CENTRE Previously Known as G AND D TRADERS,820100.0,2026-07-03,"820,100.00 - 820,100.00",0.0,LOW,Payment Success
TXN-004624,WS/MP18041/2025-2026/234233,V1,SILIGURI TRADING CENTRE Previously Known as G AND D TRADERS,820100.0,2026-07-03,"820,100.00 - 820,100.00",0.0,LOW,Payment Success
TXN-004625,WS/MP18041/2025-2026/234234,V1,SILIGURI TRADING CENTRE Previously Known as G AND D TRADERS,820100.0,2026-07-03,"820,100.00 - 820,100.00",0.0,LOW,Payment Success
TXN-004626,WS/MP18041/2025-2026/234362,V1,SILIGURI TRADING CENTRE Previously Known as G AND D TRADERS,820100.0,2026-07-03,"820,100.00 - 820,100.00",0.0,LOW,Payment Success
TXN-004627,WS/MP18154/2025-2026/216114,V1,lakhwinder singh,90200.0,2026-07-06,"29,520.00 - 78,160.00",67.53,HIGH,Payment Success
TXN-004628,WS/MP18154/2025-2026/216114,V1,LAKHWINDER SINGH,30000.0,2026-07-06,"29,520.00 - 78,160.00",-44.28,MEDIUM,Payment Success
TXN-004629,WS/MP18154/2025-2026/216114,V1,LAKHWINDER SINGH,29400.0,2026-07-06,"29,520.00 - 78,160.00",-45.39,MEDIUM,Payment Success
TXN-004630,WS/MP18024/2025-2026/214083,V1,JADU RAIDANGIA,59200.0,2026-07-09,"59,200.00 - 59,200.00",0.0,LOW,Payment Success
TXN-004631,WS/MP18115/2025-2026/186731,V1,Bhavesh Ajay Kuthe,697088.0,2026-07-06,"697,088.00 - 697,088.00",0.0,LOW,Payment Success
TXN-004632,WS/MP18116/2026-2027/229732,V1,Kiran shashikant Gaikwad,996904.0,2026-07-03,"996,904.00 - 996,904.00",0.0,LOW,Payment Success
TXN-004633,WS/MP18089/2026-2027/233367,V1,MOUNESH,375000.0,2026-07-14,"375,000.00 - 375,000.00",0.0,LOW,Payment Success
TXN-004634,WS/MP18104/2025-2026/229571,V1,YVS Fitness and gym equipment,100000.0,2026-07-24,"100,000.00 - 100,000.00",0.0,LOW,Payment Success
TXN-004635,WS/MP18429/2026-2027/244565,V1,Giridhar Digambar PatilDakore,1975637.0,2026-07-07,"1,975,637.00 - 1,975,637.00",0.0,LOW,Payment Success
TXN-004636,WS/MP18352/2025-2026/186282,V1,Aparna Construction and Suppliers,406316.0,2026-07-04,"406,316.00 - 406,316.00",0.0,LOW,Payment Success
TXN-004637,WS/MP18088/2026-2027/161230,V1,Rahul K P,249500.0,2026-07-30,"249,500.00 - 249,500.00",0.0,LOW,Payment Success
TXN-004638,WS/MP18158/2025-2026/203335,V1,Fulpreet Singh,46516.0,2026-07-09,"46,516.00 - 46,516.00",0.0,LOW,Payment Success
TXN-004639,WS/MP18126/2025-2026/256644,V1,SWAMI POWERTECH,169529.0,2026-07-15,"169,529.00 - 169,530.00",-0.0,LOW,Payment Success
TXN-004640,WS/MP18126/2025-2026/256646,V1,SWAMI POWERTECH,169529.0,2026-07-15,"169,529.00 - 169,530.00",-0.0,LOW,Payment Success
TXN-004641,WS/MP18126/2025-2026/256645,V1,SWAMI POWERTECH,169529.0,2026-07-15,"169,529.00 - 169,530.00",-0.0,LOW,Payment Success
TXN-004642,WS/MP18126/2025-2026/256648,V1,SWAMI POWERTECH,169529.0,2026-07-15,"169,529.00 - 169,530.00",-0.0,LOW,Payment Success
TXN-004643,WS/MP18126/2025-2026/256649,V1,SWAMI POWERTECH,169529.0,2026-07-15,"169,529.00 - 169,530.00",-0.0,LOW,Payment Success
TXN-004644,WS/MP18126/2025-2026/256650,V1,SWAMI POWERTECH,169529.0,2026-07-15,"169,529.00 - 169,530.00",-0.0,LOW,Payment Success
TXN-004645,WS/MP18126/2025-2026/256647,V1,SWAMI POWERTECH,169529.0,2026-07-15,"169,529.00 - 169,530.00",-0.0,LOW,Payment Success
TXN-004646,WS/MP18126/2025-2026/256655,V1,SWAMI POWERTECH,169529.0,2026-07-15,"169,529.00 - 169,530.00",-0.0,LOW,Payment Success
TXN-004647,WS/MP18126/2025-2026/256654,V1,SWAMI POWERTECH,169529.0,2026-07-15,"169,529.00 - 169,530.00",-0.0,LOW,Payment Success
TXN-004648,WS/MP18126/2025-2026/256651,V1,SWAMI POWERTECH,169529.0,2026-07-15,"169,529.00 - 169,530.00",-0.0,LOW,Payment Success
TXN-004649,WS/MP18126/2025-2026/256652,V1,SWAMI POWERTECH,169529.0,2026-07-15,"169,529.00 - 169,530.00",-0.0,LOW,Payment Success
TXN-004650,WS/MP18126/2025-2026/256653,V1,SWAMI POWERTECH,169529.0,2026-07-15,"169,529.00 - 169,530.00",-0.0,LOW,Payment Success
TXN-004651,WS/MP18126/2025-2026/236157,V1,SWAMI POWERTECH,169529.0,2026-07-16,"169,529.00 - 169,530.00",-0.0,LOW,Payment Success
TXN-004652,WS/MP18126/2025-2026/236158,V1,SWAMI POWERTECH,169529.0,2026-07-16,"169,529.00 - 169,530.00",-0.0,LOW,Payment Success
TXN-004653,WS/MP18126/2025-2026/236165,V1,SWAMI POWERTECH,169529.0,2026-07-16,"169,529.00 - 169,530.00",-0.0,LOW,Payment Success
TXN-004654,WS/MP18126/2025-2026/236160,V1,SWAMI POWERTECH,169529.0,2026-07-16,"169,529.00 - 169,530.00",-0.0,LOW,Payment Success
TXN-004655,WS/MP18126/2025-2026/236155,V1,SWAMI POWERTECH,169529.0,2026-07-16,"169,529.00 - 169,530.00",-0.0,LOW,Payment Success
TXN-004656,WS/MP18126/2025-2026/236166,V1,SWAMI POWERTECH,169529.0,2026-07-16,"169,529.00 - 169,530.00",-0.0,LOW,Payment Success
TXN-004657,WS/MP18126/2025-2026/236167,V1,SWAMI POWERTECH,169529.0,2026-07-16,"169,529.00 - 169,530.00",-0.0,LOW,Payment Success
TXN-004658,WS/MP18126/2025-2026/236168,V1,SWAMI POWERTECH,169529.0,2026-07-16,"169,529.00 - 169,530.00",-0.0,LOW,Payment Success
TXN-004659,WS/MP18126/2025-2026/236169,V1,SWAMI POWERTECH,169529.0,2026-07-16,"169,529.00 - 169,530.00",-0.0,LOW,Payment Success
TXN-004660,WS/MP18126/2025-2026/236170,V1,SWAMI POWERTECH,169529.0,2026-07-16,"169,529.00 - 169,530.00",-0.0,LOW,Payment Success
TXN-004661,WS/MP18126/2025-2026/236171,V1,SWAMI POWERTECH,169529.0,2026-07-16,"169,529.00 - 169,530.00",-0.0,LOW,Payment Success
TXN-004662,WS/MP18126/2025-2026/236172,V1,SWAMI POWERTECH,169529.0,2026-07-16,"169,529.00 - 169,530.00",-0.0,LOW,Payment Success
TXN-004663,WS/MP18126/2025-2026/236173,V1,SWAMI POWERTECH,169529.0,2026-07-16,"169,529.00 - 169,530.00",-0.0,LOW,Payment Success
TXN-004664,WS/MP18126/2025-2026/236174,V1,SWAMI POWERTECH,169529.0,2026-07-16,"169,529.00 - 169,530.00",-0.0,LOW,Payment Success
TXN-004665,WS/MP18126/2025-2026/236156,V1,SWAMI POWERTECH,169529.0,2026-07-16,"169,529.00 - 169,530.00",-0.0,LOW,Payment Success
TXN-004666,WS/MP18126/2025-2026/236159,V1,SWAMI POWERTECH,169529.0,2026-07-16,"169,529.00 - 169,530.00",-0.0,LOW,Payment Success
TXN-004667,WS/MP18126/2025-2026/236161,V1,SWAMI POWERTECH,169529.0,2026-07-16,"169,529.00 - 169,530.00",-0.0,LOW,Payment Success
TXN-004668,WS/MP18126/2025-2026/236162,V1,SWAMI POWERTECH,169529.0,2026-07-16,"169,529.00 - 169,530.00",-0.0,LOW,Payment Success
TXN-004669,WS/MP18126/2025-2026/236163,V1,SWAMI POWERTECH,169529.0,2026-07-16,"169,529.00 - 169,530.00",-0.0,LOW,Payment Success
TXN-004670,WS/MP18126/2025-2026/236164,V1,SWAMI POWERTECH,169529.0,2026-07-16,"169,529.00 - 169,530.00",-0.0,LOW,Payment Success
TXN-004671,WS/MP18126/2025-2026/236143,V1,SWAMI POWERTECH,169529.0,2026-07-15,"169,529.00 - 169,530.00",-0.0,LOW,Payment Success
TXN-004672,WS/MP18126/2025-2026/236212,V1,SWAMI POWERTECH,169529.0,2026-07-20,"169,529.00 - 169,530.00",-0.0,LOW,Payment Success
TXN-004673,WS/MP18126/2025-2026/236190,V1,SWAMI POWERTECH,169529.0,2026-07-20,"169,529.00 - 169,530.00",-0.0,LOW,Payment Success
TXN-004674,WS/MP18126/2025-2026/236205,V1,SWAMI POWERTECH,169529.0,2026-07-20,"169,529.00 - 169,530.00",-0.0,LOW,Payment Success
TXN-004675,WS/MP18126/2025-2026/236209,V1,SWAMI POWERTECH,169529.0,2026-07-20,"169,529.00 - 169,530.00",-0.0,LOW,Payment Success
TXN-004676,WS/MP18126/2025-2026/236210,V1,SWAMI POWERTECH,169529.0,2026-07-20,"169,529.00 - 169,530.00",-0.0,LOW,Payment Success
TXN-004677,WS/MP18126/2025-2026/236211,V1,SWAMI POWERTECH,169529.0,2026-07-20,"169,529.00 - 169,530.00",-0.0,LOW,Payment Success
TXN-004678,WS/MP18126/2025-2026/236220,V1,SWAMI POWERTECH,169529.0,2026-07-20,"169,529.00 - 169,530.00",-0.0,LOW,Payment Success
TXN-004679,WS/MP18126/2025-2026/236204,V1,SWAMI POWERTECH,169529.0,2026-07-20,"169,529.00 - 169,530.00",-0.0,LOW,Payment Success
TXN-004680,WS/MP18126/2025-2026/236206,V1,SWAMI POWERTECH,169529.0,2026-07-20,"169,529.00 - 169,530.00",-0.0,LOW,Payment Success
TXN-004681,WS/MP18126/2025-2026/236207,V1,SWAMI POWERTECH,169529.0,2026-07-20,"169,529.00 - 169,530.00",-0.0,LOW,Payment Success
TXN-004682,WS/MP18126/2025-2026/236208,V1,SWAMI POWERTECH,169529.0,2026-07-20,"169,529.00 - 169,530.00",-0.0,LOW,Payment Success
TXN-004683,WS/MP18126/2025-2026/236195,V1,SWAMI POWERTECH,169529.0,2026-07-20,"169,529.00 - 169,530.00",-0.0,LOW,Payment Success
TXN-004684,WS/MP18126/2025-2026/236196,V1,SWAMI POWERTECH,169529.0,2026-07-20,"169,529.00 - 169,530.00",-0.0,LOW,Payment Success
TXN-004685,WS/MP18126/2025-2026/236202,V1,SWAMI POWERTECH,169529.0,2026-07-20,"169,529.00 - 169,530.00",-0.0,LOW,Payment Success
TXN-004686,WS/MP18126/2025-2026/236203,V1,SWAMI POWERTECH,169529.0,2026-07-20,"169,529.00 - 169,530.00",-0.0,LOW,Payment Success
TXN-004687,WS/MP18126/2025-2026/236219,V1,SWAMI POWERTECH,169529.0,2026-07-20,"169,529.00 - 169,530.00",-0.0,LOW,Payment Success
TXN-004688,WS/MP18126/2025-2026/236201,V1,SWAMI POWERTECH,169529.0,2026-07-20,"169,529.00 - 169,530.00",-0.0,LOW,Payment Success
TXN-004689,WS/MP18126/2025-2026/236197,V1,SWAMI POWERTECH,169529.0,2026-07-20,"169,529.00 - 169,530.00",-0.0,LOW,Payment Success
TXN-004690,WS/MP18126/2025-2026/236198,V1,SWAMI POWERTECH,169529.0,2026-07-20,"169,529.00 - 169,530.00",-0.0,LOW,Payment Success
TXN-004691,WS/MP18126/2025-2026/236199,V1,SWAMI POWERTECH,169529.0,2026-07-20,"169,529.00 - 169,530.00",-0.0,LOW,Payment Success
TXN-004692,WS/MP18126/2025-2026/236200,V1,SWAMI POWERTECH,169529.0,2026-07-20,"169,529.00 - 169,530.00",-0.0,LOW,Payment Success
TXN-004693,WS/MP18126/2025-2026/236187,V1,SWAMI POWERTECH,169529.0,2026-07-20,"169,529.00 - 169,530.00",-0.0,LOW,Payment Success
TXN-004694,WS/MP18126/2025-2026/236186,V1,SWAMI POWERTECH,169529.0,2026-07-20,"169,529.00 - 169,530.00",-0.0,LOW,Payment Success
TXN-004695,WS/MP18126/2025-2026/236218,V1,SWAMI POWERTECH,169529.0,2026-07-20,"169,529.00 - 169,530.00",-0.0,LOW,Payment Success
TXN-004696,WS/MP18126/2025-2026/236213,V1,SWAMI POWERTECH,169529.0,2026-07-20,"169,529.00 - 169,530.00",-0.0,LOW,Payment Success
TXN-004697,WS/MP18126/2025-2026/236184,V1,SWAMI POWERTECH,169529.0,2026-07-20,"169,529.00 - 169,530.00",-0.0,LOW,Payment Success
TXN-004698,WS/MP18126/2025-2026/236185,V1,SWAMI POWERTECH,169529.0,2026-07-20,"169,529.00 - 169,530.00",-0.0,LOW,Payment Success
TXN-004699,WS/MP18126/2025-2026/236191,V1,SWAMI POWERTECH,169529.0,2026-07-20,"169,529.00 - 169,530.00",-0.0,LOW,Payment Success
TXN-004700,WS/MP18126/2025-2026/236217,V1,SWAMI POWERTECH,169529.0,2026-07-20,"169,529.00 - 169,530.00",-0.0,LOW,Payment Success
TXN-004701,WS/MP18126/2025-2026/236188,V1,SWAMI POWERTECH,169529.0,2026-07-20,"169,529.00 - 169,530.00",-0.0,LOW,Payment Success
TXN-004702,WS/MP18126/2025-2026/236214,V1,SWAMI POWERTECH,169529.0,2026-07-20,"169,529.00 - 169,530.00",-0.0,LOW,Payment Success
TXN-004703,WS/MP18126/2025-2026/236189,V1,SWAMI POWERTECH,169529.0,2026-07-20,"169,529.00 - 169,530.00",-0.0,LOW,Payment Success
TXN-004704,WS/MP18126/2025-2026/236215,V1,SWAMI POWERTECH,169529.0,2026-07-20,"169,529.00 - 169,530.00",-0.0,LOW,Payment Success
TXN-004705,WS/MP18126/2025-2026/236216,V1,SWAMI POWERTECH,169529.0,2026-07-20,"169,529.00 - 169,530.00",-0.0,LOW,Payment Success
TXN-004706,WS/MP18126/2025-2026/236192,V1,SWAMI POWERTECH,169529.0,2026-07-20,"169,529.00 - 169,530.00",-0.0,LOW,Payment Success
TXN-004707,WS/MP18126/2025-2026/236193,V1,SWAMI POWERTECH,169529.0,2026-07-20,"169,529.00 - 169,530.00",-0.0,LOW,Payment Success
TXN-004708,WS/MP18126/2025-2026/236194,V1,SWAMI POWERTECH,169529.0,2026-07-20,"169,529.00 - 169,530.00",-0.0,LOW,Payment Success
TXN-004709,WS/MP18126/2025-2026/236326,V1,SWAMI POWERTECH,169529.0,2026-07-15,"169,529.00 - 169,530.00",-0.0,LOW,Payment Success
TXN-004710,WS/MP18126/2025-2026/236328,V1,SWAMI POWERTECH,169529.0,2026-07-15,"169,529.00 - 169,530.00",-0.0,LOW,Payment Success
TXN-004711,WS/MP18126/2025-2026/236327,V1,SWAMI POWERTECH,169529.0,2026-07-15,"169,529.00 - 169,530.00",-0.0,LOW,Payment Success
TXN-004712,WS/MP18126/2025-2026/236149,V1,SWAMI POWERTECH,169529.0,2026-07-15,"169,529.00 - 169,530.00",-0.0,LOW,Payment Success
TXN-004713,WS/MP18126/2025-2026/236150,V1,SWAMI POWERTECH,169529.0,2026-07-15,"169,529.00 - 169,530.00",-0.0,LOW,Payment Success
TXN-004714,WS/MP18126/2025-2026/236151,V1,SWAMI POWERTECH,169529.0,2026-07-15,"169,529.00 - 169,530.00",-0.0,LOW,Payment Success
TXN-004715,WS/MP18126/2025-2026/236148,V1,SWAMI POWERTECH,169529.0,2026-07-15,"169,529.00 - 169,530.00",-0.0,LOW,Payment Success
TXN-004716,WS/MP18126/2026-2027/256589,V1,SWAMI POWERTECH,169529.0,2026-07-15,"169,529.00 - 169,530.00",-0.0,LOW,Payment Success
TXN-004717,WS/MP18126/2025-2026/256590,V1,SWAMI POWERTECH,169529.0,2026-07-15,"169,529.00 - 169,530.00",-0.0,LOW,Payment Success
TXN-004718,WS/MP18126/2025-2026/236146,V1,SWAMI POWERTECH,169529.0,2026-07-15,"169,529.00 - 169,530.00",-0.0,LOW,Payment Success
TXN-004719,WS/MP18126/2026-2027/236147,V1,SWAMI POWERTECH,169529.0,2026-07-15,"169,529.00 - 169,530.00",-0.0,LOW,Payment Success
TXN-004720,WS/MP18126/2026-2027/256591,V1,SWAMI POWERTECH,169529.0,2026-07-15,"169,529.00 - 169,530.00",-0.0,LOW,Payment Success
TXN-004721,WS/MP18126/2025-2026/236142,V1,SWAMI POWERTECH,169529.0,2026-07-15,"169,529.00 - 169,530.00",-0.0,LOW,Payment Success
TXN-004722,WS/MP18126/2025-2026/236144,V1,SWAMI POWERTECH,169529.0,2026-07-15,"169,529.00 - 169,530.00",-0.0,LOW,Payment Success
TXN-004723,WS/MP18126/2025-2026/236145,V1,SWAMI POWERTECH,169529.0,2026-07-15,"169,529.00 - 169,530.00",-0.0,LOW,Payment Success
TXN-004724,WS/MP18126/2025-2026/236329,V1,SWAMI POWERTECH,169529.0,2026-07-15,"169,529.00 - 169,530.00",-0.0,LOW,Payment Success
TXN-004725,WS/MP18126/2025-2026/236332,V1,SWAMI POWERTECH,169529.0,2026-07-15,"169,529.00 - 169,530.00",-0.0,LOW,Payment Success
TXN-004726,WS/MP18126/2025-2026/236330,V1,SWAMI POWERTECH,169529.0,2026-07-15,"169,529.00 - 169,530.00",-0.0,LOW,Payment Success
TXN-004727,WS/MP18126/2025-2026/236331,V1,SWAMI POWERTECH,169529.0,2026-07-15,"169,529.00 - 169,530.00",-0.0,LOW,Payment Success
TXN-004728,WS/MP18126/2025-2026/236251,V1,SWAMI POWERTECH,169530.0,2026-07-30,"169,529.00 - 169,530.00",0.0,LOW,Payment Success
TXN-004729,WS/MP18126/2025-2026/236252,V1,SWAMI POWERTECH,169530.0,2026-07-30,"169,529.00 - 169,530.00",0.0,LOW,Payment Success
TXN-004730,WS/MP18126/2025-2026/236253,V1,SWAMI POWERTECH,169530.0,2026-07-30,"169,529.00 - 169,530.00",0.0,LOW,Payment Success
TXN-004731,WS/MP18126/2025-2026/236254,V1,SWAMI POWERTECH,169530.0,2026-07-30,"169,529.00 - 169,530.00",0.0,LOW,Payment Success
TXN-004732,WS/MP18126/2025-2026/236255,V1,SWAMI POWERTECH,169530.0,2026-07-30,"169,529.00 - 169,530.00",0.0,LOW,Payment Success
TXN-004733,WS/MP18126/2025-2026/236257,V1,SWAMI POWERTECH,169530.0,2026-07-30,"169,529.00 - 169,530.00",0.0,LOW,Payment Success
TXN-004734,WS/MP18126/2025-2026/236256,V1,SWAMI POWERTECH,169530.0,2026-07-30,"169,529.00 - 169,530.00",0.0,LOW,Payment Success
TXN-004735,WS/MP18126/2025-2026/236264,V1,SWAMI POWERTECH,169530.0,2026-07-30,"169,529.00 - 169,530.00",0.0,LOW,Payment Success
TXN-004736,WS/MP18126/2025-2026/236265,V1,SWAMI POWERTECH,169530.0,2026-07-30,"169,529.00 - 169,530.00",0.0,LOW,Payment Success
TXN-004737,WS/MP18126/2025-2026/236266,V1,SWAMI POWERTECH,169530.0,2026-07-30,"169,529.00 - 169,530.00",0.0,LOW,Payment Success
TXN-004738,WS/MP18126/2025-2026/236259,V1,SWAMI POWERTECH,169530.0,2026-07-30,"169,529.00 - 169,530.00",0.0,LOW,Payment Success
TXN-004739,WS/MP18126/2025-2026/236260,V1,SWAMI POWERTECH,169530.0,2026-07-30,"169,529.00 - 169,530.00",0.0,LOW,Payment Success
TXN-004740,WS/MP18126/2025-2026/236261,V1,SWAMI POWERTECH,169530.0,2026-07-30,"169,529.00 - 169,530.00",0.0,LOW,Payment Success
TXN-004741,WS/MP18126/2025-2026/236262,V1,SWAMI POWERTECH,169530.0,2026-07-30,"169,529.00 - 169,530.00",0.0,LOW,Payment Success
TXN-004742,WS/MP18126/2025-2026/236263,V1,SWAMI POWERTECH,169530.0,2026-07-30,"169,529.00 - 169,530.00",0.0,LOW,Payment Success
TXN-004743,WS/MP18126/2025-2026/236250,V1,SWAMI POWERTECH,169530.0,2026-07-30,"169,529.00 - 169,530.00",0.0,LOW,Payment Success
TXN-004744,WS/MP18126/2025-2026/236258,V1,SWAMI POWERTECH,169530.0,2026-07-30,"169,529.00 - 169,530.00",0.0,LOW,Payment Success
TXN-004745,WS/MP18126/2025-2026/236267,V1,SWAMI POWERTECH,169530.0,2026-07-30,"169,529.00 - 169,530.00",0.0,LOW,Payment Success
TXN-004746,WS/MP18126/2025-2026/236268,V1,SWAMI POWERTECH,169530.0,2026-07-30,"169,529.00 - 169,530.00",0.0,LOW,Payment Success
TXN-004747,WS/MP18126/2025-2026/236269,V1,SWAMI POWERTECH,169530.0,2026-07-30,"169,529.00 - 169,530.00",0.0,LOW,Payment Success
TXN-004748,WS/MP18126/2025-2026/236299,V1,SHRI GANESH ELECTRICAL AND CONTRACTER,169530.0,2026-07-30,"169,529.00 - 169,530.00",0.0,LOW,Payment Success
TXN-004749,WS/MP18126/2025-2026/236297,V1,SHRI GANESH ELECTRICAL AND CONTRACTER,169530.0,2026-07-30,"169,529.00 - 169,530.00",0.0,LOW,Payment Success
TXN-004750,WS/MP18126/2025-2026/236298,V1,SHRI GANESH ELECTRICAL AND CONTRACTER,169530.0,2026-07-30,"169,529.00 - 169,530.00",0.0,LOW,Payment Success
TXN-004751,WS/MP18126/2025-2026/236300,V1,SHRI GANESH ELECTRICAL AND CONTRACTER,169530.0,2026-07-30,"169,529.00 - 169,530.00",0.0,LOW,Payment Success
TXN-004752,WS/MP18126/2025-2026/236301,V1,SHRI GANESH ELECTRICAL AND CONTRACTER,169530.0,2026-07-30,"169,529.00 - 169,530.00",0.0,LOW,Payment Success
TXN-004753,WS/MP18126/2025-2026/236302,V1,SHRI GANESH ELECTRICAL AND CONTRACTER,169530.0,2026-07-30,"169,529.00 - 169,530.00",0.0,LOW,Payment Success
TXN-004754,WS/MP18126/2025-2026/236303,V1,SHRI GANESH ELECTRICAL AND CONTRACTER,169530.0,2026-07-30,"169,529.00 - 169,530.00",0.0,LOW,Payment Success
TXN-004755,WS/MP18126/2025-2026/236321,V1,SHRI GANESH ELECTRICAL AND CONTRACTER,169530.0,2026-07-30,"169,529.00 - 169,530.00",0.0,LOW,Payment Success
TXN-004756,WS/MP18126/2025-2026/236305,V1,SHRI GANESH ELECTRICAL AND CONTRACTER,169530.0,2026-07-30,"169,529.00 - 169,530.00",0.0,LOW,Payment Success
TXN-004757,WS/MP18126/2025-2026/266934,V1,SHRI GANESH ELECTRICAL AND CONTRACTER,169530.0,2026-07-30,"169,529.00 - 169,530.00",0.0,LOW,Payment Success
TXN-004758,WS/MP18126/2025-2026/236307,V1,SHRI GANESH ELECTRICAL AND CONTRACTER,169530.0,2026-07-30,"169,529.00 - 169,530.00",0.0,LOW,Payment Success
TXN-004759,WS/MP18126/2025-2026/236293,V1,SHRI GANESH ELECTRICAL AND CONTRACTER,169530.0,2026-07-30,"169,529.00 - 169,530.00",0.0,LOW,Payment Success
TXN-004760,WS/MP18126/2025-2026/236294,V1,SHRI GANESH ELECTRICAL AND CONTRACTER,169530.0,2026-07-30,"169,529.00 - 169,530.00",0.0,LOW,Payment Success
TXN-004761,WS/MP18126/2025-2026/236295,V1,SHRI GANESH ELECTRICAL AND CONTRACTER,169530.0,2026-07-30,"169,529.00 - 169,530.00",0.0,LOW,Payment Success
TXN-004762,WS/MP18126/2025-2026/236296,V1,SHRI GANESH ELECTRICAL AND CONTRACTER,169530.0,2026-07-30,"169,529.00 - 169,530.00",0.0,LOW,Payment Success
TXN-004763,WS/MP18126/2025-2026/236292,V1,SHRI GANESH ELECTRICAL AND CONTRACTER,169530.0,2026-07-30,"169,529.00 - 169,530.00",0.0,LOW,Payment Success
TXN-004764,WS/MP18126/2025-2026/236304,V1,SHRI GANESH ELECTRICAL AND CONTRACTER,169530.0,2026-07-30,"169,529.00 - 169,530.00",0.0,LOW,Payment Success
TXN-004765,WS/MP18126/2025-2026/236249,V1,SHRI GANESH ELECTRICAL AND CONTRACTER,169530.0,2026-07-30,"169,529.00 - 169,530.00",0.0,LOW,Payment Success
TXN-004766,WS/MP18126/2025-2026/236248,V1,SHRI GANESH ELECTRICAL AND CONTRACTER,169530.0,2026-07-30,"169,529.00 - 169,530.00",0.0,LOW,Payment Success
TXN-004767,WS/MP18126/2025-2026/236245,V1,SHRI GANESH ELECTRICAL AND CONTRACTER,169530.0,2026-08-04,"169,529.00 - 169,530.00",0.0,LOW,Payment Success
TXN-004768,WS/MP18126/2025-2026/236310,V1,SHRI GANESH ELECTRICAL AND CONTRACTER,169530.0,2026-07-30,"169,529.00 - 169,530.00",0.0,LOW,Payment Success
TXN-004769,WS/MP18126/2025-2026/236311,V1,SHRI GANESH ELECTRICAL AND CONTRACTER,169530.0,2026-07-30,"169,529.00 - 169,530.00",0.0,LOW,Payment Success
TXN-004770,WS/MP18126/2025-2026/236312,V1,SHRI GANESH ELECTRICAL AND CONTRACTER,169530.0,2026-07-30,"169,529.00 - 169,530.00",0.0,LOW,Payment Success
TXN-004771,WS/MP18126/2025-2026/236313,V1,SHRI GANESH ELECTRICAL AND CONTRACTER,169530.0,2026-07-30,"169,529.00 - 169,530.00",0.0,LOW,Payment Success
TXN-004772,WS/MP18126/2025-2026/236314,V1,SHRI GANESH ELECTRICAL AND CONTRACTER,169530.0,2026-07-30,"169,529.00 - 169,530.00",0.0,LOW,Payment Success
TXN-004773,WS/MP18126/2025-2026/236316,V1,SHRI GANESH ELECTRICAL AND CONTRACTER,169530.0,2026-07-30,"169,529.00 - 169,530.00",0.0,LOW,Payment Success
TXN-004774,WS/MP18126/2025-2026/236317,V1,SHRI GANESH ELECTRICAL AND CONTRACTER,169530.0,2026-07-30,"169,529.00 - 169,530.00",0.0,LOW,Payment Success
TXN-004775,WS/MP18126/2025-2026/236315,V1,SHRI GANESH ELECTRICAL AND CONTRACTER,169530.0,2026-07-30,"169,529.00 - 169,530.00",0.0,LOW,Payment Success
TXN-004776,WS/MP18126/2025-2026/236308,V1,SHRI GANESH ELECTRICAL AND CONTRACTER,169530.0,2026-07-30,"169,529.00 - 169,530.00",0.0,LOW,Payment Success
TXN-004777,WS/MP18126/2025-2026/236309,V1,SHRI GANESH ELECTRICAL AND CONTRACTER,169530.0,2026-07-30,"169,529.00 - 169,530.00",0.0,LOW,Payment Success
TXN-004778,WS/MP18126/2025-2026/236246,V1,SHRI GANESH ELECTRICAL AND CONTRACTER,169530.0,2026-07-30,"169,529.00 - 169,530.00",0.0,LOW,Payment Success
TXN-004779,WS/MP18126/2025-2026/236247,V1,SHRI GANESH ELECTRICAL AND CONTRACTER,169530.0,2026-07-30,"169,529.00 - 169,530.00",0.0,LOW,Payment Success
TXN-004780,WS/MP18126/2025-2026/236319,V1,SHRI GANESH ELECTRICAL AND CONTRACTER,169530.0,2026-07-30,"169,529.00 - 169,530.00",0.0,LOW,Payment Success
TXN-004781,WS/MP18126/2025-2026/236318,V1,SHRI GANESH ELECTRICAL AND CONTRACTER,169530.0,2026-07-30,"169,529.00 - 169,530.00",0.0,LOW,Payment Success
TXN-004782,WS/MP18126/2025-2026/236243,V1,SHRI GANESH ELECTRICAL AND CONTRACTER,169530.0,2026-07-30,"169,529.00 - 169,530.00",0.0,LOW,Payment Success
TXN-004783,WS/MP18126/2025-2026/236244,V1,SHRI GANESH ELECTRICAL AND CONTRACTER,169530.0,2026-07-30,"169,529.00 - 169,530.00",0.0,LOW,Payment Success
TXN-004784,WS/MP18126/2025-2026/236320,V1,SHRI GANESH ELECTRICAL AND CONTRACTER,169530.0,2026-07-30,"169,529.00 - 169,530.00",0.0,LOW,Payment Success
TXN-004785,WS/MP18126/2025-2026/236325,V1,SHRI GANESH ELECTRICAL AND CONTRACTER,169530.0,2026-07-30,"169,529.00 - 169,530.00",0.0,LOW,Payment Success
TXN-004786,WS/MP18126/2025-2026/256635,V1,SHRI GANESH ELECTRICAL AND CONTRACTER,169529.0,2026-07-15,"169,529.00 - 169,530.00",-0.0,LOW,Payment Success
TXN-004787,WS/MP18126/2025-2026/256638,V1,SHRI GANESH ELECTRICAL AND CONTRACTER,169529.0,2026-07-15,"169,529.00 - 169,530.00",-0.0,LOW,Payment Success
TXN-004788,WS/MP18126/2025-2026/256637,V1,SHRI GANESH ELECTRICAL AND CONTRACTER,169529.0,2026-07-15,"169,529.00 - 169,530.00",-0.0,LOW,Payment Success
TXN-004789,WS/MP18126/2025-2026/256639,V1,SHRI GANESH ELECTRICAL AND CONTRACTER,169529.0,2026-07-15,"169,529.00 - 169,530.00",-0.0,LOW,Payment Success
TXN-004790,WS/MP18126/2025-2026/256640,V1,SHRI GANESH ELECTRICAL AND CONTRACTER,169529.0,2026-07-15,"169,529.00 - 169,530.00",-0.0,LOW,Payment Success
TXN-004791,WS/MP18126/2025-2026/256633,V1,SHRI GANESH ELECTRICAL AND CONTRACTER,169529.0,2026-07-15,"169,529.00 - 169,530.00",-0.0,LOW,Payment Success
TXN-004792,WS/MP18126/2025-2026/256634,V1,SHRI GANESH ELECTRICAL AND CONTRACTER,169529.0,2026-07-15,"169,529.00 - 169,530.00",-0.0,LOW,Payment Success
TXN-004793,WS/MP18126/2025-2026/256631,V1,SHRI GANESH ELECTRICAL AND CONTRACTER,169529.0,2026-07-15,"169,529.00 - 169,530.00",-0.0,LOW,Payment Success
TXN-004794,WS/MP18126/2025-2026/256636,V1,SHRI GANESH ELECTRICAL AND CONTRACTER,169529.0,2026-07-15,"169,529.00 - 169,530.00",-0.0,LOW,Payment Success
TXN-004795,WS/MP18126/2025-2026/256656,V1,SHRI GANESH ELECTRICAL AND CONTRACTER,169529.0,2026-07-15,"169,529.00 - 169,530.00",-0.0,LOW,Payment Success
TXN-004796,WS/MP18126/2025-2026/256642,V1,SHRI GANESH ELECTRICAL AND CONTRACTER,169529.0,2026-07-15,"169,529.00 - 169,530.00",-0.0,LOW,Payment Success
TXN-004797,WS/MP18126/2025-2026/256641,V1,SHRI GANESH ELECTRICAL AND CONTRACTER,169529.0,2026-07-15,"169,529.00 - 169,530.00",-0.0,LOW,Payment Success
TXN-004798,WS/MP18126/2025-2026/256632,V1,SHRI GANESH ELECTRICAL AND CONTRACTER,169529.0,2026-07-15,"169,529.00 - 169,530.00",-0.0,LOW,Payment Success
TXN-004799,WS/MP18126/2025-2026/256643,V1,SHRI GANESH ELECTRICAL AND CONTRACTER,169529.0,2026-07-15,"169,529.00 - 169,530.00",-0.0,LOW,Payment Success
TXN-004800,WS/MP18126/2025-2026/256630,V1,SHRI GANESH ELECTRICAL AND CONTRACTER,169529.0,2026-08-03,"169,529.00 - 169,530.00",-0.0,LOW,Payment Success
TXN-004801,WS/MP18126/2025-2026/236272,V1,VISHWESHWARI ELECTRICALS,169530.0,2026-07-30,"169,530.00 - 169,530.00",0.0,LOW,Payment Success
TXN-004802,WS/MP18126/2025-2026/236277,V1,VISHWESHWARI ELECTRICALS,169530.0,2026-08-04,"169,530.00 - 169,530.00",0.0,LOW,Payment Success
TXN-004803,WS/MP18126/2025-2026/236285,V1,VISHWESHWARI ELECTRICALS,169530.0,2026-08-04,"169,530.00 - 169,530.00",0.0,LOW,Payment Success
TXN-004804,WS/MP18126/2025-2026/236271,V1,VISHWESHWARI ELECTRICALS,169530.0,2026-08-04,"169,530.00 - 169,530.00",0.0,LOW,Payment Success
TXN-004805,WS/MP18126/2025-2026/236286,V1,VISHWESHWARI ELECTRICALS,169530.0,2026-08-05,"169,530.00 - 169,530.00",0.0,LOW,Payment Success
TXN-004806,WS/MP18126/2025-2026/236306,V1,VISHWESHWARI ELECTRICALS,169530.0,2026-08-05,"169,530.00 - 169,530.00",0.0,LOW,Payment Success
TXN-004807,WS/MP18126/2025-2026/266937,V1,VISHWESHWARI ELECTRICALS,169530.0,2026-07-30,"169,530.00 - 169,530.00",0.0,LOW,Payment Success
TXN-004808,WS/MP18126/2025-2026/266933,V1,VISHWESHWARI ELECTRICALS,169530.0,2026-07-30,"169,530.00 - 169,530.00",0.0,LOW,Payment Success
TXN-004809,WS/MP18126/2025-2026/266932,V1,VISHWESHWARI ELECTRICALS,169530.0,2026-07-30,"169,530.00 - 169,530.00",0.0,LOW,Payment Success
TXN-004810,WS/MP18126/2025-2026/266931,V1,VISHWESHWARI ELECTRICALS,169530.0,2026-07-30,"169,530.00 - 169,530.00",0.0,LOW,Payment Success
TXN-004811,WS/MP18126/2025-2026/236275,V1,VISHWESHWARI ELECTRICALS,169530.0,2026-07-30,"169,530.00 - 169,530.00",0.0,LOW,Payment Success
TXN-004812,WS/MP18126/2025-2026/236273,V1,VISHWESHWARI ELECTRICALS,169530.0,2026-07-30,"169,530.00 - 169,530.00",0.0,LOW,Payment Success
TXN-004813,WS/MP18126/2025-2026/236274,V1,VISHWESHWARI ELECTRICALS,169530.0,2026-07-30,"169,530.00 - 169,530.00",0.0,LOW,Payment Success
TXN-004814,WS/MP18126/2025-2026/236279,V1,VISHWESHWARI ELECTRICALS,169530.0,2026-07-30,"169,530.00 - 169,530.00",0.0,LOW,Payment Success
TXN-004815,WS/MP18126/2025-2026/236270,V1,VISHWESHWARI ELECTRICALS,169530.0,2026-07-30,"169,530.00 - 169,530.00",0.0,LOW,Payment Success
TXN-004816,WS/MP18126/2025-2026/266936,V1,VISHWESHWARI ELECTRICALS,169530.0,2026-07-30,"169,530.00 - 169,530.00",0.0,LOW,Payment Success
TXN-004817,WS/MP18126/2025-2026/266930,V1,VISHWESHWARI ELECTRICALS,169530.0,2026-07-30,"169,530.00 - 169,530.00",0.0,LOW,Payment Success
TXN-004818,WS/MP18126/2025-2026/266935,V1,VISHWESHWARI ELECTRICALS,169530.0,2026-07-30,"169,530.00 - 169,530.00",0.0,LOW,Payment Success
TXN-004819,WS/MP18126/2025-2026/236284,V1,VISHWESHWARI ELECTRICALS,169530.0,2026-07-30,"169,530.00 - 169,530.00",0.0,LOW,Payment Success
TXN-004820,WS/MP18126/2025-2026/266938,V1,VISHWESHWARI ELECTRICALS,169530.0,2026-07-30,"169,530.00 - 169,530.00",0.0,LOW,Payment Success
TXN-004821,WS/MP18126/2025-2026/266929,V1,VISHWESHWARI ELECTRICALS,169530.0,2026-07-30,"169,530.00 - 169,530.00",0.0,LOW,Payment Success
TXN-004822,WS/MP18126/2025-2026/236282,V1,VISHWESHWARI ELECTRICALS,169530.0,2026-07-30,"169,530.00 - 169,530.00",0.0,LOW,Payment Success
TXN-004823,WS/MP18126/2025-2026/236276,V1,VISHWESHWARI ELECTRICALS,169530.0,2026-07-30,"169,530.00 - 169,530.00",0.0,LOW,Payment Success
TXN-004824,WS/MP18126/2025-2026/236278,V1,VISHWESHWARI ELECTRICALS,169530.0,2026-07-30,"169,530.00 - 169,530.00",0.0,LOW,Payment Success
TXN-004825,WS/MP18126/2025-2026/236280,V1,VISHWESHWARI ELECTRICALS,169530.0,2026-07-30,"169,530.00 - 169,530.00",0.0,LOW,Payment Success
TXN-004826,WS/MP18126/2025-2026/236281,V1,VISHWESHWARI ELECTRICALS,169530.0,2026-07-30,"169,530.00 - 169,530.00",0.0,LOW,Payment Success
TXN-004827,WS/MP18126/2025-2026/236283,V1,VISHWESHWARI ELECTRICALS,169530.0,2026-07-30,"169,530.00 - 169,530.00",0.0,LOW,Payment Success
TXN-004828,WS/MP18162/2025-2026/258495,V1,R P ELECTRICALS,170987.0,2026-07-23,"170,987.00 - 170,987.00",0.0,LOW,Payment Success
TXN-004829,WS/MP18054/2025-2026/255321,V1,GRAM PANCHAYAT MOTAP,300000.0,2026-07-04,"300,000.00 - 300,000.00",0.0,LOW,Payment Success
TXN-004830,WS/MP579/2025-2026/194627,V1,GRAM PANCHAYAT BAJIPURA VAGPURA,249459.0,2026-07-27,"249,459.00 - 249,459.00",0.0,LOW,Payment Success
TXN-004831,WS/MP18097/2025-2026/255314,V1,ECO COOLING SOLUTIONS,1000000.0,2026-07-13,"1,000,000.00 - 1,000,000.00",0.0,LOW,Payment Success
TXN-004832,WS/MP18104/2026-2027/229584,V1,GP SILARIKALA JP UDAIPURA,100000.0,2026-07-02,"100,000.00 - 100,000.00",0.0,LOW,Payment Success
TXN-004833,WS/MP18158/2025-2026/207983,V1,Krimta Devi,17509.0,2026-07-06,"17,509.00 - 17,509.00",0.0,LOW,Payment Success
TXN-004834,WS/MP18104/2026-2027/213505,V1,GP SAGONIYA JP BADI,75000.0,2026-07-02,"75,000.00 - 75,000.00",0.0,LOW,Payment Success
TXN-004835,WS/MP343/2025-2026/219400,V1,vijaya kumar S,1223328.0,2026-07-15,"1,223,328.00 - 1,223,328.00",0.0,LOW,Payment Success
TXN-004836,WS/MP18058/2025-2026/254304,V1,Sukhlipura Gram Panchayat,500000.0,2026-07-16,"429,308.00 - 500,000.00",7.61,LOW,Payment Success
TXN-004837,WS/MP18058/2025-2026/254305,V1,Sukhlipura Gram Panchayat,500000.0,2026-07-16,"429,308.00 - 500,000.00",7.61,LOW,Payment Success
TXN-004838,WS/MP18058/2025-2026/272149,V1,Sukhlipura Gram Panchayat,411635.0,2026-07-16,"429,308.00 - 500,000.00",-11.41,LOW,Payment Success
TXN-004839,WS/MP18058/2025-2026/254384,V1,Ankodiya Gram Panchayat,500000.0,2026-07-16,"500,000.00 - 500,000.00",0.0,LOW,Payment Success
TXN-004840,WS/MP18058/2025-2026/254387,V1,Ankodiya Gram Panchayat,500000.0,2026-07-16,"500,000.00 - 500,000.00",0.0,LOW,Payment Success
TXN-004841,WS/MP394/2026-2027/181597,V1,SAHAYA THATHEYOUSH S,2000000.0,2026-07-15,"2,000,000.00 - 2,000,000.00",0.0,LOW,Payment Success
TXN-004842,WS/MP18058/2025-2026/254303,V1,Sherkhi Gram Panchayat,500000.0,2026-07-04,"500,000.00 - 500,000.00",0.0,LOW,Payment Success
TXN-004843,WS/MP18369/2026-2027/239318,V1,DIGITAL AUDIO VIDEO SOLUTIONS,699650.0,2026-07-08,"699,650.00 - 699,650.00",0.0,LOW,Payment Success
TXN-004844,WS/MP578/2025-2026/241933,V1,Kashipura Gram Panchayat,100000.0,2026-07-16,"100,000.00 - 100,000.00",0.0,LOW,Payment Success
TXN-004845,WS/MP18145/2025-2026/230530,V1,JUNIOR ENGINEER MARSHAGHAI BLOCK 7,596261.0,2026-07-05,"596,261.00 - 596,261.00",0.0,LOW,Payment Success
TXN-004846,WS/MP18051/2026-2027/271571,V1,GP BRGF PAJHRAPALI,250000.0,2026-07-09,"250,000.00 - 250,000.00",0.0,LOW,Payment Success
TXN-004847,WS/MP18055/2025-2026/220492,V1,GRAM PANCHAYAT TADAVA,400000.0,2026-07-05,"400,000.00 - 400,000.00",0.0,LOW,Payment Success
TXN-004848,WS/MP18107/2024-2025/163595,V1,GURJEET SINGH,2202571.0,2026-07-06,"2,202,571.00 - 2,202,571.00",0.0,LOW,Payment Success
TXN-004849,WS/MP18145/2025-2026/185883,V1,SASHI BHUSAN SAHOO,705645.0,2026-07-05,"705,645.00 - 705,645.00",0.0,LOW,Payment Success
TXN-004850,WS/MP478/2025-2026/270940,V1,Amit tomar,298004.0,2026-07-03,"298,004.00 - 298,004.00",0.0,LOW,Payment Success
TXN-004851,WS/MP18108/2025-2026/256422,V1,Ramkishan Dubey,71096.0,2026-07-30,"96,151.80 - 197,423.80",-51.57,HIGH,Payment Success
TXN-004852,WS/MP18108/2025-2026/256422,V1,Ramkishan Dubey,197686.0,2026-07-30,"96,151.80 - 197,423.80",34.67,MEDIUM,Payment Success
TXN-004853,WS/MP18108/2025-2026/256422,V1,Ramkishan Dubey,196375.0,2026-07-23,"96,151.80 - 197,423.80",33.78,MEDIUM,Payment Success
TXN-004854,WS/MP18224/2025-2026/198401,V1,KAMADGIRI TRADERS,237319.0,2026-07-09,"237,319.00 - 237,319.00",0.0,LOW,Payment Success
TXN-004855,WS/MP618/2025-2026/241976,V1,ASANGEPPA HANUMANTAPPA BANDIWADDAR,375000.0,2026-07-06,"375,000.00 - 375,000.00",0.0,LOW,Payment Success
TXN-004856,WS/MP18049/2025-2026/152174,V1,R CUBE CONSTRUCTION,500000.0,2026-07-06,"500,000.00 - 500,000.00",0.0,LOW,Payment Success
TXN-004857,WS/MP18309/2026-2027/288797,V1,Waipin K Marak,500000.0,2026-07-22,"500,000.00 - 500,000.00",0.0,LOW,Payment Success
TXN-004858,WS/MP18158/2025-2026/230376,V1,MANDEEP KAUR,26608.0,2026-07-08,"26,608.00 - 26,608.00",0.0,LOW,Payment Success
TXN-004859,WS/MP18158/2025-2026/194750,V1,JASWINDER KAUR,49164.0,2026-07-08,"49,164.00 - 49,164.00",0.0,LOW,Payment Success
TXN-004860,WS/MP18149/2025-2026/185014,V1,RITUPURNA SWAIN JE,250000.0,2026-07-02,"250,000.00 - 250,000.00",0.0,LOW,Payment Success
TXN-004861,WS/MP18095/2025-2026/246636,V1,Rema N R,75337.0,2026-07-02,"75,337.00 - 75,337.00",0.0,LOW,Payment Success
TXN-004862,WS/MP18104/2026-2027/152597,V1,SARPANCH GRAM PANCHAYAT CHOURAHET,100000.0,2026-08-06,"100,000.00 - 100,000.00",0.0,LOW,Payment Success
TXN-004863,WS/MP18158/2025-2026/226751,V1,LACHHMI DEVI,40040.0,2026-07-08,"40,040.00 - 40,040.00",0.0,LOW,Payment Success
TXN-004864,WS/MP18112/2025-2026/177326,V1,Magasvargiya Suyash tantrik majoor sah santha,999338.0,2026-07-03,"999,338.00 - 999,338.00",0.0,LOW,Payment Success
TXN-004865,WS/MP18309/2026-2027/288790,V1,Marwari Yuva Manch,335000.0,2026-07-13,"335,000.00 - 335,000.00",0.0,LOW,Payment Success
TXN-004866,WS/MP18193/2026-2027/225945,V1,Srinivas Reddy Boyella,1487270.0,2026-08-05,"1,487,270.00 - 1,487,270.00",0.0,LOW,Payment Success
TXN-004867,WS/MP577/2025-2026/223001,V1,CHHAPARI GRAM PANCHAYAT,485765.0,2026-07-03,"485,765.00 - 485,765.00",0.0,LOW,Payment Success
TXN-004868,WS/MP18023/2026-2027/188063,V1,Construction of Community Cultural actives at Brihattar Rukmini Nagar Socio Cultural centre Ranga,599688.0,2026-07-02,"599,688.00 - 599,688.00",0.0,LOW,Payment Success
TXN-004869,WS/MP021/2025-2026/254813,V1,BUGHANI BROTHERS AND COMPANEY,118863.0,2026-07-09,"118,863.00 - 118,863.00",0.0,LOW,Payment Success
TXN-004870,WS/MP18257/2025-2026/243990,V1,A P ENTERPRISE prop PARESH KUMAR PARUA,335092.0,2026-07-07,"347,492.20 - 446,693.80",-15.61,LOW,Payment Success
TXN-004871,WS/MP18257/2025-2026/249227,V1,A P ENTERPRISE prop PARESH KUMAR PARUA,459094.0,2026-07-07,"347,492.20 - 446,693.80",15.61,LOW,Payment Success
TXN-004872,WS/MP021/2025-2026/200617,V1,BASANT KUMAR,13176.0,2026-07-06,"13,176.00 - 13,176.00",0.0,LOW,Payment Success
TXN-004873,WS/MP18321/2025-2026/257340,V1,KAMALPUR GRAM PANCHAYAT,500000.0,2026-07-01,"500,000.00 - 500,000.00",0.0,LOW,Payment Success
TXN-004874,WS/MP021/2025-2026/200617,V1,SURAJ,13176.0,2026-07-06,"13,176.00 - 13,176.00",0.0,LOW,Payment Success
TXN-004875,WS/MP021/2025-2026/200617,V1,RAJENDRA SINGH,13176.0,2026-07-06,"9,704.00 - 12,564.80",18.34,LOW,Payment Success
TXN-004876,WS/MP021/2025-2026/200617,V1,AMIT NAINWAL,12810.0,2026-07-06,"12,810.00 - 12,810.00",0.0,LOW,Payment Success
TXN-004877,WS/MP021/2025-2026/200617,V1,SURESH BHATT,14756.0,2026-07-06,"14,756.00 - 14,756.00",0.0,LOW,Payment Success
TXN-004878,WS/MP021/2025-2026/200617,V1,HARISH PANDEY,14756.0,2026-07-06,"14,756.00 - 14,756.00",0.0,LOW,Payment Success
TXN-004879,WS/MP18159/2025-2026/194372,V1,BADRI PRASAD,2107807.0,2026-07-02,"2,107,807.00 - 2,107,807.00",0.0,LOW,Payment Success
TXN-004880,WS/MP18327/2026-2027/241888,V1,Rushikesh Bharat Gund,994800.0,2026-07-15,"994,800.00 - 994,800.00",0.0,LOW,Payment Success
TXN-004881,WS/MP021/2025-2026/172020,V1,jain iron store,16997.0,2026-08-14,"16,997.00 - 16,997.00",0.0,LOW,Payment Success
TXN-004882,WS/MP021/2025-2026/242766,V1,Jyoti Rawat,27531.0,2026-07-17,"27,531.00 - 27,531.00",0.0,LOW,Payment Success
TXN-004883,WS/MP021/2025-2026/242766,V1,shubhan Rawat,27132.0,2026-07-17,"27,132.00 - 27,132.00",0.0,LOW,Payment Success
TXN-004884,WS/MP021/2025-2026/242766,V1,sanjay,13470.0,2026-07-17,"13,470.00 - 13,470.00",0.0,LOW,Payment Success
TXN-004885,WS/MP021/2025-2026/242766,V1,madan singh,12123.0,2026-07-17,"12,123.00 - 12,123.00",0.0,LOW,Payment Success
TXN-004886,WS/MP18194/2025-2026/236857,V1,S K ROMAN PAINTS HARDWARE AND ELECTRICALS,198652.0,2026-07-01,"198,652.00 - 198,652.00",0.0,LOW,Payment Success
TXN-004887,WS/MP300/2026-2027/160803,V1,PARKLANDS SOLAR PRIVATE LIMITED,100000.0,2026-07-28,"100,000.00 - 100,000.00",0.0,LOW,Payment Success
TXN-004888,WS/MP300/2026-2027/160805,V1,PARKLANDS SOLAR PRIVATE LIMITED,100000.0,2026-08-04,"100,000.00 - 100,000.00",0.0,LOW,Payment Success
TXN-004889,WS/MP300/2026-2027/160802,V1,PARKLANDS SOLAR PRIVATE LIMITED,100000.0,2026-08-04,"100,000.00 - 100,000.00",0.0,LOW,Payment Success
TXN-004890,WS/MP300/2026-2027/160801,V1,PARKLANDS SOLAR PRIVATE LIMITED,100000.0,2026-08-04,"100,000.00 - 100,000.00",0.0,LOW,Payment Success
TXN-004891,WS/MP300/2024-2025/160231,V1,PARKLANDS SOLAR PRIVATE LIMITED,99000.0,2026-07-14,"100,000.00 - 100,000.00",-1.0,LOW,Payment Success
TXN-004892,WS/MP300/2024-2025/160732,V1,PARKLANDS SOLAR PRIVATE LIMITED,100000.0,2026-07-02,"100,000.00 - 100,000.00",0.0,LOW,Payment Success
TXN-004893,WS/MP300/2024-2025/160244,V1,PARKLANDS SOLAR PRIVATE LIMITED,100000.0,2026-07-19,"100,000.00 - 100,000.00",0.0,LOW,Payment Success
TXN-004894,WS/MP300/2024-2025/160236,V1,PARKLANDS SOLAR PRIVATE LIMITED,100000.0,2026-07-19,"100,000.00 - 100,000.00",0.0,LOW,Payment Success
TXN-004895,WS/MP300/2024-2025/160232,V1,PARKLANDS SOLAR PRIVATE LIMITED,100000.0,2026-07-16,"100,000.00 - 100,000.00",0.0,LOW,Payment Success
TXN-004896,WS/MP300/2024-2025/160246,V1,PARKLANDS SOLAR PRIVATE LIMITED,100000.0,2026-07-16,"100,000.00 - 100,000.00",0.0,LOW,Payment Success
TXN-004897,WS/MP300/2024-2025/160245,V1,PARKLANDS SOLAR PRIVATE LIMITED,100000.0,2026-07-16,"100,000.00 - 100,000.00",0.0,LOW,Payment Success
TXN-004898,WS/MP300/2024-2025/160240,V1,PARKLANDS SOLAR PRIVATE LIMITED,100000.0,2026-07-16,"100,000.00 - 100,000.00",0.0,LOW,Payment Success
TXN-004899,WS/MP300/2024-2025/160242,V1,PARKLANDS SOLAR PRIVATE LIMITED,100000.0,2026-07-16,"100,000.00 - 100,000.00",0.0,LOW,Payment Success
TXN-004900,WS/MP300/2024-2025/160239,V1,PARKLANDS SOLAR PRIVATE LIMITED,100000.0,2026-07-16,"100,000.00 - 100,000.00",0.0,LOW,Payment Success
TXN-004901,WS/MP300/2024-2025/160237,V1,PARKLANDS SOLAR PRIVATE LIMITED,100000.0,2026-07-16,"100,000.00 - 100,000.00",0.0,LOW,Payment Success
TXN-004902,WS/MP300/2024-2025/160233,V1,PARKLANDS SOLAR PRIVATE LIMITED,100000.0,2026-07-16,"100,000.00 - 100,000.00",0.0,LOW,Payment Success
TXN-004903,WS/MP300/2026-2027/160804,V1,PARKLANDS SOLAR PRIVATE LIMITED,100000.0,2026-08-03,"100,000.00 - 100,000.00",0.0,LOW,Payment Success
TXN-004904,WS/MP300/2026-2027/160821,V1,PARKLANDS SOLAR PRIVATE LIMITED,100000.0,2026-08-03,"100,000.00 - 100,000.00",0.0,LOW,Payment Success
TXN-004905,WS/MP300/2026-2027/160820,V1,PARKLANDS SOLAR PRIVATE LIMITED,100000.0,2026-08-03,"100,000.00 - 100,000.00",0.0,LOW,Payment Success
TXN-004906,WS/MP18309/2026-2027/288128,V1,Gritalson Arengh,100000.0,2026-07-07,"100,000.00 - 100,000.00",0.0,LOW,Payment Success
TXN-004907,WS/MP440/2025-2026/161187,V1,BASEEL LATHEEF NK,914967.0,2026-07-03,"914,967.00 - 914,967.00",0.0,LOW,Payment Success
TXN-004908,WS/MP370/2025-2026/184871,V1,Sanjaya Kumar Patel,472648.0,2026-07-01,"472,648.00 - 472,648.00",0.0,LOW,Payment Success
TXN-004909,WS/MP18201/2026-2027/271033,V1,N K CONSTRUCTIONS,217777.0,2026-08-01,"316,721.20 - 1,027,178.00",-67.59,HIGH,Payment Success
TXN-004910,WS/MP18201/2026-2027/271034,V1,N K CONSTRUCTIONS,712498.0,2026-07-02,"316,721.20 - 1,027,178.00",6.03,LOW,Payment Success
TXN-004911,WS/MP18344/2025-2026/177796,V1,Nagka Garam Panchayat,331662.0,2026-07-08,"331,662.00 - 331,662.00",0.0,LOW,Payment Success
TXN-004912,WS/MP18358/2025-2026/187826,V1,Lokanath Behera,500000.0,2026-07-03,"500,000.00 - 500,000.00",0.0,LOW,Payment Success
TXN-004913,WS/MP791/2026-2027/252226,V1,LATE HARIHAR PRASAD SAHANI P M V,180000.0,2026-07-01,"85,500.00 - 169,500.00",41.18,MEDIUM,Payment Success
TXN-004914,WS/MP791/2026-2027/252226,V1,LATE HARIHAR PRASAD SAHANI P M V,75000.0,2026-08-17,"85,500.00 - 169,500.00",-41.18,MEDIUM,Payment Success
TXN-004915,WS/MP18356/2026-2027/219559,V1,SAJEEDHUSSAIN I SHAIKH,750000.0,2026-07-02,"276,154.50 - 697,350.50",54.08,HIGH,Payment Success
TXN-004916,WS/MP18356/2026-2027/219559,V1,SAJEEDHUSSAIN I SHAIKH,223505.0,2026-07-25,"276,154.50 - 697,350.50",-54.08,HIGH,Payment Success
TXN-004917,WS/MP477/2025-2026/258919,V1,asha devi,10374.0,2026-07-03,"8,975.40 - 10,218.60",8.1,LOW,Payment Success
TXN-004918,WS/MP477/2025-2026/258919,V1,shekhar chandra,10374.0,2026-07-03,"10,374.00 - 10,374.00",0.0,LOW,Payment Success
TXN-004919,WS/MP353/2025-2026/210702,V1,SATHAR C M,718082.0,2026-07-03,"718,082.00 - 718,082.00",0.0,LOW,Payment Success
TXN-004920,WS/MP477/2025-2026/258919,V1,pankaj joshi,10374.0,2026-07-03,"10,374.00 - 10,374.00",0.0,LOW,Payment Success
TXN-004921,WS/MP18322/2026-2027/280862,V1,EXECUTIVE ENGINEER N R E P DEOGHAR MPLADS,150000.0,2026-07-02,"150,000.00 - 175,000.00",-7.69,LOW,Payment Success
TXN-004922,WS/MP18322/2026-2027/280861,V1,EXECUTIVE ENGINEER N R E P DEOGHAR MPLADS,175000.0,2026-07-02,"150,000.00 - 175,000.00",7.69,LOW,Payment Success
TXN-004923,WS/MP18322/2026-2027/280849,V1,EXECUTIVE ENGINEER N R E P DEOGHAR MPLADS,175000.0,2026-07-02,"150,000.00 - 175,000.00",7.69,LOW,Payment Success
TXN-004924,WS/MP18322/2026-2027/280851,V1,EXECUTIVE ENGINEER N R E P DEOGHAR MPLADS,150000.0,2026-07-02,"150,000.00 - 175,000.00",-7.69,LOW,Payment Success
TXN-004925,WS/MP18322/2026-2027/280853,V1,EXECUTIVE ENGINEER N R E P DEOGHAR MPLADS,150000.0,2026-07-02,"150,000.00 - 175,000.00",-7.69,LOW,Payment Success
TXN-004926,WS/MP18322/2026-2027/280852,V1,EXECUTIVE ENGINEER N R E P DEOGHAR MPLADS,162500.0,2026-07-02,"150,000.00 - 175,000.00",0.0,LOW,Payment Success
TXN-004927,WS/MP18322/2026-2027/280856,V1,EXECUTIVE ENGINEER N R E P DEOGHAR MPLADS,187500.0,2026-07-02,"150,000.00 - 175,000.00",15.38,LOW,Payment Success
TXN-004928,WS/MP18322/2026-2027/280855,V1,EXECUTIVE ENGINEER N R E P DEOGHAR MPLADS,150000.0,2026-07-02,"150,000.00 - 175,000.00",-7.69,LOW,Payment Success
TXN-004929,WS/MP18322/2026-2027/280854,V1,EXECUTIVE ENGINEER N R E P DEOGHAR MPLADS,150000.0,2026-07-02,"150,000.00 - 175,000.00",-7.69,LOW,Payment Success
TXN-004930,WS/MP18322/2026-2027/280859,V1,EXECUTIVE ENGINEER N R E P DEOGHAR MPLADS,175000.0,2026-07-02,"150,000.00 - 175,000.00",7.69,LOW,Payment Success
TXN-004931,WS/MP18322/2026-2027/280850,V1,EXECUTIVE ENGINEER N R E P DEOGHAR MPLADS,150000.0,2026-07-02,"150,000.00 - 175,000.00",-7.69,LOW,Payment Success
TXN-004932,WS/MP18322/2026-2027/280857,V1,EXECUTIVE ENGINEER N R E P DEOGHAR MPLADS,200000.0,2026-07-02,"150,000.00 - 175,000.00",23.08,MEDIUM,Payment Success
TXN-004933,WS/MP18322/2026-2027/286714,V1,EXECUTIVE ENGINEER N R E P DEOGHAR MPLADS,162500.0,2026-07-13,"150,000.00 - 175,000.00",0.0,LOW,Payment Success
TXN-004934,WS/MP18322/2026-2027/286705,V1,EXECUTIVE ENGINEER N R E P DEOGHAR MPLADS,150000.0,2026-07-13,"150,000.00 - 175,000.00",-7.69,LOW,Payment Success
TXN-004935,WS/MP18322/2026-2027/286712,V1,EXECUTIVE ENGINEER N R E P DEOGHAR MPLADS,150000.0,2026-07-13,"150,000.00 - 175,000.00",-7.69,LOW,Payment Success
TXN-004936,WS/MP18322/2026-2027/286711,V1,EXECUTIVE ENGINEER N R E P DEOGHAR MPLADS,137500.0,2026-07-13,"150,000.00 - 175,000.00",-15.38,LOW,Payment Success
TXN-004937,WS/MP18322/2026-2027/286710,V1,EXECUTIVE ENGINEER N R E P DEOGHAR MPLADS,150000.0,2026-07-13,"150,000.00 - 175,000.00",-7.69,LOW,Payment Success
TXN-004938,WS/MP18322/2026-2027/286706,V1,EXECUTIVE ENGINEER N R E P DEOGHAR MPLADS,150000.0,2026-07-13,"150,000.00 - 175,000.00",-7.69,LOW,Payment Success
TXN-004939,WS/MP18322/2026-2027/286709,V1,EXECUTIVE ENGINEER N R E P DEOGHAR MPLADS,162500.0,2026-07-13,"150,000.00 - 175,000.00",0.0,LOW,Payment Success
TXN-004940,WS/MP18322/2026-2027/286700,V1,EXECUTIVE ENGINEER N R E P DEOGHAR MPLADS,162500.0,2026-07-13,"150,000.00 - 175,000.00",0.0,LOW,Payment Success
TXN-004941,WS/MP18322/2026-2027/286699,V1,EXECUTIVE ENGINEER N R E P DEOGHAR MPLADS,175000.0,2026-07-13,"150,000.00 - 175,000.00",7.69,LOW,Payment Success
TXN-004942,WS/MP18322/2026-2027/286704,V1,EXECUTIVE ENGINEER N R E P DEOGHAR MPLADS,150000.0,2026-07-13,"150,000.00 - 175,000.00",-7.69,LOW,Payment Success
TXN-004943,WS/MP18322/2026-2027/286702,V1,EXECUTIVE ENGINEER N R E P DEOGHAR MPLADS,162500.0,2026-07-13,"150,000.00 - 175,000.00",0.0,LOW,Payment Success
TXN-004944,WS/MP18322/2026-2027/286707,V1,EXECUTIVE ENGINEER N R E P DEOGHAR MPLADS,150000.0,2026-07-13,"150,000.00 - 175,000.00",-7.69,LOW,Payment Success
TXN-004945,WS/MP18115/2026-2027/186442,V1,GRAM PANCHAYAT MALIDA,700000.0,2026-07-17,"700,000.00 - 700,000.00",0.0,LOW,Payment Success
TXN-004946,WS/MP18190/2026-2027/212919,V1,SUTRAPU RAJENDRA PRASAD,174772.0,2026-07-01,"174,772.00 - 175,000.00",-0.07,LOW,Payment Success
TXN-004947,WS/MP18190/2026-2027/212901,V1,SUTRAPU RAJENDRA PRASAD,175000.0,2026-07-01,"174,772.00 - 175,000.00",0.07,LOW,Payment Success
TXN-004948,WS/MP18190/2026-2027/212892,V1,SUTRAPU RAJENDRA PRASAD,175000.0,2026-07-01,"174,772.00 - 175,000.00",0.07,LOW,Payment Success
TXN-004949,WS/MP18190/2026-2027/212898,V1,SUTRAPU RAJENDRA PRASAD,175000.0,2026-07-01,"174,772.00 - 175,000.00",0.07,LOW,Payment Success
TXN-004950,WS/MP18190/2026-2027/212903,V1,SUTRAPU RAJENDRA PRASAD,174772.0,2026-07-01,"174,772.00 - 175,000.00",-0.07,LOW,Payment Success
TXN-004951,WS/MP18190/2026-2027/212909,V1,SUTRAPU RAJENDRA PRASAD,174772.0,2026-07-01,"174,772.00 - 175,000.00",-0.07,LOW,Payment Success
TXN-004952,WS/MP18190/2026-2027/212957,V1,SUTRAPU RAJENDRA PRASAD,174772.0,2026-07-01,"174,772.00 - 175,000.00",-0.07,LOW,Payment Success
TXN-004953,WS/MP18191/2025-2026/241719,V1,Gavinolla Chandra Reddy,499722.0,2026-07-08,"499,722.00 - 499,722.00",0.0,LOW,Payment Success
TXN-004954,WS/MP18054/2025-2026/196201,V1,THADOD GRAM PANCHAYAT,100000.0,2026-08-03,"100,000.00 - 100,000.00",0.0,LOW,Payment Success
TXN-004955,WS/MP18188/2025-2026/219356,V1,Medi Krishna,500000.0,2026-07-02,"500,000.00 - 500,000.00",0.0,LOW,Payment Success
TXN-004956,WS/MP18067/2025-2026/251822,V1,THE SHIVAM CO OP L AND C SOCIETY LTD,377197.0,2026-07-02,"377,197.00 - 377,197.00",0.0,LOW,Payment Success
TXN-004957,WS/MP751/2026-2027/236480,V1,SUBRAMANIAN,1499401.0,2026-08-11,"1,499,401.00 - 1,499,401.00",0.0,LOW,Payment Success
TXN-004958,WS/MP791/2026-2027/252225,V1,JANTA INTER COLLEGE ASIDHAWA,300000.0,2026-07-01,"142,500.00 - 282,500.00",41.18,MEDIUM,Payment Success
TXN-004959,WS/MP791/2026-2027/252225,V1,JANTA INTER COLLEGE ASIDHAWA,125000.0,2026-08-03,"142,500.00 - 282,500.00",-41.18,MEDIUM,Payment Success
TXN-004960,WS/MP577/2024-2025/133600,V1,GRAM PANCHAYAT SAHADA,249291.0,2026-07-03,"249,291.00 - 249,291.00",0.0,LOW,Payment Success
TXN-004961,WS/MP18305/2025-2026/182699,V1,FAZIL AHAMMED P,320090.0,2026-07-06,"320,090.00 - 320,090.00",0.0,LOW,Payment Success
TXN-004962,WS/MP761/2026-2027/170560,V1,Gaddam Ravikiran Reddy,400000.0,2026-07-03,"400,000.00 - 400,000.00",0.0,LOW,Payment Success
TXN-004963,WS/MP18306/2026-2027/259840,V1,Noushad P,497522.0,2026-07-02,"497,522.00 - 497,522.00",0.0,LOW,Payment Success
TXN-004964,WS/MP18305/2026-2027/283104,V1,KAPS MOTORS,110518.0,2026-07-06,"110,518.00 - 110,518.00",0.0,LOW,Payment Success
TXN-004965,WS/MP18086/2025-2026/212759,V1,B H Harish,375000.0,2026-07-04,"375,000.00 - 375,000.00",0.0,LOW,Payment Success
TXN-004966,WS/MP18069/2025-2026/212347,V1,TCM Steels,114667.0,2026-07-01,"114,667.00 - 114,667.00",0.0,LOW,Payment Success
TXN-004967,WS/MP013/2025-2026/249449,V1,PRATIGYA HARDWARE STORE,314974.0,2026-07-29,"314,974.00 - 314,974.00",0.0,LOW,Payment Success
TXN-004968,WS/MP18323/2026-2027/146709,V1,CHAIRMAN NAMDEO MAHARAJ MAJOOR SAHKARI SANSTHA LIMITED LIMBOLI,292053.0,2026-07-24,"292,053.00 - 292,053.00",0.0,LOW,Payment Success
TXN-004969,WS/MP18139/2025-2026/241578,V1,BDO LAKHANPUR,34499.0,2026-07-07,"29,178.20 - 34,268.60",8.75,LOW,Payment Success
TXN-004970,WS/MP18139/2025-2026/241585,V1,BDO LAKHANPUR,28136.0,2026-07-13,"29,178.20 - 34,268.60",-11.31,LOW,Payment Success
TXN-004971,WS/MP18139/2026-2027/278874,V1,BDO LAKHANPUR,33347.0,2026-07-09,"29,178.20 - 34,268.60",5.12,LOW,Payment Success
TXN-004972,WS/MP18020/2026-2027/253744,V1,MS SARMA TIMBER FARNITURE HOUSE,125158.0,2026-08-04,"125,158.00 - 125,158.00",0.0,LOW,Payment Success
TXN-004973,WS/MP716/2025-2026/210105,V1,Punjab Cement Store,5500.0,2026-07-01,"5,500.00 - 5,500.00",0.0,LOW,Payment Success
TXN-004974,WS/MP18314/2025-2026/219730,V1,JARNAIL SINGH,2758.0,2026-08-14,"2,758.00 - 2,758.00",0.0,LOW,Payment Success
TXN-004975,WS/MP568/2026-2027/276219,V1,SARPANCH GRAM PANCHAYAT RUHI,200000.0,2026-08-06,"200,000.00 - 200,000.00",0.0,LOW,Payment Success
TXN-004976,WS/MP568/2026-2027/279466,V1,SARPANCH GRAM PANCHAYAT PARSAHI,350000.0,2026-07-06,"350,000.00 - 350,000.00",0.0,LOW,Payment Success
TXN-004977,WS/MP18020/2026-2027/254043,V1,Rennovation of Natghar at Rabhapara,240000.0,2026-07-03,"240,000.00 - 240,000.00",0.0,LOW,Payment Success
TXN-004978,WS/MP578/2025-2026/241833,V1,KAHONA GRAM PANCAHAYT,100000.0,2026-07-07,"100,000.00 - 100,000.00",0.0,LOW,Payment Success
TXN-004979,WS/MP370/2024-2025/161180,V1,SAGARIKA SWAIN,900000.0,2026-07-03,"551,583.90 - 861,287.10",27.4,MEDIUM,Payment Success
TXN-004980,WS/MP370/2024-2025/145374,V1,SAGARIKA SWAIN,512871.0,2026-07-03,"551,583.90 - 861,287.10",-27.4,MEDIUM,Payment Success
TXN-004981,WS/MP18020/2026-2027/253745,V1,AAI LAXMI ENTERPRISE,89557.0,2026-08-12,"89,557.00 - 89,557.00",0.0,LOW,Payment Success
TXN-004982,WS/MP18117/2025-2026/164512,V1,GRAMNIDHI GRAMPANCHAYAT KAUTHAL,989166.0,2026-07-08,"989,166.00 - 989,166.00",0.0,LOW,Payment Success
TXN-004983,WS/MP18356/2026-2027/169972,V1,SHRINIVASKUMAR GADIVADDAR,375000.0,2026-07-02,"149,859.60 - 349,984.40",50.05,HIGH,Payment Success
TXN-004984,WS/MP18356/2026-2027/169972,V1,SHRINIVASKUMAR GADIVADDAR,124844.0,2026-07-19,"149,859.60 - 349,984.40",-50.05,HIGH,Payment Success
TXN-004985,WS/MP18065/2025-2026/209974,V1,A V ENTERPRISES,498234.0,2026-07-01,"211,813.50 - 466,409.50",46.92,MEDIUM,Payment Success
TXN-004986,WS/MP18065/2025-2026/239251,V1,A V ENTERPRISES,179989.0,2026-07-06,"211,813.50 - 466,409.50",-46.92,MEDIUM,Payment Success
TXN-004987,WS/MP18356/2026-2027/213086,V1,NAVEEN HANAMANT WAGH,375000.0,2026-07-02,"148,301.70 - 349,811.30",50.57,HIGH,Payment Success
TXN-004988,WS/MP18356/2026-2027/213086,V1,NAVEEN HANAMANT WAGH,123113.0,2026-07-25,"148,301.70 - 349,811.30",-50.57,HIGH,Payment Success
TXN-004989,WS/MP575/2026-2027/273413,V1,GRAM PANCHAYAT CHHINAM,500000.0,2026-07-06,"500,000.00 - 500,000.00",0.0,LOW,Payment Success
TXN-004990,WS/MP18355/2025-2026/158349,V1,KRISHNAPPA C S,4681278.0,2026-07-02,"4,681,278.00 - 4,681,278.00",0.0,LOW,Payment Success
TXN-004991,WS/MP18181/2026-2027/203793,V1,Kandhasamy N,2000000.0,2026-07-22,"2,000,000.00 - 2,000,000.00",0.0,LOW,Payment Success
TXN-004992,WS/MP18191/2025-2026/234927,V1,Mallareddy Vutukuru,994273.0,2026-07-17,"994,273.00 - 994,273.00",0.0,LOW,Payment Success
TXN-004993,WS/MP18005/2025-2026/245775,V1,SAHARA INFRASTRUCTURES,672004.0,2026-08-01,"678,705.60 - 732,318.40",-4.75,LOW,Payment Success
TXN-004994,WS/MP18005/2025-2026/245775,V1,SAHARA INFRASTRUCTURES,739020.0,2026-07-15,"678,705.60 - 732,318.40",4.75,LOW,Payment Success
TXN-004995,WS/MP18144/2026-2027/269156,V1,SAROJ KANTA NAIK,500000.0,2026-07-23,"300,000.00 - 500,000.00",25.0,MEDIUM,Payment Success
TXN-004996,WS/MP18144/2026-2027/269139,V1,SAROJ KANTA NAIK,300000.0,2026-07-23,"300,000.00 - 500,000.00",-25.0,MEDIUM,Payment Success
TXN-004997,WS/MP18144/2025-2026/163589,V1,SAROJ KANTA NAIK,400000.0,2026-07-23,"300,000.00 - 500,000.00",0.0,LOW,Payment Success
TXN-004998,WS/MP18144/2026-2027/269149,V1,SAROJ KANTA NAIK,500000.0,2026-07-23,"300,000.00 - 500,000.00",25.0,MEDIUM,Payment Success
TXN-004999,WS/MP18144/2026-2027/269146,V1,SAROJ KANTA NAIK,300000.0,2026-07-15,"300,000.00 - 500,000.00",-25.0,MEDIUM,Payment Success
TXN-005000,WS/MP18144/2026-2027/269138,V1,SAROJ KANTA NAIK,300000.0,2026-07-15,"300,000.00 - 500,000.00",-25.0,MEDIUM,Payment Success
