sr_no,state,ida,mp_name,mp_key,constituency,work_raw,work_id,work_category,work_description,recommended_date,recommended_amount,sanction_date,sr_no_san,work_raw_san,sanction_date_san,sanction_amount,work_status,sr_no_comp,work_raw_comp,completion_date,amount_disbursed,completion_status,expenditure_amount,expenditure_date,vendor_name,vendor_key,expenditure_transaction_count,payment_status,allocated_amount,allocation_state,allocation_constituency,calamity_count,calamity_consent_amount,calamity_types,effective_sanction_amount,recommendation_to_sanction_days,sanction_to_expenditure_days,project_duration_days,utilization_pct,cost_overrun_amount,cost_deviation_pct,remaining_sanction_amount,allocation_utilization_pct,effectively_completed,mp_total_projects,mp_total_sanction_amount,mp_total_expenditure_amount,mp_utilization_pct,category_median_sanction,cost_vs_category_median_pct,vendor_project_count,vendor_total_payment,vendor_average_payment,vendor_mp_count,vendor_state_count,vendor_payment_share_pct,flag_unusual_expenditure,flag_cost_overrun,flag_extreme_cost_overrun,flag_delayed_project,flag_suspicious_vendor,flag_multiple_payments,flag_duplicate_payment,flag_duplicate_beneficiary,flag_geographic_inconsistency,flag_transaction_outlier,anomaly_count,rule_score,ml_anomaly_score,risk_score,risk_category,risk_signal_strength,anomaly_type,explanation
509,West Bengal,DARJEELING(DISTRICT MAGISTRATE DARJEELING_IDA),Raju Bista,RAJU BISTA,DARJEELING,NA-Construction of additional rooms and halls in the existing public and community building,NA-CONSTRUCTIONOFADDITIONALROOMSANDHALLSINTHEEXISTINGPUBLICANDCOMMUNITYBUILDING,Normal/Others,"Construction of additional rooms at Milan Sangha, Naguru Jote, Nimai, Patharghata Gram Panchayat Ref: Shailesh Sing (7384197077)",2024-08-16,500000.0,,,,,,,,,,,,,,,,,,147000000.0,West Bengal,DARJEELING,,,,500000.0,,,,,,,,0.3401360544217687,0,4,1987274.0,1483321.0,74.6409906233363,600000.0,-16.666666666666664,0,0.0,0.0,0,0,,0,0,0,0,0,0,0,0,0,0,0,0,6.242216228812827,3.75,Low,0.0,None,No material anomaly signal detected.
2735,Gujarat,Dahod(DISTRICT COLLECTOR DOHAD_IDA),Jaswantsinh Sumanbhai Bhabhor,JASWANTSINH SUMANBHAI BHABHOR,DAHOD(ST),NA-Construction of buildings for community cultural activities,NA-CONSTRUCTIONOFBUILDINGSFORCOMMUNITYCULTURALACTIVITIES,Normal/Others,bavka game sarve number 454 ma samajghar nu kam,2024-09-20,2500000.0,,,,,,,,,,,,,,,,,,147000000.0,Gujarat,DAHOD(ST),,,,2500000.0,,,,,,,,1.7006802721088436,0,5,3800000.0,4660843.0,122.65376315789473,600000.0,316.66666666666663,0,0.0,0.0,0,0,,0,0,0,0,0,0,0,0,0,0,0,0,31.96045011037724,19.18,Low,11.5,None,No material anomaly signal detected.
1937,Kerala,ALAPPUZHA(DISTRICT COLLECTOR ALAPPUZHA_IDA),K. C VENUGOPAL,K C VENUGOPAL,ALAPPUZHA,NA-Construction of buildings for crèches and anganwadies,NA-CONSTRUCTIONOFBUILDINGSFORCRÈCHESANDANGANWADIES,Normal/Others,Construction of a building for Anganwadi No.18 in the 1st ward of Devikulangara GP,2024-09-06,1500000.0,,,,,,,,,,,,,,,,,,147000000.0,Kerala,ALAPPUZHA,,,,1500000.0,,,,,,,,1.0204081632653061,0,4,4658334.0,154707.0,3.321080025605721,600000.0,150.0,0,0.0,0.0,0,0,,0,0,0,0,0,0,0,0,0,0,0,0,10.938250131305999,6.56,Low,0.0,None,No material anomaly signal detected.
3561,Kerala,PATHANAMTHITTA(DISTRICT COLLECTOR PATHANAMTHITTA_IDA),Anto Antony,ANTO ANTONY,PATHANAMTHITTA,NA-Construction of bus-sheds or bus-stops,NA-CONSTRUCTIONOFBUS-SHEDSORBUS-STOPS,Normal/Others,Construction of Bus waiting Shed at Placherry Junction.,2024-09-24,500000.0,,,,,,,,,,,,,,,,,,147000000.0,Kerala,PATHANAMTHITTA,,,,500000.0,,,,,,,,0.3401360544217687,0,6,2417190.0,801857.0,33.17310596188136,600000.0,-16.666666666666664,0,0.0,0.0,0,0,,0,0,0,0,0,0,0,0,0,0,0,0,16.20904039431112,9.73,Low,0.0,None,No material anomaly signal detected.
1798,Maharashtra,YAVATMAL(DISTRICT COLLECTOR YAVATMAL_IDA),Sanjay Uttamrao Deshmukh,SANJAY UTTAMRAO DESHMUKH,YAVATMAL-WASHIM,NA-Construction of common work sheds/ common covered sitting area,NA-CONSTRUCTIONOFCOMMONWORKSHEDS/COMMONCOVEREDSITTINGAREA,Normal/Others,Construction of common coverd sitting work shed for senior citizen at anywhere in Old Digras-Darwha Road,2024-10-07,500000.0,,,,,,,,,,,,,,,,,,185640423.0,Maharashtra,YAVATMAL-WASHIM,,,,500000.0,,,,,,,,0.26933789091829424,0,1,500000.0,0.0,0.0,600000.0,-16.666666666666664,0,0.0,0.0,0,0,,0,0,0,0,0,0,0,0,0,0,0,0,4.742153870853554,2.85,Low,0.0,None,No material anomaly signal detected.
3178,Assam,NAGAON(DEPUTY COMMISSIONER NOWGONG_IDA),Pradyut Bordoloi,PRADYUT BORDOLOI,NOWGONG,NA-Construction of community centers and community halls,NA-CONSTRUCTIONOFCOMMUNITYCENTERSANDCOMMUNITYHALLS,Normal/Others,"Construction of community hall at Teromile near Iman Ali house, Pachim Salpara, Salpara GP",2024-12-02,200000.0,,,,,,,,,,,,,,,,,,98000000.0,Assam,NOWGONG,,,,200000.0,,,,,,,,0.20408163265306123,0,3,600000.0,467686.0,77.94766666666668,600000.0,-66.66666666666666,0,0.0,0.0,0,0,,0,0,0,0,0,0,0,0,0,0,0,0,13.321009789549151,7.99,Low,0.0,None,No material anomaly signal detected.
1938,Kerala,ALAPPUZHA(DISTRICT COLLECTOR ALAPPUZHA_IDA),K. C VENUGOPAL,K C VENUGOPAL,ALAPPUZHA,"NA-Construction of Government office buildings (Post office, Police station, Police chauki, etc.)","NA-CONSTRUCTIONOFGOVERNMENTOFFICEBUILDINGS(POSTOFFICE,POLICESTATION,POLICECHAUKI,ETC.)",Normal/Others,Construction of a building for Health Sub centre in the 18th ward of Thanneermukkam GP,2024-09-06,2000000.0,,,,,,,,,,,,,,,,,,147000000.0,Kerala,ALAPPUZHA,,,,2000000.0,,,,,,,,1.3605442176870748,0,4,4658334.0,154707.0,3.321080025605721,600000.0,233.33333333333334,0,0.0,0.0,0,0,,0,0,0,0,0,0,0,0,0,0,0,0,14.753460960691825,8.85,Low,0.0,None,No material anomaly signal detected.
2741,Gujarat,Dahod(DISTRICT COLLECTOR DOHAD_IDA),Jaswantsinh Sumanbhai Bhabhor,JASWANTSINH SUMANBHAI BHABHOR,DAHOD(ST),NA-Construction of public irrigation facilities,NA-CONSTRUCTIONOFPUBLICIRRIGATIONFACILITIES,Normal/Others,nagvav game patel faliya ma samuhik kuva nu kam,2024-09-20,300000.0,,,,,,,,,,,,,,,,,,147000000.0,Gujarat,DAHOD(ST),,,,300000.0,,,,,,,,0.20408163265306123,0,5,3800000.0,4660843.0,122.65376315789473,600000.0,-50.0,0,0.0,0.0,0,0,,0,0,0,0,0,0,0,0,0,0,0,0,20.07181807751685,12.04,Low,2.5,None,No material anomaly signal detected.
353,West Bengal,Cooch Behar(DISTRICT MAGISTRATE COOCHBEHAR_IDA),JAGADISH CHANDRA BARMA BASUNIA,JAGADISH CHANDRA BARMA BASUNIA,COOCHBEHAR(SC),"NA-Construction of roads, link roads, pathways or any other road with or without drainage system","NA-CONSTRUCTIONOFROADS,LINKROADS,PATHWAYSORANYOTHERROADWITHORWITHOUTDRAINAGESYSTEM",Normal/Others,ESTIMATE FOR CONSTRUCTION OF BLACKTOP ROAD FROM BABUMIAH TO CHANDI SAL ROAD VIA SASHADHAR ROY HOUSE AT DUDHER KUTHI DEWANBOSH UNDER SUKTABARI G.P. WITHIN COOCH BEHAR-I P.S.,2025-03-07,5697372.0,,,,,,,,,,,,,,,,,,168604641.11,West Bengal,COOCHBEHAR(SC),,,,5697372.0,,,,,,,,3.379131180785798,0,4,10184723.0,0.0,0.0,600000.0,849.562,0,0.0,0.0,0,0,,0,0,0,0,0,0,0,0,0,0,0,0,59.3828069927402,35.63,Medium,32.0,None,No material anomaly signal detected.
3495,West Bengal,North 24 Parganas(DISTRICT MAGISTRATE NORTH TWENTY FOUR PARGANAS_IDA),SK NURUL ISLAM,SK NURUL ISLAM,BASIRHAT,NA-Construction of rooms and halls in school and colleges,NA-CONSTRUCTIONOFROOMSANDHALLSINSCHOOLANDCOLLEGES,Trust and Society,Construction of Building of Jamia Rahmania Madrasah run by All India Sunnat Al Jamayat under Ghorarash Kulingram G.P & Basirhat II Panchayat Samity. (Sl.No-2),2024-09-20,2000000.0,,,,,,,,,,,,,,,,,,49000000.0,West Bengal,BASIRHAT,,,,2000000.0,,,,,,,,4.081632653061225,0,6,5750000.0,0.0,0.0,1000000.0,100.0,0,0.0,0.0,0,0,,0,0,0,0,0,0,0,0,0,0,0,0,70.85697955040442,42.51,Medium,40.6,ML Anomaly,multivariate pattern is unusual versus uploaded batch
1764,West Bengal,North 24 Parganas(DISTRICT MAGISTRATE NORTH TWENTY FOUR PARGANAS_IDA),SK NURUL ISLAM,SK NURUL ISLAM,BASIRHAT,NA-Construction of water tanks,NA-CONSTRUCTIONOFWATERTANKS,Normal/Others,Installation of Arsenic Free Water Tank and others development at different places at Gopalpur I G.P under Haroa Block (SLNo. 48 to 50),2024-09-05,850000.0,,,,,,,,,,,,,,,,,,49000000.0,West Bengal,BASIRHAT,,,,850000.0,,,,,,,,1.7346938775510203,0,6,5750000.0,0.0,0.0,600000.0,41.66666666666667,0,0.0,0.0,0,0,,0,0,0,0,0,0,0,0,0,0,0,0,36.20518513275176,21.72,Low,14.6,None,No material anomaly signal detected.
1752,West Bengal,North 24 Parganas(DISTRICT MAGISTRATE NORTH TWENTY FOUR PARGANAS_IDA),SK NURUL ISLAM,SK NURUL ISLAM,BASIRHAT,NA-Crematoriums/energy efficient crematoriums or structures on burial/cremation ground,NA-CREMATORIUMS/ENERGYEFFICIENTCREMATORIUMSORSTRUCTURESONBURIAL/CREMATIONGROUND,Normal/Others,Development of Chandipur Samsanghat under Chandipur G.P and Baduria Panchayet Samity (SL. No-36).,2024-09-05,500000.0,,,,,,,,,,,,,,,,,,49000000.0,West Bengal,BASIRHAT,,,,500000.0,,,,,,,,1.0204081632653061,0,6,5750000.0,0.0,0.0,600000.0,-16.666666666666664,0,0.0,0.0,0,0,,0,0,0,0,0,0,0,0,0,0,0,0,34.000751073877574,20.4,Low,13.0,None,No material anomaly signal detected.
326,West Bengal,Cooch Behar(DISTRICT MAGISTRATE COOCHBEHAR_IDA),JAGADISH CHANDRA BARMA BASUNIA,JAGADISH CHANDRA BARMA BASUNIA,COOCHBEHAR(SC),NA-Development of public parks,NA-DEVELOPMENTOFPUBLICPARKS,Normal/Others,CONSTRUCTION OF BOUNDARY WALL AT PANCHAYAT SAMITI PARK WITHIN SITALKUCHI DEV. BLOCK IN THE DISTRICT OF COOCH BEHAR.,2025-03-07,2823486.0,,,,,,,,,,,,,,,,,,168604641.11,West Bengal,COOCHBEHAR(SC),,,,2823486.0,,,,,,,,1.674619382605203,0,4,10184723.0,0.0,0.0,600000.0,370.581,0,0.0,0.0,0,0,,0,0,0,0,0,0,0,0,0,0,0,0,29.972905605761017,17.98,Low,10.0,None,No material anomaly signal detected.
2979,West Bengal,North 24 Parganas(DISTRICT MAGISTRATE NORTH TWENTY FOUR PARGANAS_IDA),Kakoli Ghosh Dastidar,KAKOLI GHOSH DASTIDAR,BARASAT,NA-Installing community drinking water plants,NA-INSTALLINGCOMMUNITYDRINKINGWATERPLANTS,Normal/Others,Arsenic free drinking water,2024-09-15,150000.0,,,,,,,,,,,,,,,,,,147000000.0,West Bengal,BARASAT,,,,150000.0,,,,,,,,0.10204081632653061,0,4,13589911.0,0.0,0.0,600000.0,-75.0,0,0.0,0.0,0,0,,0,0,0,0,0,0,0,0,0,0,0,0,25.854182428543794,15.51,Low,6.9,None,No material anomaly signal detected.
4264,Uttar Pradesh,KAUSHAMBI(DISTRICT MAGISTRAE KAUSHAMBI_IDA),PUSHPENDRA SAROJ,PUSHPENDRA SAROJ,KAUSHAMBI(SC),NA-Installing hand pumps,NA-INSTALLINGHANDPUMPS,Normal/Others,Balwant S/o Ram Subhag Yadav ke Ghar ke samne Handpump,2024-09-25,74000.0,,,,,,,,,,,,,,,,,,147000000.0,Uttar Pradesh,KAUSHAMBI(SC),,,,74000.0,,,,,,,,0.050340136054421766,0,3,198720.0,6218338.0,3129.1958534621576,600000.0,-87.66666666666667,0,0.0,0.0,0,0,,0,0,0,0,0,0,0,0,0,0,0,0,48.944159999579014,29.37,Low,24.2,None,No material anomaly signal detected.
1573,Tamil Nadu,TIRUPPUR(DISTRICT COLLECTOR TIRUPPUR_IDA),K Subbarayan,K SUBBARAYAN,TIRUPPUR,NA-Installing tube-wells and borewells,NA-INSTALLINGTUBE-WELLSANDBOREWELLS,Normal/Others,"Providing new borewell and water supply facilities at ward no-21, Tiruppur corporation",2024-09-03,800000.0,,,,,,,,,,,,,,,,,,147000000.0,Tamil Nadu,TIRUPPUR,,,,800000.0,,,,,,,,0.5442176870748299,0,4,7630059.0,0.0,0.0,600000.0,33.33333333333333,0,0.0,0.0,0,0,,0,0,0,0,0,0,0,0,0,0,0,0,9.985772273535106,5.99,Low,0.0,None,No material anomaly signal detected.
3572,Kerala,PATHANAMTHITTA(DISTRICT COLLECTOR PATHANAMTHITTA_IDA),Anto Antony,ANTO ANTONY,PATHANAMTHITTA,NA-Lighting of public spaces,NA-LIGHTINGOFPUBLICSPACES,Normal/Others,Providing 8 Meter LED Mini Mast Light at Mandappuzha Puthuval Colony in Ranni- Perunadu Grama Panchayat.(SC),2024-09-24,250000.0,,,,,,,,,,,,,,,,,,147000000.0,Kerala,PATHANAMTHITTA,,,,250000.0,,,,,,,,0.17006802721088435,0,6,2417190.0,801857.0,33.17310596188136,600000.0,-58.333333333333336,0,0.0,0.0,0,0,,0,0,0,0,0,0,0,0,0,0,0,0,19.583103436105148,11.75,Low,2.2,None,No material anomaly signal detected.
4509,Maharashtra,LATUR(DISTRICT COLLECTOR LATUR_IDA),DR KALGE SHIVAJI BANDAPPA,DR KALGE SHIVAJI BANDAPPA,LATUR(SC),NA-Providing drains and gutters for public drainage,NA-PROVIDINGDRAINSANDGUTTERSFORPUBLICDRAINAGE,Normal/Others,"Construction of drainage and gutter at Kokane House and others within Mhada Colony at Islampura,ward No.4,Latur Municipal Corporation",2024-09-27,1500000.0,,,,,,,,,,,,,,,,,,147000000.0,Maharashtra,LATUR(SC),,,,1500000.0,,,,,,,,1.0204081632653061,0,3,3091677.0,3585791.0,115.98207057205524,600000.0,150.0,0,0.0,0.0,0,0,,0,0,0,0,0,0,0,0,0,0,0,0,12.909656066032133,7.75,Low,0.0,None,No material anomaly signal detected.
3461,Kerala,KOTTAYAM(DISTRICT COLLECTOR KOTTAYAM_IDA),Anto Antony,ANTO ANTONY,PATHANAMTHITTA,NA-Purchase Books for Library,NA-PURCHASEBOOKSFORLIBRARY,Bar and Associations,"Providing Library Books to Bar Association, Kanjirappally in Chirakkadavu Grama Panchayat.",2024-09-20,50000.0,,,,,,,,,,,,,,,,,,147000000.0,Kerala,PATHANAMTHITTA,,,,50000.0,,,,,,,,0.03401360544217687,0,6,2417190.0,801857.0,33.17310596188136,50000.0,0.0,0,0.0,0.0,0,0,,0,0,0,0,0,0,0,0,0,0,0,0,22.964750466987162,13.78,Low,4.7,None,No material anomaly signal detected.
2993,West Bengal,North 24 Parganas(DISTRICT MAGISTRATE NORTH TWENTY FOUR PARGANAS_IDA),Kakoli Ghosh Dastidar,KAKOLI GHOSH DASTIDAR,BARASAT,"NA-Purchase of ambulances (Four, three and two wheelers)","NA-PURCHASEOFAMBULANCES(FOUR,THREEANDTWOWHEELERS)",Normal/Others,Ambulance,2024-09-15,1440000.0,,,,,,,,,,,,,,,,,,147000000.0,West Bengal,BARASAT,,,,1440000.0,,,,,,,,0.9795918367346939,0,4,13589911.0,0.0,0.0,600000.0,140.0,0,0.0,0.0,0,0,,0,0,0,0,0,0,0,0,0,0,0,0,25.16596597108165,15.1,Low,6.4,None,No material anomaly signal detected.
3233,Gujarat,RAJKOT(DISTRICT COLLECTOR RAJKOT_IDA),PARSHOTTAMBHAI RUPALA,PARSHOTTAMBHAI RUPALA,RAJKOT,"NA-Purchase of hearse van (Four, three and two wheelers)","NA-PURCHASEOFHEARSEVAN(FOUR,THREEANDTWOWHEELERS)",Normal/Others,Purchase of Hearse Van at Kanpar village,2024-09-19,300000.0,,,,,,,,,,,,,,,,,,147000000.0,Gujarat,RAJKOT,,,,300000.0,,,,,,,,0.20408163265306123,0,2,1138978.0,0.0,0.0,600000.0,-50.0,0,0.0,0.0,0,0,,0,0,0,0,0,0,0,0,0,0,0,0,0.5495462921248963,0.33,Low,0.0,None,No material anomaly signal detected.
325,West Bengal,Cooch Behar(DISTRICT MAGISTRATE COOCHBEHAR_IDA),JAGADISH CHANDRA BARMA BASUNIA,JAGADISH CHANDRA BARMA BASUNIA,COOCHBEHAR(SC),NA-Purchase of immovable sports equipment,NA-PURCHASEOFIMMOVABLESPORTSEQUIPMENT,Normal/Others,ESTIMATE FOR SUPPLYING WITH INSTALLATION OF PARKING GAME MATERIALS INSTRUMENTS TOYS FOR PANCHAYAT SAMITI PARK WITHIN SITALKUCHI DEV. BLOCK IN THE DISTRICT OF COOCH BEHAR.,2025-03-07,1077149.0,,,,,,,,,,,,,,,,,,168604641.11,West Bengal,COOCHBEHAR(SC),,,,1077149.0,,,,,,,,0.6388608242979819,0,4,10184723.0,0.0,0.0,600000.0,79.52483333333333,0,0.0,0.0,0,0,,0,0,0,0,0,0,0,0,0,0,0,0,16.78776372560113,10.07,Low,0.1,None,No material anomaly signal detected.
3998,Maharashtra,Dharashiv(DISTRICT COLLECTOR OSMANABAD_IDA),Omprakash Bhupalsinh Alias Pawan Rajenimbalkar,OMPRAKASH BHUPALSINH ALIAS PAWAN RAJENIMBALKAR,OSMANABAD,"NA-Purchase of IT systems, including hardware and software for educational purposes","NA-PURCHASEOFITSYSTEMS,INCLUDINGHARDWAREANDSOFTWAREFOREDUCATIONALPURPOSES",Normal/Others,"Zilla Parishad Primary School, Takli Buying a computer at Paranda",2024-09-24,250000.0,,,,,,,,,,,,,,,,,,184758519.11,Maharashtra,OSMANABAD,,,,250000.0,,,,,,,,0.13531175785791888,0,4,1599674.0,1978374.0,123.67357349059871,600000.0,-58.333333333333336,0,0.0,0.0,0,0,,0,0,0,0,0,0,0,0,0,0,0,0,13.065503159720961,7.84,Low,0.0,None,No material anomaly signal detected.
1978,Kerala,ALAPPUZHA(DISTRICT COLLECTOR ALAPPUZHA_IDA),K. C VENUGOPAL,K C VENUGOPAL,ALAPPUZHA,NA-Setting up of kitchen and pantries,NA-SETTINGUPOFKITCHENANDPANTRIES,Normal/Others,"Setting up of a modern kitchen and Dining Hall in Govt. Muslim LPA, Punnapra",2024-09-06,800000.0,,,,,,,,,,,,,,,,,,147000000.0,Kerala,ALAPPUZHA,,,,800000.0,,,,,,,,0.5442176870748299,0,4,4658334.0,154707.0,3.321080025605721,600000.0,33.33333333333333,0,0.0,0.0,0,0,,0,0,0,0,0,0,0,0,0,0,0,0,7.523886491502467,4.51,Low,0.0,None,No material anomaly signal detected.
921,Andhra Pradesh,Eluru(DISTRICT COLLECTOR ELURU_IDA),Putta Mahesh Kumar,PUTTA MAHESH KUMAR,ELURU,NA-Setting up of laboratories,NA-SETTINGUPOFLABORATORIES,Normal/Others,Providing Laboratory equipment to Physical Science/Biological Science/Mathematics and Social Studies.,2024-08-26,400000.0,,,,,,,,,,,,,,,,,,147000000.0,Andhra Pradesh,ELURU,,,,400000.0,,,,,,,,0.27210884353741494,0,3,4004000.0,3534081.0,88.26376123876123,600000.0,-33.33333333333333,0,0.0,0.0,0,0,,0,0,0,0,0,0,0,0,0,0,0,0,8.69950381423236,5.22,Low,0.0,None,No material anomaly signal detected.
3443,Uttar Pradesh,DEORIA(DISTRICT MAGISTRATE DEORIA),RAMASHANKAR RAJBHAR,RAMASHANKAR RAJBHAR,SALEMPUR,NA-Street lights,NA-STREETLIGHTS,Normal/Others,"One 9 meter high mast LED light on town area Bhatpar rani, development block parisar",2024-09-24,319000.0,,,,,,,,,,,,,,,,,,160056927.07,Uttar Pradesh,SALEMPUR,,,,319000.0,,,,,,,,0.1993040887636729,0,3,1619000.0,1692076.0,104.5136504014824,600000.0,-46.833333333333336,0,0.0,0.0,0,0,,0,0,0,0,0,0,0,0,0,0,0,0,4.972861217122061,2.98,Low,0.0,None,No material anomaly signal detected.
,Gujarat,Ahmedabad(DISTRICT COLLECTOR AHMADABAD_IDA),Devusinh Jesingbhai Chauhan,DEVUSINH JESINGBHAI CHAUHAN,KHEDA,,WS/MP005/2024,Normal/Others,"Construction of C.C Road at Bhalan Para Vistar, Keshaji Mangaji House towards Dasrathbhai Somabhai House",2024-10-01,,,4943,"WS/ MP005/2024-2025/145074-Construction of roads, link roads, pathways or any other road with or without drainage system",2025-03-29,450000.0,Physical Inspection,9825,"WS/ MP005/2024-2025/175233-Construction of roads, link roads, pathways or any other road with or without drainage system",2025-07-05,450000.0,Completed,,,,,,,147000000.0,Gujarat,KHEDA,,,,450000.0,,,277.0,,,,,0.30612244897959184,1,1,450000.0,0.0,0.0,600000.0,-25.0,0,0.0,0.0,0,0,,0,0,0,0,0,0,0,0,0,0,0,0,5.6296204158916785,3.38,Low,0.0,None,No material anomaly signal detected.
4378,Sikkim,Gangtok(DISTRICT COLLECTOR EAST DISTRICT_IDA),Indra Hang Subba,INDRA HANG SUBBA,SIKKIM,"WS/MP013/2024-2025/143927-Construction of flood control embankments/ protection walls along riverbanks, hilltops, roadsides",WS/MP013/2024,Normal/Others,Protective wall at needed locations below Indira Bye pass-Helipad road,2024-09-27,3000000.0,2025-03-06,8171,"WS/MP013/2024-2025/151025-Purchase of IT systems, including hardware and software for educational purposes",2025-03-25,5000000.0,Work Completed,6276,"WS/MP013/2024-2025/151025-Purchase of IT systems, including hardware and software for educational purposes",2025-11-06,5000000.0,Completed,,,,,,,152003923.11,Sikkim,SIKKIM,,,,5000000.0,160.0,,405.0,,,,,3.289388785302384,1,1,5000000.0,0.0,0.0,600000.0,733.3333333333333,0,0.0,0.0,0,0,,0,0,0,0,0,0,0,0,0,0,0,0,35.23254313334773,21.14,Low,13.9,None,No material anomaly signal detected.
4202,Tamil Nadu,THIRUVALLUR(DISTRICT COLLECTOR TIRUVALLUR_IDA),S. Jagathrakshakan,S JAGATHRAKSHAKAN,ARAKKONAM,WS/MP017/2024-2025/143500-Renovation of ponds and lakes,WS/MP017/2024,Normal/Others,Chekkanur to Ramakrishnapuram Road Big Lake Retaining Work,2024-09-25,999654.0,2024-10-01,4133,WS/MP017/2024-2025/143499-Construction of veterinary hospitals and dispensaries,2024-10-07,996610.0,Physical Inspection,18416,"WS/MP017/2024-2025/160038-Construction of Government office buildings (Post office, Police station, Police chauki, etc.)",2025-10-15,1199784.0,Completed,,,,,,,180589332.34,Tamil Nadu,ARAKKONAM,,,,996610.0,6.0,,385.0,,,,,0.5518653771440152,1,1,996610.0,0.0,0.0,600000.0,66.10166666666667,0,0.0,0.0,0,0,,0,0,0,0,0,0,0,0,0,0,0,0,8.512751381469034,5.11,Low,0.0,None,No material anomaly signal detected.
1678,Andhra Pradesh,Dr. B.R. Ambedkar Konaseema(DISTRICT COLLECTOR Dr B R AMBEDKAR KONASEEMA_IDA),GM Harish Balayogi,GM HARISH BALAYOGI,AMALAPURAM(SC),WS/MP18001/2024-2025/138858-Construction of community centers and community halls,WS/MP18001/2024,Normal/Others,Construction of OC Community hall at Machara,2024-09-04,3507771.0,2024-11-27,1663,WS/MP18001/2024-2025/138858-Construction of community centers and community halls,2024-11-27,3507771.0,Physical Inspection,15575,"WS/MP18001/2024-2025/163131-Construction of roads, link roads, pathways or any other road with or without drainage system",2026-01-06,11586983.0,Completed,,,,,,,147000000.0,Andhra Pradesh,AMALAPURAM(SC),,,,3507771.0,84.0,,489.0,,,,,2.386238775510204,1,1,3507771.0,0.0,0.0,600000.0,484.6285,0,0.0,0.0,0,0,,0,0,0,0,0,0,0,0,0,0,0,0,25.823035566710907,15.49,Low,6.9,None,No material anomaly signal detected.
,Andhra Pradesh,Alluri Sitharama Raju(DISTRICT COLLECTOR ALLURI SITHARAMARAJU_IDA),Gumma Thanuja Rani,GUMMA THANUJA RANI,ARAKU(ST),,WS/MP18004/2024,Normal/Others,purchase of street lights,2024-11-12,,,8851,WS/MP18004/2024-2025/152147-Street lights,2025-01-20,1394400.0,Vendor Identification,21137,"WS/MP18004/2024-2025/161321-Construction of roads, link roads, pathways or any other road with or without drainage system",2025-11-24,2394074.0,Completed,,,,,,,149458905.11,Andhra Pradesh,ARAKU(ST),,,,1394400.0,,,377.0,,,,,0.9329654857124358,1,1,1394400.0,0.0,0.0,600000.0,132.4,0,0.0,0.0,0,0,,0,0,0,0,0,0,0,0,0,0,0,0,3.302257958725997,1.98,Low,0.0,None,No material anomaly signal detected.
3896,Andhra Pradesh,CHITTOOR(DISTRICT COLLECTOR CHITTOOR_IDA),DAGGUMALLA PRASADA RAO,DAGGUMALLA PRASADA RAO,CHITTOOR,WS/MP18006/2024-2025/142933-Construction of bus-sheds or bus-stops,WS/MP18006/2024,Normal/Others,"Construction of Bus Shelter in Thotavaripalli Village of Ayyappagari (GP), Puthalapattu Mandal of Puthalapattu Constituency",2024-09-23,350000.0,2024-09-27,7562,"WS/MP18006/2024-2025/150015-Construction of roads, link roads, pathways or any other road with or without drainage system",2024-11-11,500000.0,Work Completed,17502,WS/MP18006/2024-2025/141947-Construction of water tanks,2025-10-06,3037130.0,Completed,,,,,,,147000000.0,Andhra Pradesh,CHITTOOR,,,,500000.0,4.0,,378.0,,,,,0.3401360544217687,1,1,500000.0,0.0,0.0,600000.0,-16.666666666666664,0,0.0,0.0,0,0,,0,0,0,0,0,0,0,0,0,0,0,0,5.844105522223524,3.51,Low,0.0,None,No material anomaly signal detected.
,Andhra Pradesh,Eluru(DISTRICT COLLECTOR ELURU_IDA),Putta Mahesh Kumar,PUTTA MAHESH KUMAR,ELURU,,WS/MP18007/2024,Normal/Others,"Construction of Resting Barracks with attached wash rooms for Women in the District Police Office, Eluru",2024-10-25,,,7167,"WS/MP18007/2024-2025/149400-Construction of Government office buildings (Post office, Police station, Police chauki, etc.)",2025-02-05,3204000.0,Work partially Completed,,,,,,1097173.0,2026-08-27,VIJAYA VIKRAM CONSTRUCTIONS,VIJAYA VIKRAM CONSTRUCTIONS,1.0,Payment In-Progress,147000000.0,Andhra Pradesh,ELURU,,,,3204000.0,,,,34.243851435705366,-2106827.0,-65.75614856429463,2106827.0,2.179591836734694,1,3,4004000.0,3534081.0,88.26376123876123,600000.0,434.0,1,1097173.0,1097173.0,1,1,100.0,0,0,0,0,0,0,0,0,0,0,0,0,48.246138732606035,28.95,Low,23.7,None,No material anomaly signal detected.
970,Andhra Pradesh,Eluru(DISTRICT COLLECTOR ELURU_IDA),Putta Mahesh Kumar,PUTTA MAHESH KUMAR,ELURU,WS/MP18007/2025-2026/137095-Setting up of laboratories,WS/MP18007/2025,Normal/Others,Providing Laboratory equipment to Physical Science/Biological Science/Mathematics and Social Studies.,2024-08-26,400000.0,2025-04-28,946,WS/MP18007/2025-2026/137081-Setting up of laboratories,2026-01-09,400000.0,Physical Inspection,21180,WS/MP18007/2025-2026/137084-Setting up of laboratories,2025-12-08,400000.0,Completed,2436908.0,2026-08-01,SAO MANNROW CONSTRUCTIONS PRIVATE LIMITED,SAO MANNROW CONSTRUCTIONS PRIVATE LIMITED,2.0,Payment Success,147000000.0,Andhra Pradesh,ELURU,,,,400000.0,245.0,460.0,469.0,609.227,2036908.0,509.22700000000003,-2036908.0,0.27210884353741494,1,3,4004000.0,3534081.0,88.26376123876123,600000.0,-33.33333333333333,1,2436908.0,2436908.0,1,1,100.0,0,1,0,0,0,1,0,0,0,0,2,8,32.33582434666777,22.6,Low,15.8,None,expenditure exceeds effective sanctioned amount
4724,Andhra Pradesh,KURNOOL(DISTRICT COLLECTOR KURNOOL_IDA),BASTIPATI NAGARAJU PANCHALINGALA,BASTIPATI NAGARAJU PANCHALINGALA,KURNOOL,WS/MP18011/2025-2026/144431-Construction of community centers and community halls,WS/MP18011/2025,Normal/Others,"Construction of Community Hall in Putchakayalamada (V), Pattikonda (M), Kurnool Dt. Under MPLADS funds, 2024-25",2024-09-29,2998485.0,2025-04-28,4647,WS/MP18011/2025-2026/144431-Construction of community centers and community halls,2025-04-28,2998485.0,Physical Inspection,11826,WS/MP18011/2025-2026/207339-Installing tube-wells and borewells,2026-01-27,199939.0,Completed,,,,,,,159998515.11,Andhra Pradesh,KURNOOL,,,,2998485.0,211.0,,485.0,,,,,1.8740705174285661,1,1,2998485.0,0.0,0.0,600000.0,399.7475,0,0.0,0.0,0,0,,0,0,0,0,0,0,0,0,0,0,0,0,20.964124503550227,12.58,Low,3.2,None,No material anomaly signal detected.
4330,Assam,KARBI ANGLONG(DEPUTY COMMISSIONER KARBI ANGLONG_IDA),AMARSING TISSO,AMARSING TISSO,Diphu (ST),WS/MP18019/2024-2025/143870-Construction of shelters for animals,WS/MP18019/2024,Repair and Renovation,"Improvement of Poultry Farm near ""KERUF- Karbi Ex-Revolutionary United Forum"" Office, 5th Mile, Diphu",2024-10-28,500000.0,2025-02-10,4260,WS/MP18019/2024-2025/143870-Construction of shelters for animals,2025-02-10,500000.0,Physical Inspection,4956,WS/MP18019/2024-2025/154276-Creation of new ponds,2026-01-01,199904.0,Completed,145176.0,2026-07-16,GAUTAM HANSE,GAUTAM HANSE,5.0,Payment In-Progress,147000000.0,Assam,Diphu (ST),,,,500000.0,105.0,521.0,430.0,29.0352,-354824.0,-70.9648,354824.0,0.3401360544217687,1,3,8000000.0,8357353.0,104.46691249999999,749955.5,-33.32937754306756,3,8357353.0,2785784.3333333335,1,1,1.7371050379228925,0,0,0,0,0,1,1,0,0,0,2,18,92.45968400399937,62.68,High,65.8,Duplicate Payment,possible repeated work/vendor/amount payment pattern
4329,Assam,KARBI ANGLONG(DEPUTY COMMISSIONER KARBI ANGLONG_IDA),AMARSING TISSO,AMARSING TISSO,Diphu (ST),WS/MP18019/2025-2026/143869-Construction of culverts and bridges,WS/MP18019/2025,Normal/Others,"Construction of RCC Bridge at Den Teron Gaon, Namati",2024-10-28,2500000.0,2025-04-04,4259,WS/MP18019/2025-2026/143869-Construction of culverts and bridges,2025-04-04,2500000.0,Work partially Completed,9381,WS/MP18019/2025-2026/154341-Construction of water tanks,2026-02-26,181264.0,Completed,1259391.0,2026-08-27,GAUTAM HANSE,GAUTAM HANSE,8.0,Payment In-Progress,147000000.0,Assam,Diphu (ST),,,,2500000.0,158.0,510.0,486.0,50.37564,-1240609.0,-49.62436,1240609.0,1.7006802721088436,1,3,8000000.0,8357353.0,104.46691249999999,600000.0,316.66666666666663,3,8357353.0,2785784.3333333335,1,1,15.069256976461325,0,0,0,0,0,1,0,0,0,0,1,0,97.91734917469913,58.75,Medium,60.9,ML Anomaly,multivariate pattern is unusual versus uploaded batch
2120,Assam,DIMA HASAO(DEPUTY COMMISSIONER Dima Hasao_IDA),AMARSING TISSO,AMARSING TISSO,Diphu (ST),WS/MP18019/2026-2027/139500-Construction of community centers and community halls,WS/MP18019/2026,Normal/Others,"Construction of Community Building with Library, Guest Room, Conference Room at Haflong, Dima Hasao District (Total Estd. Cost:- Rs. 1.00 Cr.) 1st Installment Rs. 50.00 Lakhs",2024-09-06,5000000.0,2026-07-31,2088,WS/MP18019/2026-2027/139500-Construction of community centers and community halls,2026-07-31,5000000.0,Physical Inspection,,,,,,6952786.0,2026-08-21,GAUTAM HANSE,GAUTAM HANSE,10.0,Payment In-Progress,147000000.0,Assam,Diphu (ST),,,,5000000.0,693.0,21.0,,139.05572,1952786.0,39.05572,-1952786.0,3.4013605442176873,0,3,8000000.0,8357353.0,104.46691249999999,600000.0,733.3333333333333,3,8357353.0,2785784.3333333335,1,1,83.19363798561578,0,1,0,0,0,1,1,0,0,0,3,26,100.0,70.4,High,75.5,Duplicate Payment,expenditure exceeds effective sanctioned amount; possible repeated work/vendor/amount payment pattern
4052,Assam,GOALPARA(Deputy Commissioner Goalpara_IDA),RAKIBUL HUSSAIN,RAKIBUL HUSSAIN,DHUBRI,WS/MP18021/2024-2025/143255-Construction of boundary walls of existing public and community buildings,WS/MP18021/2024,Normal/Others,Construction of Boundary Wall with Iron Gate near Play ground of Goalpara Town Eidgah,2024-09-24,500000.0,2025-03-12,3985,WS/MP18021/2024-2025/143255-Construction of boundary walls of existing public and community buildings,2025-03-12,500000.0,Vendor Identification,2372,"WS/MP18021/2024-2025/143237-Construction of rooms and facilities for hospitals, FWC , PHC Centers and ANM centers",2026-04-27,500000.0,Completed,,,,,,,147000000.0,Assam,DHUBRI,,,,500000.0,169.0,,580.0,,,,,0.3401360544217687,1,3,1500000.0,1921593.0,128.1062,600000.0,-16.666666666666664,0,0.0,0.0,0,0,,0,0,0,0,0,0,0,0,0,0,0,0,5.958012403466104,3.57,Low,0.0,None,No material anomaly signal detected.
4056,Assam,GOALPARA(Deputy Commissioner Goalpara_IDA),RAKIBUL HUSSAIN,RAKIBUL HUSSAIN,DHUBRI,WS/MP18021/2025-2026/143259-Construction of community centers and community halls,WS/MP18021/2025,Normal/Others,Construction of Community Hall at Krishnai Weekly Market,2024-09-24,500000.0,2025-07-22,5296,WS/MP18021/2025-2026/145958-Construction of common work sheds/ common covered sitting area,2026-02-11,500000.0,Vendor Identification,21695,"WS/MP18021/2025-2026/214924-Construction of flood control embankments/ protection walls along riverbanks, hilltops, roadsides",2025-12-01,250000.0,Completed,221607.0,2026-08-24,BHAI BHAI ENTERPRAIGE,BHAI BHAI ENTERPRAIGE,1.0,Payment In-Progress,147000000.0,Assam,DHUBRI,,,,500000.0,301.0,398.0,433.0,44.3214,-278393.0,-55.6786,278393.0,0.3401360544217687,1,3,1500000.0,1921593.0,128.1062,600000.0,-16.666666666666664,1,221607.0,221607.0,1,1,100.0,0,0,0,0,0,0,0,0,0,0,0,0,22.846093176237794,13.71,Low,4.6,None,No material anomaly signal detected.
4029,Assam,SOUTH SALMARA MANCACHAR(Deputy Commissioner South Salmara Mankachar_IDA),RAKIBUL HUSSAIN,RAKIBUL HUSSAIN,DHUBRI,WS/MP18021/2026-2027/143229-Construction of bus-sheds or bus-stops,WS/MP18021/2026,Normal/Others,Construction of Waiting Shed at Jordanga Kuchnimara,2024-09-24,500000.0,2026-05-21,3962,WS/MP18021/2026-2027/143229-Construction of bus-sheds or bus-stops,2026-05-21,500000.0,Sanction,,,,,,1699986.0,2026-08-26,SHAZIBUL HASSAN MOLLAH,SHAZIBUL HASSAN MOLLAH,6.0,Payment In-Progress,147000000.0,Assam,DHUBRI,,,,500000.0,604.0,97.0,,339.9972,1199986.0,239.9972,-1199986.0,0.3401360544217687,0,3,1500000.0,1921593.0,128.1062,600000.0,-16.666666666666664,1,1699986.0,1699986.0,1,1,100.0,0,1,0,0,0,1,0,0,0,0,2,8,38.55985100221333,26.34,Low,20.4,None,expenditure exceeds effective sanctioned amount
4518,Assam,KAMRUP(DEPUTY COMMISSIONER KAMRUP_IDA),BIJULI KALITA MEDHI,BIJULI KALITA MEDHI,GUWAHATI,WS/MP18023/2024-2025/144134-Construction of buildings for community cultural activities,WS/MP18023/2024,Normal/Others,Construction of Open Stage for Cultural activities at Nagarbera Anchalik Rash Samity . Pin -781127,2024-09-28,800000.0,2025-03-28,4441,WS/MP18023/2024-2025/144134-Construction of buildings for community cultural activities,2025-03-28,800000.0,Work partially Completed,3203,"WS/MP18023/2024-2025/140680-Construction of roads, link roads, pathways or any other road with or without drainage system",2026-04-27,2500000.0,Completed,,,,,,,147000000.0,Assam,GUWAHATI,,,,800000.0,181.0,,576.0,,,,,0.5442176870748299,1,2,1300000.0,0.0,0.0,600000.0,33.33333333333333,0,0.0,0.0,0,0,,0,0,0,0,0,0,0,0,0,0,0,0,1.1401986780798707,0.68,Low,0.0,None,No material anomaly signal detected.
4345,Assam,KAMRUP(DEPUTY COMMISSIONER KAMRUP_IDA),BIJULI KALITA MEDHI,BIJULI KALITA MEDHI,GUWAHATI,WS/MP18023/2025-2026/143885-Construction of buildings for community cultural activities,WS/MP18023/2025,Normal/Others,"Construction of Cultural activites hall at Kahibari , Chamaria near Kahibari anchalic Saradia Durga Puja , Pin - 781136",2024-09-26,500000.0,2025-08-14,4262,WS/MP18023/2025-2026/143872-Retrofitting in essential lifeline buildings,2026-01-30,500000.0,Vendor Identification,,,,,,,,,,,,147000000.0,Assam,GUWAHATI,,,,500000.0,322.0,,,,,,,0.3401360544217687,0,2,1300000.0,0.0,0.0,600000.0,-16.666666666666664,0,0.0,0.0,0,0,,0,0,0,0,0,0,0,0,0,0,0,0,4.111677737006409,2.47,Low,0.0,None,No material anomaly signal detected.
,Assam,JORHAT(DEPUTY COMMISSIONER JORHAT_IDA),GAURAV GOGOI,GAURAV GOGOI,JORHAT,,WS/MP18024/2024,Normal/Others,"Construction of Trinayan Bahumukhi Kala Kristi Kendra, Dakhinpat, Bebejia GP",2024-10-18,,,6528,WS/MP18024/2024-2025/148263-Construction of community centers and community halls,2025-01-16,150000.0,Vendor Identification,20521,WS/MP18024/2024-2025/161008-Construction of community centers and community halls,2026-08-26,130858.0,Completed,,,,,,,147000000.0,Assam,JORHAT,,,,150000.0,,,677.0,,,,,0.10204081632653061,1,2,350000.0,405950.0,115.9857142857143,600000.0,-75.0,0,0.0,0.0,0,0,,0,0,0,0,0,0,0,0,0,0,0,0,6.926692134686649,4.16,Low,0.0,None,No material anomaly signal detected.
,Assam,CHARAIDEO(Deputy Commissioner Charaideo_IDA),GAURAV GOGOI,GAURAV GOGOI,JORHAT,,WS/MP18024/2025,Normal/Others,"Construction of Community Centre near at Kanubari Bagan Siva Mandir, Bhugbari, Kanubari Bagan, Haridev GP",2024-10-18,,,6552,WS/MP18024/2025-2026/148307-Construction of community centers and community halls,2025-08-14,200000.0,Vendor Identification,14718,WS/MP18024/2025-2026/199639-Construction of community centers and community halls,2026-04-28,999998.0,Completed,405950.0,2026-08-27,Neog Hardware,NEOG HARDWARE,3.0,Payment In-Progress,147000000.0,Assam,JORHAT,,,,200000.0,,,557.0,202.975,205950.0,102.975,-205950.0,0.13605442176870747,1,2,350000.0,405950.0,115.9857142857143,600000.0,-66.66666666666666,1,405950.0,405950.0,1,1,100.0,0,1,0,0,0,1,0,0,0,0,2,8,14.649613765245192,11.99,Low,2.5,None,expenditure exceeds effective sanctioned amount
4234,Bihar,GAYA(DISTRICT PLANNING OFFICER GAYA_IDA),ABHAY KUMAR SINHA,ABHAY KUMAR SINHA,AURANGABAD_BR,WS/MP18031/2024-2025/143574-Purchase of books and periodicals for libraries/digitization of library books,WS/MP18031/2024,Normal/Others,purchase of books for school library. sanction of five lacs for every school,2024-09-25,499385.0,2025-01-15,6996,WS/MP18031/2024-2025/148995-Lighting of public spaces,2025-03-02,299000.0,Physical Inspection,12747,WS/MP18031/2024-2025/148960-Lighting of public spaces,2025-08-09,299000.0,Completed,,,,,,,147000000.0,Bihar,AURANGABAD_BR,,,,299000.0,112.0,,318.0,,,,,0.20340136054421767,1,3,1096748.0,2005001.0,182.81328071717476,600000.0,-50.16666666666667,0,0.0,0.0,0,0,,0,0,0,0,0,0,0,0,0,0,0,0,9.402086235702876,5.64,Low,0.0,None,No material anomaly signal detected.
4194,Bihar,GAYA(DISTRICT PLANNING OFFICER GAYA_IDA),ABHAY KUMAR SINHA,ABHAY KUMAR SINHA,AURANGABAD_BR,WS/MP18031/2025-2026/143486-Purchase of books and periodicals for libraries/digitization of library books,WS/MP18031/2025,Normal/Others,purchase of books for school library. sanction of five lacs of each school,2024-09-25,498748.0,2025-04-04,4126,WS/MP18031/2025-2026/143486-Purchase of books and periodicals for libraries/digitization of library books,2025-04-04,498748.0,Physical Inspection,19845,"WS/MP18031/2025-2026/228968-Construction of roads, link roads, pathways or any other road with or without drainage system",2026-01-14,989474.0,Completed,1411786.0,2026-08-24,ASSISTANT ENGINEER BELAGANJ,ASSISTANT ENGINEER BELAGANJ,2.0,Payment In-Progress,147000000.0,Bihar,AURANGABAD_BR,,,,498748.0,191.0,507.0,476.0,283.0659972571318,913038.0,183.06599725713187,-913038.0,0.33928435374149657,1,3,1096748.0,2005001.0,182.81328071717476,600000.0,-16.875333333333334,1,1411786.0,1411786.0,1,1,100.0,0,1,0,0,0,1,0,0,0,0,2,8,19.268296949772974,14.76,Low,5.9,None,expenditure exceeds effective sanctioned amount
,Bihar,AURANGABAD(DISTRICT PLANNING OFFICER AURANGABAD_IDA),ABHAY KUMAR SINHA,ABHAY KUMAR SINHA,AURANGABAD_BR,,WS/MP18031/2026,Normal/Others,Prakhand madanpur antargat shere vihar more war bazar shivganj me solar high mast street light ka adhisthapan,2024-10-22,,,7014,WS/MP18031/2026-2027/149021-Lighting of public spaces,2026-07-14,299000.0,Sanction,,,,,,593215.0,2026-08-27,ASSISTANT ENGINEER LAEO IMAMGANJ VIDHAN SABHA,ASSISTANT ENGINEER LAEO IMAMGANJ VIDHAN SABHA,1.0,Payment In-Progress,147000000.0,Bihar,AURANGABAD_BR,,,,299000.0,,,,198.39966555183946,294215.0,98.39966555183946,-294215.0,0.20340136054421767,0,3,1096748.0,2005001.0,182.81328071717476,600000.0,-50.16666666666667,1,593215.0,593215.0,1,1,100.0,0,1,0,0,0,0,0,0,0,0,1,8,14.359229753429334,11.82,Low,2.3,None,expenditure exceeds effective sanctioned amount
4250,Bihar,KAIMUR (BHABUA)(DISTRICT PLANNING OFFICER KAIMUR BHABUA_IDA),SUDHAKAR SINGH,SUDHAKAR SINGH,BUXAR,WS/MP18032/2024-2025/143626-Construction of community centers and community halls,WS/MP18032/2024,Normal/Others,Construction of community hall with toilet near Ram Janki pond at Nuaon,2024-09-25,926359.0,2025-01-07,889,WS/MP18032/2024-2025/137007-Development of public parks,2025-03-26,1484134.0,Physical Inspection,2435,WS/MP18032/2024-2025/137001-Construction of community centers and community halls,2026-02-16,711037.0,Completed,,,,,,,185211956.54,Bihar,BUXAR,,,,1484134.0,104.0,,509.0,,,,,0.8013165174244425,1,2,1971228.0,0.0,0.0,600000.0,147.35566666666665,0,0.0,0.0,0,0,,0,0,0,0,0,0,0,0,0,0,0,0,4.808910352831354,2.89,Low,0.0,None,No material anomaly signal detected.
896,Bihar,BUXAR(DISTRICT PLANNING OFFICER BUXAR_IDA),SUDHAKAR SINGH,SUDHAKAR SINGH,BUXAR,WS/MP18032/2025-2026/137005-Construction of boundary walls of existing public and community buildings,WS/MP18032/2025,Normal/Others,Boundary of urdu primary school public place at Sarimpur,2024-08-25,1397011.0,2025-09-04,147,WS/MP18032/2025-2026/134031-Construction of buildings for crèches and anganwadies,2025-11-22,487094.0,Physical Inspection,21295,WS/MP18032/2025-2026/192403-Construction of community centers and community halls,2026-05-13,1489247.0,Completed,,,,,,,185211956.54,Bihar,BUXAR,,,,487094.0,375.0,,626.0,,,,,0.26299274037138254,1,2,1971228.0,0.0,0.0,600000.0,-18.817666666666668,0,0.0,0.0,0,0,,0,0,0,0,0,0,0,0,0,0,0,0,14.167036569532328,8.5,Low,0.0,None,No material anomaly signal detected.
,Bihar,KATIHAR(DISTRICT PLANNING OFFICER KATIHAR_IDA),TARIQ ANWAR,TARIQ ANWAR,KATIHAR,,WS/MP18038/2025,Normal/Others,Purchase and installation of 16 meter high electric powered high mast LED (250W 8) lights.,2024-11-13,,,8944,WS/MP18038/2025-2026/152297-Lighting of public spaces,2025-10-06,994740.0,Physical Inspection,20913,WS/MP18038/2025-2026/160200-Lighting of public spaces,2025-11-19,970000.0,Completed,,,,,,,147000000.0,Bihar,KATIHAR,,,,994740.0,,,371.0,,,,,0.6766938775510204,1,1,994740.0,0.0,0.0,600000.0,65.79,0,0.0,0.0,0,0,,0,0,0,0,0,0,0,0,0,0,0,0,1.119328772926251,0.67,Low,0.0,None,No material anomaly signal detected.
,Bihar,KHAGARIA(DISTRICT PLANNING OFFICER KHAGARIA_IDA),RAJESH VERMA,RAJESH VERMA,KHAGARIA,,WS/MP18039/2024,Normal/Others,Supply and installation work of highmask light,2024-11-12,,,8796,WS/MP18039/2024-2025/152033-Lighting of public spaces,2025-03-29,964000.0,Physical Inspection,6257,"WS/MP18039/2024-2025/162176-Construction of roads, link roads, pathways or any other road with or without drainage system",2026-01-12,1182642.0,Completed,,,,,,,147000000.0,Bihar,KHAGARIA,,,,964000.0,,,426.0,,,,,0.6557823129251701,1,2,1962059.0,0.0,0.0,600000.0,60.66666666666667,0,0.0,0.0,0,0,,0,0,0,0,0,0,0,0,0,0,0,0,0.0,0.0,Low,0.0,None,No material anomaly signal detected.
,Bihar,KHAGARIA(DISTRICT PLANNING OFFICER KHAGARIA_IDA),RAJESH VERMA,RAJESH VERMA,KHAGARIA,,WS/MP18039/2025,Normal/Others,sonmanki PWD path se rajendra sah ke ghar hote hue fulo sah ghar jane wali sadak me PCC nirman karya,2024-11-11,,,8788,"WS/MP18039/2025-2026/152025-Construction of roads, link roads, pathways or any other road with or without drainage system",2025-05-21,998059.0,Physical Inspection,17712,"WS/MP18039/2025-2026/152025-Construction of roads, link roads, pathways or any other road with or without drainage system",2026-01-16,998059.0,Completed,,,,,,,147000000.0,Bihar,KHAGARIA,,,,998059.0,,,431.0,,,,,0.6789517006802721,1,2,1962059.0,0.0,0.0,600000.0,66.34316666666666,0,0.0,0.0,0,0,,0,0,0,0,0,0,0,0,0,0,0,0,0.0,0.0,Low,0.0,None,No material anomaly signal detected.
4185,Bihar,PURNIA(DISTRICT PLANNING OFFICER PURNIA_IDA),RAJESH RANJAN ALIAS PAPPU YADAV,RAJESH RANJAN ALIAS PAPPU YADAV,PURNEA,WS/MP18041/2024-2025/143477-Street lights,WS/MP18041/2024,Normal/Others,16 miter unchai wale L.E.D. (150*8) high mask light dibra bajar me aek adad adhisthapit karne ki anusansha ki jati hai,2024-09-25,850000.0,2025-01-18,3923,WS/MP18041/2024-2025/143142-Street lights,2025-03-21,850000.0,Physical Inspection,10833,"WS/MP18041/2024-2025/162505-Construction of roads, link roads, pathways or any other road with or without drainage system",2025-07-17,801197.0,Completed,,,,,,,147000000.0,Bihar,PURNEA,,,,850000.0,115.0,,295.0,,,,,0.5782312925170068,1,2,1700000.0,13121600.0,771.8588235294118,600000.0,41.66666666666667,0,0.0,0.0,0,0,,0,0,0,0,0,0,0,0,0,0,0,0,29.417364955970378,17.65,Low,9.6,None,No material anomaly signal detected.
4187,Bihar,PURNIA(DISTRICT PLANNING OFFICER PURNIA_IDA),RAJESH RANJAN ALIAS PAPPU YADAV,RAJESH RANJAN ALIAS PAPPU YADAV,PURNEA,WS/MP18041/2025-2026/143479-Street lights,WS/MP18041/2025,Normal/Others,16 miter unchai wale L.E.D. (150*8) high mask light mehta chauk nahar ke pas aek adad adhisthapit karne ki anusansha ki jati hai,2024-09-25,850000.0,2025-04-26,4119,WS/MP18041/2025-2026/143479-Street lights,2025-04-26,850000.0,Physical Inspection,16102,WS/MP18041/2025-2026/174353-Street lights,2025-09-22,3600000.0,Completed,13121600.0,2026-07-03,SILIGURI TRADING CENTRE Previously Known as G AND D TRADERS,SILIGURI TRADING CENTRE PREVIOUSLY KNOWN AS G AND D TRADERS,16.0,Payment Success,147000000.0,Bihar,PURNEA,,,,850000.0,213.0,433.0,362.0,1543.7176470588236,12271600.0,1443.7176470588236,-12271600.0,0.5782312925170068,1,2,1700000.0,13121600.0,771.8588235294118,600000.0,41.66666666666667,1,13121600.0,13121600.0,1,1,100.0,1,1,0,0,0,1,1,0,0,1,5,52,87.93108188466266,73.56,High,79.4,Unusual Expenditure; Duplicate Payment; Transaction Outlier,expenditure is in an extreme upper range; expenditure exceeds effective sanctioned amount; possible repeated work/vendor/amount payment pattern
2713,Bihar,KAIMUR (BHABUA)(DISTRICT PLANNING OFFICER KAIMUR BHABUA_IDA),MANOJ KUMAR,MANOJ KUMAR,SASARAM(SC),"WS/MP18043/2024-2025/140658-Construction of roads, link roads, pathways or any other road with or without drainage system",WS/MP18043/2024,Normal/Others,Rajpur Pihra mukhya road se marchi dalit basti tak pcc nirman krya length 800 feet,2024-09-22,889391.0,2025-01-07,2561,WS/MP18043/2024-2025/140457-Construction of public libraries and reading rooms,2025-03-01,700000.0,Work partially Completed,6469,"WS/MP18043/2024-2025/140530-Construction of roads, link roads, pathways or any other road with or without drainage system",2026-01-14,252862.0,Completed,,,,,,,147000000.0,Bihar,SASARAM(SC),,,,700000.0,107.0,,479.0,,,,,0.4761904761904762,1,1,700000.0,0.0,0.0,600000.0,16.666666666666664,0,0.0,0.0,0,0,,0,0,0,0,0,0,0,0,0,0,0,0,1.2217846115418893,0.73,Low,0.0,None,No material anomaly signal detected.
893,Bihar,SIWAN(DISTRICT PLANNING OFFICER SIWAN_IDA),VIJAYLAKSHMI DEVI,VIJAYLAKSHMI DEVI,SIWAN,"WS/MP18045/2024-2025/137000-Construction of roads, link roads, pathways or any other road with or without drainage system",WS/MP18045/2024,Normal/Others,PCC Construction of the Road.,2024-08-25,998018.0,2024-10-16,8465,WS/MP18045/2024-2025/151531-Installation of multi-gym equipment,2025-03-25,992500.0,Physical Inspection,6800,"WS/MP18045/2024-2025/136998-Construction of roads, link roads, pathways or any other road with or without drainage system",2025-05-08,1303542.0,Completed,,,,,,,147000000.0,Bihar,SIWAN,,,,992500.0,52.0,,256.0,,,,,0.6751700680272109,1,2,1951000.0,0.0,0.0,600000.0,65.41666666666667,0,0.0,0.0,0,0,,0,0,0,0,0,0,0,0,0,0,0,0,7.058170130750301,4.23,Low,0.0,None,No material anomaly signal detected.
,Bihar,SIWAN(DISTRICT PLANNING OFFICER SIWAN_IDA),VIJAYLAKSHMI DEVI,VIJAYLAKSHMI DEVI,SIWAN,,WS/MP18045/2025,Normal/Others,High Mask Light,2024-12-15,,,8564,WS/MP18045/2025-2026/151729-Lighting of public spaces,2025-05-20,958500.0,Physical Inspection,16798,"WS/MP18045/2025-2026/214415-Construction of roads, link roads, pathways or any other road with or without drainage system",2025-10-03,997050.0,Completed,,,,,,,147000000.0,Bihar,SIWAN,,,,958500.0,,,292.0,,,,,0.6520408163265305,1,2,1951000.0,0.0,0.0,600000.0,59.75,0,0.0,0.0,0,0,,0,0,0,0,0,0,0,0,0,0,0,0,2.6299750953996575,1.58,Low,0.0,None,No material anomaly signal detected.
,Chhattisgarh,NARAYANPUR(Collector Narayanpur_IDA),MAHESH KASHYAP,MAHESH KASHYAP,BASTAR(ST),,WS/MP18048/2024,Normal/Others,gram orchha me samudayik bhavan nirman karya,2024-10-04,,,5127,WS/MP18048/2024-2025/145555-Construction of buildings for community cultural activities,2025-03-24,500000.0,Vendor Identification,2058,"WS/MP18048/2024-2025/147649-Construction of roads, link roads, pathways or any other road with or without drainage system",2026-07-29,898745.0,Completed,346092.0,2026-06-17,GRAM PANCHAYAT MADDED,GRAM PANCHAYAT MADDED,1.0,Payment In-Progress,147000000.0,Chhattisgarh,BASTAR(ST),,,,500000.0,,,663.0,69.2184,-153908.0,-30.781599999999997,153908.0,0.3401360544217687,1,2,978916.0,2108230.0,215.36372885926883,600000.0,-16.666666666666664,1,346092.0,346092.0,1,1,100.0,0,0,0,0,0,0,0,0,0,0,0,0,17.605651558511443,10.56,Low,0.7,None,No material anomaly signal detected.
,Chhattisgarh,BASTAR(DISTRICT COLLECTOR BASTAR_IDA),MAHESH KASHYAP,MAHESH KASHYAP,BASTAR(ST),,WS/MP18048/2025,Normal/Others,post matric boys hostel dharampura jagdalpur me sanskritik bhavan nirman karya,2024-10-17,,,6368,WS/MP18048/2025-2026/148046-Construction of buildings for community cultural activities,2025-05-22,478916.0,Physical Inspection,9931,WS/MP18048/2025-2026/195608-Construction of common work sheds/ common covered sitting area,2026-08-05,537823.0,Completed,1762138.0,2026-07-16,sarpanchgram panchayat gadiya,SARPANCHGRAM PANCHAYAT GADIYA,5.0,Payment In-Progress,147000000.0,Chhattisgarh,BASTAR(ST),,,,478916.0,,,657.0,367.94302132315477,1283222.0,267.94302132315477,-1283222.0,0.3257931972789116,1,2,978916.0,2108230.0,215.36372885926883,600000.0,-20.180666666666667,1,1762138.0,1762138.0,1,1,100.0,0,1,0,0,0,1,0,0,0,0,2,8,19.426255477500547,14.86,Low,6.1,None,expenditure exceeds effective sanctioned amount
,Chhattisgarh,BILASPUR(DISTRICT COLLECTOR BILASPUR_IDA),TOKHAN SAHU,TOKHAN SAHU,BILASPUR,,WS/MP18049/2024,Normal/Others,"Construction of C C Road, from Jayram Singh paikra House to Kalesh Paikra House.",2024-11-13,,,8862,"WS/MP18049/2024-2025/152165-Construction of roads, link roads, pathways or any other road with or without drainage system",2024-12-30,500000.0,Vendor Identification,1370,"WS/MP18049/2024-2025/152238-Construction of flood control embankments/ protection walls along riverbanks, hilltops, roadsides",2026-02-23,199012.0,Completed,1499633.0,2026-07-17,SHRI KABIR CONSTRUCTION,SHRI KABIR CONSTRUCTION,2.0,Payment In-Progress,147000000.0,Chhattisgarh,BILASPUR,,,,500000.0,,,467.0,299.9266,999633.0,199.9266,-999633.0,0.3401360544217687,1,2,600000.0,8652395.0,1442.0658333333333,600000.0,-16.666666666666664,1,1499633.0,1499633.0,1,1,100.0,0,1,0,0,0,1,0,0,0,0,2,8,38.05101749333666,26.03,Low,20.0,None,expenditure exceeds effective sanctioned amount
,Chhattisgarh,BILASPUR(DISTRICT COLLECTOR BILASPUR_IDA),TOKHAN SAHU,TOKHAN SAHU,BILASPUR,,WS/MP18049/2025,Normal/Others,Ward No.18 Chandni Chowk Sthit Bhawan me Shed Nirman,2024-11-13,,,8870,WS/MP18049/2025-2026/152173-Construction of common work sheds/ common covered sitting area,2025-05-30,100000.0,Sanction,9570,"WS/MP18049/2025-2026/181688-Construction of roads, link roads, pathways or any other road with or without drainage system",2026-03-29,499508.0,Completed,7152762.0,2026-08-27,gram panchayat lilapur,GRAM PANCHAYAT LILAPUR,8.0,Payment In-Progress,147000000.0,Chhattisgarh,BILASPUR,,,,100000.0,,,501.0,7152.762,7052762.0,7052.762,-7052762.0,0.06802721088435373,1,2,600000.0,8652395.0,1442.0658333333333,600000.0,-83.33333333333334,1,7152762.0,7152762.0,1,1,100.0,0,1,1,0,0,1,0,0,0,0,3,26,100.0,70.4,High,75.5,Cost Overrun,cost deviation is unusually high
2399,Chhattisgarh,MAHASAMUND(DISTRICT COLLECTOR MAHASAMUND_IDA),ROOP KUMARI CHOUDHARY,ROOP KUMARI CHOUDHARY,MAHASAMUND,"WS/MP18051/2024-2025/140095-Construction of roads, link roads, pathways or any other road with or without drainage system",WS/MP18051/2024,Normal/Others,c c road nirman gram panchayat dabpali,2024-09-09,500000.0,2024-11-26,8249,WS/MP18051/2024-2025/151172-Construction of buildings for community cultural activities,2024-12-26,250000.0,Physical Inspection,1218,"WS/MP18051/2024-2025/149142-Construction of roads, link roads, pathways or any other road with or without drainage system",2026-07-23,799400.0,Completed,,,,,,,153035414.0,Chhattisgarh,MAHASAMUND,,,,250000.0,78.0,,682.0,,,,,0.16336088063903953,1,1,250000.0,0.0,0.0,600000.0,-58.333333333333336,0,0.0,0.0,0,0,,0,0,0,0,0,0,0,0,0,0,0,0,7.2828496702190435,4.37,Low,0.0,None,No material anomaly signal detected.
4798,Gujarat,RAJKOT(DISTRICT COLLECTOR RAJKOT_IDA),PARSHOTTAMBHAI RUPALA,PARSHOTTAMBHAI RUPALA,RAJKOT,"WS/MP18056/2024-2025/144711-Construction of roads, link roads, pathways or any other road with or without drainage system",WS/MP18056/2024,Normal/Others,Construction of Pavar Block Work in Gram Panchayat Compound and Primary School Ground,2024-09-30,500000.0,2025-01-04,3191,WS/MP18056/2024-2025/141634-Construction of community centers and community halls,2025-02-01,838978.0,Physical Inspection,18402,"WS/MP18056/2024-2025/141635-Construction of roads, link roads, pathways or any other road with or without drainage system",2025-11-04,499951.0,Completed,,,,,,,147000000.0,Gujarat,RAJKOT,,,,838978.0,96.0,,400.0,,,,,0.5707333333333333,1,2,1138978.0,0.0,0.0,600000.0,39.82966666666667,0,0.0,0.0,0,0,,0,0,0,0,0,0,0,0,0,0,0,0,0.0,0.0,Low,0.0,None,No material anomaly signal detected.
,Gujarat,VADODARA(DISTRICT COLLECTOR VADODARA_IDA),DR. HEMANG JOSHI,DR HEMANG JOSHI,VADODARA,,WS/MP18058/2024,Normal/Others,sadhi gam ma Kendra sarkar dwara sanchalit Javahar Navoday Vidyalaya chatty Panch smartclassroom ni khareedi,2024-10-02,,,4972,"WS/MP18058/2024-2025/145165-Purchase of smart boards, visual display units and projectors",2024-12-13,625000.0,Physical Inspection,12903,WS/MP18058/2024-2025/145082-Construction of buildings for crèches and anganwadies,2026-04-04,1166400.0,Completed,,,,,,,147000000.0,Gujarat,VADODARA,,,,625000.0,,,549.0,,,,,0.4251700680272109,1,1,625000.0,0.0,0.0,600000.0,4.166666666666666,0,0.0,0.0,0,0,,0,0,0,0,0,0,0,0,0,0,0,0,1.4262578822978336,0.86,Low,0.0,None,No material anomaly signal detected.
,Haryana,KAITHAL(DC CUM NODAL OFFICERS MPLADS),NAVEEN JINDAL,NAVEEN JINDAL,KURUKSHETRA,,WS/MP18064/2024,Normal/Others,Const of paver block rasta from Gugmadhi to h/o Daulat Ram,2024-11-05,,,8063,"WS/MP18064/2024-2025/150857-Construction of roads, link roads, pathways or any other road with or without drainage system",2025-02-13,500000.0,Work Completed,10962,"WS/MP18064/2024-2025/154937-Construction of roads, link roads, pathways or any other road with or without drainage system",2026-03-17,214828.0,Completed,,,,,,,147000000.0,Haryana,KURUKSHETRA,,,,500000.0,,,497.0,,,,,0.3401360544217687,1,2,1600000.0,1063230.0,66.451875,600000.0,-16.666666666666664,0,0.0,0.0,0,0,,0,0,0,0,0,0,0,0,0,0,0,0,0.45303207993651107,0.27,Low,0.0,None,No material anomaly signal detected.
,Haryana,KURUKSHETRA(DEPUTY COMMISSIONER KURUKSHETRA_IDA),NAVEEN JINDAL,NAVEEN JINDAL,KURUKSHETRA,,WS/MP18064/2025,Trust and Society,Construction of Boundry wall of Aggarsain Bhawan in Sector 8 Kurukshetra,2024-11-05,,,8058,WS/MP18064/2025-2026/150852-Construction of community centers and community halls,2025-09-02,1100000.0,Time Estimation,16315,"WS/MP18064/2025-2026/203128-Construction of roads, link roads, pathways or any other road with or without drainage system",2026-03-16,262492.0,Completed,1063230.0,2026-08-27,The RUDRA CO OP L AND C SOCIETY LTD,THE RUDRA CO OP L AND C SOCIETY LTD,5.0,Payment In-Progress,147000000.0,Haryana,KURUKSHETRA,,,,1100000.0,,,496.0,96.65727272727273,-36770.0,-3.3427272727272728,36770.0,0.7482993197278911,1,2,1600000.0,1063230.0,66.451875,1000000.0,10.0,1,1063230.0,1063230.0,1,1,100.0,0,0,0,0,0,1,0,0,0,0,1,0,36.278494549571384,21.77,Low,14.7,None,No material anomaly signal detected.
589,Haryana,JHAJJAR(DEPUTY COMMISSIONER cum NODAL OFFICER MPLADS JHAJJAR),DEEPENDER SINGH HOODA,DEEPENDER SINGH HOODA,ROHTAK,WS/MP18065/2024-2025/135925-Construction of community centers and community halls,WS/MP18065/2024,Normal/Others,Const./Comp. of Ambedkar Bhawan,2024-08-16,1097821.0,2024-12-31,8957,WS/MP18065/2024-2025/152350-Setting up public non-conventional energy plants,2025-03-21,1100000.0,Work Completed,9667,WS/MP18065/2024-2025/169947-Construction of community centers and community halls,2026-07-22,1100000.0,Completed,,,,,,,147000000.0,Haryana,ROHTAK,,,,1100000.0,137.0,,705.0,,,,,0.7482993197278911,1,3,3700000.0,3937411.0,106.41651351351351,600000.0,83.33333333333334,0,0.0,0.0,0,0,,0,0,0,1,0,0,0,0,0,0,1,14,15.949324551701869,15.17,Low,6.5,Delayed Project,project duration is unusually long
538,Haryana,ROHTAK(DEPUTY COMMISSIONER ROHTAK_IDA),DEEPENDER SINGH HOODA,DEEPENDER SINGH HOODA,ROHTAK,WS/MP18065/2025-2026/135808-Construction of buildings for sports facilities,WS/MP18065/2025,Normal/Others,Development works in Sakshi Malik Gym Hall,2024-08-16,500000.0,2025-08-04,324,WS/MP18065/2025-2026/135231-Construction of boundary walls of existing public and community buildings,2026-03-16,500000.0,Work Completed,10974,WS/MP18065/2025-2026/197013-Creation of new ponds,2026-01-13,499973.0,Completed,3463324.0,2026-08-24,VAIBHAV Contractor,VAIBHAV CONTRACTOR,7.0,Payment In-Progress,147000000.0,Haryana,ROHTAK,,,,500000.0,353.0,385.0,515.0,692.6648,2963324.0,592.6648,-2963324.0,0.3401360544217687,1,3,3700000.0,3937411.0,106.41651351351351,600000.0,-16.666666666666664,1,3463324.0,3463324.0,1,1,100.0,0,1,0,0,0,1,0,0,0,0,2,8,42.29167708167517,28.58,Low,23.2,None,expenditure exceeds effective sanctioned amount
,Haryana,ROHTAK(DEPUTY COMMISSIONER ROHTAK_IDA),DEEPENDER SINGH HOODA,DEEPENDER SINGH HOODA,ROHTAK,,WS/MP18065/2026,Normal/Others,Const. of New Charitable Dispensary at Baba Balak Puri Charitable Trust Rohtak,2024-11-14,,,8960,WS/MP18065/2026-2027/152353-Construction of veterinary hospitals and dispensaries,2026-06-19,2100000.0,Vendor Identification,,,,,,474087.0,2026-08-27,JOGINDER GOVT CONTRACTOR,JOGINDER GOVT CONTRACTOR,4.0,Payment In-Progress,147000000.0,Haryana,ROHTAK,,,,2100000.0,,,,22.57557142857143,-1625913.0,-77.42442857142858,1625913.0,1.4285714285714286,0,3,3700000.0,3937411.0,106.41651351351351,600000.0,250.0,1,474087.0,474087.0,1,1,100.0,0,0,0,0,0,1,0,0,0,0,1,0,37.52323636276683,22.51,Low,15.6,None,No material anomaly signal detected.
181,Haryana,SONIPAT(DEPUTY COMMISSIONER SONEPAT_IDA),SATPAL BRAHAMCHARI,SATPAL BRAHAMCHARI,SONEPAT,WS/MP18067/2025-2026/134323-Installation of multi-gym equipment,WS/MP18067/2025,Normal/Others,Installation of Fixed Gym equipments,2025-03-15,300000.0,2025-05-08,179,WS/MP18067/2025-2026/134321-Construction of water tanks,2026-02-17,545000.0,Work partially Completed,21701,"WS/MP18067/2025-2026/214215-Construction of roads, link roads, pathways or any other road with or without drainage system",2025-12-05,542851.0,Completed,4549243.0,2026-08-24,THE VK COOPERATIVE LABOUR AND CONSTRUCTION SOCIETY LIMITED,THE VK COOPERATIVE LABOUR AND CONSTRUCTION SOCIETY LIMITED,34.0,Payment In-Progress,147000000.0,Haryana,SONEPAT,,,,545000.0,54.0,473.0,265.0,834.7234862385321,4004243.0,734.7234862385321,-4004243.0,0.3707482993197279,1,1,545000.0,4549243.0,834.7234862385321,600000.0,-9.166666666666666,1,4549243.0,4549243.0,1,1,100.0,0,1,0,0,0,1,0,0,0,0,2,8,74.01108006999507,47.61,Medium,47.0,ML Anomaly,expenditure exceeds effective sanctioned amount
,Himachal Pradesh,KANGRA(DEPUTY COMMISSIONER KANGRA_IDA),RAJEEV BHARDWAJ,RAJEEV BHARDWAJ,KANGRA,,WS/MP18069/2024,Normal/Others,Construction of Pathways. Tile Work-from the House of Milap Chand to Near Kapoor Nagar.,2024-11-28,,,8073,"WS/MP18069/2024-2025/150898-Construction of roads, link roads, pathways or any other road with or without drainage system",2025-03-29,200000.0,Work Completed,9202,"WS/MP18069/2024-2025/165873-Construction of roads, link roads, pathways or any other road with or without drainage system",2026-08-22,120000.0,Completed,,,,,,,179388967.11,Himachal Pradesh,KANGRA,,,,200000.0,,,632.0,,,,,0.11148957665683054,1,2,300000.0,1343341.0,447.7803333333333,600000.0,-66.66666666666666,0,0.0,0.0,0,0,,0,0,0,0,0,0,0,0,0,0,0,0,13.252107913063496,7.95,Low,0.0,None,No material anomaly signal detected.
,Himachal Pradesh,KANGRA(DEPUTY COMMISSIONER KANGRA_IDA),RAJEEV BHARDWAJ,RAJEEV BHARDWAJ,KANGRA,,WS/MP18069/2025,Normal/Others,Construction of Pathways.,2024-11-28,,,8072,"WS/MP18069/2025-2026/150892-Construction of roads, link roads, pathways or any other road with or without drainage system",2025-07-24,100000.0,Physical Inspection,14845,"WS/MP18069/2025-2026/212007-Construction of roads, link roads, pathways or any other road with or without drainage system",2026-08-27,200000.0,Completed,1343341.0,2026-08-25,EE HPPWD PALAMPUR,EE HPPWD PALAMPUR,8.0,Payment In-Progress,179388967.11,Himachal Pradesh,KANGRA,,,,100000.0,,,637.0,1343.3410000000001,1243341.0,1243.3410000000001,-1243341.0,0.05574478832841527,1,2,300000.0,1343341.0,447.7803333333333,600000.0,-83.33333333333334,1,1343341.0,1343341.0,1,1,100.0,0,1,0,0,0,1,0,0,0,0,2,8,41.026536526723724,27.82,Low,22.3,None,expenditure exceeds effective sanctioned amount
2630,Jharkhand,KHUNTI(DEPUTY COMMISSIONER KHUNTI_IDA),KALI CHARAN MUNDA,KALI CHARAN MUNDA,KHUNTI(ST),"WS/MP18074/2024-2025/140518-Construction of roads, link roads, pathways or any other road with or without drainage system",WS/MP18074/2024,Normal/Others,Construction of paver block path from Ganesh Manjhi's house to PCC Road in village Ghaghra of Ganaloya Panchayat under Murhu Block.,2024-09-12,200000.0,2024-10-14,4954,"WS/MP18074/2024-2025/145092-Construction of roads, link roads, pathways or any other road with or without drainage system",2025-03-27,500000.0,Work partially Completed,950,"WS/MP18074/2024-2025/137044-Construction of roads, link roads, pathways or any other road with or without drainage system",2025-11-21,1000000.0,Completed,,,,,,,147000000.0,Jharkhand,KHUNTI(ST),,,,500000.0,32.0,,435.0,,,,,0.3401360544217687,1,1,500000.0,0.0,0.0,600000.0,-16.666666666666664,0,0.0,0.0,0,0,,0,0,0,0,0,0,0,0,0,0,0,0,4.414461772188471,2.65,Low,0.0,None,No material anomaly signal detected.
,Karnataka,HASSAN(DEPUTY COMMISSIONER HASSAN_IDA),DR C N MANJUNATH,DR C N MANJUNATH,BANGALORE RURAL,,WS/MP18076/2024,Normal/Others,"Construction of community hall by Hassan District Vokkaligara Sangha at S.M Krishna Nagar, Hassan CMC.",2024-10-17,,,6387,WS/MP18076/2024-2025/148068-Construction of community centers and community halls,2025-03-17,1000000.0,Work partially Completed,4097,WS/MP18076/2024-2025/145740-Construction of New Building,2026-05-15,500000.0,Completed,250000.0,2026-08-25,PROJECT MANAGER NIRMITHI KENDRA RAMANAGARA,PROJECT MANAGER NIRMITHI KENDRA RAMANAGARA,2.0,Payment In-Progress,147000000.0,Karnataka,BANGALORE RURAL,1.0,500000.0,National Calamity,1000000.0,,,575.0,25.0,-750000.0,-75.0,750000.0,0.6802721088435374,1,3,1800000.0,3052097.0,169.56094444444446,600000.0,66.66666666666666,1,250000.0,250000.0,1,1,100.0,0,0,0,0,0,1,1,0,0,0,2,18,38.54043804156685,30.32,Medium,25.4,Duplicate Payment,possible repeated work/vendor/amount payment pattern
2778,Karnataka,Bengaluru South(DEPUTY COMMISSIONER RAMANAGARA_IDA),DR C N MANJUNATH,DR C N MANJUNATH,BANGALORE RURAL,WS/MP18076/2025-2026/140804-Construction of New Building,WS/MP18076/2025,Normal/Others,"Construction of New Building, Vividhodesha Prarthamika Grameena Krushi Sahakara Sangha at Thagachakere Village, Kasaba Hobli, Channapatana Taluk, Ramanagara Disrtrict.",2024-09-14,1000000.0,2025-05-15,5194,WS/MP18076/2025-2026/145734-Fitting of Sitting RCC Benches in Public Places,2025-08-30,300000.0,Work Completed,12817,WS/MP18076/2025-2026/140212-Construction of New Building,2026-05-15,300000.0,Completed,249597.0,2026-07-10,TUMKUR NIRMITHI KENDRA,TUMKUR NIRMITHI KENDRA,2.0,Payment In-Progress,147000000.0,Karnataka,BANGALORE RURAL,1.0,500000.0,National Calamity,300000.0,243.0,421.0,608.0,83.199,-50403.0,-16.801,50403.0,0.20408163265306123,1,3,1800000.0,3052097.0,169.56094444444446,600000.0,-50.0,2,2802097.0,1401048.5,1,1,8.907507484573161,0,0,0,0,0,1,0,0,0,0,1,0,66.74649798878036,40.05,Medium,37.6,None,No material anomaly signal detected.
,Karnataka,BENGALURU URBAN(DEPUTY COMMISSIONER BANGALORE URBAN_IDA),DR C N MANJUNATH,DR C N MANJUNATH,BANGALORE RURAL,,WS/MP18076/2026,Trust and Society,"Construction of New Building Nammane Summane Destitute Orphanage at No.18 Gangondanahalli, Chammundeshwari Layout, Lakshmipura Post, Dasanapura Hobli, Bengaluru North Taluk, Pin-560073",2024-10-09,,,5631,WS/MP18076/2026-2027/146587-Construction of community centers and community halls,2026-08-19,500000.0,Sanction,,,,,,2552500.0,2026-08-24,TUMKUR NIRMITHI KENDRA,TUMKUR NIRMITHI KENDRA,6.0,Payment In-Progress,147000000.0,Karnataka,BANGALORE RURAL,1.0,500000.0,National Calamity,500000.0,,,,510.50000000000006,2052500.0,410.50000000000006,-2052500.0,0.3401360544217687,0,3,1800000.0,3052097.0,169.56094444444446,1000000.0,-50.0,2,2802097.0,1401048.5,1,1,91.09249251542684,0,1,0,0,0,1,0,0,0,0,2,8,69.44338393587968,44.87,Medium,43.6,None,expenditure exceeds effective sanctioned amount
,Karnataka,BIDAR(DEPUTY COMMISSIONER BIDAR_IDA),SAGAR ESHWAR KHANDRE,SAGAR ESHWAR KHANDRE,BIDAR,,WS/MP18079/2025,Normal/Others,installation of High-mast light,2024-10-19,,,6614,WS/MP18079/2025-2026/148399-Lighting of public spaces,2025-07-07,250000.0,Work partially Completed,18827,WS/MP18079/2025-2026/197348-Lighting of public spaces,2025-12-23,239522.0,Completed,3111750.0,2026-08-20,SUGREEV,SUGREEV,6.0,Payment In-Progress,147000000.0,Karnataka,BIDAR,,,,250000.0,,,430.0,1244.6999999999998,2861750.0,1144.6999999999998,-2861750.0,0.17006802721088435,1,1,250000.0,3111750.0,1244.6999999999998,600000.0,-58.333333333333336,1,3111750.0,3111750.0,1,1,100.0,0,1,0,0,0,1,0,0,0,0,2,8,49.085333593528865,32.65,Medium,28.3,None,expenditure exceeds effective sanctioned amount
,Karnataka,UTTARA KANNADA(DEPUTY COMMISSIONER UTTARKANNADA KARWAR_IDA),VISHWESHWAR HEGDE KAGERI,VISHWESHWAR HEGDE KAGERI,UTTARA KANNADA,,WS/MP18094/2025,Normal/Others,"Improvements of Road and Construction of Steps to bhutarajeshwara Temple, Ganesh Nagara, Sirsi",2025-01-08,,,8485,"WS/MP18094/2025-2026/151575-Construction of roads, link roads, pathways or any other road with or without drainage system",2026-02-26,800000.0,Work Completed,8576,"WS/MP18094/2025-2026/151543-Construction of roads, link roads, pathways or any other road with or without drainage system",2026-02-25,600000.0,Completed,,,,,,,147000000.0,Karnataka,UTTARA KANNADA,,,,800000.0,,,413.0,,,,,0.5442176870748299,1,2,1500000.0,525000.0,35.0,600000.0,33.33333333333333,0,0.0,0.0,0,0,,0,0,0,0,0,0,0,0,0,0,0,0,0.2966947374543113,0.18,Low,0.0,None,No material anomaly signal detected.
,Karnataka,UTTARA KANNADA(DEPUTY COMMISSIONER UTTARKANNADA KARWAR_IDA),VISHWESHWAR HEGDE KAGERI,VISHWESHWAR HEGDE KAGERI,UTTARA KANNADA,,WS/MP18094/2026,Normal/Others,Construction of Community hall At Saihadri Colony,2025-01-08,,,8471,WS/MP18094/2026-2027/151546-Construction of community centers and community halls,2026-05-21,700000.0,Vendor Identification,,,,,,525000.0,2026-08-25,DEPUTY COMMISSIONER AND CHAIRMAN PROJECT MANAGER NIRMITHI KENDRA BELAGAVI,DEPUTY COMMISSIONER AND CHAIRMAN PROJECT MANAGER NIRMITHI KENDRA BELAGAVI,1.0,Payment In-Progress,147000000.0,Karnataka,UTTARA KANNADA,,,,700000.0,,,,75.0,-175000.0,-25.0,175000.0,0.4761904761904762,0,2,1500000.0,525000.0,35.0,600000.0,16.666666666666664,1,525000.0,525000.0,1,1,100.0,0,0,0,0,0,0,0,0,0,0,0,0,15.201600338389659,9.12,Low,0.0,None,No material anomaly signal detected.
3399,Kerala,ALAPPUZHA(DISTRICT COLLECTOR ALAPPUZHA_IDA),K. C VENUGOPAL,K C VENUGOPAL,ALAPPUZHA,WS/MP18095/2025-2026/141963-Setting up of laboratories,WS/MP18095/2025,Normal/Others,"Maths – Computer Lab Furnishing for Govt. Girls HSS, Cherthala 1) MDF Table for Teacher with one draw and one cupboard 120cmx60cmx75cm – 1 No. 2) Lap Top Table for student with side partition (8 seating) 880cmx50cmx75cm with one draw with Lock in each seat – 1 No. 3) Lap Top Table for student with side partition (7 seating) 560cmx50cmx75cm with one draw with Lock in each seat – 1 No. 4) Lap Top Table for student 560cmx110cmx75cm (14 seating) with central & side partition, etc",2024-09-20,499776.0,2025-11-27,6041,WS/MP18095/2025-2026/147400-Installing community drinking water plants,2026-02-27,358334.0,Physical Inspection,21454,WS/MP18095/2025-2026/141963-Setting up of laboratories,2025-11-27,499776.0,Completed,154707.0,2026-08-02,PTA GOVT UP SCHOOL KALARCODE,PTA GOVT UP SCHOOL KALARCODE,2.0,Payment Success,147000000.0,Kerala,ALAPPUZHA,,,,358334.0,433.0,248.0,433.0,43.17396618796988,-203627.0,-56.82603381203012,203627.0,0.24376462585034014,1,4,4658334.0,154707.0,3.321080025605721,600000.0,-40.27766666666667,1,154707.0,154707.0,1,1,100.0,0,0,0,0,0,1,0,0,0,0,1,0,38.44506723787334,23.07,Low,16.3,None,No material anomaly signal detected.
,Madhya Pradesh,Pandhurna(District Collector Pandhurna_IDA),BUNTY VIVEK SAHU,BUNTY VIVEK SAHU,CHHINDWARA,,WS/MP18100/2024,Normal/Others,GP Devi Sausar,2024-11-10,,,8543,WS/MP18100/2024-2025/151653-Construction of common work sheds/ common covered sitting area,2025-01-31,100000.0,Work partially Completed,4985,WS/MP18100/2024-2025/164788-Construction of buildings for community cultural activities,2026-04-16,100000.0,Completed,,,,,,,147000000.0,Madhya Pradesh,CHHINDWARA,,,,100000.0,,,522.0,,,,,0.06802721088435373,1,1,100000.0,0.0,0.0,600000.0,-83.33333333333334,0,0.0,0.0,0,0,,0,0,0,0,0,0,0,0,0,0,0,0,5.411601932014774,3.25,Low,0.0,None,No material anomaly signal detected.
4326,Madhya Pradesh,DAMOH(DISTRICT COLLECTOR DAMOH_IDA),RAHUL SINGH LODHI,RAHUL SINGH LODHI,DAMOH,WS/MP18101/2024-2025/143856-Construction of additional rooms and halls in the existing public and community building,WS/MP18101/2024,Normal/Others,jila niyalay parisar me nirmit sarvjanin our samudayak bhavn ke pratham tl pr hall nirman,2024-09-26,1800000.0,2024-11-08,7164,WS/MP18101/2024-2025/149377-Purchase of mobile water tankers,2025-01-17,198723.0,Physical Inspection,4185,WS/MP18101/2024-2025/161328-Construction of rooms and halls in school and colleges,2026-03-31,1000000.0,Completed,,,,,,,163058785.37,Madhya Pradesh,DAMOH,,,,198723.0,43.0,,551.0,,,,,0.12187199821774312,1,1,198723.0,0.0,0.0,600000.0,-66.87950000000001,0,0.0,0.0,0,0,,0,0,0,0,0,0,0,0,0,0,0,0,9.712741475087741,5.83,Low,0.0,None,No material anomaly signal detected.
,Madhya Pradesh,DHAR(DISTRICT COLLECTOR DHAR_IDA),SAVITRI THAKUR,SAVITRI THAKUR,DHAR(ST),,WS/MP18102/2024,Normal/Others,GI cotted water tank 5500 liter 900*20 tyres,2024-11-12,,,8830,WS/MP18102/2024-2025/152122-Purchase of mobile water tankers,2024-12-24,166026.0,Physical Inspection,2557,WS/MP18102/2024-2025/159275-Construction of community centers and community halls,2026-03-09,600000.0,Completed,,,,,,,147000000.0,Madhya Pradesh,DHAR(ST),,,,166026.0,,,482.0,,,,,0.11294285714285714,1,1,166026.0,0.0,0.0,600000.0,-72.329,0,0.0,0.0,0,0,,0,0,0,0,0,0,0,0,0,0,0,0,3.2596823261246404,1.96,Low,0.0,None,No material anomaly signal detected.
,Madhya Pradesh,NARMADAPURAM(DISTRICT COLLECTOR NARMADAPURAM_IDA),DARSHAN SINGH CHOUDHARY,DARSHAN SINGH CHOUDHARY,HOSHANGABAD,,WS/MP18104/2025,Normal/Others,"for purchase of kabaddi mate at goverment higher secondary school, raipur",2024-12-19,,,8954,WS/MP18104/2025-2026/152331-Purchase of sports equipment,2025-11-25,105000.0,Vendor Identification,16760,WS/MP18104/2025-2026/189975-Improvement of electricity distribution infrastructure,2026-05-13,120000.0,Completed,831020.0,2026-08-21,Sachiv Gram panchayat kulamadi,SACHIV GRAM PANCHAYAT KULAMADI,10.0,Payment In-Progress,147000000.0,Madhya Pradesh,HOSHANGABAD,,,,105000.0,,,510.0,791.4476190476191,726020.0,691.4476190476191,-726020.0,0.07142857142857142,1,1,105000.0,831020.0,791.4476190476191,600000.0,-82.5,1,831020.0,831020.0,1,1,100.0,0,1,0,0,0,1,0,0,0,0,2,8,34.57132190288186,23.94,Low,17.4,None,expenditure exceeds effective sanctioned amount
3504,Madhya Pradesh,SHEOPUR(District Collector Sheopur_IDA),SHIVMANGAL SINGH TOMAR,SHIVMANGAL SINGH TOMAR,MORENA,"WS/MP18106/2024-2025/142124-Construction of roads, link roads, pathways or any other road with or without drainage system",WS/MP18106/2024,Normal/Others,"gram panchayat khitarpal, janpad panchayat vijaypur, main road se shri kali mata mandir tak",2024-10-15,800000.0,2024-12-17,5728,WS/MP18106/2024-2025/146792-Construction of culverts and bridges,2025-01-09,800000.0,Vendor Identification,4608,WS/MP18106/2024-2025/178303-Purchase of mobile water tankers,2025-10-10,166026.0,Completed,,,,,,,147000000.0,Madhya Pradesh,MORENA,,,,800000.0,63.0,,360.0,,,,,0.5442176870748299,1,1,800000.0,0.0,0.0,600000.0,33.33333333333333,0,0.0,0.0,0,0,,0,0,0,0,0,0,0,0,0,0,0,0,3.4433273817940626,2.07,Low,0.0,None,No material anomaly signal detected.
4313,Madhya Pradesh,VIDISHA(District Collector Vidisha_IDA),DR. LATA WANKHEDE,DR LATA WANKHEDE,SAGAR,WS/MP18108/2024-2025/143816-Construction of bus-sheds or bus-stops,WS/MP18108/2024,Normal/Others,Pre fabricated bus shelter model number 4 with two LED solar light 1. Gram Panchayat bagrod Mein mukhya Marg bagroda 2. Gram Panchayat batoli mein 3. Gram Panchayat Devpur Mein 4. Gram Panchayat deepnakheda 5. Gram Panchayat baretha mein 6. Gram Panchayat Barwal 7. Gram Panchayat baatami 8. Gram Panchayat Udaipur 9. Gram Panchayat Rampura 10. Gram Panchayat pipaldhar,2024-09-26,2698500.0,2024-11-13,7761,"WS/MP18108/2024-2025/150367-Construction of roads, link roads, pathways or any other road with or without drainage system",2025-01-15,500000.0,Vendor Identification,2568,"WS/MP18108/2024-2025/165754-Construction of roads, link roads, pathways or any other road with or without drainage system",2026-02-27,499856.0,Completed,,,,,,,147000000.0,Madhya Pradesh,SAGAR,,,,500000.0,48.0,,519.0,,,,,0.3401360544217687,1,2,1200000.0,713029.0,59.41908333333333,600000.0,-16.666666666666664,0,0.0,0.0,0,0,,0,0,0,0,0,0,0,0,0,0,0,0,10.941217109448079,6.56,Low,0.0,None,No material anomaly signal detected.
,Madhya Pradesh,SAGAR(DISTRICT COLLECTOR SAGAR_IDA),DR. LATA WANKHEDE,DR LATA WANKHEDE,SAGAR,,WS/MP18108/2025,Normal/Others,Sardar Vallabh Bhai Patel chhaatraavaas Bina Zila Sagar me Additional Room Nirman Hetu,2024-11-02,,,7762,WS/MP18108/2025-2026/150369-Construction of additional rooms and halls in the existing public and community building,2025-12-11,700000.0,Vendor Identification,11883,"WS/MP18108/2025-2026/208681-Construction of roads, link roads, pathways or any other road with or without drainage system",2026-03-31,200000.0,Completed,713029.0,2026-08-24,Sardar Vallabhbhi Patel Samiti,SARDAR VALLABHBHI PATEL SAMITI,4.0,Payment In-Progress,147000000.0,Madhya Pradesh,SAGAR,,,,700000.0,,,514.0,101.86128571428571,13029.0,1.8612857142857142,-13029.0,0.4761904761904762,1,2,1200000.0,713029.0,59.41908333333333,600000.0,16.666666666666664,1,713029.0,713029.0,1,1,100.0,0,1,0,0,0,1,0,0,0,0,2,8,14.012114843760306,11.61,Low,2.0,None,expenditure exceeds effective sanctioned amount
,Madhya Pradesh,SIDHI(DISTRICT COLLECTOR SIDHI_IDA),DR. RAJESH MISHRA,DR RAJESH MISHRA,SIDHI,,WS/MP18109/2024,Normal/Others,RAMDIH BUS STAND KE PAS,2024-10-30,,,7693,WS/MP18109/2024-2025/150209-Construction of common work sheds/ common covered sitting area,2025-02-04,259942.0,Physical Inspection,6627,WS/MP18109/2024-2025/175943-Street lights,2026-02-17,1157705.0,Completed,,,,,,,262724510.35,Madhya Pradesh,SIDHI,,,,259942.0,,,475.0,,,,,0.09894090187996044,1,2,294942.0,4364485.0,1479.7773799594497,600000.0,-56.67633333333333,0,0.0,0.0,0,0,,0,0,0,0,0,0,0,0,0,0,0,0,36.94643466396883,22.17,Low,15.2,None,No material anomaly signal detected.
,Madhya Pradesh,SIDHI(DISTRICT COLLECTOR SIDHI_IDA),DR. RAJESH MISHRA,DR RAJESH MISHRA,SIDHI,,WS/MP18109/2025,Normal/Others,SARASWATI HIGHER SECONDARY SCHOOL KARAUNDIYA DIST SIDHI ME PRAYOGIK VGYAN SAMAGRI,2024-10-30,,,7603,WS/MP18109/2025-2026/150117-Setting up of laboratories,2025-08-08,35000.0,Vendor Identification,16331,"WS/MP18109/2025-2026/217947-Construction of roads, link roads, pathways or any other road with or without drainage system",2026-07-28,1499438.0,Completed,4364485.0,2026-08-25,SE O and M MPPKVVCL SIDHI,SE O AND M MPPKVVCL SIDHI,18.0,Payment In-Progress,262724510.35,Madhya Pradesh,SIDHI,,,,35000.0,,,636.0,12469.957142857143,4329485.0,12369.957142857143,-4329485.0,0.013321939378009767,1,2,294942.0,4364485.0,1479.7773799594497,600000.0,-94.16666666666667,1,4364485.0,4364485.0,1,1,100.0,0,1,1,0,0,1,0,0,0,0,3,26,94.97494915800372,67.38,High,71.7,Cost Overrun,cost deviation is unusually high
4492,Maharashtra,AKOLA(DISTRICT COLLECTOR AKOLA_IDA),ANUP SANJAY DHOTRE,ANUP SANJAY DHOTRE,AKOLA,"WS/MP18111/2025-2026/144099-Construction of roads, link roads, pathways or any other road with or without drainage system",WS/MP18111/2025,Normal/Others,Construction of Cement Concrete Road from Mahendra Tayade's house to Sandip Tayade's house at Kaulkhed Jahagir.,2025-03-31,483603.0,2025-05-29,4421,"WS/MP18111/2025-2026/144099-Construction of roads, link roads, pathways or any other road with or without drainage system",2025-05-29,483603.0,Physical Inspection,19465,"WS/MP18111/2025-2026/187122-Construction of roads, link roads, pathways or any other road with or without drainage system",2026-03-28,976441.0,Completed,,,,,,,147000000.0,Maharashtra,AKOLA,,,,483603.0,59.0,,362.0,,,,,0.3289816326530612,1,2,1483603.0,4899036.0,330.21205807753154,600000.0,-19.3995,0,0.0,0.0,0,0,,0,0,0,0,0,0,0,0,0,0,0,0,11.637174265565674,6.98,Low,0.0,None,No material anomaly signal detected.
4395,Maharashtra,AKOLA(DISTRICT COLLECTOR AKOLA_IDA),ANUP SANJAY DHOTRE,ANUP SANJAY DHOTRE,AKOLA,WS/MP18111/2026-2027/143961-Construction of community centers and community halls,WS/MP18111/2026,Normal/Others,Construction of Community hall at Matang Vasti Kaulkhed Bahadalpur,2025-03-31,1000000.0,2026-04-22,4325,WS/MP18111/2026-2027/143961-Construction of community centers and community halls,2026-04-22,1000000.0,Sanction,,,,,,4899036.0,2026-08-27,Nishant Gulab Rathod,NISHANT GULAB RATHOD,5.0,Payment In-Progress,147000000.0,Maharashtra,AKOLA,,,,1000000.0,387.0,127.0,,489.9036,3899036.0,389.90360000000004,-3899036.0,0.6802721088435374,0,2,1483603.0,4899036.0,330.21205807753154,600000.0,66.66666666666666,1,4899036.0,4899036.0,1,1,100.0,0,1,0,0,0,1,0,0,0,0,2,8,57.48119293684144,37.69,Medium,34.6,None,expenditure exceeds effective sanctioned amount
4392,Maharashtra,AMRAVATI(DISTRICT COLLECTOR AMRAVATI_IDA),BALWANT BASWANT WANKHADE,BALWANT BASWANT WANKHADE,AMRAVATI(SC),WS/MP18112/2024-2025/143947-Construction of community centers and community halls,WS/MP18112/2024,Normal/Others,Construction Of Community Hall At Hirur Purna Ta. Chandur Bazar,2024-09-27,1441000.0,2024-10-14,5020,"WS/MP18112/2024-2025/145331-Construction of roads, link roads, pathways or any other road with or without drainage system",2025-03-28,700000.0,Physical Inspection,19013,"WS/MP18112/2024-2025/180045-Construction of roads, link roads, pathways or any other road with or without drainage system",2026-01-17,800000.0,Completed,,,,,,,198293678.0,Maharashtra,AMRAVATI(SC),,,,700000.0,17.0,,477.0,,,,,0.3530117586502178,1,2,1400000.0,9075498.0,648.2498571428572,600000.0,16.666666666666664,0,0.0,0.0,0,0,,0,0,0,0,0,0,0,0,0,0,0,0,31.02871571114042,18.62,Low,10.8,None,No material anomaly signal detected.
4493,Maharashtra,AMRAVATI(DISTRICT COLLECTOR AMRAVATI_IDA),BALWANT BASWANT WANKHADE,BALWANT BASWANT WANKHADE,AMRAVATI(SC),"WS/MP18112/2025-2026/144100-Construction of roads, link roads, pathways or any other road with or without drainage system",WS/MP18112/2025,Normal/Others,Construction of road At Bhiwapur Ta Tiosa,2024-09-27,700000.0,2025-05-15,4422,"WS/MP18112/2025-2026/144100-Construction of roads, link roads, pathways or any other road with or without drainage system",2025-05-15,700000.0,Vendor Identification,21088,"WS/MP18112/2025-2026/217148-Construction of roads, link roads, pathways or any other road with or without drainage system",2025-11-21,692605.0,Completed,9075498.0,2026-08-24,JWALAMUKHI JAGDAMBA MAJUR KAMGAR SAHAKARI SANSTHA,JWALAMUKHI JAGDAMBA MAJUR KAMGAR SAHAKARI SANSTHA,10.0,Payment In-Progress,198293678.0,Maharashtra,AMRAVATI(SC),,,,700000.0,230.0,466.0,420.0,1296.4997142857144,8375498.0,1196.4997142857144,-8375498.0,0.3530117586502178,1,2,1400000.0,9075498.0,648.2498571428572,600000.0,16.666666666666664,1,9075498.0,9075498.0,1,1,100.0,0,1,0,0,0,1,0,0,0,0,2,8,87.93336275118483,55.96,Medium,57.4,ML Anomaly,expenditure exceeds effective sanctioned amount
3448,Maharashtra,DHULE(DISTRICT COLLECTOR DHULE_IDA),BACHHAV SHOBHA DINESH,BACHHAV SHOBHA DINESH,DHULE,"WS/MP18117/2024-2025/142022-Purchase of smart boards, visual display units and projectors",WS/MP18117/2024,Normal/Others,"Supply interactive board , computer , vc camera (for two class room) at priyadarshani indira gandhi madhymik vidhyalay v kanisth mahavidhyaly betavad tal shindhkheda",2024-09-20,1000000.0,2024-12-02,3401,"WS/MP18117/2024-2025/142022-Purchase of smart boards, visual display units and projectors",2024-12-02,1000000.0,Physical Inspection,13134,"WS/MP18117/2024-2025/170214-Purchase of IT systems, including hardware and software for educational purposes",2025-08-14,1000000.0,Completed,,,,,,,147000000.0,Maharashtra,DHULE,,,,1000000.0,73.0,,328.0,,,,,0.6802721088435374,1,1,1000000.0,0.0,0.0,600000.0,66.66666666666666,0,0.0,0.0,0,0,,0,0,0,0,0,0,0,0,0,0,0,0,4.463237060293424,2.68,Low,0.0,None,No material anomaly signal detected.
,Maharashtra,JALGAON(DISTRICT COLLECTOR JALGAON_IDA),SMITA UDAY WAGH,SMITA UDAY WAGH,JALGAON,,WS/MP18121/2024,Normal/Others,Concreting work at Dhorwada in Ward No. 5 of Chalisgaon city,2024-10-11,,,5723,"WS/MP18121/2024-2025/146782-Construction of roads, link roads, pathways or any other road with or without drainage system",2025-03-26,998933.0,Physical Inspection,21891,"WS/MP18121/2024-2025/146636-Construction of roads, link roads, pathways or any other road with or without drainage system",2025-12-04,699511.0,Completed,,,,,,,148107373.11,Maharashtra,JALGAON,,,,998933.0,,,419.0,,,,,0.6744654091313118,1,2,2998933.0,0.0,0.0,600000.0,66.48883333333333,0,0.0,0.0,0,0,,0,0,0,0,0,0,0,0,0,0,0,0,0.6710844974327248,0.4,Low,0.0,None,No material anomaly signal detected.
,Maharashtra,JALGAON(DISTRICT COLLECTOR JALGAON_IDA),SMITA UDAY WAGH,SMITA UDAY WAGH,JALGAON,,WS/MP18121/2025,Normal/Others,Construction of a drainage system and concreting along Malegaon Road in Chalisgaon city,2024-10-11,,,5724,"WS/MP18121/2025-2026/146783-Construction of roads, link roads, pathways or any other road with or without drainage system",2025-05-22,2000000.0,Sanction,,,,,,,,,,,,148107373.11,Maharashtra,JALGAON,,,,2000000.0,,,,,,,,1.350371664828996,0,2,2998933.0,0.0,0.0,600000.0,233.33333333333334,0,0.0,0.0,0,0,,0,0,0,0,0,0,0,0,0,0,0,0,5.288150411946434,3.17,Low,0.0,None,No material anomaly signal detected.
698,Maharashtra,NANDURBAR(DISTRICT COLLECTOR NANDURBAR_IDA),ADV GOWAAL KAGADA PADAVI,ADV GOWAAL KAGADA PADAVI,NANDURBAR(ST),WS/MP18126/2025-2026/136436-Construction of bus-sheds or bus-stops,WS/MP18126/2025,Normal/Others,Construction of Ranala Bus stop shed,2024-08-19,1199000.0,2025-08-21,688,WS/MP18126/2025-2026/136436-Construction of bus-sheds or bus-stops,2025-08-21,1199000.0,Sanction,,,,,,31532479.0,2026-08-05,SWAMI POWERTECH,SWAMI POWERTECH,186.0,Payment Success,147816309.11,Maharashtra,NANDURBAR(ST),,,,1199000.0,367.0,349.0,,2629.8981651376143,30333479.0,2529.8981651376143,-30333479.0,0.8111418876706926,0,1,1199000.0,31532479.0,2629.8981651376143,600000.0,99.83333333333333,1,31532479.0,31532479.0,1,1,100.0,1,1,0,0,0,1,1,0,0,1,5,52,100.0,80.8,Critical,88.5,Unusual Expenditure; Duplicate Payment; Transaction Outlier,expenditure is in an extreme upper range; expenditure exceeds effective sanctioned amount; possible repeated work/vendor/amount payment pattern
,Maharashtra,SATARA(DISTRICT COLLECTOR SATARA_IDA),SHRIMANT CHH UDAYANRAJE PRATAPSINHAMAHARAJ BHONSLE,SHRIMANT CHH UDAYANRAJE PRATAPSINHAMAHARAJ BHONSLE,SATARA,,WS/MP18133/2024,Normal/Others,Construction of Community hall at Ramoshi Vasti at Aajhadpur Nhavi Khurd,2025-01-02,,,6654,WS/MP18133/2024-2025/148466-Construction of community centers and community halls,2025-02-28,1000000.0,Sanction,11568,"WS/MP18133/2024-2025/148464-Construction of roads, link roads, pathways or any other road with or without drainage system",2025-07-22,1000000.0,Completed,,,,,,,147000000.0,Maharashtra,SATARA,,,,1000000.0,,,201.0,,,,,0.6802721088435374,1,2,1700000.0,2106470.0,123.91000000000001,600000.0,66.66666666666666,0,0.0,0.0,0,0,,0,0,0,0,0,0,0,0,0,0,0,0,9.454630796169262,5.67,Low,0.0,None,No material anomaly signal detected.
,Maharashtra,SATARA(DISTRICT COLLECTOR SATARA_IDA),SHRIMANT CHH UDAYANRAJE PRATAPSINHAMAHARAJ BHONSLE,SHRIMANT CHH UDAYANRAJE PRATAPSINHAMAHARAJ BHONSLE,SATARA,,WS/MP18133/2025,Normal/Others,Construction of Community hall at Ramoshi Vasti at Kamathi,2025-01-02,,,6667,WS/MP18133/2025-2026/148481-Construction of community centers and community halls,2025-08-18,700000.0,Sanction,,,,,,2106470.0,2026-08-25,Namdev Avinash Nazare,NAMDEV AVINASH NAZARE,3.0,Payment In-Progress,147000000.0,Maharashtra,SATARA,,,,700000.0,,,,300.9242857142857,1406470.0,200.9242857142857,-1406470.0,0.4761904761904762,0,2,1700000.0,2106470.0,123.91000000000001,600000.0,16.666666666666664,1,2106470.0,2106470.0,1,1,100.0,0,1,0,0,0,1,0,0,0,0,2,8,18.231115771284177,14.14,Low,5.2,None,expenditure exceeds effective sanctioned amount
4289,Mizoram,AIZAWL(DEPUTY COMMISSIONER AIZAWL_IDA),RICHARD VANLALHMANGAIHA,RICHARD VANLALHMANGAIHA,MIZORAM (ST),"WS/MP18138/2024-2025/143748-Construction of roads, link roads, pathways or any other road with or without drainage system",WS/MP18138/2024,Normal/Others,"Internal road PCC Flooring from S. Vanlalvura's house to Vanlalliana House, Zohmun",2024-09-25,350000.0,2025-01-13,6427,"WS/MP18138/2024-2025/148127-Purchase of ambulances (Four, three and two wheelers)",2025-03-28,1807115.0,Work Completed,5181,WS/MP18138/2024-2025/148827-Construction of boundary walls of existing public and community buildings,2026-02-16,250000.0,Completed,,,,,,,147000000.0,Mizoram,MIZORAM (ST),,,,1807115.0,110.0,,509.0,,,,,1.229329931972789,1,2,2057115.0,490000.0,23.819767003789288,600000.0,201.18583333333336,0,0.0,0.0,0,0,,0,0,0,0,0,0,0,0,0,0,0,0,5.497132418359329,3.3,Low,0.0,None,No material anomaly signal detected.
,Mizoram,"LUNGLEI(Deputy Commissioner, Lunglei)",RICHARD VANLALHMANGAIHA,RICHARD VANLALHMANGAIHA,MIZORAM (ST),,WS/MP18138/2025,Normal/Others,PCC pavement of Internal Road at Rangte(Main Road to RMSA High School: 50 mtres),2024-10-20,,,6866,"WS/MP18138/2025-2026/148808-Construction of roads, link roads, pathways or any other road with or without drainage system",2025-04-25,250000.0,Physical Inspection,16623,"WS/MP18138/2025-2026/217285-Construction of roads, link roads, pathways or any other road with or without drainage system",2026-08-04,1500000.0,Completed,490000.0,2026-08-13,MUP Vaivakawn,MUP VAIVAKAWN,1.0,Payment In-Progress,147000000.0,Mizoram,MIZORAM (ST),,,,250000.0,,,653.0,196.0,240000.0,96.0,-240000.0,0.17006802721088435,1,2,2057115.0,490000.0,23.819767003789288,600000.0,-58.333333333333336,1,490000.0,490000.0,1,1,100.0,0,1,0,0,0,0,0,0,0,0,1,8,16.594718914529274,13.16,Low,3.9,None,expenditure exceeds effective sanctioned amount
3222,Odisha,KALAHANDI(DISTRICT COLLECTOR KALAHANDI_IDA),MALVIKA DEVI,MALVIKA DEVI,KALAHANDI,"WS/MP18144/2024-2025/141602-Construction of roads, link roads, pathways or any other road with or without drainage system",WS/MP18144/2024,Normal/Others,Construction of drain with CD work at Mahadev bag new house road.,2024-09-20,500000.0,2024-11-19,6380,WS/MP18144/2024-2025/148060-Construction of foot over bridge (FOB),2025-01-22,200000.0,Physical Inspection,5159,"WS/MP18144/2024-2025/141602-Construction of roads, link roads, pathways or any other road with or without drainage system",2026-01-29,500000.0,Completed,,,,,,,147000000.0,Odisha,KALAHANDI,,,,200000.0,60.0,,496.0,,,,,0.13605442176870747,1,1,200000.0,0.0,0.0,600000.0,-66.66666666666666,0,0.0,0.0,0,0,,0,0,0,0,0,0,0,0,0,0,0,0,3.952943398896135,2.37,Low,0.0,None,No material anomaly signal detected.
3380,Punjab,FARIDKOT(DEPUTY COMMISSIONER FARIDKOT_IDA),SARABJEET SINGH KHALSA,SARABJEET SINGH KHALSA,FARIDKOT(SC),WS/MP18152/2024-2025/141890-Development of playfields and sports grounds,WS/MP18152/2024,Normal/Others,Construction of New Badminton court in indoor Hall Nehru Stadium Faridkot,2024-09-20,438044.0,2024-11-25,2341,WS/MP18152/2024-2025/140036-Crematoriums/energy efficient crematoriums or structures on burial/cremation ground,2025-02-18,300000.0,Sanction,11477,WS/MP18152/2024-2025/141183-Crematoriums/energy efficient crematoriums or structures on burial/cremation ground,2026-02-11,100000.0,Completed,,,,,,,150850348.15,Punjab,FARIDKOT(SC),,,,300000.0,66.0,,509.0,,,,,0.19887259371896915,1,2,500000.0,390894.0,78.17880000000001,600000.0,-50.0,0,0.0,0.0,0,0,,0,0,0,0,0,0,0,0,0,0,0,0,3.707318559635369,2.22,Low,0.0,None,No material anomaly signal detected.
3057,Punjab,MOGA(Deputy Commissioner Moga),SARABJEET SINGH KHALSA,SARABJEET SINGH KHALSA,FARIDKOT(SC),WS/MP18152/2025-2026/141185-Construction of buildings for multi-gym,WS/MP18152/2025,Normal/Others,Construction of Gym Room and Installation of Fixed multi-gym equipment,2024-09-16,800000.0,2025-04-02,7920,WS/MP18152/2025-2026/150605-Purchase of mobile water tankers,2025-04-16,200000.0,Physical Inspection,21070,WS/MP18152/2025-2026/239736-Installing community drinking water plants,2026-03-11,90000.0,Completed,390894.0,2026-08-25,Ms AMRIT LAL B K O,MS AMRIT LAL B K O,5.0,Payment In-Progress,150850348.15,Punjab,FARIDKOT(SC),,,,200000.0,198.0,510.0,541.0,195.447,190894.0,95.447,-190894.0,0.13258172914597943,1,2,500000.0,390894.0,78.17880000000001,600000.0,-66.66666666666666,1,390894.0,390894.0,1,1,100.0,0,1,0,0,0,1,0,0,0,0,2,8,20.256846533402342,15.35,Low,6.7,None,expenditure exceeds effective sanctioned amount
3429,Punjab,FEROZEPUR(DEPUTY COMMISSIONER FIROZEPUR_IDA),SHER SINGH GHUBAYA,SHER SINGH GHUBAYA,FIROZPUR,WS/MP18153/2024-2025/141996-Installing community drinking water plants,WS/MP18153/2024,Normal/Others,Installtion of RO System at Govt. Elementary School Wan ( Capacity 500 Ltrs),2024-09-20,232532.0,2024-10-28,3385,WS/MP18153/2024-2025/141996-Installing community drinking water plants,2024-10-28,232532.0,Physical Inspection,3324,WS/MP18153/2024-2025/167003-Security gates in streets/public place for safety purpose,2026-07-28,979006.0,Completed,,,,,,,147000000.0,Punjab,FIROZPUR,,,,232532.0,38.0,,676.0,,,,,0.15818503401360545,1,1,232532.0,0.0,0.0,600000.0,-61.24466666666667,0,0.0,0.0,0,0,,0,0,0,0,0,0,0,0,0,0,0,0,9.052051049923353,5.43,Low,0.0,None,No material anomaly signal detected.
3339,Punjab,HOSHIARPUR(DEPUTY COMMISSIONER HOSHIARPUR_IDA),DR. RAJ KUMAR CHABBEWAL,DR RAJ KUMAR CHABBEWAL,HOSHIARPUR(SC),"WS/MP18155/2024-2025/141780-Construction of roads, link roads, pathways or any other road with or without drainage system",WS/MP18155/2024,Normal/Others,Construction of Street,2024-09-20,200000.0,2024-09-25,3270,WS/MP18155/2024-2025/141721-Lighting of public spaces,2024-11-28,200000.0,Vendor Identification,20685,WS/MP18155/2024-2025/141700-Development of public parks,2026-02-04,200000.0,Completed,,,,,,,147000000.0,Punjab,HOSHIARPUR(SC),,,,200000.0,5.0,,502.0,,,,,0.13605442176870747,1,1,200000.0,0.0,0.0,600000.0,-66.66666666666666,0,0.0,0.0,0,0,,0,0,0,0,0,0,0,0,0,0,0,0,7.32488034220075,4.39,Low,0.0,None,No material anomaly signal detected.
3364,Punjab,PATIALA(DEPUTY COMMISSIONER PATIALA_IDA),DR DHARAMVIRA GANDHI,DR DHARAMVIRA GANDHI,PATIALA,WS/MP18158/2024-2025/141824-Construction of toilet blocks,WS/MP18158/2024,Normal/Others,Construction of one toilet in Govt Middle School Fatehpur,2024-09-19,80000.0,2025-01-17,3319,WS/MP18158/2024-2025/141824-Construction of toilet blocks,2025-01-17,80000.0,Physical Inspection,2670,WS/MP18158/2024-2025/141790-Construction of toilet blocks,2026-02-19,150000.0,Completed,,,,,,,147000000.0,Punjab,PATIALA,,,,80000.0,120.0,,518.0,,,,,0.05442176870748299,1,1,80000.0,0.0,0.0,600000.0,-86.66666666666667,0,0.0,0.0,0,0,,0,0,0,0,0,0,0,0,0,0,0,0,8.531383889070984,5.12,Low,0.0,None,No material anomaly signal detected.
794,Rajasthan,ALWAR(DISTRICT COLLECTOR ALWAR_IDA),BHUPENDER YADAV,BHUPENDER YADAV,ALWAR,WS/MP18159/2024-2025/136714-Installing tube-wells and borewells,WS/MP18159/2024,Normal/Others,Three phase boring with electrical connection work near Sant Parmeshwar Das Maharaj Beda Ashram in village Naraulkhurd. G.P. Narnaulkhurd P.S. Lachhmangarh City Alwar,2024-08-21,1500000.0,2024-12-03,5229,WS/MP18159/2024-2025/145803-Construction of public libraries and reading rooms,2024-12-12,1200000.0,Physical Inspection,3823,WS/MP18159/2024-2025/145787-Construction of public libraries and reading rooms,2026-07-30,996345.0,Completed,,,,,,,147000000.0,Rajasthan,ALWAR,,,,1200000.0,104.0,,708.0,,,,,0.8163265306122449,1,1,1200000.0,0.0,0.0,600000.0,100.0,0,0.0,0.0,0,0,,0,0,0,1,0,0,0,0,0,0,1,14,8.228979298872364,10.54,Low,0.7,Delayed Project,project duration is unusually long
3710,Rajasthan,BHARATPUR(DISTRICT COLLECTOR BHARATPUR_IDA),SANJNA JATAV,SANJNA JATAV,BHARATPUR(SC),"WS/MP18161/2024-2025/142586-Construction of roads, link roads, pathways or any other road with or without drainage system",WS/MP18161/2024,Normal/Others,interlocking ent kharnja nirman karya hoti ke ghar se main raste ki or avm anya galiya gram nagla keval work agency fp gaonri,2024-09-22,500000.0,2024-12-12,2379,"WS/MP18161/2024-2025/140129-Construction of roads, link roads, pathways or any other road with or without drainage system",2025-01-24,300000.0,Sanction,1502,WS/MP18161/2024-2025/138079-Construction of community centers and community halls,2026-08-16,399748.0,Completed,,,,,,,147000000.0,Rajasthan,BHARATPUR(SC),,,,300000.0,81.0,,693.0,,,,,0.20408163265306123,1,1,300000.0,0.0,0.0,600000.0,-50.0,0,0.0,0.0,0,0,,0,0,0,0,0,0,0,0,0,0,0,0,6.005365891798175,3.6,Low,0.0,None,No material anomaly signal detected.
,Rajasthan,BHILWARA(DISTRICT COLLECTOR BHILWARA_IDA),DAMODAR AGARWAL,DAMODAR AGARWAL,BHILWARA,,WS/MP18162/2024,Normal/Others,"SARVJANIK SHAMSHAN HETU CHAR DIWARI NIRMAN VILL- ARNIYA KHALASA , GP- ARNIYA, P.S.- SAHARA",2024-10-16,,,5970,WS/MP18162/2024-2025/147231-Construction of boundary walls of existing public and community buildings,2025-01-27,492788.0,Physical Inspection,3847,"WS/MP18162/2024-2025/163569-Construction of roads, link roads, pathways or any other road with or without drainage system",2026-08-13,499077.0,Completed,,,,,,,147000000.0,Rajasthan,BHILWARA,,,,492788.0,,,666.0,,,,,0.3352299319727891,1,1,492788.0,0.0,0.0,600000.0,-17.868666666666666,0,0.0,0.0,0,0,,0,0,0,0,0,0,0,0,0,0,0,0,4.546782261426063,2.73,Low,0.0,None,No material anomaly signal detected.
3165,Rajasthan,JAIPUR(DISTRICT COLLECTOR JAIPUR_IDA),MANJU SHARMA,MANJU SHARMA,JAIPUR,WS/MP18165/2024-2025/141467-Providing CCTV camera system for security of public areas,WS/MP18165/2024,Normal/Others,?????? ??? ???????? ??????? ?? ??? ?????? ??? (??????) ?????????? ?? ????? ???? 125 ??? ??????? ?? ?????? ?? ???????? ????? ?????? ?? ?????,2024-09-17,2500000.0,2025-01-05,8423,WS/MP18165/2024-2025/151480-Construction of additional rooms and halls in the existing public and community building,2025-01-18,500000.0,Work partially Completed,2464,WS/MP18165/2024-2025/141159-Providing drains and gutters for public drainage,2026-02-19,612876.0,Completed,,,,,,,167082901.11,Rajasthan,JAIPUR,,,,500000.0,110.0,,520.0,,,,,0.2992526444527211,1,1,500000.0,0.0,0.0,600000.0,-16.666666666666664,0,0.0,0.0,0,0,,0,0,0,0,0,0,0,0,0,0,0,0,9.334078010509227,5.6,Low,0.0,None,No material anomaly signal detected.
,Rajasthan,JHUNJHUNU(DISTRICT COLLECTOR JHUNJHUNU_IDA),BRIJENDRA SINGH OLA,BRIJENDRA SINGH OLA,JHUNJHUNU,,WS/MP18167/2024,Normal/Others,Costruction of gravel road from damar road in Jeva ka Bas towards churu road via the house of gaurishankar. Working agency PWD,2024-10-10,,,5690,"WS/MP18167/2024-2025/146742-Construction of roads, link roads, pathways or any other road with or without drainage system",2025-01-02,1000000.0,Work partially Completed,3540,WS/MP18167/2024-2025/158384-Construction of boundary walls of existing public and community buildings,2026-05-08,342850.0,Completed,,,,,,,147000000.0,Rajasthan,JHUNJHUNU,,,,1000000.0,,,575.0,,,,,0.6802721088435374,1,1,1000000.0,0.0,0.0,600000.0,66.66666666666666,0,0.0,0.0,0,0,,0,0,0,0,0,0,0,0,0,0,0,0,1.6598219586543121,1.0,Low,0.0,None,No material anomaly signal detected.
,Rajasthan,SIKAR(DISTRICT COLLECTOR SIKAR_IDA),AMRARAM,AMRARAM,SIKAR,,WS/MP18170/2024,Normal/Others,"construction boundary walls of play ground,govt.sr.sec.school Thorasi. exective agency gram panchyat palthana",2024-10-03,,,5019,WS/MP18170/2024-2025/145318-Construction of boundary walls of existing public and community buildings,2025-01-21,290931.0,Physical Inspection,3828,WS/MP18170/2024-2025/151381-Installing tube-wells and borewells,2026-08-10,499951.0,Completed,,,,,,,165691544.11,Rajasthan,SIKAR,,,,290931.0,,,676.0,,,,,0.17558590666935633,1,1,290931.0,0.0,0.0,600000.0,-51.5115,0,0.0,0.0,0,0,,0,0,0,0,0,0,0,0,0,0,0,0,6.73176379054343,4.04,Low,0.0,None,No material anomaly signal detected.
3331,Rajasthan,Salumbar(DISTRICT COLLECTOR Salumbar_IDA),MANNA LAL RAWAT,MANNA LAL RAWAT,UDAIPUR(ST),WS/MP18172/2024-2025/141763-Construction of common work sheds/ common covered sitting area,WS/MP18172/2024,Normal/Others,"???? ?????? ??????? ????? , ???? ??????, ?????, ??????? , ???????",2024-09-19,593000.0,2025-01-13,6063,WS/MP18172/2024-2025/147440-Purchase of books for public libraries/ digitization of library books,2025-01-13,200000.0,Physical Inspection,6902,WS/MP18172/2024-2025/157480-Construction of rooms and halls in school and colleges,2026-08-04,1916904.0,Completed,,,,,,,147000000.0,Rajasthan,UDAIPUR(ST),,,,200000.0,116.0,,684.0,,,,,0.13605442176870747,1,2,1200000.0,1719695.0,143.30791666666667,600000.0,-66.66666666666666,0,0.0,0.0,0,0,,0,0,0,0,0,0,0,0,0,0,0,0,7.217061931797477,4.33,Low,0.0,None,No material anomaly signal detected.
4726,Rajasthan,PRATAPGARH(DISTRICT COLLECTOR PRATAPGARH_IDA),MANNA LAL RAWAT,MANNA LAL RAWAT,UDAIPUR(ST),WS/MP18172/2025-2026/144452-Construction of common work sheds/ common covered sitting area,WS/MP18172/2025,Normal/Others,construction of teen shed in GSSS keshriyawad,2024-09-29,500000.0,2025-07-18,2104,WS/MP18172/2025-2026/139543-Construction of community centers and community halls,2025-10-14,1000000.0,Time Estimation,16296,WS/MP18172/2025-2026/201306-Purchase of sports equipment,2026-02-19,99000.0,Completed,1719695.0,2026-08-27,RITVI CONSTRUCTIONS,RITVI CONSTRUCTIONS,31.0,Payment In-Progress,147000000.0,Rajasthan,UDAIPUR(ST),,,,1000000.0,292.0,405.0,508.0,171.9695,719695.0,71.9695,-719695.0,0.6802721088435374,1,2,1200000.0,1719695.0,143.30791666666667,600000.0,66.66666666666666,1,1719695.0,1719695.0,1,1,100.0,0,1,0,0,0,1,0,0,0,0,2,8,39.83551479375472,27.1,Low,21.4,None,expenditure exceeds effective sanctioned amount
1860,Tamil Nadu,TIRUVANNAMALAI(DISTRICT COLLECTOR TIRUVANNAMALAI_IDA),THARANIVENTHAN M S,THARANIVENTHAN M S,ARANI,"WS/MP18173/2024-2025/139202-Purchase of vehicle for mobile dispensaries (Four, three and two wheelers)",WS/MP18173/2024,Normal/Others,Purchase of Three wheeler at Disabled person,2024-09-05,456670.0,2025-03-28,1836,"WS/MP18173/2024-2025/139202-Purchase of vehicle for mobile dispensaries (Four, three and two wheelers)",2025-03-28,456670.0,Physical Inspection,8276,WS/MP18173/2024-2025/164143-Lighting of public spaces,2026-08-19,300000.0,Completed,,,,,,,168337124.35,Tamil Nadu,ARANI,,,,456670.0,204.0,,713.0,,,,,0.2712829993760078,1,2,956670.0,0.0,0.0,600000.0,-23.888333333333335,0,0.0,0.0,0,0,,0,0,0,1,0,0,0,0,0,0,1,14,5.927288248396953,9.16,Low,0.0,Delayed Project,project duration is unusually long
1859,Tamil Nadu,TIRUVANNAMALAI(DISTRICT COLLECTOR TIRUVANNAMALAI_IDA),THARANIVENTHAN M S,THARANIVENTHAN M S,ARANI,WS/MP18173/2025-2026/139201-Construction of bus-sheds or bus-stops,WS/MP18173/2025,Normal/Others,Construction of Bus Shelter in ST Kudieruppu at Desur Municipality,2024-09-05,500000.0,2026-01-30,1835,WS/MP18173/2025-2026/139201-Construction of bus-sheds or bus-stops,2026-01-30,500000.0,Physical Inspection,13415,WS/MP18173/2025-2026/200738-Lighting of public spaces,2026-08-19,300000.0,Completed,,,,,,,168337124.35,Tamil Nadu,ARANI,,,,500000.0,512.0,,713.0,,,,,0.29702301374735346,1,2,956670.0,0.0,0.0,600000.0,-16.666666666666664,0,0.0,0.0,0,0,,0,0,0,1,0,0,0,0,0,0,1,14,15.137144070191166,14.68,Low,5.9,Delayed Project,project duration is unusually long
,Tamil Nadu,DHARMAPURI(DISTRICT COLLECTOR DHARMAPURI_IDA),MANI. A.,MANI A,DHARAMAPURI,,WS/MP18175/2024,Normal/Others,Construciton of Angwadi building at Pudhu reddiyur Kadathur Town Panchayat,2024-10-23,,,7113,WS/MP18175/2024-2025/149219-Construction of buildings for crèches and anganwadies,2024-12-19,1655000.0,Physical Inspection,,,,,,,,,,,,164515071.11,Tamil Nadu,DHARAMAPURI,,,,1655000.0,,,,,,,,1.0059868611632634,0,2,2655000.0,1498703.0,56.44832391713748,600000.0,175.83333333333334,0,0.0,0.0,0,0,,0,0,0,0,0,0,0,0,0,0,0,0,5.474757342766605,3.28,Low,0.0,None,No material anomaly signal detected.
,Tamil Nadu,DHARMAPURI(DISTRICT COLLECTOR DHARMAPURI_IDA),MANI. A.,MANI A,DHARAMAPURI,,WS/MP18175/2025,Normal/Others,Construction of Panchayat office building at Bandahalli panchyat Bandahalli village.(Fund MGNREGS AND MP Fund),2024-10-26,,,7261,"WS/MP18175/2025-2026/149536-Construction of Government office buildings (Post office, Police station, Police chauki, etc.)",2025-06-17,1000000.0,Physical Inspection,19559,WS/MP18175/2025-2026/199152-Installing tube-wells and borewells,2025-11-03,348357.0,Completed,1498703.0,2026-08-12,SVB Builders,SVB BUILDERS,2.0,Payment Success,164515071.11,Tamil Nadu,DHARAMAPURI,,,,1000000.0,,,373.0,149.8703,498703.0,49.8703,-498703.0,0.6078470460200988,1,2,2655000.0,1498703.0,56.44832391713748,600000.0,66.66666666666666,1,1498703.0,1498703.0,1,1,100.0,0,1,0,0,0,1,0,0,0,0,2,8,16.968908502700554,13.38,Low,4.2,None,expenditure exceeds effective sanctioned amount
3677,Tamil Nadu,DINDIGUL(DISTRICT COLLECTOR DINDIGUL_IDA),SACHITHANANTHAM R,SACHITHANANTHAM R,DINDIGUL,WS/MP18176/2024-2025/142553-Construction of public libraries and reading rooms,WS/MP18176/2024,Normal/Others,Construction of public libraries BUILDING @ Kolumakondan Near periyar ninaivu kattitam arukil nulaga kattitam,2024-09-24,1483160.0,2025-01-30,3615,WS/MP18176/2024-2025/142552-Construction of buildings for community cultural activities,2025-03-12,1000000.0,Physical Inspection,2558,WS/MP18176/2024-2025/142553-Construction of public libraries and reading rooms,2026-03-10,1483160.0,Completed,,,,,,,147000000.0,Tamil Nadu,DINDIGUL,,,,1000000.0,128.0,,532.0,,,,,0.6802721088435374,1,1,1000000.0,0.0,0.0,600000.0,66.66666666666666,0,0.0,0.0,0,0,,0,0,0,0,0,0,0,0,0,0,0,0,2.9749056280496733,1.78,Low,0.0,None,No material anomaly signal detected.
,Tamil Nadu,ERODE(DISTRICT_COLLECTORE_ERODE_IDA),K E PRAKASH,K E PRAKASH,ERODE,,WS/MP18177/2024,Normal/Others,Installation of High tower light (12 mtrs high) on four roads where Erode Karur State Highway and Kolanalli Veerasangili Village Road Junction Near Veterinary Hospital (Kachakkaran Forest) in Vellottamparappu Townpanchayat 2024 - 2025,2024-10-25,,,7165,WS/MP18177/2024-2025/149398-Street lights,2025-03-05,600000.0,Physical Inspection,18246,WS/MP18177/2024-2025/168420-Construction of community centers and community halls,2025-11-18,1400000.0,Completed,,,,,,,147000000.0,Tamil Nadu,ERODE,,,,600000.0,,,389.0,,,,,0.40816326530612246,1,2,2300000.0,400000.0,17.391304347826086,600000.0,0.0,0,0.0,0.0,0,0,,0,0,0,0,0,0,0,0,0,0,0,0,0.5047771259561837,0.3,Low,0.0,None,No material anomaly signal detected.
,Tamil Nadu,TIRUPPUR(DISTRICT COLLECTOR TIRUPPUR_IDA),K E PRAKASH,K E PRAKASH,ERODE,,WS/MP18177/2025,Normal/Others,Construction of New P.D.Shop at Karunkalivalasu area in Kolathupalayam Town Panchayat - 2024-25,2024-10-12,,,5648,WS/MP18177/2025-2026/146616-Construction of community centers and community halls,2025-11-27,1700000.0,Physical Inspection,21906,WS/MP18177/2025-2026/216577-Construction of rainwater harvesting structures,2025-12-05,1198753.0,Completed,400000.0,2026-04-16,QUALITTY ENTERPRISES,QUALITTY ENTERPRISES,1.0,Payment In-Progress,147000000.0,Tamil Nadu,ERODE,,,,1700000.0,,,419.0,23.52941176470588,-1300000.0,-76.47058823529412,1300000.0,1.1564625850340136,1,2,2300000.0,400000.0,17.391304347826086,600000.0,183.33333333333331,1,400000.0,400000.0,1,1,100.0,0,0,0,0,0,0,0,0,0,0,0,0,29.002196807096105,17.4,Low,9.2,None,No material anomaly signal detected.
,Tamil Nadu,PERAMBALUR(DISTRICT COLLECTOR PERAMBALUR_IDA),ARUN NEHRU,ARUN NEHRU,PERAMBALUR,,WS/MP18180/2024,Normal/Others,Construction of Single Unit Girls Toilet @ GHSS Siruvachur,2024-10-26,,,7299,WS/MP18180/2024-2025/149578-Construction of toilet blocks,2025-03-20,785000.0,Work Completed,4492,WS/MP18180/2024-2025/149578-Construction of toilet blocks,2025-03-21,784659.0,Completed,,,,,,,147000000.0,Tamil Nadu,PERAMBALUR,,,,785000.0,,,146.0,,,,,0.5340136054421769,1,2,1570000.0,0.0,0.0,600000.0,30.833333333333336,0,0.0,0.0,0,0,,0,0,0,0,0,0,0,0,0,0,0,0,6.655381653214561,3.99,Low,0.0,None,No material anomaly signal detected.
4210,Tamil Nadu,TIRUCHIRAPPALLI(DISTRICT COLLECTOR TIRUCHIRAPPALLI_IDA),ARUN NEHRU,ARUN NEHRU,PERAMBALUR,WS/MP18180/2025-2026/143525-Construction of rooms and halls in school and colleges,WS/MP18180/2025,Normal/Others,Construction of Two Addnl Classrooms for PUPS venkatesapuram in venkatesapuram pt in Thuraiyur Panchayat Union,2024-09-25,3460000.0,2025-06-26,7304,WS/MP18180/2025-2026/149583-Construction of toilet blocks,2025-12-10,785000.0,Work Completed,7024,WS/MP18180/2025-2026/162520-Construction of rooms and halls in school and colleges,2026-05-06,4349802.0,Completed,,,,,,,147000000.0,Tamil Nadu,PERAMBALUR,,,,785000.0,274.0,,588.0,,,,,0.5340136054421769,1,2,1570000.0,0.0,0.0,600000.0,30.833333333333336,0,0.0,0.0,0,0,,0,0,0,0,0,0,0,0,0,0,0,0,16.419937422666706,9.85,Low,0.0,None,No material anomaly signal detected.
,Tamil Nadu,COIMBATORE(DISTRICT COLLECTOR COIMBATORE_IDA),ESWARASAMY K,ESWARASAMY K,POLLACHI,,WS/MP18181/2024,Normal/Others,"Construction of Passenger Shelter in Emmegoundanpalayam Village, near Rasukutti thottam, Chettikapalayam Panchayat.",2024-11-07,,,8283,WS/MP18181/2024-2025/151262-Construction of bus-sheds or bus-stops,2025-01-02,500000.0,Work Completed,4907,WS/MP18181/2024-2025/179575-Providing drains and gutters for public drainage,2025-03-28,1000000.0,Completed,,,,,,,162315106.11,Tamil Nadu,POLLACHI,,,,500000.0,,,141.0,,,,,0.30804280142672175,1,3,2248805.0,6281543.0,279.32804311623283,600000.0,-16.666666666666664,0,0.0,0.0,0,0,,0,0,0,0,0,0,0,0,0,0,0,0,22.085329770865627,13.25,Low,4.1,None,No material anomaly signal detected.
,Tamil Nadu,COIMBATORE(DISTRICT COLLECTOR COIMBATORE_IDA),ESWARASAMY K,ESWARASAMY K,POLLACHI,,WS/MP18181/2025,Normal/Others,Construction of Passenger Shelter in Reddiyarmadam bus stop at Reddiyarur H/o. S.Nallur Panchayat,2024-11-07,,,8285,WS/MP18181/2025-2026/151264-Construction of bus-sheds or bus-stops,2026-01-22,519180.0,Physical Inspection,21799,WS/MP18181/2025-2026/213168-Lighting of public spaces,2025-12-03,700000.0,Completed,781543.0,2026-08-27,BRINDHA,BRINDHA,1.0,Payment In-Progress,162315106.11,Tamil Nadu,POLLACHI,,,,519180.0,,,391.0,150.5341114834932,262363.0,50.534111483493206,-262363.0,0.31985932328945077,1,3,2248805.0,6281543.0,279.32804311623283,600000.0,-13.469999999999999,1,781543.0,781543.0,1,1,100.0,0,1,0,0,0,0,0,0,0,0,1,8,21.125507014743462,15.88,Low,7.4,None,expenditure exceeds effective sanctioned amount
,Tamil Nadu,COIMBATORE(DISTRICT COLLECTOR COIMBATORE_IDA),ESWARASAMY K,ESWARASAMY K,POLLACHI,,WS/MP18181/2026,Normal/Others,Construction of 60000 litre OHT at Solapalayam H/o. Solapalayam panchayat,2024-11-07,,,8286,WS/MP18181/2026-2027/151265-Construction of water tanks,2026-07-15,1229625.0,Physical Inspection,,,,,,5500000.0,2026-08-27,JAYALAKSHMI BUILDERS,JAYALAKSHMI BUILDERS,3.0,Payment In-Progress,162315106.11,Tamil Nadu,POLLACHI,,,,1229625.0,,,,447.2908407034665,4270375.0,347.2908407034665,-4270375.0,0.7575542594086654,0,3,2248805.0,6281543.0,279.32804311623283,600000.0,104.9375,1,5500000.0,5500000.0,1,1,100.0,0,1,0,0,0,1,0,0,0,0,2,8,51.885448925398194,34.33,Medium,30.4,None,expenditure exceeds effective sanctioned amount
178,Tamil Nadu,TENKASI(DISTRICT COLLECTOR TENKASI_IDA),DR RANI SRI KUMAR,DR RANI SRI KUMAR,TENKASI(SC),WS/MP18182/2024-2025/134225-Construction of boundary walls of existing public and community buildings,WS/MP18182/2024,Normal/Others,Construction of protective wall in Right side weir of Pattakulam in Sernthamangalam Village of Melaneelithanallur Union.,2024-07-29,2482079.0,2024-10-10,178,WS/MP18182/2024-2025/134225-Construction of boundary walls of existing public and community buildings,2024-10-10,2482079.0,Physical Inspection,3705,WS/MP18182/2024-2025/168992-Providing drains and gutters for public drainage,2025-03-06,1195834.0,Completed,,,,,,,153060922.82,Tamil Nadu,TENKASI(SC),,,,2482079.0,73.0,,220.0,,,,,1.6216281427487087,1,2,4482079.0,0.0,0.0,600000.0,313.6798333333333,0,0.0,0.0,0,0,,0,0,0,0,0,0,0,0,0,0,0,0,21.2927540131263,12.78,Low,3.5,None,No material anomaly signal detected.
3823,Tamil Nadu,TENKASI(DISTRICT COLLECTOR TENKASI_IDA),DR RANI SRI KUMAR,DR RANI SRI KUMAR,TENKASI(SC),"WS/MP18182/2025-2026/142751-Construction of roads, link roads, pathways or any other road with or without drainage system",WS/MP18182/2025,Normal/Others,Conversion of Earthern to Black top Road at Mangammal Salai in Tenkasi Municipality,2024-09-23,3100000.0,2025-04-04,8945,"WS/MP18182/2025-2026/152307-Construction of roads, link roads, pathways or any other road with or without drainage system",2025-05-10,2000000.0,Physical Inspection,9278,WS/MP18182/2025-2026/168957-Construction of boundary walls of existing public and community buildings,2026-02-11,1999989.0,Completed,,,,,,,153060922.82,Tamil Nadu,TENKASI(SC),,,,2000000.0,193.0,,506.0,,,,,1.3066692419932713,1,2,4482079.0,0.0,0.0,600000.0,233.33333333333334,0,0.0,0.0,0,0,,0,0,0,0,0,0,0,0,0,0,0,0,15.74783161825509,9.45,Low,0.0,None,No material anomaly signal detected.
4309,Tamil Nadu,THANJAVUR(DISTRICT COLLECTOR THANJAVUR_IDA),MURASOLI S,MURASOLI S,THANJAVUR,WS/MP18183/2024-2025/143806-Construction of community centers and community halls,WS/MP18183/2024,Normal/Others,"thillaisanam Panchayat, Construction of New PDS Building,thiruvaiyaru",2024-09-26,1350000.0,2024-09-27,2692,WS/MP18183/2024-2025/140692-Construction of community centers and community halls,2025-02-28,1349637.0,Physical Inspection,5196,WS/MP18183/2024-2025/143791-Construction of community centers and community halls,2026-08-25,1348469.0,Completed,1348754.0,2026-08-14,DHANDAYUTHAPANI K,DHANDAYUTHAPANI K,1.0,Payment In-Progress,147000000.0,Tamil Nadu,THANJAVUR,,,,1349637.0,1.0,686.0,698.0,99.93457500053718,-883.0,-0.06542499946281852,883.0,0.9181204081632653,1,2,2679448.0,2724837.0,101.6939683098907,600000.0,124.93950000000001,1,1348754.0,1348754.0,1,1,100.0,0,0,0,0,0,0,0,0,0,0,0,0,37.460104152391764,22.48,Low,15.6,None,No material anomaly signal detected.
4157,Tamil Nadu,THIRUVARUR(DISTRICT COLLECTOR THIRUVARUR_IDA),MURASOLI S,MURASOLI S,THANJAVUR,WS/MP18183/2025-2026/143383-Construction of community centers and community halls,WS/MP18183/2025,Normal/Others,"Construction of New PDS Building Near Panchayat Council Office in Kannur Annavasal Panchayat ,needamangalam",2024-09-25,1329811.0,2025-07-30,4089,WS/MP18183/2025-2026/143383-Construction of community centers and community halls,2025-07-30,1329811.0,Physical Inspection,13783,WS/MP18183/2025-2026/203532-Construction of bus-sheds or bus-stops,2026-05-12,499105.0,Completed,1376083.0,2026-08-25,KARTHIK P,KARTHIK P,2.0,Payment In-Progress,147000000.0,Tamil Nadu,THANJAVUR,,,,1329811.0,308.0,391.0,594.0,103.47959221272798,46272.0,3.479592212727974,-46272.0,0.9046333333333333,1,2,2679448.0,2724837.0,101.6939683098907,600000.0,121.63516666666668,1,1376083.0,1376083.0,1,1,100.0,0,1,0,0,0,1,0,0,0,0,2,8,27.490604600944224,19.69,Low,12.1,None,expenditure exceeds effective sanctioned amount
,Tamil Nadu,THIRUVALLUR(DISTRICT COLLECTOR TIRUVALLUR_IDA),Sasikanth Senthil,SASIKANTH SENTHIL,TIRUVALLUR(SC),,WS/MP18186/2024,Normal/Others,Installation of high Max lights in Tiruvallur District Ground in Tiruvallur Municipality Ward no 1.,2024-10-23,,,7056,WS/MP18186/2024-2025/149098-Lighting of public spaces,2025-02-12,444905.0,Physical Inspection,2998,WS/MP18186/2024-2025/149097-Lighting of public spaces,2025-02-12,444905.0,Completed,,,,,,,171500000.0,Tamil Nadu,TIRUVALLUR(SC),,,,444905.0,,,112.0,,,,,0.2594198250728863,1,2,1085066.0,1557710.0,143.55900931371917,600000.0,-25.84916666666667,0,0.0,0.0,0,0,,0,0,0,0,0,0,0,0,0,0,0,0,12.308093196182709,7.38,Low,0.0,None,No material anomaly signal detected.
3321,Tamil Nadu,THIRUVALLUR(DISTRICT COLLECTOR TIRUVALLUR_IDA),Sasikanth Senthil,SASIKANTH SENTHIL,TIRUVALLUR(SC),WS/MP18186/2025-2026/141740-Lighting of public spaces,WS/MP18186/2025,Normal/Others,"Providing High mast light @ Athipattu Junction road, Koormavilasapuram panchayat in Tiruvalangadu Block .",2024-09-19,434216.0,2025-05-06,7054,WS/MP18186/2025-2026/149096-Lighting of public spaces,2025-08-30,640161.0,Physical Inspection,16052,WS/MP18186/2025-2026/149102-Purchase Books for Library,2025-12-22,888000.0,Completed,1557710.0,2026-07-22,SARO OVERSEAS PRIVATE LIMITED,SARO OVERSEAS PRIVATE LIMITED,7.0,Payment Success,171500000.0,Tamil Nadu,TIRUVALLUR(SC),,,,640161.0,229.0,442.0,459.0,243.33097455171435,917549.0,143.33097455171432,-917549.0,0.3732717201166181,1,2,1085066.0,1557710.0,143.55900931371917,600000.0,6.693499999999999,1,1557710.0,1557710.0,1,1,100.0,0,1,0,0,0,1,1,0,0,0,3,26,19.880197810363875,22.33,Low,15.4,Duplicate Payment,expenditure exceeds effective sanctioned amount; possible repeated work/vendor/amount payment pattern
,Telangana,VIKARABAD(DISTRICT COLLECTOR VIKARABAD_2),KONDA VISHWESHWAR REDDY,KONDA VISHWESHWAR REDDY,CHELVELLA,,WS/MP18188/2024,Normal/Others,Laying of CC Road from B.Anjaiah House to V.Yadaiah House and D.Balaiah House to Karre Narsimlu House at Kondapur Kalan Village of Dharur Mandal,2024-10-29,,,7554,"WS/MP18188/2024-2025/149986-Construction of roads, link roads, pathways or any other road with or without drainage system",2025-03-17,500000.0,Physical Inspection,18867,"WS/MP18188/2024-2025/159784-Construction of roads, link roads, pathways or any other road with or without drainage system",2025-10-18,123953.0,Completed,,,,,,,233721420.96,Telangana,CHELVELLA,,,,500000.0,,,354.0,,,,,0.21392989908510435,1,2,998483.0,1237552.0,123.94322186757311,600000.0,-16.666666666666664,0,0.0,0.0,0,0,,0,0,0,0,0,0,0,0,0,0,0,0,11.140841154898103,6.68,Low,0.0,None,No material anomaly signal detected.
,Telangana,VIKARABAD(DISTRICT COLLECTOR VIKARABAD_2),KONDA VISHWESHWAR REDDY,KONDA VISHWESHWAR REDDY,CHELVELLA,,WS/MP18188/2025,Normal/Others,Construction of Underground Drainage from Mulamada Yellareddy House to Ganapuram Ananthareddy House in Pendlimadugu Village of Vikarabad Mandal,2024-11-08,,,8419,"WS/MP18188/2025-2026/151473-Construction of roads, link roads, pathways or any other road with or without drainage system",2025-06-09,498483.0,Physical Inspection,21767,"WS/MP18188/2025-2026/159414-Construction of roads, link roads, pathways or any other road with or without drainage system",2025-12-02,106012.0,Completed,1237552.0,2026-08-01,SRI TIRUMALA ELEVATORS AND ENTERPRISES,SRI TIRUMALA ELEVATORS AND ENTERPRISES,4.0,Payment Success,233721420.96,Telangana,CHELVELLA,,,,498483.0,,,389.0,248.2636318590604,739069.0,148.2636318590604,-739069.0,0.21328083577128015,1,2,998483.0,1237552.0,123.94322186757311,600000.0,-16.919500000000003,1,1237552.0,1237552.0,1,1,100.0,0,1,0,0,0,1,0,0,0,0,2,8,19.90287322853482,15.14,Low,6.4,None,expenditure exceeds effective sanctioned amount
4719,Telangana,MEDCHAL MALKAJGIRI(DISTRICT COLLECTOR MEDCHAL MALKAJGIRI_IDA),EATALA RAJENDER,EATALA RAJENDER,MALKAJGIRI,WS/MP18193/2024-2025/144398-Construction of boundary walls of existing public and community buildings,WS/MP18193/2024,Normal/Others,Construction of Compound/Protection Wall to proposed Community Hall and Park at Sathya Nagar Citizens Welfare Association in Sy No. 1091 & 1092.,2024-09-29,1500000.0,2025-03-12,8609,WS/MP18193/2024-2025/151783-Crematoriums/energy efficient crematoriums or structures on burial/cremation ground,2025-03-22,800000.0,Sanction,13005,"WS/MP18193/2024-2025/151796-Construction of roads, link roads, pathways or any other road with or without drainage system",2025-08-13,1410393.0,Completed,,,,,,,327477390.86,Telangana,MALKAJGIRI,,,,800000.0,164.0,,318.0,,,,,0.24429167396842008,1,2,1800000.0,2314711.0,128.59505555555555,600000.0,33.33333333333333,0,0.0,0.0,0,0,,0,0,0,0,0,0,0,0,0,0,0,0,23.12835848548992,13.88,Low,4.9,None,No material anomaly signal detected.
,Telangana,MEDCHAL MALKAJGIRI(DISTRICT COLLECTOR MEDCHAL MALKAJGIRI_IDA),EATALA RAJENDER,EATALA RAJENDER,MALKAJGIRI,,WS/MP18193/2025,Normal/Others,"Laying of 300 mm dia SWG main line from H.No. 2-10-175/1 to 2-10-175/15, Hare Krishna Colony under Macha Bollaram Section.",2024-10-25,,,7190,WS/MP18193/2025-2026/149453-Providing drains and gutters for public drainage,2025-12-16,1000000.0,Physical Inspection,20142,"WS/MP18193/2025-2026/151801-Construction of roads, link roads, pathways or any other road with or without drainage system",2025-11-10,1590265.0,Completed,2314711.0,2026-08-19,MOHAMMED RAHEEMUDDIN,MOHAMMED RAHEEMUDDIN,7.0,Payment In-Progress,327477390.86,Telangana,MALKAJGIRI,,,,1000000.0,,,381.0,231.4711,1314711.0,131.4711,-1314711.0,0.3053645924605251,1,2,1800000.0,2314711.0,128.59505555555555,600000.0,66.66666666666666,1,2314711.0,2314711.0,1,1,100.0,0,1,0,0,0,1,0,0,0,0,2,8,35.182809523445144,24.31,Low,17.9,None,expenditure exceeds effective sanctioned amount
3829,Uttar Pradesh,AMBEDKAR NAGAR(DISTRICT MAGISTRATE AMBEDKAR NAGAR_IDA),LALJI VERMA,LALJI VERMA,AMBEDKAR NAGAR,WS/MP18199/2024-2025/142779-Construction of rooms and halls in school and colleges,WS/MP18199/2024,Trust and Society,RAM CHARAN RAM AWADH SMARAK INTER COLLEGE BHIKHUPUR AKBARPUR AMBEDKAR NAGAR,2024-09-23,500000.0,2025-03-22,3763,WS/MP18199/2024-2025/142779-Construction of rooms and halls in school and colleges,2025-03-22,500000.0,Physical Inspection,12147,"WS/MP18199/2024-2025/160120-Construction of roads, link roads, pathways or any other road with or without drainage system",2026-03-09,317532.0,Completed,,,,,,,147000000.0,Uttar Pradesh,AMBEDKAR NAGAR,,,,500000.0,180.0,,532.0,,,,,0.3401360544217687,1,2,1000000.0,4741067.0,474.1067,1000000.0,-50.0,0,0.0,0.0,0,0,,0,0,0,0,0,0,0,0,0,0,0,0,36.8260074527374,22.1,Low,15.1,None,No material anomaly signal detected.
,Uttar Pradesh,AMBEDKAR NAGAR(DISTRICT MAGISTRATE AMBEDKAR NAGAR_IDA),LALJI VERMA,LALJI VERMA,AMBEDKAR NAGAR,,WS/MP18199/2025,Trust and Society,RAM A JANTA I.C. BARIYAWAN AMBEDKAR NAGAR KA BOUNDARY WALL KA NIRMAN KARYA,2024-10-11,,,5736,WS/MP18199/2025-2026/146800-Construction of boundary walls of existing public and community buildings,2025-04-21,500000.0,Physical Inspection,20661,WS/MP18199/2025-2026/229954-Construction of rooms and halls in school and colleges,2026-07-26,500000.0,Completed,4741067.0,2026-08-13,MS SHOBHNATH VERMA,MS SHOBHNATH VERMA,7.0,Payment In-Progress,147000000.0,Uttar Pradesh,AMBEDKAR NAGAR,,,,500000.0,,,653.0,948.2134,4241067.0,848.2134,-4241067.0,0.3401360544217687,1,2,1000000.0,4741067.0,474.1067,1000000.0,-50.0,1,4741067.0,4741067.0,1,1,100.0,0,1,0,0,0,1,0,0,0,0,2,8,64.52031552606132,41.91,Medium,39.9,None,expenditure exceeds effective sanctioned amount
2958,Uttar Pradesh,BUDAUN(DISTRICT MAGISTRATE BUDAUN_IDA),NEERAJ MAURYA,NEERAJ MAURYA,AONLA,WS/MP18201/2024-2025/141045-Street lights,WS/MP18201/2024,Normal/Others,supply and installation of led semi high mast light at 274 different places in district budaun,2024-09-15,46470400.0,2024-11-23,2923,WS/MP18201/2024-2025/141045-Street lights,2024-11-23,46470400.0,Physical Inspection,936,WS/MP18201/2024-2025/141045-Street lights,2025-07-19,46470400.0,Completed,,,,,,,147000000.0,Uttar Pradesh,AONLA,,,,46470400.0,69.0,,307.0,,,,,31.61251700680272,1,1,46470400.0,0.0,0.0,600000.0,7645.066666666667,0,0.0,0.0,0,0,,0,0,0,0,0,0,0,0,0,0,0,0,84.3491177232096,50.61,Medium,50.8,ML Anomaly,multivariate pattern is unusual versus uploaded batch
,Uttar Pradesh,BALLIA(DISTRICT MAGISTRAE BALLIA_IDA),SANATAN PANDEY,SANATAN PANDEY,BALLIA,,WS/MP18205/2024,Normal/Others,Installation of Semi High Mast Lights at different places as per attached recommendation letter. Please ignore Ghazipur letter,2024-10-21,,,6796,WS/MP18205/2024-2025/148719-Street lights,2025-03-20,216470.0,Vendor Identification,4182,"WS/MP18205/2024-2025/148389-Construction of roads, link roads, pathways or any other road with or without drainage system",2026-02-25,748674.0,Completed,216409.0,2025-08-06,SHRI SAI ENGINEERING WORKS,SHRI SAI ENGINEERING WORKS,1.0,Payment In-Progress,180420041.4,Uttar Pradesh,BALLIA,,,,216470.0,,,492.0,99.9718205755994,-61.0,-0.028179424400609786,61.0,0.11998112755116572,1,2,906470.0,216409.0,23.873818217922267,600000.0,-63.92166666666667,1,216409.0,216409.0,1,1,100.0,0,0,0,0,0,0,0,0,0,0,0,0,19.281965442263797,11.57,Low,2.0,None,No material anomaly signal detected.
,Uttar Pradesh,GHAZIPUR(DISTRICT MAGISTRAE GHAZIPUR_IDA),SANATAN PANDEY,SANATAN PANDEY,BALLIA,,WS/MP18205/2025,Normal/Others,"Installation of Open gym work At Primary School, Pakdi Revised Letter Attached",2024-10-21,,,6678,WS/MP18205/2025-2026/148494-Installation of fixed garden gym equipment,2025-04-03,690000.0,Work partially Completed,18859,"WS/MP18205/2025-2026/188279-Construction of roads, link roads, pathways or any other road with or without drainage system",2026-05-12,525767.0,Completed,,,,,,,180420041.4,Uttar Pradesh,BALLIA,,,,690000.0,,,568.0,,,,,0.38244088331087145,1,2,906470.0,216409.0,23.873818217922267,600000.0,15.0,0,0.0,0.0,0,0,,0,0,0,0,0,0,0,0,0,0,0,0,3.5413321627312726,2.12,Low,0.0,None,No material anomaly signal detected.
4799,Uttar Pradesh,BANDA(DISTRICT MAGISTRATE BANDA_IDA),KRISHNA DEVI SHIVSHANKER PATEL,KRISHNA DEVI SHIVSHANKER PATEL,BANDA,WS/MP18206/2024-2025/144721-Construction of rooms and halls in school and colleges,WS/MP18206/2024,Normal/Others,Construction of rooms and halls in shree Shivrani Public School Parsenta singhpur block bisanda dist banda,2024-10-01,999000.0,2024-12-25,4515,WS/MP18206/2024-2025/144227-Lighting of public spaces,2025-02-05,226698.0,Physical Inspection,5336,WS/MP18206/2024-2025/158560-Lighting of public spaces,2025-12-16,232197.0,Completed,,,,,,,147000000.0,Uttar Pradesh,BANDA,,,,226698.0,85.0,,441.0,,,,,0.15421632653061224,1,1,226698.0,0.0,0.0,600000.0,-62.217,0,0.0,0.0,0,0,,0,0,0,0,0,0,0,0,0,0,0,0,4.127806999501642,2.48,Low,0.0,None,No material anomaly signal detected.
,Uttar Pradesh,BASTI(DISTRICT MAGISTRATE BASTI_IDA),RAM PRASAD CHAUDHARY,RAM PRASAD CHAUDHARY,BASTI,,WS/MP18208/2024,Normal/Others,"CC road construction work from Nibiya Bahrampur Road to GBM Convent School, block Saltua gopalpur 200 metre",2024-10-31,,,7725,"WS/MP18208/2024-2025/150244-Construction of roads, link roads, pathways or any other road with or without drainage system",2024-12-11,1410100.0,Physical Inspection,3198,"WS/MP18208/2024-2025/150244-Construction of roads, link roads, pathways or any other road with or without drainage system",2025-12-24,1410100.0,Completed,,,,,,,204176957.11,Uttar Pradesh,BASTI,,,,1410100.0,,,419.0,,,,,0.6906264154188128,1,1,1410100.0,0.0,0.0,600000.0,135.01666666666668,0,0.0,0.0,0,0,,0,0,0,0,0,0,0,0,0,0,0,0,7.552195160318682,4.53,Low,0.0,None,No material anomaly signal detected.
4839,Uttar Pradesh,MUZAFFARNAGAR(DISTRICT MAGISTRATE MUZAFFARNAGAR_IDA),CHANDAN CHAUHAN,CHANDAN CHAUHAN,BIJNOR,"WS/MP18209/2025-2026/144767-Construction of roads, link roads, pathways or any other road with or without drainage system",WS/MP18209/2025,Normal/Others,"CC road and drain construction work of the road from Main Road to Kabristaan in Village Sherpur, block- Purkaji.",2024-12-17,603000.0,2025-06-04,5085,"WS/MP18209/2025-2026/145458-Construction of roads, link roads, pathways or any other road with or without drainage system",2026-01-31,312700.0,Work partially Completed,18041,"WS/MP18209/2025-2026/164686-Construction of roads, link roads, pathways or any other road with or without drainage system",2026-04-18,1380021.0,Completed,5164365.0,2026-08-20,SATYAVER SIGH CONTRACTOR AND SUPPLIER,SATYAVER SIGH CONTRACTOR AND SUPPLIER,15.0,Payment In-Progress,147000000.0,Uttar Pradesh,BIJNOR,,,,312700.0,169.0,442.0,487.0,1651.5398145187082,4851665.0,1551.539814518708,-4851665.0,0.21272108843537413,1,1,312700.0,5164365.0,1651.5398145187082,600000.0,-47.88333333333333,1,5164365.0,5164365.0,1,1,100.0,0,1,0,0,0,1,0,0,0,0,2,8,65.18922141930085,42.31,Medium,40.4,None,expenditure exceeds effective sanctioned amount
2557,Uttar Pradesh,DEORIA(DISTRICT MAGISTRATE DEORIA),SHASHANK MANI,SHASHANK MANI,DEORIA,"WS/MP18211/2024-2025/140382-Construction of roads, link roads, pathways or any other road with or without drainage system",WS/MP18211/2024,Normal/Others,"Gram - Kamdhenwa, vikas khand - Rampur Karkhana me Gopal ji ke khet se Paramhansh ji ke chez tak CC Road lagbhag 110 mtr",2024-09-11,968898.0,2024-10-30,8057,"WS/MP18211/2024-2025/150849-Construction of roads, link roads, pathways or any other road with or without drainage system",2025-01-31,996628.0,Physical Inspection,8127,"WS/MP18211/2024-2025/165148-Construction of roads, link roads, pathways or any other road with or without drainage system",2026-08-06,1468470.0,Completed,,,,,,,147000000.0,Uttar Pradesh,DEORIA,,,,996628.0,49.0,,694.0,,,,,0.677978231292517,1,1,996628.0,0.0,0.0,600000.0,66.10466666666667,0,0.0,0.0,0,0,,0,0,0,0,0,0,0,0,0,0,0,0,6.694979659470141,4.02,Low,0.0,None,No material anomaly signal detected.
,Uttar Pradesh,SITAPUR(DISTRICT MAGISTRATE SITAPUR_IDA),ANAND BHADAURIYA,ANAND BHADAURIYA,DHAURAHRA,,WS/MP18212/2024,Trust and Society,Yadukul Shiksha Sewa Samiti Gram Haidarpur Post Gurdhapa District Sitapur dwara Sanchalit Shahid Bhagat Singh P.G. College Haidarpur Hargaon Sitapur m room construction,2024-10-11,,,5743,WS/MP18212/2024-2025/146890-Construction of additional rooms and halls in the existing public and community building,2025-02-17,1000000.0,Work partially Completed,9414,"WS/MP18212/2024-2025/160879-Construction of roads, link roads, pathways or any other road with or without drainage system",2026-04-25,856564.0,Completed,,,,,,,147000000.0,Uttar Pradesh,DHAURAHRA,,,,1000000.0,,,561.0,,,,,0.6802721088435374,1,1,1000000.0,0.0,0.0,1000000.0,0.0,0,0.0,0.0,0,0,,0,0,0,0,0,0,0,0,0,0,0,0,27.92504852995806,16.76,Low,8.5,None,No material anomaly signal detected.
,Uttar Pradesh,ETAWAH(DISTRICT MAGISTRATE ETAWAH_IDA),JITENDRA KUMAR DOHARE,JITENDRA KUMAR DOHARE,ETAWAH(SC),,WS/MP18214/2024,Normal/Others,Etawah mein Budh bihar Park Etawah Numaish ke pass high must light,2024-10-24,,,7132,WS/MP18214/2024-2025/149249-Street lights,2025-01-09,269328.0,Physical Inspection,4850,WS/MP18214/2024-2025/165209-Street lights,2026-04-16,698837.0,Completed,,,,,,,188747306.26,Uttar Pradesh,ETAWAH(SC),,,,269328.0,,,539.0,,,,,0.14269236755569897,1,2,537828.0,1037220.0,192.85347731988665,600000.0,-55.11200000000001,0,0.0,0.0,0,0,,0,0,0,0,0,0,0,0,0,0,0,0,7.940923215126948,4.76,Low,0.0,None,No material anomaly signal detected.
,Uttar Pradesh,KANPUR DEHAT(DISTRICT MAGISTRATE KANPUR DEHAT_IDA),JITENDRA KUMAR DOHARE,JITENDRA KUMAR DOHARE,ETAWAH(SC),,WS/MP18214/2025,Normal/Others,Block Sandalpur Asvi Chaurahe Ke Pass High Mast Light,2024-10-29,,,7454,WS/MP18214/2025-2026/149852-Street lights,2025-06-12,268500.0,Vendor Identification,16583,WS/MP18214/2025-2026/225701-Street lights,2026-02-16,270000.0,Completed,1037220.0,2026-07-17,DHRUV SINGH CONTRACTOR AND SUPPLIER,DHRUV SINGH CONTRACTOR AND SUPPLIER,3.0,Payment Success,188747306.26,Uttar Pradesh,ETAWAH(SC),,,,268500.0,,,475.0,386.30167597765364,768720.0,286.30167597765364,-768720.0,0.1422536857983766,1,2,537828.0,1037220.0,192.85347731988665,600000.0,-55.25,1,1037220.0,1037220.0,1,1,100.0,0,1,0,0,0,1,1,0,0,0,3,26,18.934950533500583,21.76,Low,14.7,Duplicate Payment,expenditure exceeds effective sanctioned amount; possible repeated work/vendor/amount payment pattern
4075,Uttar Pradesh,AYODHYA(DISTRICT MAGISTRAE FAIZABAD_IDA),AWADHESH PRASAD,AWADHESH PRASAD,FAIZABAD,"WS/MP18215/2024-2025/143279-Construction of roads, link roads, pathways or any other road with or without drainage system",WS/MP18215/2024,Normal/Others,from kuchera bazar raibareli road to masjid interlocking brick road construction,2024-09-24,2538520.0,2024-11-09,3906,WS/MP18215/2024-2025/143114-Construction of rooms and halls in school and colleges,2025-02-28,918944.0,Physical Inspection,10197,"WS/MP18215/2024-2025/143195-Construction of roads, link roads, pathways or any other road with or without drainage system",2025-08-02,1371567.0,Completed,,,,,,,147000000.0,Uttar Pradesh,FAIZABAD,,,,918944.0,46.0,,312.0,,,,,0.6251319727891156,1,1,918944.0,0.0,0.0,600000.0,53.157333333333334,0,0.0,0.0,0,0,,0,0,0,0,0,0,0,0,0,0,0,0,10.968526755733507,6.58,Low,0.0,None,No material anomaly signal detected.
832,Uttar Pradesh,FIROZABAD(DISTRICT MAGISTRATE FIROZABAD_IDA),AKSHAYA YADAV,AKSHAYA YADAV,FIROZABAD,"WS/MP18217/2024-2025/136866-Construction of roads, link roads, pathways or any other road with or without drainage system",WS/MP18217/2024,Normal/Others,developement of interlocking road from ramniwas house to dayaveer house length 240 meter by 3 meter,2024-08-23,1898082.0,2024-10-17,823,"WS/MP18217/2024-2025/136866-Construction of roads, link roads, pathways or any other road with or without drainage system",2024-10-17,1898082.0,Physical Inspection,448,"WS/MP18217/2024-2025/136147-Construction of roads, link roads, pathways or any other road with or without drainage system",2026-01-19,1307559.0,Completed,,,,,,,147000000.0,Uttar Pradesh,FIROZABAD,,,,1898082.0,55.0,,514.0,,,,,1.291212244897959,1,1,1898082.0,0.0,0.0,600000.0,216.34699999999998,0,0.0,0.0,0,0,,0,0,0,0,0,0,0,0,0,0,0,0,9.84986417949527,5.91,Low,0.0,None,No material anomaly signal detected.
,Uttar Pradesh,HAPUR(DISTRICT MAGISTRATE HAPUR_IDA),ATUL GARG,ATUL GARG,GHAZIABAD,,WS/MP18218/2024,Normal/Others,CONSTRUCTION OF CC ROAD IN VILLAGE KARANPUR JATT (FROM HOUSE OF JAIKISHAN BABA TO PANCHAYAT BHAWAN),2024-10-27,,,7326,"WS/MP18218/2024-2025/149626-Construction of roads, link roads, pathways or any other road with or without drainage system",2024-12-23,988479.0,Physical Inspection,4753,WS/MP18218/2024-2025/152818-Improvement of electricity distribution infrastructure,2025-08-20,207741.0,Completed,,,,,,,155336470.0,Uttar Pradesh,GHAZIABAD,,,,988479.0,,,297.0,,,,,0.6363470214045678,1,1,988479.0,0.0,0.0,600000.0,64.7465,0,0.0,0.0,0,0,,0,0,0,0,0,0,0,0,0,0,0,0,4.40420159053644,2.64,Low,0.0,None,No material anomaly signal detected.
,Uttar Pradesh,HAMIRPUR(DISTRICT MAGISTRATE HAMIRPUR_2),AJENDRA SINGH LODHI,AJENDRA SINGH LODHI,HAMIRPUR_UP,,WS/MP18219/2024,Normal/Others,moon light public school kailash patel nagar gohand me do kaksho ka nirman karya,2025-02-01,,,7314,WS/MP18219/2024-2025/149604-Construction of rooms and halls in school and colleges,2025-02-06,1000000.0,Physical Inspection,2809,WS/MP18219/2024-2025/149604-Construction of rooms and halls in school and colleges,2025-02-06,1000000.0,Completed,,,,,,,147000000.0,Uttar Pradesh,HAMIRPUR_UP,,,,1000000.0,,,5.0,,,,,0.6802721088435374,1,2,1400000.0,5326879.0,380.49135714285717,600000.0,66.66666666666666,0,0.0,0.0,0,0,,0,0,0,0,0,0,0,0,0,0,0,0,19.340979824615495,11.6,Low,2.0,None,No material anomaly signal detected.
4303,Uttar Pradesh,BANDA(DISTRICT MAGISTRATE BANDA_IDA),AJENDRA SINGH LODHI,AJENDRA SINGH LODHI,HAMIRPUR_UP,WS/MP18219/2025-2026/143786-Construction of common work sheds/ common covered sitting area,WS/MP18219/2025,Normal/Others,tindwari me bhidaura road par stainless steel (fabricated) yatri shed,2024-11-19,700000.0,2025-04-30,1296,WS/MP18219/2025-2026/137973-Lighting of public spaces,2025-11-27,400000.0,Vendor Identification,21782,WS/MP18219/2025-2026/143336-Construction of common work sheds/ common covered sitting area,2026-01-22,698961.0,Completed,5326879.0,2026-07-17,Lakshya Contruction,LAKSHYA CONTRUCTION,15.0,Payment In-Progress,147000000.0,Uttar Pradesh,HAMIRPUR_UP,,,,400000.0,162.0,443.0,429.0,1331.71975,4926879.0,1231.71975,-4926879.0,0.27210884353741494,1,2,1400000.0,5326879.0,380.49135714285717,600000.0,-33.33333333333333,1,5326879.0,5326879.0,1,1,100.0,0,1,0,0,0,1,1,0,0,0,3,26,55.291823617232204,43.58,Medium,42.0,Duplicate Payment,expenditure exceeds effective sanctioned amount; possible repeated work/vendor/amount payment pattern
,Uttar Pradesh,ALIGARH(DISTRICT MAGISTRATE ALIGARH_IDA),ANOOP PRADHAN BALMIKI,ANOOP PRADHAN BALMIKI,HATHRAS (SC),,WS/MP18220/2024,Normal/Others,Gram Badwamni Block Lodha mai Beethna Modh se Marghat ki taraf 230 miter interlocking karya,2024-10-17,,,6323,"WS/MP18220/2024-2025/147974-Construction of roads, link roads, pathways or any other road with or without drainage system",2024-11-11,1942383.0,Physical Inspection,19860,"WS/MP18220/2024-2025/157540-Construction of cycle tracks, cycle stand and segregated non-motorized vehicle (NMV) lanes",2026-01-27,801749.0,Completed,,,,,,,147000000.0,Uttar Pradesh,HATHRAS (SC),,,,1942383.0,,,467.0,,,,,1.3213489795918367,1,1,1942383.0,0.0,0.0,600000.0,223.7305,0,0.0,0.0,0,0,,0,0,0,0,0,0,0,0,0,0,0,0,5.378451170108846,3.23,Low,0.0,None,No material anomaly signal detected.
2944,Uttar Pradesh,JHANSI(DISTRICT MAGISTRAE JHANSI_IDA),NARAYAN DAS AHIRWAR,NARAYAN DAS AHIRWAR,JALAUN(SC),WS/MP18221/2024-2025/141019-Lighting of public spaces,WS/MP18221/2024,Normal/Others,MS Pole with LED semi High Mast Light,2024-09-15,211299.0,2025-01-24,2882,WS/MP18221/2024-2025/140991-Lighting of public spaces,2025-01-28,238871.64,Physical Inspection,10597,WS/MP18221/2024-2025/141016-Lighting of public spaces,2026-01-22,211299.0,Completed,,,,,,,147000000.0,Uttar Pradesh,JALAUN(SC),,,,238871.64,131.0,,494.0,,,,,0.1624977142857143,1,2,481871.64,0.0,0.0,600000.0,-60.18806,0,0.0,0.0,0,0,,0,0,0,0,0,0,0,0,0,0,0,0,2.5089996090050986,1.51,Low,0.0,None,No material anomaly signal detected.
2903,Uttar Pradesh,JALAUN(DISTRICT MAGISTRATE JALAUN_IDA),NARAYAN DAS AHIRWAR,NARAYAN DAS AHIRWAR,JALAUN(SC),WS/MP18221/2025-2026/140963-Lighting of public spaces,WS/MP18221/2025,Normal/Others,MS pole with LED Semi High Mast LIght,2024-09-15,243000.0,2025-06-06,2760,WS/MP18221/2025-2026/140831-Lighting of public spaces,2025-06-13,243000.0,Work partially Completed,,,,,,,,,,,,147000000.0,Uttar Pradesh,JALAUN(SC),,,,243000.0,264.0,,,,,,,0.16530612244897958,1,2,481871.64,0.0,0.0,600000.0,-59.5,0,0.0,0.0,0,0,,0,0,0,0,0,0,0,0,0,0,0,0,5.965343748691128,3.58,Low,0.0,None,No material anomaly signal detected.
3119,Uttar Pradesh,KANPUR NAGAR(DISTRICT MAGISTRAE KANPUR NAGAR_IDA),RAMESH AWASTHI,RAMESH AWASTHI,KANPUR,WS/MP18224/2024-2025/141400-Lighting of public spaces,WS/MP18224/2024,Normal/Others,Installation of 26 semi high mast light at 9.5 meter poll (4x200watt) at different places in Kanpur Nagar according to letter attached.,2024-09-17,3831541.0,2024-10-09,3077,WS/MP18224/2024-2025/141400-Lighting of public spaces,2024-10-09,3831541.0,Physical Inspection,1483,WS/MP18224/2024-2025/141400-Lighting of public spaces,2025-09-12,3831541.0,Completed,,,,,,,147000000.0,Uttar Pradesh,KANPUR,,,,3831541.0,22.0,,360.0,,,,,2.6064904761904764,1,1,3831541.0,0.0,0.0,600000.0,538.5901666666666,0,0.0,0.0,0,0,,0,0,0,0,0,0,0,0,0,0,0,0,32.76706000823788,19.66,Low,12.1,None,No material anomaly signal detected.
4821,Uttar Pradesh,KAUSHAMBI(DISTRICT MAGISTRAE KAUSHAMBI_IDA),PUSHPENDRA SAROJ,PUSHPENDRA SAROJ,KAUSHAMBI(SC),WS/MP18225/2024-2025/144748-Installing hand pumps,WS/MP18225/2024,Normal/Others,Lavkush Singh Pasi S/o Gajraj Singh ke ghar ke samne handpump,2024-09-30,73920.0,2025-01-17,4744,WS/MP18225/2024-2025/144748-Installing hand pumps,2025-01-17,73920.0,Physical Inspection,4304,WS/MP18225/2024-2025/144747-Installing hand pumps,2026-02-17,73920.0,Completed,59156.0,2025-12-22,VIVEK ENTERPRISES,VIVEK ENTERPRISES,2.0,Payment In-Progress,147000000.0,Uttar Pradesh,KAUSHAMBI(SC),,,,73920.0,109.0,339.0,505.0,80.02705627705627,-14764.0,-19.97294372294372,14764.0,0.05028571428571429,1,3,198720.0,6218338.0,3129.1958534621576,600000.0,-87.68,1,59156.0,59156.0,1,1,100.0,0,0,0,0,0,1,1,0,0,0,2,18,56.27601985178424,40.97,Medium,38.7,Duplicate Payment,possible repeated work/vendor/amount payment pattern
,Uttar Pradesh,PRATAPGARH(DISTRICT MAGISTRAE PRATAPGARH_IDA),PUSHPENDRA SAROJ,PUSHPENDRA SAROJ,KAUSHAMBI(SC),,WS/MP18225/2025,Normal/Others,Kishori Lal son of Dinanath Add.-Annava Andhawa Babaganj ke ghar ke samne hundpump,2024-11-06,,,8223,WS/MP18225/2025-2026/151098-Installing hand pumps,2025-04-26,50800.0,Work partially Completed,16665,WS/MP18225/2025-2026/150447-Installing hand pumps,2026-03-27,50781.0,Completed,6159182.0,2026-07-27,IMAMUDDIN,IMAMUDDIN,72.0,Payment In-Progress,147000000.0,Uttar Pradesh,KAUSHAMBI(SC),,,,50800.0,,,506.0,12124.374015748032,6108382.0,12024.374015748032,-6108382.0,0.0345578231292517,1,3,198720.0,6218338.0,3129.1958534621576,600000.0,-91.53333333333333,1,6159182.0,6159182.0,1,1,100.0,0,1,1,0,0,1,1,0,0,0,4,44,100.0,77.6,High,84.5,Cost Overrun; Duplicate Payment,cost deviation is unusually high; possible repeated work/vendor/amount payment pattern
,Uttar Pradesh,AZAMGARH(DISTRICT MAGISTRATE AZAMGARH_IDA),DAROGA PRASAD SAROJ,DAROGA PRASAD SAROJ,LALGANJ (SC),,WS/MP18227/2024,Normal/Others,Class room ka nirmad kary,2024-10-18,,,6535,WS/MP18227/2024-2025/148289-Construction of rooms and halls in school and colleges,2025-02-28,500000.0,Vendor Identification,3514,WS/MP18227/2024-2025/148773-Lighting of public spaces,2026-03-25,1609758.0,Completed,,,,,,,147000000.0,Uttar Pradesh,LALGANJ (SC),,,,500000.0,,,523.0,,,,,0.3401360544217687,1,2,1500000.0,7568246.0,504.54973333333334,600000.0,-16.666666666666664,0,0.0,0.0,0,0,,0,0,0,0,0,0,0,0,0,0,0,0,15.79988074126279,9.48,Low,0.0,None,No material anomaly signal detected.
,Uttar Pradesh,AZAMGARH(DISTRICT MAGISTRATE AZAMGARH_IDA),DAROGA PRASAD SAROJ,DAROGA PRASAD SAROJ,LALGANJ (SC),,WS/MP18227/2025,Normal/Others,Tahsil martinganj me adhivakta bhawan,2024-11-08,,,8375,WS/MP18227/2025-2026/151391-Construction of community centers and community halls,2026-01-28,1000000.0,Sanction,14770,WS/MP18227/2025-2026/148878-Street lights,2026-03-25,284857.0,Completed,7568246.0,2026-08-21,Krishna Kumar Contractor,KRISHNA KUMAR CONTRACTOR,29.0,Payment In-Progress,147000000.0,Uttar Pradesh,LALGANJ (SC),,,,1000000.0,,,502.0,756.8246,6568246.0,656.8246,-6568246.0,0.6802721088435374,1,2,1500000.0,7568246.0,504.54973333333334,600000.0,66.66666666666666,1,7568246.0,7568246.0,1,1,100.0,0,1,0,0,0,1,1,0,0,0,3,26,79.86181195696372,58.32,Medium,60.4,Duplicate Payment,expenditure exceeds effective sanctioned amount; possible repeated work/vendor/amount payment pattern
2401,Uttar Pradesh,JAUNPUR(DISTRICT MAGISTRATE JAUNPUR_IDA),PRIYA SAROJ,PRIYA SAROJ,MACHHLISHAHR(SC),"WS/MP18228/2024-2025/140103-Construction of roads, link roads, pathways or any other road with or without drainage system",WS/MP18228/2024,Normal/Others,GRAM PANCHAYAT LAHANGPUR (ATAHANU) BLOCK JALALPUR ME PREM PRAKASH K GHAR SE BAHADUR RAJBHAR K GHAR HOTE HUYE VARANASI BORDER TAK SOLING K UPPER C C ROAD 780 METTERS,2024-09-09,3646225.0,2024-10-01,8845,WS/MP18228/2024-2025/152140-Street lights,2024-12-06,41792.0,Physical Inspection,11075,WS/MP18228/2024-2025/150612-Street lights,2026-02-04,41792.0,Completed,,,,,,,147000000.0,Uttar Pradesh,MACHHLISHAHR(SC),,,,41792.0,22.0,,513.0,,,,,0.028429931972789115,1,1,41792.0,0.0,0.0,600000.0,-93.03466666666667,0,0.0,0.0,0,0,,0,0,0,0,0,0,0,0,0,0,0,0,22.00231603927284,13.2,Low,4.0,None,No material anomaly signal detected.
3951,Uttar Pradesh,MEERUT(DISTRICT MAGISTRATE MEERUT_IDA),ARUN GOVIL,ARUN GOVIL,MEERUT,"WS/MP18229/2024-2025/143084-Construction of roads, link roads, pathways or any other road with or without drainage system",WS/MP18229/2024,Normal/Others,maifeyar colony me mandir se gaurav sharma tak cc,2024-09-24,967230.0,2024-11-19,3885,"WS/MP18229/2024-2025/143084-Construction of roads, link roads, pathways or any other road with or without drainage system",2024-11-19,967230.0,Physical Inspection,3042,"WS/MP18229/2024-2025/143084-Construction of roads, link roads, pathways or any other road with or without drainage system",2025-12-17,967230.0,Completed,,,,,,,147000000.0,Uttar Pradesh,MEERUT,,,,967230.0,56.0,,449.0,,,,,0.6579795918367347,1,1,967230.0,0.0,0.0,600000.0,61.205,0,0.0,0.0,0,0,,0,0,0,0,0,0,0,0,0,0,0,0,1.8423305409371311,1.11,Low,0.0,None,No material anomaly signal detected.
,Uttar Pradesh,LUCKNOW(DISTRICT MAGISTRAE LUCKNOW_IDA),R.K. CHAUDHARY,R K CHAUDHARY,MOHANLALGANJ(SC),,WS/MP18230/2024,Normal/Others,Asarfilal rawat ke ghar ke pass solar light 4-way,2024-10-19,,,6787,WS/MP18230/2024-2025/148666-Lighting of public spaces,2024-12-17,107985.0,Work Completed,7758,WS/MP18230/2024-2025/148660-Lighting of public spaces,2026-01-08,107715.0,Completed,,,,,,,147000000.0,Uttar Pradesh,MOHANLALGANJ(SC),,,,107985.0,,,446.0,,,,,0.07345918367346939,1,1,107985.0,0.0,0.0,600000.0,-82.0025,0,0.0,0.0,0,0,,0,0,0,0,0,0,0,0,0,0,0,0,4.893328087108896,2.94,Low,0.0,None,No material anomaly signal detected.
4382,Uttar Pradesh,MUZAFFARNAGAR(DISTRICT MAGISTRATE MUZAFFARNAGAR_IDA),HARENDRA SINGH MALIK,HARENDRA SINGH MALIK,MUZAFFARNAGAR,"WS/MP18232/2024-2025/143931-Construction of roads, link roads, pathways or any other road with or without drainage system",WS/MP18232/2024,Normal/Others,"gram-jabardastpur urf mantori, vikaskhand-khatauli, tehsil-sadar me arvind ke makan se gaushala marg par inter louking work",2024-09-27,1488000.0,2024-12-18,4311,WS/MP18232/2024-2025/143930-Providing drains and gutters for public drainage,2025-03-28,986000.0,Work Completed,4734,"WS/MP18232/2024-2025/143910-Construction of roads, link roads, pathways or any other road with or without drainage system",2026-05-11,421984.0,Completed,105478.0,2026-08-20,A P DEVELOPERS,A P DEVELOPERS,2.0,Payment In-Progress,147000000.0,Uttar Pradesh,MUZAFFARNAGAR,,,,986000.0,82.0,610.0,591.0,10.697565922920893,-880522.0,-89.30243407707911,880522.0,0.6707482993197279,1,2,2185000.0,105478.0,4.827368421052632,600000.0,64.33333333333333,1,105478.0,105478.0,1,1,100.0,0,0,0,0,0,1,0,0,0,0,1,0,34.08749309830971,20.45,Low,13.1,None,No material anomaly signal detected.
4524,Uttar Pradesh,MUZAFFARNAGAR(DISTRICT MAGISTRATE MUZAFFARNAGAR_IDA),HARENDRA SINGH MALIK,HARENDRA SINGH MALIK,MUZAFFARNAGAR,"WS/MP18232/2025-2026/144145-Construction of roads, link roads, pathways or any other road with or without drainage system",WS/MP18232/2025,Normal/Others,"sujdu ke ward no-3 me ahsan ke makan se tosif ke makan tak, furkan ke makan se shafik ke makan tak, shan miya ke makan se gulshan public school tak v branch galyio me brick soling v nali nirman work. implimenting agency:-DUDA, muzaffarnagar",2024-09-28,1199000.0,2025-12-09,4447,"WS/MP18232/2025-2026/144145-Construction of roads, link roads, pathways or any other road with or without drainage system",2025-12-09,1199000.0,Work Completed,21391,"WS/MP18232/2025-2026/167564-Construction of roads, link roads, pathways or any other road with or without drainage system",2026-05-11,282069.0,Completed,,,,,,,147000000.0,Uttar Pradesh,MUZAFFARNAGAR,,,,1199000.0,437.0,,590.0,,,,,0.8156462585034014,1,2,2185000.0,105478.0,4.827368421052632,600000.0,99.83333333333333,0,0.0,0.0,0,0,,0,0,0,0,0,0,0,0,0,0,0,0,10.965184188711236,6.58,Low,0.0,None,No material anomaly signal detected.
4723,Uttar Pradesh,RAMPUR(DISTRICT MAGISTRATE RAMPUR_IDA),MOHIBBULLAH,MOHIBBULLAH,RAMPUR,"WS/MP18235/2024-2025/144420-Construction of roads, link roads, pathways or any other road with or without drainage system",WS/MP18235/2024,Normal/Others,CONSTRUCTION OF CC ROAD AND DRAIN FROM MAIN ROAD TOWARDS AKBAR ALI ’S HOUSE IN THE VILLAGE OF SINGNI BLOCK SAIDNAGAR (I.A. RED Rampur),2024-09-29,586039.0,2024-11-13,8981,WS/MP18235/2024-2025/152377-Lighting of public spaces,2024-12-13,200502.0,Physical Inspection,20524,"WS/MP18235/2024-2025/160798-Construction of roads, link roads, pathways or any other road with or without drainage system",2026-04-28,755625.0,Completed,,,,,,,147000000.0,Uttar Pradesh,RAMPUR,,,,200502.0,45.0,,576.0,,,,,0.13639591836734694,1,1,200502.0,0.0,0.0,600000.0,-66.583,0,0.0,0.0,0,0,,0,0,0,0,0,0,0,0,0,0,0,0,4.542578346990569,2.73,Low,0.0,None,No material anomaly signal detected.
2420,Uttar Pradesh,SONBHADRA(DISTRICT MAGISTRATE SONBHADRA_IDA),CHHOTELAL,CHHOTELAL,ROBERTSGANJ(SC),WS/MP18236/2024-2025/140140-Construction of rooms and halls in school and colleges,WS/MP18236/2024,Normal/Others,"Construction of a room in Rana Pratap Small Secondary School Lohara Sukrit Sonbhadra, Block Karma",2024-09-10,700000.0,2025-03-20,1961,WS/MP18236/2024-2025/139361-Lighting of public spaces,2025-03-24,176999.0,Physical Inspection,4482,WS/MP18236/2024-2025/140140-Construction of rooms and halls in school and colleges,2026-03-13,700000.0,Completed,182650.0,2026-03-23,ANSH BUILDING MATERIAL,ANSH BUILDING MATERIAL,2.0,Payment In-Progress,147000000.0,Uttar Pradesh,ROBERTSGANJ(SC),,,,176999.0,191.0,368.0,549.0,103.1926734049345,5651.0,3.192673404934491,-5651.0,0.12040748299319728,1,2,432999.0,182650.0,42.18254545622507,600000.0,-70.50016666666666,1,182650.0,182650.0,1,1,100.0,0,1,0,0,0,1,0,0,0,0,2,8,20.244330083182188,15.35,Low,6.7,None,expenditure exceeds effective sanctioned amount
2419,Uttar Pradesh,SONBHADRA(DISTRICT MAGISTRATE SONBHADRA_IDA),CHHOTELAL,CHHOTELAL,ROBERTSGANJ(SC),"WS/MP18236/2025-2026/140139-Construction of roads, link roads, pathways or any other road with or without drainage system",WS/MP18236/2025,Normal/Others,Construction of culvert in the middle of village Naudiha Block Nagwa,2024-09-10,1000000.0,2025-04-02,2008,WS/MP18236/2025-2026/139411-Lighting of public spaces,2025-06-17,256000.0,Work partially Completed,20273,WS/MP18236/2025-2026/203050-Installing tube-wells and borewells,2026-08-20,699144.0,Completed,,,,,,,147000000.0,Uttar Pradesh,ROBERTSGANJ(SC),,,,256000.0,204.0,,709.0,,,,,0.1741496598639456,1,2,432999.0,182650.0,42.18254545622507,600000.0,-57.333333333333336,0,0.0,0.0,0,0,,0,0,0,1,0,0,0,0,0,0,1,14,8.440224859365223,10.66,Low,0.8,Delayed Project,project duration is unusually long
5000,Uttar Pradesh,BALLIA(DISTRICT MAGISTRAE BALLIA_IDA),RAMASHANKAR RAJBHAR,RAMASHANKAR RAJBHAR,SALEMPUR,WS/MP18238/2024-2025/145040-Street lights,WS/MP18238/2024,Normal/Others,Development Block Beruarbari on gram Beruarbari chauraha 1 piece,2024-10-02,258150.0,2025-03-20,2931,WS/MP18238/2024-2025/141063-Construction of rooms and halls in school and colleges,2025-03-21,700000.0,Work Completed,11631,"WS/MP18238/2024-2025/142930-Construction of roads, link roads, pathways or any other road with or without drainage system",2026-08-15,597657.0,Completed,,,,,,,160056927.07,Uttar Pradesh,SALEMPUR,,,,700000.0,169.0,,682.0,,,,,0.4373443954061788,1,3,1619000.0,1692076.0,104.5136504014824,600000.0,16.666666666666664,0,0.0,0.0,0,0,,0,0,0,0,0,0,0,0,0,0,0,0,9.547806134008564,5.73,Low,0.0,None,No material anomaly signal detected.
4980,Uttar Pradesh,BALLIA(DISTRICT MAGISTRAE BALLIA_IDA),RAMASHANKAR RAJBHAR,RAMASHANKAR RAJBHAR,SALEMPUR,"WS/MP18238/2025-2026/145010-Construction of roads, link roads, pathways or any other road with or without drainage system",WS/MP18238/2025,Normal/Others,Work of interlocking from Vikas Khand Bansdih village Jitoura Patisa Musa Marg to Chandradeep Verma's house,2024-10-02,597361.0,2025-07-16,3843,"WS/MP18238/2025-2026/142953-Construction of roads, link roads, pathways or any other road with or without drainage system",2025-07-19,600000.0,Work partially Completed,21119,"WS/MP18238/2025-2026/156831-Construction of roads, link roads, pathways or any other road with or without drainage system",2026-08-15,693320.0,Completed,1692076.0,2026-08-22,Mhatma budh prathmik vidyalaya Musaila Khurd,MHATMA BUDH PRATHMIK VIDYALAYA MUSAILA KHURD,10.0,Payment In-Progress,160056927.07,Uttar Pradesh,SALEMPUR,,,,600000.0,287.0,402.0,682.0,282.01266666666663,1092076.0,182.01266666666666,-1092076.0,0.37486662463386755,1,3,1619000.0,1692076.0,104.5136504014824,600000.0,0.0,1,1692076.0,1692076.0,1,1,100.0,0,1,0,0,0,1,0,0,0,0,2,8,26.399436771019197,19.04,Low,11.3,None,expenditure exceeds effective sanctioned amount
,Uttar Pradesh,SITAPUR(DISTRICT MAGISTRATE SITAPUR_IDA),RAKESH RATHOR,RAKESH RATHOR,SITAPUR,,WS/MP18241/2024,Normal/Others,NAGARPALIKA SITAPUR WARD NO 20 MAI RAIFAL CLUB K PASS TARANTAL GET SE HABIB ASHRAF MASZID K PASS TAK 105 METER CC NIRMAN KARYA.,2024-10-03,,,5013,"WS/MP18241/2024-2025/145279-Construction of roads, link roads, pathways or any other road with or without drainage system",2025-01-09,1243818.0,Physical Inspection,7034,"WS/MP18241/2024-2025/145274-Construction of roads, link roads, pathways or any other road with or without drainage system",2026-01-12,1643594.0,Completed,,,,,,,147000000.0,Uttar Pradesh,SITAPUR,,,,1243818.0,,,466.0,,,,,0.846134693877551,1,2,1731818.0,0.0,0.0,600000.0,107.303,0,0.0,0.0,0,0,,0,0,0,0,0,0,0,0,0,0,0,0,0.3245273301910533,0.19,Low,0.0,None,No material anomaly signal detected.
,Uttar Pradesh,SITAPUR(DISTRICT MAGISTRATE SITAPUR_IDA),RAKESH RATHOR,RAKESH RATHOR,SITAPUR,,WS/MP18241/2025,Normal/Others,tank nirman karya in Village Lalapurwa Gram Panchayat Alawalpur Development Block Parsendi.,2024-10-05,,,5157,WS/MP18241/2025-2026/145630-Construction of water tanks,2025-04-24,488000.0,Work partially Completed,9845,WS/MP18241/2025-2026/197044-Construction of culverts and bridges,2026-01-12,3997981.0,Completed,,,,,,,147000000.0,Uttar Pradesh,SITAPUR,,,,488000.0,,,464.0,,,,,0.33197278911564626,1,2,1731818.0,0.0,0.0,600000.0,-18.666666666666668,0,0.0,0.0,0,0,,0,0,0,0,0,0,0,0,0,0,0,0,0.0,0.0,Low,0.0,None,No material anomaly signal detected.
,Uttar Pradesh,SULTANPUR(DISTRICT MAGISTRATE SULTANPUR_IDA),RAMBHUAL NISHAD,RAMBHUAL NISHAD,SULTANPUR,,WS/MP18242/2024,Normal/Others,As per list attached of 44 places of installation of high mast led light - 6 LED for different blocks and villages.,2024-10-05,,,5149,WS/MP18242/2024-2025/145618-Lighting of public spaces,2024-10-26,9852234.0,Physical Inspection,1866,WS/MP18242/2024-2025/156949-Street lights,2026-08-21,9851072.0,Completed,,,,,,,151231957.11,Uttar Pradesh,SULTANPUR,,,,9852234.0,,,685.0,,,,,6.51465086366229,1,2,11352234.0,9707139.0,85.50862323662462,600000.0,1542.039,0,0.0,0.0,0,0,,0,0,0,0,0,0,0,0,0,0,0,0,86.46330669449506,51.88,Medium,52.4,ML Anomaly,multivariate pattern is unusual versus uploaded batch
,Uttar Pradesh,SULTANPUR(DISTRICT MAGISTRATE SULTANPUR_IDA),RAMBHUAL NISHAD,RAMBHUAL NISHAD,SULTANPUR,,WS/MP18242/2025,Normal/Others,"For construction of teaching room in Mukund Madhav Bhishma Primary School, Ishakpur.",2024-10-17,,,6353,WS/MP18242/2025-2026/148018-Construction of rooms and halls in school and colleges,2025-06-24,1500000.0,Vendor Identification,16418,WS/MP18242/2025-2026/193004-Lighting of public spaces,2026-08-21,4520176.0,Completed,9707139.0,2026-08-07,Gaur Construction,GAUR CONSTRUCTION,1.0,Payment In-Progress,151231957.11,Uttar Pradesh,SULTANPUR,,,,1500000.0,,,673.0,647.1426,8207139.0,547.1426,-8207139.0,0.9918538572564796,1,2,11352234.0,9707139.0,85.50862323662462,600000.0,150.0,1,9707139.0,9707139.0,1,1,100.0,0,1,0,0,0,0,0,0,0,0,1,8,93.72500565594608,59.44,Medium,61.8,ML Anomaly,expenditure exceeds effective sanctioned amount
2280,West Bengal,Paschim Medinipur(DISTRICT MAGISTRATE PASCHIM MEDINIPUR_IDA),BAG MITALI,BAG MITALI,ARAMBAG(SC),WS/MP18245/2024-2025/139939-Lighting of public spaces,WS/MP18245/2024,Normal/Others,SOLAR PANEL HIGH MAST LIGHT AT AMRAPAT MAJHERPARA WITHIN MANGRUL GP UNDER CHANDRAKONA-I DEV. BLOCK,2024-12-18,377848.0,2025-03-27,6209,WS/MP18245/2024-2025/147667-Lighting of public spaces,2025-03-27,377848.0,Physical Inspection,7964,WS/MP18245/2024-2025/147667-Lighting of public spaces,2026-07-23,377848.0,Completed,,,,,,,147000000.0,West Bengal,ARAMBAG(SC),,,,377848.0,99.0,,582.0,,,,,0.25703945578231296,1,2,877848.0,1358026.0,154.6994468290638,600000.0,-37.025333333333336,0,0.0,0.0,0,0,,0,0,0,0,0,0,0,0,0,0,0,0,4.111314197857348,2.47,Low,0.0,None,No material anomaly signal detected.
,West Bengal,HOOGHLY(DISTRICT MAGISTRATE HOOGHLY_IDA),BAG MITALI,BAG MITALI,ARAMBAG(SC),,WS/MP18245/2025,Normal/Others,CONSTRUCTION OF CYCLE STAND WITHIN SAORA UNION HIGH SCHOOL(H.S) AT KUMURSHA GP UNDER GOGHAT-I DEV. BLOCK,2024-10-29,,,6188,"WS/MP18245/2025-2026/147646-Construction of cycle tracks, cycle stand and segregated non-motorized vehicle (NMV) lanes",2025-06-11,500000.0,Vendor Identification,21099,WS/MP18245/2025-2026/202315-Construction of water tanks,2026-08-24,294420.0,Completed,1358026.0,2026-08-21,SN ENTERPRISE,SN ENTERPRISE,3.0,Payment In-Progress,147000000.0,West Bengal,ARAMBAG(SC),,,,500000.0,,,664.0,271.60519999999997,858026.0,171.6052,-858026.0,0.3401360544217687,1,2,877848.0,1358026.0,154.6994468290638,600000.0,-16.666666666666664,1,1358026.0,1358026.0,1,1,100.0,0,1,0,0,0,1,0,0,0,0,2,8,15.625649644472922,12.58,Low,3.2,None,expenditure exceeds effective sanctioned amount
,West Bengal,MURSHIDABAD(DISTRICT MAGISTRATE MURSHIDABAD_IDA),PATHAN YUSUF,PATHAN YUSUF,BAHARAMPUR,,WS/MP18246/2024,Normal/Others,Construction of indoor badminton court adjacent to Berhampore Circuit House,2024-10-28,,,7331,WS/MP18246/2024-2025/149652-Development of playground,2024-11-25,2000000.0,Physical Inspection,1292,WS/MP18246/2024-2025/149652-Development of playground,2026-08-04,2000000.0,Completed,,,,,,,147000000.0,West Bengal,BAHARAMPUR,,,,2000000.0,,,645.0,,,,,1.3605442176870748,1,1,2000000.0,0.0,0.0,600000.0,233.33333333333334,0,0.0,0.0,0,0,,0,0,0,0,0,0,0,0,0,0,0,0,9.695072501067838,5.82,Low,0.0,None,No material anomaly signal detected.
,West Bengal,BANKURA(DISTRICT MAGISTRATE BANKURA_IDA),ARUP CHAKRABORTY,ARUP CHAKRABORTY,BANKURA,,WS/MP18247/2024,Normal/Others,"Installation of 14 nos. of solar high mast lights at different places of Khalagram, Harmasra, Taldangra and Panchmura Gram Panchayat area under Taldangra Block, District - Bankura",2024-10-02,,,4962,WS/MP18247/2024-2025/145108-Street lights,2024-12-10,4020731.0,Physical Inspection,21776,WS/MP18247/2024-2025/145080-Street lights,2026-08-19,1433240.0,Completed,,,,,,,147000000.0,West Bengal,BANKURA,,,,4020731.0,,,686.0,,,,,2.735191156462585,1,1,4020731.0,0.0,0.0,600000.0,570.1218333333334,0,0.0,0.0,0,0,,0,0,0,0,0,0,0,0,0,0,0,0,26.65058144220919,15.99,Low,7.5,None,No material anomaly signal detected.
,West Bengal,PURBA BARDHAMAN(DISTRICT MAGISTRATE PURBA BARDHAMAN_IDA),DR. SHARMILA SARKAR,DR SHARMILA SARKAR,BARDHAMAN PURBA(SC),,WS/MP18248/2024,Normal/Others,Solar submersible pump with drinking water facility at Agradwip Union Uchcha Madhyamik Vidyalay,2024-11-08,,,8448,WS/MP18248/2024-2025/151512-Installing community drinking water plants,2025-03-20,599916.0,Sanction,19732,WS/MP18248/2024-2025/152777-Construction of boundary walls of existing public and community buildings,2026-08-11,998439.0,Completed,3926005.0,2026-08-17,SRI BALAJI CONCERN,SRI BALAJI CONCERN,6.0,Payment In-Progress,147000000.0,West Bengal,BARDHAMAN PURBA(SC),,,,599916.0,,,641.0,654.4257862767454,3326089.0,554.4257862767454,-3326089.0,0.4081061224489796,1,2,4641916.0,4653921.0,100.25862165536816,600000.0,-0.013999999999999999,1,3926005.0,3926005.0,1,1,100.0,0,1,0,0,0,1,0,0,0,0,2,8,40.84089584506629,27.7,Low,22.1,None,expenditure exceeds effective sanctioned amount
,West Bengal,PURBA BARDHAMAN(DISTRICT MAGISTRATE PURBA BARDHAMAN_IDA),DR. SHARMILA SARKAR,DR SHARMILA SARKAR,BARDHAMAN PURBA(SC),,WS/MP18248/2025,Normal/Others,Construction of steel foot bridge (low weight 4 wheeler vehicles can pass)over Joypur canal at Natu GP,2024-11-07,,,8396,WS/MP18248/2025-2026/151435-Construction of foot over bridge (FOB),2025-04-22,4042000.0,Sanction,14076,WS/MP18248/2025-2026/201262-Construction of buildings for training institutions,2026-07-21,998104.0,Completed,727916.0,2026-08-21,MD SAHABAT HOSSAIN,MD SAHABAT HOSSAIN,2.0,Payment In-Progress,147000000.0,West Bengal,BARDHAMAN PURBA(SC),,,,4042000.0,,,621.0,18.008807521029194,-3314084.0,-81.9911924789708,3314084.0,2.7496598639455785,1,2,4641916.0,4653921.0,100.25862165536816,600000.0,573.6666666666666,1,727916.0,727916.0,1,1,100.0,0,0,0,0,0,1,0,0,0,0,1,0,58.176953124656016,34.91,Medium,31.1,None,No material anomaly signal detected.
4840,West Bengal,North 24 Parganas(DISTRICT MAGISTRATE NORTH TWENTY FOUR PARGANAS_IDA),PARTHA BHOWMICK,PARTHA BHOWMICK,BARRACKPUR,WS/MP18249/2025-2026/144807-Construction of community centers and community halls,WS/MP18249/2025,Normal/Others,"Construction of Tin shade for Auditorium of ""Unity Malancha"" (IA- E.O Barrackpore -I Panchyat Samity)",2024-09-30,700000.0,2026-02-24,4763,WS/MP18249/2025-2026/144807-Construction of community centers and community halls,2026-02-24,700000.0,Work Completed,,,,,,,,,,,,147000000.0,West Bengal,BARRACKPUR,,,,700000.0,512.0,,,,,,,0.4761904761904762,1,1,700000.0,0.0,0.0,600000.0,16.666666666666664,0,0.0,0.0,0,0,,0,0,0,0,0,0,0,0,0,0,0,0,9.844108269094816,5.91,Low,0.0,None,No material anomaly signal detected.
3454,West Bengal,North 24 Parganas(DISTRICT MAGISTRATE NORTH TWENTY FOUR PARGANAS_IDA),SK NURUL ISLAM,SK NURUL ISLAM,BASIRHAT,WS/MP18250/2024-2025/142045-Street lights,WS/MP18250/2024,Normal/Others,Installation of 7nos. of Eletric street light under Kachua G.P & Basirhat II Panchayat Samity. (Sl No.-23 to 27),2024-09-20,1732500.0,2025-01-28,3403,WS/MP18250/2024-2025/142038-Construction of water tanks,2025-03-26,1400000.0,Vendor Identification,2461,WS/MP18250/2024-2025/139002-Construction of water tanks,2026-08-27,1749119.0,Completed,,,,,,,49000000.0,West Bengal,BASIRHAT,,,,1400000.0,130.0,,706.0,,,,,2.857142857142857,1,6,5750000.0,0.0,0.0,600000.0,133.33333333333331,0,0.0,0.0,0,0,,0,0,0,1,0,0,0,0,0,0,1,14,48.41400665748715,34.65,Medium,30.8,Delayed Project,project duration is unusually long
3451,West Bengal,North 24 Parganas(DISTRICT MAGISTRATE NORTH TWENTY FOUR PARGANAS_IDA),SK NURUL ISLAM,SK NURUL ISLAM,BASIRHAT,WS/MP18250/2025-2026/142039-Construction of water tanks,WS/MP18250/2025,Normal/Others,Installation of 3nos. Eletric based water tank and street solar light under Srinagar Matia G.P & Basirhat II Panchayat Samity. (Sl No.-5 to 7),2024-09-20,2660000.0,2026-02-27,2551,WS/MP18250/2025-2026/140433-Street lights,2026-03-06,500000.0,Vendor Identification,18679,WS/MP18250/2025-2026/140436-Street lights,2025-11-03,499639.0,Completed,,,,,,,49000000.0,West Bengal,BASIRHAT,,,,500000.0,525.0,,409.0,,,,,1.0204081632653061,1,6,5750000.0,0.0,0.0,600000.0,-16.666666666666664,0,0.0,0.0,0,0,,0,0,0,0,0,0,0,0,0,0,0,0,48.74720967247141,29.25,Low,24.1,None,No material anomaly signal detected.
2587,West Bengal,North 24 Parganas(DISTRICT MAGISTRATE NORTH TWENTY FOUR PARGANAS_IDA),SK NURUL ISLAM,SK NURUL ISLAM,BASIRHAT,WS/MP18250/2026-2027/140437-Development of playground,WS/MP18250/2026,Normal/Others,Development and beautification of Dilip Kumar Memorial Institution Play Ground under Baduria Municipality (SL.No.- 34).,2024-09-12,1000000.0,2026-06-23,2552,WS/MP18250/2026-2027/140435-Street lights,2026-08-14,500000.0,Sanction,,,,,,,,,,,,49000000.0,West Bengal,BASIRHAT,,,,500000.0,649.0,,,,,,,1.0204081632653061,0,6,5750000.0,0.0,0.0,600000.0,-16.666666666666664,0,0.0,0.0,0,0,,0,0,0,0,0,0,0,0,0,0,0,0,49.5615961068391,29.74,Low,24.7,None,No material anomaly signal detected.
,West Bengal,Purba Medinipur(DISTRICT MAGISTRATE PURBA MEDINIPUR_IDA),ADHIKARI SOUMENDU,ADHIKARI SOUMENDU,KANTHI,,WS/MP18252/2024,Normal/Others,Installation of (05) nos. Solar high mast street light at different place of Patashpur -I Block,2024-11-06,,,8181,WS/MP18252/2024-2025/151041-Lighting of public spaces,2025-03-19,1349724.0,Physical Inspection,12006,WS/MP18252/2024-2025/151040-Lighting of public spaces,2026-01-27,1349724.0,Completed,,,,,,,147000000.0,West Bengal,KANTHI,,,,1349724.0,,,447.0,,,,,0.9181795918367347,1,2,3689724.0,0.0,0.0,600000.0,124.95400000000001,0,0.0,0.0,0,0,,0,0,0,0,0,0,0,0,0,0,0,0,2.7992416725607825,1.68,Low,0.0,None,No material anomaly signal detected.
,West Bengal,Purba Medinipur(DISTRICT MAGISTRATE PURBA MEDINIPUR_IDA),ADHIKARI SOUMENDU,ADHIKARI SOUMENDU,KANTHI,,WS/MP18252/2025,Normal/Others,Installation of (03) nos Solar submersible at different place of Bhagabanpur 1 Block,2024-11-06,,,8183,WS/MP18252/2025-2026/151046-Installing community drinking water plants,2025-09-18,2340000.0,Sanction,19888,WS/MP18252/2025-2026/173911-Providing drains and gutters for public drainage,2026-01-27,263401.0,Completed,,,,,,,147000000.0,West Bengal,KANTHI,,,,2340000.0,,,447.0,,,,,1.5918367346938775,1,2,3689724.0,0.0,0.0,600000.0,290.0,0,0.0,0.0,0,0,,0,0,0,0,0,0,0,0,0,0,0,0,7.985844716191772,4.79,Low,0.0,None,No material anomaly signal detected.
3159,West Bengal,South 24 Parganas(DISTRICT MAGISTRATE SOUTH TWENTY FOUR PARGANAS_IDA),BAPI HALDAR,BAPI HALDAR,MATHURAPUR(SC),WS/MP18253/2024-2025/141460-Installing tube-wells and borewells,WS/MP18253/2024,Normal/Others,"Sinking of tubewell at Narayanpur near Hemanta Baidya house.Dag No-1408,JL No-47",2024-09-17,159330.0,2024-12-09,2381,"WS/MP18253/2024-2025/140131-Construction of roads, link roads, pathways or any other road with or without drainage system",2025-03-28,500000.0,Physical Inspection,4930,"WS/MP18253/2024-2025/140040-Construction of roads, link roads, pathways or any other road with or without drainage system",2026-08-27,199288.0,Completed,,,,,,,147000000.0,West Bengal,MATHURAPUR(SC),,,,500000.0,83.0,,709.0,,,,,0.3401360544217687,1,2,849380.0,497927.0,58.62240693211519,600000.0,-16.666666666666664,0,0.0,0.0,0,0,,0,0,0,1,0,0,0,0,0,0,1,14,6.334326460919904,9.4,Low,0.0,Delayed Project,project duration is unusually long
2289,West Bengal,South 24 Parganas(DISTRICT MAGISTRATE SOUTH TWENTY FOUR PARGANAS_IDA),BAPI HALDAR,BAPI HALDAR,MATHURAPUR(SC),"WS/MP18253/2025-2026/139948-Construction of roads, link roads, pathways or any other road with or without drainage system",WS/MP18253/2025,Normal/Others,CONSTRUCTIONOF CONCRETE ROAD FROM JHAPBERIYA SIKIRPARA TO ASHOKSARDAR HOUSE,2024-09-08,349380.0,2025-06-24,2256,"WS/MP18253/2025-2026/139948-Construction of roads, link roads, pathways or any other road with or without drainage system",2025-06-24,349380.0,Work Completed,21944,"WS/MP18253/2025-2026/150570-Construction of roads, link roads, pathways or any other road with or without drainage system",2025-12-05,299621.0,Completed,497927.0,2026-08-27,BASANTACON,BASANTACON,1.0,Payment In-Progress,147000000.0,West Bengal,MATHURAPUR(SC),,,,349380.0,289.0,429.0,453.0,142.517316389032,148547.0,42.517316389032004,-148547.0,0.2376734693877551,1,2,849380.0,497927.0,58.62240693211519,600000.0,-41.77,1,497927.0,497927.0,1,1,100.0,0,1,0,0,0,0,0,0,0,0,1,8,17.295432200387275,13.58,Low,4.5,None,expenditure exceeds effective sanctioned amount
3290,West Bengal,Purba Medinipur(DISTRICT MAGISTRATE PURBA MEDINIPUR_IDA),ABHIJIT GANGOPADHYAY,ABHIJIT GANGOPADHYAY,TAMLUK,WS/MP18257/2024-2025/141692-Construction of rooms and halls in school and colleges,WS/MP18257/2024,Normal/Others,"Repairing and upgradation works of the existing school building of Satkalua Primary School, Mouza-Satkalua, Plot No. 247, J.L. No. 96, Pipulberia, Tamluk, Purba Medinipur",2024-09-24,797917.0,2024-11-22,3242,"WS/MP18257/2024-2025/141688-Construction of roads, link roads, pathways or any other road with or without drainage system",2025-02-11,100000.0,Physical Inspection,6026,"WS/MP18257/2024-2025/158042-Construction of roads, link roads, pathways or any other road with or without drainage system",2026-08-05,249733.0,Completed,,,,,,,147000000.0,West Bengal,TAMLUK,,,,100000.0,59.0,,680.0,,,,,0.06802721088435373,1,2,600000.0,4221728.0,703.6213333333334,600000.0,-83.33333333333334,0,0.0,0.0,0,0,,0,0,0,0,0,0,0,0,0,0,0,0,23.230088201805604,13.94,Low,4.9,None,No material anomaly signal detected.
3287,West Bengal,Purba Medinipur(DISTRICT MAGISTRATE PURBA MEDINIPUR_IDA),ABHIJIT GANGOPADHYAY,ABHIJIT GANGOPADHYAY,TAMLUK,"WS/MP18257/2025-2026/141689-Construction of roads, link roads, pathways or any other road with or without drainage system",WS/MP18257/2025,Normal/Others,"Construction of a concrete road from the house of Anil Pal to the house of Prajapati Bhunia, Mouza-Shimulkundu, J.L. No. 227, Plot No. 1893 to 1740 under Gokulnagar G.P.",2024-09-24,500000.0,2025-05-23,3243,"WS/MP18257/2025-2026/141689-Construction of roads, link roads, pathways or any other road with or without drainage system",2025-05-23,500000.0,Physical Inspection,20606,WS/MP18257/2025-2026/183468-Installing tube-wells and borewells,2026-08-15,178774.0,Completed,4221728.0,2026-08-25,Giri Construction,GIRI CONSTRUCTION,13.0,Payment In-Progress,147000000.0,West Bengal,TAMLUK,,,,500000.0,241.0,459.0,690.0,844.3456,3721728.0,744.3456,-3721728.0,0.3401360544217687,1,2,600000.0,4221728.0,703.6213333333334,600000.0,-16.666666666666664,1,4221728.0,4221728.0,1,1,100.0,0,1,0,0,0,1,0,0,0,0,2,8,48.77193076218648,32.46,Medium,28.1,None,expenditure exceeds effective sanctioned amount
,Karnataka,UDUPI(DEPUTY COMMISSIONER UDUPI_IDA),KOTA SRINIVAS POOJARY,KOTA SRINIVAS POOJARY,UDUPI CHIKMAGALUR,,WS/MP18263/2024,Normal/Others,"Udupi District, Kundapur Taluk, Hangaluru Gram Panchayat, Sri Shanishwara Temple Road development work.",2024-10-28,,,7330,"WS/MP18263/2024-2025/149650-Construction of roads, link roads, pathways or any other road with or without drainage system",2025-03-28,498517.0,Physical Inspection,4933,"WS/MP18263/2024-2025/149650-Construction of roads, link roads, pathways or any other road with or without drainage system",2025-03-28,498517.0,Completed,,,,,,,147000000.0,Karnataka,UDUPI CHIKMAGALUR,,,,498517.0,,,151.0,,,,,0.3391272108843537,1,3,1298517.0,4893912.0,376.88470770887096,600000.0,-16.913833333333333,0,0.0,0.0,0,0,,0,0,0,0,0,0,0,0,0,0,0,0,17.454238604655764,10.47,Low,0.6,None,No material anomaly signal detected.
,Karnataka,UDUPI(DEPUTY COMMISSIONER UDUPI_IDA),KOTA SRINIVAS POOJARY,KOTA SRINIVAS POOJARY,UDUPI CHIKMAGALUR,,WS/MP18263/2025,Normal/Others,"Udupi District, brahmavara taluk, haradi grama panchayath, Bikadi village, ration distribute centre front road development work",2024-10-29,,,7545,"WS/MP18263/2025-2026/149961-Construction of roads, link roads, pathways or any other road with or without drainage system",2026-03-06,400000.0,Work Completed,17215,WS/MP18263/2025-2026/166163-Construction of community centers and community halls,2026-08-19,500000.0,Completed,774468.0,2026-08-24,KRIDL BHUSIRI ACCOUNT WORKS,KRIDL BHUSIRI ACCOUNT WORKS,3.0,Payment In-Progress,147000000.0,Karnataka,UDUPI CHIKMAGALUR,,,,400000.0,,,659.0,193.617,374468.0,93.61699999999999,-374468.0,0.27210884353741494,1,3,1298517.0,4893912.0,376.88470770887096,600000.0,-33.33333333333333,1,774468.0,774468.0,1,1,100.0,0,1,0,0,0,1,0,0,0,0,2,8,18.69541483270649,14.42,Low,5.5,None,expenditure exceeds effective sanctioned amount
,Karnataka,UDUPI(DEPUTY COMMISSIONER UDUPI_IDA),KOTA SRINIVAS POOJARY,KOTA SRINIVAS POOJARY,UDUPI CHIKMAGALUR,,WS/MP18263/2026,Normal/Others,"Udupi District, brahmavara taluk, 38 kalthuru grama panchayath, kalthuru village amuje dyangalu Rajeev shetty house road development work",2024-10-29,,,7547,"WS/MP18263/2026-2027/149965-Construction of roads, link roads, pathways or any other road with or without drainage system",2026-08-05,400000.0,Sanction,,,,,,4119444.0,2026-08-24,Chikmagalur Nirmithi Kendra,CHIKMAGALUR NIRMITHI KENDRA,12.0,Payment In-Progress,147000000.0,Karnataka,UDUPI CHIKMAGALUR,,,,400000.0,,,,1029.861,3719444.0,929.861,-3719444.0,0.27210884353741494,0,3,1298517.0,4893912.0,376.88470770887096,600000.0,-33.33333333333333,1,4119444.0,4119444.0,1,1,100.0,0,1,0,0,0,1,0,0,0,0,2,8,42.16798214461113,28.5,Low,23.1,None,expenditure exceeds effective sanctioned amount
,Tamil Nadu,CUDDALORE(DISTRICT COLLECTOR CUDDALORE_IDA),M.K. VISHNUPRASAD,M K VISHNUPRASAD,CUDDALORE,,WS/MP18265/2025,Normal/Others,"Installation of 9 mts height high mast light Near Poosalikuppam road, Pachai vazhaiamman koil route bus stop.",2024-11-11,,,8658,WS/MP18265/2025-2026/151889-Lighting of public spaces,2025-07-16,450000.0,Physical Inspection,13223,WS/MP18265/2025-2026/157239-Construction of community centers and community halls,2026-01-22,898954.0,Completed,1899126.0,2026-07-28,TS SEKAR,TS SEKAR,1.0,Payment Success,147000000.0,Tamil Nadu,CUDDALORE,,,,450000.0,,,437.0,422.02799999999996,1449126.0,322.02799999999996,-1449126.0,0.30612244897959184,1,1,450000.0,1899126.0,422.02799999999996,600000.0,-25.0,1,1899126.0,1899126.0,1,1,100.0,0,1,0,0,0,0,0,0,0,0,1,8,25.204850936768974,18.32,Low,10.4,None,expenditure exceeds effective sanctioned amount
349,West Bengal,Cooch Behar(DISTRICT MAGISTRATE COOCHBEHAR_IDA),JAGADISH CHANDRA BARMA BASUNIA,JAGADISH CHANDRA BARMA BASUNIA,COOCHBEHAR(SC),WS/MP18271/2025-2026/135273-Lighting of public spaces,WS/MP18271/2025,Normal/Others,"Installation for the single unit Mini High Mast Solar Lightening system with 4x200 WP SPV Module, Four nos 60 W Semi Integrated Street light with 60Ah Li-ion cell at Dinhata Soni Devi Jain High School under Dinhata Municipality of District Coochbehar.",2025-02-17,586716.0,2025-09-11,343,WS/MP18271/2025-2026/135273-Lighting of public spaces,2025-09-11,586716.0,Vendor Identification,,,,,,,,,,,,168604641.11,West Bengal,COOCHBEHAR(SC),,,,586716.0,206.0,,,,,,,0.3479833035065852,0,4,10184723.0,0.0,0.0,600000.0,-2.214,0,0.0,0.0,0,0,,0,0,0,0,0,0,0,0,0,0,0,0,17.83646506466091,10.7,Low,0.9,None,No material anomaly signal detected.
4173,West Bengal,PURULIA(DISTRICT MAGISTRATE PURULIA_IDA),KALIPADA SAREN,KALIPADA SAREN,JHARGRAM(ST),WS/MP18272/2024-2025/143420-Construction of boundary walls of existing public and community buildings,WS/MP18272/2024,Normal/Others,Construction of Boundary wall of Bandwan Mahavidyalaya at Chilla under Bandwan Block.,2024-09-25,2988593.0,2025-02-21,4105,WS/MP18272/2024-2025/143420-Construction of boundary walls of existing public and community buildings,2025-02-21,2988593.0,Physical Inspection,5722,WS/MP18272/2024-2025/163362-Lighting of public spaces,2026-08-06,574448.0,Completed,,,,,,,147000000.0,West Bengal,JHARGRAM(ST),,,,2988593.0,149.0,,680.0,,,,,2.033056462585034,1,2,5930740.0,0.0,0.0,600000.0,398.09883333333335,0,0.0,0.0,0,0,,0,0,0,0,0,0,0,0,0,0,0,0,26.563273248809217,15.94,Low,7.4,None,No material anomaly signal detected.
4174,West Bengal,Jhargram(DISTRICT MAGISTRATE JHARGRAM_IDA),KALIPADA SAREN,KALIPADA SAREN,JHARGRAM(ST),WS/MP18272/2025-2026/143426-Construction of boundary walls of existing public and community buildings,WS/MP18272/2025,Normal/Others,Construction of boundary wall of Murar Ashutosh High School (H.S.),2024-09-25,2942147.0,2025-05-21,4106,WS/MP18272/2025-2026/143426-Construction of boundary walls of existing public and community buildings,2025-05-21,2942147.0,Physical Inspection,20091,WS/MP18272/2025-2026/222326-Lighting of public spaces,2026-08-18,1148896.0,Completed,,,,,,,147000000.0,West Bengal,JHARGRAM(ST),,,,2942147.0,238.0,,692.0,,,,,2.0014605442176867,1,2,5930740.0,0.0,0.0,600000.0,390.35783333333336,0,0.0,0.0,0,0,,0,0,0,0,0,0,0,0,0,0,0,0,29.203004022783656,17.52,Low,9.4,None,No material anomaly signal detected.
,West Bengal,PASCHIM BARDHAMAN(DISTRICT MAGISTRATE PASCHIM BARDHAMAN_IDA),AZAD KIRTI JHA,AZAD KIRTI JHA,BARDHAMAN-DURGAPUR,,WS/MP18277/2024,Normal/Others,Installation of Solar High Mast Light At Rajkusum near Hari Mandir Tilakchandrapur GP,2024-10-30,,,7585,WS/MP18277/2024-2025/150085-Lighting of public spaces,2025-03-12,420000.0,Vendor Identification,20836,WS/MP18277/2024-2025/154152-Crematoriums/energy efficient crematoriums or structures on burial/cremation ground,2026-01-08,998312.0,Completed,398628.0,2026-07-21,RANGAMATI ENGINEERS CO OPERATIVE SOCIETY LTD,RANGAMATI ENGINEERS CO OPERATIVE SOCIETY LTD,1.0,Payment In-Progress,179658399.98,West Bengal,BARDHAMAN-DURGAPUR,,,,420000.0,,,435.0,94.91142857142857,-21372.0,-5.088571428571428,21372.0,0.23377699013614472,1,2,1281205.0,398628.0,31.113522035895897,600000.0,-30.0,1,398628.0,398628.0,1,1,100.0,0,0,0,0,0,0,0,0,0,0,0,0,17.073970917495693,10.24,Low,0.3,None,No material anomaly signal detected.
,West Bengal,PASCHIM BARDHAMAN(DISTRICT MAGISTRATE PASCHIM BARDHAMAN_IDA),AZAD KIRTI JHA,AZAD KIRTI JHA,BARDHAMAN-DURGAPUR,,WS/MP18277/2025,Normal/Others,Construction of stage with shed at Amrai Babu Para Durgamandir,2024-11-04,,,7961,WS/MP18277/2025-2026/150713-Construction of common work sheds/ common covered sitting area,2026-01-20,861205.0,Sanction,,,,,,,,,,,,179658399.98,West Bengal,BARDHAMAN-DURGAPUR,,,,861205.0,,,,,,,,0.47935693521475836,0,2,1281205.0,398628.0,31.113522035895897,600000.0,43.53416666666667,0,0.0,0.0,0,0,,0,0,0,0,0,0,0,0,0,0,0,0,2.696641325943162,1.62,Low,0.0,None,No material anomaly signal detected.
3812,Chhattisgarh,JANJGIR-CHAMPA(DISTRICT COLLECTOR JANJGIR CHAMPA_IDA),KAMLESH JANGDE,KAMLESH JANGDE,JANJGIR CHAMPA(SC),"WS/MP18278/2024-2025/142729-Construction of roads, link roads, pathways or any other road with or without drainage system",WS/MP18278/2024,Normal/Others,GRAM PANCHAYAT TUSMA ME C.C. ROAD NIRMARAN(JITENDRA SAHU KE GHAR SE DHANI RAM SAHU GHAR KI ORE),2024-09-23,499989.0,2024-10-04,8421,"WS/MP18278/2024-2025/151475-Construction of roads, link roads, pathways or any other road with or without drainage system",2024-12-10,400000.0,Physical Inspection,327,"WS/MP18278/2024-2025/134665-Construction of roads, link roads, pathways or any other road with or without drainage system",2025-08-29,881196.0,Completed,,,,,,,150384382.11,Chhattisgarh,JANJGIR CHAMPA(SC),,,,400000.0,11.0,,340.0,,,,,0.2659850673239568,1,2,650000.0,2064285.0,317.5823076923077,600000.0,-33.33333333333333,0,0.0,0.0,0,0,,0,0,0,0,0,0,0,0,0,0,0,0,10.355127239914726,6.21,Low,0.0,None,No material anomaly signal detected.
3369,Chhattisgarh,SAKTI(COLLECTOR SAKTI_IDA),KAMLESH JANGDE,KAMLESH JANGDE,JANJGIR CHAMPA(SC),WS/MP18278/2025-2026/141850-Crematoriums/energy efficient crematoriums or structures on burial/cremation ground,WS/MP18278/2025,Normal/Others,GRAM ADBHAR ME (MUKTIDHAM NIRMARAN),2024-09-19,250000.0,2026-02-05,3324,WS/MP18278/2025-2026/141850-Crematoriums/energy efficient crematoriums or structures on burial/cremation ground,2026-02-05,250000.0,Vendor Identification,17194,WS/MP18278/2025-2026/234666-Installing tube-wells and borewells,2026-03-24,1245584.0,Completed,2064285.0,2026-08-27,SARPANCH GRAM PANCHAYAT SENDURAS,SARPANCH GRAM PANCHAYAT SENDURAS,6.0,Payment In-Progress,150384382.11,Chhattisgarh,JANJGIR CHAMPA(SC),,,,250000.0,504.0,203.0,551.0,825.7139999999999,1814285.0,725.7139999999999,-1814285.0,0.166240667077473,1,2,650000.0,2064285.0,317.5823076923077,600000.0,-58.333333333333336,1,2064285.0,2064285.0,1,1,100.0,0,1,0,0,0,1,0,0,0,0,2,8,46.77365545797803,31.26,Medium,26.6,None,expenditure exceeds effective sanctioned amount
4246,Maharashtra,MUMBAI SUBURBAN(DISTRICT COLLECTOR MUMBAI SUBURBAN_IDA),Piyush Vedprakash Goyal,PIYUSH VEDPRAKASH GOYAL,MUMBAI NORTH,"WS/MP18307/2025-2026/143613-Construction of roads, link roads, pathways or any other road with or without drainage system",WS/MP18307/2025,Normal/Others,"Ward 10 - Construction of drainge and CC passages, Pavour block at Nutan Nagar Dahisar (West)",2024-09-25,1500000.0,2026-01-30,4177,WS/MP18307/2025-2026/143612-Tree plantation for community,2026-03-25,1500000.0,Work partially Completed,,,,,,7993929.0,2026-08-19,RENUKA CO OP LABOUR SOCIETY LIMITED,RENUKA CO OP LABOUR SOCIETY LIMITED,4.0,Payment In-Progress,147000000.0,Maharashtra,MUMBAI NORTH,,,,1500000.0,492.0,201.0,,532.9286,6493929.0,432.92859999999996,-6493929.0,1.0204081632653061,1,1,1500000.0,7993929.0,532.9286,600000.0,150.0,1,7993929.0,7993929.0,1,1,100.0,0,1,0,0,0,1,0,0,0,0,2,8,92.27726511842357,58.57,Medium,60.7,ML Anomaly,expenditure exceeds effective sanctioned amount
,Maharashtra,MUMBAI SUBURBAN(DISTRICT COLLECTOR MUMBAI SUBURBAN_IDA),RAVINDRA DATTARAM WAIKAR,RAVINDRA DATTARAM WAIKAR,MUMBAI NORTH WEST,,WS/MP18308/2025,Normal/Others,"P/F C.C.T.V. Camera at Majaswadi Sarvoday Nagar, Near M.H.B. Colony, Jogeshwari (E)",2024-10-10,,,5665,WS/MP18308/2025-2026/146670-Providing CCTV camera system for security of public areas,2026-03-25,100000.0,Sanction,,,,,,8094991.0,2026-08-05,Mahendra Jagannath Lokhande,MAHENDRA JAGANNATH LOKHANDE,4.0,Payment In-Progress,147000000.0,Maharashtra,MUMBAI NORTH WEST,,,,100000.0,,,,8094.991,7994991.0,7994.991,-7994991.0,0.06802721088435373,0,1,100000.0,8094991.0,8094.991,600000.0,-83.33333333333334,1,8094991.0,8094991.0,1,1,100.0,0,1,1,0,0,1,0,0,0,0,3,26,100.0,70.4,High,75.5,Cost Overrun,cost deviation is unusually high
3985,Meghalaya,WEST GARO HILLS(DEPUTY COMMISSIONER WEST GARO HILLS_IDA),SALENG A SANGMA,SALENG A SANGMA,TURA,WS/MP18309/2024-2025/143138-Construction of rooms and halls in school and colleges,WS/MP18309/2024,Normal/Others,extension of class room for christian boys school at tura,2024-11-20,1000000.0,2025-01-10,3919,WS/MP18309/2024-2025/143138-Construction of rooms and halls in school and colleges,2025-01-10,1000000.0,Physical Inspection,2281,WS/MP18309/2024-2025/157109-Construction of footpaths and pedestrian ways,2026-04-23,200000.0,Completed,,,,,,,147000000.0,Meghalaya,TURA,,,,1000000.0,51.0,,519.0,,,,,0.6802721088435374,1,1,1000000.0,0.0,0.0,600000.0,66.66666666666666,0,0.0,0.0,0,0,,0,0,0,0,0,0,0,0,0,0,0,0,2.4761351885008853,1.49,Low,0.0,None,No material anomaly signal detected.
4260,Punjab,RUPNAGAR(DEPUTY COMMISSIONER ROOPNAGAR_IDA),MALVINDER SINGH KANG,MALVINDER SINGH KANG,ANANDPUR SAHIB,WS/MP18311/2024-2025/143656-Construction of community centers and community halls,WS/MP18311/2024,Normal/Others,Construction of community center at village Nurpur Kalan,2024-10-28,700000.0,2024-11-21,7726,WS/MP18311/2024-2025/150245-Construction of rooms and halls in school and colleges,2025-01-28,500000.0,Physical Inspection,4447,WS/MP18311/2024-2025/150245-Construction of rooms and halls in school and colleges,2026-04-16,500000.0,Completed,503751.0,2026-08-26,PUNJAB CEMENT AND IRON STORE,PUNJAB CEMENT AND IRON STORE,11.0,Payment In-Progress,147000000.0,Punjab,ANANDPUR SAHIB,,,,500000.0,24.0,643.0,535.0,100.75019999999999,3751.0,0.7502,-3751.0,0.3401360544217687,1,1,500000.0,503751.0,100.75019999999999,600000.0,-16.666666666666664,1,503751.0,503751.0,1,1,100.0,0,1,0,0,0,1,1,0,0,0,3,26,29.227737755118678,27.94,Low,22.4,Duplicate Payment,expenditure exceeds effective sanctioned amount; possible repeated work/vendor/amount payment pattern
4325,Rajasthan,DUNGARPUR(DISTRICT COLLECTOR DUNGARPUR_IDA),RAJ KUMAR ROAT,RAJ KUMAR ROAT,BANSWARA(ST),WS/MP18313/2024-2025/143850-Construction of public libraries and reading rooms,WS/MP18313/2024,Normal/Others,GSSS Rastapal mein Library nirman kary,2024-09-26,2000000.0,2024-12-17,5496,WS/MP18313/2024-2025/146374-Construction of public toilets and bathrooms,2024-12-17,300000.0,Work partially Completed,1954,WS/MP18313/2024-2025/146002-Construction of common work sheds/ common covered sitting area,2026-08-27,978862.0,Completed,,,,,,,147000000.0,Rajasthan,BANSWARA(ST),,,,300000.0,82.0,,700.0,,,,,0.20408163265306123,1,1,300000.0,0.0,0.0,600000.0,-50.0,0,0.0,0.0,0,0,,0,0,0,1,0,0,0,0,0,0,1,14,10.965158753109662,12.18,Low,2.7,Delayed Project,project duration is unusually long
3129,Punjab,BARNALA(DEPUTY COMMISSIONER BARNALA_IDA),GURMEET SINGH MEET HAYER,GURMEET SINGH MEET HAYER,SANGRUR,WS/MP18314/2024-2025/141414-Construction of toilet blocks,WS/MP18314/2024,Normal/Others,"Construction of toilets in G.S.S.S (Smart) Handaiya W.no 9, NP Handaiya",2024-09-25,300000.0,2024-11-29,3087,WS/MP18314/2024-2025/141414-Construction of toilet blocks,2024-11-29,300000.0,Physical Inspection,6223,WS/MP18314/2024-2025/141075-Installing tube-wells and borewells,2026-03-18,142700.0,Completed,,,,,,,147000000.0,Punjab,SANGRUR,1.0,7500000.0,National Calamity,300000.0,65.0,,539.0,,,,,0.20408163265306123,1,1,300000.0,0.0,0.0,600000.0,-50.0,0,0.0,0.0,0,0,,0,0,0,0,0,0,0,0,0,0,0,0,24.613572737873568,14.77,Low,6.0,None,No material anomaly signal detected.
4287,Gujarat,SABAR KANTHA(DISTRICT COLLECTOR SABARKANTHA_IDA),SHOBHANABEN MAHENDRASINH BARAIYA,SHOBHANABEN MAHENDRASINH BARAIYA,SABARKANTHA,WS/MP18321/2024-2025/143694-Construction of rooms and halls in school and colleges,WS/MP18321/2024,Trust and Society,Construction of new library room in secondary school at Kadoli,2024-09-25,500000.0,2025-03-19,4217,WS/MP18321/2024-2025/143694-Construction of rooms and halls in school and colleges,2025-03-19,500000.0,Physical Inspection,14030,WS/MP18321/2024-2025/163337-Construction of common work sheds/ common covered sitting area,2025-12-16,525000.0,Completed,900000.0,2026-08-25,GHADKAN GRAM PANCHAYAT,GHADKAN GRAM PANCHAYAT,2.0,Payment In-Progress,147000000.0,Gujarat,SABARKANTHA,,,,500000.0,175.0,524.0,447.0,180.0,400000.0,80.0,-400000.0,0.3401360544217687,1,2,1100000.0,3700000.0,336.3636363636364,1000000.0,-50.0,1,900000.0,900000.0,1,1,100.0,0,1,0,0,0,1,0,0,0,0,2,8,38.79130085696383,26.47,Low,20.6,None,expenditure exceeds effective sanctioned amount
4284,Gujarat,SABAR KANTHA(DISTRICT COLLECTOR SABARKANTHA_IDA),SHOBHANABEN MAHENDRASINH BARAIYA,SHOBHANABEN MAHENDRASINH BARAIYA,SABARKANTHA,"WS/MP18321/2025-2026/143691-Construction of roads, link roads, pathways or any other road with or without drainage system",WS/MP18321/2025,Normal/Others,Construction to CC road work from National Highway 8 to Modasia Kadwa Patidar Samajni Wadi near Sahakarijin at Himmatnagar.,2024-09-25,500000.0,2025-04-08,5200,WS/MP18321/2025-2026/145741-Construction of toilet blocks,2025-12-03,600000.0,Physical Inspection,13235,WS/MP18321/2025-2026/152523-Providing CCTV camera system for security of public areas,2026-03-13,500000.0,Completed,2800000.0,2026-08-25,JORAJINA MUVADA GRAM PANCHAYAT,JORAJINA MUVADA GRAM PANCHAYAT,6.0,Payment In-Progress,147000000.0,Gujarat,SABARKANTHA,,,,600000.0,195.0,504.0,534.0,466.6666666666667,2200000.0,366.66666666666663,-2200000.0,0.40816326530612246,1,2,1100000.0,3700000.0,336.3636363636364,600000.0,0.0,1,2800000.0,2800000.0,1,1,100.0,0,1,0,0,0,1,0,0,0,0,2,8,29.279786911398993,20.77,Low,13.5,None,expenditure exceeds effective sanctioned amount
2712,Jharkhand,DUMKA(DEPUTY COMMISSIONER DUMKA_IDA),NALIN SOREN,NALIN SOREN,DUMKA(ST),WS/MP18322/2024-2025/140655-Construction of common work sheds/ common covered sitting area,WS/MP18322/2024,Normal/Others,Construction of Guardwall near Pond from Jamni to Gamra Road in Panchayat- Bichiyapahari,2024-09-14,300000.0,2024-12-20,2678,WS/MP18322/2024-2025/140655-Construction of common work sheds/ common covered sitting area,2024-12-20,300000.0,Work partially Completed,2087,"WS/MP18322/2024-2025/140642-Construction of roads, link roads, pathways or any other road with or without drainage system",2025-09-16,450000.0,Completed,,,,,,,147364097.11,Jharkhand,DUMKA(ST),,,,300000.0,97.0,,367.0,,,,,0.2035774017439708,1,1,300000.0,0.0,0.0,600000.0,-50.0,0,0.0,0.0,0,0,,0,0,0,0,0,0,0,0,0,0,0,0,4.172242562707768,2.5,Low,0.0,None,No material anomaly signal detected.
4506,Maharashtra,LATUR(DISTRICT COLLECTOR LATUR_IDA),DR KALGE SHIVAJI BANDAPPA,DR KALGE SHIVAJI BANDAPPA,LATUR(SC),WS/MP18323/2025-2026/144116-Providing drains and gutters for public drainage,WS/MP18323/2025,Normal/Others,"Construction of Public Gutter /Drainage at Karimnagar,Maharanapratap Nagar,Taluka Latur",2024-09-27,995696.0,2026-02-03,5672,"WS/MP18323/2025-2026/146716-Construction of roads, link roads, pathways or any other road with or without drainage system",2026-03-27,797573.0,Work Completed,20552,"WS/MP18323/2025-2026/181820-Construction of roads, link roads, pathways or any other road with or without drainage system",2025-11-14,988936.0,Completed,,,,,,,147000000.0,Maharashtra,LATUR(SC),,,,797573.0,494.0,,413.0,,,,,0.5425666666666666,1,3,3091677.0,3585791.0,115.98207057205524,600000.0,32.92883333333334,0,0.0,0.0,0,0,,0,0,0,0,0,0,0,0,0,0,0,0,20.15332018524157,12.09,Low,2.6,None,No material anomaly signal detected.
4510,Maharashtra,LATUR(DISTRICT COLLECTOR LATUR_IDA),DR KALGE SHIVAJI BANDAPPA,DR KALGE SHIVAJI BANDAPPA,LATUR(SC),WS/MP18323/2026-2027/144120-Construction of community centers and community halls,WS/MP18323/2026,Normal/Others,"Construction of Community centre /Hall in Municipal Corporation / Govt owned open space in front of Rudra Hanuman temple at ward No.02, Rudreshwar Nagar ( E), Latur Municipal Corporation",2024-09-27,1991059.0,2026-05-22,5673,WS/MP18323/2026-2027/146717-Crematoriums/energy efficient crematoriums or structures on burial/cremation ground,2026-08-14,794104.0,Physical Inspection,,,,,,3585791.0,2026-08-24,Bhimashankar Majur Sahkari Sanstha Maryadit,BHIMASHANKAR MAJUR SAHKARI SANSTHA MARYADIT,5.0,Payment In-Progress,147000000.0,Maharashtra,LATUR(SC),,,,794104.0,602.0,94.0,,451.5518118533593,2791687.0,351.55181185335925,-2791687.0,0.5402068027210885,0,3,3091677.0,3585791.0,115.98207057205524,600000.0,32.35066666666667,1,3585791.0,3585791.0,1,1,100.0,0,1,0,0,0,1,0,0,0,0,2,8,58.58302220972185,38.35,Medium,35.4,None,expenditure exceeds effective sanctioned amount
,Gujarat,AMRELI(DISTRICT COLLECTOR AMRELI_IDA),BHARATBHAI MANUBHAI SUTARIYA,BHARATBHAI MANUBHAI SUTARIYA,AMRELI,,WS/MP18324/2024,Normal/Others,C.C. Road work from vitthalbhai Togadia's house to panchayat office in Sajantimba village,2024-11-06,,,8240,"WS/MP18324/2024-2025/151159-Construction of roads, link roads, pathways or any other road with or without drainage system",2025-03-27,300000.0,Physical Inspection,20516,WS/MP18324/2024-2025/153737-Construction of common work sheds/ common covered sitting area,2026-01-07,200000.0,Completed,,,,,,,147000000.0,Gujarat,AMRELI,,,,300000.0,,,427.0,,,,,0.20408163265306123,1,2,600000.0,3607870.0,601.3116666666667,600000.0,-50.0,0,0.0,0.0,0,0,,0,0,0,0,0,0,0,0,0,0,0,0,10.389297310131512,6.23,Low,0.0,None,No material anomaly signal detected.
,Gujarat,AMRELI(DISTRICT COLLECTOR AMRELI_IDA),BHARATBHAI MANUBHAI SUTARIYA,BHARATBHAI MANUBHAI SUTARIYA,AMRELI,,WS/MP18324/2025,Normal/Others,Block paving work in different areas of Hadida village,2024-11-06,,,8225,"WS/MP18324/2025-2026/151103-Construction of roads, link roads, pathways or any other road with or without drainage system",2026-01-31,300000.0,Physical Inspection,21738,"WS/MP18324/2025-2026/219942-Construction of roads, link roads, pathways or any other road with or without drainage system",2026-03-12,400000.0,Completed,3607870.0,2026-08-25,LUVARIYA GRAM PANCHAYAT,LUVARIYA GRAM PANCHAYAT,12.0,Payment In-Progress,147000000.0,Gujarat,AMRELI,,,,300000.0,,,491.0,1202.6233333333334,3307870.0,1102.6233333333334,-3307870.0,0.20408163265306123,1,2,600000.0,3607870.0,601.3116666666667,600000.0,-50.0,1,3607870.0,3607870.0,1,1,100.0,0,1,0,0,0,1,0,0,0,0,2,8,40.526768527636385,27.52,Low,21.9,None,expenditure exceeds effective sanctioned amount
1174,Maharashtra,SOLAPUR(DISTRICT COLLECTOR SOLAPUR_IDA),PRANITI SUSHILKUMAR SHINDE,PRANITI SUSHILKUMAR SHINDE,SOLAPUR(SC),WS/MP18327/2025-2026/137670-Street lights,WS/MP18327/2025,Normal/Others,Installation of Light in front of Khandoba Temple at Waluj Gaon in Mohol Taluka,2024-08-29,499880.0,2026-03-09,1164,WS/MP18327/2025-2026/137670-Street lights,2026-03-09,499880.0,Physical Inspection,,,,,,,,,,,,147000000.0,Maharashtra,SOLAPUR(SC),,,,499880.0,557.0,,,,,,,0.3400544217687075,0,1,499880.0,0.0,0.0,600000.0,-16.686666666666667,0,0.0,0.0,0,0,,0,0,0,0,0,0,0,0,0,0,0,0,11.922538215601882,7.15,Low,0.0,None,No material anomaly signal detected.
4536,Himachal Pradesh,KULLU(DEPUTY COMMISSIONER KULLU_IDA),Kangana Ranaut,KANGANA RANAUT,MANDI,WS/MP18328/2024-2025/144162-Construction of community centers and community halls,WS/MP18328/2024,Normal/Others,"Construction of Asha Mahila Mandal Bhawan Shadabai in GP Mashgan, Development block Bhunter.",2024-09-28,300000.0,2025-02-01,7552,WS/MP18328/2024-2025/149978-Setting up of kitchen and pantries,2025-03-12,400000.0,Vendor Identification,3106,WS/MP18328/2024-2025/144156-Development of public parks,2026-08-18,1500000.0,Completed,,,,,,,147000000.0,Himachal Pradesh,MANDI,,,,400000.0,126.0,,689.0,,,,,0.27210884353741494,1,3,1680000.0,8466685.0,503.96934523809523,600000.0,-33.33333333333333,0,0.0,0.0,0,0,,0,0,0,0,0,0,0,0,0,0,0,0,25.10037919157984,15.06,Low,6.3,None,No material anomaly signal detected.
,Himachal Pradesh,KULLU(DEPUTY COMMISSIONER KULLU_IDA),Kangana Ranaut,KANGANA RANAUT,MANDI,,WS/MP18328/2025,Normal/Others,"Construction of Proposed 2nd floor cum examination hall Saraswati Vidya Mandir School Village Bhalyani, Tehsil & District Kullu H.P. Work Executed By- BDO Kullu, (SMC Saraswati Vidya Mandir Bhalyani)",2024-10-18,,,6458,WS/MP18328/2025-2026/148181-Construction of rooms and halls in school and colleges,2025-12-19,1230000.0,Vendor Identification,19507,"WS/MP18328/2025-2026/222525-Construction of roads, link roads, pathways or any other road with or without drainage system",2026-08-25,100000.0,Completed,5001685.0,2026-08-27,GRAM PANCHAYAT KUMMI,GRAM PANCHAYAT KUMMI,57.0,Payment In-Progress,147000000.0,Himachal Pradesh,MANDI,,,,1230000.0,,,676.0,406.6410569105691,3771685.0,306.6410569105691,-3771685.0,0.836734693877551,1,3,1680000.0,8466685.0,503.96934523809523,600000.0,105.0,1,5001685.0,5001685.0,1,1,100.0,0,1,0,0,0,1,0,0,0,0,2,8,65.70843609188574,42.63,Medium,40.8,None,expenditure exceeds effective sanctioned amount
,Himachal Pradesh,MANDI(DEPUTY COMMISSIONER MANDI_IDA),Kangana Ranaut,KANGANA RANAUT,MANDI,,WS/MP18328/2026,Bar and Associations,Purchasing of Books for Library of BAR Assocation Chachiot at Gohar. Work Executed By - BAR Association Chachiot at Gohar District Mandi.,2024-10-18,,,6447,WS/MP18328/2026-2027/148155-Purchase Books for Library,2026-07-21,50000.0,Vendor Identification,,,,,,3465000.0,2026-08-27,GP Barot,GP BAROT,27.0,Payment In-Progress,147000000.0,Himachal Pradesh,MANDI,,,,50000.0,,,,6930.0,3415000.0,6830.0,-3415000.0,0.03401360544217687,0,3,1680000.0,8466685.0,503.96934523809523,50000.0,0.0,1,3465000.0,3465000.0,1,1,100.0,0,1,1,0,0,1,0,0,0,0,3,26,85.19884494891463,61.52,High,64.4,Cost Overrun,cost deviation is unusually high
,Chhattisgarh,RAIGARH(DISTRICT COLLECTOR RAIGARH_IDA),RADHE SHYAM RATHIYA,RADHE SHYAM RATHIYA,RAIGARH(ST),,WS/MP18335/2024,Normal/Others,Construction of Community hall,2024-11-05,,,7989,WS/MP18335/2024-2025/150742-Construction of community centers and community halls,2025-03-28,1000000.0,Work partially Completed,1689,WS/MP18335/2024-2025/150804-Construction of community centers and community halls,2026-07-11,998398.0,Completed,,,,,,,159706972.09,Chhattisgarh,RAIGARH(ST),,,,1000000.0,,,613.0,,,,,0.6261467404419062,1,2,2000000.0,1304437.0,65.22185,600000.0,66.66666666666666,0,0.0,0.0,0,0,,0,0,0,0,0,0,0,0,0,0,0,0,4.20303709978429,2.52,Low,0.0,None,No material anomaly signal detected.
,Chhattisgarh,RAIGARH(DISTRICT COLLECTOR RAIGARH_IDA),RADHE SHYAM RATHIYA,RADHE SHYAM RATHIYA,RAIGARH(ST),,WS/MP18335/2025,Normal/Others,Construction of community hall on the existing Community buiding,2024-11-05,,,7991,WS/MP18335/2025-2026/150744-Construction of additional rooms and halls in the existing public and community building,2026-01-19,1000000.0,Work partially Completed,16460,WS/MP18335/2025-2026/204362-Lighting of public spaces,2026-04-17,303640.0,Completed,1304437.0,2026-08-25,OJASH CONSTRUCTION,OJASH CONSTRUCTION,3.0,Payment In-Progress,159706972.09,Chhattisgarh,RAIGARH(ST),,,,1000000.0,,,528.0,130.4437,304437.0,30.4437,-304437.0,0.6261467404419062,1,2,2000000.0,1304437.0,65.22185,600000.0,66.66666666666666,1,1304437.0,1304437.0,1,1,100.0,0,1,0,0,0,1,0,0,0,0,2,8,14.85400464962478,12.11,Low,2.6,None,expenditure exceeds effective sanctioned amount
401,Chhattisgarh,RAIPUR(DISTRICT COLLECTOR RAIPUR_IDA),BRIJMOHAN AGRAWAL,BRIJMOHAN AGRAWAL,RAIPUR,"WS/MP18336/2024-2025/135508-Construction of roads, link roads, pathways or any other road with or without drainage system",WS/MP18336/2024,Normal/Others,"CC road nirman, main road se shamshan ghat tak, Gram Kapsada, Block Dharsiwa, Dist Raipur",2024-08-12,1000000.0,2024-09-20,6166,WS/MP18336/2024-2025/147591-Construction of community centers and community halls,2025-01-16,500000.0,Work partially Completed,12543,WS/MP18336/2024-2025/147595-Construction of common work sheds/ common covered sitting area,2026-04-03,1000000.0,Completed,,,,,,,153766451.11,Chhattisgarh,RAIPUR,,,,500000.0,39.0,,599.0,,,,,0.32516845930346316,1,2,1000000.0,802008.0,80.2008,600000.0,-16.666666666666664,0,0.0,0.0,0,0,,0,0,0,0,0,0,0,0,0,0,0,0,4.571079693433224,2.74,Low,0.0,None,No material anomaly signal detected.
,Chhattisgarh,RAIPUR(DISTRICT COLLECTOR RAIPUR_IDA),BRIJMOHAN AGRAWAL,BRIJMOHAN AGRAWAL,RAIPUR,,WS/MP18336/2025,Normal/Others,ATIRIKTA KAKSHA NIRMAN - BAL GANGADHAR TILAK NAGAR WARD ANTARGAT PRATHAMIK SHAALA ME ATIRIKTA KAKSHA NIRMAN,2024-10-17,,,6155,WS/MP18336/2025-2026/147580-Construction of additional rooms and halls in the existing public and community building,2026-01-30,500000.0,Sanction,15947,"WS/MP18336/2025-2026/226326-Construction of roads, link roads, pathways or any other road with or without drainage system",2026-05-15,997712.0,Completed,802008.0,2026-08-17,GRAM PANCHAYAT LIMTARA,GRAM PANCHAYAT LIMTARA,3.0,Payment In-Progress,153766451.11,Chhattisgarh,RAIPUR,,,,500000.0,,,575.0,160.4016,302008.0,60.4016,-302008.0,0.32516845930346316,1,2,1000000.0,802008.0,80.2008,600000.0,-16.666666666666664,1,802008.0,802008.0,1,1,100.0,0,1,0,0,0,1,0,0,0,0,2,8,11.533587451836794,10.12,Low,0.1,None,expenditure exceeds effective sanctioned amount
3526,Kerala,THRISSUR(DISTRICT COLLECTOR THRISSUR_IDA),K RADHAKRISHNAN,K RADHAKRISHNAN,ALATHUR(SC),"WS/MP18337/2024-2025/142178-Purchase of vehicle for mobile dispensaries (Four, three and two wheelers)",WS/MP18337/2024,Normal/Others,"Purchase of bus to govt.nursing college ,Thrissur with a seating capacity of 44.",2024-09-21,2871509.0,2025-01-15,3474,"WS/MP18337/2024-2025/142178-Purchase of vehicle for mobile dispensaries (Four, three and two wheelers)",2025-01-15,2871509.0,Physical Inspection,19612,"WS/MP18337/2024-2025/156909-Purchase of IT systems, including hardware and software for educational purposes",2025-10-31,1917000.0,Completed,,,,,,,147000000.0,Kerala,ALATHUR(SC),1.0,2500000.0,State Calamity,2871509.0,116.0,,405.0,,,,,1.9534074829931973,1,1,2871509.0,0.0,0.0,600000.0,378.58483333333334,0,0.0,0.0,0,0,,0,0,0,0,0,0,0,0,0,0,0,0,17.523643926957426,10.51,Low,0.6,None,No material anomaly signal detected.
,Telangana,YADADRI BHUVANAGIRI(DISTRICT COLLECTOR YADADRI BHUVANAGIRI_IDA),CHAMALA KIRAN KUMAR REDDY,CHAMALA KIRAN KUMAR REDDY,BHONGIR,,WS/MP18338/2024,Normal/Others,Providing of LED Street Lights in Nagaram (V),2024-10-29,,,7538,WS/MP18338/2024-2025/149945-Street lights,2025-01-29,100000.0,Work Completed,11878,WS/MP18338/2024-2025/153002-Street lights,2025-07-28,497567.0,Completed,,,,,,,147000000.0,Telangana,BHONGIR,,,,100000.0,,,272.0,,,,,0.06802721088435373,1,2,200000.0,1500000.0,750.0,600000.0,-83.33333333333334,0,0.0,0.0,0,0,,0,0,0,0,0,0,0,0,0,0,0,0,19.891510453122724,11.93,Low,2.4,None,No material anomaly signal detected.
,Telangana,YADADRI BHUVANAGIRI(DISTRICT COLLECTOR YADADRI BHUVANAGIRI_IDA),CHAMALA KIRAN KUMAR REDDY,CHAMALA KIRAN KUMAR REDDY,BHONGIR,,WS/MP18338/2025,Normal/Others,PROVIDING OF STREET LIGHTS IN VANGALA VILLAGE,2024-11-11,,,8774,WS/MP18338/2025-2026/152011-Street lights,2025-06-13,100000.0,Work Completed,21033,WS/MP18338/2025-2026/233625-Construction of boundary walls of existing public and community buildings,2025-11-20,500000.0,Completed,1500000.0,2026-08-21,SAMA ABHISHEK REDDY,SAMA ABHISHEK REDDY,3.0,Payment Success,147000000.0,Telangana,BHONGIR,,,,100000.0,,,374.0,1500.0,1400000.0,1400.0,-1400000.0,0.06802721088435373,1,2,200000.0,1500000.0,750.0,600000.0,-83.33333333333334,1,1500000.0,1500000.0,1,1,100.0,0,1,0,0,0,1,0,0,0,0,2,8,40.46243133530504,27.48,Low,21.8,None,expenditure exceeds effective sanctioned amount
3438,Uttar Pradesh,GONDA(DISTRICT MAGISTRATE GONDA_IDA),KARAN BHUSHAN SINGH,KARAN BHUSHAN SINGH,KAISERGANJ,"WS/MP18339/2024-2025/142006-Construction of roads, link roads, pathways or any other road with or without drainage system",WS/MP18339/2024,Normal/Others,Sr.No. 11 Interlocking work of 200 meters length from Lavkush Mishra's shop to Chandhri Maurya's house.,2024-09-20,1039280.0,2024-11-20,7952,WS/MP18339/2024-2025/150671-Construction of rooms and halls in school and colleges,2025-01-15,700000.0,Physical Inspection,3117,"WS/MP18339/2024-2025/142004-Construction of roads, link roads, pathways or any other road with or without drainage system",2026-05-13,703853.0,Completed,,,,,,,147000000.0,Uttar Pradesh,KAISERGANJ,,,,700000.0,61.0,,600.0,,,,,0.4761904761904762,1,1,700000.0,0.0,0.0,600000.0,16.666666666666664,0,0.0,0.0,0,0,,0,0,0,0,0,0,0,0,0,0,0,0,4.32425831214228,2.59,Low,0.0,None,No material anomaly signal detected.
3626,Uttar Pradesh,RAE BARELI(DISTRICT MAGISTRATE RAE BARELI_IDA),RAHUL GANDHI,RAHUL GANDHI,RAE BARELI,WS/MP18346/2024-2025/142482-Construction of rooms and halls in school and colleges,WS/MP18346/2024,Normal/Others,"Construction of a classroom at Veerangana Jhalkari Bhai Shiksha Niketan, Pure Sukai, Maharajganj, Rae Bareli on the request of Shri Kamlesh Kumar, Manager, Mob-9415344376",2024-09-22,500000.0,2025-01-28,3565,WS/MP18346/2024-2025/142482-Construction of rooms and halls in school and colleges,2025-01-28,500000.0,Sanction,19280,WS/MP18346/2024-2025/162627-Purchase of non-conventional energy system and devices for community use,2025-12-22,19199.0,Completed,331291.0,2026-01-23,Exajoule PVT LTD,EXAJOULE PVT LTD,10.0,Payment In-Progress,147000000.0,Uttar Pradesh,RAE BARELI,,,,500000.0,128.0,360.0,456.0,66.2582,-168709.0,-33.7418,168709.0,0.3401360544217687,1,1,500000.0,331291.0,66.2582,600000.0,-16.666666666666664,1,331291.0,331291.0,1,1,100.0,0,0,0,0,0,1,0,0,0,0,1,0,24.11064400479714,14.47,Low,5.6,None,No material anomaly signal detected.
4226,West Bengal,HOOGHLY(DISTRICT MAGISTRATE HOOGHLY_IDA),RACHNA BANERJEE,RACHNA BANERJEE,HOOGHLY,WS/MP18353/2024-2025/143561-Construction of rooms and halls in school and colleges,WS/MP18353/2024,Normal/Others,Construction of New Class Room of Sarai G.S.F.P School (Pandua-23) of Pandua circle under Pandua Block,2024-09-25,1269372.0,2025-03-26,4158,WS/MP18353/2024-2025/143561-Construction of rooms and halls in school and colleges,2025-03-26,1269372.0,Vendor Identification,15653,"WS/MP18353/2024-2025/138644-Purchase of ambulances (Four, three and two wheelers)",2026-07-22,1395000.0,Completed,,,,,,,147000000.0,West Bengal,HOOGHLY,,,,1269372.0,182.0,,665.0,,,,,0.8635183673469388,1,2,1616395.0,0.0,0.0,600000.0,111.56200000000001,0,0.0,0.0,0,0,,0,0,0,0,0,0,0,0,0,0,0,0,6.564316133259665,3.94,Low,0.0,None,No material anomaly signal detected.
1581,West Bengal,HOOGHLY(DISTRICT MAGISTRATE HOOGHLY_IDA),RACHNA BANERJEE,RACHNA BANERJEE,HOOGHLY,WS/MP18353/2025-2026/138637-Construction of toilet blocks,WS/MP18353/2025,Normal/Others,Construction of (Community) Girls Sanitary Complex at Adisaptagram High School,2024-09-03,347023.0,2025-12-15,1569,WS/MP18353/2025-2026/138637-Construction of toilet blocks,2025-12-15,347023.0,Physical Inspection,15791,"WS/MP18353/2025-2026/156749-Purchase of smart boards, visual display units and projectors",2025-09-18,1034185.0,Completed,,,,,,,147000000.0,West Bengal,HOOGHLY,,,,347023.0,468.0,,380.0,,,,,0.2360700680272109,1,2,1616395.0,0.0,0.0,600000.0,-42.16283333333333,0,0.0,0.0,0,0,,0,0,0,0,0,0,0,0,0,0,0,0,10.505361458532231,6.3,Low,0.0,None,No material anomaly signal detected.
1652,Chhattisgarh,Balrampur-Ramanujganj(District Collector BALRAMPUR_IDA),CHINTAMANI MAHARAJ,CHINTAMANI MAHARAJ,SARGUJA(ST),"WS/MP18354/2024-2025/138749-Purchase of IT systems, including hardware and software for educational purposes",WS/MP18354/2024,Normal/Others,"Purchase of IT systems, including hardware and software for educational purposes at Government Girls Higher Secondary School Kusmi",2024-09-04,1000000.0,2025-03-26,1637,"WS/MP18354/2024-2025/138749-Purchase of IT systems, including hardware and software for educational purposes",2025-03-26,1000000.0,Vendor Identification,4104,WS/MP18354/2024-2025/161603-Construction of community centers and community halls,2026-08-04,499550.0,Completed,249749.0,2026-08-14,Gram panchayat khalpodi,GRAM PANCHAYAT KHALPODI,1.0,Payment In-Progress,147000000.0,Chhattisgarh,SARGUJA(ST),,,,1000000.0,203.0,506.0,699.0,24.974899999999998,-750251.0,-75.0251,750251.0,0.6802721088435374,1,1,1000000.0,249749.0,24.974899999999998,600000.0,66.66666666666666,1,249749.0,249749.0,1,1,100.0,0,0,0,1,0,0,0,0,0,0,1,14,31.40717023540645,24.44,Low,18.0,Delayed Project,project duration is unusually long
,Karnataka,BELAGAVI(DEPUTY COMMISSIONER BELGAUM_IDA),PRIYANKA SATISH JARKIHOLI,PRIYANKA SATISH JARKIHOLI,CHIKKODI,,WS/MP18356/2025,Normal/Others,Construction of HI-TECH Bus Shelter at BASAVESHWAR CIRCLE towards Gokak Road ward -13 in Chikkodi,2024-10-28,,,7343,WS/MP18356/2025-2026/149682-Construction of bus-sheds or bus-stops,2026-02-16,800000.0,Work Completed,12090,"WS/MP18356/2025-2026/169988-Purchase of ambulances (Four, three and two wheelers)",2026-01-12,1786924.0,Completed,,,,,,,147000000.0,Karnataka,CHIKKODI,,,,800000.0,,,441.0,,,,,0.5442176870748299,1,1,800000.0,0.0,0.0,600000.0,33.33333333333333,0,0.0,0.0,0,0,,0,0,0,0,0,0,0,0,0,0,0,0,0.1481681752115123,0.09,Low,0.0,None,No material anomaly signal detected.
4324,Madhya Pradesh,SHIVPURI(District Collector Shivpuri_IDA),JYOTIRADITYA M. SCINDIA,JYOTIRADITYA M SCINDIA,GUNA,WS/MP18357/2024-2025/143839-Purchase of mobile water tankers,WS/MP18357/2024,Normal/Others,"Roof Grading, Water Proofing, Plaster, Floor and Whitewash related important work of Government Primary School Khaskhera Block Guna",2024-09-26,585000.0,2024-09-27,5564,WS/MP18357/2024-2025/146474-Construction of rooms and halls in school and colleges,2025-02-25,321000.0,Vendor Identification,1841,WS/MP18357/2024-2025/151498-Construction of community centers and community halls,2026-04-02,1000000.0,Completed,,,,,,,147000000.0,Madhya Pradesh,GUNA,,,,321000.0,1.0,,553.0,,,,,0.2183673469387755,1,1,321000.0,0.0,0.0,600000.0,-46.5,0,0.0,0.0,0,0,,0,0,0,0,0,0,0,0,0,0,0,0,5.745050366652434,3.45,Low,0.0,None,No material anomaly signal detected.
,Uttar Pradesh,AMROHA(DISTRICT MAGISTRATE JYOTIBAPHULE NAGAR_IDA),KANWAR SINGH TANWAR,KANWAR SINGH TANWAR,AMROHA,,WS/MP18359/2024,Normal/Others,Vikaskhand Hasanpur ke gram Bijnoura mein Ramkesh ki dukaan se khajaan ke Makan ki aor CC road evam nali Nirman (Impliment Agency PCCD Amroha),2024-10-16,,,5811,"WS/MP18359/2024-2025/146985-Construction of roads, link roads, pathways or any other road with or without drainage system",2024-12-12,1492916.0,Physical Inspection,5650,"WS/MP18359/2024-2025/163752-Construction of roads, link roads, pathways or any other road with or without drainage system",2025-09-08,1700950.0,Completed,,,,,,,147000000.0,Uttar Pradesh,AMROHA,,,,1492916.0,,,327.0,,,,,1.0155891156462584,1,1,1492916.0,0.0,0.0,600000.0,148.81933333333333,0,0.0,0.0,0,0,,0,0,0,0,0,0,0,0,0,0,0,0,5.678983947061342,3.41,Low,0.0,None,No material anomaly signal detected.
,Uttar Pradesh,BAREILLY(DISTRICT MAGISTRAE BAREILLY_IDA),CHHATRA PAL SINGH GANGWAR,CHHATRA PAL SINGH GANGWAR,BAREILLY,,WS/MP18377/2024,Normal/Others,VIKAS KHAND BHOJIPURA KI GRAM PANCHAYAT ME 21 STREET LIGHT,2024-11-13,,,8943,WS/MP18377/2024-2025/152296-Street lights,2024-11-22,683234.0,Physical Inspection,18397,WS/MP18377/2024-2025/161020-Crematoriums/energy efficient crematoriums or structures on burial/cremation ground,2026-03-10,346944.0,Completed,,,,,,,147000000.0,Uttar Pradesh,BAREILLY,,,,683234.0,,,482.0,,,,,0.46478503401360544,1,1,683234.0,0.0,0.0,600000.0,13.872333333333334,0,0.0,0.0,0,0,,0,0,0,0,0,0,0,0,0,0,0,0,0.24513443902140836,0.15,Low,0.0,None,No material anomaly signal detected.
4490,Uttar Pradesh,PRAYAGRAJ(DISTRICT MAGISTRAE ALLAHABAD_IDA),VINOD KUMAR BIND,VINOD KUMAR BIND,BHADOHI,WS/MP18380/2024-2025/144082-Lighting of public spaces,WS/MP18380/2024,Normal/Others,Gram Sabha Bela Khas Lal Bahadur Maurya Ke Ghar ke pas,2024-09-27,118957.0,2025-01-03,3999,WS/MP18380/2024-2025/143269-Lighting of public spaces,2025-01-22,118957.0,Physical Inspection,12533,WS/MP18380/2024-2025/144075-Lighting of public spaces,2026-07-23,118957.0,Completed,3331210.0,2026-07-10,Gandhi Construction And Supplier,GANDHI CONSTRUCTION AND SUPPLIER,28.0,Payment In-Progress,147000000.0,Uttar Pradesh,BHADOHI,,,,118957.0,98.0,553.0,664.0,2800.3480249165664,3212253.0,2700.3480249165664,-3212253.0,0.08092312925170068,1,1,118957.0,3331210.0,2800.3480249165664,600000.0,-80.17383333333333,1,3331210.0,3331210.0,1,1,100.0,0,1,1,0,0,1,1,0,0,0,4,44,89.7701262767327,71.46,High,76.8,Cost Overrun; Duplicate Payment,cost deviation is unusually high; possible repeated work/vendor/amount payment pattern
,Uttar Pradesh,GHAZIPUR(DISTRICT MAGISTRAE GHAZIPUR_IDA),AFZAL ANSARI,AFZAL ANSARI,GHAZIPUR,,WS/MP18390/2024,Normal/Others,"Construction of CC Road: Kshetr Panchayat Bhadora, Gram Panchayat - Amaura, East Side - Deval Marg to Shiv Mandir 150 mtr x 2.40 Mtr x 10 cm Development Agency - Kshetr Panchayat",2024-10-21,,,6807,"WS/MP18390/2024-2025/148738-Construction of roads, link roads, pathways or any other road with or without drainage system",2025-03-24,600000.0,Vendor Identification,8664,WS/MP18390/2024-2025/148850-Construction of boundary walls of existing public and community buildings,2026-02-18,695660.0,Completed,,,,,,,220500000.0,Uttar Pradesh,GHAZIPUR,,,,600000.0,,,485.0,,,,,0.27210884353741494,1,3,1739700.0,599279.0,34.44726102201529,600000.0,0.0,0,0.0,0.0,0,0,,0,0,0,0,0,0,0,0,0,0,0,0,8.259374182248417,4.96,Low,0.0,None,No material anomaly signal detected.
,Uttar Pradesh,GHAZIPUR(DISTRICT MAGISTRAE GHAZIPUR_IDA),AFZAL ANSARI,AFZAL ANSARI,GHAZIPUR,,WS/MP18390/2025,Normal/Others,"Installation of India Mark Handpump at: 1)Village Medinipur,Block Karanda 2)Village Mahepur,Block Karanda 3)Village Salarpur,Block Karanda 4)Village Sonhariya,Block Karanda 5)Village Khutwa,Block Manihari 6)Village Raipur Katghara,Block Manihari 7)Village Bakuliyapur,Block Sadar 8)Village Mudwal,Block Sadar 9)Village Bhutahiyatad,Block Sadar 10)Village Atrauli,Block Sadar 11)Village Dihiya,Block Devkali 12)Village Pahalwanpur,Block Devkali 13)Village Barahpur,at Budhwa Baba Mandir Sthaan",2024-10-21,,,6906,WS/MP18390/2025-2026/148854-Installing hand pumps,2025-07-02,739700.0,Vendor Identification,15754,"WS/MP18390/2025-2026/174034-Construction of roads, link roads, pathways or any other road with or without drainage system",2026-02-18,267157.0,Completed,,,,,,,220500000.0,Uttar Pradesh,GHAZIPUR,,,,739700.0,,,485.0,,,,,0.33546485260770975,1,3,1739700.0,599279.0,34.44726102201529,600000.0,23.283333333333335,0,0.0,0.0,0,0,,0,0,0,0,0,0,0,0,0,0,0,0,7.597779758914255,4.56,Low,0.0,None,No material anomaly signal detected.
,Uttar Pradesh,GHAZIPUR(DISTRICT MAGISTRAE GHAZIPUR_IDA),AFZAL ANSARI,AFZAL ANSARI,GHAZIPUR,,WS/MP18390/2026,Normal/Others,Construction of CC Road: Kshetr Panchayat - Saidpur Gram Panchayat - Fardiha From Ram Saran's residence to Ramjeet's Residence 100 Mtr x 2.40 Mtr x 10 cm Development Agency - Kshetr Panchayat,2024-10-21,,,6804,"WS/MP18390/2026-2027/148735-Construction of roads, link roads, pathways or any other road with or without drainage system",2026-08-22,400000.0,Work partially Completed,,,,,,599279.0,2026-08-24,BDO Saidpur,BDO SAIDPUR,2.0,Payment Success,220500000.0,Uttar Pradesh,GHAZIPUR,,,,400000.0,,,,149.81975,199279.0,49.81975,-199279.0,0.18140589569160998,1,3,1739700.0,599279.0,34.44726102201529,600000.0,-33.33333333333333,1,599279.0,599279.0,1,1,100.0,0,1,0,0,0,1,0,0,0,0,2,8,18.37089319903878,14.22,Low,5.3,None,expenditure exceeds effective sanctioned amount
2535,Nagaland,MON(Deputy Commissioner Mon_IDA),S SUPONGMEREN JAMIR,S SUPONGMEREN JAMIR,NAGALAND,"WS/MP18391/2024-2025/140328-Construction of roads, link roads, pathways or any other road with or without drainage system",WS/MP18391/2024,Normal/Others,Construction of road toward Tengjangpang fishery pond,2024-09-11,1087620.0,2024-11-27,2498,WS/MP18391/2024-2025/140322-Providing drains and gutters for public drainage,2024-11-29,300000.0,Physical Inspection,1031,WS/MP18391/2024-2025/140302-Providing drains and gutters for public drainage,2026-01-12,100000.0,Completed,,,,,,,147000000.0,Nagaland,NAGALAND,,,,300000.0,77.0,,488.0,,,,,0.20408163265306123,1,1,300000.0,0.0,0.0,600000.0,-50.0,0,0.0,0.0,0,0,,0,0,0,0,0,0,0,0,0,0,0,0,3.5324242116873856,2.12,Low,0.0,None,No material anomaly signal detected.
,Telangana,SIDDIPET(District Collector Siddipet_IDA),MADHAVANENI RAGHUNANDAN RAO,MADHAVANENI RAGHUNANDAN RAO,MEDAK,,WS/MP18393/2024,Normal/Others,Supply & fixing of LED Street lights from Chintala Bus stand to uppera pochamma to gram panchayath at Rudraram Village of Akbarpet Bhoompally Mandal,2024-11-11,,,8782,WS/MP18393/2024-2025/152019-Street lights,2025-01-07,500000.0,Work Completed,18949,"WS/MP18393/2024-2025/161367-Construction of roads, link roads, pathways or any other road with or without drainage system",2025-10-22,899566.0,Completed,,,,,,,147000000.0,Telangana,MEDAK,,,,500000.0,,,345.0,,,,,0.3401360544217687,1,2,1500000.0,0.0,0.0,600000.0,-16.666666666666664,0,0.0,0.0,0,0,,0,0,0,0,0,0,0,0,0,0,0,0,0.893896122847258,0.54,Low,0.0,None,No material anomaly signal detected.
2597,Telangana,SIDDIPET(District Collector Siddipet_IDA),MADHAVANENI RAGHUNANDAN RAO,MADHAVANENI RAGHUNANDAN RAO,MEDAK,WS/MP18393/2025-2026/140466-Construction of additional rooms and halls in the existing public and community building,WS/MP18393/2025,Repair and Renovation,Repair and renovation to Bar Association Building at Siddipet Town,2024-09-12,1250000.0,2025-09-18,8748,WS/MP18393/2025-2026/151985-Construction of rooms and halls in school and colleges,2025-11-12,1000000.0,Work Completed,21634,"WS/MP18393/2025-2026/182180-Construction of Government office buildings (Post office, Police station, Police chauki, etc.)",2025-11-28,500000.0,Completed,,,,,,,147000000.0,Telangana,MEDAK,,,,1000000.0,371.0,,442.0,,,,,0.6802721088435374,1,2,1500000.0,0.0,0.0,749955.5,33.341244913864884,0,0.0,0.0,0,0,,0,0,0,0,0,0,0,0,0,0,0,0,16.982957894021606,10.19,Low,0.2,None,No material anomaly signal detected.
3926,Tamil Nadu,NAMAKKAL(DISTRICT COLLECTOR NAMAKKAL_IDA),V S Matheswaran,V S MATHESWARAN,NAMAKKAL,WS/MP18394/2024-2025/143010-Construction of buildings for crèches and anganwadies,WS/MP18394/2024,Normal/Others,Construction of New Anganwadi at ward no.7 Jankalapuram SENTHAMANGALAM TP,2024-09-25,1850000.0,2024-10-10,8335,WS/MP18394/2024-2025/151348-Lighting of public spaces,2025-02-21,349965.0,Physical Inspection,20834,WS/MP18394/2024-2025/147466-Construction of water tanks,2025-11-20,960819.0,Completed,,,,,,,162539930.11,Tamil Nadu,NAMAKKAL,,,,349965.0,15.0,,421.0,,,,,0.21531017009983872,1,3,1049965.0,649675.0,61.87587205287796,600000.0,-41.6725,0,0.0,0.0,0,0,,0,0,0,0,0,0,0,0,0,0,0,0,12.005037279383492,7.2,Low,0.0,None,No material anomaly signal detected.
,Tamil Nadu,SALEM(DISTRICT COLLECTOR SALEM_IDA),V S Matheswaran,V S MATHESWARAN,NAMAKKAL,,WS/MP18394/2025,Normal/Others,Providing High mass Light at near thevur mal bustop (12 mts Ladder - 200 Watts - 6 nos),2024-11-07,,,8349,WS/MP18394/2025-2026/151362-Lighting of public spaces,2026-02-03,350000.0,Physical Inspection,15278,WS/MP18394/2025-2026/172619-Construction of water tanks,2026-08-25,1052845.0,Completed,649675.0,2026-08-18,P Prakash,P PRAKASH,1.0,Payment Success,162539930.11,Tamil Nadu,NAMAKKAL,,,,350000.0,,,656.0,185.6214285714286,299675.0,85.62142857142857,-299675.0,0.21533170327016574,1,3,1049965.0,649675.0,61.87587205287796,600000.0,-41.66666666666667,1,649675.0,649675.0,1,1,100.0,0,1,0,0,0,0,0,0,0,0,1,8,16.537920758504356,13.12,Low,3.9,None,expenditure exceeds effective sanctioned amount
,Tamil Nadu,SALEM(DISTRICT COLLECTOR SALEM_IDA),V S Matheswaran,V S MATHESWARAN,NAMAKKAL,,WS/MP18394/2026,Normal/Others,Providing High mass Light at near Sankari old bus stop Salem dist (12 mts Ladder - 200 Watts - 6 nos),2024-11-07,,,8336,WS/MP18394/2026-2027/151349-Lighting of public spaces,2026-05-27,350000.0,Physical Inspection,,,,,,,,,,,,162539930.11,Tamil Nadu,NAMAKKAL,,,,350000.0,,,,,,,,0.21533170327016574,0,3,1049965.0,649675.0,61.87587205287796,600000.0,-41.66666666666667,0,0.0,0.0,0,0,,0,0,0,0,0,0,0,0,0,0,0,0,3.5020090325848963,2.1,Low,0.0,None,No material anomaly signal detected.
,Delhi,EAST(COMMISSIONER EAST),Harsh Malhotra,HARSH MALHOTRA,EAST DELHI,,WS/MP18396/2024,Normal/Others,"Construction of Artistic Gazebo SG Pocket, Central Park, Ward No. 217, Dilshad Colony, Shahdara (Shahdara North Zone)",2024-10-07,,,5317,WS/MP18396/2024-2025/145981-Development of public parks,2024-12-06,668063.0,Physical Inspection,14643,WS/MP18396/2024-2025/145978-Development of public parks,2025-09-01,761500.0,Completed,,,,,,,147134131.0,Delhi,EAST DELHI,,,,668063.0,,,329.0,,,,,0.4540503250058275,1,1,668063.0,0.0,0.0,600000.0,11.343833333333334,0,0.0,0.0,0,0,,0,0,0,0,0,0,0,0,0,0,0,0,2.4740073894883783,1.48,Low,0.0,None,No material anomaly signal detected.
4517,Uttar Pradesh,BIJNOR(DISTRICT MAGISTRATE BIJNOR_IDA),CHANDRA SHEKHAR,CHANDRA SHEKHAR,NAGINA(SC),"WS/MP18404/2024-2025/144132-Construction of roads, link roads, pathways or any other road with or without drainage system",WS/MP18404/2024,Normal/Others,"CONSTRUCTION OF CC ROAD AND DRAIN FROM MAUSAM'S HOUSE TO THE EIDGAH IN THE VILLAGE OF MIRZAPUR PALLA, BLOCK ALLEHPUR (Provincial Co-operative Construction and Development Ltd., Bijnor).",2024-09-28,1935889.0,2024-11-06,5986,"WS/MP18404/2024-2025/147257-Construction of roads, link roads, pathways or any other road with or without drainage system",2024-11-08,1670509.0,Physical Inspection,4673,WS/MP18404/2024-2025/176566-Lighting of public spaces,2026-01-21,173447.0,Completed,,,,,,,147000000.0,Uttar Pradesh,NAGINA(SC),,,,1670509.0,39.0,,480.0,,,,,1.136400680272109,1,1,1670509.0,0.0,0.0,600000.0,178.41816666666668,0,0.0,0.0,0,0,,0,0,0,0,0,0,0,0,0,0,0,0,8.683275343128036,5.21,Low,0.0,None,No material anomaly signal detected.
2992,West Bengal,North 24 Parganas(DISTRICT MAGISTRATE NORTH TWENTY FOUR PARGANAS_IDA),Kakoli Ghosh Dastidar,KAKOLI GHOSH DASTIDAR,BARASAT,WS/MP243/2024-2025/141119-Lighting of public spaces,WS/MP243/2024,Repair and Renovation,Highmast light,2024-09-15,412911.0,2025-01-08,2950,WS/MP243/2024-2025/141117-Construction of rooms and halls in school and colleges,2025-01-21,999911.0,Physical Inspection,3001,"WS/MP243/2024-2025/141118-Construction of roads, link roads, pathways or any other road with or without drainage system",2026-02-19,994791.0,Completed,,,,,,,147000000.0,West Bengal,BARASAT,,,,999911.0,115.0,,522.0,,,,,0.6802115646258503,1,4,13589911.0,0.0,0.0,749955.5,33.32937754306756,0,0.0,0.0,0,0,,0,0,0,0,0,0,0,0,0,0,0,0,32.73261448886733,19.64,Low,12.0,None,No material anomaly signal detected.
3026,West Bengal,North 24 Parganas(DISTRICT MAGISTRATE NORTH TWENTY FOUR PARGANAS_IDA),Kakoli Ghosh Dastidar,KAKOLI GHOSH DASTIDAR,BARASAT,WS/MP243/2025-2026/141153-Development of public parks,WS/MP243/2025,Normal/Others,Development of open gym with Children park with solar light and boundary,2024-09-15,988121.0,2025-08-08,2946,WS/MP243/2025-2026/141110-Construction of rooms and halls in school and colleges,2025-11-25,11000000.0,Work partially Completed,21380,"WS/MP243/2025-2026/196941-Construction of roads, link roads, pathways or any other road with or without drainage system",2025-11-26,549779.0,Completed,,,,,,,147000000.0,West Bengal,BARASAT,,,,11000000.0,327.0,,437.0,,,,,7.482993197278912,1,4,13589911.0,0.0,0.0,600000.0,1733.3333333333333,0,0.0,0.0,0,0,,0,0,0,0,0,0,0,0,0,0,0,0,76.319487409502,45.79,Medium,44.7,ML Anomaly,multivariate pattern is unusual versus uploaded batch
,West Bengal,North 24 Parganas(DISTRICT MAGISTRATE NORTH TWENTY FOUR PARGANAS_IDA),Prof Sougata Ray,PROF SOUGATA RAY,DUM DUM,,WS/MP251/2025,Normal/Others,"Reconstruction of concrete road from 60 1E to 21, Ram Chandra bagchi lane in ward no 5",2024-12-24,,,8006,"WS/MP251/2025-2026/150786-Construction of roads, link roads, pathways or any other road with or without drainage system",2026-03-13,1000000.0,Physical Inspection,21053,"WS/MP251/2025-2026/183501-Construction of roads, link roads, pathways or any other road with or without drainage system",2025-11-21,1185473.0,Completed,,,,,,,147000000.0,West Bengal,DUM DUM,,,,1000000.0,,,332.0,,,,,0.6802721088435374,1,1,1000000.0,0.0,0.0,600000.0,66.66666666666666,0,0.0,0.0,0,0,,0,0,0,0,0,0,0,0,0,0,0,0,2.0242803577999497,1.21,Low,0.0,None,No material anomaly signal detected.
2909,Arunachal Pradesh,EAST SIANG(Deputy Commisioner East Siang_IDA),Shri Tapir Gao,SHRI TAPIR GAO,ARUNACHAL EAST,WS/MP313/2024-2025/140981-Construction of culverts and bridges,WS/MP313/2024,Normal/Others,C/o Culvert at PMGP Road near Jampani under Sika Bamin Village in East Siang District,2024-09-15,800000.0,2025-02-05,1596,WS/MP313/2024-2025/138687-Development of playground,2025-03-13,2000000.0,Work Completed,2819,WS/MP313/2024-2025/140890-Construction of buildings for community cultural activities,2026-01-28,2000000.0,Completed,,,,,,,147000000.0,Arunachal Pradesh,ARUNACHAL EAST,,,,2000000.0,143.0,,500.0,,,,,1.3605442176870748,1,2,3200000.0,0.0,0.0,600000.0,233.33333333333334,0,0.0,0.0,0,0,,0,0,0,0,0,0,0,0,0,0,0,0,5.256577986463364,3.15,Low,0.0,None,No material anomaly signal detected.
1612,Arunachal Pradesh,DIBANG VALLEY(Deputy Commisioner Dibang Valley_IDA),Shri Tapir Gao,SHRI TAPIR GAO,ARUNACHAL EAST,WS/MP313/2025-2026/138689-Construction of boundary walls of existing public and community buildings,WS/MP313/2025,Normal/Others,C/o Protection wall near ITBP camp at Etalin in Dibang Valley District,2024-09-14,1200000.0,2025-07-21,1597,WS/MP313/2025-2026/138689-Construction of boundary walls of existing public and community buildings,2025-07-21,1200000.0,Physical Inspection,21512,WS/MP313/2025-2026/226262-Installing community drinking water plants,2025-11-27,500000.0,Completed,,,,,,,147000000.0,Arunachal Pradesh,ARUNACHAL EAST,,,,1200000.0,310.0,,439.0,,,,,0.8163265306122449,1,2,3200000.0,0.0,0.0,600000.0,100.0,0,0.0,0.0,0,0,,0,0,0,0,0,0,0,0,0,0,0,0,6.848789649663635,4.11,Low,0.0,None,No material anomaly signal detected.
4901,Bihar,MUZAFFARPUR(DISTRICT PLANNING OFFICER MUZAFFARPUR_IDA),Smt Veena Devi,SMT VEENA DEVI,VAISHALI,WS/MP317/2024-2025/144904-Purchase Books for Library,WS/MP317/2024,Normal/Others,puchase book of diffrent school library,2024-10-01,5000000.0,2024-10-07,5023,WS/MP317/2024-2025/145371-Purchase Books for Library,2024-10-15,5000000.0,Physical Inspection,4859,WS/MP317/2024-2025/176101-Setting up of laboratories,2025-03-27,2450000.0,Completed,,,,,,,147000000.0,Bihar,VAISHALI,,,,5000000.0,6.0,,177.0,,,,,3.4013605442176873,1,1,5000000.0,0.0,0.0,600000.0,733.3333333333333,0,0.0,0.0,0,0,,0,0,0,0,0,0,0,0,0,0,0,0,54.105975188296426,32.46,Medium,28.1,None,No material anomaly signal detected.
,Bihar,PURNIA(DISTRICT PLANNING OFFICER PURNIA_IDA),Dr Mohammad Jawed,DR MOHAMMAD JAWED,KISHANGANJ,,WS/MP319/2024,Normal/Others,BAISA PRAKHAND ANTARGART RAUTA PANCHAYAT KE KATHALBARI CHOWK ME (12 METER) HIGH MAST LIGHT,2024-10-08,,,5391,WS/ MP319/2024-2025/146151-Lighting of public spaces,2025-03-19,635000.0,Physical Inspection,10985,WS/ MP319/2024-2025/146152-Lighting of public spaces,2025-07-17,635000.0,Completed,,,,,,,148669229.11,Bihar,KISHANGANJ,,,,635000.0,,,282.0,,,,,0.42712268288561916,1,2,1270000.0,0.0,0.0,600000.0,5.833333333333333,0,0.0,0.0,0,0,,0,0,0,0,0,0,0,0,0,0,0,0,2.70755173064253,1.62,Low,0.0,None,No material anomaly signal detected.
,Bihar,PURNIA(DISTRICT PLANNING OFFICER PURNIA_IDA),Dr Mohammad Jawed,DR MOHAMMAD JAWED,KISHANGANJ,,WS/MP319/2025,Normal/Others,AMOUR PRAKHAND ANTARGART KARIA PANCHAYAT KE MATTU CHOWK ME (12 METER) HIGH MAST LIGHT,2024-10-08,,,5382,WS/ MP319/2025-2026/146140-Lighting of public spaces,2025-04-19,635000.0,Physical Inspection,10975,WS/ MP319/2025-2026/146140-Lighting of public spaces,2025-07-17,635000.0,Completed,,,,,,,148669229.11,Bihar,KISHANGANJ,,,,635000.0,,,282.0,,,,,0.42712268288561916,1,2,1270000.0,0.0,0.0,600000.0,5.833333333333333,0,0.0,0.0,0,0,,0,0,0,0,0,0,0,0,0,0,0,0,2.70755173064253,1.62,Low,0.0,None,No material anomaly signal detected.
,Gujarat,GIR SOMNATH(DISTRICT COLLECTOR GIR SOMNATH_IDA),Rajeshbhai Naranbhai Chudasama,RAJESHBHAI NARANBHAI CHUDASAMA,JUNAGADH,,WS/MP323/2024,Normal/Others,"Gir Somnath District,Talala Taluka,Dhava, Causeway work over Chaganbhai Gadhesaria river at Dhawa village",2024-11-04,,,7936,WS/MP323/2024-2025/150622-Construction of culverts and bridges,2024-12-24,300000.0,Physical Inspection,8212,"WS/MP323/2024-2025/150621-Construction of roads, link roads, pathways or any other road with or without drainage system",2025-06-10,300000.0,Completed,,,,,,,147000000.0,Gujarat,JUNAGADH,,,,300000.0,,,218.0,,,,,0.20408163265306123,1,1,300000.0,0.0,0.0,600000.0,-50.0,0,0.0,0.0,0,0,,0,0,0,0,0,0,0,0,0,0,0,0,8.164143199774445,4.9,Low,0.0,None,No material anomaly signal detected.
,Haryana,HISAR(DEPUTY COMMISSIONER HISSAR_IDA),Shri Dharambir Singh,SHRI DHARAMBIR SINGH,BHIWANI MAHENDRAGARH,,WS/MP329/2024,Trust and Society,"Const. of room/bathroom/Canteen on 2nd floor for Yadav Dharamshala, Ward No.17",2024-11-04,,,7942,WS/MP329/2024-2025/150655-Construction of community centers and community halls,2025-02-21,2096704.0,Work partially Completed,3624,WS/MP329/2024-2025/169455-Construction of community centers and community halls,2026-02-12,800000.0,Completed,41500.0,2026-08-26,SDO OP Division DHBVN Atela Kalan,SDO OP DIVISION DHBVN ATELA KALAN,1.0,Payment In-Progress,147000000.0,Haryana,BHIWANI MAHENDRAGARH,,,,2096704.0,,,465.0,1.9792970300051889,-2055204.0,-98.02070296999482,2055204.0,1.4263292517006803,1,2,2587961.0,2161765.0,83.53159108657357,1000000.0,109.67039999999999,2,2161765.0,1080882.5,1,1,1.91972762996903,0,0,0,0,0,0,0,0,0,0,0,0,80.87611074482847,48.53,Medium,48.2,ML Anomaly,multivariate pattern is unusual versus uploaded batch
,Haryana,BHIWANI(DC Cum Nodal Officer MPLADS Bhiwani),Shri Dharambir Singh,SHRI DHARAMBIR SINGH,BHIWANI MAHENDRAGARH,,WS/MP329/2025,Repair and Renovation,Construction of wrestling shed GP land for Durga Vyayamshala,2024-10-23,,,7078,WS/MP329/2025-2026/149137-Development of playground,2025-05-26,491257.0,Physical Inspection,21669,WS/MP329/2025-2026/243522-Purchase of mobile water tankers,2025-12-14,180000.0,Completed,2120265.0,2026-08-26,SDO OP Division DHBVN Atela Kalan,SDO OP DIVISION DHBVN ATELA KALAN,7.0,Payment In-Progress,147000000.0,Haryana,BHIWANI MAHENDRAGARH,,,,491257.0,,,417.0,431.59995684539865,1629008.0,331.59995684539865,-1629008.0,0.33418843537414966,1,2,2587961.0,2161765.0,83.53159108657357,749955.5,-34.49518004734948,2,2161765.0,1080882.5,1,1,98.08027237003097,0,1,0,0,0,1,0,0,0,0,2,8,39.32984494075368,26.8,Low,21.0,None,expenditure exceeds effective sanctioned amount
4900,Jharkhand,GIRIDIH(Deputy Commissioner Giridh_IDA),Shri Chandra Prakash Choudhary,SHRI CHANDRA PRAKASH CHOUDHARY,GIRIDIH,WS/MP334/2024-2025/144899-Lighting of public spaces,WS/MP334/2024,Normal/Others,Installation of mask light in thakurchak panchayat: 1)Near bajrang bali mandir 2)Near masjid,2024-10-02,300000.0,2025-02-10,4808,WS/MP334/2024-2025/144883-Lighting of public spaces,2025-03-01,150000.0,Sanction,13330,WS/MP334/2024-2025/136639-Lighting of public spaces,2026-04-07,149710.0,Completed,4790763.0,2026-07-02,EXECUTIVE ENGINER NREP GIRIDIH,EXECUTIVE ENGINER NREP GIRIDIH,29.0,Payment In-Progress,147000000.0,Jharkhand,GIRIDIH,,,,150000.0,131.0,507.0,552.0,3193.842,4640763.0,3093.842,-4640763.0,0.10204081632653061,1,1,150000.0,4790763.0,3193.842,600000.0,-75.0,1,4790763.0,4790763.0,1,1,100.0,0,1,1,0,0,1,1,0,0,0,4,44,91.86949651416947,72.72,High,78.4,Cost Overrun; Duplicate Payment,cost deviation is unusually high; possible repeated work/vendor/amount payment pattern
3131,Karnataka,BENGALURU URBAN(DEPUTY COMMISSIONER BANGALORE URBAN_IDA),Shri LS Tejasvi Surya,SHRI LS TEJASVI SURYA,BANGALORE SOUTH,WS/MP341/2024-2025/141427-Purchase of furniture and fixtures for educational purposes,WS/MP341/2024,Normal/Others,"Purchase of Furniture for Government Higher Primary School located in Sunkenahalli, Hanumantanagar Ward, Basavanagudi Assembly Constituency, Bengaluru South",2024-09-17,499500.0,2025-03-17,3089,WS/MP341/2024-2025/141427-Purchase of furniture and fixtures for educational purposes,2025-03-17,499500.0,Physical Inspection,4216,WS/MP341/2024-2025/141427-Purchase of furniture and fixtures for educational purposes,2025-03-18,499500.0,Completed,,,,,,,147000000.0,Karnataka,BANGALORE SOUTH,,,,499500.0,181.0,,182.0,,,,,0.33979591836734696,1,2,2499434.0,0.0,0.0,600000.0,-16.75,0,0.0,0.0,0,0,,0,0,0,0,0,0,0,0,0,0,0,0,7.3544896567513565,4.41,Low,0.0,None,No material anomaly signal detected.
799,Karnataka,BENGALURU URBAN(DEPUTY COMMISSIONER BANGALORE URBAN_IDA),Shri LS Tejasvi Surya,SHRI LS TEJASVI SURYA,BANGALORE SOUTH,WS/MP341/2025-2026/136723-Providing CCTV camera system for security of public areas,WS/MP341/2025,Normal/Others,"Providing CCTV Camera Systems for security purposes at Gururaja Layout, located in Padmanabhanagar Assembly Constituency, Bengaluru South",2024-08-22,500000.0,2025-04-15,8881,WS/MP341/2025-2026/152196-Lighting of public spaces,2026-02-20,1999934.0,Physical Inspection,19529,WS/MP341/2025-2026/202224-Installation of fixed garden gym equipment,2026-02-21,2999176.0,Completed,,,,,,,147000000.0,Karnataka,BANGALORE SOUTH,,,,1999934.0,236.0,,548.0,,,,,1.3604993197278912,1,2,2499434.0,0.0,0.0,600000.0,233.32233333333332,0,0.0,0.0,0,0,,0,0,0,0,0,0,0,0,0,0,0,0,8.226721027628969,4.94,Low,0.0,None,No material anomaly signal detected.
4307,Kerala,KOLLAM(DISTRICT COLLECTOR KOLLAM_IDA),Shri NK Premachandran,SHRI NK PREMACHANDRAN,KOLLAM,WS/MP345/2024-2025/143793-Construction of buildings for crèches and anganwadies,WS/MP345/2024,Normal/Others,"Construction of Building for Anganwadi No. 41, Padinjattekara Ward 23, Thevalakara Gramapanchayat, Chavara Constituency",2024-09-26,1500000.0,2025-03-21,4237,WS/MP345/2024-2025/143793-Construction of buildings for crèches and anganwadies,2025-03-21,1500000.0,Work partially Completed,21680,"WS/MP345/2024-2025/161522-Purchase of smart boards, visual display units and projectors",2025-11-30,399996.0,Completed,1100546.0,2026-07-09,RASHEED S A,RASHEED S A,1.0,Payment Success,171477994.11,Kerala,KOLLAM,2.0,2000000.0,State Calamity,1500000.0,176.0,475.0,430.0,73.36973333333333,-399454.0,-26.630266666666667,399454.0,0.8747478111026755,1,1,1500000.0,1100546.0,73.36973333333333,600000.0,150.0,1,1100546.0,1100546.0,1,1,100.0,0,0,0,0,0,0,0,0,0,0,0,0,57.72330359733139,34.63,Medium,30.8,None,No material anomaly signal detected.
2479,Kerala,KOLLAM(DISTRICT COLLECTOR KOLLAM_IDA),Shri Suresh Kodikunnil,SHRI SURESH KODIKUNNIL,MAVELIKKARA(SC),"WS/MP347/2024-2025/140252-Purchase of IT systems, including hardware and software for educational purposes",WS/MP347/2024,Normal/Others,"Provide Laptop to Govt.UPS,Nedumoncavu in Kareepra Grama Panchayath",2024-09-11,212242.0,2024-09-12,1706,WS/MP347/2024-2025/138959-Construction of rooms and halls in school and colleges,2024-12-19,904595.0,Physical Inspection,20007,WS/MP347/2024-2025/166703-Street lights,2025-11-07,228677.0,Completed,943191.0,2026-08-05,JAIN RAJ,JAIN RAJ,1.0,Payment Success,172429519.11,Kerala,MAVELIKKARA(SC),,,,904595.0,1.0,692.0,422.0,104.2666607708422,38596.0,4.266660770842201,-38596.0,0.5246172492210692,1,2,3654595.0,1799589.0,49.241817492772796,600000.0,50.76583333333333,1,943191.0,943191.0,1,1,100.0,0,1,0,0,0,0,0,0,0,0,1,8,32.56775792144481,22.74,Low,15.9,None,expenditure exceeds effective sanctioned amount
,Kerala,KOTTAYAM(DISTRICT COLLECTOR KOTTAYAM_IDA),Shri Suresh Kodikunnil,SHRI SURESH KODIKUNNIL,MAVELIKKARA(SC),,WS/MP347/2025,Normal/Others,"Financial support for College Bus Transportation project at SB College, Changanacherry",2024-11-05,,,7994,WS/MP347/2025-2026/150748-Purchase of vans and buses for educational institutions,2025-06-27,2750000.0,Physical Inspection,21158,WS/MP347/2025-2026/203121-Street lights,2025-11-22,225139.0,Completed,856398.0,2026-07-16,PRAKASH,PRAKASH,1.0,Payment Success,172429519.11,Kerala,MAVELIKKARA(SC),,,,2750000.0,,,382.0,31.141745454545454,-1893602.0,-68.85825454545454,1893602.0,1.5948545319816498,1,2,3654595.0,1799589.0,49.241817492772796,600000.0,358.33333333333337,1,856398.0,856398.0,1,1,100.0,0,0,0,0,0,0,0,0,0,0,0,0,42.53355469277329,25.52,Low,19.4,None,No material anomaly signal detected.
,Kerala,ERNAKULAM(DISTRICT COLLECTOR ERNAKULAM_IDA),Shri Benny Behanan,SHRI BENNY BEHANAN,CHALAKUDY,,WS/MP348/2024,Normal/Others,"PURCHASE OFSCHOOLBUS TOJAMA-ATH-HSS,THANDEKAD,VENGOLA GP",2024-10-14,,,5933,WS/MP348/2024-2025/147144-Purchase of vans and buses for educational institutions,2025-02-07,2257000.0,Vendor Identification,15831,WS/MP348/2024-2025/152561-Purchase of vans and buses for educational institutions,2025-09-18,1803729.0,Completed,,,,,,,164674770.11,Kerala,CHALAKUDY,,,,2257000.0,,,339.0,,,,,1.370580325384612,1,2,5757000.0,2118993.0,36.80724335591454,600000.0,276.1666666666667,0,0.0,0.0,0,0,,0,0,0,0,0,0,0,0,0,0,0,0,16.136689029814008,9.68,Low,0.0,None,No material anomaly signal detected.
,Kerala,ERNAKULAM(DISTRICT COLLECTOR ERNAKULAM_IDA),Shri Benny Behanan,SHRI BENNY BEHANAN,CHALAKUDY,,WS/MP348/2025,Normal/Others,"CONTRUCTION OF BUILDING FOR JANASEVANA KENDRAM INFRONT OF THE PANCHAYAT OFFICE BUILDING, KARUKUTTY",2024-10-28,,,7352,WS/MP348/2025-2026/149704-Construction of additional rooms and halls in the existing public and community building,2025-11-06,3500000.0,Sanction,,,,,,2118993.0,2026-08-21,LIYON M V,LIYON M V,2.0,Payment Success,164674770.11,Kerala,CHALAKUDY,,,,3500000.0,,,,60.542657142857145,-1381007.0,-39.457342857142855,1381007.0,2.125401479329261,0,2,5757000.0,2118993.0,36.80724335591454,600000.0,483.3333333333333,1,2118993.0,2118993.0,1,1,100.0,0,0,0,0,0,1,0,0,0,0,1,0,50.87986142733375,30.53,Medium,25.7,None,No material anomaly signal detected.
4025,Kerala,KANNUR(DISTRICT COLLECTOR KANNUR_IDA),Shri Rajmohan Unnithan,SHRI RAJMOHAN UNNITHAN,KASARAGOD,"WS/MP350/2025-2026/143224-Construction of roads, link roads, pathways or any other road with or without drainage system",WS/MP350/2025,Normal/Others,Construction and Tarring/Concrete work for the Podithadam SC Colony Road in Ward 8 of Ezhom Grama Panchayath (First or second reach as required by concerend LGIs) [Work to be included under SC Category],2024-09-24,600000.0,2026-02-19,3958,"WS/MP350/2025-2026/143224-Construction of roads, link roads, pathways or any other road with or without drainage system",2026-02-19,600000.0,Physical Inspection,20976,"WS/MP350/2025-2026/227926-Purchase of prosthetics, wheel chairs, tricycles (manual or motorized), elect scooties, hearing aids",2026-01-13,120000.0,Completed,990000.0,2026-08-19,Keltron Component complex Ltd Kannur,KELTRON COMPONENT COMPLEX LTD KANNUR,8.0,Payment In-Progress,156754633.11,Kerala,KASARAGOD,,,,600000.0,513.0,181.0,476.0,165.0,390000.0,65.0,-390000.0,0.38276380614470246,1,1,600000.0,990000.0,165.0,600000.0,0.0,3,4121605.0,1373868.3333333333,2,1,24.01976899775694,0,1,0,0,0,1,1,0,0,0,3,26,70.53605525531177,52.72,Medium,53.4,Duplicate Payment,expenditure exceeds effective sanctioned amount; possible repeated work/vendor/amount payment pattern
3772,Kerala,KANNUR(DISTRICT COLLECTOR KANNUR_IDA),Shri Kumbakudi Sudhakaran,SHRI KUMBAKUDI SUDHAKARAN,KANNUR,"WS/MP351/2025-2026/142648-Construction of roads, link roads, pathways or any other road with or without drainage system",WS/MP351/2025,Normal/Others,Pachapoika Punnad Stadium Road Tarring-Vengad Grama Panchayath,2025-10-02,500000.0,2026-02-19,3328,"WS/MP351/2025-2026/141865-Construction of roads, link roads, pathways or any other road with or without drainage system",2026-02-27,500000.0,Work Completed,17890,WS/MP351/2025-2026/236465-Purchase of vans and buses for educational institutions,2026-05-08,400000.0,Completed,2691605.0,2026-08-19,Keltron Component complex Ltd Kannur,KELTRON COMPONENT COMPLEX LTD KANNUR,15.0,Payment In-Progress,147000000.0,Kerala,KANNUR,,,,500000.0,140.0,181.0,218.0,538.321,2191605.0,438.321,-2191605.0,0.3401360544217687,1,2,800000.0,3131605.0,391.450625,600000.0,-16.666666666666664,3,4121605.0,1373868.3333333333,2,1,65.30477811435108,0,1,0,0,0,1,1,0,0,0,3,26,70.94216074214785,52.97,Medium,53.7,Duplicate Payment,expenditure exceeds effective sanctioned amount; possible repeated work/vendor/amount payment pattern
3771,Kerala,KANNUR(DISTRICT COLLECTOR KANNUR_IDA),Shri Kumbakudi Sudhakaran,SHRI KUMBAKUDI SUDHAKARAN,KANNUR,WS/MP351/2026-2027/142647-Street lights,WS/MP351/2026,Normal/Others,Installation of High Mast Light at NEAR KAPPAD C.P.STORE ((08 Meter High Mast With 5x150 Watts -LED Flood LIGHT) IN Kannur Corporation.,2024-09-22,300000.0,2026-06-25,3705,WS/MP351/2026-2027/142647-Street lights,2026-06-25,300000.0,Physical Inspection,,,,,,440000.0,2026-08-19,Keltron Component complex Ltd Kannur,KELTRON COMPONENT COMPLEX LTD KANNUR,4.0,Payment In-Progress,147000000.0,Kerala,KANNUR,,,,300000.0,641.0,55.0,,146.66666666666666,140000.0,46.666666666666664,-140000.0,0.20408163265306123,0,2,800000.0,3131605.0,391.450625,600000.0,-50.0,3,4121605.0,1373868.3333333333,2,1,10.675452887891975,0,1,0,0,0,1,1,0,0,0,3,26,77.52480215468425,56.91,Medium,58.6,Duplicate Payment,expenditure exceeds effective sanctioned amount; possible repeated work/vendor/amount payment pattern
3796,Kerala,ERNAKULAM(DISTRICT COLLECTOR ERNAKULAM_IDA),Shri Hibi Eden,SHRI HIBI EDEN,ERNAKULAM,"WS/MP352/2024-2025/142706-Purchase of IT systems, including hardware and software for educational purposes",WS/MP352/2024,Normal/Others,Purchase of 5 Laptops for Govt.HSS Eloor,2024-09-23,176035.0,2025-03-10,3730,"WS/MP352/2024-2025/142706-Purchase of IT systems, including hardware and software for educational purposes",2025-03-10,176035.0,Physical Inspection,18336,"WS/MP352/2024-2025/142706-Purchase of IT systems, including hardware and software for educational purposes",2025-10-13,176035.0,Completed,,,,,,,162177260.11,Kerala,ERNAKULAM,,,,176035.0,168.0,,385.0,,,,,0.10854481070934402,1,2,1676035.0,0.0,0.0,600000.0,-70.66083333333333,0,0.0,0.0,0,0,,0,0,0,0,0,0,0,0,0,0,0,0,4.805091586483065,2.88,Low,0.0,None,No material anomaly signal detected.
4902,Kerala,ERNAKULAM(DISTRICT COLLECTOR ERNAKULAM_IDA),Shri Hibi Eden,SHRI HIBI EDEN,ERNAKULAM,"WS/MP352/2025-2026/144913-Construction of roads, link roads, pathways or any other road with or without drainage system",WS/MP352/2025,Normal/Others,Construction of road at eastside of Velluthully Bus Stop in Ward 8 of Kumbalangy Grama Panchayath,2024-10-01,1500000.0,2026-01-15,4825,"WS/MP352/2025-2026/144913-Construction of roads, link roads, pathways or any other road with or without drainage system",2026-01-15,1500000.0,Sanction,20103,WS/MP352/2025-2026/135862-Construction of buildings for crèches and anganwadies,2026-07-14,2362903.0,Completed,,,,,,,162177260.11,Kerala,ERNAKULAM,,,,1500000.0,471.0,,651.0,,,,,0.9249138868066921,1,2,1676035.0,0.0,0.0,600000.0,150.0,0,0.0,0.0,0,0,,0,0,0,0,0,0,0,0,0,0,0,0,16.11595635795133,9.67,Low,0.0,None,No material anomaly signal detected.
4832,Kerala,ERNAKULAM(DISTRICT COLLECTOR ERNAKULAM_IDA),Adv Dean Kuriakose,ADV DEAN KURIAKOSE,IDUKKI,WS/MP353/2024-2025/144759-Lighting of public spaces,WS/MP353/2024,Normal/Others,"Installation of minimast light (8Mtr,Octogonal pole LED Flood Light 150 Wx5 no.s) at Masjidulslam Jn, Ward 09, Nellikkuzhy GP, Kothamangalam Block",2024-09-30,207949.0,2025-02-28,5204,WS/MP353/2024-2025/145754-Lighting of public spaces,2025-03-28,207949.0,Physical Inspection,21694,WS/MP353/2024-2025/144755-Lighting of public spaces,2025-12-01,215496.0,Completed,,,,,,,147000000.0,Kerala,IDUKKI,,,,207949.0,151.0,,427.0,,,,,0.14146190476190476,1,2,423445.0,3901042.0,921.262973939945,600000.0,-65.34183333333333,0,0.0,0.0,0,0,,0,0,0,0,0,0,0,0,0,0,0,0,19.622410030682715,11.77,Low,2.2,None,No material anomaly signal detected.
4802,Kerala,ERNAKULAM(DISTRICT COLLECTOR ERNAKULAM_IDA),Adv Dean Kuriakose,ADV DEAN KURIAKOSE,IDUKKI,WS/MP353/2025-2026/144725-Lighting of public spaces,WS/MP353/2025,Normal/Others,"Installation of minimast light ( 8Mtr,Octogonal pole LED Flood Light 150 Wx5 no.s) at Pallithazham Canal Bund Jn., ward. 5, Paipra GP, Muvattupuzha Block",2024-09-30,215496.0,2025-04-03,5205,WS/MP353/2025-2026/145763-Lighting of public spaces,2025-10-24,215496.0,Physical Inspection,21750,WS/MP353/2025-2026/183379-Construction of rooms and halls in school and colleges,2026-02-23,8676888.0,Completed,3901042.0,2026-08-22,KALLOOR ELECTRONICS AND LIGHTING PVT LTD,KALLOOR ELECTRONICS AND LIGHTING PVT LTD,6.0,Payment In-Progress,147000000.0,Kerala,IDUKKI,,,,215496.0,185.0,506.0,511.0,1810.2619074135948,3685546.0,1710.2619074135948,-3685546.0,0.14659591836734695,1,2,423445.0,3901042.0,921.262973939945,600000.0,-64.084,1,3901042.0,3901042.0,1,1,100.0,0,1,0,0,0,1,0,0,0,0,2,8,55.57245986061161,36.54,Medium,33.2,None,expenditure exceeds effective sanctioned amount
2689,Madhya Pradesh,MANDSAUR(DISTRICT COLLECTOR MANDSAUR_IDA),Shri Sudheer Gupta,SHRI SUDHEER GUPTA,MANDSOUR,"WS/MP356/2024-2025/140604-Construction of roads, link roads, pathways or any other road with or without drainage system",WS/MP356/2024,Normal/Others,CONSTRUCTION OF CC ROAD,2024-09-13,400000.0,2024-12-09,2654,"WS/MP356/2024-2025/140603-Construction of roads, link roads, pathways or any other road with or without drainage system",2025-01-14,300000.0,Physical Inspection,3430,"WS/MP356/2024-2025/155421-Construction of roads, link roads, pathways or any other road with or without drainage system",2026-08-04,500000.0,Completed,,,,,,,148988014.83,Madhya Pradesh,MANDSOUR,,,,300000.0,87.0,,690.0,,,,,0.20135847862816977,1,2,799246.0,575000.0,71.9428060947443,600000.0,-50.0,0,0.0,0.0,0,0,,0,0,0,0,0,0,0,0,0,0,0,0,5.517025861631702,3.31,Low,0.0,None,No material anomaly signal detected.
2691,Madhya Pradesh,MANDSAUR(DISTRICT COLLECTOR MANDSAUR_IDA),Shri Sudheer Gupta,SHRI SUDHEER GUPTA,MANDSOUR,"WS/MP356/2025-2026/140606-Construction of roads, link roads, pathways or any other road with or without drainage system",WS/MP356/2025,Normal/Others,CONSTRUCTION OF CC ROAD,2024-09-13,150000.0,2026-01-21,2656,WS/MP356/2025-2026/140605-Improvement of electricity distribution infrastructure,2026-02-16,499246.0,Vendor Identification,5636,WS/MP356/2025-2026/156428-Providing drains and gutters for public drainage,2026-08-09,750000.0,Completed,575000.0,2026-08-27,CEO JANPAD PANCHAYAT SITAMAU,CEO JANPAD PANCHAYAT SITAMAU,2.0,Payment In-Progress,148988014.83,Madhya Pradesh,MANDSOUR,,,,499246.0,495.0,218.0,695.0,115.17368191232377,75754.0,15.173681912323783,-75754.0,0.3350913834039975,1,2,799246.0,575000.0,71.9428060947443,600000.0,-16.792333333333335,1,575000.0,575000.0,1,1,100.0,0,1,0,0,0,1,0,0,0,0,2,8,34.64600282670197,23.99,Low,17.5,None,expenditure exceeds effective sanctioned amount
,Madhya Pradesh,UJJAIN(DISTRICT COLLECTOR UJJAIN_IDA),Shri Anil Firojiya,SHRI ANIL FIROJIYA,UJJAIN(SC),,WS/MP360/2024,Normal/Others,,2024-10-09,,,5519,WS/MP360/2024-2025/146401-Purchase of books for public libraries/ digitization of library books,2025-01-20,100000.0,Work Completed,8487,WS/MP360/2024-2025/146380-Purchase of books for public libraries/ digitization of library books,2026-04-07,97829.0,Completed,,,,,,,147000000.0,Madhya Pradesh,UJJAIN(SC),,,,100000.0,,,545.0,,,,,0.06802721088435373,1,1,100000.0,0.0,0.0,600000.0,-83.33333333333334,0,0.0,0.0,0,0,,0,0,0,0,0,0,0,0,0,0,0,0,5.724629017945219,3.43,Low,0.0,None,No material anomaly signal detected.
3798,Odisha,Sundaragada(DISTRICT COLLECTOR SUNDARGARH_IDA),Shri Jual Oram,SHRI JUAL ORAM,SUNDARGARH (ST),WS/MP370/2024-2025/142708-Construction of community centers and community halls,WS/MP370/2024,Normal/Others,"Construction of Bathroom, Toilet, Kitchen and Dining Hall B-36, Sector-3, Rourkela (Executing Agency ITDA Panposh)",2024-10-03,780000.0,2025-02-11,5129,WS/MP370/2024-2025/145557-Construction of community centers and community halls,2025-02-24,600000.0,Work Completed,13554,WS/MP370/2024-2025/145192-Construction of community centers and community halls,2026-05-13,990000.0,Completed,1412871.0,2026-07-03,SAGARIKA SWAIN,SAGARIKA SWAIN,2.0,Payment Success,173096756.91,Odisha,SUNDARGARH (ST),1.0,10000000.0,National Calamity,600000.0,131.0,507.0,587.0,235.47850000000003,812871.0,135.4785,-812871.0,0.346626944785548,1,2,1598256.0,6685519.0,418.300885465157,600000.0,0.0,1,1412871.0,1412871.0,1,1,100.0,0,1,0,0,0,1,0,0,0,0,2,8,42.253731289318274,28.55,Low,23.2,None,expenditure exceeds effective sanctioned amount
,Odisha,Sundaragada(DISTRICT COLLECTOR SUNDARGARH_IDA),Shri Jual Oram,SHRI JUAL ORAM,SUNDARGARH (ST),,WS/MP370/2025,Normal/Others,"Installation Transformer near Banabasi Kalyan Ashram, Sundargarh",2024-10-04,,,5025,WS/MP370/2025-2026/145373-Improvement of electricity distribution infrastructure,2025-08-21,998256.0,Work partially Completed,8782,WS/MP370/2025-2026/185002-Construction of boundary walls of existing public and community buildings,2025-11-26,500000.0,Completed,5272648.0,2026-08-25,BDO SUBDEGA PS MISC,BDO SUBDEGA PS MISC,21.0,Payment In-Progress,173096756.91,Odisha,SUNDARGARH (ST),1.0,10000000.0,National Calamity,998256.0,,,418.0,528.1859563078008,4274392.0,428.1859563078008,-4274392.0,0.5767040456564034,1,2,1598256.0,6685519.0,418.300885465157,600000.0,66.376,1,5272648.0,5272648.0,1,1,100.0,0,1,0,0,0,1,1,0,0,0,3,26,70.97558967535326,52.99,Medium,53.7,Duplicate Payment,expenditure exceeds effective sanctioned amount; possible repeated work/vendor/amount payment pattern
,Punjab,AMRITSAR(DEPUTY COMMISSIONER AMRITSAR_IDA),Shri Gurjeet Singh Aujla,SHRI GURJEET SINGH AUJLA,AMRITSAR,,WS/MP381/2024,Normal/Others,CONSTRUCTION OF SHED/ROOFING INTERLOCKING TILES,2024-10-14,,,5957,WS/MP381/2024-2025/147193-Construction of rooms and halls in school and colleges,2024-11-27,700000.0,Physical Inspection,3619,WS/MP381/2024-2025/164560-Installation of multi-gym equipment,2026-03-06,200000.0,Completed,,,,,,,147000000.0,Punjab,AMRITSAR,1.0,7067400.0,National Calamity,700000.0,,,508.0,,,,,0.4761904761904762,1,1,700000.0,0.0,0.0,600000.0,16.666666666666664,0,0.0,0.0,0,0,,0,0,0,0,0,0,0,0,0,0,0,0,21.479393106577554,12.89,Low,3.6,None,No material anomaly signal detected.
,Rajasthan,NAGAUR(DISTRICT COLLECTOR NAGAUR_IDA),Shri Arjun Ram Meghwal,SHRI ARJUN RAM MEGHWAL,BIKANER(SC),,WS/MP384/2024,Normal/Others,"Sarwjanik Samudayik Bhawan Nirman Karya,Megh Aashram, Katariyon ki Dhani, Akhasar Working Agency : Gram Panchayat Tantwas",2024-10-04,,,5114,WS/MP384/2024-2025/145501-Construction of additional rooms and halls in the existing public and community building,2025-02-07,600000.0,Work partially Completed,20657,WS/MP384/2024-2025/147618-Construction of additional rooms and halls in the existing public and community building,2026-08-09,1495786.0,Completed,999841.0,2026-08-25,NARBADA CONSTRUCTION COMPANY,NARBADA CONSTRUCTION COMPANY,1.0,Payment In-Progress,147000000.0,Rajasthan,BIKANER(SC),,,,600000.0,,,674.0,166.64016666666666,399841.0,66.64016666666667,-399841.0,0.40816326530612246,1,2,2100000.0,1962162.0,93.43628571428572,600000.0,0.0,1,999841.0,999841.0,1,1,100.0,0,1,0,0,0,0,0,0,0,0,1,8,14.745281874533573,12.05,Low,2.6,None,expenditure exceeds effective sanctioned amount
,Rajasthan,BIKANER(DISTRICT COLLECTOR BIKANER_IDA),Shri Arjun Ram Meghwal,SHRI ARJUN RAM MEGHWAL,BIKANER(SC),,WS/MP384/2025,Normal/Others,"Toilet Building,Furniture and beautification work at Town Hall, Near Circuit House, Bikaner ; Implementing Agency : UIT Bikaner",2024-10-04,,,5050,WS/MP384/2025-2026/145407-Construction of toilet blocks,2025-09-04,1500000.0,Work partially Completed,19758,WS/MP384/2025-2026/178089-Construction of rooms and halls in school and colleges,2026-01-29,1000000.0,Completed,962321.0,2026-07-08,PAWAN KUMAR SANJAY KUMAR,PAWAN KUMAR SANJAY KUMAR,2.0,Payment In-Progress,147000000.0,Rajasthan,BIKANER(SC),,,,1500000.0,,,482.0,64.15473333333334,-537679.0,-35.84526666666667,537679.0,1.0204081632653061,1,2,2100000.0,1962162.0,93.43628571428572,600000.0,150.0,1,962321.0,962321.0,1,1,100.0,0,0,0,0,0,1,0,0,0,0,1,0,19.992769128118624,12.0,Low,2.5,None,No material anomaly signal detected.
4997,Rajasthan,NAGAUR(DISTRICT COLLECTOR NAGAUR_IDA),Shri Hanuman Beniwal,SHRI HANUMAN BENIWAL,NAGAUR,WS/MP386/2024-2025/145036-Improvement of electricity distribution infrastructure,WS/MP386/2024,Normal/Others,Shifting the high tension line of electricity passing over the houses of Sado's locality including the residence of Madan Das in village Tantwas,2024-10-01,64000.0,2024-12-04,4910,WS/MP386/2024-2025/145023-Installing tube-wells and borewells,2025-01-19,400000.0,Physical Inspection,1257,WS/MP386/2024-2025/142494-Construction of rooms and halls in school and colleges,2026-08-27,500000.0,Completed,,,,,,,147000000.0,Rajasthan,NAGAUR,,,,400000.0,64.0,,695.0,,,,,0.27210884353741494,1,1,400000.0,0.0,0.0,600000.0,-33.33333333333333,0,0.0,0.0,0,0,,0,0,0,0,0,0,0,0,0,0,0,0,9.190982329572476,5.51,Low,0.0,None,No material anomaly signal detected.
191,Rajasthan,PALI(DISTRICT COLLECTOR PALI_IDA),Shri PP Chaudhary,SHRI PP CHAUDHARY,PALI,WS/MP389/2024-2025/134429-Construction of buildings for community cultural activities,WS/MP389/2024,Normal/Others,"RANG MANCH KA VISTAR & ANYA VIKAAS KARYA, LAKHOTIYA UDHYAN WARD NO.5,PALI",2024-07-30,2257000.0,2025-01-09,191,WS/MP389/2024-2025/134429-Construction of buildings for community cultural activities,2025-01-09,2257000.0,Work partially Completed,,,,,,,,,,,,147000000.0,Rajasthan,PALI,,,,2257000.0,163.0,,,,,,,1.5353741496598639,1,1,2257000.0,0.0,0.0,600000.0,276.1666666666667,0,0.0,0.0,0,0,,0,0,0,0,0,0,0,0,0,0,0,0,12.107007043752791,7.26,Low,0.0,None,No material anomaly signal detected.
,Tamil Nadu,CHENNAI(COMMISSIONER MUNCIPAL CORPORATION CHENNAI_IDA),Thiru Dayanidhi Maran,THIRU DAYANIDHI MARAN,CHENNAI CENTRAL,,WS/MP391/2025,Normal/Others,"CONSTRUCTION OF BOXING ACADEMY BUILDING IN GOPALAPURAM WARD 111, PART 25, ZONE 9 OF CHENNAI CENTRAL CONSITUENCY",2024-10-09,,,5528,WS/MP391/2025-2026/146422-Construction of buildings for sports facilities,2025-12-06,10000000.0,Work Completed,21984,WS/MP391/2025-2026/146422-Construction of buildings for sports facilities,2025-12-10,9749010.0,Completed,,,,,,,147000000.0,Tamil Nadu,CHENNAI CENTRAL,,,,10000000.0,,,427.0,,,,,6.802721088435375,1,1,10000000.0,0.0,0.0,600000.0,1566.6666666666665,0,0.0,0.0,0,0,,0,0,0,0,0,0,0,0,0,0,0,0,62.611859019229634,37.57,Medium,34.5,None,No material anomaly signal detected.
4725,Tamil Nadu,SIVAGANGA(DISTRICT COLLECTOR SIVAGANGA_IDA),Shri Karti P Chidambaram,SHRI KARTI P CHIDAMBARAM,SIVAGANGA,WS/MP393/2024-2025/144442-Installing community drinking water plants,WS/MP393/2024,Normal/Others,"Providing in (MPLADS 2021-22) R.O.Plant near Gowri Vinayagar Kovil, Thambipatti, Thirupathur Town Panchayat",2024-10-04,350000.0,2024-10-09,8977,"WS/MP393/2024-2025/152373-Construction of roads, link roads, pathways or any other road with or without drainage system",2024-11-14,499714.0,Physical Inspection,2380,WS/MP393/2024-2025/143045-Construction of buildings for community cultural activities,2025-01-25,849864.0,Completed,,,,,,,159049284.11,Tamil Nadu,SIVAGANGA,,,,499714.0,5.0,,113.0,,,,,0.3141881479041383,1,2,10499714.0,0.0,0.0,600000.0,-16.714333333333332,0,0.0,0.0,0,0,,0,0,0,0,0,0,0,0,0,0,0,0,27.612800739632082,16.57,Low,8.2,None,No material anomaly signal detected.
,Tamil Nadu,SIVAGANGA(DISTRICT COLLECTOR SIVAGANGA_IDA),Shri Karti P Chidambaram,SHRI KARTI P CHIDAMBARAM,SIVAGANGA,,WS/MP393/2025,Normal/Others,(MPLADS 2024-25) Extension of Bus Stand in Sivaganga Municipality,2024-10-22,,,6989,WS/MP393/2025-2026/148981-Construction of bus-sheds or bus-stops,2025-09-06,10000000.0,Vendor Identification,10231,WS/MP393/2025-2026/167521-Construction of community centers and community halls,2026-03-24,992411.0,Completed,,,,,,,159049284.11,Tamil Nadu,SIVAGANGA,,,,10000000.0,,,518.0,,,,,6.287359327618164,1,2,10499714.0,0.0,0.0,600000.0,1566.6666666666665,0,0.0,0.0,0,0,,0,0,0,0,0,0,0,0,0,0,0,0,62.43276571198963,37.46,Medium,34.3,None,No material anomaly signal detected.
644,Tamil Nadu,KANNIYAKUMARI(DISTRICT COLLECTOR KANNIYAKUMARI_IDA),Shri vijayakumar Vasanth,SHRI VIJAYAKUMAR VASANTH,KANNIYAKUMARI,WS/MP394/2024-2025/136045-Construction of community centers and community halls,WS/MP394/2024,Normal/Others,peruvilai padipagam arugil samuga nalakoodam amithal,2024-08-17,1500000.0,2024-09-24,634,WS/MP394/2024-2025/136045-Construction of community centers and community halls,2024-09-24,1500000.0,Sanction,15594,WS/MP394/2024-2025/136044-Installing tube-wells and borewells,2025-09-15,300000.0,Completed,,,,,,,171500000.0,Tamil Nadu,KANNIYAKUMARI,,,,1500000.0,38.0,,394.0,,,,,0.8746355685131195,1,2,2500000.0,0.0,0.0,600000.0,150.0,0,0.0,0.0,0,0,,0,0,0,0,0,0,0,0,0,0,0,0,7.016097954869031,4.21,Low,0.0,None,No material anomaly signal detected.
642,Tamil Nadu,KANNIYAKUMARI(DISTRICT COLLECTOR KANNIYAKUMARI_IDA),Shri vijayakumar Vasanth,SHRI VIJAYAKUMAR VASANTH,KANNIYAKUMARI,WS/MP394/2025-2026/136043-Construction of community centers and community halls,WS/MP394/2025,Normal/Others,kottaram peruratchi vilagathil samudhaya nala koodam,2024-08-17,2000000.0,2026-01-13,628,WS/MP394/2025-2026/136038-Construction of community centers and community halls,2026-03-03,1000000.0,Physical Inspection,21419,"WS/MP394/2025-2026/223987-Construction of flood control embankments/ protection walls along riverbanks, hilltops, roadsides",2025-11-27,2000000.0,Completed,,,,,,,171500000.0,Tamil Nadu,KANNIYAKUMARI,,,,1000000.0,514.0,,467.0,,,,,0.5830903790087464,1,2,2500000.0,0.0,0.0,600000.0,66.66666666666666,0,0.0,0.0,0,0,,0,0,0,0,0,0,0,0,0,0,0,0,15.355997080538486,9.21,Low,0.0,None,No material anomaly signal detected.
2473,Andhra Pradesh,KRISHNA(DISTRICT COLLECTOR KRISHNA_IDA),Balashowry Vallabbhaneni,BALASHOWRY VALLABBHANENI,MACHILIPATNAM,WS/MP405/2024-2025/140236-Providing supply pipelines for drinking water,WS/MP405/2024,Normal/Others,Providing supply pipelines and motor for drinking water at Dantaguntla GP of Bapulapadu Mandal in Krishna District,2024-09-10,299297.0,2024-10-30,2391,"WS/MP405/2024-2025/140143-Construction of rooms and facilities for hospitals, FWC , PHC Centers and ANM centers",2025-01-20,499986.0,Physical Inspection,3243,WS/MP405/2024-2025/140236-Providing supply pipelines for drinking water,2025-02-22,299297.0,Completed,,,,,,,147000000.0,Andhra Pradesh,MACHILIPATNAM,,,,499986.0,50.0,,165.0,,,,,0.3401265306122449,1,2,880986.0,967831.0,109.85770488974853,600000.0,-16.669,0,0.0,0.0,0,0,,0,0,0,0,0,0,0,0,0,0,0,0,11.773421129257185,7.06,Low,0.0,None,No material anomaly signal detected.
2424,Andhra Pradesh,KRISHNA(DISTRICT COLLECTOR KRISHNA_IDA),Balashowry Vallabbhaneni,BALASHOWRY VALLABBHANENI,MACHILIPATNAM,WS/MP405/2025-2026/140144-Purchase of hospital equipment,WS/MP405/2025,Normal/Others,"Purchase of Real time micro PCR system for cancer van at GGH, Machilipatnam",2024-09-10,896000.0,2025-12-11,2390,WS/MP405/2025-2026/140142-Improvement of electricity distribution infrastructure,2026-02-06,381000.0,Vendor Identification,17760,WS/MP405/2025-2026/149689-Installing community drinking water plants,2026-03-20,243215.0,Completed,967831.0,2026-08-13,venkateswara rao ganesana,VENKATESWARA RAO GANESANA,2.0,Payment In-Progress,147000000.0,Andhra Pradesh,MACHILIPATNAM,,,,381000.0,457.0,245.0,556.0,254.0238845144357,586831.0,154.0238845144357,-586831.0,0.25918367346938775,1,2,880986.0,967831.0,109.85770488974853,600000.0,-36.5,1,967831.0,967831.0,1,1,100.0,0,1,0,0,0,1,0,0,0,0,2,8,26.679262637409394,19.21,Low,11.5,None,expenditure exceeds effective sanctioned amount
2151,Assam,DHEMAJI(DEPUTY COMMISSIONER DHEMAJI_IDA),Pradan Baruah,PRADAN BARUAH,LAKHIMPUR,WS/MP410/2024-2025/139571-Construction of culverts and bridges,WS/MP410/2024,Normal/Others,"Construction of Temporary Iron Bridge at Kemi River under MPLADS, for the year 2024-25",2024-09-07,3600000.0,2025-03-19,6597,"WS/MP410/2024-2025/148379-Construction of rooms and facilities for hospitals, FWC , PHC Centers and ANM centers",2025-03-28,1000000.0,Work Completed,7574,WS/MP410/2024-2025/162635-Construction of community centers and community halls,2026-01-20,499623.0,Completed,,,,,,,147000000.0,Assam,LAKHIMPUR,,,,1000000.0,193.0,,500.0,,,,,0.6802721088435374,1,2,2000000.0,350377.0,17.51885,600000.0,66.66666666666666,0,0.0,0.0,0,0,,0,0,0,0,0,0,0,0,0,0,0,0,14.820250031817627,8.89,Low,0.0,None,No material anomaly signal detected.
,Assam,DHEMAJI(DEPUTY COMMISSIONER DHEMAJI_IDA),Pradan Baruah,PRADAN BARUAH,LAKHIMPUR,,WS/MP410/2025,Normal/Others,"Const. of office building of Jonai Bar Association, Jonai LAC under MPLAD, FY 2024-25",2024-10-19,,,6598,WS/MP410/2025-2026/148380-Construction of community centers and community halls,2025-08-18,1000000.0,Vendor Identification,6121,WS/MP410/2025-2026/178462-Construction of rooms and halls in school and colleges,2025-12-31,698519.0,Completed,350377.0,2026-08-25,Manuj Kumar Telia,MANUJ KUMAR TELIA,1.0,Payment In-Progress,147000000.0,Assam,LAKHIMPUR,,,,1000000.0,,,438.0,35.0377,-649623.0,-64.9623,649623.0,0.6802721088435374,1,2,2000000.0,350377.0,17.51885,600000.0,66.66666666666666,1,350377.0,350377.0,1,1,100.0,0,0,0,0,0,0,0,0,0,0,0,0,20.048329229501046,12.03,Low,2.5,None,No material anomaly signal detected.
2478,Bihar,GOPALGANJ(DISTRICT PLANNING OFFICER GOPALGANJ_IDA),Alok Kumar Suman,ALOK KUMAR SUMAN,GOPALGANJ (SC),"WS/MP413/2024-2025/140245-Construction of roads, link roads, pathways or any other road with or without drainage system",WS/MP413/2024,Normal/Others,"Under the Member of Parliament Local Area Development Scheme, the boundary wall cum PCC of the District Planning Office located in the District Collectorate premises is being constructed from my MP Fund. An amount of up to ten lakh fifty thousand rupees is recommended for the construction work.",2024-09-11,1032374.0,2024-10-01,2446,"WS/MP413/2024-2025/140245-Construction of roads, link roads, pathways or any other road with or without drainage system",2024-10-01,1032374.0,Physical Inspection,4755,"WS/MP413/2024-2025/140245-Construction of roads, link roads, pathways or any other road with or without drainage system",2025-03-25,1032374.0,Completed,,,,,,,147000000.0,Bihar,GOPALGANJ (SC),,,,1032374.0,20.0,,195.0,,,,,0.7022952380952381,1,3,3022374.0,2849175.0,94.26943852746219,600000.0,72.06233333333333,0,0.0,0.0,0,0,,0,0,0,0,0,0,0,0,0,0,0,0,20.10273810359971,12.06,Low,2.6,None,No material anomaly signal detected.
,Bihar,GOPALGANJ(DISTRICT PLANNING OFFICER GOPALGANJ_IDA),Alok Kumar Suman,ALOK KUMAR SUMAN,GOPALGANJ (SC),,WS/MP413/2025,Normal/Others,"Under the Member of Parliament Local Area Development Scheme, an amount of Rs 49 lakh 90 thousand is recommended from my MP fund for the supply and installation of 5 high mast lights (including electricity) in Gopalganj Municipal Council and Barauli Municipal Council of Gopalganj district.",2024-10-30,,,7588,WS/MP413/2025-2026/150089-Lighting of public spaces,2025-08-13,995000.0,Physical Inspection,20866,WS/MP413/2025-2026/179138-Fitting of Sitting RCC Benches in Public Places,2026-04-27,1482052.0,Completed,2849175.0,2026-08-08,PRAMOD KUMAR RAY,PRAMOD KUMAR RAY,4.0,Payment Success,147000000.0,Bihar,GOPALGANJ (SC),,,,995000.0,,,544.0,286.3492462311558,1854175.0,186.34924623115577,-1854175.0,0.6768707482993197,1,3,3022374.0,2849175.0,94.26943852746219,600000.0,65.83333333333333,1,2849175.0,2849175.0,1,1,100.0,0,1,0,0,0,1,0,0,0,0,2,8,28.112938087057866,20.07,Low,12.6,None,expenditure exceeds effective sanctioned amount
,Bihar,GOPALGANJ(DISTRICT PLANNING OFFICER GOPALGANJ_IDA),Alok Kumar Suman,ALOK KUMAR SUMAN,GOPALGANJ (SC),,WS/MP413/2026,Normal/Others,"Under the Member of Parliament Local Area Development Scheme, an amount of Rs 49 lakh 90 thousand is recommended from my MP fund for the supply and installation of 5 high mast lights (including electricity) in Hathua Nagar Panchayat and Barauli Nagar Parishad of Gopalganj district.",2024-11-03,,,7785,WS/MP413/2026-2027/150424-Lighting of public spaces,2026-05-19,995000.0,Physical Inspection,,,,,,,,,,,,147000000.0,Bihar,GOPALGANJ (SC),,,,995000.0,,,,,,,,0.6768707482993197,0,3,3022374.0,2849175.0,94.26943852746219,600000.0,65.83333333333333,0,0.0,0.0,0,0,,0,0,0,0,0,0,0,0,0,0,0,0,6.854885244465317,4.11,Low,0.0,None,No material anomaly signal detected.
,Bihar,DARBHANGA(DISTRICT PLANNING OFFICER DARBANGA_IDA),Ashok Kumar Yadav,ASHOK KUMAR YADAV,MADHUBANI,,WS/MP416/2024,Normal/Others,Supply And installation Mini High Mast Lightning System AT badh Pokhara Chowk,2024-11-05,,,7998,WS/MP416/2024-2025/150765-Street lights,2025-03-01,495000.0,Physical Inspection,3667,WS/MP416/2024-2025/145370-Construction of community centers and community halls,2025-07-14,933991.0,Completed,,,,,,,147000000.0,Bihar,MADHUBANI,,,,495000.0,,,251.0,,,,,0.336734693877551,1,2,990000.0,0.0,0.0,600000.0,-17.5,0,0.0,0.0,0,0,,0,0,0,0,0,0,0,0,0,0,0,0,4.066465555915677,2.44,Low,0.0,None,No material anomaly signal detected.
,Bihar,DARBHANGA(DISTRICT PLANNING OFFICER DARBANGA_IDA),Ashok Kumar Yadav,ASHOK KUMAR YADAV,MADHUBANI,,WS/MP416/2025,Normal/Others,Supply And installation Mini High Mast Lightning System AT Gandhi Chowk Chhatwan,2024-11-05,,,8000,WS/MP416/2025-2026/150767-Street lights,2025-12-25,495000.0,Work Completed,21828,"WS/MP416/2025-2026/203195-Construction of roads, link roads, pathways or any other road with or without drainage system",2025-12-04,939773.0,Completed,,,,,,,147000000.0,Bihar,MADHUBANI,,,,495000.0,,,394.0,,,,,0.336734693877551,1,2,990000.0,0.0,0.0,600000.0,-17.5,0,0.0,0.0,0,0,,0,0,0,0,0,0,0,0,0,0,0,0,0.0,0.0,Low,0.0,None,No material anomaly signal detected.
16,Bihar,ARARIA(DISTRICT PLANNING OFFICER ARARIA_IDA),Pradeep Kumar Singh,PRADEEP KUMAR SINGH,ARARIA,"WS/MP418/2024-2025/133409-Construction of roads, link roads, pathways or any other road with or without drainage system",WS/MP418/2024,Normal/Others,"PCC Road from Permeshwar Bhagat house to Ramdev Master house at ward no 15, uder Forbesganj Block.",2024-07-12,448127.0,2024-07-14,6726,WS/MP418/2024-2025/148555-Setting up of laboratories,2024-12-27,2475000.0,Physical Inspection,2569,WS/MP418/2024-2025/153942-Setting up of laboratories,2025-07-03,2475000.0,Completed,,,,,,,147000000.0,Bihar,ARARIA,,,,2475000.0,2.0,,356.0,,,,,1.683673469387755,1,1,2475000.0,0.0,0.0,600000.0,312.5,0,0.0,0.0,0,0,,0,0,0,0,0,0,0,0,0,0,0,0,14.652693224865807,8.79,Low,0.0,None,No material anomaly signal detected.
3590,Bihar,SUPAUL(DISTRICT PLANNING OFFICER SUPAUL_IDA),Dileshwar Kamait,DILESHWAR KAMAIT,SUPAUL,"WS/MP422/2024-2025/142412-Construction of roads, link roads, pathways or any other road with or without drainage system",WS/MP422/2024,Normal/Others,SADAK KA NIRMAN TATHA PCC DHALAI KARYA,2024-09-21,1171823.0,2025-01-04,8512,WS/MP422/2024-2025/151606-Lighting of public spaces,2025-03-27,921000.0,Physical Inspection,7097,"WS/MP422/2024-2025/142412-Construction of roads, link roads, pathways or any other road with or without drainage system",2025-06-30,1171823.0,Completed,,,,,,,150450930.89,Bihar,SUPAUL,,,,921000.0,105.0,,282.0,,,,,0.6121597218121407,1,2,2383770.0,0.0,0.0,600000.0,53.5,0,0.0,0.0,0,0,,0,0,0,0,0,0,0,0,0,0,0,0,5.091724244200202,3.06,Low,0.0,None,No material anomaly signal detected.
3263,Bihar,SUPAUL(DISTRICT PLANNING OFFICER SUPAUL_IDA),Dileshwar Kamait,DILESHWAR KAMAIT,SUPAUL,"WS/MP422/2025-2026/141663-Construction of roads, link roads, pathways or any other road with or without drainage system",WS/MP422/2025,Normal/Others,SADAK KI UCHAIKARAN TATHA PCC DHALAI KARYA,2024-09-18,1462770.0,2025-09-10,3219,"WS/MP422/2025-2026/141663-Construction of roads, link roads, pathways or any other road with or without drainage system",2025-09-10,1462770.0,Physical Inspection,18894,"WS/MP422/2025-2026/165923-Construction of roads, link roads, pathways or any other road with or without drainage system",2026-01-14,1371604.0,Completed,,,,,,,150450930.89,Bihar,SUPAUL,,,,1462770.0,357.0,,483.0,,,,,0.972257194652709,1,2,2383770.0,0.0,0.0,600000.0,143.79500000000002,0,0.0,0.0,0,0,,0,0,0,0,0,0,0,0,0,0,0,0,8.668641769529858,5.2,Low,0.0,None,No material anomaly signal detected.
2397,West Bengal,KOLKATA(COMMISSIONER KOLKATA MUNICIPAL CORPORATION_IDA),Shri Abhishek Banerjee,SHRI ABHISHEK BANERJEE,DIAMOND HARBOUR,"WS/MP423/2024-2025/140068-Construction of roads, link roads, pathways or any other road with or without drainage system",WS/MP423/2024,Normal/Others,Construction of CC Road with Drain from Holding No. X-64 to X-99 Khaldhari Road. (75 mtr),2024-09-17,497670.0,2024-12-12,2634,WS/MP423/2024-2025/140574-Street lights,2025-03-12,994000.0,Physical Inspection,20402,"WS/MP423/2024-2025/138674-Construction of roads, link roads, pathways or any other road with or without drainage system",2026-08-21,299815.0,Completed,,,,,,,147000000.0,West Bengal,DIAMOND HARBOUR,,,,994000.0,86.0,,703.0,,,,,0.6761904761904761,1,2,1894000.0,1143503.0,60.37502639915523,600000.0,65.66666666666666,0,0.0,0.0,0,0,,0,0,0,1,0,0,0,0,0,0,1,14,5.851413704967532,9.11,Low,0.0,Delayed Project,project duration is unusually long
1883,West Bengal,South 24 Parganas(DISTRICT MAGISTRATE SOUTH TWENTY FOUR PARGANAS_IDA),Shri Abhishek Banerjee,SHRI ABHISHEK BANERJEE,DIAMOND HARBOUR,"WS/MP423/2025-2026/139237-Purchase of ambulances (Four, three and two wheelers)",WS/MP423/2025,Normal/Others,Ambulance is required for the Gulzarbagh Nizamnagar surrounding area.,2024-09-05,900000.0,2025-09-25,1859,"WS/MP423/2025-2026/139237-Purchase of ambulances (Four, three and two wheelers)",2025-09-25,900000.0,Work partially Completed,8497,WS/MP423/2025-2026/191020-Construction of road under bridge,2026-01-13,789685.0,Completed,1143503.0,2026-08-25,SHREYAN CONSTRUCTION,SHREYAN CONSTRUCTION,2.0,Payment In-Progress,147000000.0,West Bengal,DIAMOND HARBOUR,,,,900000.0,385.0,334.0,495.0,127.05588888888887,243503.0,27.05588888888889,-243503.0,0.6122448979591837,1,2,1894000.0,1143503.0,60.37502639915523,600000.0,50.0,1,1143503.0,1143503.0,1,1,100.0,0,1,0,0,0,1,0,0,0,0,2,8,21.560686396009626,16.14,Low,7.7,None,expenditure exceeds effective sanctioned amount
852,Bihar,MADHUBANI(DISTRICT PLANNING OFFICER MADHUBANI_IDA),Ramprit Mandal,RAMPRIT MANDAL,JHANJHARPUR,WS/MP423/2026-2027/136934-Installing community drinking water plants,WS/MP423/2026,Normal/Others,Pandaul Prakhand ke Dahibhat Madhopur west Panchayat ke Salempur Gaw ke ward no 8 me Rajkishor Mishra ke Ghar ke bagal me Sarak Kinare Submersible Pump ka Adhisthapan Karya,2024-08-24,200000.0,2026-04-22,843,WS/MP423/2026-2027/136934-Installing community drinking water plants,2026-04-22,200000.0,Physical Inspection,,,,,,,,,,,,147000000.0,Bihar,JHANJHARPUR,,,,200000.0,606.0,,,,,,,0.13605442176870747,0,1,200000.0,0.0,0.0,600000.0,-66.66666666666666,0,0.0,0.0,0,0,,0,0,0,0,0,0,0,0,0,0,0,0,17.916403751500013,10.75,Low,0.9,None,No material anomaly signal detected.
4393,Chhattisgarh,Mohla-Manpur-Ambagarh Chouki(Collector MMC_IDA),Santosh Pandey,SANTOSH PANDEY,RAJNANDGAON,WS/MP428/2024-2025/143950-Purchase of books and periodicals for libraries/digitization of library books,WS/MP428/2024,Normal/Others,Book Supply in 25 Govt. School of MMC District,2024-09-27,2499475.0,2025-01-03,4323,WS/MP428/2024-2025/143950-Purchase of books and periodicals for libraries/digitization of library books,2025-01-03,2499475.0,Physical Inspection,1134,WS/MP428/2024-2025/149048-Construction of artificial reef,2026-03-16,300000.0,Completed,,,,,,,147000000.0,Chhattisgarh,RAJNANDGAON,,,,2499475.0,98.0,,535.0,,,,,1.7003231292517007,1,1,2499475.0,0.0,0.0,600000.0,316.57916666666665,0,0.0,0.0,0,0,,0,0,0,0,0,0,0,0,0,0,0,0,14.122350921374146,8.47,Low,0.0,None,No material anomaly signal detected.
4855,Chhattisgarh,KORBA(Collector-Korba),Jyotsna Charandas Mahant,JYOTSNA CHARANDAS MAHANT,KORBA,WS/MP429/2024-2025/144853-Construction of buildings for community cultural activities,WS/MP429/2024,Normal/Others,"Construction of Manch at Gram Panchayat - Baigapali, Vikas Khand - Kartala",2024-10-01,400000.0,2024-11-11,2603,WS/MP429/2024-2025/140534-Construction of common work sheds/ common covered sitting area,2025-03-18,200000.0,Vendor Identification,1690,WS/MP429/2024-2025/156835-Construction of additional rooms and halls in the existing public and community building,2026-08-11,299975.0,Completed,,,,,,,155153738.11,Chhattisgarh,KORBA,,,,200000.0,41.0,,679.0,,,,,0.12890440310126794,1,2,500000.0,569193.0,113.83859999999999,600000.0,-66.66666666666666,0,0.0,0.0,0,0,,0,0,0,0,0,0,0,0,0,0,0,0,8.565685401847452,5.14,Low,0.0,None,No material anomaly signal detected.
4344,Chhattisgarh,KORBA(Collector-Korba),Jyotsna Charandas Mahant,JYOTSNA CHARANDAS MAHANT,KORBA,WS/MP429/2025-2026/143884-Construction of common work sheds/ common covered sitting area,WS/MP429/2025,Normal/Others,Construction of Common Shed for public at Sahu Mohalla near Sai Mandir. Nagar Panchayat - Chhurikala,2024-09-26,250000.0,2025-04-29,4269,WS/MP429/2025-2026/143879-Construction of common work sheds/ common covered sitting area,2025-05-28,300000.0,Work partially Completed,16421,WS/MP429/2025-2026/232074-Installing tube-wells and borewells,2026-08-10,197532.0,Completed,569193.0,2026-08-27,GRAM PANCHAYAT BARIUMRAON,GRAM PANCHAYAT BARIUMRAON,3.0,Payment In-Progress,155153738.11,Chhattisgarh,KORBA,,,,300000.0,215.0,485.0,683.0,189.731,269193.0,89.73100000000001,-269193.0,0.1933566046519019,1,2,500000.0,569193.0,113.83859999999999,600000.0,-50.0,1,569193.0,569193.0,1,1,100.0,0,1,0,0,0,1,0,0,0,0,2,8,21.301760952607648,15.98,Low,7.5,None,expenditure exceeds effective sanctioned amount
525,Haryana,GURUGRAM(DC CUM NODAL OFFICER MPLADS_5),Rao Inderjit Singh,RAO INDERJIT SINGH,GURGAON,WS/MP431/2024-2025/135774-Construction of buildings for community cultural activities,WS/MP431/2024,Trust and Society,Const. of Jat Bhawan,2024-08-15,1500000.0,2024-12-16,7057,WS/MP431/2024-2025/149099-Construction of community centers and community halls,2025-02-21,2099331.0,Vendor Identification,9069,"WS/MP431/2024-2025/176331-Construction of roads, link roads, pathways or any other road with or without drainage system",2026-07-10,1000000.0,Completed,,,,,,,147000000.0,Haryana,GURGAON,,,,2099331.0,123.0,,694.0,,,,,1.4281163265306123,1,3,3999118.0,3594646.0,89.88596985635333,1000000.0,109.93310000000001,0,0.0,0.0,0,0,,0,0,0,0,0,0,0,0,0,0,0,0,46.09772031597406,27.66,Low,22.1,None,No material anomaly signal detected.
,Haryana,GURUGRAM(DC CUM NODAL OFFICER MPLADS_5),Rao Inderjit Singh,RAO INDERJIT SINGH,GURGAON,,WS/MP431/2025,Normal/Others,Completion work of Balmiki Chaupal,2024-11-12,,,8856,WS/MP431/2025-2026/152156-Construction of community centers and community halls,2025-05-13,400000.0,Sanction,15265,"WS/MP431/2025-2026/222045-Construction of roads, link roads, pathways or any other road with or without drainage system",2026-04-17,1492000.0,Completed,3594646.0,2026-08-25,THE MANGAWAS COOPERATIVE LABOUR AND CONSTRUCTION SOCIETY LTD,THE MANGAWAS COOPERATIVE LABOUR AND CONSTRUCTION SOCIETY LTD,8.0,Payment In-Progress,147000000.0,Haryana,GURGAON,,,,400000.0,,,521.0,898.6615,3194646.0,798.6614999999999,-3194646.0,0.27210884353741494,1,3,3999118.0,3594646.0,89.88596985635333,600000.0,-33.33333333333333,1,3594646.0,3594646.0,1,1,100.0,0,1,0,0,0,1,0,0,0,0,2,8,39.68685762918783,27.01,Low,21.3,None,expenditure exceeds effective sanctioned amount
,Haryana,HISAR(DEPUTY COMMISSIONER HISSAR_IDA),Rao Inderjit Singh,RAO INDERJIT SINGH,GURGAON,,WS/MP431/2026,Trust and Society,"Completion of 3rd Floor Construction, Yadav Dharmshala, and Installation of Rooftop Solar Power Plant",2024-10-23,,,7086,WS/MP431/2026-2027/149155-Construction of community centers and community halls,2026-05-21,1499787.0,Sanction,,,,,,,,,,,,147000000.0,Haryana,GURGAON,,,,1499787.0,,,,,,,,1.0202632653061225,0,3,3999118.0,3594646.0,89.88596985635333,1000000.0,49.978699999999996,0,0.0,0.0,0,0,,0,0,0,0,0,0,0,0,0,0,0,0,36.53642435937699,21.92,Low,14.9,None,No material anomaly signal detected.
,Jharkhand,RANCHI(DEPUTY COMMISSIONER RANCHI_IDA),Sanjay Seth,SANJAY SETH,RANCHI,,WS/MP435/2024,Normal/Others,"Beautification of Netaji Subhash Chandra Bose's Statue, Near Hawan Kund Mandir at ward-18, Sradhanand road, Near Congres office, Ranchi.",2024-10-09,,,5603,WS/MP435/2024-2025/146546-Construction of common work sheds/ common covered sitting area,2024-12-31,255800.0,Vendor Identification,1731,"WS/MP435/2024-2025/146299-Construction of roads, link roads, pathways or any other road with or without drainage system",2026-04-03,283200.0,Completed,,,,,,,147064357.11,Jharkhand,RANCHI,,,,255800.0,,,541.0,,,,,0.17393745502091223,1,1,255800.0,0.0,0.0,600000.0,-57.36666666666667,0,0.0,0.0,0,0,,0,0,0,0,0,0,0,0,0,0,0,0,2.6732866866740355,1.6,Low,0.0,None,No material anomaly signal detected.
1629,Madhya Pradesh,RAJGARH(DISTRICT COLLECTOR RAJGARH_IDA),Rodmal Nagar,RODMAL NAGAR,RAJGARH,WS/ MP443/2024-2025/138725-Construction of common work sheds/ common covered sitting area,WS/MP443/2024,Normal/Others,General workshed with toilets full brick work (40×30feet),2024-09-03,2353000.0,2024-11-09,1610,WS/ MP443/2024-2025/138721-Construction of common work sheds/ common covered sitting area,2024-11-12,16177075.0,Work Completed,497,WS/ MP443/2024-2025/138723-Construction of common work sheds/ common covered sitting area,2026-02-23,2258932.0,Completed,,,,,,,147000000.0,Madhya Pradesh,RAJGARH,,,,16177075.0,67.0,,538.0,,,,,11.004812925170068,1,2,16277075.0,0.0,0.0,600000.0,2596.179166666667,0,0.0,0.0,0,0,,0,0,0,0,0,0,0,0,0,0,0,0,73.26717302340498,43.96,Medium,42.4,ML Anomaly,multivariate pattern is unusual versus uploaded batch
3889,Madhya Pradesh,RAJGARH(DISTRICT COLLECTOR RAJGARH_IDA),Rodmal Nagar,RODMAL NAGAR,RAJGARH,WS/ MP443/2025-2026/142913-Installation of fixed garden gym equipment,WS/MP443/2025,Normal/Others,"open gym material (ped deck, rover, air swing swing, leg press, surf board, cross trainer, parralel bar)",2024-09-23,387988.0,2025-04-21,2328,WS/ MP443/2025-2026/140023-Purchase Books for Library,2025-04-26,100000.0,Vendor Identification,9465,WS/ MP443/2025-2026/179905-Construction of community centers and community halls,2026-04-24,474678.0,Completed,,,,,,,147000000.0,Madhya Pradesh,RAJGARH,,,,100000.0,210.0,,578.0,,,,,0.06802721088435373,1,2,16277075.0,0.0,0.0,600000.0,-83.33333333333334,0,0.0,0.0,0,0,,0,0,0,0,0,0,0,0,0,0,0,0,25.0782356989362,15.05,Low,6.3,None,No material anomaly signal detected.
,Madhya Pradesh,BETUL(DISTRICT COLLECTOR BETUL_IDA),Durga Das Uikey,DURGA DAS UIKEY,BETUL(ST),,WS/MP444/2024,Normal/Others,L.No. 179 Dt. 07.10.24 Gram Panchayat Batlakala ke Batlakala me,2024-10-08,,,5427,WS/MP444/2024-2025/146221-Purchase of mobile water tankers,2025-02-20,190546.0,Physical Inspection,11860,WS/MP444/2024-2025/146257-Purchase of mobile water tankers,2026-01-29,190546.0,Completed,,,,,,,151569502.91,Madhya Pradesh,BETUL(ST),,,,190546.0,,,478.0,,,,,0.12571526352048787,1,2,381092.0,75000.0,19.680287174750454,600000.0,-68.24233333333333,0,0.0,0.0,0,0,,0,0,0,0,0,0,0,0,0,0,0,0,2.273898186970419,1.36,Low,0.0,None,No material anomaly signal detected.
,Madhya Pradesh,Khandwa (East Nimar)(DISTRICT COLLECTOR EAST NIMAR_IDA),Durga Das Uikey,DURGA DAS UIKEY,BETUL(ST),,WS/MP444/2025,Normal/Others,L.No. 181 Betul Dt. 07.10.2024 Gram Panchayat Awaliya ke Gram Awaliya me Water Tenkar,2024-10-14,,,5562,WS/MP444/2025-2026/146472-Purchase of mobile water tankers,2025-04-03,190546.0,Physical Inspection,16395,WS/MP444/2025-2026/200250-Construction of bus-sheds or bus-stops,2026-03-10,259942.0,Completed,75000.0,2026-08-20,YADAV TRADERS,YADAV TRADERS,1.0,Payment In-Progress,151569502.91,Madhya Pradesh,BETUL(ST),,,,190546.0,,,512.0,39.36057434950091,-115546.0,-60.63942565049909,115546.0,0.12571526352048787,1,2,381092.0,75000.0,19.680287174750454,600000.0,-68.24233333333333,1,75000.0,75000.0,1,1,100.0,0,0,0,0,0,0,0,0,0,0,0,0,20.549930417203658,12.33,Low,2.9,None,No material anomaly signal detected.
3494,Tamil Nadu,Viluppuram(DISTRICT COLLECTOR VILLUPURAM_IDA),D Ravikumar,D RAVIKUMAR,VILUPPURAM(SC),WS/MP457/2024-2025/142109-Construction of buildings for community cultural activities,WS/MP457/2024,Normal/Others,"Drama Stage in Ward No 32, Vazhuthareddy, Viluppuram Municipality",2024-09-20,800000.0,2024-11-20,7139,WS/MP457/2024-2025/149286-Crematoriums/energy efficient crematoriums or structures on burial/cremation ground,2025-03-03,600000.0,Physical Inspection,15325,WS/MP457/2024-2025/176134-Street lights,2026-02-11,249998.0,Completed,,,,,,,197598306.11,Tamil Nadu,VILUPPURAM(SC),,,,600000.0,61.0,,509.0,,,,,0.3036463276491798,1,1,600000.0,0.0,0.0,600000.0,0.0,0,0.0,0.0,0,0,,0,0,0,0,0,0,0,0,0,0,0,0,7.275417891566461,4.37,Low,0.0,None,No material anomaly signal detected.
,Tamil Nadu,Thoothukkudi(DISTRICT COLLECTOR THOOTHUKUDI_IDA),Kanimozhi Karunanidhi,KANIMOZHI KARUNANIDHI,THOOTHUKKUDI,,WS/MP458/2024,Normal/Others,Construction of Anganwadi centre at Punnakayal Panchayat in Alwarthirunagari Union,2024-11-02,,,7587,WS/MP458/2024-2025/150087-Construction of buildings for crèches and anganwadies,2025-03-25,1749114.0,Physical Inspection,4756,WS/MP458/2024-2025/150087-Construction of buildings for crèches and anganwadies,2025-06-30,1749114.0,Completed,,,,,,,147000000.0,Tamil Nadu,THOOTHUKKUDI,,,,1749114.0,,,240.0,,,,,1.189873469387755,1,3,8748954.0,4930818.0,56.358943023360276,600000.0,191.519,0,0.0,0.0,0,0,,0,0,0,0,0,0,0,0,0,0,0,0,27.88779571690444,16.73,Low,8.4,None,No material anomaly signal detected.
,Tamil Nadu,Thoothukkudi(DISTRICT COLLECTOR THOOTHUKUDI_IDA),Kanimozhi Karunanidhi,KANIMOZHI KARUNANIDHI,THOOTHUKKUDI,,WS/MP458/2025,Normal/Others,Construction of Community Hall at Pommaiahpuram Village in Sakkammalpuram Panchayat Vilathikulam Panchayat Union,2024-11-02,,,7572,WS/MP458/2025-2026/150048-Construction of community centers and community halls,2026-02-23,3999840.0,Physical Inspection,21823,WS/MP458/2025-2026/149728-Construction of rooms and halls in school and colleges,2026-08-07,3596664.0,Completed,,,,,,,147000000.0,Tamil Nadu,THOOTHUKKUDI,,,,3999840.0,,,643.0,,,,,2.7209795918367345,1,3,8748954.0,4930818.0,56.358943023360276,600000.0,566.64,0,0.0,0.0,0,0,,0,0,0,0,0,0,0,0,0,0,0,0,42.913201191990154,25.75,Low,19.7,None,No material anomaly signal detected.
,Tamil Nadu,Thoothukkudi(DISTRICT COLLECTOR THOOTHUKUDI_IDA),Kanimozhi Karunanidhi,KANIMOZHI KARUNANIDHI,THOOTHUKKUDI,,WS/MP458/2026,Normal/Others,Construction of 100000 litre capacity of OHT at Adithanar colony in Kayamozhi Panchayat in Tiruchendur Union,2024-11-02,,,7579,WS/MP458/2026-2027/150074-Construction of water tanks,2026-05-21,3000000.0,Vendor Identification,,,,,,4930818.0,2026-07-22,Sree and Co,SREE AND CO,3.0,Payment In-Progress,147000000.0,Tamil Nadu,THOOTHUKKUDI,,,,3000000.0,,,,164.36059999999998,1930818.0,64.3606,-1930818.0,2.0408163265306123,0,3,8748954.0,4930818.0,56.358943023360276,600000.0,400.0,1,4930818.0,4930818.0,1,1,100.0,0,1,0,0,0,1,0,0,0,0,2,8,61.315971757880874,39.99,Medium,37.5,None,expenditure exceeds effective sanctioned amount
,Tamil Nadu,CHENNAI(COMMISSIONER MUNCIPAL CORPORATION CHENNAI_IDA),T Sumathy (A) Thamizhachi Thangapandian,T SUMATHY A THAMIZHACHI THANGAPANDIAN,CHENNAI SOUTH,,WS/MP459/2025,Normal/Others,Purchase Books for Government Schools Library,2024-10-23,,,7052,WS/MP459/2025-2026/149090-Purchase of books and periodicals for libraries/digitization of library books,2026-02-19,1600000.0,Work partially Completed,18406,"WS/MP459/2025-2026/149089-Construction of rooms and facilities for hospitals, FWC , PHC Centers and ANM centers",2026-02-17,10478968.0,Completed,,,,,,,147000000.0,Tamil Nadu,CHENNAI SOUTH,,,,1600000.0,,,482.0,,,,,1.0884353741496597,1,1,1600000.0,0.0,0.0,600000.0,166.66666666666669,0,0.0,0.0,0,0,,0,0,0,0,0,0,0,0,0,0,0,0,3.540618150357263,2.12,Low,0.0,None,No material anomaly signal detected.
1095,Uttar Pradesh,UNNAO(DISTRICT MAGIISTRATE UNNAO_IDA),Swami Sachchidanandhari Sakshi ji Maharaj,SWAMI SACHCHIDANANDHARI SAKSHI JI MAHARAJ,UNNAO,"WS/MP465/2024-2025/137496-Construction of roads, link roads, pathways or any other road with or without drainage system",WS/MP465/2024,Normal/Others,?????? ??? ?? ??????? ?????????? ??? ????????? ???? ?? ??? ??? ???? ? ?????????? ?????,2024-08-28,848185.0,2024-11-21,1082,"WS/MP465/2024-2025/137493-Construction of roads, link roads, pathways or any other road with or without drainage system",2024-12-05,1066257.0,Physical Inspection,2276,"WS/MP465/2024-2025/137492-Construction of roads, link roads, pathways or any other road with or without drainage system",2026-01-16,334804.0,Completed,,,,,,,147000000.0,Uttar Pradesh,UNNAO,,,,1066257.0,85.0,,506.0,,,,,0.7253448979591837,1,1,1066257.0,0.0,0.0,600000.0,77.70949999999999,0,0.0,0.0,0,0,,0,0,0,0,0,0,0,0,0,0,0,0,1.6135925448392114,0.97,Low,0.0,None,No material anomaly signal detected.
1102,Uttar Pradesh,JHANSI(DISTRICT MAGISTRAE JHANSI_IDA),Anurag Sharma,ANURAG SHARMA,JHANSI,WS/MP468/2024-2025/137550-Construction of rooms and halls in school and colleges,WS/MP468/2024,Normal/Others,Construction of Laboratory room at Smt. Bhagwati Devi Thapak Inter College Sakrar Block Bangra.,2024-08-28,498365.0,2024-10-28,7338,WS/MP468/2024-2025/149673-Installing hand pumps,2025-01-03,224200.0,Physical Inspection,9704,WS/MP468/2024-2025/185937-Construction of community centers and community halls,2026-03-10,997920.0,Completed,,,,,,,147000000.0,Uttar Pradesh,JHANSI,,,,224200.0,61.0,,559.0,,,,,0.1525170068027211,1,1,224200.0,0.0,0.0,600000.0,-62.63333333333333,0,0.0,0.0,0,0,,0,0,0,0,0,0,0,0,0,0,0,0,4.206361246003949,2.52,Low,0.0,None,No material anomaly signal detected.
,Uttarakhand,AGRA(DISTRICT MAGISTRAE AGRA_IDA),Mala Rajya Laxmi Shah,MALA RAJYA LAXMI SHAH,TEHRI GARHWAL,,WS/MP478/2024,Normal/Others,"Gram Mutawai me Munni devi ke khet se Mahesh Sharam ke Ghar tak C.C mrag Nirman Karya, (Woorking Agency R E S Agra )",2024-10-25,,,7187,WS/MP478/2024-2025/149449-Construction of footpaths and pedestrian ways,2024-11-27,2498299.0,Physical Inspection,3453,WS/MP478/2024-2025/154259-Construction of footpaths and pedestrian ways,2026-05-11,198368.0,Completed,239085.0,2026-07-14,Jain Industries,JAIN INDUSTRIES,1.0,Payment Success,147000000.0,Uttarakhand,TEHRI GARHWAL,,,,2498299.0,,,563.0,9.56991136769458,-2259214.0,-90.43008863230541,2259214.0,1.6995231292517006,1,1,2498299.0,239085.0,9.56991136769458,600000.0,316.3831666666667,1,239085.0,239085.0,1,1,100.0,0,0,0,0,0,0,0,0,0,0,0,0,43.67526879507138,26.21,Low,20.3,None,No material anomaly signal detected.
2441,West Bengal,BANKURA(DISTRICT MAGISTRATE BANKURA_IDA),Saumitra khan,SAUMITRA KHAN,BISHNUPUR(SC),WS/MP479/2024-2025/140168-Lighting of public spaces,WS/MP479/2024,Normal/Others,"Installation of Solar LED Light with Pole (Lights 24Watt x 2, Pole 7mtr. Octagonal with Manual Ladder, Battery 12.8V,30A H Lithium ferro, Module 150Wp Solar Panel) Total 4 Nos. X 65000/ each",2024-09-10,259864.0,2024-12-13,1594,WS/MP479/2024-2025/138684-Construction of common work sheds/ common covered sitting area,2025-01-06,649868.0,Physical Inspection,21774,WS/MP479/2024-2025/138671-Construction of common work sheds/ common covered sitting area,2026-08-10,447332.0,Completed,,,,,,,147000000.0,West Bengal,BISHNUPUR(SC),,,,649868.0,94.0,,699.0,,,,,0.442087074829932,1,1,649868.0,0.0,0.0,600000.0,8.311333333333334,0,0.0,0.0,0,0,,0,0,0,1,0,0,0,0,0,0,1,14,5.700710026040219,9.02,Low,0.0,Delayed Project,project duration is unusually long
,West Bengal,KOLKATA(COMMISSIONER KOLKATA MUNICIPAL CORPORATION_IDA),Mala Roy,MALA ROY,KOLKATA DAKSHIN,,WS/MP484/2024,Normal/Others,"IMPROVEMENT OF PASSAGE BY LAYING PAVER BLOCK AND OTHER ANCILLARY CIVIL WORKS AT 9, BAKUL TALA LANE AND ITS SURROUNDING AREAS IN WARD 67.",2024-10-26,,,7277,WS/MP484/2024-2025/149553-Construction of footpaths and pedestrian ways,2025-01-06,1449042.0,Physical Inspection,12158,WS/MP484/2024-2025/155922-Street lights,2026-02-20,1487723.0,Completed,,,,,,,147000000.0,West Bengal,KOLKATA DAKSHIN,,,,1449042.0,,,482.0,,,,,0.985742857142857,1,1,1449042.0,0.0,0.0,600000.0,141.507,0,0.0,0.0,0,0,,0,0,0,0,0,0,0,0,0,0,0,0,2.669706188519647,1.6,Low,0.0,None,No material anomaly signal detected.
1014,West Bengal,South 24 Parganas(DISTRICT MAGISTRATE SOUTH TWENTY FOUR PARGANAS_IDA),Pratima Mondal,PRATIMA MONDAL,JOYNAGAR(SC),"WS/MP485/2024-2025/137236-Construction of roads, link roads, pathways or any other road with or without drainage system",WS/MP485/2024,Normal/Others,Construction of Concrete chatalon the field at the near of Shimultala Jame Masjid Under Kanthalberia,2024-08-27,599072.0,2025-03-06,997,WS/MP485/2024-2025/137228-Providing drains and gutters for public drainage,2025-03-21,1100000.0,Work Completed,21178,WS/MP485/2024-2025/154001-Street lights,2026-08-10,89953.0,Completed,434369.0,2026-07-14,TANISA ENTERPRISE,TANISA ENTERPRISE,1.0,Payment Success,147000000.0,West Bengal,JOYNAGAR(SC),,,,1100000.0,191.0,495.0,713.0,39.488090909090914,-665631.0,-60.511909090909086,665631.0,0.7482993197278911,1,2,1449801.0,874827.0,60.34117785820261,600000.0,83.33333333333334,1,434369.0,434369.0,1,1,100.0,0,0,0,1,0,0,0,0,0,0,1,14,26.136742993789884,21.28,Low,14.1,Delayed Project,project duration is unusually long
691,West Bengal,South 24 Parganas(DISTRICT MAGISTRATE SOUTH TWENTY FOUR PARGANAS_IDA),Pratima Mondal,PRATIMA MONDAL,JOYNAGAR(SC),WS/MP485/2025-2026/136227-Street lights,WS/MP485/2025,Normal/Others,"Installetion of Street Light Shankasahr Melar Math to Belerpar, G.P- Shanksahar",2024-08-18,349801.0,2025-05-21,681,WS/MP485/2025-2026/136227-Street lights,2025-05-21,349801.0,Physical Inspection,7225,WS/MP485/2025-2026/170361-Lighting of public spaces,2026-08-08,227401.0,Completed,440458.0,2026-07-07,Sukanta Enterprise,SUKANTA ENTERPRISE,1.0,Payment Success,147000000.0,West Bengal,JOYNAGAR(SC),,,,349801.0,276.0,412.0,720.0,125.91673551533586,90657.0,25.916735515335866,-90657.0,0.23795986394557822,1,2,1449801.0,874827.0,60.34117785820261,600000.0,-41.69983333333334,1,440458.0,440458.0,1,1,100.0,0,1,0,1,0,0,0,0,0,0,2,22,21.202877237381465,21.52,Low,14.4,Delayed Project,expenditure exceeds effective sanctioned amount; project duration is unusually long
278,Uttar Pradesh,SHAHJAHANPUR(DISTRICT MAGISTRAE SHAHJAHANAPUR_IDA),Shri Arun Kumar Sagar,SHRI ARUN KUMAR SAGAR,SHAHJAHANPUR(SC),WS/MP492/2024-2025/134984-Lighting of public spaces,WS/MP492/2024,Normal/Others,Installation of 156 LED Highmast Lights for Rural and Urban areas as per enclosed List,2024-08-07,37908000.0,2024-08-28,275,WS/MP492/2024-2025/134984-Lighting of public spaces,2024-08-28,37908000.0,Physical Inspection,27,WS/MP492/2024-2025/134981-Construction of bus-sheds or bus-stops,2024-11-25,9900000.0,Completed,,,,,,,147000000.0,Uttar Pradesh,SHAHJAHANPUR(SC),,,,37908000.0,21.0,,110.0,,,,,25.787755102040816,1,1,37908000.0,0.0,0.0,600000.0,6218.0,0,0.0,0.0,0,0,,0,0,0,0,0,0,0,0,0,0,0,0,91.02874777969477,54.62,Medium,55.8,ML Anomaly,multivariate pattern is unusual versus uploaded batch
3891,Uttar Pradesh,AGRA(DISTRICT MAGISTRAE AGRA_IDA),Prof SP Singh Baghel,PROF SP SINGH BAGHEL,AGRA(SC),WS/MP494/2024-2025/142915-Installing community drinking water plants,WS/MP494/2024,Normal/Others,sumbarseble pump with water tank in saket vidhyapeeth shahganj agra,2024-10-16,264075.0,2025-01-05,3825,WS/MP494/2024-2025/142915-Installing community drinking water plants,2025-01-05,264075.0,Physical Inspection,257,WS/MP494/2024-2025/137222-Installing community drinking water plants,2026-01-21,263761.0,Completed,,,,,,,147000000.0,Uttar Pradesh,AGRA(SC),,,,264075.0,81.0,,462.0,,,,,0.17964285714285713,1,1,264075.0,0.0,0.0,600000.0,-55.987500000000004,0,0.0,0.0,0,0,,0,0,0,0,0,0,0,0,0,0,0,0,3.704307042939644,2.22,Low,0.0,None,No material anomaly signal detected.
3591,West Bengal,Dakshin Dinajpur(DISTRICT MAGISTRATE DINAJPUR DAKSHIN_IDA),Dr Sukanta Majumdar,DR SUKANTA MAJUMDAR,BALURGHAT,WS/MP498/2024-2025/142421-Crematoriums/energy efficient crematoriums or structures on burial/cremation ground,WS/MP498/2024,Normal/Others,"Samsan Chulli at Jafarpur, Sukdebpur, Gangarampur Contact Perso : Banka Roy Mo- 8653289894",2024-12-04,300000.0,2025-01-24,3530,WS/MP498/2024-2025/142421-Crematoriums/energy efficient crematoriums or structures on burial/cremation ground,2025-01-24,300000.0,Sanction,15155,"WS/MP498/2024-2025/155724-Construction of roads, link roads, pathways or any other road with or without drainage system",2026-08-07,298439.0,Completed,,,,,,,157085364.9,West Bengal,BALURGHAT,,,,300000.0,51.0,,611.0,,,,,0.19097896242019677,1,1,300000.0,0.0,0.0,600000.0,-50.0,0,0.0,0.0,0,0,,0,0,0,0,0,0,0,0,0,0,0,0,6.433095780753987,3.86,Low,0.0,None,No material anomaly signal detected.
4931,West Bengal,BIRBHUM(DISTRICT MAGISTRATE BIRBHUM_IDA),Smt Satabdi Roy (Banerjee),SMT SATABDI ROY BANERJEE,BIRBHUM,WS/MP499/2024-2025/144951-Installing community drinking water plants,WS/MP499/2024,Normal/Others,"Installation of Submarsible pump with pipe line, Vill- Mashra, Dag- 2130, JL- 41, Near Dulal Mondal house, G.P - Masra, RPH - I",2024-10-01,498940.0,2024-12-30,4852,WS/MP499/2024-2025/144949-Lighting of public spaces,2025-02-24,305646.0,Physical Inspection,20550,WS/MP499/2024-2025/160907-Lighting of public spaces,2026-08-13,299237.0,Completed,,,,,,,147000000.0,West Bengal,BIRBHUM,,,,305646.0,90.0,,681.0,,,,,0.20792244897959183,1,2,780089.0,249653.0,32.003143231092864,600000.0,-49.059000000000005,0,0.0,0.0,0,0,,0,0,0,0,0,0,0,0,0,0,0,0,4.909543182173542,2.95,Low,0.0,None,No material anomaly signal detected.
4933,West Bengal,BIRBHUM(DISTRICT MAGISTRATE BIRBHUM_IDA),Smt Satabdi Roy (Banerjee),SMT SATABDI ROY BANERJEE,BIRBHUM,"WS/MP499/2025-2026/144953-Construction of roads, link roads, pathways or any other road with or without drainage system",WS/MP499/2025,Normal/Others,"Construction of P.C.C road at Vill- karamchi, Jahangir sk house to Mirajul house, Dag - 80- 81,J.L -147, G.P -Kushmor - II, Murarai - II,",2024-10-01,474443.0,2025-05-13,4856,"WS/MP499/2025-2026/144953-Construction of roads, link roads, pathways or any other road with or without drainage system",2025-05-13,474443.0,Physical Inspection,15239,"WS/MP499/2025-2026/187383-Construction of roads, link roads, pathways or any other road with or without drainage system",2026-08-21,897870.0,Completed,249653.0,2026-07-22,ALAUL ISLAM,ALAUL ISLAM,1.0,Payment Success,147000000.0,West Bengal,BIRBHUM,,,,474443.0,224.0,435.0,689.0,52.62023045971803,-224790.0,-47.37976954028198,224790.0,0.3227503401360544,1,2,780089.0,249653.0,32.003143231092864,600000.0,-20.926166666666667,1,249653.0,249653.0,1,1,100.0,0,0,0,0,0,0,0,0,0,0,0,0,21.276398272951695,12.77,Low,3.5,None,No material anomaly signal detected.
1085,Tamil Nadu,Tirupathur(District Collector Tirupathur_IDA),CN Annadurai,CN ANNADURAI,TIRUVANNAMALAI,WS/MP508/2024-2025/137473-Street lights,WS/MP508/2024,Normal/Others,Providing LED Street Light arrangements in Thoranampathi at Kandali Block km 0/301 - 0/600,2024-08-28,1000000.0,2025-03-12,1075,WS/MP508/2024-2025/137473-Street lights,2025-03-12,1000000.0,Work Completed,1508,WS/MP508/2024-2025/134680-Street lights,2026-03-30,435000.0,Completed,,,,,,,148579509.11,Tamil Nadu,TIRUVANNAMALAI,,,,1000000.0,196.0,,579.0,,,,,0.6730403175983409,1,2,1435000.0,445468.0,31.043066202090593,600000.0,66.66666666666666,0,0.0,0.0,0,0,,0,0,0,0,0,0,0,0,0,0,0,0,3.105371404387985,1.86,Low,0.0,None,No material anomaly signal detected.
240,Tamil Nadu,Tirupathur(District Collector Tirupathur_IDA),CN Annadurai,CN ANNADURAI,TIRUVANNAMALAI,WS/MP508/2025-2026/134711-Street lights,WS/MP508/2025,Normal/Others,Providing High mast light at Tiruppathur ITI main road at Tirupathur Municipality,2024-08-05,435000.0,2025-07-02,234,WS/MP508/2025-2026/134707-Street lights,2025-11-21,435000.0,Physical Inspection,16444,"WS/MP508/2025-2026/166160-Construction of roads, link roads, pathways or any other road with or without drainage system",2026-08-11,199030.0,Completed,445468.0,2026-08-14,P RAVEENDRAKUMAR,P RAVEENDRAKUMAR,1.0,Payment Success,148579509.11,Tamil Nadu,TIRUVANNAMALAI,,,,435000.0,331.0,408.0,736.0,102.40643678160919,10468.0,2.4064367816091954,-10468.0,0.2927725381552783,1,2,1435000.0,445468.0,31.043066202090593,600000.0,-27.500000000000004,1,445468.0,445468.0,1,1,100.0,0,1,0,1,0,0,0,0,0,0,2,22,22.313643277120953,22.19,Low,15.2,Delayed Project,expenditure exceeds effective sanctioned amount; project duration is unusually long
2434,Uttar Pradesh,AGRA(DISTRICT MAGISTRAE AGRA_IDA),Rajkumar Chahar,RAJKUMAR CHAHAR,FATEHPUR SIKRI,WS/MP517/2024-2025/140159-Lighting of public spaces,WS/MP517/2024,Normal/Others,Pl see my letter no 7895 dated 27-8-2024 me prastavit high mast light install in block Bichpuri as par sr no 60,2024-09-10,248596.0,2024-10-21,6947,WS/MP517/2024-2025/148898-Lighting of public spaces,2024-11-27,248833.0,Physical Inspection,4827,WS/MP517/2024-2025/159849-Lighting of public spaces,2026-01-30,1495266.0,Completed,,,,,,,147000000.0,Uttar Pradesh,FATEHPUR SIKRI,,,,248833.0,41.0,,507.0,,,,,0.16927414965986393,1,1,248833.0,0.0,0.0,600000.0,-58.527833333333334,0,0.0,0.0,0,0,,0,0,0,0,0,0,0,0,0,0,0,0,4.553034987077139,2.73,Low,0.0,None,No material anomaly signal detected.
,Andhra Pradesh,Annamayya(DISTRICT COLLECTOR ANNAMAYYA_IDA),Midhun Reddy,MIDHUN REDDY,RAJAMPET,,WS/MP524/2024,Normal/Others,Laying of Internal CC Road from Syed Khan House to Burial Ground in Bhagampalli (V&G.P),2024-11-14,,,8489,"WS/MP524/2024-2025/151582-Construction of roads, link roads, pathways or any other road with or without drainage system",2025-02-19,500000.0,Sanction,11467,WS/MP524/2024-2025/168896-Construction of boundary walls of existing public and community buildings,2026-01-17,1499346.0,Completed,981744.0,2026-07-28,VLWC President Thimmasamudram,VLWC PRESIDENT THIMMASAMUDRAM,2.0,Payment In-Progress,178951477.11,Andhra Pradesh,RAJAMPET,,,,500000.0,,,429.0,196.34879999999998,481744.0,96.3488,-481744.0,0.2794053494694844,1,1,500000.0,981744.0,196.34879999999998,600000.0,-16.666666666666664,1,981744.0,981744.0,1,1,100.0,0,1,0,0,0,1,0,0,0,0,2,8,16.524171504248052,13.11,Low,3.9,None,expenditure exceeds effective sanctioned amount
4305,Andhra Pradesh,Y.S.R. Kadapa(DISTRICT COLLECTOR CUDDAPAH_IDA),Y S Avinash Reddy,Y S AVINASH REDDY,KADAPA,"WS/MP526/2024-2025/143789-Construction of flood control embankments/ protection walls along riverbanks, hilltops, roadsides",WS/MP526/2024,Normal/Others,"Formation and Strengthening of R/s Embankment (bund) from Km.1.700km to 2.700 Km of No.2 Distributory of chapadu channel near Pallavolu (V),of Chapadu(M) of YSR District",2024-09-26,478000.0,2024-11-18,5335,WS/MP526/2024-2025/146049-Providing drains and gutters for public drainage,2025-01-09,2496908.0,Physical Inspection,18902,WS/MP526/2024-2025/135773-Providing supply pipelines for drinking water,2025-10-18,391781.0,Completed,109235.0,2026-08-19,MALLIBOYANA BALAKRISHNA,MALLIBOYANA BALAKRISHNA,1.0,Payment Success,156430260.11,Andhra Pradesh,KADAPA,,,,2496908.0,53.0,639.0,387.0,4.374810765955334,-2387673.0,-95.62518923404467,2387673.0,1.5961796638605614,1,2,2947908.0,2448989.0,83.07548946574995,600000.0,316.1513333333333,1,109235.0,109235.0,1,1,100.0,0,0,0,0,0,0,0,0,0,0,0,0,54.02833645074542,32.42,Medium,28.0,None,No material anomaly signal detected.
,Andhra Pradesh,Y.S.R. Kadapa(DISTRICT COLLECTOR CUDDAPAH_IDA),Y S Avinash Reddy,Y S AVINASH REDDY,KADAPA,,WS/MP526/2025,Normal/Others,Providing Earthen drain from R&B Road (Railway Bridge) to Kamalapuram tank Marava Channel in Gopulapuram Village & GP of Kamalapuram Mandal,2024-10-08,,,5343,WS/MP526/2025-2026/146057-Providing drains and gutters for public drainage,2026-01-03,451000.0,Physical Inspection,21630,"WS/MP526/2025-2026/154784-Construction of roads, link roads, pathways or any other road with or without drainage system",2025-11-28,388074.0,Completed,2339754.0,2026-08-18,CHINTHAKUNTA MANIGOPALREDDY,CHINTHAKUNTA MANIGOPALREDDY,6.0,Payment In-Progress,156430260.11,Andhra Pradesh,KADAPA,,,,451000.0,,,416.0,518.7924611973392,1888754.0,418.79246119733926,-1888754.0,0.28830738994032346,1,2,2947908.0,2448989.0,83.07548946574995,600000.0,-24.833333333333332,1,2339754.0,2339754.0,1,1,100.0,0,1,0,0,0,1,0,0,0,0,2,8,24.96195624849854,18.18,Low,10.2,None,expenditure exceeds effective sanctioned amount
4411,Andhra Pradesh,GUNTUR(DISTRICT COLLECTOR GUNTUR_IDA),Lavu Sri Krishna Devarayalu,LAVU SRI KRISHNA DEVARAYALU,NARASARAOPET,WS/MP528/2024-2025/143985-Improvement of electricity distribution infrastructure,WS/MP528/2024,Normal/Others,Fixing of New Connection & additional load in ESI Hospital Nadimpalem village of Prathipadu Mandal of Guntur District.,2024-09-27,416758.0,2024-12-16,4341,WS/MP528/2024-2025/143985-Improvement of electricity distribution infrastructure,2024-12-16,416758.0,Vendor Identification,,,,,,,,,,,,174009663.11,Andhra Pradesh,NARASARAOPET,,,,416758.0,80.0,,,,,,,0.23950279113898798,0,1,416758.0,0.0,0.0,600000.0,-30.540333333333336,0,0.0,0.0,0,0,,0,0,0,0,0,0,0,0,0,0,0,0,4.332142579367093,2.6,Low,0.0,None,No material anomaly signal detected.
1446,Andhra Pradesh,Tirupati(DISTRICT COLLECTOR TIRUPATI_IDA),Maddila Gurumoorthy,MADDILA GURUMOORTHY,TIRUPATI(SC),"WS/MP529/2024-2025/138161-Construction of roads, link roads, pathways or any other road with or without drainage system",WS/MP529/2024,Normal/Others,Construction of CC Raods from Puttu-Sathyavedu road to Market yard in Nagalapuram H/w of Nagalapuram GP in Nagalapuram Mandal.,2024-09-02,1423237.0,2024-09-17,6953,WS/MP529/2024-2025/148904-Providing drains and gutters for public drainage,2025-02-28,500000.0,Work Completed,9236,WS/MP529/2024-2025/152036-Providing drains and gutters for public drainage,2026-01-28,1038081.0,Completed,1159001.0,2026-08-05,T Bhanumathi,T BHANUMATHI,15.0,Payment In-Progress,180399007.0,Andhra Pradesh,TIRUPATI(SC),,,,500000.0,15.0,687.0,513.0,231.8002,659001.0,131.8002,-659001.0,0.277163388155457,1,1,500000.0,1159001.0,231.8002,600000.0,-16.666666666666664,1,1159001.0,1159001.0,1,1,100.0,0,1,0,0,0,1,1,0,0,0,3,26,38.79393637709737,33.68,Medium,29.6,Duplicate Payment,expenditure exceeds effective sanctioned amount; possible repeated work/vendor/amount payment pattern
3177,Assam,NAGAON(DEPUTY COMMISSIONER NOWGONG_IDA),Pradyut Bordoloi,PRADYUT BORDOLOI,NOWGONG,WS/MP541/2025-2026/141496-Construction of boundary walls of existing public and community buildings,WS/MP541/2025,Normal/Others,"Construction of boundary wall at Pachim Singimari Bir Lachit L.P. School, Singimari GP",2024-12-02,200000.0,2026-01-20,3132,WS/MP541/2025-2026/141493-Construction of boundary walls of existing public and community buildings,2026-02-05,200000.0,Vendor Identification,10780,WS/MP541/2025-2026/170070-Construction of public toilets and bathrooms,2026-03-13,399914.0,Completed,187846.0,2026-08-26,RATU MONI SARMAH,RATU MONI SARMAH,2.0,Payment In-Progress,98000000.0,Assam,NOWGONG,,,,200000.0,414.0,218.0,466.0,93.923,-12154.0,-6.077,12154.0,0.20408163265306123,1,3,600000.0,467686.0,77.94766666666668,600000.0,-66.66666666666666,1,187846.0,187846.0,1,1,100.0,0,0,0,0,0,1,0,0,0,0,1,0,38.8792948735787,23.33,Low,16.7,None,No material anomaly signal detected.
3179,Assam,NAGAON(DEPUTY COMMISSIONER NOWGONG_IDA),Pradyut Bordoloi,PRADYUT BORDOLOI,NOWGONG,WS/MP541/2026-2027/141501-Construction of community centers and community halls,WS/MP541/2026,Normal/Others,"Construction of community hall at Geruamukh, Khatowal GP",2024-12-02,200000.0,2026-07-17,3399,WS/MP541/2026-2027/142020-Construction of road under bridge,2026-08-26,200000.0,Sanction,,,,,,279840.0,2026-08-26,PRITOM TRIBEDI,PRITOM TRIBEDI,3.0,Payment In-Progress,98000000.0,Assam,NOWGONG,,,,200000.0,592.0,40.0,,139.92,79840.0,39.92,-79840.0,0.20408163265306123,0,3,600000.0,467686.0,77.94766666666668,600000.0,-66.66666666666666,1,279840.0,279840.0,1,1,100.0,0,1,0,0,0,1,0,0,0,0,2,8,45.53386985965182,30.52,Medium,25.6,None,expenditure exceeds effective sanctioned amount
3513,Bihar,BHAGALPUR(DISTRICT PLANNING OFFICER BHAGALPUR_IDA),Giridhari Yadav,GIRIDHARI YADAV,BANKA,WS/MP549/2024-2025/142146-Installation of multi-gym equipment,WS/MP549/2024,Normal/Others,Uchh Madhyamik vidhyalay Krishnanad,2024-09-23,1995127.0,2024-12-06,3461,WS/MP549/2024-2025/142146-Installation of multi-gym equipment,2024-12-06,1995127.0,Physical Inspection,14773,"WS/MP549/2024-2025/166544-Construction of roads, link roads, pathways or any other road with or without drainage system",2025-09-16,483737.0,Completed,,,,,,,147000000.0,Bihar,BANKA,,,,1995127.0,74.0,,358.0,,,,,1.3572292517006803,1,1,1995127.0,0.0,0.0,600000.0,232.52116666666666,0,0.0,0.0,0,0,,0,0,0,0,0,0,0,0,0,0,0,0,11.670261482695318,7.0,Low,0.0,None,No material anomaly signal detected.
1449,Bihar,PURBI CHAMPARAN(DISTRICT PLANNING OFFICER MOTHIHARI EAST CHAMPARAN_IDA),Radha Mohan Singh,RADHA MOHAN SINGH,PURVI CHAMPARAN,WS/MP552/2024-2025/138179-Development of public parks,WS/MP552/2024,Normal/Others,"Motihari Nagar ke Shubhash Park me 12'0"" Uncha Chabutara ka Nirman karya.",2024-09-02,1479192.0,2024-11-02,5527,WS/MP552/2024-2025/146419-Fitting of Sitting RCC Benches in Public Places,2025-01-23,1482448.0,Physical Inspection,2626,WS/MP552/2024-2025/135975-Fitting of Sitting RCC Benches in Public Places,2026-02-06,1250000.0,Completed,,,,,,,147000000.0,Bihar,PURVI CHAMPARAN,,,,1482448.0,61.0,,522.0,,,,,1.0084680272108844,1,1,1482448.0,0.0,0.0,600000.0,147.07466666666667,0,0.0,0.0,0,0,,0,0,0,0,0,0,0,0,0,0,0,0,6.30822001077974,3.78,Low,0.0,None,No material anomaly signal detected.
3803,Bihar,PATNA(DISTRICT PLANNING OFFICER PATNA_IDA),Ravi Shankar Prasad,RAVI SHANKAR PRASAD,PATNA SAHIB,WS/MP561/2024-2025/142718-Installing hand pumps,WS/MP561/2024,Normal/Others,Construction work of hand pump near Ranjit Singh's house in Lakchipur Koli village under Fatuha Sahib assembly.,2024-09-24,68653.0,2025-03-27,3737,WS/MP561/2024-2025/142718-Installing hand pumps,2025-03-27,68653.0,Physical Inspection,13137,WS/MP561/2024-2025/168050-Installing tube-wells and borewells,2025-08-28,247100.0,Completed,,,,,,,147000000.0,Bihar,PATNA SAHIB,,,,68653.0,184.0,,338.0,,,,,0.04670272108843537,1,1,68653.0,0.0,0.0,600000.0,-88.55783333333333,0,0.0,0.0,0,0,,0,0,0,0,0,0,0,0,0,0,0,0,11.469060190912291,6.88,Low,0.0,None,No material anomaly signal detected.
703,Chhattisgarh,DURG(DISTRICT COLLECTOR DURG_IDA),Vijay Baghel,VIJAY BAGHEL,DURG,WS/MP568/2024-2025/136521-Construction of common work sheds/ common covered sitting area,WS/MP568/2024,Normal/Others,Shed Nirman ewam atirikt kaksh nirman,2024-08-20,1000000.0,2024-08-23,693,WS/MP568/2024-2025/136521-Construction of common work sheds/ common covered sitting area,2024-08-23,1000000.0,Vendor Identification,2148,WS/MP568/2024-2025/161394-Construction of community centers and community halls,2025-11-18,1000000.0,Completed,200000.0,2025-07-15,SARPACH SACHIV GP PADMI,SARPACH SACHIV GP PADMI,1.0,Payment In-Progress,147000000.0,Chhattisgarh,DURG,,,,1000000.0,3.0,326.0,455.0,20.0,-800000.0,-80.0,800000.0,0.6802721088435374,1,1,1000000.0,200000.0,20.0,600000.0,66.66666666666666,1,200000.0,200000.0,1,1,100.0,0,0,0,0,0,0,0,0,0,0,0,0,31.789520070745635,19.07,Low,11.3,None,No material anomaly signal detected.
4314,Goa,NORTH GOA(DISTRICT COLLECTOR NORTH GOA_IDA),Shripad Yesso Naik,SHRIPAD YESSO NAIK,NORTH GOA,"WS/MP571/2025-2026/143825-Purchase of ambulances (Four, three and two wheelers)",WS/MP571/2025,Normal/Others,Purchase of 1 Ambulances to Institue of Psychiatry and Human Behavior Bambolim Goa.,2024-09-26,2500000.0,2026-01-07,4244,"WS/MP571/2025-2026/143825-Purchase of ambulances (Four, three and two wheelers)",2026-01-07,2500000.0,Work partially Completed,15540,WS/MP571/2025-2026/228919-Development of public parks,2025-09-15,3108723.0,Completed,61425.0,2026-08-11,Laxmi Health Agencies,LAXMI HEALTH AGENCIES,1.0,Payment Success,147000000.0,Goa,NORTH GOA,,,,2500000.0,468.0,216.0,354.0,2.4570000000000003,-2438575.0,-97.543,2438575.0,1.7006802721088436,1,1,2500000.0,61425.0,2.4570000000000003,600000.0,316.66666666666663,1,61425.0,61425.0,1,1,100.0,0,0,0,0,0,0,0,0,0,0,0,0,68.12921291200756,40.88,Medium,38.6,None,No material anomaly signal detected.
3830,Gujarat,MAHESANA(DISTRICT COLLECTOR MAHESANA_IDA),Bharatsinhji Shankarji Dabhi,BHARATSINHJI SHANKARJI DABHI,PATAN,"WS/MP574/2024-2025/142790-Construction of roads, link roads, pathways or any other road with or without drainage system",WS/MP574/2024,Normal/Others,narsang sumrabhai men rod thi bhatha para taraf d.p sudhi c.c. road nu kam,2024-09-23,300000.0,2025-03-24,3764,"WS/MP574/2024-2025/142790-Construction of roads, link roads, pathways or any other road with or without drainage system",2025-03-24,300000.0,Physical Inspection,4799,"WS/MP574/2024-2025/142790-Construction of roads, link roads, pathways or any other road with or without drainage system",2026-01-08,300000.0,Completed,,,,,,,147000000.0,Gujarat,PATAN,,,,300000.0,182.0,,472.0,,,,,0.20408163265306123,1,2,800000.0,700000.0,87.5,600000.0,-50.0,0,0.0,0.0,0,0,,0,0,0,0,0,0,0,0,0,0,0,0,2.7237810614257714,1.63,Low,0.0,None,No material anomaly signal detected.
,Gujarat,MAHESANA(DISTRICT COLLECTOR MAHESANA_IDA),Bharatsinhji Shankarji Dabhi,BHARATSINHJI SHANKARJI DABHI,PATAN,,WS/MP574/2025,Trust and Society,Construction of new room of Shree Chamunda Kanya Vidyalaya- Dabhoda managed By Gujarat Kshatriya Thakor Samaj Vikas Manch - Dabhoda,2024-10-04,,,5109,WS/MP574/2025-2026/145489-Construction of rooms and halls in school and colleges,2025-08-21,500000.0,Physical Inspection,15169,"WS/MP574/2025-2026/181132-Construction of flood control embankments/ protection walls along riverbanks, hilltops, roadsides",2026-01-12,,Completed,700000.0,2026-08-20,AJIMANA GRAM PANCHAYAT,AJIMANA GRAM PANCHAYAT,2.0,Payment In-Progress,147000000.0,Gujarat,PATAN,,,,500000.0,,,465.0,140.0,200000.0,40.0,-200000.0,0.3401360544217687,1,2,800000.0,700000.0,87.5,1000000.0,-50.0,1,700000.0,700000.0,1,1,100.0,0,1,0,0,0,1,0,0,0,0,2,8,34.13140069066812,23.68,Low,17.1,None,expenditure exceeds effective sanctioned amount
1545,Gujarat,NAVSARI(DISTRICT COLLECTOR NAVSARI_IDA),C R Patil,C R PATIL,NAVSARI,"WS/MP575/2024-2025/138505-Construction of roads, link roads, pathways or any other road with or without drainage system",WS/MP575/2024,Normal/Others,"for block Paving in Patel Faliya, Talav Faliya At Rahej Village",2024-09-03,500000.0,2024-10-17,1534,"WS/MP575/2024-2025/138505-Construction of roads, link roads, pathways or any other road with or without drainage system",2024-10-17,500000.0,Physical Inspection,18364,"WS/MP575/2024-2025/164248-Purchase of smart boards, visual display units and projectors",2025-10-14,249300.0,Completed,,,,,,,158532494.36,Gujarat,NAVSARI,,,,500000.0,44.0,,406.0,,,,,0.31539275403349554,1,1,500000.0,0.0,0.0,600000.0,-16.666666666666664,0,0.0,0.0,0,0,,0,0,0,0,0,0,0,0,0,0,0,0,2.8474891424693602,1.71,Low,0.0,None,No material anomaly signal detected.
2777,Gujarat,Dahod(DISTRICT COLLECTOR DOHAD_IDA),Jaswantsinh Sumanbhai Bhabhor,JASWANTSINH SUMANBHAI BHABHOR,DAHOD(ST),"WS/MP577/2024-2025/140786-Construction of roads, link roads, pathways or any other road with or without drainage system",WS/MP577/2024,Normal/Others,GAMDI GAME POST FALIYATHI MAKVANA FALIYA NE JODTA RASTA PAR TRAN HAR NALA NU KAM,2024-09-20,250000.0,2025-01-08,5899,WS/MP577/2024-2025/147090-Construction of public irrigation facilities,2025-03-27,350000.0,Sanction,6044,WS/MP577/2024-2025/133772-Providing drains and gutters for public drainage,2025-11-21,225200.0,Completed,748582.0,2026-08-20,GRAM PANCHAYAT NIMACH,GRAM PANCHAYAT NIMACH,3.0,Payment Success,147000000.0,Gujarat,DAHOD(ST),,,,350000.0,110.0,589.0,427.0,213.88057142857141,398582.0,113.88057142857141,-398582.0,0.2380952380952381,1,5,3800000.0,4660843.0,122.65376315789473,600000.0,-41.66666666666667,1,748582.0,748582.0,1,1,100.0,0,1,0,0,0,1,0,0,0,0,2,8,33.01509274607825,23.01,Low,16.3,None,expenditure exceeds effective sanctioned amount
3522,Gujarat,Mahisagar(COLLECTOR MAHISAGAR_IDA),Jaswantsinh Sumanbhai Bhabhor,JASWANTSINH SUMANBHAI BHABHOR,DAHOD(ST),WS/MP577/2025-2026/142167-Construction of rooms and halls in school and colleges,WS/MP577/2025,Normal/Others,unnati madhymik shala hirapur ma 1 room nu kam,2024-09-21,500000.0,2025-04-30,1615,WS/MP577/2025-2026/138726-Construction of public irrigation facilities,2026-01-30,350000.0,Sanction,13777,WS/MP577/2025-2026/156514-Providing drains and gutters for public drainage,2025-08-24,500000.0,Completed,3912261.0,2026-08-26,GRUP GRAMPANCHAYAT SANJELI,GRUP GRAMPANCHAYAT SANJELI,12.0,Payment In-Progress,147000000.0,Gujarat,DAHOD(ST),,,,350000.0,221.0,483.0,337.0,1117.788857142857,3562261.0,1017.7888571428572,-3562261.0,0.2380952380952381,1,5,3800000.0,4660843.0,122.65376315789473,600000.0,-41.66666666666667,1,3912261.0,3912261.0,1,1,100.0,0,1,0,0,0,1,0,0,0,0,2,8,60.544126255231944,39.53,Medium,36.9,None,expenditure exceeds effective sanctioned amount
2740,Gujarat,Dahod(DISTRICT COLLECTOR DOHAD_IDA),Jaswantsinh Sumanbhai Bhabhor,JASWANTSINH SUMANBHAI BHABHOR,DAHOD(ST),"WS/MP577/2026-2027/140720-Construction of flood control embankments/ protection walls along riverbanks, hilltops, roadsides",WS/MP577/2026,Normal/Others,dhanpur game bor chokadii faliya ma samuhik sinchai kuvanu kam,2024-09-20,300000.0,2026-06-30,5398,WS/MP577/2026-2027/146161-Construction of public irrigation facilities,2026-06-30,300000.0,Sanction,,,,,,,,,,,,147000000.0,Gujarat,DAHOD(ST),,,,300000.0,648.0,,,,,,,0.20408163265306123,0,5,3800000.0,4660843.0,122.65376315789473,600000.0,-50.0,0,0.0,0.0,0,0,,0,0,0,0,0,0,0,0,0,0,0,0,36.065923639247124,21.64,Low,14.5,None,No material anomaly signal detected.
,Gujarat,ANAND(District Collector ANAND_IDA),Mitesh Rameshbhai Bakabhai Patel,MITESH RAMESHBHAI BAKABHAI PATEL,ANAND,,WS/MP579/2024,Normal/Others,Kathana Game Mahadev Mandir Pase Rain Basera nu Kam,2024-10-09,,,5534,WS/MP579/2024-2025/146435-Construction of common work sheds/ common covered sitting area,2025-01-30,199725.0,Physical Inspection,5654,"WS/MP579/2024-2025/147652-Construction of roads, link roads, pathways or any other road with or without drainage system",2025-12-05,149241.0,Completed,,,,,,,147000000.0,Gujarat,ANAND,,,,199725.0,,,422.0,,,,,0.1358673469387755,1,2,548225.0,2504137.0,456.77176341830454,600000.0,-66.71249999999999,0,0.0,0.0,0,0,,0,0,0,0,0,0,0,0,0,0,0,0,8.541446150657624,5.12,Low,0.0,None,No material anomaly signal detected.
,Gujarat,ANAND(District Collector ANAND_IDA),Mitesh Rameshbhai Bakabhai Patel,MITESH RAMESHBHAI BAKABHAI PATEL,ANAND,,WS/MP579/2025,Normal/Others,Vidyanagar- Sardar Patel University Sthit Sanskar Balwadi Khate Balako mate Ramat Gamat na Sadhano,2024-10-09,,,5536,WS/MP579/2025-2026/146437-Development of playground,2025-05-30,348500.0,Physical Inspection,15958,"WS/MP579/2025-2026/194623-Construction of roads, link roads, pathways or any other road with or without drainage system",2026-04-09,249974.0,Completed,2504137.0,2026-08-27,Gram Panchayat Sarol,GRAM PANCHAYAT SAROL,10.0,Payment In-Progress,147000000.0,Gujarat,ANAND,,,,348500.0,,,547.0,718.5472022955523,2155637.0,618.5472022955523,-2155637.0,0.23707482993197282,1,2,548225.0,2504137.0,456.77176341830454,600000.0,-41.91666666666667,1,2504137.0,2504137.0,1,1,100.0,0,1,0,0,0,1,0,0,0,0,2,8,30.344769756243277,21.41,Low,14.3,None,expenditure exceeds effective sanctioned amount
3391,Gujarat,SURAT(DISTRICT COLLECTOR SURAT_IDA),Prabhubhai Nagarbhai Vasava,PRABHUBHAI NAGARBHAI VASAVA,BARDOLI(ST),WS/MP582/2024-2025/141928-Lighting of public spaces,WS/MP582/2024,Normal/Others,"the following facility work regarding placing electricity pole near the field in front of the P.S., fixing till commissioning 11.00 M.T.R.G.I. Tuber Light Poles with 150 Volt 6 Flooded LEDs Lights Attachment and Leader with 1 Year Maintenance Work Nos.1, at Kali jaman village Near Holi chakla chok, Taluka Umarpada, District Surat",2024-09-20,191850.0,2024-12-07,6031,WS/MP582/2024-2025/147353-Improvement of electricity distribution infrastructure,2025-03-24,1500000.0,Physical Inspection,21882,WS/MP582/2024-2025/163178-Purchase of mobile water tankers,2026-04-02,259900.0,Completed,,,,,,,147000000.0,Gujarat,BARDOLI(ST),,,,1500000.0,78.0,,559.0,,,,,1.0204081632653061,1,3,1767000.0,250000.0,14.148273910582908,600000.0,150.0,0,0.0,0.0,0,0,,0,0,0,0,0,0,0,0,0,0,0,0,8.04214599458968,4.83,Low,0.0,None,No material anomaly signal detected.
3392,Gujarat,SURAT(DISTRICT COLLECTOR SURAT_IDA),Prabhubhai Nagarbhai Vasava,PRABHUBHAI NAGARBHAI VASAVA,BARDOLI(ST),WS/MP582/2025-2026/141929-Lighting of public spaces,WS/MP582/2025,Normal/Others,"the following facility work regarding placing electricity pole near the field in front of the P.S., fixing till commissioning 11.00 M.T.R.G.I. Tuber Light Poles with 150 Volt 6 Flooded LEDs Lights Attachment and Leader with 1 Year Maintenance Work Nos.1, at kevadi village near Surat District bank, Taluka Umarpada, District Surat",2024-09-20,177500.0,2025-07-10,3339,WS/MP582/2025-2026/141898-Lighting of public spaces,2025-10-30,192000.0,Sanction,21858,WS/MP582/2025-2026/205795-Lighting of public spaces,2026-04-02,172500.0,Completed,,,,,,,147000000.0,Gujarat,BARDOLI(ST),,,,192000.0,293.0,,559.0,,,,,0.1306122448979592,1,3,1767000.0,250000.0,14.148273910582908,600000.0,-68.0,0,0.0,0.0,0,0,,0,0,0,0,0,0,0,0,0,0,0,0,10.646482008313923,6.39,Low,0.0,None,No material anomaly signal detected.
,Gujarat,SURAT(DISTRICT COLLECTOR SURAT_IDA),Prabhubhai Nagarbhai Vasava,PRABHUBHAI NAGARBHAI VASAVA,BARDOLI(ST),,WS/MP582/2026,Normal/Others,"Divyang Sejalben Rakeshbhai Mistry (resident of Madhi, Taluka Bardoli, District Surat) the work of electric scooter facility, Taluka Bardoli, District Surat",2024-10-23,,,7053,"WS/MP582/2026-2027/149091-Purchase of prosthetics, wheel chairs, tricycles (manual or motorized), elect scooties, hearing aids",2026-08-25,75000.0,Sanction,,,,,,250000.0,2026-08-18,VELACHHA GRAM PANCHAYAT,VELACHHA GRAM PANCHAYAT,1.0,Payment In-Progress,147000000.0,Gujarat,BARDOLI(ST),,,,75000.0,,,,333.33333333333337,175000.0,233.33333333333334,-175000.0,0.05102040816326531,0,3,1767000.0,250000.0,14.148273910582908,600000.0,-87.5,1,250000.0,250000.0,1,1,100.0,0,1,0,0,0,0,0,0,0,0,1,8,23.266594895176123,17.16,Low,8.9,None,expenditure exceeds effective sanctioned amount
711,Gujarat,KACHCHH(DISTRICT COLLECTOR KUTCH_IDA),Vinod Chavda,VINOD CHAVDA,KACHCHH(SC),WS/MP584/2024-2025/136565-Construction of common work sheds/ common covered sitting area,WS/MP584/2024,Normal/Others,Anjar talukana jaroo gaame Ahir vistar samaj karigar commen work shed,2024-08-21,500000.0,2025-02-05,700,WS/MP584/2024-2025/136564-Construction of common work sheds/ common covered sitting area,2025-03-27,500000.0,Physical Inspection,21659,WS/MP584/2024-2025/157062-Construction of buildings for community cultural activities,2025-11-29,400000.0,Completed,,,,,,,147000000.0,Gujarat,KACHCHH(SC),,,,500000.0,168.0,,465.0,,,,,0.3401360544217687,1,1,500000.0,0.0,0.0,600000.0,-16.666666666666664,0,0.0,0.0,0,0,,0,0,0,0,0,0,0,0,0,0,0,0,1.6535249499301197,0.99,Low,0.0,None,No material anomaly signal detected.
4308,Gujarat,Ahmedabad(DISTRICT COLLECTOR AHMADABAD_IDA),Hasmukh Bhai Soma Bhai Patel,HASMUKH BHAI SOMA BHAI PATEL,AHMEDABAD EAST,"WS/MP585/2025-2026/143794-Construction of rooms and facilities for hospitals, FWC , PHC Centers and ANM centers",WS/MP585/2025,Normal/Others,"Development of CDEIC centre ( Smart Class, RO with water purifier, Table, Chair, Benches and other Furniture) at Composite Regional Centre for Skill Development, Rehabilitation and Empowerment of persons with Disabilities (CRC) Ahmedabad under Dept. of persons with Disabilities, Ministry of Social Justice and Empowerment",2024-09-26,1000000.0,2025-09-03,4238,"WS/MP585/2025-2026/143794-Construction of rooms and facilities for hospitals, FWC , PHC Centers and ANM centers",2025-09-03,1000000.0,Physical Inspection,21718,"WS/MP585/2025-2026/143794-Construction of rooms and facilities for hospitals, FWC , PHC Centers and ANM centers",2026-05-12,,Completed,337854.0,2026-07-10,Gayatri Engineering Company,GAYATRI ENGINEERING COMPANY,1.0,Payment Success,147000000.0,Gujarat,AHMEDABAD EAST,,,,1000000.0,342.0,310.0,593.0,33.785399999999996,-662146.0,-66.2146,662146.0,0.6802721088435374,1,1,1000000.0,337854.0,33.785399999999996,600000.0,66.66666666666666,1,337854.0,337854.0,1,1,100.0,0,0,0,0,0,0,0,0,0,0,0,0,33.82799846310987,20.3,Low,12.9,None,No material anomaly signal detected.
,Gujarat,DEVBHUMI DWARKA(DISTRICT COLLECTOR DEVBHUMI DWARKA_IDA),Smt Poonamben Hematbhai Maadam,SMT POONAMBEN HEMATBHAI MAADAM,JAMNAGAR,,WS/MP588/2024,Normal/Others,Bhenkavad village of Bhanvad taluka is RCC in Kublavdar area. For construction of shed.,2024-11-06,,,8239,WS/MP588/2024-2025/151158-Construction of common work sheds/ common covered sitting area,2025-02-05,298400.0,Physical Inspection,7633,WS/MP588/2024-2025/151158-Construction of common work sheds/ common covered sitting area,2025-05-29,298400.0,Completed,,,,,,,147000000.0,Gujarat,JAMNAGAR,,,,298400.0,,,204.0,,,,,0.20299319727891157,1,1,298400.0,0.0,0.0,600000.0,-50.26666666666667,0,0.0,0.0,0,0,,0,0,0,0,0,0,0,0,0,0,0,0,8.431804089602588,5.06,Low,0.0,None,No material anomaly signal detected.
,Himachal Pradesh,SOLAN(DEPUTY COMMISSIONER SOLAN_IDA),Suresh Kumar Kashyap,SURESH KUMAR KASHYAP,SHIMLA (SC),,WS/MP598/2024,Normal/Others,C/o Stage from Ground Batal GP Batal Executive Agency BDO Kunihar,2024-10-08,,,5369,WS/MP598/2024-2025/146121-Construction of stadiums,2025-03-13,100000.0,Vendor Identification,10583,WS/MP598/2024-2025/163700-Construction of footpaths and pedestrian ways,2026-05-15,200000.0,Completed,,,,,,,153563957.11,Himachal Pradesh,SHIMLA (SC),,,,100000.0,,,584.0,,,,,0.06511944722052754,1,2,350000.0,800000.0,228.57142857142856,600000.0,-83.33333333333334,0,0.0,0.0,0,0,,0,0,0,0,0,0,0,0,0,0,0,0,8.296935425086303,4.98,Low,0.0,None,No material anomaly signal detected.
,Himachal Pradesh,SOLAN(DEPUTY COMMISSIONER SOLAN_IDA),Suresh Kumar Kashyap,SURESH KUMAR KASHYAP,SHIMLA (SC),,WS/MP598/2025,Normal/Others,C/o Community Mahila Mandal Bhawan Shamror GP Shamror Executive Agency BDO Solan,2024-10-07,,,5047,WS/MP598/2025-2026/145403-Construction of community centers and community halls,2025-11-17,250000.0,Vendor Identification,19051,WS/MP598/2025-2026/180223-Construction of footpaths and pedestrian ways,2026-08-05,400000.0,Completed,800000.0,2026-07-28,Block Development officer Nahan,BLOCK DEVELOPMENT OFFICER NAHAN,4.0,Payment In-Progress,153563957.11,Himachal Pradesh,SHIMLA (SC),,,,250000.0,,,667.0,320.0,550000.0,220.00000000000003,-550000.0,0.16279861805131882,1,2,350000.0,800000.0,228.57142857142856,600000.0,-58.333333333333336,1,800000.0,800000.0,1,1,100.0,0,1,0,0,0,1,0,0,0,0,2,8,19.665704796246246,15.0,Low,6.2,None,expenditure exceeds effective sanctioned amount
,Jammu And Kashmir,KATHUA(DISTRICT DEVELOPMENT COMMISSIONER KATHUA_IDA),Jitendra Singh,JITENDRA SINGH,UDHAMPUR,,WS/MP600/2024,Normal/Others,"Installation of Hand Pump near house of Attar Singh, Village Katli, Pyt. Katli, Ward no. 1, Dinga Amb, Kathua.",2024-10-22,,,6510,WS/MP600/2024-2025/148241-Installing hand pumps,2025-01-30,301169.0,Physical Inspection,12913,WS/MP600/2024-2025/147920-Construction of boundary walls of existing public and community buildings,2026-03-27,254000.0,Completed,,,,,,,147000000.0,Jammu And Kashmir,UDHAMPUR,,,,301169.0,,,521.0,,,,,0.2048768707482993,1,2,469169.0,2251969.0,479.99100537333027,600000.0,-49.805166666666665,0,0.0,0.0,0,0,,0,0,0,0,0,0,0,0,0,0,0,0,8.12434780125721,4.87,Low,0.0,None,No material anomaly signal detected.
,Jammu And Kashmir,KATHUA(DISTRICT DEVELOPMENT COMMISSIONER KATHUA_IDA),Jitendra Singh,JITENDRA SINGH,UDHAMPUR,,WS/MP600/2025,Normal/Others,"Construction of Public Shed near Talab, Baddu Barar , Pyt. Upper Baddu , Village Charoli, Billawar,Kathua",2024-10-22,,,6500,WS/MP600/2025-2026/148229-Construction of common work sheds/ common covered sitting area,2025-07-09,168000.0,Physical Inspection,20582,WS/MP600/2025-2026/179164-Construction of footpaths and pedestrian ways,2025-11-15,168000.0,Completed,2251969.0,2026-08-17,Sh Rattan Singh So Lakhpat Singh Ro Beeranbass Hochak Pogal District Ramban Contractor,SH RATTAN SINGH SO LAKHPAT SINGH RO BEERANBASS HOCHAK POGAL DISTRICT RAMBAN CONTRACTOR,14.0,Payment In-Progress,147000000.0,Jammu And Kashmir,UDHAMPUR,,,,168000.0,,,389.0,1340.457738095238,2083969.0,1240.457738095238,-2083969.0,0.1142857142857143,1,2,469169.0,2251969.0,479.99100537333027,600000.0,-72.0,1,2251969.0,2251969.0,1,1,100.0,0,1,0,0,0,1,0,0,0,0,2,8,39.96463008923279,27.18,Low,21.5,None,expenditure exceeds effective sanctioned amount
4837,Karnataka,DHARWAD(DEPUTY COMMISSIONER DHARWAR_IDA),Pralhad Venkatesh Joshi,PRALHAD VENKATESH JOSHI,DHARWAD,WS/ MP620/2024-2025/144765-Construction of buildings for community cultural activities,WS/MP620/2024,Normal/Others,Construction of Community Bhavan at Dharwad TQ Kyarkoppa village Pry No 48 near Kalmeshwar Temple Countinue work,2024-09-30,495320.0,2025-01-09,12,WS/ MP620/2024-2025/133309-Construction of buildings for community cultural activities,2025-03-14,495031.0,Physical Inspection,19434,WS/ MP620/2024-2025/133309-Construction of buildings for community cultural activities,2025-10-28,495031.0,Completed,,,,,,,147000000.0,Karnataka,DHARWAD,,,,495031.0,101.0,,393.0,,,,,0.33675578231292513,1,2,995031.0,3788911.0,380.7832117793315,600000.0,-17.494833333333336,0,0.0,0.0,0,0,,0,0,0,0,0,0,0,0,0,0,0,0,7.704053644720704,4.62,Low,0.0,None,No material anomaly signal detected.
8,Karnataka,DHARWAD(DEPUTY COMMISSIONER DHARWAR_IDA),Pralhad Venkatesh Joshi,PRALHAD VENKATESH JOSHI,DHARWAD,WS/ MP620/2025-2026/133305-Construction of buildings for community cultural activities,WS/MP620/2025,Normal/Others,Construction of Community Hall at Hosategur Village Near Shri Girimalleshwar Math Pry No 518 Continue work,2024-07-09,400000.0,2025-06-03,2,WS/ MP620/2025-2026/133167-Construction of rooms and halls in school and colleges,2025-09-18,500000.0,Sanction,21239,WS/ MP620/2025-2026/206402-Construction of buildings for community cultural activities,2025-11-24,396456.0,Completed,3788911.0,2026-08-05,MANJUNATH R KALAWAD,MANJUNATH R KALAWAD,9.0,Payment In-Progress,147000000.0,Karnataka,DHARWAD,,,,500000.0,329.0,428.0,503.0,757.7822,3288911.0,657.7822,-3288911.0,0.3401360544217687,1,2,995031.0,3788911.0,380.7832117793315,600000.0,-16.666666666666664,1,3788911.0,3788911.0,1,1,100.0,0,1,0,0,0,1,0,0,0,0,2,8,39.74907189959126,27.05,Low,21.3,None,expenditure exceeds effective sanctioned amount
3588,Kerala,PATHANAMTHITTA(DISTRICT COLLECTOR PATHANAMTHITTA_IDA),Anto Antony,ANTO ANTONY,PATHANAMTHITTA,WS/MP632/2024-2025/142409-Lighting of public spaces,WS/MP632/2024,Normal/Others,Providing 8 Meter LED Mini Mast Light at Vellarankunnu SC Colony in Ezhamkulam Grama Panchayat (SC),2024-09-24,219831.0,2025-03-12,3508,WS/MP632/2024-2025/142380-Construction of bus-sheds or bus-stops,2025-03-28,500000.0,Sanction,20001,"WS/MP632/2024-2025/134106-Construction of roads, link roads, pathways or any other road with or without drainage system",2025-11-07,286879.0,Completed,,,,,,,147000000.0,Kerala,PATHANAMTHITTA,,,,500000.0,169.0,,409.0,,,,,0.3401360544217687,1,6,2417190.0,801857.0,33.17310596188136,600000.0,-16.666666666666664,0,0.0,0.0,0,0,,0,0,0,0,0,0,0,0,0,0,0,0,19.345939720728687,11.61,Low,2.0,None,No material anomaly signal detected.
4247,Kerala,PATHANAMTHITTA(DISTRICT COLLECTOR PATHANAMTHITTA_IDA),Anto Antony,ANTO ANTONY,PATHANAMTHITTA,WS/MP632/2025-2026/143623-Construction of buildings for community cultural activities,WS/MP632/2025,Normal/Others,Construction of Open Air Auditorium Building for Cultural Activities in Konni Grama Panchayat (Ward-16),2024-09-25,2350000.0,2026-03-07,3423,"WS/MP632/2025-2026/142076-Purchase of ambulances (Four, three and two wheelers)",2026-03-10,900000.0,Sanction,,,,,,801857.0,2026-08-01,BIJU M,BIJU M,2.0,Payment Success,147000000.0,Kerala,PATHANAMTHITTA,,,,900000.0,528.0,147.0,,89.09522222222222,-98143.0,-10.904777777777777,98143.0,0.6122448979591837,0,6,2417190.0,801857.0,33.17310596188136,600000.0,50.0,1,801857.0,801857.0,1,1,100.0,0,0,0,0,0,1,0,0,0,0,1,0,51.6510850964402,30.99,Medium,26.2,None,No material anomaly signal detected.
3582,Kerala,PATHANAMTHITTA(DISTRICT COLLECTOR PATHANAMTHITTA_IDA),Anto Antony,ANTO ANTONY,PATHANAMTHITTA,WS/MP632/2026-2027/142402-Lighting of public spaces,WS/MP632/2026,Normal/Others,Providing 8 Meter LED Mini Mast Light at Maruthimoodu Colony in Enadimangalam Grama Panchayat (ST),2024-09-24,217800.0,2026-07-04,7076,WS/MP632/2026-2027/149132-Lighting of public spaces,2026-07-09,217190.0,Sanction,,,,,,,,,,,,147000000.0,Kerala,PATHANAMTHITTA,,,,217190.0,648.0,,,,,,,0.1477482993197279,0,6,2417190.0,801857.0,33.17310596188136,600000.0,-63.80166666666667,0,0.0,0.0,0,0,,0,0,0,0,0,0,0,0,0,0,0,0,35.70088395144197,21.42,Low,14.3,None,No material anomaly signal detected.
,Madhya Pradesh,TIKAMGARH(DISTRICT COLLECTOR TIKAMGARH_IDA),Virendra Kumar,VIRENDRA KUMAR,TIKAMGARH(SC),,WS/MP638/2024,Normal/Others,Saansad Utsav Dham,2024-11-14,,,8976,WS/MP638/2024-2025/152372-Construction of buildings for community cultural activities,2025-03-30,1200000.0,Vendor Identification,2343,WS/MP638/2024-2025/152513-Construction of buildings for community cultural activities,2026-03-19,400000.0,Completed,4128574.0,2026-08-25,DEEPAK KUMAR SHARMA,DEEPAK KUMAR SHARMA,4.0,Payment In-Progress,147000000.0,Madhya Pradesh,TIKAMGARH(SC),,,,1200000.0,,,490.0,344.04783333333336,2928574.0,244.04783333333336,-2928574.0,0.8163265306122449,1,2,1449039.0,4232391.0,292.08261475364014,600000.0,100.0,1,4128574.0,4128574.0,1,1,100.0,0,1,0,0,0,1,0,0,0,0,2,8,34.854921540293326,24.11,Low,17.6,None,expenditure exceeds effective sanctioned amount
,Madhya Pradesh,TIKAMGARH(DISTRICT COLLECTOR TIKAMGARH_IDA),Virendra Kumar,VIRENDRA KUMAR,TIKAMGARH(SC),,WS/MP638/2025,Normal/Others,Paragarh Talaiya ke Ghaat Par Shed Nirman,2024-11-14,,,8982,WS/MP638/2025-2026/152378-Construction of public toilets and bathrooms,2025-07-18,249039.0,Physical Inspection,15102,WS/MP638/2025-2026/152542-Construction of buildings for community cultural activities,2026-04-30,598599.0,Completed,103817.0,2026-07-25,gram panchayat sijora,GRAM PANCHAYAT SIJORA,1.0,Payment In-Progress,147000000.0,Madhya Pradesh,TIKAMGARH(SC),,,,249039.0,,,532.0,41.68704500098378,-145222.0,-58.31295499901622,145222.0,0.1694142857142857,1,2,1449039.0,4232391.0,292.08261475364014,600000.0,-58.4935,1,103817.0,103817.0,1,1,100.0,0,0,0,0,0,0,0,0,0,0,0,0,20.88586958612434,12.53,Low,3.2,None,No material anomaly signal detected.
,Madhya Pradesh,SEONI(District Collector Seoni_IDA),Faggan Singh Kulaste,FAGGAN SINGH KULASTE,MANDLA(ST),,WS/MP640/2024,Normal/Others,"Construction of Boundary wall & Maharana pratap samudayik bhawan deori road, chhapara",2024-10-24,,,7150,WS/MP640/2024-2025/149325-Construction of boundary walls of existing public and community buildings,2025-01-02,1000000.0,Work Completed,691,"WS/MP640/2024-2025/149327-Construction of roads, link roads, pathways or any other road with or without drainage system",2026-04-16,1000000.0,Completed,,,,,,,151861648.41,Madhya Pradesh,MANDLA(ST),,,,1000000.0,,,539.0,,,,,0.6584941033302723,1,2,2000000.0,4541000.0,227.05,600000.0,66.66666666666666,0,0.0,0.0,0,0,,0,0,0,0,0,0,0,0,0,0,0,0,9.063249129354862,5.44,Low,0.0,None,No material anomaly signal detected.
,Madhya Pradesh,SEONI(District Collector Seoni_IDA),Faggan Singh Kulaste,FAGGAN SINGH KULASTE,MANDLA(ST),,WS/MP640/2026,Normal/Others,Construction of G.S.V. Road towards village Gurera Raiyat Shanti dham,2024-11-09,,,8517,"WS/MP640/2026-2027/151612-Construction of roads, link roads, pathways or any other road with or without drainage system",2026-07-16,1000000.0,Sanction,,,,,,4541000.0,2026-08-24,MANISH CONSTRUCTION AND VENDORS,MANISH CONSTRUCTION AND VENDORS,18.0,Payment Success,151861648.41,Madhya Pradesh,MANDLA(ST),,,,1000000.0,,,,454.1,3541000.0,354.09999999999997,-3541000.0,0.6584941033302723,0,2,2000000.0,4541000.0,227.05,600000.0,66.66666666666666,1,4541000.0,4541000.0,1,1,100.0,0,1,0,0,0,1,0,0,0,0,2,8,43.235464405785464,29.14,Low,23.9,None,expenditure exceeds effective sanctioned amount
4077,Madhya Pradesh,Khargone (West Nimar)(DISTRICT COLLECTOR KHARGONE_IDA),Gajendra Singh Patel,GAJENDRA SINGH PATEL,KHARGONE(ST),WS/MP641/2024-2025/143281-Setting up of farmers’ training and assistance centers,WS/MP641/2024,Normal/Others,Setting up of farmers’ training and assistance center in village Jalud at near Gaushala,2024-09-24,1500000.0,2024-09-27,6238,WS/MP641/2024-2025/147737-Construction of community centers and community halls,2025-03-27,1100000.0,Vendor Identification,1773,WS/MP641/2024-2025/153867-Purchase of mobile water tankers,2026-05-12,166026.0,Completed,,,,,,,147000000.0,Madhya Pradesh,KHARGONE(ST),,,,1100000.0,3.0,,595.0,,,,,0.7482993197278911,1,2,1900000.0,0.0,0.0,600000.0,83.33333333333334,0,0.0,0.0,0,0,,0,0,0,0,0,0,0,0,0,0,0,0,7.0568776177647745,4.23,Low,0.0,None,No material anomaly signal detected.
1017,Madhya Pradesh,BARWANI(DISTRICT COLLECTOR BADWANI_IDA),Gajendra Singh Patel,GAJENDRA SINGH PATEL,KHARGONE(ST),"WS/MP641/2025-2026/137257-Construction of roads, link roads, pathways or any other road with or without drainage system",WS/MP641/2025,Normal/Others,Construction of road in ward 22 at Chunabhatti from police line to main road,2024-08-27,500000.0,2025-06-06,6045,WS/MP641/2025-2026/147408-Construction of common work sheds/ common covered sitting area,2025-09-27,800000.0,Vendor Identification,6254,WS/MP641/2025-2026/179563-Purchase of mobile water tankers,2026-08-13,166026.0,Completed,,,,,,,147000000.0,Madhya Pradesh,KHARGONE(ST),,,,800000.0,283.0,,716.0,,,,,0.5442176870748299,1,2,1900000.0,0.0,0.0,600000.0,33.33333333333333,0,0.0,0.0,0,0,,0,0,0,1,0,0,0,0,0,0,1,14,6.770416080006196,9.66,Low,0.0,Delayed Project,project duration is unusually long
2171,Madhya Pradesh,Khandwa (East Nimar)(DISTRICT COLLECTOR EAST NIMAR_IDA),Gyaneshwar Patil,GYANESHWAR PATIL,KHANDWA,WS/MP643/2024-2025/139595-Purchase Books for Library,WS/MP643/2024,Normal/Others,supply of books for various schools at khandwa district,2024-09-07,100000.0,2025-01-06,5525,WS/MP643/2024-2025/146416-Improvement of electricity distribution infrastructure,2025-03-27,200000.0,Vendor Identification,8113,WS/MP643/2024-2025/146357-Construction of common work sheds/ common covered sitting area,2026-04-07,250000.0,Completed,150000.0,2025-06-10,Kamdhenu Agency,KAMDHENU AGENCY,1.0,Payment In-Progress,155690684.77,Madhya Pradesh,KHANDWA,,,,200000.0,121.0,155.0,577.0,75.0,-50000.0,-25.0,50000.0,0.128459837077252,1,3,1000000.0,1319136.0,131.9136,600000.0,-66.66666666666666,1,150000.0,150000.0,1,1,100.0,0,0,0,0,0,0,0,0,0,0,0,0,33.444579996287516,20.07,Low,12.6,None,No material anomaly signal detected.
,Madhya Pradesh,Khandwa (East Nimar)(DISTRICT COLLECTOR EAST NIMAR_IDA),Gyaneshwar Patil,GYANESHWAR PATIL,KHANDWA,,WS/MP643/2025,Normal/Others,chabutra nirman at ward num 17 near pani tanki,2024-10-09,,,5523,WS/MP643/2025-2026/146414-Construction of common work sheds/ common covered sitting area,2025-08-05,300000.0,Vendor Identification,6091,WS/MP643/2025-2026/146319-Construction of common work sheds/ common covered sitting area,2026-04-17,700000.0,Completed,1169136.0,2026-08-17,gram panchayat bhawsa,GRAM PANCHAYAT BHAWSA,15.0,Payment Success,155690684.77,Madhya Pradesh,KHANDWA,,,,300000.0,,,555.0,389.712,869136.0,289.712,-869136.0,0.192689755615878,1,3,1000000.0,1319136.0,131.9136,600000.0,-50.0,1,1169136.0,1169136.0,1,1,100.0,0,1,0,0,0,1,0,0,0,0,2,8,24.53544975376169,17.92,Low,9.9,None,expenditure exceeds effective sanctioned amount
,Madhya Pradesh,DEWAS(DISTRICT COLLECTOR DEWAS_IDA),Gyaneshwar Patil,GYANESHWAR PATIL,KHANDWA,,WS/MP643/2026,Normal/Others,ward number 11 tin shed nirman near karweshwar go seva,2024-10-09,,,5521,WS/MP643/2026-2027/146407-Construction of common work sheds/ common covered sitting area,2026-05-20,500000.0,Sanction,,,,,,,,,,,,155690684.77,Madhya Pradesh,KHANDWA,,,,500000.0,,,,,,,,0.32114959269313,0,3,1000000.0,1319136.0,131.9136,600000.0,-16.666666666666664,0,0.0,0.0,0,0,,0,0,0,0,0,0,0,0,0,0,0,0,3.520212409682872,2.11,Low,0.0,None,No material anomaly signal detected.
,Madhya Pradesh,REWA(DISTRICT COLLECTOR REWA_IDA),Janardan Mishra,JANARDAN MISHRA,REWA,,WS/MP644/2024,Normal/Others,Solar Street Lights,2024-11-06,,,8230,WS/ MP644/2024-2025/151113-Street lights,2025-03-28,3663450.0,Vendor Identification,6154,WS/ MP644/2024-2025/151376-Purchase of mobile water tankers,2025-04-25,1125327.0,Completed,,,,,,,147000000.0,Madhya Pradesh,REWA,,,,3663450.0,,,170.0,,,,,2.492142857142857,1,1,3663450.0,0.0,0.0,600000.0,510.57499999999993,0,0.0,0.0,0,0,,0,0,0,0,0,0,0,0,0,0,0,0,24.91289949795126,14.95,Low,6.2,None,No material anomaly signal detected.
,Madhya Pradesh,INDORE(DISTRICT COLLECTOR INDORE_IDA),Shankar Lalwani,SHANKAR LALWANI,INDORE,,WS/MP650/2025,Normal/Others,"Construction of Cultural Building in GP Kanchroad , BicholiHapsi VS RAU",2025-03-20,,,8288,WS/MP650/2025-2026/151269-Construction of buildings for community cultural activities,2025-05-13,250000.0,Vendor Identification,19674,WS/MP650/2025-2026/203902-Purchase of books and periodicals for libraries/digitization of library books,2025-12-30,2000000.0,Completed,1408491.0,2026-08-23,SHRI GANESH ASSOCIATES PROPRIETOR NARAYAN SHARMA,SHRI GANESH ASSOCIATES PROPRIETOR NARAYAN SHARMA,12.0,Payment In-Progress,147000000.0,Madhya Pradesh,INDORE,,,,250000.0,,,285.0,563.3964,1158491.0,463.39639999999997,-1158491.0,0.17006802721088435,1,1,250000.0,1408491.0,563.3964,600000.0,-58.333333333333336,1,1408491.0,1408491.0,1,1,100.0,0,1,0,0,0,1,0,0,0,0,2,8,33.59667133328578,23.36,Low,16.7,None,expenditure exceeds effective sanctioned amount
3820,Madhya Pradesh,ANUPPUR(DISTRICT COLLECTOR ANUPPUR_IDA),Smt Himadri Singh,SMT HIMADRI SINGH,SHAHDOL (ST),WS/MP654/2024-2025/142741-Construction of culverts and bridges,WS/MP654/2024,Normal/Others,construction of culvert near sant kumar's field.,2024-09-23,1499800.0,2024-11-06,7146,WS/MP654/2024-2025/149304-Construction of culverts and bridges,2025-03-19,1000000.0,Vendor Identification,9130,WS/MP654/2024-2025/172128-Street lights,2026-04-13,366964.0,Completed,,,,,,,150724861.11,Madhya Pradesh,SHAHDOL (ST),,,,1000000.0,44.0,,567.0,,,,,0.6634605549712156,1,1,1000000.0,0.0,0.0,600000.0,66.66666666666666,0,0.0,0.0,0,0,,0,0,0,0,0,0,0,0,0,0,0,0,4.879746284825273,2.93,Low,0.0,None,No material anomaly signal detected.
1198,Maharashtra,PUNE(DISTRICT COLLECTOR PUNE_IDA),Amol Ramsing Kolhe,AMOL RAMSING KOLHE,SHIRUR,WS/MP661/2024-2025/137791-Construction of community centers and community halls,WS/MP661/2024,Normal/Others,Construction of community hall Near Maruti temple At Tokavade Tq. Khed Dist. Pune,2024-08-30,499493.0,2024-09-12,1188,WS/MP661/2024-2025/137791-Construction of community centers and community halls,2024-09-12,499493.0,Physical Inspection,2358,WS/MP661/2024-2025/137790-Construction of community centers and community halls,2025-01-24,,Completed,,,,,,,147000000.0,Maharashtra,SHIRUR,,,,499493.0,13.0,,147.0,,,,,0.33979115646258506,1,3,2499187.0,0.0,0.0,600000.0,-16.751166666666666,0,0.0,0.0,0,0,,0,0,0,0,0,0,0,0,0,0,0,0,13.639999329291088,8.18,Low,0.0,None,No material anomaly signal detected.
,Maharashtra,PUNE(DISTRICT COLLECTOR PUNE_IDA),Amol Ramsing Kolhe,AMOL RAMSING KOLHE,SHIRUR,,WS/MP661/2025,Normal/Others,"Construction of community hall at Khairenagar Tq. Ambegaon, Dist. Pune",2024-10-15,,,6074,WS/MP661/2025-2026/147465-Construction of community centers and community halls,2025-10-28,999694.0,Physical Inspection,21229,"WS/MP661/2025-2026/180259-Construction of roads, link roads, pathways or any other road with or without drainage system",2025-11-24,1000000.0,Completed,,,,,,,147000000.0,Maharashtra,SHIRUR,,,,999694.0,,,405.0,,,,,0.6800639455782312,1,3,2499187.0,0.0,0.0,600000.0,66.61566666666666,0,0.0,0.0,0,0,,0,0,0,0,0,0,0,0,0,0,0,0,2.1727120676692873,1.3,Low,0.0,None,No material anomaly signal detected.
,Maharashtra,PUNE(DISTRICT COLLECTOR PUNE_IDA),Amol Ramsing Kolhe,AMOL RAMSING KOLHE,SHIRUR,,WS/MP661/2026,Normal/Others,"installation of High Mast Lighting at 4 different public places at nirgoodsar, Tq. Ambegaon, Dist. Pune",2024-10-15,,,6073,WS/MP661/2026-2027/147464-Lighting of public spaces,2026-05-18,1000000.0,Physical Inspection,,,,,,,,,,,,147000000.0,Maharashtra,SHIRUR,,,,1000000.0,,,,,,,,0.6802721088435374,0,3,2499187.0,0.0,0.0,600000.0,66.66666666666666,0,0.0,0.0,0,0,,0,0,0,0,0,0,0,0,0,0,0,0,1.7390786746821405,1.04,Low,0.0,None,No material anomaly signal detected.
,Maharashtra,MUMBAI(DISTRICT COLLECTOR MUMBAI CITY_IDA),Arvind Ganpat Sawant,ARVIND GANPAT SAWANT,MUMBAI SOUTH,,WS/MP664/2025,Normal/Others,uday krida mandal janta colony worlikoliwada worli community hall,2024-10-08,,,5490,WS/MP664/2025-2026/146368-Construction of community centers and community halls,2025-09-17,1795410.0,Physical Inspection,15750,WS/MP664/2025-2026/146368-Construction of community centers and community halls,2025-09-17,1795410.0,Completed,,,,,,,147000000.0,Maharashtra,MUMBAI SOUTH,,,,1795410.0,,,344.0,,,,,1.2213673469387756,1,2,3295410.0,0.0,0.0,600000.0,199.235,0,0.0,0.0,0,0,,0,0,0,0,0,0,0,0,0,0,0,0,5.940747118935698,3.56,Low,0.0,None,No material anomaly signal detected.
,Maharashtra,MUMBAI(DISTRICT COLLECTOR MUMBAI CITY_IDA),Arvind Ganpat Sawant,ARVIND GANPAT SAWANT,MUMBAI SOUTH,,WS/MP664/2026,Normal/Others,dadarkar compound tulsiwadi tardeo malbarhill development of playground,2024-10-09,,,5630,WS/MP664/2026-2027/146585-Development of playground,2026-05-18,1500000.0,Vendor Identification,,,,,,,,,,,,147000000.0,Maharashtra,MUMBAI SOUTH,,,,1500000.0,,,,,,,,1.0204081632653061,0,2,3295410.0,0.0,0.0,600000.0,150.0,0,0.0,0.0,0,0,,0,0,0,0,0,0,0,0,0,0,0,0,2.5790794944387025,1.55,Low,0.0,None,No material anomaly signal detected.
4497,Maharashtra,NAGPUR(DISTRICT COLLECTOR NAGPUR_IDA),Nitin Jairam Gadkari,NITIN JAIRAM GADKARI,NAGPUR,"WS/MP672/2024-2025/144105-Construction of roads, link roads, pathways or any other road with or without drainage system",WS/MP672/2024,Normal/Others,"Construction of Cement Concerete Road from house of Durga Vikas Dharange to house of Sunita Hedaoo at Galli No.24, Vinoba Bhave Nagar.",2024-09-27,458593.0,2024-09-30,4426,"WS/MP672/2024-2025/144105-Construction of roads, link roads, pathways or any other road with or without drainage system",2024-09-30,458593.0,Physical Inspection,15954,WS/MP672/2024-2025/157560-Construction of additional rooms and halls in the existing public and community building,2025-09-19,959212.0,Completed,,,,,,,168195086.11,Maharashtra,NAGPUR,,,,458593.0,3.0,,357.0,,,,,0.2726554090290599,1,1,458593.0,0.0,0.0,600000.0,-23.567833333333333,0,0.0,0.0,0,0,,0,0,0,0,0,0,0,0,0,0,0,0,7.873282596619616,4.72,Low,0.0,None,No material anomaly signal detected.
1763,Maharashtra,SOLAPUR(DISTRICT COLLECTOR SOLAPUR_IDA),Omprakash Bhupalsinh Alias Pawan Rajenimbalkar,OMPRAKASH BHUPALSINH ALIAS PAWAN RAJENIMBALKAR,OSMANABAD,WS/MP673/2024-2025/139059-Installing tube-wells and borewells,WS/MP673/2024,Normal/Others,Installing tube-wells and borewells,2024-09-05,299942.0,2024-10-21,1735,WS/MP673/2024-2025/139034-Construction of bus-sheds or bus-stops,2025-03-03,300000.0,Physical Inspection,10545,WS/MP673/2024-2025/139059-Installing tube-wells and borewells,2025-07-15,299942.0,Completed,,,,,,,184758519.11,Maharashtra,OSMANABAD,,,,300000.0,46.0,,313.0,,,,,0.16237410942950267,1,4,1599674.0,1978374.0,123.67357349059871,600000.0,-50.0,0,0.0,0.0,0,0,,0,0,0,0,0,0,0,0,0,0,0,0,18.712982375751476,11.23,Low,1.5,None,No material anomaly signal detected.
3997,Maharashtra,Dharashiv(DISTRICT COLLECTOR OSMANABAD_IDA),Omprakash Bhupalsinh Alias Pawan Rajenimbalkar,OMPRAKASH BHUPALSINH ALIAS PAWAN RAJENIMBALKAR,OSMANABAD,"WS/MP673/2025-2026/143160-Construction of roads, link roads, pathways or any other road with or without drainage system",WS/MP673/2025,Normal/Others,Construction of road in public space from Canal Road to Barate Vasti,2024-09-24,500000.0,2025-04-16,5043,WS/MP673/2025-2026/145399-Installing tube-wells and borewells,2025-10-06,299674.0,Physical Inspection,19049,"WS/MP673/2025-2026/176580-Construction of roads, link roads, pathways or any other road with or without drainage system",2025-12-04,697913.0,Completed,,,,,,,184758519.11,Maharashtra,OSMANABAD,,,,299674.0,204.0,,436.0,,,,,0.16219766289725593,1,4,1599674.0,1978374.0,123.67357349059871,600000.0,-50.05433333333333,0,0.0,0.0,0,0,,0,0,0,0,0,0,0,0,0,0,0,0,13.36151494128325,8.02,Low,0.0,None,No material anomaly signal detected.
,Maharashtra,Dharashiv(DISTRICT COLLECTOR OSMANABAD_IDA),Omprakash Bhupalsinh Alias Pawan Rajenimbalkar,OMPRAKASH BHUPALSINH ALIAS PAWAN RAJENIMBALKAR,OSMANABAD,,WS/MP673/2026,Normal/Others,Development of public parks Lahuji Salve Chowk,2024-10-05,,,5196,WS/MP673/2026-2027/145737-Development of public parks,2026-08-03,750000.0,Sanction,,,,,,1978374.0,2026-08-25,CHAIRMAN MAHALAXMI MAJUR SAHKARI SANSTHA LTD WANEWADI TAL BARSHI,CHAIRMAN MAHALAXMI MAJUR SAHKARI SANSTHA LTD WANEWADI TAL BARSHI,3.0,Payment In-Progress,184758519.11,Maharashtra,OSMANABAD,,,,750000.0,,,,263.7832,1228374.0,163.7832,-1228374.0,0.4059352735737567,0,4,1599674.0,1978374.0,123.67357349059871,600000.0,25.0,1,1978374.0,1978374.0,1,1,100.0,0,1,0,0,0,1,0,0,0,0,2,8,22.093856231666702,16.46,Low,8.1,None,expenditure exceeds effective sanctioned amount
4476,Maharashtra,JALNA(DISTRICT COLLECTOR JALNA_IDA),Sanjay Haribhau Jadhav,SANJAY HARIBHAU JADHAV,PARBHANI,"WS/MP681/2024-2025/144067-Construction of roads, link roads, pathways or any other road with or without drainage system",WS/MP681/2024,Normal/Others,"construction of cc road wakadi, tal.Mantha.",2024-10-03,500000.0,2025-01-07,4996,"WS/MP681/2024-2025/145252-Construction of roads, link roads, pathways or any other road with or without drainage system",2025-01-15,999154.0,Sanction,13199,"WS/MP681/2024-2025/163047-Construction of roads, link roads, pathways or any other road with or without drainage system",2025-08-18,997697.0,Completed,,,,,,,147000000.0,Maharashtra,PARBHANI,,,,999154.0,96.0,,319.0,,,,,0.6796965986394558,1,2,1699154.0,0.0,0.0,600000.0,66.52566666666667,0,0.0,0.0,0,0,,0,0,0,0,0,0,0,0,0,0,0,0,2.833855829620055,1.7,Low,0.0,None,No material anomaly signal detected.
4477,Maharashtra,JALNA(DISTRICT COLLECTOR JALNA_IDA),Sanjay Haribhau Jadhav,SANJAY HARIBHAU JADHAV,PARBHANI,"WS/MP681/2025-2026/144068-Construction of roads, link roads, pathways or any other road with or without drainage system",WS/MP681/2025,Normal/Others,"construction of cc road at nansi, tal.Mantha.",2024-10-03,700000.0,2025-10-15,4406,"WS/MP681/2025-2026/144068-Construction of roads, link roads, pathways or any other road with or without drainage system",2025-10-15,700000.0,Vendor Identification,,,,,,,,,,,,147000000.0,Maharashtra,PARBHANI,,,,700000.0,377.0,,,,,,,0.4761904761904762,0,2,1699154.0,0.0,0.0,600000.0,16.666666666666664,0,0.0,0.0,0,0,,0,0,0,0,0,0,0,0,0,0,0,0,5.594216529322642,3.36,Low,0.0,None,No material anomaly signal detected.
4154,Maharashtra,PUNE(DISTRICT COLLECTOR PUNE_IDA),Shrirang Appa Barne,SHRIRANG APPA BARNE,MAVAL,"WS/MP685/2024-2025/143370- Providing sports equipment, except consumable items",WS/MP685/2024,Normal/Others,Installing Open Jim At Near SB Patil School Ravet Pcmc,2024-09-25,996010.0,2025-03-31,4087,"WS/MP685/2024-2025/143370- Providing sports equipment, except consumable items",2025-03-31,996010.0,Physical Inspection,5329,"WS/MP685/2024-2025/143365- Providing sports equipment, except consumable items",2025-04-07,995777.0,Completed,,,,,,,147000000.0,Maharashtra,MAVAL,,,,996010.0,187.0,,194.0,,,,,0.6775578231292517,1,2,1992236.0,0.0,0.0,600000.0,66.00166666666667,0,0.0,0.0,0,0,,0,0,0,0,0,0,0,0,0,0,0,0,7.962680694316816,4.78,Low,0.0,None,No material anomaly signal detected.
4155,Maharashtra,PUNE(DISTRICT COLLECTOR PUNE_IDA),Shrirang Appa Barne,SHRIRANG APPA BARNE,MAVAL,"WS/MP685/2025-2026/143374- Providing sports equipment, except consumable items",WS/MP685/2025,Normal/Others,Installing Open Jim At Bophkhel Near Armi Public School,2024-09-25,996226.0,2025-04-07,4088,"WS/MP685/2025-2026/143374- Providing sports equipment, except consumable items",2025-04-07,996226.0,Physical Inspection,21445,"WS/MP685/2025-2026/171729-Construction of roads, link roads, pathways or any other road with or without drainage system",2026-02-27,499000.0,Completed,,,,,,,147000000.0,Maharashtra,MAVAL,,,,996226.0,194.0,,520.0,,,,,0.6777047619047619,1,2,1992236.0,0.0,0.0,600000.0,66.03766666666667,0,0.0,0.0,0,0,,0,0,0,0,0,0,0,0,0,0,0,0,1.2467365839569446,0.75,Low,0.0,None,No material anomaly signal detected.
2400,Maharashtra,JALGAON(DISTRICT COLLECTOR JALGAON_IDA),Smt Raksha Nikhil Khadse,SMT RAKSHA NIKHIL KHADSE,RAVER,WS/MP691/2024-2025/140096-Fitting of Sitting RCC Benches in Public Places,WS/MP691/2024,Normal/Others,Mauje Bodwad Bodwad District Seating Arrangment at various places for inner city citizens in Jalgaon.,2024-09-09,2999928.0,2024-09-09,2368,WS/MP691/2024-2025/140096-Fitting of Sitting RCC Benches in Public Places,2024-09-09,2999928.0,Physical Inspection,31,WS/MP691/2024-2025/140096-Fitting of Sitting RCC Benches in Public Places,2024-09-11,2974718.0,Completed,,,,,,,153112586.11,Maharashtra,RAVER,,,,2999928.0,0.0,,2.0,,,,,1.959295493738689,1,1,2999928.0,0.0,0.0,600000.0,399.988,0,0.0,0.0,0,0,,0,0,0,0,0,0,0,0,0,0,0,0,32.668883562963174,19.6,Low,12.0,None,No material anomaly signal detected.
,Puducherry,Puducherry(PROJECT DIRECTOR RDA PUDUCHERRY_IDA),Vaithilingam Ve,VAITHILINGAM VE,Puducherry,,WS/MP710/2024,Normal/Others,"“Raising and Improvements to the Chalakkara Punnol road, Chalakkara, Mahe, Puducherry”",2024-10-08,,,5491,"WS/MP710/2024-2025/146369-Construction of roads, link roads, pathways or any other road with or without drainage system",2024-11-11,3000000.0,Physical Inspection,20665,"WS/MP710/2024-2025/152564-Construction of roads, link roads, pathways or any other road with or without drainage system",2025-12-04,139304.0,Completed,,,,,,,209368972.11,Puducherry,Puducherry,,,,3000000.0,,,422.0,,,,,1.4328770733152547,1,3,7600000.0,5732781.0,75.43132894736843,600000.0,400.0,0,0.0,0.0,0,0,,0,0,0,0,0,0,0,0,0,0,0,0,33.36223791474549,20.02,Low,12.5,None,No material anomaly signal detected.
,Puducherry,Puducherry(PROJECT DIRECTOR RDA PUDUCHERRY_IDA),Vaithilingam Ve,VAITHILINGAM VE,Puducherry,,WS/MP710/2025,Normal/Others,"Formation of road near Pandivayal and Improvements to the branch roads, Pandakkal, Mahe, Puducherry.",2024-10-29,,,7531,"WS/MP710/2025-2026/149937-Construction of roads, link roads, pathways or any other road with or without drainage system",2026-01-05,3000000.0,Work partially Completed,16199,"WS/MP710/2025-2026/149820-Construction of roads, link roads, pathways or any other road with or without drainage system",2025-09-23,845883.0,Completed,1229867.0,2026-08-25,Anbarasan G,ANBARASAN G,1.0,Payment In-Progress,209368972.11,Puducherry,Puducherry,,,,3000000.0,,,329.0,40.99556666666667,-1770133.0,-59.00443333333333,1770133.0,1.4328770733152547,1,3,7600000.0,5732781.0,75.43132894736843,600000.0,400.0,1,1229867.0,1229867.0,1,1,100.0,0,0,0,0,0,0,0,0,0,0,0,0,57.4392227638347,34.46,Medium,30.6,None,No material anomaly signal detected.
,Puducherry,Puducherry(PROJECT DIRECTOR RDA PUDUCHERRY_IDA),Vaithilingam Ve,VAITHILINGAM VE,Puducherry,,WS/MP710/2026,Normal/Others,"Improvements to the internal roads at Easwaran Nagar, Vinayagampet, Mannadipet Commune, Puducherry.",2024-10-29,,,7402,"WS/MP710/2026-2027/149788-Construction of roads, link roads, pathways or any other road with or without drainage system",2026-05-21,1600000.0,Time Estimation,,,,,,4502914.0,2026-08-18,M SENTHILKUMAR,M SENTHILKUMAR,4.0,Payment In-Progress,209368972.11,Puducherry,Puducherry,,,,1600000.0,,,,281.432125,2902914.0,181.432125,-2902914.0,0.7642011057681358,0,3,7600000.0,5732781.0,75.43132894736843,600000.0,166.66666666666669,1,4502914.0,4502914.0,1,1,100.0,0,1,0,0,0,1,0,0,0,0,2,8,55.49657971616326,36.5,Medium,33.1,None,expenditure exceeds effective sanctioned amount
3788,Punjab,MANSA(DEPUTY COMMISSIONER MANSA_IDA),Smt Harsimrat Kaur Badal,SMT HARSIMRAT KAUR BADAL,BHATINDA,WS/MP716/2024-2025/142670-Installing community drinking water plants,WS/MP716/2024,Normal/Others,Installing Submersible Motor in Makhan Singh s/o Shankar Singh Street,2024-09-23,65000.0,2024-11-22,3308,WS/MP716/2024-2025/141811-Purchase of mobile water tankers,2025-01-01,400000.0,Physical Inspection,7399,WS/MP716/2024-2025/141308-Construction of bus-sheds or bus-stops,2026-02-24,250000.0,Completed,150000.0,2026-08-26,National Sports and Games,NATIONAL SPORTS AND GAMES,1.0,Payment In-Progress,159775982.39,Punjab,BHATINDA,,,,400000.0,60.0,642.0,519.0,37.5,-250000.0,-62.5,250000.0,0.25035051827979565,1,1,400000.0,150000.0,37.5,600000.0,-33.33333333333333,1,150000.0,150000.0,1,1,100.0,0,0,0,0,0,0,0,0,0,0,0,0,33.9087571343457,20.35,Low,12.9,None,No material anomaly signal detected.
3773,Rajasthan,Kekri(DISTRICT COLLECTOR Kekri_IDA),Bhagirath Chaudhary,BHAGIRATH CHAUDHARY,AJMER,WS/MP719/2024-2025/142649-Construction of community centers and community halls,WS/MP719/2024,Normal/Others,Construction of Open Community hall at tejaji's place in Barol village.,2024-09-22,999818.0,2024-12-06,7285,WS/MP719/2024-2025/149562-Construction of community centers and community halls,2025-01-09,500000.0,Work Completed,9846,WS/MP719/2024-2025/149562-Construction of community centers and community halls,2026-01-20,499540.0,Completed,216825.0,2026-08-27,SHIV CONSTRUCTICN KATSOORA,SHIV CONSTRUCTICN KATSOORA,24.0,Payment In-Progress,147000000.0,Rajasthan,AJMER,,,,500000.0,75.0,629.0,485.0,43.364999999999995,-283175.0,-56.635000000000005,283175.0,0.3401360544217687,1,2,5600000.0,4848067.0,86.572625,600000.0,-16.666666666666664,1,216825.0,216825.0,1,1,100.0,0,0,0,0,0,1,0,0,0,0,1,0,47.42943429503521,28.46,Low,23.1,None,No material anomaly signal detected.
,Rajasthan,AJMER(DISTRICT COLLECTOR AJMER_IDA),Bhagirath Chaudhary,BHAGIRATH CHAUDHARY,AJMER,,WS/MP719/2025,Normal/Others,"Construction of community Halls at ward no. 55, ajmer south assembly constituency.",2024-11-08,,,8418,WS/MP719/2025-2026/151460-Construction of community centers and community halls,2025-08-22,5100000.0,Vendor Identification,17292,WS/MP719/2025-2026/175298-Improvement of electricity distribution infrastructure,2026-03-18,1026725.0,Completed,4631242.0,2026-08-24,omparkash,OMPARKASH,91.0,Payment In-Progress,147000000.0,Rajasthan,AJMER,,,,5100000.0,,,495.0,90.80866666666667,-468758.0,-9.191333333333333,468758.0,3.4693877551020407,1,2,5600000.0,4848067.0,86.572625,600000.0,750.0,1,4631242.0,4631242.0,1,1,100.0,0,0,0,0,0,1,0,0,0,0,1,0,84.9415557424878,50.96,Medium,51.2,ML Anomaly,multivariate pattern is unusual versus uploaded batch
3506,Rajasthan,UDAIPUR(DISTRICT COLLECTOR UDAIPUR_IDA),Chandra Prakash Joshi,CHANDRA PRAKASH JOSHI,CHITTORGARH,WS/MP720/2024-2025/142128-Providing garbage collection and disposal systems,WS/MP720/2024,Normal/Others,GARAM PANCHAYAT ME KACHARA SAGRNHAN HETU VAHAN/MINI TAKTAR,2024-09-21,400000.0,2024-12-16,3454,WS/MP720/2024-2025/142128-Providing garbage collection and disposal systems,2024-12-16,400000.0,Physical Inspection,1929,WS/MP720/2024-2025/142128-Providing garbage collection and disposal systems,2025-12-22,399900.0,Completed,,,,,,,147000000.0,Rajasthan,CHITTORGARH,,,,400000.0,86.0,,457.0,,,,,0.27210884353741494,1,1,400000.0,0.0,0.0,600000.0,-33.33333333333333,0,0.0,0.0,0,0,,0,0,0,0,0,0,0,0,0,0,0,0,2.4495743214366383,1.47,Low,0.0,None,No material anomaly signal detected.
3525,Rajasthan,KOTA(DISTRICT COLLECTOR KOTA_IDA),Om Birla,OM BIRLA,KOTA,WS/MP727/2024-2025/142176-Construction of rooms and halls in school and colleges,WS/MP727/2024,Normal/Others,"Sangod Mai Vidya Bharti Shiksha Santhan Dwara Sanchalit Maharaj Shri Kashipuri Adarsh Vidya Mandir Madhyamik Vidhyalay Me Kaksha-Kaksho Ka Nirman Karya. Place- Gram, Gram Panchayat Sangod, Block- Sangod, Recommended Amount- 10.00 Lakh Rs., Implementing Agency- Pwd Div. Sangod",2024-09-21,998893.0,2024-12-07,5395,WS/MP727/2024-2025/146157-Crematoriums/energy efficient crematoriums or structures on burial/cremation ground,2025-03-11,500000.0,Sanction,3785,"WS/MP727/2024-2025/149708-Construction of roads, link roads, pathways or any other road with or without drainage system",2026-04-27,454143.0,Completed,,,,,,,163906956.6,Rajasthan,KOTA,,,,500000.0,77.0,,583.0,,,,,0.3050511158109076,1,1,500000.0,0.0,0.0,600000.0,-16.666666666666664,0,0.0,0.0,0,0,,0,0,0,0,0,0,0,0,0,0,0,0,4.336399777050919,2.6,Low,0.0,None,No material anomaly signal detected.
2547,Tamil Nadu,TIRUPPUR(DISTRICT COLLECTOR TIRUPPUR_IDA),Andimuthu Raja,ANDIMUTHU RAJA,NILGIRIS(SC),WS/MP740/2025-2026/140344-Construction of buildings for crèches and anganwadies,WS/MP740/2025,Normal/Others,Construction of Anganvadi Building at Tirumurugan poondi Town (Ward No 23),2024-09-11,1200000.0,2025-11-27,2509,WS/MP740/2025-2026/140338-Construction of bus-sheds or bus-stops,2026-01-27,499977.0,Physical Inspection,21567,WS/MP740/2025-2026/203995-Construction of community centers and community halls,2026-03-03,1500000.0,Completed,,,,,,,147000000.0,Tamil Nadu,NILGIRIS(SC),1.0,2500000.0,National Calamity,499977.0,442.0,,538.0,,,,,0.3401204081632653,1,2,1899920.0,3482790.0,183.31245526127415,600000.0,-16.6705,0,0.0,0.0,0,0,,0,0,0,0,0,0,0,0,0,0,0,0,16.609946623351643,9.97,Low,0.0,None,No material anomaly signal detected.
2544,Tamil Nadu,ERODE(DISTRICT_COLLECTORE_ERODE_IDA),Andimuthu Raja,ANDIMUTHU RAJA,NILGIRIS(SC),WS/MP740/2026-2027/140341-Construction of community centers and community halls,WS/MP740/2026,Normal/Others,Construction of Anganvadi Building at Weekly Market area Ward No 15 at Punjai Puliampatti Town,2024-09-11,1400000.0,2026-05-15,2510,WS/MP740/2026-2027/140339-Construction of water tanks,2026-07-15,1399943.0,Physical Inspection,,,,,,3482790.0,2026-07-27,SANDHIYA and CO,SANDHIYA AND CO,3.0,Payment Success,147000000.0,Tamil Nadu,NILGIRIS(SC),1.0,2500000.0,National Calamity,1399943.0,611.0,73.0,,248.7808432200454,2082847.0,148.7808432200454,-2082847.0,0.9523421768707484,0,2,1899920.0,3482790.0,183.31245526127415,600000.0,133.32383333333334,1,3482790.0,3482790.0,1,1,100.0,0,1,0,0,0,1,0,0,0,0,2,8,54.78219456318061,36.07,Medium,32.6,None,expenditure exceeds effective sanctioned amount
3974,Tamil Nadu,Kancheepuram(DISTRICT COLLECTOR KANCHEEPURAM_IDA),Ganesan Selvam,GANESAN SELVAM,KANCHEEPURAM(SC),"WS/MP743/2024-2025/143117-Purchase of smart boards, visual display units and projectors",WS/MP743/2024,Normal/Others,Purchasing of smart class room equipment for Musaravakkam Govt.Hr.sec.School in Kanchipuram Panchayat Union. (Supply of smart class equipment 2 set),2024-09-24,400000.0,2024-10-20,3432,WS/MP743/2024-2025/142091-Construction of buildings for crèches and anganwadies,2025-03-27,1498588.0,Physical Inspection,14328,WS/MP743/2024-2025/142091-Construction of buildings for crèches and anganwadies,2026-03-13,1498588.0,Completed,,,,,,,186508749.11,Tamil Nadu,KANCHEEPURAM(SC),,,,1498588.0,26.0,,535.0,,,,,0.8034947460379758,1,2,2248588.0,0.0,0.0,600000.0,149.76466666666667,0,0.0,0.0,0,0,,0,0,0,0,0,0,0,0,0,0,0,0,7.896263066444625,4.74,Low,0.0,None,No material anomaly signal detected.
3845,Tamil Nadu,CHENGALPATTU(District Collector Chengalpattu_IDA),Ganesan Selvam,GANESAN SELVAM,KANCHEEPURAM(SC),WS/MP743/2025-2026/142809-Construction of water tanks,WS/MP743/2025,Normal/Others,"Construction of 30000 Ltr OHT Tank at Nemmeli Panchayat, Thirporur Panchayat Union.",2024-09-23,1499661.0,2025-05-15,3777,WS/MP743/2025-2026/142807-Installing community drinking water plants,2026-02-06,750000.0,Work Completed,21661,WS/MP743/2025-2026/142801-Construction of community centers and community halls,2026-08-24,1010704.0,Completed,,,,,,,186508749.11,Tamil Nadu,KANCHEEPURAM(SC),,,,750000.0,234.0,,700.0,,,,,0.4021259075399522,1,2,2248588.0,0.0,0.0,600000.0,25.0,0,0.0,0.0,0,0,,0,0,0,1,0,0,0,0,0,0,1,14,10.166057789654225,11.7,Low,2.1,Delayed Project,project duration is unusually long
3097,Tamil Nadu,TIRUPPUR(DISTRICT COLLECTOR TIRUPPUR_IDA),K Subbarayan,K SUBBARAYAN,TIRUPPUR,WS/MP745/2024-2025/141295-Lighting of public spaces,WS/MP745/2024,Normal/Others,"ward no 8, palanissamy nagar,nanthaa nagar naal road near at tiruppur corpration",2024-09-16,534121.0,2025-03-19,3051,WS/MP745/2024-2025/141245-Lighting of public spaces,2025-03-27,535059.0,Physical Inspection,4890,WS/MP745/2024-2025/141245-Lighting of public spaces,2025-03-27,535059.0,Completed,,,,,,,147000000.0,Tamil Nadu,TIRUPPUR,,,,535059.0,184.0,,192.0,,,,,0.3639857142857143,1,4,7630059.0,0.0,0.0,600000.0,-10.8235,0,0.0,0.0,0,0,,0,0,0,0,0,0,0,0,0,0,0,0,19.80463800021402,11.88,Low,2.4,None,No material anomaly signal detected.
4844,Tamil Nadu,TIRUPPUR(DISTRICT COLLECTOR TIRUPPUR_IDA),K Subbarayan,K SUBBARAYAN,TIRUPPUR,"WS/MP745/2025-2026/144828-Construction of roads, link roads, pathways or any other road with or without drainage system",WS/MP745/2025,Normal/Others,Construction of Roads CSI Colony H/O perumanallur Panchayat,2024-09-30,1499453.0,2025-08-01,4766,WS/MP745/2025-2026/144827-Construction of community centers and community halls,2026-02-20,5295000.0,Work Completed,21654,WS/MP745/2025-2026/189094-Construction of water tanks,2025-12-02,1200000.0,Completed,,,,,,,147000000.0,Tamil Nadu,TIRUPPUR,,,,5295000.0,305.0,,428.0,,,,,3.602040816326531,1,4,7630059.0,0.0,0.0,600000.0,782.5,0,0.0,0.0,0,0,,0,0,0,0,0,0,0,0,0,0,0,0,42.256318539515085,25.35,Low,19.2,None,No material anomaly signal detected.
1550,Tamil Nadu,TIRUPPUR(DISTRICT COLLECTOR TIRUPPUR_IDA),K Subbarayan,K SUBBARAYAN,TIRUPPUR,WS/MP745/2026-2027/138567-Installing tube-wells and borewells,WS/MP745/2026,Normal/Others,"Supply of New Borewell at Ward no.11, K.P.S Street,Shastri Street, Tiruppur Corporation.",2024-09-03,1000000.0,2026-06-23,1539,WS/MP745/2026-2027/138567-Installing tube-wells and borewells,2026-06-23,1000000.0,Physical Inspection,,,,,,,,,,,,147000000.0,Tamil Nadu,TIRUPPUR,,,,1000000.0,658.0,,,,,,,0.6802721088435374,0,4,7630059.0,0.0,0.0,600000.0,66.66666666666666,0,0.0,0.0,0,0,,0,0,0,0,0,0,0,0,0,0,0,0,27.254185350676746,16.35,Low,7.9,None,No material anomaly signal detected.
781,Tamil Nadu,VIRUDHUNAGAR(DISTRICT COLLECTOR VIRUDHUNAGAR_IDA),Manickam Tagore B,MANICKAM TAGORE B,VIRUDHUNAGAR,WS/MP747/2024-2025/136681-Construction of community centers and community halls,WS/MP747/2024,Normal/Others,"Construction of Community Centre in ward no.20, Kannaki colony at Sivakasi Corporation",2024-09-13,2500000.0,2025-03-25,771,WS/MP747/2024-2025/136681-Construction of community centers and community halls,2025-03-25,2500000.0,Work partially Completed,9956,WS/MP747/2024-2025/136647-Construction of community centers and community halls,2025-12-15,2370415.0,Completed,,,,,,,147000000.0,Tamil Nadu,VIRUDHUNAGAR,,,,2500000.0,193.0,,458.0,,,,,1.7006802721088436,1,2,3249124.0,744259.0,22.906451092663747,600000.0,316.66666666666663,0,0.0,0.0,0,0,,0,0,0,0,0,0,0,0,0,0,0,0,15.515188974900173,9.31,Low,0.0,None,No material anomaly signal detected.
3329,Tamil Nadu,VIRUDHUNAGAR(DISTRICT COLLECTOR VIRUDHUNAGAR_IDA),Manickam Tagore B,MANICKAM TAGORE B,VIRUDHUNAGAR,WS/MP747/2025-2026/141760-Lighting of public spaces,WS/MP747/2025,Normal/Others,Installation of Highmass Light (LED) in Anbinnagaram village at Kangarakkottai Panchayat,2024-09-25,800000.0,2025-04-01,3281,WS/MP747/2025-2026/141756-Construction of bus-sheds or bus-stops,2025-12-12,749124.0,Physical Inspection,9530,WS/MP747/2025-2026/140329-Construction of community centers and community halls,2026-01-23,2499149.0,Completed,744259.0,2026-08-24,VEEKAY INDUSTRIES,VEEKAY INDUSTRIES,1.0,Payment In-Progress,147000000.0,Tamil Nadu,VIRUDHUNAGAR,,,,749124.0,188.0,510.0,485.0,99.35057480470523,-4865.0,-0.6494251952947709,4865.0,0.5096081632653061,1,2,3249124.0,744259.0,22.906451092663747,600000.0,24.854000000000003,1,744259.0,744259.0,1,1,100.0,0,0,0,0,0,0,0,0,0,0,0,0,20.43651946034659,12.26,Low,2.8,None,No material anomaly signal detected.
,Tamil Nadu,MADURAI(DISTRICT COLLECTOR MADURAI_IDA),S Venkatesan,S VENKATESAN,MADURAI,,WS/MP751/2024,Normal/Others,Additional Fund for Construction of New Bus Stand at Kottampatti (2024-2025),2024-10-10,,,5662,WS/MP751/2024-2025/146656-Construction of bus-sheds or bus-stops,2024-10-14,2500000.0,Physical Inspection,365,WS/MP751/2024-2025/146656-Construction of bus-sheds or bus-stops,2024-11-05,2500000.0,Completed,,,,,,,147000000.0,Tamil Nadu,MADURAI,,,,2500000.0,,,26.0,,,,,1.7006802721088436,1,1,2500000.0,0.0,0.0,600000.0,316.66666666666663,0,0.0,0.0,0,0,,0,0,0,0,0,0,0,0,0,0,0,0,17.58381476232409,10.55,Low,0.7,None,No material anomaly signal detected.
,Tamil Nadu,Kancheepuram(DISTRICT COLLECTOR KANCHEEPURAM_IDA),Thalikkottai Rajuthevar Baalu,THALIKKOTTAI RAJUTHEVAR BAALU,SRIPERUMBUDUR,,WS/MP755/2024,Normal/Others,Construction of a Ration Shop.,2024-11-09,,,8458,WS/MP755/2024-2025/151522-Construction of community centers and community halls,2025-03-27,1399631.0,Physical Inspection,9795,WS/MP755/2024-2025/151522-Construction of community centers and community halls,2025-12-09,1399631.0,Completed,,,,,,,196905535.11,Tamil Nadu,SRIPERUMBUDUR,,,,1399631.0,,,395.0,,,,,0.7108134361068646,1,2,2949583.0,0.0,0.0,600000.0,133.27183333333332,0,0.0,0.0,0,0,,0,0,0,0,0,0,0,0,0,0,0,0,5.510380828917807,3.31,Low,0.0,None,No material anomaly signal detected.
,Tamil Nadu,Kancheepuram(DISTRICT COLLECTOR KANCHEEPURAM_IDA),Thalikkottai Rajuthevar Baalu,THALIKKOTTAI RAJUTHEVAR BAALU,SRIPERUMBUDUR,,WS/MP755/2025,Normal/Others,Construction of an Anganwadi Building.,2024-11-09,,,8455,WS/MP755/2025-2026/151519-Construction of buildings for crèches and anganwadies,2025-04-12,1549952.0,Physical Inspection,21369,WS/MP755/2025-2026/189474-Street lights,2025-11-26,399150.0,Completed,,,,,,,196905535.11,Tamil Nadu,SRIPERUMBUDUR,,,,1549952.0,,,382.0,,,,,0.7871551193998327,1,2,2949583.0,0.0,0.0,600000.0,158.32533333333333,0,0.0,0.0,0,0,,0,0,0,0,0,0,0,0,0,0,0,0,6.8136505970918195,4.09,Low,0.0,None,No material anomaly signal detected.
,Tamil Nadu,KARUR(DISTRICT COLLECTOR KARUR_IDA),Smt S Jothimani,SMT S JOTHIMANI,KARUR,,WS/MP758/2025,Normal/Others,"Purchase of ECG - (12 Channel), Neonatal Warmer and Crash Cart Equipments for the Government Hospital,Manmangalam,Karur",2024-10-22,,,7048,WS/MP758/2025-2026/149078-Purchase of hospital equipment,2026-03-05,137500.0,Physical Inspection,17334,WS/MP758/2025-2026/157287-Construction of public libraries and reading rooms,2026-03-30,1497456.0,Completed,199966.0,2026-03-18,RAMESH,RAMESH,1.0,Payment In-Progress,147000000.0,Tamil Nadu,KARUR,,,,137500.0,,,524.0,145.42981818181818,62466.0,45.429818181818185,-62466.0,0.09353741496598639,1,1,137500.0,199966.0,145.42981818181818,600000.0,-77.08333333333334,1,199966.0,199966.0,1,1,100.0,0,1,0,0,0,0,0,0,0,0,1,8,20.410256245641875,15.45,Low,6.8,None,expenditure exceeds effective sanctioned amount
4986,Telangana,NIZAMABAD(DISTRICT COLLECTOR NIZAMABAD_IDA),Arvind Dharmapuri,ARVIND DHARMAPURI,NIZAMABAD,WS/MP761/2024-2025/145019-Construction of common work sheds/ common covered sitting area,WS/MP761/2024,Normal/Others,Construction of Artisan Shed near Shivalayam Temple,2024-10-07,495000.0,2024-10-17,7411,WS/MP761/2024-2025/149808-Providing drains and gutters for public drainage,2025-03-20,495000.0,Work Completed,19389,WS/MP761/2024-2025/138989-Construction of community centers and community halls,2025-10-28,400000.0,Completed,400000.0,2026-07-09,SAMPANGI NARSAIAH,SAMPANGI NARSAIAH,1.0,Payment Success,281396355.11,Telangana,NIZAMABAD,,,,495000.0,10.0,630.0,386.0,80.8080808080808,-95000.0,-19.19191919191919,95000.0,0.17590846185854137,1,3,1095000.0,2290112.0,209.14264840182648,600000.0,-17.5,1,400000.0,400000.0,1,1,100.0,0,0,0,0,0,0,0,0,0,0,0,0,40.82547186002204,24.5,Low,18.1,None,No material anomaly signal detected.
1731,Telangana,NIZAMABAD(DISTRICT COLLECTOR NIZAMABAD_IDA),Arvind Dharmapuri,ARVIND DHARMAPURI,NIZAMABAD,WS/MP761/2025-2026/138988-Construction of community centers and community halls,WS/MP761/2025,Normal/Others,Construction of Youth Building near Gandhi statue,2024-09-05,400000.0,2025-08-30,5657,WS/MP761/2025-2026/146645-Construction of community centers and community halls,2025-12-17,250000.0,Work Completed,21734,WS/MP761/2025-2026/221183-Street lights,2025-12-01,133694.0,Completed,,,,,,,281396355.11,Telangana,NIZAMABAD,,,,250000.0,359.0,,452.0,,,,,0.08884265750431382,1,3,1095000.0,2290112.0,209.14264840182648,600000.0,-58.333333333333336,0,0.0,0.0,0,0,,0,0,0,0,0,0,0,0,0,0,0,0,28.520005093289306,17.11,Low,8.9,None,No material anomaly signal detected.
1758,Telangana,Jagitial(DISTRICT COLLECTOR JAGTIAL_IDA),Arvind Dharmapuri,ARVIND DHARMAPURI,NIZAMABAD,WS/MP761/2026-2027/139054-Construction of common work sheds/ common covered sitting area,WS/MP761/2026,Normal/Others,Construction of Tin Shed near Goshala,2024-09-05,400000.0,2026-07-14,1733,WS/MP761/2026-2027/139030-Construction of boundary walls of existing public and community buildings,2026-08-17,350000.0,Sanction,,,,,,1890112.0,2026-08-21,GKNR Constructions and Man Power suppliers,GKNR CONSTRUCTIONS AND MAN POWER SUPPLIERS,6.0,Payment Success,281396355.11,Telangana,NIZAMABAD,,,,350000.0,677.0,38.0,,540.0319999999999,1540112.0,440.032,-1540112.0,0.12437972050603933,0,3,1095000.0,2290112.0,209.14264840182648,600000.0,-41.66666666666667,1,1890112.0,1890112.0,1,1,100.0,0,1,0,0,0,1,0,0,0,0,2,8,58.17358039402354,38.1,Medium,35.1,None,expenditure exceeds effective sanctioned amount
791,Uttar Pradesh,GAUTAM BUDDHA NAGAR(DISTRICT MAGISTRATE GAUTAMBUDHNAGAR),Mahesh Sharma,MAHESH SHARMA,GAUTAM BUDDHA NAGAR,"WS/MP777/2024-2025/136696-Construction of roads, link roads, pathways or any other road with or without drainage system",WS/MP777/2024,Normal/Others,"Vilaspur men Rampur road se lekar merry Dairy ki ore interlocking & naali nirman, 91 meter",2024-08-21,906023.0,2024-09-07,781,"WS/MP777/2024-2025/136696-Construction of roads, link roads, pathways or any other road with or without drainage system",2024-09-07,906023.0,Physical Inspection,2688,"WS/MP777/2024-2025/173100-Construction of roads, link roads, pathways or any other road with or without drainage system",2025-09-20,1077092.0,Completed,,,,,,,148816284.11,Uttar Pradesh,GAUTAM BUDDHA NAGAR,,,,906023.0,17.0,,395.0,,,,,0.6088197977919527,1,1,906023.0,0.0,0.0,600000.0,51.00383333333334,0,0.0,0.0,0,0,,0,0,0,0,0,0,0,0,0,0,0,0,4.515669736033492,2.71,Low,0.0,None,No material anomaly signal detected.
2514,Uttar Pradesh,HARDOI(DISTRICT MAGISTRATE HARDOI_IDA),Jai Prakash,JAI PRAKASH,HARDOI (SC),WS/MP792/2024-2025/140292-Lighting of public spaces,WS/MP792/2024,Normal/Others,30 ?? 6?? 170 ?? 200 ??? ???? ????????? ?????,2024-09-11,4022832.0,2025-03-06,2482,WS/MP792/2024-2025/140292-Lighting of public spaces,2025-03-06,4022832.0,Vendor Identification,2821,"WS/MP792/2024-2025/154172-Construction of roads, link roads, pathways or any other road with or without drainage system",2025-02-07,1187420.0,Completed,,,,,,,147000000.0,Uttar Pradesh,HARDOI (SC),,,,4022832.0,176.0,,149.0,,,,,2.7366204081632652,1,1,4022832.0,0.0,0.0,600000.0,570.472,0,0.0,0.0,0,0,,0,0,0,0,0,0,0,0,0,0,0,0,39.68115970126041,23.81,Low,17.3,None,No material anomaly signal detected.
,Uttar Pradesh,FARRUKHABAD(DISTRICT MAGISTRAE FARRUKHABAD_IDA),Mukesh Rajput,MUKESH RAJPUT,FARRUKHABAD,,WS/MP797/2024,Normal/Others,Installation of a semi-high mast light with six LEDs at a public place in consultation with Shri Sarvesh Gangwar near village Nagla Damu intersection of Kayamganj assembly of my parliamentary constituency Farrukhabad. mobile number 8400935606. (Executing Agency UPSIC Muradabad),2024-11-07,,,8325,WS/MP797/2024-2025/151336-Street lights,2025-02-05,222921.0,Physical Inspection,4376,WS/MP797/2024-2025/151200-Street lights,2025-07-17,222921.0,Completed,,,,,,,147000000.0,Uttar Pradesh,FARRUKHABAD,,,,222921.0,,,252.0,,,,,0.1516469387755102,1,1,222921.0,0.0,0.0,600000.0,-62.846500000000006,0,0.0,0.0,0,0,,0,0,0,0,0,0,0,0,0,0,0,0,8.299909576854725,4.98,Low,0.0,None,No material anomaly signal detected.
557,Uttar Pradesh,Kushinagar(DISTRICT MAGISTRATE KUSHINAGAR PADRAUNA_IDA),Vijay Kumar Dubey,VIJAY KUMAR DUBEY,KUSHI NAGAR,WS/MP812/2024-2025/135861-Lighting of public spaces,WS/MP812/2024,Normal/Others,WARD NO 10 MUNDERA RATANPATTI SHIV MANDIR KE PAS HIGH MAST KI STHAPANA,2024-08-17,236234.0,2025-02-18,6091,WS/MP812/2024-2025/147494-Lighting of public spaces,2025-03-19,236234.0,Physical Inspection,18785,WS/MP812/2024-2025/135404-Lighting of public spaces,2026-04-16,236315.0,Completed,,,,,,,148900000.0,Uttar Pradesh,KUSHI NAGAR,,,,236234.0,185.0,,607.0,,,,,0.1586527871054399,1,3,1433513.0,0.0,0.0,600000.0,-60.62766666666667,0,0.0,0.0,0,0,,0,0,0,0,0,0,0,0,0,0,0,0,7.290431070429959,4.37,Low,0.0,None,No material anomaly signal detected.
544,Uttar Pradesh,Kushinagar(DISTRICT MAGISTRATE KUSHINAGAR PADRAUNA_IDA),Vijay Kumar Dubey,VIJAY KUMAR DUBEY,KUSHI NAGAR,WS/MP812/2025-2026/135815-Lighting of public spaces,WS/MP812/2025,Normal/Others,SOHSA CHAURAHE PAR HIGH MAST KI STHAPANA,2024-08-17,236234.0,2025-07-24,6087,WS/MP812/2025-2026/147490-Installation of multi-gym equipment,2026-02-17,848279.0,Physical Inspection,21864,WS/MP812/2025-2026/210994-Lighting of public spaces,2026-07-28,236316.0,Completed,,,,,,,148900000.0,Uttar Pradesh,KUSHI NAGAR,,,,848279.0,341.0,,710.0,,,,,0.5696971121558093,1,3,1433513.0,0.0,0.0,600000.0,41.37983333333333,0,0.0,0.0,0,0,,0,0,0,1,0,0,0,0,0,0,1,14,13.69307300911005,13.82,Low,4.8,Delayed Project,project duration is unusually long
,Uttar Pradesh,Kushinagar(DISTRICT MAGISTRATE KUSHINAGAR PADRAUNA_IDA),Vijay Kumar Dubey,VIJAY KUMAR DUBEY,KUSHI NAGAR,,WS/MP812/2026,Normal/Others,KHADDA ME MODEL SHOP KE BAGAL SE SHURU HOKAR BAZAR JANE WALI PICH SADAK TAK MITTI AUR KHADANJA NIRMAN KARRY,2024-10-15,,,6105,"WS/MP812/2026-2027/147511-Construction of roads, link roads, pathways or any other road with or without drainage system",2026-08-19,349000.0,Sanction,,,,,,,,,,,,148900000.0,Uttar Pradesh,KUSHI NAGAR,,,,349000.0,,,,,,,,0.2343854936198791,0,3,1433513.0,0.0,0.0,600000.0,-41.833333333333336,0,0.0,0.0,0,0,,0,0,0,0,0,0,0,0,0,0,0,0,1.9612874453441806,1.18,Low,0.0,None,No material anomaly signal detected.
2311,West Bengal,NADIA(DISTRICT MAGISTRATE NADIA_IDA),Ms Mahua Moitra,MS MAHUA MOITRA,KRISHNANAGAR,"WS/MP823/2024-2025/139972-Construction of rooms and facilities for hospitals, FWC , PHC Centers and ANM centers",WS/MP823/2024,Normal/Others,"Construction of Car shed for Hospital staff under Natidanga-I GP, under Karimpur-II Block.",2024-09-08,99160.0,2024-12-16,2115,WS/MP823/2024-2025/139556-Construction of rooms and halls in school and colleges,2025-01-27,1938436.0,Physical Inspection,14072,WS/MP823/2024-2025/139966-Renovation of ponds and lakes,2026-07-31,518968.0,Completed,,,,,,,159865046.0,West Bengal,KRISHNANAGAR,,,,1938436.0,99.0,,691.0,,,,,1.212545236436488,1,2,2011295.0,3994199.0,198.58842188739095,600000.0,223.07266666666666,0,0.0,0.0,0,0,,0,0,0,0,0,0,0,0,0,0,0,0,21.859505547755898,13.12,Low,3.9,None,No material anomaly signal detected.
2308,West Bengal,NADIA(DISTRICT MAGISTRATE NADIA_IDA),Ms Mahua Moitra,MS MAHUA MOITRA,KRISHNANAGAR,WS/MP823/2025-2026/139969-Establishing public ground water recharging facilities,WS/MP823/2025,Normal/Others,"Low land upgradation of hospital garden under Natidanga-I GP, Karimpur-II Block.",2024-09-08,72859.0,2025-07-02,2275,WS/MP823/2025-2026/139969-Establishing public ground water recharging facilities,2025-07-02,72859.0,Physical Inspection,21870,WS/MP823/2025-2026/211173-Purchase of hospital equipment,2026-07-31,99713.0,Completed,3994199.0,2026-08-21,AGAMESWARI CO OPERATIVE LABOUR CONTRACT AND CONSTRUCTION SOCIETY LTD,AGAMESWARI CO OPERATIVE LABOUR CONTRACT AND CONSTRUCTION SOCIETY LTD,1.0,Payment In-Progress,159865046.0,West Bengal,KRISHNANAGAR,,,,72859.0,297.0,415.0,691.0,5482.094181913009,3921340.0,5382.094181913009,-3921340.0,0.045575316070030715,1,2,2011295.0,3994199.0,198.58842188739095,600000.0,-87.85683333333333,1,3994199.0,3994199.0,1,1,100.0,0,1,1,0,0,0,0,0,0,0,2,26,83.33135184015144,60.4,High,63.0,Cost Overrun,cost deviation is unusually high
,West Bengal,HOWRAH(DISTRICT MAGISTRATE HOWRAH_IDA),Prasun Banerjee,PRASUN BANERJEE,HOWRAH,,WS/MP825/2024,Normal/Others,"Construction of Additional Classroom with Cold Drinking arrangement at Jagacha High School of P.O GIP Colony , Jagacha, Howrah – 711112 at ward no 47 of HMC under A.C - 172",2024-11-04,,,7974,WS/MP825/2024-2025/150727-Construction of rooms and halls in school and colleges,2025-01-31,2500000.0,Physical Inspection,12684,"WS/MP825/2024-2025/175968-Construction of Government office buildings (Post office, Police station, Police chauki, etc.)",2025-11-19,2000000.0,Completed,,,,,,,147000000.0,West Bengal,HOWRAH,,,,2500000.0,,,380.0,,,,,1.7006802721088436,1,1,2500000.0,0.0,0.0,600000.0,316.66666666666663,0,0.0,0.0,0,0,,0,0,0,0,0,0,0,0,0,0,0,0,9.464440794626427,5.68,Low,0.0,None,No material anomaly signal detected.
2475,West Bengal,DARJEELING(DISTRICT MAGISTRATE DARJEELING_IDA),Raju Bista,RAJU BISTA,DARJEELING,WS/MP826/2024-2025/140238-Providing drains and gutters for public drainage,WS/MP826/2024,Normal/Others,"Construction of drainage (jhora) at Khaptawali Gaon Ref: Rewati Chhetri, Member Mirik Gram Panchayat (9091784652)",2024-09-18,452119.0,2024-12-23,407,WS/MP826/2024-2025/135539-Construction of community centers and community halls,2025-03-25,499500.0,Work Completed,16301,"WS/MP826/2024-2025/135759-Construction of roads, link roads, pathways or any other road with or without drainage system",2026-08-19,386160.0,Completed,497351.0,2026-07-26,KRISHNA BARMEY SARKI19,KRISHNA BARMEY SARKI19,1.0,Payment Success,147000000.0,West Bengal,DARJEELING,,,,499500.0,96.0,580.0,700.0,99.56976976976976,-2149.0,-0.4302302302302302,2149.0,0.33979591836734696,1,4,1987274.0,1483321.0,74.6409906233363,600000.0,-16.75,1,497351.0,497351.0,1,1,100.0,0,0,0,1,0,0,0,0,0,0,1,14,27.770093613880952,22.26,Low,15.3,Delayed Project,project duration is unusually long
539,West Bengal,DARJEELING(DISTRICT MAGISTRATE DARJEELING_IDA),Raju Bista,RAJU BISTA,DARJEELING,WS/MP826/2025-2026/135810-Purchase of non-conventional energy system and devices for community use,WS/MP826/2025,Normal/Others,"Installation of Solar Water Heating system at Jawahar Navodaya Vidyalaya, Chhabbisay Ref: Principal JNV (9430513978)",2024-08-16,300000.0,2025-06-18,498,WS/MP826/2025-2026/135714-Construction of additional rooms and halls in the existing public and community building,2025-08-25,487774.0,Physical Inspection,13850,WS/MP826/2025-2026/135586-Street lights,2026-08-06,391043.0,Completed,985970.0,2026-08-10,MAHENDRA ADHIKARI,MAHENDRA ADHIKARI,2.0,Payment Success,147000000.0,West Bengal,DARJEELING,,,,487774.0,306.0,418.0,720.0,202.1366452496443,498196.0,102.1366452496443,-498196.0,0.3318190476190476,1,4,1987274.0,1483321.0,74.6409906233363,600000.0,-18.704333333333334,1,985970.0,985970.0,1,1,100.0,0,1,0,1,0,1,0,0,0,0,3,22,25.590361023829956,24.15,Low,17.7,Delayed Project,expenditure exceeds effective sanctioned amount; project duration is unusually long
490,West Bengal,DARJEELING(DISTRICT MAGISTRATE DARJEELING_IDA),Raju Bista,RAJU BISTA,DARJEELING,WS/MP826/2026-2027/135696-Street lights,WS/MP826/2026,Normal/Others,Installation of Solar Light at Peshok Tea Garden Ward No VIII Lamahatta GP,2024-08-16,500000.0,2026-07-27,433,WS/MP826/2026-2027/135590-Construction of additional rooms and halls in the existing public and community building,2026-08-18,500000.0,Sanction,,,,,,,,,,,,147000000.0,West Bengal,DARJEELING,,,,500000.0,710.0,,,,,,,0.3401360544217687,0,4,1987274.0,1483321.0,74.6409906233363,600000.0,-16.666666666666664,0,0.0,0.0,0,0,,0,0,0,0,0,0,0,0,0,0,0,0,23.148057140096675,13.89,Low,4.9,None,No material anomaly signal detected.
,West Bengal,PASCHIM BARDHAMAN(DISTRICT MAGISTRATE PASCHIM BARDHAMAN_IDA),Shatrughan Sinha,SHATRUGHAN SINHA,ASANSOL,,WS/MP827/2024,Normal/Others,Installation of 50 numbers of LED lights along with Poles at various places of ward no - 98,2024-11-14,,,8999,WS/MP827/2024-2025/152396-Lighting of public spaces,2025-02-21,1496000.0,Work Completed,,,,,,,,,,,,147000000.0,West Bengal,ASANSOL,,,,1496000.0,,,,,,,,1.017687074829932,1,2,7496000.0,0.0,0.0,600000.0,149.33333333333334,0,0.0,0.0,0,0,,0,0,0,0,0,0,0,0,0,0,0,0,7.725570655071559,4.64,Low,0.0,None,No material anomaly signal detected.
,West Bengal,PASCHIM BARDHAMAN(DISTRICT MAGISTRATE PASCHIM BARDHAMAN_IDA),Shatrughan Sinha,SHATRUGHAN SINHA,ASANSOL,,WS/MP827/2025,Normal/Others,Construction of New Community Hall.,2024-11-14,,,8986,WS/MP827/2025-2026/152382-Construction of community centers and community halls,2026-02-06,6000000.0,Sanction,21651,WS/MP827/2025-2026/194319-Lighting of public spaces,2025-11-30,8775290.0,Completed,,,,,,,147000000.0,West Bengal,ASANSOL,,,,6000000.0,,,381.0,,,,,4.081632653061225,1,2,7496000.0,0.0,0.0,600000.0,900.0,0,0.0,0.0,0,0,,0,0,0,0,0,0,0,0,0,0,0,0,39.516518983339125,23.71,Low,17.1,None,No material anomaly signal detected.
,West Bengal,NADIA(DISTRICT MAGISTRATE NADIA_IDA),Jagannath Sarkar,JAGANNATH SARKAR,RANAGHAT(SC),,WS/MP828/2024,Normal/Others,"Construction of Bathinghat(Boro Ghat) At Gayes, Booth -89/4 under Mamjoan GP, Hanskhali Block Dev",2024-10-28,,,7374,"WS/MP828/2024-2025/149734-Construction of roads, link roads, pathways or any other road with or without drainage system",2025-03-24,792406.0,Physical Inspection,21934,WS/MP828/2024-2025/153445-Street lights,2026-08-05,268552.0,Completed,,,,,,,147000000.0,West Bengal,RANAGHAT(SC),,,,792406.0,,,646.0,,,,,0.5390517006802721,1,2,1306488.0,793627.0,60.745066162107875,600000.0,32.06766666666667,0,0.0,0.0,0,0,,0,0,0,0,0,0,0,0,0,0,0,0,3.1093349099220116,1.87,Low,0.0,None,No material anomaly signal detected.
,West Bengal,NADIA(DISTRICT MAGISTRATE NADIA_IDA),Jagannath Sarkar,JAGANNATH SARKAR,RANAGHAT(SC),,WS/MP828/2025,Normal/Others,"Construction of Concrete Road from the Pradhanmantri Sadak Yojona Road towards the H/O Ranjit Biswas,Booth-205 under Mayurhat -I GP,Hanskhali Block Development.",2024-11-05,,,8007,"WS/MP828/2025-2026/150787-Construction of roads, link roads, pathways or any other road with or without drainage system",2025-08-22,514082.0,Sanction,21863,WS/MP828/2025-2026/154537-Street lights,2026-02-18,375771.0,Completed,793627.0,2026-08-17,SARASWATI CONSTRUCTION,SARASWATI CONSTRUCTION,2.0,Payment In-Progress,147000000.0,West Bengal,RANAGHAT(SC),,,,514082.0,,,470.0,154.37751175882445,279545.0,54.37751175882447,-279545.0,0.3497156462585034,1,2,1306488.0,793627.0,60.745066162107875,600000.0,-14.319666666666667,1,793627.0,793627.0,1,1,100.0,0,1,0,0,0,1,0,0,0,0,2,8,10.485772565099497,9.49,Low,0.0,None,expenditure exceeds effective sanctioned amount
3164,West Bengal,HOWRAH(DISTRICT MAGISTRATE HOWRAH_IDA),Smt Sajda Ahmed,SMT SAJDA AHMED,ULUBERIA,WS/MP829/2024-2025/141466-Installing tube-wells and borewells,WS/MP829/2024,Normal/Others,Sinking of Tubewell at Jhumjhumi Hospital,2024-09-17,129039.0,2024-10-28,8009,WS/MP829/2024-2025/150789-Construction of culverts and bridges,2025-02-28,248128.0,Physical Inspection,13151,WS/MP829/2024-2025/150793-Construction of culverts and bridges,2026-07-28,830882.0,Completed,,,,,,,147000000.0,West Bengal,ULUBERIA,,,,248128.0,41.0,,679.0,,,,,0.16879455782312924,1,2,1748128.0,996658.0,57.01287319921653,600000.0,-58.64533333333334,0,0.0,0.0,0,0,,0,0,0,0,0,0,0,0,0,0,0,0,9.54906159261126,5.73,Low,0.0,None,No material anomaly signal detected.
2945,West Bengal,HOWRAH(DISTRICT MAGISTRATE HOWRAH_IDA),Smt Sajda Ahmed,SMT SAJDA AHMED,ULUBERIA,"WS/MP829/2025-2026/141020-Construction of rooms and facilities for hospitals, FWC , PHC Centers and ANM centers",WS/MP829/2025,Normal/Others,Construction of Cold Chain room at Kamalpur Rural Hospital,2024-09-15,1500000.0,2025-06-24,2910,"WS/MP829/2025-2026/141020-Construction of rooms and facilities for hospitals, FWC , PHC Centers and ANM centers",2025-06-24,1500000.0,Sanction,21794,"WS/MP829/2025-2026/206045-Construction of Government office buildings (Post office, Police station, Police chauki, etc.)",2026-08-12,800000.0,Completed,996658.0,2026-08-19,DILSHAN CONSTRUCTION,DILSHAN CONSTRUCTION,4.0,Payment In-Progress,147000000.0,West Bengal,ULUBERIA,,,,1500000.0,282.0,421.0,696.0,66.44386666666666,-503342.0,-33.556133333333335,503342.0,1.0204081632653061,1,2,1748128.0,996658.0,57.01287319921653,600000.0,150.0,1,996658.0,996658.0,1,1,100.0,0,0,0,0,0,1,0,0,0,0,1,0,31.874768842224416,19.12,Low,11.4,None,No material anomaly signal detected.
4778,West Bengal,NADIA(DISTRICT MAGISTRATE NADIA_IDA),Abu Taher Khan,ABU TAHER KHAN,MURSHIDABAD,"WS/MP852/2025-2026/144687-Purchase of hearse van (Four, three and two wheelers)",WS/MP852/2025,Normal/Others,"""Supply of Hearse Van for Karimpur Anandapally Crematorium under Karimpur-II GP.""",2024-09-29,1500000.0,2025-07-03,4701,"WS/MP852/2025-2026/144687-Purchase of hearse van (Four, three and two wheelers)",2025-07-03,1500000.0,Sanction,13827,"WS/MP852/2025-2026/213080-Construction of roads, link roads, pathways or any other road with or without drainage system",2026-07-20,392431.0,Completed,1731974.0,2026-08-23,MOURIN ENTERPRISE,MOURIN ENTERPRISE,3.0,Payment In-Progress,147000000.0,West Bengal,MURSHIDABAD,,,,1500000.0,277.0,416.0,659.0,115.46493333333333,231974.0,15.464933333333333,-231974.0,1.0204081632653061,1,1,1500000.0,1731974.0,115.46493333333333,600000.0,150.0,1,1731974.0,1731974.0,1,1,100.0,0,1,0,0,0,1,0,0,0,0,2,8,32.4836554948986,22.69,Low,15.9,None,expenditure exceeds effective sanctioned amount
4451,West Bengal,BIRBHUM(DISTRICT MAGISTRATE BIRBHUM_IDA),Asit Kumar Mal,ASIT KUMAR MAL,BOLPUR(SC),WS/MP858/2024-2025/144037-Street lights,WS/MP858/2024,Normal/Others,"Installation 4 no highmast light at PAPURI,KHALA AND CHARKALGRAM, Executing Agency will be EO NANOOR PANCHAYAT SAMITY.",2024-09-27,1157828.0,2024-12-12,7117,"WS/MP858/2024-2025/149234-Construction of roads, link roads, pathways or any other road with or without drainage system",2025-01-20,997453.0,Physical Inspection,4163,"WS/MP858/2024-2025/149199-Construction of roads, link roads, pathways or any other road with or without drainage system",2026-08-21,998477.0,Completed,,,,,,,275694456.74,West Bengal,BOLPUR(SC),,,,997453.0,76.0,,693.0,,,,,0.3617965380205925,1,2,2497453.0,3831301.0,153.40833240905835,600000.0,66.24216666666666,0,0.0,0.0,0,0,,0,0,0,0,0,0,0,0,0,0,0,0,25.61449093037151,15.37,Low,6.7,None,No material anomaly signal detected.
2616,West Bengal,PURBA BARDHAMAN(DISTRICT MAGISTRATE PURBA BARDHAMAN_IDA),Asit Kumar Mal,ASIT KUMAR MAL,BOLPUR(SC),"WS/MP858/2025-2026/140494-Construction of roads, link roads, pathways or any other road with or without drainage system",WS/MP858/2025,Normal/Others,"Construction of CC Road from Karulia panchanan tola to F P High School at Gidhagram GP ,Executing Agency E O Katwa I Panchayat samity.",2024-09-12,357000.0,2025-05-14,7110,WS/MP858/2025-2026/149201-Construction of footpaths and pedestrian ways,2026-02-06,1500000.0,Time Estimation,19755,WS/MP858/2025-2026/229925-Lighting of public spaces,2026-07-21,800000.0,Completed,3831301.0,2026-08-25,BASUDEB HAZRA,BASUDEB HAZRA,3.0,Payment In-Progress,275694456.74,West Bengal,BOLPUR(SC),,,,1500000.0,244.0,468.0,677.0,255.42006666666666,2331301.0,155.42006666666666,-2331301.0,0.5440805802688334,1,2,2497453.0,3831301.0,153.40833240905835,600000.0,150.0,1,3831301.0,3831301.0,1,1,100.0,0,1,0,0,0,1,0,0,0,0,2,8,53.337840454060625,35.2,Medium,31.5,None,expenditure exceeds effective sanctioned amount
,West Bengal,HOWRAH(DISTRICT MAGISTRATE HOWRAH_IDA),Kalyan Banerjee,KALYAN BANERJEE,SREERAMPUR,,WS/MP859/2024,Normal/Others,"CONSTRUCTION OF SAMSAN CHULLI WITH BOUNDARY WALL AT BARGACHIA MANSHINGHA BORO MANSHA TALA SAMSAN IN BARGACHIA - II GRAM PANCHAYAT UNDER JGATBALLAVPUR PANCHAYAT SAMITI, DIST- HOWRAH",2024-10-25,,,7197,WS/MP859/2024-2025/149461-Crematoriums/energy efficient crematoriums or structures on burial/cremation ground,2025-03-04,640355.0,Physical Inspection,16051,"WS/MP859/2024-2025/168919-Construction of roads, link roads, pathways or any other road with or without drainage system",2026-08-06,324438.0,Completed,,,,,,,147000000.0,West Bengal,SREERAMPUR,,,,640355.0,,,650.0,,,,,0.43561564625850346,1,2,1665355.0,450683.0,27.06227801279607,600000.0,6.725833333333334,0,0.0,0.0,0,0,,0,0,0,0,0,0,0,0,0,0,0,0,2.8373250761704725,1.7,Low,0.0,None,No material anomaly signal detected.
,West Bengal,HOOGHLY(DISTRICT MAGISTRATE HOOGHLY_IDA),Kalyan Banerjee,KALYAN BANERJEE,SREERAMPUR,,WS/MP859/2025,Normal/Others,"PURCHASE ONE HEARSE VAN, AT DANKUNI MUNICIPALITY, DIST. – HOOGHLY.",2024-11-06,,,8108,"WS/MP859/2025-2026/150955-Purchase of hearse van (Four, three and two wheelers)",2025-05-22,1025000.0,Sanction,16390,"WS/MP859/2025-2026/208300-Construction of roads, link roads, pathways or any other road with or without drainage system",2026-08-06,797343.0,Completed,450683.0,2026-08-07,PRABIR KUMAR RAKSHIT,PRABIR KUMAR RAKSHIT,1.0,Payment Success,147000000.0,West Bengal,SREERAMPUR,,,,1025000.0,,,638.0,43.96907317073171,-574317.0,-56.03092682926829,574317.0,0.6972789115646258,1,2,1665355.0,450683.0,27.06227801279607,600000.0,70.83333333333334,1,450683.0,450683.0,1,1,100.0,0,0,0,0,0,0,0,0,0,0,0,0,20.60179542022278,12.36,Low,3.0,None,No material anomaly signal detected.
4195,Karnataka,BENGALURU URBAN(DEPUTY COMMISSIONER BANGALORE URBAN_IDA),P C Mohan,P C MOHAN,BANGALORE CENTRAL,"WS/MP863/2024-2025/143487-Purchase of IT systems, including hardware and software for educational purposes",WS/MP863/2024,Normal/Others,"Installation of 15 Nos. Dell Optiplex 7400 A10 12th Gen Core i7-12700T/16GB/512GB SSD + 1TB/WIN 10 Pro/FHD 24''/3 years on-site warranty, 02 Nos. Dell Optiplex 3280 A10 10th Gen Intel Core i5-10500T/8GB/1TB/22'' FHD/WIN 10 Pro/3 years on-site warranty, 03 Nos. Dell Optiplex 5400 A10 12th Gen Intel Core i5-12500T/8GB/256GB SSD + 1TB/WIN 11 Pro/24''/3 years on-site warranty, 02 Nos. Canon Jumbo Xerox Machines, and 02 Nos. Canon Laser Jet Printers 2900B",2024-09-25,4739506.0,2024-11-20,4127,"WS/MP863/2024-2025/143487-Purchase of IT systems, including hardware and software for educational purposes",2024-11-20,4739506.0,Physical Inspection,6862,"WS/MP863/2024-2025/143487-Purchase of IT systems, including hardware and software for educational purposes",2025-05-09,4739506.0,Completed,,,,,,,159995711.11,Karnataka,BANGALORE CENTRAL,,,,4739506.0,56.0,,226.0,,,,,2.962270655331193,1,1,4739506.0,0.0,0.0,600000.0,689.9176666666666,0,0.0,0.0,0,0,,0,0,0,0,0,0,0,0,0,0,0,0,48.68573170201758,29.21,Low,24.0,None,No material anomaly signal detected.
,Tamil Nadu,CHENNAI(COMMISSIONER MUNCIPAL CORPORATION CHENNAI_IDA),Kalanidhi Veeraswamy,KALANIDHI VEERASWAMY,CHENNAI NORTH,,WS/MP866/2024,Normal/Others,"Construction of Chennai Girls Higher Secondary School Building (G+1)12 class rooms at Buddha street om Dn -48, Zone-04",2024-11-13,,,8904,WS/MP866/2024-2025/152256-Construction of rooms and halls in school and colleges,2025-01-13,10000000.0,Time Estimation,,,,,,,,,,,,171500000.0,Tamil Nadu,CHENNAI NORTH,,,,10000000.0,,,,,,,,5.830903790087463,0,1,10000000.0,0.0,0.0,600000.0,1566.6666666666665,0,0.0,0.0,0,0,,0,0,0,0,0,0,0,0,0,0,0,0,64.46553967222268,38.68,Medium,35.8,None,No material anomaly signal detected.
,West Bengal,KOLKATA(COMMISSIONER KOLKATA MUNICIPAL CORPORATION_IDA),Sudip Bandyopadhyay,SUDIP BANDYOPADHYAY,KOLKATA UTTAR,,WS/MP867/2024,Normal/Others,"CONSTRUCTION OF COMMUNITY HALL AT 55, CHAULPATTY ROAD, IN WARD NO. 33, BR- III",2024-11-09,,,8466,WS/MP867/2024-2025/151535-Construction of community centers and community halls,2025-01-21,5000000.0,Vendor Identification,6585,"WS/MP867/2024-2025/166723-Construction of roads, link roads, pathways or any other road with or without drainage system",2026-03-24,499004.0,Completed,,,,,,,147000000.0,West Bengal,KOLKATA UTTAR,,,,5000000.0,,,500.0,,,,,3.4013605442176873,1,1,5000000.0,0.0,0.0,600000.0,733.3333333333333,0,0.0,0.0,0,0,,0,0,0,0,0,0,0,0,0,0,0,0,28.526839465470545,17.12,Low,8.9,None,No material anomaly signal detected.
,Delhi,EAST(COMMISSIONER EAST),Manoj Tiwari,MANOJ TIWARI,NORTH EAST DELHI,,WS/MP880/2025,Normal/Others,provision of lighting arrangement with street light poles,2024-10-10,,,5675,WS/MP880/2025-2026/146722-Street lights,2025-08-08,898145.0,Physical Inspection,,,,,,,,,,,,225843858.0,Delhi,NORTH EAST DELHI,,,,898145.0,,,,,,,,0.39768404948165564,0,1,898145.0,0.0,0.0,600000.0,49.69083333333334,0,0.0,0.0,0,0,,0,0,0,0,0,0,0,0,0,0,0,0,7.6825991407483185,4.61,Low,0.0,None,No material anomaly signal detected.
