work_id,state,ida,mp_name,constituency,work_category,work_description,recommended_amount,effective_sanction_amount,expenditure_amount,amount_disbursed,allocated_amount,work_status,completion_status,effectively_completed,recommended_date,sanction_date,expenditure_date,completion_date,recommendation_to_sanction_days,sanction_to_expenditure_days,project_duration_days,utilization_pct,cost_overrun_amount,cost_deviation_pct,remaining_sanction_amount,vendor_name,vendor_project_count,vendor_total_payment,vendor_average_payment,vendor_mp_count,vendor_state_count,vendor_payment_share_pct,expenditure_transaction_count,calamity_count,calamity_consent_amount,anomaly_count,anomaly_type,ml_anomaly_score,rule_score,risk_score,risk_category,risk_signal_strength,explanation
WS/MP18126/2025,Maharashtra,NANDURBAR(DISTRICT COLLECTOR NANDURBAR_IDA),ADV GOWAAL KAGADA PADAVI,NANDURBAR(ST),Normal/Others,Construction of Ranala Bus stop shed,1199000.0,1199000.0,31532479.0,,147816309.11,Sanction,,0,2024-08-19,2025-08-21,2026-08-05,,367.0,349.0,,2629.8981651376143,30333479.0,2529.8981651376143,-30333479.0,SWAMI POWERTECH,1,31532479.0,31532479.0,1,1,100.0,186.0,,,5,Unusual Expenditure; Duplicate Payment; Transaction Outlier,100.0,52,80.8,Critical,88.5,expenditure is in an extreme upper range; expenditure exceeds effective sanctioned amount; possible repeated work/vendor/amount payment pattern
WS/MP18225/2025,Uttar Pradesh,PRATAPGARH(DISTRICT MAGISTRAE PRATAPGARH_IDA),PUSHPENDRA SAROJ,KAUSHAMBI(SC),Normal/Others,Kishori Lal son of Dinanath Add.-Annava Andhawa Babaganj ke ghar ke samne hundpump,,50800.0,6159182.0,50781.0,147000000.0,Work partially Completed,Completed,1,2024-11-06,,2026-07-27,2026-03-27,,,506.0,12124.374015748032,6108382.0,12024.374015748032,-6108382.0,IMAMUDDIN,1,6159182.0,6159182.0,1,1,100.0,72.0,,,4,Cost Overrun; Duplicate Payment,100.0,44,77.6,High,84.5,cost deviation is unusually high; possible repeated work/vendor/amount payment pattern
WS/MP18041/2025,Bihar,PURNIA(DISTRICT PLANNING OFFICER PURNIA_IDA),RAJESH RANJAN ALIAS PAPPU YADAV,PURNEA,Normal/Others,16 miter unchai wale L.E.D. (150*8) high mask light mehta chauk nahar ke pas aek adad adhisthapit karne ki anusansha ki jati hai,850000.0,850000.0,13121600.0,3600000.0,147000000.0,Physical Inspection,Completed,1,2024-09-25,2025-04-26,2026-07-03,2025-09-22,213.0,433.0,362.0,1543.7176470588236,12271600.0,1443.7176470588236,-12271600.0,SILIGURI TRADING CENTRE Previously Known as G AND D TRADERS,1,13121600.0,13121600.0,1,1,100.0,16.0,,,5,Unusual Expenditure; Duplicate Payment; Transaction Outlier,87.93108188466266,52,73.56,High,79.4,expenditure is in an extreme upper range; expenditure exceeds effective sanctioned amount; possible repeated work/vendor/amount payment pattern
WS/MP334/2024,Jharkhand,GIRIDIH(Deputy Commissioner Giridh_IDA),Shri Chandra Prakash Choudhary,GIRIDIH,Normal/Others,Installation of mask light in thakurchak panchayat: 1)Near bajrang bali mandir 2)Near masjid,300000.0,150000.0,4790763.0,149710.0,147000000.0,Sanction,Completed,1,2024-10-02,2025-02-10,2026-07-02,2026-04-07,131.0,507.0,552.0,3193.842,4640763.0,3093.842,-4640763.0,EXECUTIVE ENGINER NREP GIRIDIH,1,4790763.0,4790763.0,1,1,100.0,29.0,,,4,Cost Overrun; Duplicate Payment,91.86949651416947,44,72.72,High,78.4,cost deviation is unusually high; possible repeated work/vendor/amount payment pattern
WS/MP18380/2024,Uttar Pradesh,PRAYAGRAJ(DISTRICT MAGISTRAE ALLAHABAD_IDA),VINOD KUMAR BIND,BHADOHI,Normal/Others,Gram Sabha Bela Khas Lal Bahadur Maurya Ke Ghar ke pas,118957.0,118957.0,3331210.0,118957.0,147000000.0,Physical Inspection,Completed,1,2024-09-27,2025-01-03,2026-07-10,2026-07-23,98.0,553.0,664.0,2800.3480249165664,3212253.0,2700.3480249165664,-3212253.0,Gandhi Construction And Supplier,1,3331210.0,3331210.0,1,1,100.0,28.0,,,4,Cost Overrun; Duplicate Payment,89.7701262767327,44,71.46,High,76.8,cost deviation is unusually high; possible repeated work/vendor/amount payment pattern
WS/MP18308/2025,Maharashtra,MUMBAI SUBURBAN(DISTRICT COLLECTOR MUMBAI SUBURBAN_IDA),RAVINDRA DATTARAM WAIKAR,MUMBAI NORTH WEST,Normal/Others,"P/F C.C.T.V. Camera at Majaswadi Sarvoday Nagar, Near M.H.B. Colony, Jogeshwari (E)",,100000.0,8094991.0,,147000000.0,Sanction,,0,2024-10-10,,2026-08-05,,,,,8094.991,7994991.0,7994.991,-7994991.0,Mahendra Jagannath Lokhande,1,8094991.0,8094991.0,1,1,100.0,4.0,,,3,Cost Overrun,100.0,26,70.4,High,75.5,cost deviation is unusually high
WS/MP18019/2026,Assam,DIMA HASAO(DEPUTY COMMISSIONER Dima Hasao_IDA),AMARSING TISSO,Diphu (ST),Normal/Others,"Construction of Community Building with Library, Guest Room, Conference Room at Haflong, Dima Hasao District (Total Estd. Cost:- Rs. 1.00 Cr.) 1st Installment Rs. 50.00 Lakhs",5000000.0,5000000.0,6952786.0,,147000000.0,Physical Inspection,,0,2024-09-06,2026-07-31,2026-08-21,,693.0,21.0,,139.05572,1952786.0,39.05572,-1952786.0,GAUTAM HANSE,3,8357353.0,2785784.3333333335,1,1,83.19363798561578,10.0,,,3,Duplicate Payment,100.0,26,70.4,High,75.5,expenditure exceeds effective sanctioned amount; possible repeated work/vendor/amount payment pattern
WS/MP18049/2025,Chhattisgarh,BILASPUR(DISTRICT COLLECTOR BILASPUR_IDA),TOKHAN SAHU,BILASPUR,Normal/Others,Ward No.18 Chandni Chowk Sthit Bhawan me Shed Nirman,,100000.0,7152762.0,499508.0,147000000.0,Sanction,Completed,1,2024-11-13,,2026-08-27,2026-03-29,,,501.0,7152.762,7052762.0,7052.762,-7052762.0,gram panchayat lilapur,1,7152762.0,7152762.0,1,1,100.0,8.0,,,3,Cost Overrun,100.0,26,70.4,High,75.5,cost deviation is unusually high
WS/MP18109/2025,Madhya Pradesh,SIDHI(DISTRICT COLLECTOR SIDHI_IDA),DR. RAJESH MISHRA,SIDHI,Normal/Others,SARASWATI HIGHER SECONDARY SCHOOL KARAUNDIYA DIST SIDHI ME PRAYOGIK VGYAN SAMAGRI,,35000.0,4364485.0,1499438.0,262724510.35,Vendor Identification,Completed,1,2024-10-30,,2026-08-25,2026-07-28,,,636.0,12469.957142857143,4329485.0,12369.957142857143,-4329485.0,SE O and M MPPKVVCL SIDHI,1,4364485.0,4364485.0,1,1,100.0,18.0,,,3,Cost Overrun,94.97494915800372,26,67.38,High,71.7,cost deviation is unusually high
WS/MP18019/2024,Assam,KARBI ANGLONG(DEPUTY COMMISSIONER KARBI ANGLONG_IDA),AMARSING TISSO,Diphu (ST),Repair and Renovation,"Improvement of Poultry Farm near ""KERUF- Karbi Ex-Revolutionary United Forum"" Office, 5th Mile, Diphu",500000.0,500000.0,145176.0,199904.0,147000000.0,Physical Inspection,Completed,1,2024-10-28,2025-02-10,2026-07-16,2026-01-01,105.0,521.0,430.0,29.0352,-354824.0,-70.9648,354824.0,GAUTAM HANSE,3,8357353.0,2785784.3333333335,1,1,1.7371050379228925,5.0,,,2,Duplicate Payment,92.45968400399937,18,62.68,High,65.8,possible repeated work/vendor/amount payment pattern
WS/MP18328/2026,Himachal Pradesh,MANDI(DEPUTY COMMISSIONER MANDI_IDA),Kangana Ranaut,MANDI,Bar and Associations,Purchasing of Books for Library of BAR Assocation Chachiot at Gohar. Work Executed By - BAR Association Chachiot at Gohar District Mandi.,,50000.0,3465000.0,,147000000.0,Vendor Identification,,0,2024-10-18,,2026-08-27,,,,,6930.0,3415000.0,6830.0,-3415000.0,GP Barot,1,3465000.0,3465000.0,1,1,100.0,27.0,,,3,Cost Overrun,85.19884494891463,26,61.52,High,64.4,cost deviation is unusually high
WS/MP823/2025,West Bengal,NADIA(DISTRICT MAGISTRATE NADIA_IDA),Ms Mahua Moitra,KRISHNANAGAR,Normal/Others,"Low land upgradation of hospital garden under Natidanga-I GP, Karimpur-II Block.",72859.0,72859.0,3994199.0,99713.0,159865046.0,Physical Inspection,Completed,1,2024-09-08,2025-07-02,2026-08-21,2026-07-31,297.0,415.0,691.0,5482.094181913009,3921340.0,5382.094181913009,-3921340.0,AGAMESWARI CO OPERATIVE LABOUR CONTRACT AND CONSTRUCTION SOCIETY LTD,1,3994199.0,3994199.0,1,1,100.0,1.0,,,2,Cost Overrun,83.33135184015144,26,60.4,High,63.0,cost deviation is unusually high
WS/MP18242/2025,Uttar Pradesh,SULTANPUR(DISTRICT MAGISTRATE SULTANPUR_IDA),RAMBHUAL NISHAD,SULTANPUR,Normal/Others,"For construction of teaching room in Mukund Madhav Bhishma Primary School, Ishakpur.",,1500000.0,9707139.0,4520176.0,151231957.11,Vendor Identification,Completed,1,2024-10-17,,2026-08-07,2026-08-21,,,673.0,647.1426,8207139.0,547.1426,-8207139.0,Gaur Construction,1,9707139.0,9707139.0,1,1,100.0,1.0,,,1,ML Anomaly,93.72500565594608,8,59.44,Medium,61.8,expenditure exceeds effective sanctioned amount
WS/MP18019/2025,Assam,KARBI ANGLONG(DEPUTY COMMISSIONER KARBI ANGLONG_IDA),AMARSING TISSO,Diphu (ST),Normal/Others,"Construction of RCC Bridge at Den Teron Gaon, Namati",2500000.0,2500000.0,1259391.0,181264.0,147000000.0,Work partially Completed,Completed,1,2024-10-28,2025-04-04,2026-08-27,2026-02-26,158.0,510.0,486.0,50.37564,-1240609.0,-49.62436,1240609.0,GAUTAM HANSE,3,8357353.0,2785784.3333333335,1,1,15.069256976461325,8.0,,,1,ML Anomaly,97.91734917469913,0,58.75,Medium,60.9,multivariate pattern is unusual versus uploaded batch
WS/MP18307/2025,Maharashtra,MUMBAI SUBURBAN(DISTRICT COLLECTOR MUMBAI SUBURBAN_IDA),Piyush Vedprakash Goyal,MUMBAI NORTH,Normal/Others,"Ward 10 - Construction of drainge and CC passages, Pavour block at Nutan Nagar Dahisar (West)",1500000.0,1500000.0,7993929.0,,147000000.0,Work partially Completed,,1,2024-09-25,2026-01-30,2026-08-19,,492.0,201.0,,532.9286,6493929.0,432.92859999999996,-6493929.0,RENUKA CO OP LABOUR SOCIETY LIMITED,1,7993929.0,7993929.0,1,1,100.0,4.0,,,2,ML Anomaly,92.27726511842357,8,58.57,Medium,60.7,expenditure exceeds effective sanctioned amount
WS/MP18227/2025,Uttar Pradesh,AZAMGARH(DISTRICT MAGISTRATE AZAMGARH_IDA),DAROGA PRASAD SAROJ,LALGANJ (SC),Normal/Others,Tahsil martinganj me adhivakta bhawan,,1000000.0,7568246.0,284857.0,147000000.0,Sanction,Completed,1,2024-11-08,,2026-08-21,2026-03-25,,,502.0,756.8246,6568246.0,656.8246,-6568246.0,Krishna Kumar Contractor,1,7568246.0,7568246.0,1,1,100.0,29.0,,,3,Duplicate Payment,79.86181195696372,26,58.32,Medium,60.4,expenditure exceeds effective sanctioned amount; possible repeated work/vendor/amount payment pattern
WS/MP351/2026,Kerala,KANNUR(DISTRICT COLLECTOR KANNUR_IDA),Shri Kumbakudi Sudhakaran,KANNUR,Normal/Others,Installation of High Mast Light at NEAR KAPPAD C.P.STORE ((08 Meter High Mast With 5x150 Watts -LED Flood LIGHT) IN Kannur Corporation.,300000.0,300000.0,440000.0,,147000000.0,Physical Inspection,,0,2024-09-22,2026-06-25,2026-08-19,,641.0,55.0,,146.66666666666666,140000.0,46.666666666666664,-140000.0,Keltron Component complex Ltd Kannur,3,4121605.0,1373868.3333333333,2,1,10.675452887891975,4.0,,,3,Duplicate Payment,77.52480215468425,26,56.91,Medium,58.6,expenditure exceeds effective sanctioned amount; possible repeated work/vendor/amount payment pattern
WS/MP18112/2025,Maharashtra,AMRAVATI(DISTRICT COLLECTOR AMRAVATI_IDA),BALWANT BASWANT WANKHADE,AMRAVATI(SC),Normal/Others,Construction of road At Bhiwapur Ta Tiosa,700000.0,700000.0,9075498.0,692605.0,198293678.0,Vendor Identification,Completed,1,2024-09-27,2025-05-15,2026-08-24,2025-11-21,230.0,466.0,420.0,1296.4997142857144,8375498.0,1196.4997142857144,-8375498.0,JWALAMUKHI JAGDAMBA MAJUR KAMGAR SAHAKARI SANSTHA,1,9075498.0,9075498.0,1,1,100.0,10.0,,,2,ML Anomaly,87.93336275118483,8,55.96,Medium,57.4,expenditure exceeds effective sanctioned amount
WS/MP492/2024,Uttar Pradesh,SHAHJAHANPUR(DISTRICT MAGISTRAE SHAHJAHANAPUR_IDA),Shri Arun Kumar Sagar,SHAHJAHANPUR(SC),Normal/Others,Installation of 156 LED Highmast Lights for Rural and Urban areas as per enclosed List,37908000.0,37908000.0,,9900000.0,147000000.0,Physical Inspection,Completed,1,2024-08-07,2024-08-28,,2024-11-25,21.0,,110.0,,,,,,0,0.0,0.0,0,0,,,,,0,ML Anomaly,91.02874777969477,0,54.62,Medium,55.8,multivariate pattern is unusual versus uploaded batch
WS/MP370/2025,Odisha,Sundaragada(DISTRICT COLLECTOR SUNDARGARH_IDA),Shri Jual Oram,SUNDARGARH (ST),Normal/Others,"Installation Transformer near Banabasi Kalyan Ashram, Sundargarh",,998256.0,5272648.0,500000.0,173096756.91,Work partially Completed,Completed,1,2024-10-04,,2026-08-25,2025-11-26,,,418.0,528.1859563078008,4274392.0,428.1859563078008,-4274392.0,BDO SUBDEGA PS MISC,1,5272648.0,5272648.0,1,1,100.0,21.0,1.0,10000000.0,3,Duplicate Payment,70.97558967535326,26,52.99,Medium,53.7,expenditure exceeds effective sanctioned amount; possible repeated work/vendor/amount payment pattern
WS/MP351/2025,Kerala,KANNUR(DISTRICT COLLECTOR KANNUR_IDA),Shri Kumbakudi Sudhakaran,KANNUR,Normal/Others,Pachapoika Punnad Stadium Road Tarring-Vengad Grama Panchayath,500000.0,500000.0,2691605.0,400000.0,147000000.0,Work Completed,Completed,1,2025-10-02,2026-02-19,2026-08-19,2026-05-08,140.0,181.0,218.0,538.321,2191605.0,438.321,-2191605.0,Keltron Component complex Ltd Kannur,3,4121605.0,1373868.3333333333,2,1,65.30477811435108,15.0,,,3,Duplicate Payment,70.94216074214785,26,52.97,Medium,53.7,expenditure exceeds effective sanctioned amount; possible repeated work/vendor/amount payment pattern
WS/MP350/2025,Kerala,KANNUR(DISTRICT COLLECTOR KANNUR_IDA),Shri Rajmohan Unnithan,KASARAGOD,Normal/Others,Construction and Tarring/Concrete work for the Podithadam SC Colony Road in Ward 8 of Ezhom Grama Panchayath (First or second reach as required by concerend LGIs) [Work to be included under SC Category],600000.0,600000.0,990000.0,120000.0,156754633.11,Physical Inspection,Completed,1,2024-09-24,2026-02-19,2026-08-19,2026-01-13,513.0,181.0,476.0,165.0,390000.0,65.0,-390000.0,Keltron Component complex Ltd Kannur,3,4121605.0,1373868.3333333333,2,1,24.01976899775694,8.0,,,3,Duplicate Payment,70.53605525531177,26,52.72,Medium,53.4,expenditure exceeds effective sanctioned amount; possible repeated work/vendor/amount payment pattern
WS/MP18242/2024,Uttar Pradesh,SULTANPUR(DISTRICT MAGISTRATE SULTANPUR_IDA),RAMBHUAL NISHAD,SULTANPUR,Normal/Others,As per list attached of 44 places of installation of high mast led light - 6 LED for different blocks and villages.,,9852234.0,,9851072.0,151231957.11,Physical Inspection,Completed,1,2024-10-05,,,2026-08-21,,,685.0,,,,,,0,0.0,0.0,0,0,,,,,0,ML Anomaly,86.46330669449506,0,51.88,Medium,52.4,multivariate pattern is unusual versus uploaded batch
WS/MP719/2025,Rajasthan,AJMER(DISTRICT COLLECTOR AJMER_IDA),Bhagirath Chaudhary,AJMER,Normal/Others,"Construction of community Halls at ward no. 55, ajmer south assembly constituency.",,5100000.0,4631242.0,1026725.0,147000000.0,Vendor Identification,Completed,1,2024-11-08,,2026-08-24,2026-03-18,,,495.0,90.80866666666667,-468758.0,-9.191333333333333,468758.0,omparkash,1,4631242.0,4631242.0,1,1,100.0,91.0,,,1,ML Anomaly,84.9415557424878,0,50.96,Medium,51.2,multivariate pattern is unusual versus uploaded batch
WS/MP18201/2024,Uttar Pradesh,BUDAUN(DISTRICT MAGISTRATE BUDAUN_IDA),NEERAJ MAURYA,AONLA,Normal/Others,supply and installation of led semi high mast light at 274 different places in district budaun,46470400.0,46470400.0,,46470400.0,147000000.0,Physical Inspection,Completed,1,2024-09-15,2024-11-23,,2025-07-19,69.0,,307.0,,,,,,0,0.0,0.0,0,0,,,,,0,ML Anomaly,84.3491177232096,0,50.61,Medium,50.8,multivariate pattern is unusual versus uploaded batch
WS/MP329/2024,Haryana,HISAR(DEPUTY COMMISSIONER HISSAR_IDA),Shri Dharambir Singh,BHIWANI MAHENDRAGARH,Trust and Society,"Const. of room/bathroom/Canteen on 2nd floor for Yadav Dharamshala, Ward No.17",,2096704.0,41500.0,800000.0,147000000.0,Work partially Completed,Completed,1,2024-11-04,,2026-08-26,2026-02-12,,,465.0,1.9792970300051889,-2055204.0,-98.02070296999482,2055204.0,SDO OP Division DHBVN Atela Kalan,2,2161765.0,1080882.5,1,1,1.91972762996903,1.0,,,0,ML Anomaly,80.87611074482847,0,48.53,Medium,48.2,multivariate pattern is unusual versus uploaded batch
WS/MP18067/2025,Haryana,SONIPAT(DEPUTY COMMISSIONER SONEPAT_IDA),SATPAL BRAHAMCHARI,SONEPAT,Normal/Others,Installation of Fixed Gym equipments,300000.0,545000.0,4549243.0,542851.0,147000000.0,Work partially Completed,Completed,1,2025-03-15,2025-05-08,2026-08-24,2025-12-05,54.0,473.0,265.0,834.7234862385321,4004243.0,734.7234862385321,-4004243.0,THE VK COOPERATIVE LABOUR AND CONSTRUCTION SOCIETY LIMITED,1,4549243.0,4549243.0,1,1,100.0,34.0,,,2,ML Anomaly,74.01108006999507,8,47.61,Medium,47.0,expenditure exceeds effective sanctioned amount
WS/MP243/2025,West Bengal,North 24 Parganas(DISTRICT MAGISTRATE NORTH TWENTY FOUR PARGANAS_IDA),Kakoli Ghosh Dastidar,BARASAT,Normal/Others,Development of open gym with Children park with solar light and boundary,988121.0,11000000.0,,549779.0,147000000.0,Work partially Completed,Completed,1,2024-09-15,2025-08-08,,2025-11-26,327.0,,437.0,,,,,,0,0.0,0.0,0,0,,,,,0,ML Anomaly,76.319487409502,0,45.79,Medium,44.7,multivariate pattern is unusual versus uploaded batch
WS/MP18076/2026,Karnataka,BENGALURU URBAN(DEPUTY COMMISSIONER BANGALORE URBAN_IDA),DR C N MANJUNATH,BANGALORE RURAL,Trust and Society,"Construction of New Building Nammane Summane Destitute Orphanage at No.18 Gangondanahalli, Chammundeshwari Layout, Lakshmipura Post, Dasanapura Hobli, Bengaluru North Taluk, Pin-560073",,500000.0,2552500.0,,147000000.0,Sanction,,0,2024-10-09,,2026-08-24,,,,,510.50000000000006,2052500.0,410.50000000000006,-2052500.0,TUMKUR NIRMITHI KENDRA,2,2802097.0,1401048.5,1,1,91.09249251542684,6.0,1.0,500000.0,2,None,69.44338393587968,8,44.87,Medium,43.6,expenditure exceeds effective sanctioned amount
WS/MP443/2024,Madhya Pradesh,RAJGARH(DISTRICT COLLECTOR RAJGARH_IDA),Rodmal Nagar,RAJGARH,Normal/Others,General workshed with toilets full brick work (40×30feet),2353000.0,16177075.0,,2258932.0,147000000.0,Work Completed,Completed,1,2024-09-03,2024-11-09,,2026-02-23,67.0,,538.0,,,,,,0,0.0,0.0,0,0,,,,,0,ML Anomaly,73.26717302340498,0,43.96,Medium,42.4,multivariate pattern is unusual versus uploaded batch
WS/MP18219/2025,Uttar Pradesh,BANDA(DISTRICT MAGISTRATE BANDA_IDA),AJENDRA SINGH LODHI,HAMIRPUR_UP,Normal/Others,tindwari me bhidaura road par stainless steel (fabricated) yatri shed,700000.0,400000.0,5326879.0,698961.0,147000000.0,Vendor Identification,Completed,1,2024-11-19,2025-04-30,2026-07-17,2026-01-22,162.0,443.0,429.0,1331.71975,4926879.0,1231.71975,-4926879.0,Lakshya Contruction,1,5326879.0,5326879.0,1,1,100.0,15.0,,,3,Duplicate Payment,55.291823617232204,26,43.58,Medium,42.0,expenditure exceeds effective sanctioned amount; possible repeated work/vendor/amount payment pattern
WS/MP18328/2025,Himachal Pradesh,KULLU(DEPUTY COMMISSIONER KULLU_IDA),Kangana Ranaut,MANDI,Normal/Others,"Construction of Proposed 2nd floor cum examination hall Saraswati Vidya Mandir School Village Bhalyani, Tehsil & District Kullu H.P. Work Executed By- BDO Kullu, (SMC Saraswati Vidya Mandir Bhalyani)",,1230000.0,5001685.0,100000.0,147000000.0,Vendor Identification,Completed,1,2024-10-18,,2026-08-27,2026-08-25,,,676.0,406.6410569105691,3771685.0,306.6410569105691,-3771685.0,GRAM PANCHAYAT KUMMI,1,5001685.0,5001685.0,1,1,100.0,57.0,,,2,None,65.70843609188574,8,42.63,Medium,40.8,expenditure exceeds effective sanctioned amount
NA-CONSTRUCTIONOFROOMSANDHALLSINSCHOOLANDCOLLEGES,West Bengal,North 24 Parganas(DISTRICT MAGISTRATE NORTH TWENTY FOUR PARGANAS_IDA),SK NURUL ISLAM,BASIRHAT,Trust and Society,Construction of Building of Jamia Rahmania Madrasah run by All India Sunnat Al Jamayat under Ghorarash Kulingram G.P & Basirhat II Panchayat Samity. (Sl.No-2),2000000.0,2000000.0,,,49000000.0,,,0,2024-09-20,,,,,,,,,,,,0,0.0,0.0,0,0,,,,,0,ML Anomaly,70.85697955040442,0,42.51,Medium,40.6,multivariate pattern is unusual versus uploaded batch
WS/MP18209/2025,Uttar Pradesh,MUZAFFARNAGAR(DISTRICT MAGISTRATE MUZAFFARNAGAR_IDA),CHANDAN CHAUHAN,BIJNOR,Normal/Others,"CC road and drain construction work of the road from Main Road to Kabristaan in Village Sherpur, block- Purkaji.",603000.0,312700.0,5164365.0,1380021.0,147000000.0,Work partially Completed,Completed,1,2024-12-17,2025-06-04,2026-08-20,2026-04-18,169.0,442.0,487.0,1651.5398145187082,4851665.0,1551.539814518708,-4851665.0,SATYAVER SIGH CONTRACTOR AND SUPPLIER,1,5164365.0,5164365.0,1,1,100.0,15.0,,,2,None,65.18922141930085,8,42.31,Medium,40.4,expenditure exceeds effective sanctioned amount
WS/MP18199/2025,Uttar Pradesh,AMBEDKAR NAGAR(DISTRICT MAGISTRATE AMBEDKAR NAGAR_IDA),LALJI VERMA,AMBEDKAR NAGAR,Trust and Society,RAM A JANTA I.C. BARIYAWAN AMBEDKAR NAGAR KA BOUNDARY WALL KA NIRMAN KARYA,,500000.0,4741067.0,500000.0,147000000.0,Physical Inspection,Completed,1,2024-10-11,,2026-08-13,2026-07-26,,,653.0,948.2134,4241067.0,848.2134,-4241067.0,MS SHOBHNATH VERMA,1,4741067.0,4741067.0,1,1,100.0,7.0,,,2,None,64.52031552606132,8,41.91,Medium,39.9,expenditure exceeds effective sanctioned amount
WS/MP18225/2024,Uttar Pradesh,KAUSHAMBI(DISTRICT MAGISTRAE KAUSHAMBI_IDA),PUSHPENDRA SAROJ,KAUSHAMBI(SC),Normal/Others,Lavkush Singh Pasi S/o Gajraj Singh ke ghar ke samne handpump,73920.0,73920.0,59156.0,73920.0,147000000.0,Physical Inspection,Completed,1,2024-09-30,2025-01-17,2025-12-22,2026-02-17,109.0,339.0,505.0,80.02705627705627,-14764.0,-19.97294372294372,14764.0,VIVEK ENTERPRISES,1,59156.0,59156.0,1,1,100.0,2.0,,,2,Duplicate Payment,56.27601985178424,18,40.97,Medium,38.7,possible repeated work/vendor/amount payment pattern
WS/MP571/2025,Goa,NORTH GOA(DISTRICT COLLECTOR NORTH GOA_IDA),Shripad Yesso Naik,NORTH GOA,Normal/Others,Purchase of 1 Ambulances to Institue of Psychiatry and Human Behavior Bambolim Goa.,2500000.0,2500000.0,61425.0,3108723.0,147000000.0,Work partially Completed,Completed,1,2024-09-26,2026-01-07,2026-08-11,2025-09-15,468.0,216.0,354.0,2.4570000000000003,-2438575.0,-97.543,2438575.0,Laxmi Health Agencies,1,61425.0,61425.0,1,1,100.0,1.0,,,0,None,68.12921291200756,0,40.88,Medium,38.6,No material anomaly signal detected.
WS/MP18076/2025,Karnataka,Bengaluru South(DEPUTY COMMISSIONER RAMANAGARA_IDA),DR C N MANJUNATH,BANGALORE RURAL,Normal/Others,"Construction of New Building, Vividhodesha Prarthamika Grameena Krushi Sahakara Sangha at Thagachakere Village, Kasaba Hobli, Channapatana Taluk, Ramanagara Disrtrict.",1000000.0,300000.0,249597.0,300000.0,147000000.0,Work Completed,Completed,1,2024-09-14,2025-05-15,2026-07-10,2026-05-15,243.0,421.0,608.0,83.199,-50403.0,-16.801,50403.0,TUMKUR NIRMITHI KENDRA,2,2802097.0,1401048.5,1,1,8.907507484573161,2.0,1.0,500000.0,1,None,66.74649798878036,0,40.05,Medium,37.6,No material anomaly signal detected.
WS/MP458/2026,Tamil Nadu,Thoothukkudi(DISTRICT COLLECTOR THOOTHUKUDI_IDA),Kanimozhi Karunanidhi,THOOTHUKKUDI,Normal/Others,Construction of 100000 litre capacity of OHT at Adithanar colony in Kayamozhi Panchayat in Tiruchendur Union,,3000000.0,4930818.0,,147000000.0,Vendor Identification,,0,2024-11-02,,2026-07-22,,,,,164.36059999999998,1930818.0,64.3606,-1930818.0,Sree and Co,1,4930818.0,4930818.0,1,1,100.0,3.0,,,2,None,61.315971757880874,8,39.99,Medium,37.5,expenditure exceeds effective sanctioned amount
WS/MP577/2025,Gujarat,Mahisagar(COLLECTOR MAHISAGAR_IDA),Jaswantsinh Sumanbhai Bhabhor,DAHOD(ST),Normal/Others,unnati madhymik shala hirapur ma 1 room nu kam,500000.0,350000.0,3912261.0,500000.0,147000000.0,Sanction,Completed,1,2024-09-21,2025-04-30,2026-08-26,2025-08-24,221.0,483.0,337.0,1117.788857142857,3562261.0,1017.7888571428572,-3562261.0,GRUP GRAMPANCHAYAT SANJELI,1,3912261.0,3912261.0,1,1,100.0,12.0,,,2,None,60.544126255231944,8,39.53,Medium,36.9,expenditure exceeds effective sanctioned amount
WS/MP866/2024,Tamil Nadu,CHENNAI(COMMISSIONER MUNCIPAL CORPORATION CHENNAI_IDA),Kalanidhi Veeraswamy,CHENNAI NORTH,Normal/Others,"Construction of Chennai Girls Higher Secondary School Building (G+1)12 class rooms at Buddha street om Dn -48, Zone-04",,10000000.0,,,171500000.0,Time Estimation,,0,2024-11-13,,,,,,,,,,,,0,0.0,0.0,0,0,,,,,0,None,64.46553967222268,0,38.68,Medium,35.8,No material anomaly signal detected.
WS/MP18323/2026,Maharashtra,LATUR(DISTRICT COLLECTOR LATUR_IDA),DR KALGE SHIVAJI BANDAPPA,LATUR(SC),Normal/Others,"Construction of Community centre /Hall in Municipal Corporation / Govt owned open space in front of Rudra Hanuman temple at ward No.02, Rudreshwar Nagar ( E), Latur Municipal Corporation",1991059.0,794104.0,3585791.0,,147000000.0,Physical Inspection,,0,2024-09-27,2026-05-22,2026-08-24,,602.0,94.0,,451.5518118533593,2791687.0,351.55181185335925,-2791687.0,Bhimashankar Majur Sahkari Sanstha Maryadit,1,3585791.0,3585791.0,1,1,100.0,5.0,,,2,None,58.58302220972185,8,38.35,Medium,35.4,expenditure exceeds effective sanctioned amount
WS/MP761/2026,Telangana,Jagitial(DISTRICT COLLECTOR JAGTIAL_IDA),Arvind Dharmapuri,NIZAMABAD,Normal/Others,Construction of Tin Shed near Goshala,400000.0,350000.0,1890112.0,,281396355.11,Sanction,,0,2024-09-05,2026-07-14,2026-08-21,,677.0,38.0,,540.0319999999999,1540112.0,440.032,-1540112.0,GKNR Constructions and Man Power suppliers,1,1890112.0,1890112.0,1,1,100.0,6.0,,,2,None,58.17358039402354,8,38.1,Medium,35.1,expenditure exceeds effective sanctioned amount
WS/MP18111/2026,Maharashtra,AKOLA(DISTRICT COLLECTOR AKOLA_IDA),ANUP SANJAY DHOTRE,AKOLA,Normal/Others,Construction of Community hall at Matang Vasti Kaulkhed Bahadalpur,1000000.0,1000000.0,4899036.0,,147000000.0,Sanction,,0,2025-03-31,2026-04-22,2026-08-27,,387.0,127.0,,489.9036,3899036.0,389.90360000000004,-3899036.0,Nishant Gulab Rathod,1,4899036.0,4899036.0,1,1,100.0,5.0,,,2,None,57.48119293684144,8,37.69,Medium,34.6,expenditure exceeds effective sanctioned amount
WS/MP391/2025,Tamil Nadu,CHENNAI(COMMISSIONER MUNCIPAL CORPORATION CHENNAI_IDA),Thiru Dayanidhi Maran,CHENNAI CENTRAL,Normal/Others,"CONSTRUCTION OF BOXING ACADEMY BUILDING IN GOPALAPURAM WARD 111, PART 25, ZONE 9 OF CHENNAI CENTRAL CONSITUENCY",,10000000.0,,9749010.0,147000000.0,Work Completed,Completed,1,2024-10-09,,,2025-12-10,,,427.0,,,,,,0,0.0,0.0,0,0,,,,,0,None,62.611859019229634,0,37.57,Medium,34.5,No material anomaly signal detected.
WS/MP393/2025,Tamil Nadu,SIVAGANGA(DISTRICT COLLECTOR SIVAGANGA_IDA),Shri Karti P Chidambaram,SIVAGANGA,Normal/Others,(MPLADS 2024-25) Extension of Bus Stand in Sivaganga Municipality,,10000000.0,,992411.0,159049284.11,Vendor Identification,Completed,1,2024-10-22,,,2026-03-24,,,518.0,,,,,,0,0.0,0.0,0,0,,,,,0,None,62.43276571198963,0,37.46,Medium,34.3,No material anomaly signal detected.
WS/MP353/2025,Kerala,ERNAKULAM(DISTRICT COLLECTOR ERNAKULAM_IDA),Adv Dean Kuriakose,IDUKKI,Normal/Others,"Installation of minimast light ( 8Mtr,Octogonal pole LED Flood Light 150 Wx5 no.s) at Pallithazham Canal Bund Jn., ward. 5, Paipra GP, Muvattupuzha Block",215496.0,215496.0,3901042.0,8676888.0,147000000.0,Physical Inspection,Completed,1,2024-09-30,2025-04-03,2026-08-22,2026-02-23,185.0,506.0,511.0,1810.2619074135948,3685546.0,1710.2619074135948,-3685546.0,KALLOOR ELECTRONICS AND LIGHTING PVT LTD,1,3901042.0,3901042.0,1,1,100.0,6.0,,,2,None,55.57245986061161,8,36.54,Medium,33.2,expenditure exceeds effective sanctioned amount
WS/MP710/2026,Puducherry,Puducherry(PROJECT DIRECTOR RDA PUDUCHERRY_IDA),Vaithilingam Ve,Puducherry,Normal/Others,"Improvements to the internal roads at Easwaran Nagar, Vinayagampet, Mannadipet Commune, Puducherry.",,1600000.0,4502914.0,,209368972.11,Time Estimation,,0,2024-10-29,,2026-08-18,,,,,281.432125,2902914.0,181.432125,-2902914.0,M SENTHILKUMAR,1,4502914.0,4502914.0,1,1,100.0,4.0,,,2,None,55.49657971616326,8,36.5,Medium,33.1,expenditure exceeds effective sanctioned amount
WS/MP740/2026,Tamil Nadu,ERODE(DISTRICT_COLLECTORE_ERODE_IDA),Andimuthu Raja,NILGIRIS(SC),Normal/Others,Construction of Anganvadi Building at Weekly Market area Ward No 15 at Punjai Puliampatti Town,1400000.0,1399943.0,3482790.0,,147000000.0,Physical Inspection,,0,2024-09-11,2026-05-15,2026-07-27,,611.0,73.0,,248.7808432200454,2082847.0,148.7808432200454,-2082847.0,SANDHIYA and CO,1,3482790.0,3482790.0,1,1,100.0,3.0,1.0,2500000.0,2,None,54.78219456318061,8,36.07,Medium,32.6,expenditure exceeds effective sanctioned amount
"NA-CONSTRUCTIONOFROADS,LINKROADS,PATHWAYSORANYOTHERROADWITHORWITHOUTDRAINAGESYSTEM",West Bengal,Cooch Behar(DISTRICT MAGISTRATE COOCHBEHAR_IDA),JAGADISH CHANDRA BARMA BASUNIA,COOCHBEHAR(SC),Normal/Others,ESTIMATE FOR CONSTRUCTION OF BLACKTOP ROAD FROM BABUMIAH TO CHANDI SAL ROAD VIA SASHADHAR ROY HOUSE AT DUDHER KUTHI DEWANBOSH UNDER SUKTABARI G.P. WITHIN COOCH BEHAR-I P.S.,5697372.0,5697372.0,,,168604641.11,,,0,2025-03-07,,,,,,,,,,,,0,0.0,0.0,0,0,,,,,0,None,59.3828069927402,0,35.63,Medium,32.0,No material anomaly signal detected.
WS/MP858/2025,West Bengal,PURBA BARDHAMAN(DISTRICT MAGISTRATE PURBA BARDHAMAN_IDA),Asit Kumar Mal,BOLPUR(SC),Normal/Others,"Construction of CC Road from Karulia panchanan tola to F P High School at Gidhagram GP ,Executing Agency E O Katwa I Panchayat samity.",357000.0,1500000.0,3831301.0,800000.0,275694456.74,Time Estimation,Completed,1,2024-09-12,2025-05-14,2026-08-25,2026-07-21,244.0,468.0,677.0,255.42006666666666,2331301.0,155.42006666666666,-2331301.0,BASUDEB HAZRA,1,3831301.0,3831301.0,1,1,100.0,3.0,,,2,None,53.337840454060625,8,35.2,Medium,31.5,expenditure exceeds effective sanctioned amount
WS/MP18248/2025,West Bengal,PURBA BARDHAMAN(DISTRICT MAGISTRATE PURBA BARDHAMAN_IDA),DR. SHARMILA SARKAR,BARDHAMAN PURBA(SC),Normal/Others,Construction of steel foot bridge (low weight 4 wheeler vehicles can pass)over Joypur canal at Natu GP,,4042000.0,727916.0,998104.0,147000000.0,Sanction,Completed,1,2024-11-07,,2026-08-21,2026-07-21,,,621.0,18.008807521029194,-3314084.0,-81.9911924789708,3314084.0,MD SAHABAT HOSSAIN,1,727916.0,727916.0,1,1,100.0,2.0,,,1,None,58.176953124656016,0,34.91,Medium,31.1,No material anomaly signal detected.
WS/MP18250/2024,West Bengal,North 24 Parganas(DISTRICT MAGISTRATE NORTH TWENTY FOUR PARGANAS_IDA),SK NURUL ISLAM,BASIRHAT,Normal/Others,Installation of 7nos. of Eletric street light under Kachua G.P & Basirhat II Panchayat Samity. (Sl No.-23 to 27),1732500.0,1400000.0,,1749119.0,49000000.0,Vendor Identification,Completed,1,2024-09-20,2025-01-28,,2026-08-27,130.0,,706.0,,,,,,0,0.0,0.0,0,0,,,,,1,Delayed Project,48.41400665748715,14,34.65,Medium,30.8,project duration is unusually long
WS/MP345/2024,Kerala,KOLLAM(DISTRICT COLLECTOR KOLLAM_IDA),Shri NK Premachandran,KOLLAM,Normal/Others,"Construction of Building for Anganwadi No. 41, Padinjattekara Ward 23, Thevalakara Gramapanchayat, Chavara Constituency",1500000.0,1500000.0,1100546.0,399996.0,171477994.11,Work partially Completed,Completed,1,2024-09-26,2025-03-21,2026-07-09,2025-11-30,176.0,475.0,430.0,73.36973333333333,-399454.0,-26.630266666666667,399454.0,RASHEED S A,1,1100546.0,1100546.0,1,1,100.0,1.0,2.0,2000000.0,0,None,57.72330359733139,0,34.63,Medium,30.8,No material anomaly signal detected.
WS/MP710/2025,Puducherry,Puducherry(PROJECT DIRECTOR RDA PUDUCHERRY_IDA),Vaithilingam Ve,Puducherry,Normal/Others,"Formation of road near Pandivayal and Improvements to the branch roads, Pandakkal, Mahe, Puducherry.",,3000000.0,1229867.0,845883.0,209368972.11,Work partially Completed,Completed,1,2024-10-29,,2026-08-25,2025-09-23,,,329.0,40.99556666666667,-1770133.0,-59.00443333333333,1770133.0,Anbarasan G,1,1229867.0,1229867.0,1,1,100.0,1.0,,,0,None,57.4392227638347,0,34.46,Medium,30.6,No material anomaly signal detected.
WS/MP18181/2026,Tamil Nadu,COIMBATORE(DISTRICT COLLECTOR COIMBATORE_IDA),ESWARASAMY K,POLLACHI,Normal/Others,Construction of 60000 litre OHT at Solapalayam H/o. Solapalayam panchayat,,1229625.0,5500000.0,,162315106.11,Physical Inspection,,0,2024-11-07,,2026-08-27,,,,,447.2908407034665,4270375.0,347.2908407034665,-4270375.0,JAYALAKSHMI BUILDERS,1,5500000.0,5500000.0,1,1,100.0,3.0,,,2,None,51.885448925398194,8,34.33,Medium,30.4,expenditure exceeds effective sanctioned amount
WS/MP529/2024,Andhra Pradesh,Tirupati(DISTRICT COLLECTOR TIRUPATI_IDA),Maddila Gurumoorthy,TIRUPATI(SC),Normal/Others,Construction of CC Raods from Puttu-Sathyavedu road to Market yard in Nagalapuram H/w of Nagalapuram GP in Nagalapuram Mandal.,1423237.0,500000.0,1159001.0,1038081.0,180399007.0,Work Completed,Completed,1,2024-09-02,2024-09-17,2026-08-05,2026-01-28,15.0,687.0,513.0,231.8002,659001.0,131.8002,-659001.0,T Bhanumathi,1,1159001.0,1159001.0,1,1,100.0,15.0,,,3,Duplicate Payment,38.79393637709737,26,33.68,Medium,29.6,expenditure exceeds effective sanctioned amount; possible repeated work/vendor/amount payment pattern
WS/MP18079/2025,Karnataka,BIDAR(DEPUTY COMMISSIONER BIDAR_IDA),SAGAR ESHWAR KHANDRE,BIDAR,Normal/Others,installation of High-mast light,,250000.0,3111750.0,239522.0,147000000.0,Work partially Completed,Completed,1,2024-10-19,,2026-08-20,2025-12-23,,,430.0,1244.6999999999998,2861750.0,1144.6999999999998,-2861750.0,SUGREEV,1,3111750.0,3111750.0,1,1,100.0,6.0,,,2,None,49.085333593528865,8,32.65,Medium,28.3,expenditure exceeds effective sanctioned amount
WS/MP317/2024,Bihar,MUZAFFARPUR(DISTRICT PLANNING OFFICER MUZAFFARPUR_IDA),Smt Veena Devi,VAISHALI,Normal/Others,puchase book of diffrent school library,5000000.0,5000000.0,,2450000.0,147000000.0,Physical Inspection,Completed,1,2024-10-01,2024-10-07,,2025-03-27,6.0,,177.0,,,,,,0,0.0,0.0,0,0,,,,,0,None,54.105975188296426,0,32.46,Medium,28.1,No material anomaly signal detected.
WS/MP18257/2025,West Bengal,Purba Medinipur(DISTRICT MAGISTRATE PURBA MEDINIPUR_IDA),ABHIJIT GANGOPADHYAY,TAMLUK,Normal/Others,"Construction of a concrete road from the house of Anil Pal to the house of Prajapati Bhunia, Mouza-Shimulkundu, J.L. No. 227, Plot No. 1893 to 1740 under Gokulnagar G.P.",500000.0,500000.0,4221728.0,178774.0,147000000.0,Physical Inspection,Completed,1,2024-09-24,2025-05-23,2026-08-25,2026-08-15,241.0,459.0,690.0,844.3456,3721728.0,744.3456,-3721728.0,Giri Construction,1,4221728.0,4221728.0,1,1,100.0,13.0,,,2,None,48.77193076218648,8,32.46,Medium,28.1,expenditure exceeds effective sanctioned amount
WS/MP526/2024,Andhra Pradesh,Y.S.R. Kadapa(DISTRICT COLLECTOR CUDDAPAH_IDA),Y S Avinash Reddy,KADAPA,Normal/Others,"Formation and Strengthening of R/s Embankment (bund) from Km.1.700km to 2.700 Km of No.2 Distributory of chapadu channel near Pallavolu (V),of Chapadu(M) of YSR District",478000.0,2496908.0,109235.0,391781.0,156430260.11,Physical Inspection,Completed,1,2024-09-26,2024-11-18,2026-08-19,2025-10-18,53.0,639.0,387.0,4.374810765955334,-2387673.0,-95.62518923404467,2387673.0,MALLIBOYANA BALAKRISHNA,1,109235.0,109235.0,1,1,100.0,1.0,,,0,None,54.02833645074542,0,32.42,Medium,28.0,No material anomaly signal detected.
WS/MP18278/2025,Chhattisgarh,SAKTI(COLLECTOR SAKTI_IDA),KAMLESH JANGDE,JANJGIR CHAMPA(SC),Normal/Others,GRAM ADBHAR ME (MUKTIDHAM NIRMARAN),250000.0,250000.0,2064285.0,1245584.0,150384382.11,Vendor Identification,Completed,1,2024-09-19,2026-02-05,2026-08-27,2026-03-24,504.0,203.0,551.0,825.7139999999999,1814285.0,725.7139999999999,-1814285.0,SARPANCH GRAM PANCHAYAT SENDURAS,1,2064285.0,2064285.0,1,1,100.0,6.0,,,2,None,46.77365545797803,8,31.26,Medium,26.6,expenditure exceeds effective sanctioned amount
WS/MP632/2025,Kerala,PATHANAMTHITTA(DISTRICT COLLECTOR PATHANAMTHITTA_IDA),Anto Antony,PATHANAMTHITTA,Normal/Others,Construction of Open Air Auditorium Building for Cultural Activities in Konni Grama Panchayat (Ward-16),2350000.0,900000.0,801857.0,,147000000.0,Sanction,,0,2024-09-25,2026-03-07,2026-08-01,,528.0,147.0,,89.09522222222222,-98143.0,-10.904777777777777,98143.0,BIJU M,1,801857.0,801857.0,1,1,100.0,2.0,,,1,None,51.6510850964402,0,30.99,Medium,26.2,No material anomaly signal detected.
WS/MP348/2025,Kerala,ERNAKULAM(DISTRICT COLLECTOR ERNAKULAM_IDA),Shri Benny Behanan,CHALAKUDY,Normal/Others,"CONTRUCTION OF BUILDING FOR JANASEVANA KENDRAM INFRONT OF THE PANCHAYAT OFFICE BUILDING, KARUKUTTY",,3500000.0,2118993.0,,164674770.11,Sanction,,0,2024-10-28,,2026-08-21,,,,,60.542657142857145,-1381007.0,-39.457342857142855,1381007.0,LIYON M V,1,2118993.0,2118993.0,1,1,100.0,2.0,,,1,None,50.87986142733375,0,30.53,Medium,25.7,No material anomaly signal detected.
WS/MP541/2026,Assam,NAGAON(DEPUTY COMMISSIONER NOWGONG_IDA),Pradyut Bordoloi,NOWGONG,Normal/Others,"Construction of community hall at Geruamukh, Khatowal GP",200000.0,200000.0,279840.0,,98000000.0,Sanction,,0,2024-12-02,2026-07-17,2026-08-26,,592.0,40.0,,139.92,79840.0,39.92,-79840.0,PRITOM TRIBEDI,1,279840.0,279840.0,1,1,100.0,3.0,,,2,None,45.53386985965182,8,30.52,Medium,25.6,expenditure exceeds effective sanctioned amount
WS/MP18076/2024,Karnataka,HASSAN(DEPUTY COMMISSIONER HASSAN_IDA),DR C N MANJUNATH,BANGALORE RURAL,Normal/Others,"Construction of community hall by Hassan District Vokkaligara Sangha at S.M Krishna Nagar, Hassan CMC.",,1000000.0,250000.0,500000.0,147000000.0,Work partially Completed,Completed,1,2024-10-17,,2026-08-25,2026-05-15,,,575.0,25.0,-750000.0,-75.0,750000.0,PROJECT MANAGER NIRMITHI KENDRA RAMANAGARA,1,250000.0,250000.0,1,1,100.0,2.0,1.0,500000.0,2,Duplicate Payment,38.54043804156685,18,30.32,Medium,25.4,possible repeated work/vendor/amount payment pattern
WS/MP18250/2026,West Bengal,North 24 Parganas(DISTRICT MAGISTRATE NORTH TWENTY FOUR PARGANAS_IDA),SK NURUL ISLAM,BASIRHAT,Normal/Others,Development and beautification of Dilip Kumar Memorial Institution Play Ground under Baduria Municipality (SL.No.- 34).,1000000.0,500000.0,,,49000000.0,Sanction,,0,2024-09-12,2026-06-23,,,649.0,,,,,,,,0,0.0,0.0,0,0,,,,,0,None,49.5615961068391,0,29.74,Low,24.7,No material anomaly signal detected.
NA-INSTALLINGHANDPUMPS,Uttar Pradesh,KAUSHAMBI(DISTRICT MAGISTRAE KAUSHAMBI_IDA),PUSHPENDRA SAROJ,KAUSHAMBI(SC),Normal/Others,Balwant S/o Ram Subhag Yadav ke Ghar ke samne Handpump,74000.0,74000.0,,,147000000.0,,,0,2024-09-25,,,,,,,,,,,,0,0.0,0.0,0,0,,,,,0,None,48.944159999579014,0,29.37,Low,24.2,No material anomaly signal detected.
WS/MP18250/2025,West Bengal,North 24 Parganas(DISTRICT MAGISTRATE NORTH TWENTY FOUR PARGANAS_IDA),SK NURUL ISLAM,BASIRHAT,Normal/Others,Installation of 3nos. Eletric based water tank and street solar light under Srinagar Matia G.P & Basirhat II Panchayat Samity. (Sl No.-5 to 7),2660000.0,500000.0,,499639.0,49000000.0,Vendor Identification,Completed,1,2024-09-20,2026-02-27,,2025-11-03,525.0,,409.0,,,,,,0,0.0,0.0,0,0,,,,,0,None,48.74720967247141,0,29.25,Low,24.1,No material anomaly signal detected.
WS/MP863/2024,Karnataka,BENGALURU URBAN(DEPUTY COMMISSIONER BANGALORE URBAN_IDA),P C Mohan,BANGALORE CENTRAL,Normal/Others,"Installation of 15 Nos. Dell Optiplex 7400 A10 12th Gen Core i7-12700T/16GB/512GB SSD + 1TB/WIN 10 Pro/FHD 24''/3 years on-site warranty, 02 Nos. Dell Optiplex 3280 A10 10th Gen Intel Core i5-10500T/8GB/1TB/22'' FHD/WIN 10 Pro/3 years on-site warranty, 03 Nos. Dell Optiplex 5400 A10 12th Gen Intel Core i5-12500T/8GB/256GB SSD + 1TB/WIN 11 Pro/24''/3 years on-site warranty, 02 Nos. Canon Jumbo Xerox Machines, and 02 Nos. Canon Laser Jet Printers 2900B",4739506.0,4739506.0,,4739506.0,159995711.11,Physical Inspection,Completed,1,2024-09-25,2024-11-20,,2025-05-09,56.0,,226.0,,,,,,0,0.0,0.0,0,0,,,,,0,None,48.68573170201758,0,29.21,Low,24.0,No material anomaly signal detected.
WS/MP640/2026,Madhya Pradesh,SEONI(District Collector Seoni_IDA),Faggan Singh Kulaste,MANDLA(ST),Normal/Others,Construction of G.S.V. Road towards village Gurera Raiyat Shanti dham,,1000000.0,4541000.0,,151861648.41,Sanction,,0,2024-11-09,,2026-08-24,,,,,454.1,3541000.0,354.09999999999997,-3541000.0,MANISH CONSTRUCTION AND VENDORS,1,4541000.0,4541000.0,1,1,100.0,18.0,,,2,None,43.235464405785464,8,29.14,Low,23.9,expenditure exceeds effective sanctioned amount
WS/MP18007/2024,Andhra Pradesh,Eluru(DISTRICT COLLECTOR ELURU_IDA),Putta Mahesh Kumar,ELURU,Normal/Others,"Construction of Resting Barracks with attached wash rooms for Women in the District Police Office, Eluru",,3204000.0,1097173.0,,147000000.0,Work partially Completed,,1,2024-10-25,,2026-08-27,,,,,34.243851435705366,-2106827.0,-65.75614856429463,2106827.0,VIJAYA VIKRAM CONSTRUCTIONS,1,1097173.0,1097173.0,1,1,100.0,1.0,,,0,None,48.246138732606035,0,28.95,Low,23.7,No material anomaly signal detected.
WS/MP18065/2025,Haryana,ROHTAK(DEPUTY COMMISSIONER ROHTAK_IDA),DEEPENDER SINGH HOODA,ROHTAK,Normal/Others,Development works in Sakshi Malik Gym Hall,500000.0,500000.0,3463324.0,499973.0,147000000.0,Work Completed,Completed,1,2024-08-16,2025-08-04,2026-08-24,2026-01-13,353.0,385.0,515.0,692.6648,2963324.0,592.6648,-2963324.0,VAIBHAV Contractor,1,3463324.0,3463324.0,1,1,100.0,7.0,,,2,None,42.29167708167517,8,28.58,Low,23.2,expenditure exceeds effective sanctioned amount
WS/MP370/2024,Odisha,Sundaragada(DISTRICT COLLECTOR SUNDARGARH_IDA),Shri Jual Oram,SUNDARGARH (ST),Normal/Others,"Construction of Bathroom, Toilet, Kitchen and Dining Hall B-36, Sector-3, Rourkela (Executing Agency ITDA Panposh)",780000.0,600000.0,1412871.0,990000.0,173096756.91,Work Completed,Completed,1,2024-10-03,2025-02-11,2026-07-03,2026-05-13,131.0,507.0,587.0,235.47850000000003,812871.0,135.4785,-812871.0,SAGARIKA SWAIN,1,1412871.0,1412871.0,1,1,100.0,2.0,1.0,10000000.0,2,None,42.253731289318274,8,28.55,Low,23.2,expenditure exceeds effective sanctioned amount
WS/MP18263/2026,Karnataka,UDUPI(DEPUTY COMMISSIONER UDUPI_IDA),KOTA SRINIVAS POOJARY,UDUPI CHIKMAGALUR,Normal/Others,"Udupi District, brahmavara taluk, 38 kalthuru grama panchayath, kalthuru village amuje dyangalu Rajeev shetty house road development work",,400000.0,4119444.0,,147000000.0,Sanction,,0,2024-10-29,,2026-08-24,,,,,1029.861,3719444.0,929.861,-3719444.0,Chikmagalur Nirmithi Kendra,1,4119444.0,4119444.0,1,1,100.0,12.0,,,2,None,42.16798214461113,8,28.5,Low,23.1,expenditure exceeds effective sanctioned amount
WS/MP719/2024,Rajasthan,Kekri(DISTRICT COLLECTOR Kekri_IDA),Bhagirath Chaudhary,AJMER,Normal/Others,Construction of Open Community hall at tejaji's place in Barol village.,999818.0,500000.0,216825.0,499540.0,147000000.0,Work Completed,Completed,1,2024-09-22,2024-12-06,2026-08-27,2026-01-20,75.0,629.0,485.0,43.364999999999995,-283175.0,-56.635000000000005,283175.0,SHIV CONSTRUCTICN KATSOORA,1,216825.0,216825.0,1,1,100.0,24.0,,,1,None,47.42943429503521,0,28.46,Low,23.1,No material anomaly signal detected.
WS/MP18311/2024,Punjab,RUPNAGAR(DEPUTY COMMISSIONER ROOPNAGAR_IDA),MALVINDER SINGH KANG,ANANDPUR SAHIB,Normal/Others,Construction of community center at village Nurpur Kalan,700000.0,500000.0,503751.0,500000.0,147000000.0,Physical Inspection,Completed,1,2024-10-28,2024-11-21,2026-08-26,2026-04-16,24.0,643.0,535.0,100.75019999999999,3751.0,0.7502,-3751.0,PUNJAB CEMENT AND IRON STORE,1,503751.0,503751.0,1,1,100.0,11.0,,,3,Duplicate Payment,29.227737755118678,26,27.94,Low,22.4,expenditure exceeds effective sanctioned amount; possible repeated work/vendor/amount payment pattern
WS/MP18069/2025,Himachal Pradesh,KANGRA(DEPUTY COMMISSIONER KANGRA_IDA),RAJEEV BHARDWAJ,KANGRA,Normal/Others,Construction of Pathways.,,100000.0,1343341.0,200000.0,179388967.11,Physical Inspection,Completed,1,2024-11-28,,2026-08-25,2026-08-27,,,637.0,1343.3410000000001,1243341.0,1243.3410000000001,-1243341.0,EE HPPWD PALAMPUR,1,1343341.0,1343341.0,1,1,100.0,8.0,,,2,None,41.026536526723724,8,27.82,Low,22.3,expenditure exceeds effective sanctioned amount
WS/MP18248/2024,West Bengal,PURBA BARDHAMAN(DISTRICT MAGISTRATE PURBA BARDHAMAN_IDA),DR. SHARMILA SARKAR,BARDHAMAN PURBA(SC),Normal/Others,Solar submersible pump with drinking water facility at Agradwip Union Uchcha Madhyamik Vidyalay,,599916.0,3926005.0,998439.0,147000000.0,Sanction,Completed,1,2024-11-08,,2026-08-17,2026-08-11,,,641.0,654.4257862767454,3326089.0,554.4257862767454,-3326089.0,SRI BALAJI CONCERN,1,3926005.0,3926005.0,1,1,100.0,6.0,,,2,None,40.84089584506629,8,27.7,Low,22.1,expenditure exceeds effective sanctioned amount
WS/MP431/2024,Haryana,GURUGRAM(DC CUM NODAL OFFICER MPLADS_5),Rao Inderjit Singh,GURGAON,Trust and Society,Const. of Jat Bhawan,1500000.0,2099331.0,,1000000.0,147000000.0,Vendor Identification,Completed,1,2024-08-15,2024-12-16,,2026-07-10,123.0,,694.0,,,,,,0,0.0,0.0,0,0,,,,,0,None,46.09772031597406,0,27.66,Low,22.1,No material anomaly signal detected.
WS/MP18324/2025,Gujarat,AMRELI(DISTRICT COLLECTOR AMRELI_IDA),BHARATBHAI MANUBHAI SUTARIYA,AMRELI,Normal/Others,Block paving work in different areas of Hadida village,,300000.0,3607870.0,400000.0,147000000.0,Physical Inspection,Completed,1,2024-11-06,,2026-08-25,2026-03-12,,,491.0,1202.6233333333334,3307870.0,1102.6233333333334,-3307870.0,LUVARIYA GRAM PANCHAYAT,1,3607870.0,3607870.0,1,1,100.0,12.0,,,2,None,40.526768527636385,8,27.52,Low,21.9,expenditure exceeds effective sanctioned amount
WS/MP18338/2025,Telangana,YADADRI BHUVANAGIRI(DISTRICT COLLECTOR YADADRI BHUVANAGIRI_IDA),CHAMALA KIRAN KUMAR REDDY,BHONGIR,Normal/Others,PROVIDING OF STREET LIGHTS IN VANGALA VILLAGE,,100000.0,1500000.0,500000.0,147000000.0,Work Completed,Completed,1,2024-11-11,,2026-08-21,2025-11-20,,,374.0,1500.0,1400000.0,1400.0,-1400000.0,SAMA ABHISHEK REDDY,1,1500000.0,1500000.0,1,1,100.0,3.0,,,2,None,40.46243133530504,8,27.48,Low,21.8,expenditure exceeds effective sanctioned amount
WS/MP600/2025,Jammu And Kashmir,KATHUA(DISTRICT DEVELOPMENT COMMISSIONER KATHUA_IDA),Jitendra Singh,UDHAMPUR,Normal/Others,"Construction of Public Shed near Talab, Baddu Barar , Pyt. Upper Baddu , Village Charoli, Billawar,Kathua",,168000.0,2251969.0,168000.0,147000000.0,Physical Inspection,Completed,1,2024-10-22,,2026-08-17,2025-11-15,,,389.0,1340.457738095238,2083969.0,1240.457738095238,-2083969.0,Sh Rattan Singh So Lakhpat Singh Ro Beeranbass Hochak Pogal District Ramban Contractor,1,2251969.0,2251969.0,1,1,100.0,14.0,,,2,None,39.96463008923279,8,27.18,Low,21.5,expenditure exceeds effective sanctioned amount
WS/MP18172/2025,Rajasthan,PRATAPGARH(DISTRICT COLLECTOR PRATAPGARH_IDA),MANNA LAL RAWAT,UDAIPUR(ST),Normal/Others,construction of teen shed in GSSS keshriyawad,500000.0,1000000.0,1719695.0,99000.0,147000000.0,Time Estimation,Completed,1,2024-09-29,2025-07-18,2026-08-27,2026-02-19,292.0,405.0,508.0,171.9695,719695.0,71.9695,-719695.0,RITVI CONSTRUCTIONS,1,1719695.0,1719695.0,1,1,100.0,31.0,,,2,None,39.83551479375472,8,27.1,Low,21.4,expenditure exceeds effective sanctioned amount
WS/MP620/2025,Karnataka,DHARWAD(DEPUTY COMMISSIONER DHARWAR_IDA),Pralhad Venkatesh Joshi,DHARWAD,Normal/Others,Construction of Community Hall at Hosategur Village Near Shri Girimalleshwar Math Pry No 518 Continue work,400000.0,500000.0,3788911.0,396456.0,147000000.0,Sanction,Completed,1,2024-07-09,2025-06-03,2026-08-05,2025-11-24,329.0,428.0,503.0,757.7822,3288911.0,657.7822,-3288911.0,MANJUNATH R KALAWAD,1,3788911.0,3788911.0,1,1,100.0,9.0,,,2,None,39.74907189959126,8,27.05,Low,21.3,expenditure exceeds effective sanctioned amount
WS/MP431/2025,Haryana,GURUGRAM(DC CUM NODAL OFFICER MPLADS_5),Rao Inderjit Singh,GURGAON,Normal/Others,Completion work of Balmiki Chaupal,,400000.0,3594646.0,1492000.0,147000000.0,Sanction,Completed,1,2024-11-12,,2026-08-25,2026-04-17,,,521.0,898.6615,3194646.0,798.6614999999999,-3194646.0,THE MANGAWAS COOPERATIVE LABOUR AND CONSTRUCTION SOCIETY LTD,1,3594646.0,3594646.0,1,1,100.0,8.0,,,2,None,39.68685762918783,8,27.01,Low,21.3,expenditure exceeds effective sanctioned amount
WS/MP329/2025,Haryana,BHIWANI(DC Cum Nodal Officer MPLADS Bhiwani),Shri Dharambir Singh,BHIWANI MAHENDRAGARH,Repair and Renovation,Construction of wrestling shed GP land for Durga Vyayamshala,,491257.0,2120265.0,180000.0,147000000.0,Physical Inspection,Completed,1,2024-10-23,,2026-08-26,2025-12-14,,,417.0,431.59995684539865,1629008.0,331.59995684539865,-1629008.0,SDO OP Division DHBVN Atela Kalan,2,2161765.0,1080882.5,1,1,98.08027237003097,7.0,,,2,None,39.32984494075368,8,26.8,Low,21.0,expenditure exceeds effective sanctioned amount
WS/MP18321/2024,Gujarat,SABAR KANTHA(DISTRICT COLLECTOR SABARKANTHA_IDA),SHOBHANABEN MAHENDRASINH BARAIYA,SABARKANTHA,Trust and Society,Construction of new library room in secondary school at Kadoli,500000.0,500000.0,900000.0,525000.0,147000000.0,Physical Inspection,Completed,1,2024-09-25,2025-03-19,2026-08-25,2025-12-16,175.0,524.0,447.0,180.0,400000.0,80.0,-400000.0,GHADKAN GRAM PANCHAYAT,1,900000.0,900000.0,1,1,100.0,2.0,,,2,None,38.79130085696383,8,26.47,Low,20.6,expenditure exceeds effective sanctioned amount
WS/MP18021/2026,Assam,SOUTH SALMARA MANCACHAR(Deputy Commissioner South Salmara Mankachar_IDA),RAKIBUL HUSSAIN,DHUBRI,Normal/Others,Construction of Waiting Shed at Jordanga Kuchnimara,500000.0,500000.0,1699986.0,,147000000.0,Sanction,,0,2024-09-24,2026-05-21,2026-08-26,,604.0,97.0,,339.9972,1199986.0,239.9972,-1199986.0,SHAZIBUL HASSAN MOLLAH,1,1699986.0,1699986.0,1,1,100.0,6.0,,,2,None,38.55985100221333,8,26.34,Low,20.4,expenditure exceeds effective sanctioned amount
WS/MP478/2024,Uttarakhand,AGRA(DISTRICT MAGISTRAE AGRA_IDA),Mala Rajya Laxmi Shah,TEHRI GARHWAL,Normal/Others,"Gram Mutawai me Munni devi ke khet se Mahesh Sharam ke Ghar tak C.C mrag Nirman Karya, (Woorking Agency R E S Agra )",,2498299.0,239085.0,198368.0,147000000.0,Physical Inspection,Completed,1,2024-10-25,,2026-07-14,2026-05-11,,,563.0,9.56991136769458,-2259214.0,-90.43008863230541,2259214.0,Jain Industries,1,239085.0,239085.0,1,1,100.0,1.0,,,0,None,43.67526879507138,0,26.21,Low,20.3,No material anomaly signal detected.
WS/MP18049/2024,Chhattisgarh,BILASPUR(DISTRICT COLLECTOR BILASPUR_IDA),TOKHAN SAHU,BILASPUR,Normal/Others,"Construction of C C Road, from Jayram Singh paikra House to Kalesh Paikra House.",,500000.0,1499633.0,199012.0,147000000.0,Vendor Identification,Completed,1,2024-11-13,,2026-07-17,2026-02-23,,,467.0,299.9266,999633.0,199.9266,-999633.0,SHRI KABIR CONSTRUCTION,1,1499633.0,1499633.0,1,1,100.0,2.0,,,2,None,38.05101749333666,8,26.03,Low,20.0,expenditure exceeds effective sanctioned amount
WS/MP458/2025,Tamil Nadu,Thoothukkudi(DISTRICT COLLECTOR THOOTHUKUDI_IDA),Kanimozhi Karunanidhi,THOOTHUKKUDI,Normal/Others,Construction of Community Hall at Pommaiahpuram Village in Sakkammalpuram Panchayat Vilathikulam Panchayat Union,,3999840.0,,3596664.0,147000000.0,Physical Inspection,Completed,1,2024-11-02,,,2026-08-07,,,643.0,,,,,,0,0.0,0.0,0,0,,,,,0,None,42.913201191990154,0,25.75,Low,19.7,No material anomaly signal detected.
WS/MP347/2025,Kerala,KOTTAYAM(DISTRICT COLLECTOR KOTTAYAM_IDA),Shri Suresh Kodikunnil,MAVELIKKARA(SC),Normal/Others,"Financial support for College Bus Transportation project at SB College, Changanacherry",,2750000.0,856398.0,225139.0,172429519.11,Physical Inspection,Completed,1,2024-11-05,,2026-07-16,2025-11-22,,,382.0,31.141745454545454,-1893602.0,-68.85825454545454,1893602.0,PRAKASH,1,856398.0,856398.0,1,1,100.0,1.0,,,0,None,42.53355469277329,0,25.52,Low,19.4,No material anomaly signal detected.
WS/MP745/2025,Tamil Nadu,TIRUPPUR(DISTRICT COLLECTOR TIRUPPUR_IDA),K Subbarayan,TIRUPPUR,Normal/Others,Construction of Roads CSI Colony H/O perumanallur Panchayat,1499453.0,5295000.0,,1200000.0,147000000.0,Work Completed,Completed,1,2024-09-30,2025-08-01,,2025-12-02,305.0,,428.0,,,,,,0,0.0,0.0,0,0,,,,,0,None,42.256318539515085,0,25.35,Low,19.2,No material anomaly signal detected.
WS/MP761/2024,Telangana,NIZAMABAD(DISTRICT COLLECTOR NIZAMABAD_IDA),Arvind Dharmapuri,NIZAMABAD,Normal/Others,Construction of Artisan Shed near Shivalayam Temple,495000.0,495000.0,400000.0,400000.0,281396355.11,Work Completed,Completed,1,2024-10-07,2024-10-17,2026-07-09,2025-10-28,10.0,630.0,386.0,80.8080808080808,-95000.0,-19.19191919191919,95000.0,SAMPANGI NARSAIAH,1,400000.0,400000.0,1,1,100.0,1.0,,,0,None,40.82547186002204,0,24.5,Low,18.1,No material anomaly signal detected.
WS/MP18354/2024,Chhattisgarh,Balrampur-Ramanujganj(District Collector BALRAMPUR_IDA),CHINTAMANI MAHARAJ,SARGUJA(ST),Normal/Others,"Purchase of IT systems, including hardware and software for educational purposes at Government Girls Higher Secondary School Kusmi",1000000.0,1000000.0,249749.0,499550.0,147000000.0,Vendor Identification,Completed,1,2024-09-04,2025-03-26,2026-08-14,2026-08-04,203.0,506.0,699.0,24.974899999999998,-750251.0,-75.0251,750251.0,Gram panchayat khalpodi,1,249749.0,249749.0,1,1,100.0,1.0,,,1,Delayed Project,31.40717023540645,14,24.44,Low,18.0,project duration is unusually long
WS/MP18193/2025,Telangana,MEDCHAL MALKAJGIRI(DISTRICT COLLECTOR MEDCHAL MALKAJGIRI_IDA),EATALA RAJENDER,MALKAJGIRI,Normal/Others,"Laying of 300 mm dia SWG main line from H.No. 2-10-175/1 to 2-10-175/15, Hare Krishna Colony under Macha Bollaram Section.",,1000000.0,2314711.0,1590265.0,327477390.86,Physical Inspection,Completed,1,2024-10-25,,2026-08-19,2025-11-10,,,381.0,231.4711,1314711.0,131.4711,-1314711.0,MOHAMMED RAHEEMUDDIN,1,2314711.0,2314711.0,1,1,100.0,7.0,,,2,None,35.182809523445144,8,24.31,Low,17.9,expenditure exceeds effective sanctioned amount
WS/MP826/2025,West Bengal,DARJEELING(DISTRICT MAGISTRATE DARJEELING_IDA),Raju Bista,DARJEELING,Normal/Others,"Installation of Solar Water Heating system at Jawahar Navodaya Vidyalaya, Chhabbisay Ref: Principal JNV (9430513978)",300000.0,487774.0,985970.0,391043.0,147000000.0,Physical Inspection,Completed,1,2024-08-16,2025-06-18,2026-08-10,2026-08-06,306.0,418.0,720.0,202.1366452496443,498196.0,102.1366452496443,-498196.0,MAHENDRA ADHIKARI,1,985970.0,985970.0,1,1,100.0,2.0,,,3,Delayed Project,25.590361023829956,22,24.15,Low,17.7,expenditure exceeds effective sanctioned amount; project duration is unusually long
WS/MP638/2024,Madhya Pradesh,TIKAMGARH(DISTRICT COLLECTOR TIKAMGARH_IDA),Virendra Kumar,TIKAMGARH(SC),Normal/Others,Saansad Utsav Dham,,1200000.0,4128574.0,400000.0,147000000.0,Vendor Identification,Completed,1,2024-11-14,,2026-08-25,2026-03-19,,,490.0,344.04783333333336,2928574.0,244.04783333333336,-2928574.0,DEEPAK KUMAR SHARMA,1,4128574.0,4128574.0,1,1,100.0,4.0,,,2,None,34.854921540293326,8,24.11,Low,17.6,expenditure exceeds effective sanctioned amount
WS/MP356/2025,Madhya Pradesh,MANDSAUR(DISTRICT COLLECTOR MANDSAUR_IDA),Shri Sudheer Gupta,MANDSOUR,Normal/Others,CONSTRUCTION OF CC ROAD,150000.0,499246.0,575000.0,750000.0,148988014.83,Vendor Identification,Completed,1,2024-09-13,2026-01-21,2026-08-27,2026-08-09,495.0,218.0,695.0,115.17368191232377,75754.0,15.173681912323783,-75754.0,CEO JANPAD PANCHAYAT SITAMAU,1,575000.0,575000.0,1,1,100.0,2.0,,,2,None,34.64600282670197,8,23.99,Low,17.5,expenditure exceeds effective sanctioned amount
WS/MP18104/2025,Madhya Pradesh,NARMADAPURAM(DISTRICT COLLECTOR NARMADAPURAM_IDA),DARSHAN SINGH CHOUDHARY,HOSHANGABAD,Normal/Others,"for purchase of kabaddi mate at goverment higher secondary school, raipur",,105000.0,831020.0,120000.0,147000000.0,Vendor Identification,Completed,1,2024-12-19,,2026-08-21,2026-05-13,,,510.0,791.4476190476191,726020.0,691.4476190476191,-726020.0,Sachiv Gram panchayat kulamadi,1,831020.0,831020.0,1,1,100.0,10.0,,,2,None,34.57132190288186,8,23.94,Low,17.4,expenditure exceeds effective sanctioned amount
WS/MP792/2024,Uttar Pradesh,HARDOI(DISTRICT MAGISTRATE HARDOI_IDA),Jai Prakash,HARDOI (SC),Normal/Others,30 ?? 6?? 170 ?? 200 ??? ???? ????????? ?????,4022832.0,4022832.0,,1187420.0,147000000.0,Vendor Identification,Completed,1,2024-09-11,2025-03-06,,2025-02-07,176.0,,149.0,,,,,,0,0.0,0.0,0,0,,,,,0,None,39.68115970126041,0,23.81,Low,17.3,No material anomaly signal detected.
WS/MP827/2025,West Bengal,PASCHIM BARDHAMAN(DISTRICT MAGISTRATE PASCHIM BARDHAMAN_IDA),Shatrughan Sinha,ASANSOL,Normal/Others,Construction of New Community Hall.,,6000000.0,,8775290.0,147000000.0,Sanction,Completed,1,2024-11-14,,,2025-11-30,,,381.0,,,,,,0,0.0,0.0,0,0,,,,,0,None,39.516518983339125,0,23.71,Low,17.1,No material anomaly signal detected.
WS/MP574/2025,Gujarat,MAHESANA(DISTRICT COLLECTOR MAHESANA_IDA),Bharatsinhji Shankarji Dabhi,PATAN,Trust and Society,Construction of new room of Shree Chamunda Kanya Vidyalaya- Dabhoda managed By Gujarat Kshatriya Thakor Samaj Vikas Manch - Dabhoda,,500000.0,700000.0,,147000000.0,Physical Inspection,Completed,1,2024-10-04,,2026-08-20,2026-01-12,,,465.0,140.0,200000.0,40.0,-200000.0,AJIMANA GRAM PANCHAYAT,1,700000.0,700000.0,1,1,100.0,2.0,,,2,None,34.13140069066812,8,23.68,Low,17.1,expenditure exceeds effective sanctioned amount
WS/MP650/2025,Madhya Pradesh,INDORE(DISTRICT COLLECTOR INDORE_IDA),Shankar Lalwani,INDORE,Normal/Others,"Construction of Cultural Building in GP Kanchroad , BicholiHapsi VS RAU",,250000.0,1408491.0,2000000.0,147000000.0,Vendor Identification,Completed,1,2025-03-20,,2026-08-23,2025-12-30,,,285.0,563.3964,1158491.0,463.39639999999997,-1158491.0,SHRI GANESH ASSOCIATES PROPRIETOR NARAYAN SHARMA,1,1408491.0,1408491.0,1,1,100.0,12.0,,,2,None,33.59667133328578,8,23.36,Low,16.7,expenditure exceeds effective sanctioned amount
WS/MP541/2025,Assam,NAGAON(DEPUTY COMMISSIONER NOWGONG_IDA),Pradyut Bordoloi,NOWGONG,Normal/Others,"Construction of boundary wall at Pachim Singimari Bir Lachit L.P. School, Singimari GP",200000.0,200000.0,187846.0,399914.0,98000000.0,Vendor Identification,Completed,1,2024-12-02,2026-01-20,2026-08-26,2026-03-13,414.0,218.0,466.0,93.923,-12154.0,-6.077,12154.0,RATU MONI SARMAH,1,187846.0,187846.0,1,1,100.0,2.0,,,1,None,38.8792948735787,0,23.33,Low,16.7,No material anomaly signal detected.
WS/MP18095/2025,Kerala,ALAPPUZHA(DISTRICT COLLECTOR ALAPPUZHA_IDA),K. C VENUGOPAL,ALAPPUZHA,Normal/Others,"Maths – Computer Lab Furnishing for Govt. Girls HSS, Cherthala 1) MDF Table for Teacher with one draw and one cupboard 120cmx60cmx75cm – 1 No. 2) Lap Top Table for student with side partition (8 seating) 880cmx50cmx75cm with one draw with Lock in each seat – 1 No. 3) Lap Top Table for student with side partition (7 seating) 560cmx50cmx75cm with one draw with Lock in each seat – 1 No. 4) Lap Top Table for student 560cmx110cmx75cm (14 seating) with central & side partition, etc",499776.0,358334.0,154707.0,499776.0,147000000.0,Physical Inspection,Completed,1,2024-09-20,2025-11-27,2026-08-02,2025-11-27,433.0,248.0,433.0,43.17396618796988,-203627.0,-56.82603381203012,203627.0,PTA GOVT UP SCHOOL KALARCODE,1,154707.0,154707.0,1,1,100.0,2.0,,,1,None,38.44506723787334,0,23.07,Low,16.3,No material anomaly signal detected.
WS/MP577/2024,Gujarat,Dahod(DISTRICT COLLECTOR DOHAD_IDA),Jaswantsinh Sumanbhai Bhabhor,DAHOD(ST),Normal/Others,GAMDI GAME POST FALIYATHI MAKVANA FALIYA NE JODTA RASTA PAR TRAN HAR NALA NU KAM,250000.0,350000.0,748582.0,225200.0,147000000.0,Sanction,Completed,1,2024-09-20,2025-01-08,2026-08-20,2025-11-21,110.0,589.0,427.0,213.88057142857141,398582.0,113.88057142857141,-398582.0,GRAM PANCHAYAT NIMACH,1,748582.0,748582.0,1,1,100.0,3.0,,,2,None,33.01509274607825,8,23.01,Low,16.3,expenditure exceeds effective sanctioned amount
WS/MP347/2024,Kerala,KOLLAM(DISTRICT COLLECTOR KOLLAM_IDA),Shri Suresh Kodikunnil,MAVELIKKARA(SC),Normal/Others,"Provide Laptop to Govt.UPS,Nedumoncavu in Kareepra Grama Panchayath",212242.0,904595.0,943191.0,228677.0,172429519.11,Physical Inspection,Completed,1,2024-09-11,2024-09-12,2026-08-05,2025-11-07,1.0,692.0,422.0,104.2666607708422,38596.0,4.266660770842201,-38596.0,JAIN RAJ,1,943191.0,943191.0,1,1,100.0,1.0,,,1,None,32.56775792144481,8,22.74,Low,15.9,expenditure exceeds effective sanctioned amount
WS/MP852/2025,West Bengal,NADIA(DISTRICT MAGISTRATE NADIA_IDA),Abu Taher Khan,MURSHIDABAD,Normal/Others,"""Supply of Hearse Van for Karimpur Anandapally Crematorium under Karimpur-II GP.""",1500000.0,1500000.0,1731974.0,392431.0,147000000.0,Sanction,Completed,1,2024-09-29,2025-07-03,2026-08-23,2026-07-20,277.0,416.0,659.0,115.46493333333333,231974.0,15.464933333333333,-231974.0,MOURIN ENTERPRISE,1,1731974.0,1731974.0,1,1,100.0,3.0,,,2,None,32.4836554948986,8,22.69,Low,15.9,expenditure exceeds effective sanctioned amount
WS/MP18007/2025,Andhra Pradesh,Eluru(DISTRICT COLLECTOR ELURU_IDA),Putta Mahesh Kumar,ELURU,Normal/Others,Providing Laboratory equipment to Physical Science/Biological Science/Mathematics and Social Studies.,400000.0,400000.0,2436908.0,400000.0,147000000.0,Physical Inspection,Completed,1,2024-08-26,2025-04-28,2026-08-01,2025-12-08,245.0,460.0,469.0,609.227,2036908.0,509.22700000000003,-2036908.0,SAO MANNROW CONSTRUCTIONS PRIVATE LIMITED,1,2436908.0,2436908.0,1,1,100.0,2.0,,,2,None,32.33582434666777,8,22.6,Low,15.8,expenditure exceeds effective sanctioned amount
WS/MP18065/2026,Haryana,ROHTAK(DEPUTY COMMISSIONER ROHTAK_IDA),DEEPENDER SINGH HOODA,ROHTAK,Normal/Others,Const. of New Charitable Dispensary at Baba Balak Puri Charitable Trust Rohtak,,2100000.0,474087.0,,147000000.0,Vendor Identification,,0,2024-11-14,,2026-08-27,,,,,22.57557142857143,-1625913.0,-77.42442857142858,1625913.0,JOGINDER GOVT CONTRACTOR,1,474087.0,474087.0,1,1,100.0,4.0,,,1,None,37.52323636276683,0,22.51,Low,15.6,No material anomaly signal detected.
WS/MP18183/2024,Tamil Nadu,THANJAVUR(DISTRICT COLLECTOR THANJAVUR_IDA),MURASOLI S,THANJAVUR,Normal/Others,"thillaisanam Panchayat, Construction of New PDS Building,thiruvaiyaru",1350000.0,1349637.0,1348754.0,1348469.0,147000000.0,Physical Inspection,Completed,1,2024-09-26,2024-09-27,2026-08-14,2026-08-25,1.0,686.0,698.0,99.93457500053718,-883.0,-0.06542499946281852,883.0,DHANDAYUTHAPANI K,1,1348754.0,1348754.0,1,1,100.0,1.0,,,0,None,37.460104152391764,0,22.48,Low,15.6,No material anomaly signal detected.
WS/MP18186/2025,Tamil Nadu,THIRUVALLUR(DISTRICT COLLECTOR TIRUVALLUR_IDA),Sasikanth Senthil,TIRUVALLUR(SC),Normal/Others,"Providing High mast light @ Athipattu Junction road, Koormavilasapuram panchayat in Tiruvalangadu Block .",434216.0,640161.0,1557710.0,888000.0,171500000.0,Physical Inspection,Completed,1,2024-09-19,2025-05-06,2026-07-22,2025-12-22,229.0,442.0,459.0,243.33097455171435,917549.0,143.33097455171432,-917549.0,SARO OVERSEAS PRIVATE LIMITED,1,1557710.0,1557710.0,1,1,100.0,7.0,,,3,Duplicate Payment,19.880197810363875,26,22.33,Low,15.4,expenditure exceeds effective sanctioned amount; possible repeated work/vendor/amount payment pattern
WS/MP826/2024,West Bengal,DARJEELING(DISTRICT MAGISTRATE DARJEELING_IDA),Raju Bista,DARJEELING,Normal/Others,"Construction of drainage (jhora) at Khaptawali Gaon Ref: Rewati Chhetri, Member Mirik Gram Panchayat (9091784652)",452119.0,499500.0,497351.0,386160.0,147000000.0,Work Completed,Completed,1,2024-09-18,2024-12-23,2026-07-26,2026-08-19,96.0,580.0,700.0,99.56976976976976,-2149.0,-0.4302302302302302,2149.0,KRISHNA BARMEY SARKI19,1,497351.0,497351.0,1,1,100.0,1.0,,,1,Delayed Project,27.770093613880952,14,22.26,Low,15.3,project duration is unusually long
WS/MP508/2025,Tamil Nadu,Tirupathur(District Collector Tirupathur_IDA),CN Annadurai,TIRUVANNAMALAI,Normal/Others,Providing High mast light at Tiruppathur ITI main road at Tirupathur Municipality,435000.0,435000.0,445468.0,199030.0,148579509.11,Physical Inspection,Completed,1,2024-08-05,2025-07-02,2026-08-14,2026-08-11,331.0,408.0,736.0,102.40643678160919,10468.0,2.4064367816091954,-10468.0,P RAVEENDRAKUMAR,1,445468.0,445468.0,1,1,100.0,1.0,,,2,Delayed Project,22.313643277120953,22,22.19,Low,15.2,expenditure exceeds effective sanctioned amount; project duration is unusually long
WS/MP18109/2024,Madhya Pradesh,SIDHI(DISTRICT COLLECTOR SIDHI_IDA),DR. RAJESH MISHRA,SIDHI,Normal/Others,RAMDIH BUS STAND KE PAS,,259942.0,,1157705.0,262724510.35,Physical Inspection,Completed,1,2024-10-30,,,2026-02-17,,,475.0,,,,,,0,0.0,0.0,0,0,,,,,0,None,36.94643466396883,0,22.17,Low,15.2,No material anomaly signal detected.
WS/MP18199/2024,Uttar Pradesh,AMBEDKAR NAGAR(DISTRICT MAGISTRATE AMBEDKAR NAGAR_IDA),LALJI VERMA,AMBEDKAR NAGAR,Trust and Society,RAM CHARAN RAM AWADH SMARAK INTER COLLEGE BHIKHUPUR AKBARPUR AMBEDKAR NAGAR,500000.0,500000.0,,317532.0,147000000.0,Physical Inspection,Completed,1,2024-09-23,2025-03-22,,2026-03-09,180.0,,532.0,,,,,,0,0.0,0.0,0,0,,,,,0,None,36.8260074527374,0,22.1,Low,15.1,No material anomaly signal detected.
WS/MP431/2026,Haryana,HISAR(DEPUTY COMMISSIONER HISSAR_IDA),Rao Inderjit Singh,GURGAON,Trust and Society,"Completion of 3rd Floor Construction, Yadav Dharmshala, and Installation of Rooftop Solar Power Plant",,1499787.0,,,147000000.0,Sanction,,0,2024-10-23,,,,,,,,,,,,0,0.0,0.0,0,0,,,,,0,None,36.53642435937699,0,21.92,Low,14.9,No material anomaly signal detected.
WS/MP18064/2025,Haryana,KURUKSHETRA(DEPUTY COMMISSIONER KURUKSHETRA_IDA),NAVEEN JINDAL,KURUKSHETRA,Trust and Society,Construction of Boundry wall of Aggarsain Bhawan in Sector 8 Kurukshetra,,1100000.0,1063230.0,262492.0,147000000.0,Time Estimation,Completed,1,2024-11-05,,2026-08-27,2026-03-16,,,496.0,96.65727272727273,-36770.0,-3.3427272727272728,36770.0,The RUDRA CO OP L AND C SOCIETY LTD,1,1063230.0,1063230.0,1,1,100.0,5.0,,,1,None,36.278494549571384,0,21.77,Low,14.7,No material anomaly signal detected.
WS/MP18214/2025,Uttar Pradesh,KANPUR DEHAT(DISTRICT MAGISTRATE KANPUR DEHAT_IDA),JITENDRA KUMAR DOHARE,ETAWAH(SC),Normal/Others,Block Sandalpur Asvi Chaurahe Ke Pass High Mast Light,,268500.0,1037220.0,270000.0,188747306.26,Vendor Identification,Completed,1,2024-10-29,,2026-07-17,2026-02-16,,,475.0,386.30167597765364,768720.0,286.30167597765364,-768720.0,DHRUV SINGH CONTRACTOR AND SUPPLIER,1,1037220.0,1037220.0,1,1,100.0,3.0,,,3,Duplicate Payment,18.934950533500583,26,21.76,Low,14.7,expenditure exceeds effective sanctioned amount; possible repeated work/vendor/amount payment pattern
NA-CONSTRUCTIONOFWATERTANKS,West Bengal,North 24 Parganas(DISTRICT MAGISTRATE NORTH TWENTY FOUR PARGANAS_IDA),SK NURUL ISLAM,BASIRHAT,Normal/Others,Installation of Arsenic Free Water Tank and others development at different places at Gopalpur I G.P under Haroa Block (SLNo. 48 to 50),850000.0,850000.0,,,49000000.0,,,0,2024-09-05,,,,,,,,,,,,0,0.0,0.0,0,0,,,,,0,None,36.20518513275176,0,21.72,Low,14.6,No material anomaly signal detected.
WS/MP577/2026,Gujarat,Dahod(DISTRICT COLLECTOR DOHAD_IDA),Jaswantsinh Sumanbhai Bhabhor,DAHOD(ST),Normal/Others,dhanpur game bor chokadii faliya ma samuhik sinchai kuvanu kam,300000.0,300000.0,,,147000000.0,Sanction,,0,2024-09-20,2026-06-30,,,648.0,,,,,,,,0,0.0,0.0,0,0,,,,,0,None,36.065923639247124,0,21.64,Low,14.5,No material anomaly signal detected.
WS/MP485/2025,West Bengal,South 24 Parganas(DISTRICT MAGISTRATE SOUTH TWENTY FOUR PARGANAS_IDA),Pratima Mondal,JOYNAGAR(SC),Normal/Others,"Installetion of Street Light Shankasahr Melar Math to Belerpar, G.P- Shanksahar",349801.0,349801.0,440458.0,227401.0,147000000.0,Physical Inspection,Completed,1,2024-08-18,2025-05-21,2026-07-07,2026-08-08,276.0,412.0,720.0,125.91673551533586,90657.0,25.916735515335866,-90657.0,Sukanta Enterprise,1,440458.0,440458.0,1,1,100.0,1.0,,,2,Delayed Project,21.202877237381465,22,21.52,Low,14.4,expenditure exceeds effective sanctioned amount; project duration is unusually long
WS/MP632/2026,Kerala,PATHANAMTHITTA(DISTRICT COLLECTOR PATHANAMTHITTA_IDA),Anto Antony,PATHANAMTHITTA,Normal/Others,Providing 8 Meter LED Mini Mast Light at Maruthimoodu Colony in Enadimangalam Grama Panchayat (ST),217800.0,217190.0,,,147000000.0,Sanction,,0,2024-09-24,2026-07-04,,,648.0,,,,,,,,0,0.0,0.0,0,0,,,,,0,None,35.70088395144197,0,21.42,Low,14.3,No material anomaly signal detected.
WS/MP579/2025,Gujarat,ANAND(District Collector ANAND_IDA),Mitesh Rameshbhai Bakabhai Patel,ANAND,Normal/Others,Vidyanagar- Sardar Patel University Sthit Sanskar Balwadi Khate Balako mate Ramat Gamat na Sadhano,,348500.0,2504137.0,249974.0,147000000.0,Physical Inspection,Completed,1,2024-10-09,,2026-08-27,2026-04-09,,,547.0,718.5472022955523,2155637.0,618.5472022955523,-2155637.0,Gram Panchayat Sarol,1,2504137.0,2504137.0,1,1,100.0,10.0,,,2,None,30.344769756243277,8,21.41,Low,14.3,expenditure exceeds effective sanctioned amount
WS/MP485/2024,West Bengal,South 24 Parganas(DISTRICT MAGISTRATE SOUTH TWENTY FOUR PARGANAS_IDA),Pratima Mondal,JOYNAGAR(SC),Normal/Others,Construction of Concrete chatalon the field at the near of Shimultala Jame Masjid Under Kanthalberia,599072.0,1100000.0,434369.0,89953.0,147000000.0,Work Completed,Completed,1,2024-08-27,2025-03-06,2026-07-14,2026-08-10,191.0,495.0,713.0,39.488090909090914,-665631.0,-60.511909090909086,665631.0,TANISA ENTERPRISE,1,434369.0,434369.0,1,1,100.0,1.0,,,1,Delayed Project,26.136742993789884,14,21.28,Low,14.1,project duration is unusually long
WS/MP013/2024,Sikkim,Gangtok(DISTRICT COLLECTOR EAST DISTRICT_IDA),Indra Hang Subba,SIKKIM,Normal/Others,Protective wall at needed locations below Indira Bye pass-Helipad road,3000000.0,5000000.0,,5000000.0,152003923.11,Work Completed,Completed,1,2024-09-27,2025-03-06,,2025-11-06,160.0,,405.0,,,,,,0,0.0,0.0,0,0,,,,,0,None,35.23254313334773,0,21.14,Low,13.9,No material anomaly signal detected.
WS/MP18321/2025,Gujarat,SABAR KANTHA(DISTRICT COLLECTOR SABARKANTHA_IDA),SHOBHANABEN MAHENDRASINH BARAIYA,SABARKANTHA,Normal/Others,Construction to CC road work from National Highway 8 to Modasia Kadwa Patidar Samajni Wadi near Sahakarijin at Himmatnagar.,500000.0,600000.0,2800000.0,500000.0,147000000.0,Physical Inspection,Completed,1,2024-09-25,2025-04-08,2026-08-25,2026-03-13,195.0,504.0,534.0,466.6666666666667,2200000.0,366.66666666666663,-2200000.0,JORAJINA MUVADA GRAM PANCHAYAT,1,2800000.0,2800000.0,1,1,100.0,6.0,,,2,None,29.279786911398993,8,20.77,Low,13.5,expenditure exceeds effective sanctioned amount
WS/MP18232/2024,Uttar Pradesh,MUZAFFARNAGAR(DISTRICT MAGISTRATE MUZAFFARNAGAR_IDA),HARENDRA SINGH MALIK,MUZAFFARNAGAR,Normal/Others,"gram-jabardastpur urf mantori, vikaskhand-khatauli, tehsil-sadar me arvind ke makan se gaushala marg par inter louking work",1488000.0,986000.0,105478.0,421984.0,147000000.0,Work Completed,Completed,1,2024-09-27,2024-12-18,2026-08-20,2026-05-11,82.0,610.0,591.0,10.697565922920893,-880522.0,-89.30243407707911,880522.0,A P DEVELOPERS,1,105478.0,105478.0,1,1,100.0,2.0,,,1,None,34.08749309830971,0,20.45,Low,13.1,No material anomaly signal detected.
NA-CREMATORIUMS/ENERGYEFFICIENTCREMATORIUMSORSTRUCTURESONBURIAL/CREMATIONGROUND,West Bengal,North 24 Parganas(DISTRICT MAGISTRATE NORTH TWENTY FOUR PARGANAS_IDA),SK NURUL ISLAM,BASIRHAT,Normal/Others,Development of Chandipur Samsanghat under Chandipur G.P and Baduria Panchayet Samity (SL. No-36).,500000.0,500000.0,,,49000000.0,,,0,2024-09-05,,,,,,,,,,,,0,0.0,0.0,0,0,,,,,0,None,34.000751073877574,0,20.4,Low,13.0,No material anomaly signal detected.
WS/MP716/2024,Punjab,MANSA(DEPUTY COMMISSIONER MANSA_IDA),Smt Harsimrat Kaur Badal,BHATINDA,Normal/Others,Installing Submersible Motor in Makhan Singh s/o Shankar Singh Street,65000.0,400000.0,150000.0,250000.0,159775982.39,Physical Inspection,Completed,1,2024-09-23,2024-11-22,2026-08-26,2026-02-24,60.0,642.0,519.0,37.5,-250000.0,-62.5,250000.0,National Sports and Games,1,150000.0,150000.0,1,1,100.0,1.0,,,0,None,33.9087571343457,0,20.35,Low,12.9,No material anomaly signal detected.
WS/MP585/2025,Gujarat,Ahmedabad(DISTRICT COLLECTOR AHMADABAD_IDA),Hasmukh Bhai Soma Bhai Patel,AHMEDABAD EAST,Normal/Others,"Development of CDEIC centre ( Smart Class, RO with water purifier, Table, Chair, Benches and other Furniture) at Composite Regional Centre for Skill Development, Rehabilitation and Empowerment of persons with Disabilities (CRC) Ahmedabad under Dept. of persons with Disabilities, Ministry of Social Justice and Empowerment",1000000.0,1000000.0,337854.0,,147000000.0,Physical Inspection,Completed,1,2024-09-26,2025-09-03,2026-07-10,2026-05-12,342.0,310.0,593.0,33.785399999999996,-662146.0,-66.2146,662146.0,Gayatri Engineering Company,1,337854.0,337854.0,1,1,100.0,1.0,,,0,None,33.82799846310987,0,20.3,Low,12.9,No material anomaly signal detected.
WS/MP413/2025,Bihar,GOPALGANJ(DISTRICT PLANNING OFFICER GOPALGANJ_IDA),Alok Kumar Suman,GOPALGANJ (SC),Normal/Others,"Under the Member of Parliament Local Area Development Scheme, an amount of Rs 49 lakh 90 thousand is recommended from my MP fund for the supply and installation of 5 high mast lights (including electricity) in Gopalganj Municipal Council and Barauli Municipal Council of Gopalganj district.",,995000.0,2849175.0,1482052.0,147000000.0,Physical Inspection,Completed,1,2024-10-30,,2026-08-08,2026-04-27,,,544.0,286.3492462311558,1854175.0,186.34924623115577,-1854175.0,PRAMOD KUMAR RAY,1,2849175.0,2849175.0,1,1,100.0,4.0,,,2,None,28.112938087057866,8,20.07,Low,12.6,expenditure exceeds effective sanctioned amount
WS/MP643/2024,Madhya Pradesh,Khandwa (East Nimar)(DISTRICT COLLECTOR EAST NIMAR_IDA),Gyaneshwar Patil,KHANDWA,Normal/Others,supply of books for various schools at khandwa district,100000.0,200000.0,150000.0,250000.0,155690684.77,Vendor Identification,Completed,1,2024-09-07,2025-01-06,2025-06-10,2026-04-07,121.0,155.0,577.0,75.0,-50000.0,-25.0,50000.0,Kamdhenu Agency,1,150000.0,150000.0,1,1,100.0,1.0,,,0,None,33.444579996287516,0,20.07,Low,12.6,No material anomaly signal detected.
WS/MP710/2024,Puducherry,Puducherry(PROJECT DIRECTOR RDA PUDUCHERRY_IDA),Vaithilingam Ve,Puducherry,Normal/Others,"“Raising and Improvements to the Chalakkara Punnol road, Chalakkara, Mahe, Puducherry”",,3000000.0,,139304.0,209368972.11,Physical Inspection,Completed,1,2024-10-08,,,2025-12-04,,,422.0,,,,,,0,0.0,0.0,0,0,,,,,0,None,33.36223791474549,0,20.02,Low,12.5,No material anomaly signal detected.
WS/MP18183/2025,Tamil Nadu,THIRUVARUR(DISTRICT COLLECTOR THIRUVARUR_IDA),MURASOLI S,THANJAVUR,Normal/Others,"Construction of New PDS Building Near Panchayat Council Office in Kannur Annavasal Panchayat ,needamangalam",1329811.0,1329811.0,1376083.0,499105.0,147000000.0,Physical Inspection,Completed,1,2024-09-25,2025-07-30,2026-08-25,2026-05-12,308.0,391.0,594.0,103.47959221272798,46272.0,3.479592212727974,-46272.0,KARTHIK P,1,1376083.0,1376083.0,1,1,100.0,2.0,,,2,None,27.490604600944224,8,19.69,Low,12.1,expenditure exceeds effective sanctioned amount
WS/MP18224/2024,Uttar Pradesh,KANPUR NAGAR(DISTRICT MAGISTRAE KANPUR NAGAR_IDA),RAMESH AWASTHI,KANPUR,Normal/Others,Installation of 26 semi high mast light at 9.5 meter poll (4x200watt) at different places in Kanpur Nagar according to letter attached.,3831541.0,3831541.0,,3831541.0,147000000.0,Physical Inspection,Completed,1,2024-09-17,2024-10-09,,2025-09-12,22.0,,360.0,,,,,,0,0.0,0.0,0,0,,,,,0,None,32.76706000823788,0,19.66,Low,12.1,No material anomaly signal detected.
WS/MP243/2024,West Bengal,North 24 Parganas(DISTRICT MAGISTRATE NORTH TWENTY FOUR PARGANAS_IDA),Kakoli Ghosh Dastidar,BARASAT,Repair and Renovation,Highmast light,412911.0,999911.0,,994791.0,147000000.0,Physical Inspection,Completed,1,2024-09-15,2025-01-08,,2026-02-19,115.0,,522.0,,,,,,0,0.0,0.0,0,0,,,,,0,None,32.73261448886733,0,19.64,Low,12.0,No material anomaly signal detected.
WS/MP691/2024,Maharashtra,JALGAON(DISTRICT COLLECTOR JALGAON_IDA),Smt Raksha Nikhil Khadse,RAVER,Normal/Others,Mauje Bodwad Bodwad District Seating Arrangment at various places for inner city citizens in Jalgaon.,2999928.0,2999928.0,,2974718.0,153112586.11,Physical Inspection,Completed,1,2024-09-09,2024-09-09,,2024-09-11,0.0,,2.0,,,,,,0,0.0,0.0,0,0,,,,,0,None,32.668883562963174,0,19.6,Low,12.0,No material anomaly signal detected.
WS/MP405/2025,Andhra Pradesh,KRISHNA(DISTRICT COLLECTOR KRISHNA_IDA),Balashowry Vallabbhaneni,MACHILIPATNAM,Normal/Others,"Purchase of Real time micro PCR system for cancer van at GGH, Machilipatnam",896000.0,381000.0,967831.0,243215.0,147000000.0,Vendor Identification,Completed,1,2024-09-10,2025-12-11,2026-08-13,2026-03-20,457.0,245.0,556.0,254.0238845144357,586831.0,154.0238845144357,-586831.0,venkateswara rao ganesana,1,967831.0,967831.0,1,1,100.0,2.0,,,2,None,26.679262637409394,8,19.21,Low,11.5,expenditure exceeds effective sanctioned amount
NA-CONSTRUCTIONOFBUILDINGSFORCOMMUNITYCULTURALACTIVITIES,Gujarat,Dahod(DISTRICT COLLECTOR DOHAD_IDA),Jaswantsinh Sumanbhai Bhabhor,DAHOD(ST),Normal/Others,bavka game sarve number 454 ma samajghar nu kam,2500000.0,2500000.0,,,147000000.0,,,0,2024-09-20,,,,,,,,,,,,0,0.0,0.0,0,0,,,,,0,None,31.96045011037724,0,19.18,Low,11.5,No material anomaly signal detected.
WS/MP829/2025,West Bengal,HOWRAH(DISTRICT MAGISTRATE HOWRAH_IDA),Smt Sajda Ahmed,ULUBERIA,Normal/Others,Construction of Cold Chain room at Kamalpur Rural Hospital,1500000.0,1500000.0,996658.0,800000.0,147000000.0,Sanction,Completed,1,2024-09-15,2025-06-24,2026-08-19,2026-08-12,282.0,421.0,696.0,66.44386666666666,-503342.0,-33.556133333333335,503342.0,DILSHAN CONSTRUCTION,1,996658.0,996658.0,1,1,100.0,4.0,,,1,None,31.874768842224416,0,19.12,Low,11.4,No material anomaly signal detected.
WS/MP568/2024,Chhattisgarh,DURG(DISTRICT COLLECTOR DURG_IDA),Vijay Baghel,DURG,Normal/Others,Shed Nirman ewam atirikt kaksh nirman,1000000.0,1000000.0,200000.0,1000000.0,147000000.0,Vendor Identification,Completed,1,2024-08-20,2024-08-23,2025-07-15,2025-11-18,3.0,326.0,455.0,20.0,-800000.0,-80.0,800000.0,SARPACH SACHIV GP PADMI,1,200000.0,200000.0,1,1,100.0,1.0,,,0,None,31.789520070745635,0,19.07,Low,11.3,No material anomaly signal detected.
WS/MP18238/2025,Uttar Pradesh,BALLIA(DISTRICT MAGISTRAE BALLIA_IDA),RAMASHANKAR RAJBHAR,SALEMPUR,Normal/Others,Work of interlocking from Vikas Khand Bansdih village Jitoura Patisa Musa Marg to Chandradeep Verma's house,597361.0,600000.0,1692076.0,693320.0,160056927.07,Work partially Completed,Completed,1,2024-10-02,2025-07-16,2026-08-22,2026-08-15,287.0,402.0,682.0,282.01266666666663,1092076.0,182.01266666666666,-1092076.0,Mhatma budh prathmik vidyalaya Musaila Khurd,1,1692076.0,1692076.0,1,1,100.0,10.0,,,2,None,26.399436771019197,8,19.04,Low,11.3,expenditure exceeds effective sanctioned amount
WS/MP18112/2024,Maharashtra,AMRAVATI(DISTRICT COLLECTOR AMRAVATI_IDA),BALWANT BASWANT WANKHADE,AMRAVATI(SC),Normal/Others,Construction Of Community Hall At Hirur Purna Ta. Chandur Bazar,1441000.0,700000.0,,800000.0,198293678.0,Physical Inspection,Completed,1,2024-09-27,2024-10-14,,2026-01-17,17.0,,477.0,,,,,,0,0.0,0.0,0,0,,,,,0,None,31.02871571114042,0,18.62,Low,10.8,No material anomaly signal detected.
WS/MP18265/2025,Tamil Nadu,CUDDALORE(DISTRICT COLLECTOR CUDDALORE_IDA),M.K. VISHNUPRASAD,CUDDALORE,Normal/Others,"Installation of 9 mts height high mast light Near Poosalikuppam road, Pachai vazhaiamman koil route bus stop.",,450000.0,1899126.0,898954.0,147000000.0,Physical Inspection,Completed,1,2024-11-11,,2026-07-28,2026-01-22,,,437.0,422.02799999999996,1449126.0,322.02799999999996,-1449126.0,TS SEKAR,1,1899126.0,1899126.0,1,1,100.0,1.0,,,1,None,25.204850936768974,8,18.32,Low,10.4,expenditure exceeds effective sanctioned amount
WS/MP526/2025,Andhra Pradesh,Y.S.R. Kadapa(DISTRICT COLLECTOR CUDDAPAH_IDA),Y S Avinash Reddy,KADAPA,Normal/Others,Providing Earthen drain from R&B Road (Railway Bridge) to Kamalapuram tank Marava Channel in Gopulapuram Village & GP of Kamalapuram Mandal,,451000.0,2339754.0,388074.0,156430260.11,Physical Inspection,Completed,1,2024-10-08,,2026-08-18,2025-11-28,,,416.0,518.7924611973392,1888754.0,418.79246119733926,-1888754.0,CHINTHAKUNTA MANIGOPALREDDY,1,2339754.0,2339754.0,1,1,100.0,6.0,,,2,None,24.96195624849854,8,18.18,Low,10.2,expenditure exceeds effective sanctioned amount
NA-DEVELOPMENTOFPUBLICPARKS,West Bengal,Cooch Behar(DISTRICT MAGISTRATE COOCHBEHAR_IDA),JAGADISH CHANDRA BARMA BASUNIA,COOCHBEHAR(SC),Normal/Others,CONSTRUCTION OF BOUNDARY WALL AT PANCHAYAT SAMITI PARK WITHIN SITALKUCHI DEV. BLOCK IN THE DISTRICT OF COOCH BEHAR.,2823486.0,2823486.0,,,168604641.11,,,0,2025-03-07,,,,,,,,,,,,0,0.0,0.0,0,0,,,,,0,None,29.972905605761017,0,17.98,Low,10.0,No material anomaly signal detected.
WS/MP643/2025,Madhya Pradesh,Khandwa (East Nimar)(DISTRICT COLLECTOR EAST NIMAR_IDA),Gyaneshwar Patil,KHANDWA,Normal/Others,chabutra nirman at ward num 17 near pani tanki,,300000.0,1169136.0,700000.0,155690684.77,Vendor Identification,Completed,1,2024-10-09,,2026-08-17,2026-04-17,,,555.0,389.712,869136.0,289.712,-869136.0,gram panchayat bhawsa,1,1169136.0,1169136.0,1,1,100.0,15.0,,,2,None,24.53544975376169,8,17.92,Low,9.9,expenditure exceeds effective sanctioned amount
WS/MP18041/2024,Bihar,PURNIA(DISTRICT PLANNING OFFICER PURNIA_IDA),RAJESH RANJAN ALIAS PAPPU YADAV,PURNEA,Normal/Others,16 miter unchai wale L.E.D. (150*8) high mask light dibra bajar me aek adad adhisthapit karne ki anusansha ki jati hai,850000.0,850000.0,,801197.0,147000000.0,Physical Inspection,Completed,1,2024-09-25,2025-01-18,,2025-07-17,115.0,,295.0,,,,,,0,0.0,0.0,0,0,,,,,0,None,29.417364955970378,0,17.65,Low,9.6,No material anomaly signal detected.
WS/MP18272/2025,West Bengal,Jhargram(DISTRICT MAGISTRATE JHARGRAM_IDA),KALIPADA SAREN,JHARGRAM(ST),Normal/Others,Construction of boundary wall of Murar Ashutosh High School (H.S.),2942147.0,2942147.0,,1148896.0,147000000.0,Physical Inspection,Completed,1,2024-09-25,2025-05-21,,2026-08-18,238.0,,692.0,,,,,,0,0.0,0.0,0,0,,,,,0,None,29.203004022783656,0,17.52,Low,9.4,No material anomaly signal detected.
WS/MP18177/2025,Tamil Nadu,TIRUPPUR(DISTRICT COLLECTOR TIRUPPUR_IDA),K E PRAKASH,ERODE,Normal/Others,Construction of New P.D.Shop at Karunkalivalasu area in Kolathupalayam Town Panchayat - 2024-25,,1700000.0,400000.0,1198753.0,147000000.0,Physical Inspection,Completed,1,2024-10-12,,2026-04-16,2025-12-05,,,419.0,23.52941176470588,-1300000.0,-76.47058823529412,1300000.0,QUALITTY ENTERPRISES,1,400000.0,400000.0,1,1,100.0,1.0,,,0,None,29.002196807096105,0,17.4,Low,9.2,No material anomaly signal detected.
WS/MP582/2026,Gujarat,SURAT(DISTRICT COLLECTOR SURAT_IDA),Prabhubhai Nagarbhai Vasava,BARDOLI(ST),Normal/Others,"Divyang Sejalben Rakeshbhai Mistry (resident of Madhi, Taluka Bardoli, District Surat) the work of electric scooter facility, Taluka Bardoli, District Surat",,75000.0,250000.0,,147000000.0,Sanction,,0,2024-10-23,,2026-08-18,,,,,333.33333333333337,175000.0,233.33333333333334,-175000.0,VELACHHA GRAM PANCHAYAT,1,250000.0,250000.0,1,1,100.0,1.0,,,1,None,23.266594895176123,8,17.16,Low,8.9,expenditure exceeds effective sanctioned amount
WS/MP867/2024,West Bengal,KOLKATA(COMMISSIONER KOLKATA MUNICIPAL CORPORATION_IDA),Sudip Bandyopadhyay,KOLKATA UTTAR,Normal/Others,"CONSTRUCTION OF COMMUNITY HALL AT 55, CHAULPATTY ROAD, IN WARD NO. 33, BR- III",,5000000.0,,499004.0,147000000.0,Vendor Identification,Completed,1,2024-11-09,,,2026-03-24,,,500.0,,,,,,0,0.0,0.0,0,0,,,,,0,None,28.526839465470545,0,17.12,Low,8.9,No material anomaly signal detected.
WS/MP761/2025,Telangana,NIZAMABAD(DISTRICT COLLECTOR NIZAMABAD_IDA),Arvind Dharmapuri,NIZAMABAD,Normal/Others,Construction of Youth Building near Gandhi statue,400000.0,250000.0,,133694.0,281396355.11,Work Completed,Completed,1,2024-09-05,2025-08-30,,2025-12-01,359.0,,452.0,,,,,,0,0.0,0.0,0,0,,,,,0,None,28.520005093289306,0,17.11,Low,8.9,No material anomaly signal detected.
WS/MP18212/2024,Uttar Pradesh,SITAPUR(DISTRICT MAGISTRATE SITAPUR_IDA),ANAND BHADAURIYA,DHAURAHRA,Trust and Society,Yadukul Shiksha Sewa Samiti Gram Haidarpur Post Gurdhapa District Sitapur dwara Sanchalit Shahid Bhagat Singh P.G. College Haidarpur Hargaon Sitapur m room construction,,1000000.0,,856564.0,147000000.0,Work partially Completed,Completed,1,2024-10-11,,,2026-04-25,,,561.0,,,,,,0,0.0,0.0,0,0,,,,,0,None,27.92504852995806,0,16.76,Low,8.5,No material anomaly signal detected.
WS/MP458/2024,Tamil Nadu,Thoothukkudi(DISTRICT COLLECTOR THOOTHUKUDI_IDA),Kanimozhi Karunanidhi,THOOTHUKKUDI,Normal/Others,Construction of Anganwadi centre at Punnakayal Panchayat in Alwarthirunagari Union,,1749114.0,,1749114.0,147000000.0,Physical Inspection,Completed,1,2024-11-02,,,2025-06-30,,,240.0,,,,,,0,0.0,0.0,0,0,,,,,0,None,27.88779571690444,0,16.73,Low,8.4,No material anomaly signal detected.
WS/MP393/2024,Tamil Nadu,SIVAGANGA(DISTRICT COLLECTOR SIVAGANGA_IDA),Shri Karti P Chidambaram,SIVAGANGA,Normal/Others,"Providing in (MPLADS 2021-22) R.O.Plant near Gowri Vinayagar Kovil, Thambipatti, Thirupathur Town Panchayat",350000.0,499714.0,,849864.0,159049284.11,Physical Inspection,Completed,1,2024-10-04,2024-10-09,,2025-01-25,5.0,,113.0,,,,,,0,0.0,0.0,0,0,,,,,0,None,27.612800739632082,0,16.57,Low,8.2,No material anomaly signal detected.
WS/MP673/2026,Maharashtra,Dharashiv(DISTRICT COLLECTOR OSMANABAD_IDA),Omprakash Bhupalsinh Alias Pawan Rajenimbalkar,OSMANABAD,Normal/Others,Development of public parks Lahuji Salve Chowk,,750000.0,1978374.0,,184758519.11,Sanction,,0,2024-10-05,,2026-08-25,,,,,263.7832,1228374.0,163.7832,-1228374.0,CHAIRMAN MAHALAXMI MAJUR SAHKARI SANSTHA LTD WANEWADI TAL BARSHI,1,1978374.0,1978374.0,1,1,100.0,3.0,,,2,None,22.093856231666702,8,16.46,Low,8.1,expenditure exceeds effective sanctioned amount
WS/MP745/2026,Tamil Nadu,TIRUPPUR(DISTRICT COLLECTOR TIRUPPUR_IDA),K Subbarayan,TIRUPPUR,Normal/Others,"Supply of New Borewell at Ward no.11, K.P.S Street,Shastri Street, Tiruppur Corporation.",1000000.0,1000000.0,,,147000000.0,Physical Inspection,,0,2024-09-03,2026-06-23,,,658.0,,,,,,,,0,0.0,0.0,0,0,,,,,0,None,27.254185350676746,0,16.35,Low,7.9,No material anomaly signal detected.
WS/MP423/2025,West Bengal,South 24 Parganas(DISTRICT MAGISTRATE SOUTH TWENTY FOUR PARGANAS_IDA),Shri Abhishek Banerjee,DIAMOND HARBOUR,Normal/Others,Ambulance is required for the Gulzarbagh Nizamnagar surrounding area.,900000.0,900000.0,1143503.0,789685.0,147000000.0,Work partially Completed,Completed,1,2024-09-05,2025-09-25,2026-08-25,2026-01-13,385.0,334.0,495.0,127.05588888888887,243503.0,27.05588888888889,-243503.0,SHREYAN CONSTRUCTION,1,1143503.0,1143503.0,1,1,100.0,2.0,,,2,None,21.560686396009626,8,16.14,Low,7.7,expenditure exceeds effective sanctioned amount
WS/MP18247/2024,West Bengal,BANKURA(DISTRICT MAGISTRATE BANKURA_IDA),ARUP CHAKRABORTY,BANKURA,Normal/Others,"Installation of 14 nos. of solar high mast lights at different places of Khalagram, Harmasra, Taldangra and Panchmura Gram Panchayat area under Taldangra Block, District - Bankura",,4020731.0,,1433240.0,147000000.0,Physical Inspection,Completed,1,2024-10-02,,,2026-08-19,,,686.0,,,,,,0,0.0,0.0,0,0,,,,,0,None,26.65058144220919,0,15.99,Low,7.5,No material anomaly signal detected.
WS/MP429/2025,Chhattisgarh,KORBA(Collector-Korba),Jyotsna Charandas Mahant,KORBA,Normal/Others,Construction of Common Shed for public at Sahu Mohalla near Sai Mandir. Nagar Panchayat - Chhurikala,250000.0,300000.0,569193.0,197532.0,155153738.11,Work partially Completed,Completed,1,2024-09-26,2025-04-29,2026-08-27,2026-08-10,215.0,485.0,683.0,189.731,269193.0,89.73100000000001,-269193.0,GRAM PANCHAYAT BARIUMRAON,1,569193.0,569193.0,1,1,100.0,3.0,,,2,None,21.301760952607648,8,15.98,Low,7.5,expenditure exceeds effective sanctioned amount
WS/MP18272/2024,West Bengal,PURULIA(DISTRICT MAGISTRATE PURULIA_IDA),KALIPADA SAREN,JHARGRAM(ST),Normal/Others,Construction of Boundary wall of Bandwan Mahavidyalaya at Chilla under Bandwan Block.,2988593.0,2988593.0,,574448.0,147000000.0,Physical Inspection,Completed,1,2024-09-25,2025-02-21,,2026-08-06,149.0,,680.0,,,,,,0,0.0,0.0,0,0,,,,,0,None,26.563273248809217,0,15.94,Low,7.4,No material anomaly signal detected.
WS/MP18181/2025,Tamil Nadu,COIMBATORE(DISTRICT COLLECTOR COIMBATORE_IDA),ESWARASAMY K,POLLACHI,Normal/Others,Construction of Passenger Shelter in Reddiyarmadam bus stop at Reddiyarur H/o. S.Nallur Panchayat,,519180.0,781543.0,700000.0,162315106.11,Physical Inspection,Completed,1,2024-11-07,,2026-08-27,2025-12-03,,,391.0,150.5341114834932,262363.0,50.534111483493206,-262363.0,BRINDHA,1,781543.0,781543.0,1,1,100.0,1.0,,,1,None,21.125507014743462,8,15.88,Low,7.4,expenditure exceeds effective sanctioned amount
NA-INSTALLINGCOMMUNITYDRINKINGWATERPLANTS,West Bengal,North 24 Parganas(DISTRICT MAGISTRATE NORTH TWENTY FOUR PARGANAS_IDA),Kakoli Ghosh Dastidar,BARASAT,Normal/Others,Arsenic free drinking water,150000.0,150000.0,,,147000000.0,,,0,2024-09-15,,,,,,,,,,,,0,0.0,0.0,0,0,,,,,0,None,25.854182428543794,0,15.51,Low,6.9,No material anomaly signal detected.
WS/MP18001/2024,Andhra Pradesh,Dr. B.R. Ambedkar Konaseema(DISTRICT COLLECTOR Dr B R AMBEDKAR KONASEEMA_IDA),GM Harish Balayogi,AMALAPURAM(SC),Normal/Others,Construction of OC Community hall at Machara,3507771.0,3507771.0,,11586983.0,147000000.0,Physical Inspection,Completed,1,2024-09-04,2024-11-27,,2026-01-06,84.0,,489.0,,,,,,0,0.0,0.0,0,0,,,,,0,None,25.823035566710907,0,15.49,Low,6.9,No material anomaly signal detected.
WS/MP758/2025,Tamil Nadu,KARUR(DISTRICT COLLECTOR KARUR_IDA),Smt S Jothimani,KARUR,Normal/Others,"Purchase of ECG - (12 Channel), Neonatal Warmer and Crash Cart Equipments for the Government Hospital,Manmangalam,Karur",,137500.0,199966.0,1497456.0,147000000.0,Physical Inspection,Completed,1,2024-10-22,,2026-03-18,2026-03-30,,,524.0,145.42981818181818,62466.0,45.429818181818185,-62466.0,RAMESH,1,199966.0,199966.0,1,1,100.0,1.0,,,1,None,20.410256245641875,8,15.45,Low,6.8,expenditure exceeds effective sanctioned amount
WS/MP858/2024,West Bengal,BIRBHUM(DISTRICT MAGISTRATE BIRBHUM_IDA),Asit Kumar Mal,BOLPUR(SC),Normal/Others,"Installation 4 no highmast light at PAPURI,KHALA AND CHARKALGRAM, Executing Agency will be EO NANOOR PANCHAYAT SAMITY.",1157828.0,997453.0,,998477.0,275694456.74,Physical Inspection,Completed,1,2024-09-27,2024-12-12,,2026-08-21,76.0,,693.0,,,,,,0,0.0,0.0,0,0,,,,,0,None,25.61449093037151,0,15.37,Low,6.7,No material anomaly signal detected.
WS/MP18236/2024,Uttar Pradesh,SONBHADRA(DISTRICT MAGISTRATE SONBHADRA_IDA),CHHOTELAL,ROBERTSGANJ(SC),Normal/Others,"Construction of a room in Rana Pratap Small Secondary School Lohara Sukrit Sonbhadra, Block Karma",700000.0,176999.0,182650.0,700000.0,147000000.0,Physical Inspection,Completed,1,2024-09-10,2025-03-20,2026-03-23,2026-03-13,191.0,368.0,549.0,103.1926734049345,5651.0,3.192673404934491,-5651.0,ANSH BUILDING MATERIAL,1,182650.0,182650.0,1,1,100.0,2.0,,,2,None,20.244330083182188,8,15.35,Low,6.7,expenditure exceeds effective sanctioned amount
WS/MP18152/2025,Punjab,MOGA(Deputy Commissioner Moga),SARABJEET SINGH KHALSA,FARIDKOT(SC),Normal/Others,Construction of Gym Room and Installation of Fixed multi-gym equipment,800000.0,200000.0,390894.0,90000.0,150850348.15,Physical Inspection,Completed,1,2024-09-16,2025-04-02,2026-08-25,2026-03-11,198.0,510.0,541.0,195.447,190894.0,95.447,-190894.0,Ms AMRIT LAL B K O,1,390894.0,390894.0,1,1,100.0,5.0,,,2,None,20.256846533402342,8,15.35,Low,6.7,expenditure exceeds effective sanctioned amount
WS/MP18065/2024,Haryana,JHAJJAR(DEPUTY COMMISSIONER cum NODAL OFFICER MPLADS JHAJJAR),DEEPENDER SINGH HOODA,ROHTAK,Normal/Others,Const./Comp. of Ambedkar Bhawan,1097821.0,1100000.0,,1100000.0,147000000.0,Work Completed,Completed,1,2024-08-16,2024-12-31,,2026-07-22,137.0,,705.0,,,,,,0,0.0,0.0,0,0,,,,,1,Delayed Project,15.949324551701869,14,15.17,Low,6.5,project duration is unusually long
WS/MP18188/2025,Telangana,VIKARABAD(DISTRICT COLLECTOR VIKARABAD_2),KONDA VISHWESHWAR REDDY,CHELVELLA,Normal/Others,Construction of Underground Drainage from Mulamada Yellareddy House to Ganapuram Ananthareddy House in Pendlimadugu Village of Vikarabad Mandal,,498483.0,1237552.0,106012.0,233721420.96,Physical Inspection,Completed,1,2024-11-08,,2026-08-01,2025-12-02,,,389.0,248.2636318590604,739069.0,148.2636318590604,-739069.0,SRI TIRUMALA ELEVATORS AND ENTERPRISES,1,1237552.0,1237552.0,1,1,100.0,4.0,,,2,None,19.90287322853482,8,15.14,Low,6.4,expenditure exceeds effective sanctioned amount
"NA-PURCHASEOFAMBULANCES(FOUR,THREEANDTWOWHEELERS)",West Bengal,North 24 Parganas(DISTRICT MAGISTRATE NORTH TWENTY FOUR PARGANAS_IDA),Kakoli Ghosh Dastidar,BARASAT,Normal/Others,Ambulance,1440000.0,1440000.0,,,147000000.0,,,0,2024-09-15,,,,,,,,,,,,0,0.0,0.0,0,0,,,,,0,None,25.16596597108165,0,15.1,Low,6.4,No material anomaly signal detected.
WS/MP18328/2024,Himachal Pradesh,KULLU(DEPUTY COMMISSIONER KULLU_IDA),Kangana Ranaut,MANDI,Normal/Others,"Construction of Asha Mahila Mandal Bhawan Shadabai in GP Mashgan, Development block Bhunter.",300000.0,400000.0,,1500000.0,147000000.0,Vendor Identification,Completed,1,2024-09-28,2025-02-01,,2026-08-18,126.0,,689.0,,,,,,0,0.0,0.0,0,0,,,,,0,None,25.10037919157984,0,15.06,Low,6.3,No material anomaly signal detected.
WS/MP443/2025,Madhya Pradesh,RAJGARH(DISTRICT COLLECTOR RAJGARH_IDA),Rodmal Nagar,RAJGARH,Normal/Others,"open gym material (ped deck, rover, air swing swing, leg press, surf board, cross trainer, parralel bar)",387988.0,100000.0,,474678.0,147000000.0,Vendor Identification,Completed,1,2024-09-23,2025-04-21,,2026-04-24,210.0,,578.0,,,,,,0,0.0,0.0,0,0,,,,,0,None,25.0782356989362,0,15.05,Low,6.3,No material anomaly signal detected.
WS/MP598/2025,Himachal Pradesh,SOLAN(DEPUTY COMMISSIONER SOLAN_IDA),Suresh Kumar Kashyap,SHIMLA (SC),Normal/Others,C/o Community Mahila Mandal Bhawan Shamror GP Shamror Executive Agency BDO Solan,,250000.0,800000.0,400000.0,153563957.11,Vendor Identification,Completed,1,2024-10-07,,2026-07-28,2026-08-05,,,667.0,320.0,550000.0,220.00000000000003,-550000.0,Block Development officer Nahan,1,800000.0,800000.0,1,1,100.0,4.0,,,2,None,19.665704796246246,8,15.0,Low,6.2,expenditure exceeds effective sanctioned amount
WS/MP644/2024,Madhya Pradesh,REWA(DISTRICT COLLECTOR REWA_IDA),Janardan Mishra,REWA,Normal/Others,Solar Street Lights,,3663450.0,,1125327.0,147000000.0,Vendor Identification,Completed,1,2024-11-06,,,2025-04-25,,,170.0,,,,,,0,0.0,0.0,0,0,,,,,0,None,24.91289949795126,0,14.95,Low,6.2,No material anomaly signal detected.
WS/MP18048/2025,Chhattisgarh,BASTAR(DISTRICT COLLECTOR BASTAR_IDA),MAHESH KASHYAP,BASTAR(ST),Normal/Others,post matric boys hostel dharampura jagdalpur me sanskritik bhavan nirman karya,,478916.0,1762138.0,537823.0,147000000.0,Physical Inspection,Completed,1,2024-10-17,,2026-07-16,2026-08-05,,,657.0,367.94302132315477,1283222.0,267.94302132315477,-1283222.0,sarpanchgram panchayat gadiya,1,1762138.0,1762138.0,1,1,100.0,5.0,,,2,None,19.426255477500547,8,14.86,Low,6.1,expenditure exceeds effective sanctioned amount
WS/MP18314/2024,Punjab,BARNALA(DEPUTY COMMISSIONER BARNALA_IDA),GURMEET SINGH MEET HAYER,SANGRUR,Normal/Others,"Construction of toilets in G.S.S.S (Smart) Handaiya W.no 9, NP Handaiya",300000.0,300000.0,,142700.0,147000000.0,Physical Inspection,Completed,1,2024-09-25,2024-11-29,,2026-03-18,65.0,,539.0,,,,,,0,0.0,0.0,0,0,,,1.0,7500000.0,0,None,24.613572737873568,0,14.77,Low,6.0,No material anomaly signal detected.
WS/MP18031/2025,Bihar,GAYA(DISTRICT PLANNING OFFICER GAYA_IDA),ABHAY KUMAR SINHA,AURANGABAD_BR,Normal/Others,purchase of books for school library. sanction of five lacs of each school,498748.0,498748.0,1411786.0,989474.0,147000000.0,Physical Inspection,Completed,1,2024-09-25,2025-04-04,2026-08-24,2026-01-14,191.0,507.0,476.0,283.0659972571318,913038.0,183.06599725713187,-913038.0,ASSISTANT ENGINEER BELAGANJ,1,1411786.0,1411786.0,1,1,100.0,2.0,,,2,None,19.268296949772974,8,14.76,Low,5.9,expenditure exceeds effective sanctioned amount
WS/MP18173/2025,Tamil Nadu,TIRUVANNAMALAI(DISTRICT COLLECTOR TIRUVANNAMALAI_IDA),THARANIVENTHAN M S,ARANI,Normal/Others,Construction of Bus Shelter in ST Kudieruppu at Desur Municipality,500000.0,500000.0,,300000.0,168337124.35,Physical Inspection,Completed,1,2024-09-05,2026-01-30,,2026-08-19,512.0,,713.0,,,,,,0,0.0,0.0,0,0,,,,,1,Delayed Project,15.137144070191166,14,14.68,Low,5.9,project duration is unusually long
WS/MP18346/2024,Uttar Pradesh,RAE BARELI(DISTRICT MAGISTRATE RAE BARELI_IDA),RAHUL GANDHI,RAE BARELI,Normal/Others,"Construction of a classroom at Veerangana Jhalkari Bhai Shiksha Niketan, Pure Sukai, Maharajganj, Rae Bareli on the request of Shri Kamlesh Kumar, Manager, Mob-9415344376",500000.0,500000.0,331291.0,19199.0,147000000.0,Sanction,Completed,1,2024-09-22,2025-01-28,2026-01-23,2025-12-22,128.0,360.0,456.0,66.2582,-168709.0,-33.7418,168709.0,Exajoule PVT LTD,1,331291.0,331291.0,1,1,100.0,10.0,,,1,None,24.11064400479714,0,14.47,Low,5.6,No material anomaly signal detected.
WS/MP18263/2025,Karnataka,UDUPI(DEPUTY COMMISSIONER UDUPI_IDA),KOTA SRINIVAS POOJARY,UDUPI CHIKMAGALUR,Normal/Others,"Udupi District, brahmavara taluk, haradi grama panchayath, Bikadi village, ration distribute centre front road development work",,400000.0,774468.0,500000.0,147000000.0,Work Completed,Completed,1,2024-10-29,,2026-08-24,2026-08-19,,,659.0,193.617,374468.0,93.61699999999999,-374468.0,KRIDL BHUSIRI ACCOUNT WORKS,1,774468.0,774468.0,1,1,100.0,3.0,,,2,None,18.69541483270649,8,14.42,Low,5.5,expenditure exceeds effective sanctioned amount
WS/MP18390/2026,Uttar Pradesh,GHAZIPUR(DISTRICT MAGISTRAE GHAZIPUR_IDA),AFZAL ANSARI,GHAZIPUR,Normal/Others,Construction of CC Road: Kshetr Panchayat - Saidpur Gram Panchayat - Fardiha From Ram Saran's residence to Ramjeet's Residence 100 Mtr x 2.40 Mtr x 10 cm Development Agency - Kshetr Panchayat,,400000.0,599279.0,,220500000.0,Work partially Completed,,1,2024-10-21,,2026-08-24,,,,,149.81975,199279.0,49.81975,-199279.0,BDO Saidpur,1,599279.0,599279.0,1,1,100.0,2.0,,,2,None,18.37089319903878,8,14.22,Low,5.3,expenditure exceeds effective sanctioned amount
WS/MP18133/2025,Maharashtra,SATARA(DISTRICT COLLECTOR SATARA_IDA),SHRIMANT CHH UDAYANRAJE PRATAPSINHAMAHARAJ BHONSLE,SATARA,Normal/Others,Construction of Community hall at Ramoshi Vasti at Kamathi,,700000.0,2106470.0,,147000000.0,Sanction,,0,2025-01-02,,2026-08-25,,,,,300.9242857142857,1406470.0,200.9242857142857,-1406470.0,Namdev Avinash Nazare,1,2106470.0,2106470.0,1,1,100.0,3.0,,,2,None,18.231115771284177,8,14.14,Low,5.2,expenditure exceeds effective sanctioned amount
WS/MP18257/2024,West Bengal,Purba Medinipur(DISTRICT MAGISTRATE PURBA MEDINIPUR_IDA),ABHIJIT GANGOPADHYAY,TAMLUK,Normal/Others,"Repairing and upgradation works of the existing school building of Satkalua Primary School, Mouza-Satkalua, Plot No. 247, J.L. No. 96, Pipulberia, Tamluk, Purba Medinipur",797917.0,100000.0,,249733.0,147000000.0,Physical Inspection,Completed,1,2024-09-24,2024-11-22,,2026-08-05,59.0,,680.0,,,,,,0,0.0,0.0,0,0,,,,,0,None,23.230088201805604,0,13.94,Low,4.9,No material anomaly signal detected.
WS/MP826/2026,West Bengal,DARJEELING(DISTRICT MAGISTRATE DARJEELING_IDA),Raju Bista,DARJEELING,Normal/Others,Installation of Solar Light at Peshok Tea Garden Ward No VIII Lamahatta GP,500000.0,500000.0,,,147000000.0,Sanction,,0,2024-08-16,2026-07-27,,,710.0,,,,,,,,0,0.0,0.0,0,0,,,,,0,None,23.148057140096675,0,13.89,Low,4.9,No material anomaly signal detected.
WS/MP18193/2024,Telangana,MEDCHAL MALKAJGIRI(DISTRICT COLLECTOR MEDCHAL MALKAJGIRI_IDA),EATALA RAJENDER,MALKAJGIRI,Normal/Others,Construction of Compound/Protection Wall to proposed Community Hall and Park at Sathya Nagar Citizens Welfare Association in Sy No. 1091 & 1092.,1500000.0,800000.0,,1410393.0,327477390.86,Sanction,Completed,1,2024-09-29,2025-03-12,,2025-08-13,164.0,,318.0,,,,,,0,0.0,0.0,0,0,,,,,0,None,23.12835848548992,0,13.88,Low,4.9,No material anomaly signal detected.
WS/MP812/2025,Uttar Pradesh,Kushinagar(DISTRICT MAGISTRATE KUSHINAGAR PADRAUNA_IDA),Vijay Kumar Dubey,KUSHI NAGAR,Normal/Others,SOHSA CHAURAHE PAR HIGH MAST KI STHAPANA,236234.0,848279.0,,236316.0,148900000.0,Physical Inspection,Completed,1,2024-08-17,2025-07-24,,2026-07-28,341.0,,710.0,,,,,,0,0.0,0.0,0,0,,,,,1,Delayed Project,13.69307300911005,14,13.82,Low,4.8,project duration is unusually long
NA-PURCHASEBOOKSFORLIBRARY,Kerala,KOTTAYAM(DISTRICT COLLECTOR KOTTAYAM_IDA),Anto Antony,PATHANAMTHITTA,Bar and Associations,"Providing Library Books to Bar Association, Kanjirappally in Chirakkadavu Grama Panchayat.",50000.0,50000.0,,,147000000.0,,,0,2024-09-20,,,,,,,,,,,,0,0.0,0.0,0,0,,,,,0,None,22.964750466987162,0,13.78,Low,4.7,No material anomaly signal detected.
WS/MP18021/2025,Assam,GOALPARA(Deputy Commissioner Goalpara_IDA),RAKIBUL HUSSAIN,DHUBRI,Normal/Others,Construction of Community Hall at Krishnai Weekly Market,500000.0,500000.0,221607.0,250000.0,147000000.0,Vendor Identification,Completed,1,2024-09-24,2025-07-22,2026-08-24,2025-12-01,301.0,398.0,433.0,44.3214,-278393.0,-55.6786,278393.0,BHAI BHAI ENTERPRAIGE,1,221607.0,221607.0,1,1,100.0,1.0,,,0,None,22.846093176237794,0,13.71,Low,4.6,No material anomaly signal detected.
WS/MP18253/2025,West Bengal,South 24 Parganas(DISTRICT MAGISTRATE SOUTH TWENTY FOUR PARGANAS_IDA),BAPI HALDAR,MATHURAPUR(SC),Normal/Others,CONSTRUCTIONOF CONCRETE ROAD FROM JHAPBERIYA SIKIRPARA TO ASHOKSARDAR HOUSE,349380.0,349380.0,497927.0,299621.0,147000000.0,Work Completed,Completed,1,2024-09-08,2025-06-24,2026-08-27,2025-12-05,289.0,429.0,453.0,142.517316389032,148547.0,42.517316389032004,-148547.0,BASANTACON,1,497927.0,497927.0,1,1,100.0,1.0,,,1,None,17.295432200387275,8,13.58,Low,4.5,expenditure exceeds effective sanctioned amount
WS/MP18175/2025,Tamil Nadu,DHARMAPURI(DISTRICT COLLECTOR DHARMAPURI_IDA),MANI. A.,DHARAMAPURI,Normal/Others,Construction of Panchayat office building at Bandahalli panchyat Bandahalli village.(Fund MGNREGS AND MP Fund),,1000000.0,1498703.0,348357.0,164515071.11,Physical Inspection,Completed,1,2024-10-26,,2026-08-12,2025-11-03,,,373.0,149.8703,498703.0,49.8703,-498703.0,SVB Builders,1,1498703.0,1498703.0,1,1,100.0,2.0,,,2,None,16.968908502700554,8,13.38,Low,4.2,expenditure exceeds effective sanctioned amount
WS/MP18181/2024,Tamil Nadu,COIMBATORE(DISTRICT COLLECTOR COIMBATORE_IDA),ESWARASAMY K,POLLACHI,Normal/Others,"Construction of Passenger Shelter in Emmegoundanpalayam Village, near Rasukutti thottam, Chettikapalayam Panchayat.",,500000.0,,1000000.0,162315106.11,Work Completed,Completed,1,2024-11-07,,,2025-03-28,,,141.0,,,,,,0,0.0,0.0,0,0,,,,,0,None,22.085329770865627,0,13.25,Low,4.1,No material anomaly signal detected.
WS/MP18228/2024,Uttar Pradesh,JAUNPUR(DISTRICT MAGISTRATE JAUNPUR_IDA),PRIYA SAROJ,MACHHLISHAHR(SC),Normal/Others,GRAM PANCHAYAT LAHANGPUR (ATAHANU) BLOCK JALALPUR ME PREM PRAKASH K GHAR SE BAHADUR RAJBHAR K GHAR HOTE HUYE VARANASI BORDER TAK SOLING K UPPER C C ROAD 780 METTERS,3646225.0,41792.0,,41792.0,147000000.0,Physical Inspection,Completed,1,2024-09-09,2024-10-01,,2026-02-04,22.0,,513.0,,,,,,0,0.0,0.0,0,0,,,,,0,None,22.00231603927284,0,13.2,Low,4.0,No material anomaly signal detected.
WS/MP18138/2025,Mizoram,"LUNGLEI(Deputy Commissioner, Lunglei)",RICHARD VANLALHMANGAIHA,MIZORAM (ST),Normal/Others,PCC pavement of Internal Road at Rangte(Main Road to RMSA High School: 50 mtres),,250000.0,490000.0,1500000.0,147000000.0,Physical Inspection,Completed,1,2024-10-20,,2026-08-13,2026-08-04,,,653.0,196.0,240000.0,96.0,-240000.0,MUP Vaivakawn,1,490000.0,490000.0,1,1,100.0,1.0,,,1,None,16.594718914529274,8,13.16,Low,3.9,expenditure exceeds effective sanctioned amount
WS/MP823/2024,West Bengal,NADIA(DISTRICT MAGISTRATE NADIA_IDA),Ms Mahua Moitra,KRISHNANAGAR,Normal/Others,"Construction of Car shed for Hospital staff under Natidanga-I GP, under Karimpur-II Block.",99160.0,1938436.0,,518968.0,159865046.0,Physical Inspection,Completed,1,2024-09-08,2024-12-16,,2026-07-31,99.0,,691.0,,,,,,0,0.0,0.0,0,0,,,,,0,None,21.859505547755898,0,13.12,Low,3.9,No material anomaly signal detected.
WS/MP18394/2025,Tamil Nadu,SALEM(DISTRICT COLLECTOR SALEM_IDA),V S Matheswaran,NAMAKKAL,Normal/Others,Providing High mass Light at near thevur mal bustop (12 mts Ladder - 200 Watts - 6 nos),,350000.0,649675.0,1052845.0,162539930.11,Physical Inspection,Completed,1,2024-11-07,,2026-08-18,2026-08-25,,,656.0,185.6214285714286,299675.0,85.62142857142857,-299675.0,P Prakash,1,649675.0,649675.0,1,1,100.0,1.0,,,1,None,16.537920758504356,8,13.12,Low,3.9,expenditure exceeds effective sanctioned amount
WS/MP524/2024,Andhra Pradesh,Annamayya(DISTRICT COLLECTOR ANNAMAYYA_IDA),Midhun Reddy,RAJAMPET,Normal/Others,Laying of Internal CC Road from Syed Khan House to Burial Ground in Bhagampalli (V&G.P),,500000.0,981744.0,1499346.0,178951477.11,Sanction,Completed,1,2024-11-14,,2026-07-28,2026-01-17,,,429.0,196.34879999999998,481744.0,96.3488,-481744.0,VLWC President Thimmasamudram,1,981744.0,981744.0,1,1,100.0,2.0,,,2,None,16.524171504248052,8,13.11,Low,3.9,expenditure exceeds effective sanctioned amount
WS/MP381/2024,Punjab,AMRITSAR(DEPUTY COMMISSIONER AMRITSAR_IDA),Shri Gurjeet Singh Aujla,AMRITSAR,Normal/Others,CONSTRUCTION OF SHED/ROOFING INTERLOCKING TILES,,700000.0,,200000.0,147000000.0,Physical Inspection,Completed,1,2024-10-14,,,2026-03-06,,,508.0,,,,,,0,0.0,0.0,0,0,,,1.0,7067400.0,0,None,21.479393106577554,0,12.89,Low,3.6,No material anomaly signal detected.
WS/MP18182/2024,Tamil Nadu,TENKASI(DISTRICT COLLECTOR TENKASI_IDA),DR RANI SRI KUMAR,TENKASI(SC),Normal/Others,Construction of protective wall in Right side weir of Pattakulam in Sernthamangalam Village of Melaneelithanallur Union.,2482079.0,2482079.0,,1195834.0,153060922.82,Physical Inspection,Completed,1,2024-07-29,2024-10-10,,2025-03-06,73.0,,220.0,,,,,,0,0.0,0.0,0,0,,,,,0,None,21.2927540131263,0,12.78,Low,3.5,No material anomaly signal detected.
WS/MP499/2025,West Bengal,BIRBHUM(DISTRICT MAGISTRATE BIRBHUM_IDA),Smt Satabdi Roy (Banerjee),BIRBHUM,Normal/Others,"Construction of P.C.C road at Vill- karamchi, Jahangir sk house to Mirajul house, Dag - 80- 81,J.L -147, G.P -Kushmor - II, Murarai - II,",474443.0,474443.0,249653.0,897870.0,147000000.0,Physical Inspection,Completed,1,2024-10-01,2025-05-13,2026-07-22,2026-08-21,224.0,435.0,689.0,52.62023045971803,-224790.0,-47.37976954028198,224790.0,ALAUL ISLAM,1,249653.0,249653.0,1,1,100.0,1.0,,,0,None,21.276398272951695,0,12.77,Low,3.5,No material anomaly signal detected.
WS/MP18011/2025,Andhra Pradesh,KURNOOL(DISTRICT COLLECTOR KURNOOL_IDA),BASTIPATI NAGARAJU PANCHALINGALA,KURNOOL,Normal/Others,"Construction of Community Hall in Putchakayalamada (V), Pattikonda (M), Kurnool Dt. Under MPLADS funds, 2024-25",2998485.0,2998485.0,,199939.0,159998515.11,Physical Inspection,Completed,1,2024-09-29,2025-04-28,,2026-01-27,211.0,,485.0,,,,,,0,0.0,0.0,0,0,,,,,0,None,20.964124503550227,0,12.58,Low,3.2,No material anomaly signal detected.
WS/MP18245/2025,West Bengal,HOOGHLY(DISTRICT MAGISTRATE HOOGHLY_IDA),BAG MITALI,ARAMBAG(SC),Normal/Others,CONSTRUCTION OF CYCLE STAND WITHIN SAORA UNION HIGH SCHOOL(H.S) AT KUMURSHA GP UNDER GOGHAT-I DEV. BLOCK,,500000.0,1358026.0,294420.0,147000000.0,Vendor Identification,Completed,1,2024-10-29,,2026-08-21,2026-08-24,,,664.0,271.60519999999997,858026.0,171.6052,-858026.0,SN ENTERPRISE,1,1358026.0,1358026.0,1,1,100.0,3.0,,,2,None,15.625649644472922,8,12.58,Low,3.2,expenditure exceeds effective sanctioned amount
WS/MP638/2025,Madhya Pradesh,TIKAMGARH(DISTRICT COLLECTOR TIKAMGARH_IDA),Virendra Kumar,TIKAMGARH(SC),Normal/Others,Paragarh Talaiya ke Ghaat Par Shed Nirman,,249039.0,103817.0,598599.0,147000000.0,Physical Inspection,Completed,1,2024-11-14,,2026-07-25,2026-04-30,,,532.0,41.68704500098378,-145222.0,-58.31295499901622,145222.0,gram panchayat sijora,1,103817.0,103817.0,1,1,100.0,1.0,,,0,None,20.88586958612434,0,12.53,Low,3.2,No material anomaly signal detected.
WS/MP859/2025,West Bengal,HOOGHLY(DISTRICT MAGISTRATE HOOGHLY_IDA),Kalyan Banerjee,SREERAMPUR,Normal/Others,"PURCHASE ONE HEARSE VAN, AT DANKUNI MUNICIPALITY, DIST. – HOOGHLY.",,1025000.0,450683.0,797343.0,147000000.0,Sanction,Completed,1,2024-11-06,,2026-08-07,2026-08-06,,,638.0,43.96907317073171,-574317.0,-56.03092682926829,574317.0,PRABIR KUMAR RAKSHIT,1,450683.0,450683.0,1,1,100.0,1.0,,,0,None,20.60179542022278,0,12.36,Low,3.0,No material anomaly signal detected.
WS/MP444/2025,Madhya Pradesh,Khandwa (East Nimar)(DISTRICT COLLECTOR EAST NIMAR_IDA),Durga Das Uikey,BETUL(ST),Normal/Others,L.No. 181 Betul Dt. 07.10.2024 Gram Panchayat Awaliya ke Gram Awaliya me Water Tenkar,,190546.0,75000.0,259942.0,151569502.91,Physical Inspection,Completed,1,2024-10-14,,2026-08-20,2026-03-10,,,512.0,39.36057434950091,-115546.0,-60.63942565049909,115546.0,YADAV TRADERS,1,75000.0,75000.0,1,1,100.0,1.0,,,0,None,20.549930417203658,0,12.33,Low,2.9,No material anomaly signal detected.
WS/MP747/2025,Tamil Nadu,VIRUDHUNAGAR(DISTRICT COLLECTOR VIRUDHUNAGAR_IDA),Manickam Tagore B,VIRUDHUNAGAR,Normal/Others,Installation of Highmass Light (LED) in Anbinnagaram village at Kangarakkottai Panchayat,800000.0,749124.0,744259.0,2499149.0,147000000.0,Physical Inspection,Completed,1,2024-09-25,2025-04-01,2026-08-24,2026-01-23,188.0,510.0,485.0,99.35057480470523,-4865.0,-0.6494251952947709,4865.0,VEEKAY INDUSTRIES,1,744259.0,744259.0,1,1,100.0,1.0,,,0,None,20.43651946034659,0,12.26,Low,2.8,No material anomaly signal detected.
WS/MP18313/2024,Rajasthan,DUNGARPUR(DISTRICT COLLECTOR DUNGARPUR_IDA),RAJ KUMAR ROAT,BANSWARA(ST),Normal/Others,GSSS Rastapal mein Library nirman kary,2000000.0,300000.0,,978862.0,147000000.0,Work partially Completed,Completed,1,2024-09-26,2024-12-17,,2026-08-27,82.0,,700.0,,,,,,0,0.0,0.0,0,0,,,,,1,Delayed Project,10.965158753109662,14,12.18,Low,2.7,project duration is unusually long
WS/MP18335/2025,Chhattisgarh,RAIGARH(DISTRICT COLLECTOR RAIGARH_IDA),RADHE SHYAM RATHIYA,RAIGARH(ST),Normal/Others,Construction of community hall on the existing Community buiding,,1000000.0,1304437.0,303640.0,159706972.09,Work partially Completed,Completed,1,2024-11-05,,2026-08-25,2026-04-17,,,528.0,130.4437,304437.0,30.4437,-304437.0,OJASH CONSTRUCTION,1,1304437.0,1304437.0,1,1,100.0,3.0,,,2,None,14.85400464962478,8,12.11,Low,2.6,expenditure exceeds effective sanctioned amount
WS/MP18323/2025,Maharashtra,LATUR(DISTRICT COLLECTOR LATUR_IDA),DR KALGE SHIVAJI BANDAPPA,LATUR(SC),Normal/Others,"Construction of Public Gutter /Drainage at Karimnagar,Maharanapratap Nagar,Taluka Latur",995696.0,797573.0,,988936.0,147000000.0,Work Completed,Completed,1,2024-09-27,2026-02-03,,2025-11-14,494.0,,413.0,,,,,,0,0.0,0.0,0,0,,,,,0,None,20.15332018524157,0,12.09,Low,2.6,No material anomaly signal detected.
WS/MP413/2024,Bihar,GOPALGANJ(DISTRICT PLANNING OFFICER GOPALGANJ_IDA),Alok Kumar Suman,GOPALGANJ (SC),Normal/Others,"Under the Member of Parliament Local Area Development Scheme, the boundary wall cum PCC of the District Planning Office located in the District Collectorate premises is being constructed from my MP Fund. An amount of up to ten lakh fifty thousand rupees is recommended for the construction work.",1032374.0,1032374.0,,1032374.0,147000000.0,Physical Inspection,Completed,1,2024-09-11,2024-10-01,,2025-03-25,20.0,,195.0,,,,,,0,0.0,0.0,0,0,,,,,0,None,20.10273810359971,0,12.06,Low,2.6,No material anomaly signal detected.
WS/MP384/2024,Rajasthan,NAGAUR(DISTRICT COLLECTOR NAGAUR_IDA),Shri Arjun Ram Meghwal,BIKANER(SC),Normal/Others,"Sarwjanik Samudayik Bhawan Nirman Karya,Megh Aashram, Katariyon ki Dhani, Akhasar Working Agency : Gram Panchayat Tantwas",,600000.0,999841.0,1495786.0,147000000.0,Work partially Completed,Completed,1,2024-10-04,,2026-08-25,2026-08-09,,,674.0,166.64016666666666,399841.0,66.64016666666667,-399841.0,NARBADA CONSTRUCTION COMPANY,1,999841.0,999841.0,1,1,100.0,1.0,,,1,None,14.745281874533573,8,12.05,Low,2.6,expenditure exceeds effective sanctioned amount
NA-CONSTRUCTIONOFPUBLICIRRIGATIONFACILITIES,Gujarat,Dahod(DISTRICT COLLECTOR DOHAD_IDA),Jaswantsinh Sumanbhai Bhabhor,DAHOD(ST),Normal/Others,nagvav game patel faliya ma samuhik kuva nu kam,300000.0,300000.0,,,147000000.0,,,0,2024-09-20,,,,,,,,,,,,0,0.0,0.0,0,0,,,,,0,None,20.07181807751685,0,12.04,Low,2.5,No material anomaly signal detected.
WS/MP410/2025,Assam,DHEMAJI(DEPUTY COMMISSIONER DHEMAJI_IDA),Pradan Baruah,LAKHIMPUR,Normal/Others,"Const. of office building of Jonai Bar Association, Jonai LAC under MPLAD, FY 2024-25",,1000000.0,350377.0,698519.0,147000000.0,Vendor Identification,Completed,1,2024-10-19,,2026-08-25,2025-12-31,,,438.0,35.0377,-649623.0,-64.9623,649623.0,Manuj Kumar Telia,1,350377.0,350377.0,1,1,100.0,1.0,,,0,None,20.048329229501046,0,12.03,Low,2.5,No material anomaly signal detected.
WS/MP384/2025,Rajasthan,BIKANER(DISTRICT COLLECTOR BIKANER_IDA),Shri Arjun Ram Meghwal,BIKANER(SC),Normal/Others,"Toilet Building,Furniture and beautification work at Town Hall, Near Circuit House, Bikaner ; Implementing Agency : UIT Bikaner",,1500000.0,962321.0,1000000.0,147000000.0,Work partially Completed,Completed,1,2024-10-04,,2026-07-08,2026-01-29,,,482.0,64.15473333333334,-537679.0,-35.84526666666667,537679.0,PAWAN KUMAR SANJAY KUMAR,1,962321.0,962321.0,1,1,100.0,2.0,,,1,None,19.992769128118624,0,12.0,Low,2.5,No material anomaly signal detected.
WS/MP18024/2025,Assam,CHARAIDEO(Deputy Commissioner Charaideo_IDA),GAURAV GOGOI,JORHAT,Normal/Others,"Construction of Community Centre near at Kanubari Bagan Siva Mandir, Bhugbari, Kanubari Bagan, Haridev GP",,200000.0,405950.0,999998.0,147000000.0,Vendor Identification,Completed,1,2024-10-18,,2026-08-27,2026-04-28,,,557.0,202.975,205950.0,102.975,-205950.0,Neog Hardware,1,405950.0,405950.0,1,1,100.0,3.0,,,2,None,14.649613765245192,8,11.99,Low,2.5,expenditure exceeds effective sanctioned amount
WS/MP18338/2024,Telangana,YADADRI BHUVANAGIRI(DISTRICT COLLECTOR YADADRI BHUVANAGIRI_IDA),CHAMALA KIRAN KUMAR REDDY,BHONGIR,Normal/Others,Providing of LED Street Lights in Nagaram (V),,100000.0,,497567.0,147000000.0,Work Completed,Completed,1,2024-10-29,,,2025-07-28,,,272.0,,,,,,0,0.0,0.0,0,0,,,,,0,None,19.891510453122724,0,11.93,Low,2.4,No material anomaly signal detected.
WS/MP745/2024,Tamil Nadu,TIRUPPUR(DISTRICT COLLECTOR TIRUPPUR_IDA),K Subbarayan,TIRUPPUR,Normal/Others,"ward no 8, palanissamy nagar,nanthaa nagar naal road near at tiruppur corpration",534121.0,535059.0,,535059.0,147000000.0,Physical Inspection,Completed,1,2024-09-16,2025-03-19,,2025-03-27,184.0,,192.0,,,,,,0,0.0,0.0,0,0,,,,,0,None,19.80463800021402,0,11.88,Low,2.4,No material anomaly signal detected.
WS/MP18031/2026,Bihar,AURANGABAD(DISTRICT PLANNING OFFICER AURANGABAD_IDA),ABHAY KUMAR SINHA,AURANGABAD_BR,Normal/Others,Prakhand madanpur antargat shere vihar more war bazar shivganj me solar high mast street light ka adhisthapan,,299000.0,593215.0,,147000000.0,Sanction,,0,2024-10-22,,2026-08-27,,,,,198.39966555183946,294215.0,98.39966555183946,-294215.0,ASSISTANT ENGINEER LAEO IMAMGANJ VIDHAN SABHA,1,593215.0,593215.0,1,1,100.0,1.0,,,1,None,14.359229753429334,8,11.82,Low,2.3,expenditure exceeds effective sanctioned amount
WS/MP353/2024,Kerala,ERNAKULAM(DISTRICT COLLECTOR ERNAKULAM_IDA),Adv Dean Kuriakose,IDUKKI,Normal/Others,"Installation of minimast light (8Mtr,Octogonal pole LED Flood Light 150 Wx5 no.s) at Masjidulslam Jn, Ward 09, Nellikkuzhy GP, Kothamangalam Block",207949.0,207949.0,,215496.0,147000000.0,Physical Inspection,Completed,1,2024-09-30,2025-02-28,,2025-12-01,151.0,,427.0,,,,,,0,0.0,0.0,0,0,,,,,0,None,19.622410030682715,0,11.77,Low,2.2,No material anomaly signal detected.
NA-LIGHTINGOFPUBLICSPACES,Kerala,PATHANAMTHITTA(DISTRICT COLLECTOR PATHANAMTHITTA_IDA),Anto Antony,PATHANAMTHITTA,Normal/Others,Providing 8 Meter LED Mini Mast Light at Mandappuzha Puthuval Colony in Ranni- Perunadu Grama Panchayat.(SC),250000.0,250000.0,,,147000000.0,,,0,2024-09-24,,,,,,,,,,,,0,0.0,0.0,0,0,,,,,0,None,19.583103436105148,0,11.75,Low,2.2,No material anomaly signal detected.
WS/MP743/2025,Tamil Nadu,CHENGALPATTU(District Collector Chengalpattu_IDA),Ganesan Selvam,KANCHEEPURAM(SC),Normal/Others,"Construction of 30000 Ltr OHT Tank at Nemmeli Panchayat, Thirporur Panchayat Union.",1499661.0,750000.0,,1010704.0,186508749.11,Work Completed,Completed,1,2024-09-23,2025-05-15,,2026-08-24,234.0,,700.0,,,,,,0,0.0,0.0,0,0,,,,,1,Delayed Project,10.166057789654225,14,11.7,Low,2.1,project duration is unusually long
WS/MP18108/2025,Madhya Pradesh,SAGAR(DISTRICT COLLECTOR SAGAR_IDA),DR. LATA WANKHEDE,SAGAR,Normal/Others,Sardar Vallabh Bhai Patel chhaatraavaas Bina Zila Sagar me Additional Room Nirman Hetu,,700000.0,713029.0,200000.0,147000000.0,Vendor Identification,Completed,1,2024-11-02,,2026-08-24,2026-03-31,,,514.0,101.86128571428571,13029.0,1.8612857142857142,-13029.0,Sardar Vallabhbhi Patel Samiti,1,713029.0,713029.0,1,1,100.0,4.0,,,2,None,14.012114843760306,8,11.61,Low,2.0,expenditure exceeds effective sanctioned amount
WS/MP632/2024,Kerala,PATHANAMTHITTA(DISTRICT COLLECTOR PATHANAMTHITTA_IDA),Anto Antony,PATHANAMTHITTA,Normal/Others,Providing 8 Meter LED Mini Mast Light at Vellarankunnu SC Colony in Ezhamkulam Grama Panchayat (SC),219831.0,500000.0,,286879.0,147000000.0,Sanction,Completed,1,2024-09-24,2025-03-12,,2025-11-07,169.0,,409.0,,,,,,0,0.0,0.0,0,0,,,,,0,None,19.345939720728687,0,11.61,Low,2.0,No material anomaly signal detected.
WS/MP18219/2024,Uttar Pradesh,HAMIRPUR(DISTRICT MAGISTRATE HAMIRPUR_2),AJENDRA SINGH LODHI,HAMIRPUR_UP,Normal/Others,moon light public school kailash patel nagar gohand me do kaksho ka nirman karya,,1000000.0,,1000000.0,147000000.0,Physical Inspection,Completed,1,2025-02-01,,,2025-02-06,,,5.0,,,,,,0,0.0,0.0,0,0,,,,,0,None,19.340979824615495,0,11.6,Low,2.0,No material anomaly signal detected.
WS/MP18205/2024,Uttar Pradesh,BALLIA(DISTRICT MAGISTRAE BALLIA_IDA),SANATAN PANDEY,BALLIA,Normal/Others,Installation of Semi High Mast Lights at different places as per attached recommendation letter. Please ignore Ghazipur letter,,216470.0,216409.0,748674.0,180420041.4,Vendor Identification,Completed,1,2024-10-21,,2025-08-06,2026-02-25,,,492.0,99.9718205755994,-61.0,-0.028179424400609786,61.0,SHRI SAI ENGINEERING WORKS,1,216409.0,216409.0,1,1,100.0,1.0,,,0,None,19.281965442263797,0,11.57,Low,2.0,No material anomaly signal detected.
WS/MP673/2024,Maharashtra,SOLAPUR(DISTRICT COLLECTOR SOLAPUR_IDA),Omprakash Bhupalsinh Alias Pawan Rajenimbalkar,OSMANABAD,Normal/Others,Installing tube-wells and borewells,299942.0,300000.0,,299942.0,184758519.11,Physical Inspection,Completed,1,2024-09-05,2024-10-21,,2025-07-15,46.0,,313.0,,,,,,0,0.0,0.0,0,0,,,,,0,None,18.712982375751476,0,11.23,Low,1.5,No material anomaly signal detected.
WS/MP423/2026,Bihar,MADHUBANI(DISTRICT PLANNING OFFICER MADHUBANI_IDA),Ramprit Mandal,JHANJHARPUR,Normal/Others,Pandaul Prakhand ke Dahibhat Madhopur west Panchayat ke Salempur Gaw ke ward no 8 me Rajkishor Mishra ke Ghar ke bagal me Sarak Kinare Submersible Pump ka Adhisthapan Karya,200000.0,200000.0,,,147000000.0,Physical Inspection,,0,2024-08-24,2026-04-22,,,606.0,,,,,,,,0,0.0,0.0,0,0,,,,,0,None,17.916403751500013,0,10.75,Low,0.9,No material anomaly signal detected.
WS/MP18271/2025,West Bengal,Cooch Behar(DISTRICT MAGISTRATE COOCHBEHAR_IDA),JAGADISH CHANDRA BARMA BASUNIA,COOCHBEHAR(SC),Normal/Others,"Installation for the single unit Mini High Mast Solar Lightening system with 4x200 WP SPV Module, Four nos 60 W Semi Integrated Street light with 60Ah Li-ion cell at Dinhata Soni Devi Jain High School under Dinhata Municipality of District Coochbehar.",586716.0,586716.0,,,168604641.11,Vendor Identification,,0,2025-02-17,2025-09-11,,,206.0,,,,,,,,0,0.0,0.0,0,0,,,,,0,None,17.83646506466091,0,10.7,Low,0.9,No material anomaly signal detected.
WS/MP18236/2025,Uttar Pradesh,SONBHADRA(DISTRICT MAGISTRATE SONBHADRA_IDA),CHHOTELAL,ROBERTSGANJ(SC),Normal/Others,Construction of culvert in the middle of village Naudiha Block Nagwa,1000000.0,256000.0,,699144.0,147000000.0,Work partially Completed,Completed,1,2024-09-10,2025-04-02,,2026-08-20,204.0,,709.0,,,,,,0,0.0,0.0,0,0,,,,,1,Delayed Project,8.440224859365223,14,10.66,Low,0.8,project duration is unusually long
WS/MP18048/2024,Chhattisgarh,NARAYANPUR(Collector Narayanpur_IDA),MAHESH KASHYAP,BASTAR(ST),Normal/Others,gram orchha me samudayik bhavan nirman karya,,500000.0,346092.0,898745.0,147000000.0,Vendor Identification,Completed,1,2024-10-04,,2026-06-17,2026-07-29,,,663.0,69.2184,-153908.0,-30.781599999999997,153908.0,GRAM PANCHAYAT MADDED,1,346092.0,346092.0,1,1,100.0,1.0,,,0,None,17.605651558511443,0,10.56,Low,0.7,No material anomaly signal detected.
WS/MP751/2024,Tamil Nadu,MADURAI(DISTRICT COLLECTOR MADURAI_IDA),S Venkatesan,MADURAI,Normal/Others,Additional Fund for Construction of New Bus Stand at Kottampatti (2024-2025),,2500000.0,,2500000.0,147000000.0,Physical Inspection,Completed,1,2024-10-10,,,2024-11-05,,,26.0,,,,,,0,0.0,0.0,0,0,,,,,0,None,17.58381476232409,0,10.55,Low,0.7,No material anomaly signal detected.
WS/MP18159/2024,Rajasthan,ALWAR(DISTRICT COLLECTOR ALWAR_IDA),BHUPENDER YADAV,ALWAR,Normal/Others,Three phase boring with electrical connection work near Sant Parmeshwar Das Maharaj Beda Ashram in village Naraulkhurd. G.P. Narnaulkhurd P.S. Lachhmangarh City Alwar,1500000.0,1200000.0,,996345.0,147000000.0,Physical Inspection,Completed,1,2024-08-21,2024-12-03,,2026-07-30,104.0,,708.0,,,,,,0,0.0,0.0,0,0,,,,,1,Delayed Project,8.228979298872364,14,10.54,Low,0.7,project duration is unusually long
WS/MP18337/2024,Kerala,THRISSUR(DISTRICT COLLECTOR THRISSUR_IDA),K RADHAKRISHNAN,ALATHUR(SC),Normal/Others,"Purchase of bus to govt.nursing college ,Thrissur with a seating capacity of 44.",2871509.0,2871509.0,,1917000.0,147000000.0,Physical Inspection,Completed,1,2024-09-21,2025-01-15,,2025-10-31,116.0,,405.0,,,,,,0,0.0,0.0,0,0,,,1.0,2500000.0,0,None,17.523643926957426,0,10.51,Low,0.6,No material anomaly signal detected.
WS/MP18263/2024,Karnataka,UDUPI(DEPUTY COMMISSIONER UDUPI_IDA),KOTA SRINIVAS POOJARY,UDUPI CHIKMAGALUR,Normal/Others,"Udupi District, Kundapur Taluk, Hangaluru Gram Panchayat, Sri Shanishwara Temple Road development work.",,498517.0,,498517.0,147000000.0,Physical Inspection,Completed,1,2024-10-28,,,2025-03-28,,,151.0,,,,,,0,0.0,0.0,0,0,,,,,0,None,17.454238604655764,0,10.47,Low,0.6,No material anomaly signal detected.
WS/MP18277/2024,West Bengal,PASCHIM BARDHAMAN(DISTRICT MAGISTRATE PASCHIM BARDHAMAN_IDA),AZAD KIRTI JHA,BARDHAMAN-DURGAPUR,Normal/Others,Installation of Solar High Mast Light At Rajkusum near Hari Mandir Tilakchandrapur GP,,420000.0,398628.0,998312.0,179658399.98,Vendor Identification,Completed,1,2024-10-30,,2026-07-21,2026-01-08,,,435.0,94.91142857142857,-21372.0,-5.088571428571428,21372.0,RANGAMATI ENGINEERS CO OPERATIVE SOCIETY LTD,1,398628.0,398628.0,1,1,100.0,1.0,,,0,None,17.073970917495693,0,10.24,Low,0.3,No material anomaly signal detected.
WS/MP18393/2025,Telangana,SIDDIPET(District Collector Siddipet_IDA),MADHAVANENI RAGHUNANDAN RAO,MEDAK,Repair and Renovation,Repair and renovation to Bar Association Building at Siddipet Town,1250000.0,1000000.0,,500000.0,147000000.0,Work Completed,Completed,1,2024-09-12,2025-09-18,,2025-11-28,371.0,,442.0,,,,,,0,0.0,0.0,0,0,,,,,0,None,16.982957894021606,0,10.19,Low,0.2,No material anomaly signal detected.
WS/MP18336/2025,Chhattisgarh,RAIPUR(DISTRICT COLLECTOR RAIPUR_IDA),BRIJMOHAN AGRAWAL,RAIPUR,Normal/Others,ATIRIKTA KAKSHA NIRMAN - BAL GANGADHAR TILAK NAGAR WARD ANTARGAT PRATHAMIK SHAALA ME ATIRIKTA KAKSHA NIRMAN,,500000.0,802008.0,997712.0,153766451.11,Sanction,Completed,1,2024-10-17,,2026-08-17,2026-05-15,,,575.0,160.4016,302008.0,60.4016,-302008.0,GRAM PANCHAYAT LIMTARA,1,802008.0,802008.0,1,1,100.0,3.0,,,2,None,11.533587451836794,8,10.12,Low,0.1,expenditure exceeds effective sanctioned amount
NA-PURCHASEOFIMMOVABLESPORTSEQUIPMENT,West Bengal,Cooch Behar(DISTRICT MAGISTRATE COOCHBEHAR_IDA),JAGADISH CHANDRA BARMA BASUNIA,COOCHBEHAR(SC),Normal/Others,ESTIMATE FOR SUPPLYING WITH INSTALLATION OF PARKING GAME MATERIALS INSTRUMENTS TOYS FOR PANCHAYAT SAMITI PARK WITHIN SITALKUCHI DEV. BLOCK IN THE DISTRICT OF COOCH BEHAR.,1077149.0,1077149.0,,,168604641.11,,,0,2025-03-07,,,,,,,,,,,,0,0.0,0.0,0,0,,,,,0,None,16.78776372560113,0,10.07,Low,0.1,No material anomaly signal detected.
WS/MP740/2025,Tamil Nadu,TIRUPPUR(DISTRICT COLLECTOR TIRUPPUR_IDA),Andimuthu Raja,NILGIRIS(SC),Normal/Others,Construction of Anganvadi Building at Tirumurugan poondi Town (Ward No 23),1200000.0,499977.0,,1500000.0,147000000.0,Physical Inspection,Completed,1,2024-09-11,2025-11-27,,2026-03-03,442.0,,538.0,,,,,,0,0.0,0.0,0,0,,,1.0,2500000.0,0,None,16.609946623351643,0,9.97,Low,0.0,No material anomaly signal detected.
WS/MP18180/2025,Tamil Nadu,TIRUCHIRAPPALLI(DISTRICT COLLECTOR TIRUCHIRAPPALLI_IDA),ARUN NEHRU,PERAMBALUR,Normal/Others,Construction of Two Addnl Classrooms for PUPS venkatesapuram in venkatesapuram pt in Thuraiyur Panchayat Union,3460000.0,785000.0,,4349802.0,147000000.0,Work Completed,Completed,1,2024-09-25,2025-06-26,,2026-05-06,274.0,,588.0,,,,,,0,0.0,0.0,0,0,,,,,0,None,16.419937422666706,0,9.85,Low,0.0,No material anomaly signal detected.
NA-CONSTRUCTIONOFBUS-SHEDSORBUS-STOPS,Kerala,PATHANAMTHITTA(DISTRICT COLLECTOR PATHANAMTHITTA_IDA),Anto Antony,PATHANAMTHITTA,Normal/Others,Construction of Bus waiting Shed at Placherry Junction.,500000.0,500000.0,,,147000000.0,,,0,2024-09-24,,,,,,,,,,,,0,0.0,0.0,0,0,,,,,0,None,16.20904039431112,0,9.73,Low,0.0,No material anomaly signal detected.
WS/MP348/2024,Kerala,ERNAKULAM(DISTRICT COLLECTOR ERNAKULAM_IDA),Shri Benny Behanan,CHALAKUDY,Normal/Others,"PURCHASE OFSCHOOLBUS TOJAMA-ATH-HSS,THANDEKAD,VENGOLA GP",,2257000.0,,1803729.0,164674770.11,Vendor Identification,Completed,1,2024-10-14,,,2025-09-18,,,339.0,,,,,,0,0.0,0.0,0,0,,,,,0,None,16.136689029814008,0,9.68,Low,0.0,No material anomaly signal detected.
WS/MP352/2025,Kerala,ERNAKULAM(DISTRICT COLLECTOR ERNAKULAM_IDA),Shri Hibi Eden,ERNAKULAM,Normal/Others,Construction of road at eastside of Velluthully Bus Stop in Ward 8 of Kumbalangy Grama Panchayath,1500000.0,1500000.0,,2362903.0,162177260.11,Sanction,Completed,1,2024-10-01,2026-01-15,,2026-07-14,471.0,,651.0,,,,,,0,0.0,0.0,0,0,,,,,0,None,16.11595635795133,0,9.67,Low,0.0,No material anomaly signal detected.
WS/MP641/2025,Madhya Pradesh,BARWANI(DISTRICT COLLECTOR BADWANI_IDA),Gajendra Singh Patel,KHARGONE(ST),Normal/Others,Construction of road in ward 22 at Chunabhatti from police line to main road,500000.0,800000.0,,166026.0,147000000.0,Vendor Identification,Completed,1,2024-08-27,2025-06-06,,2026-08-13,283.0,,716.0,,,,,,0,0.0,0.0,0,0,,,,,1,Delayed Project,6.770416080006196,14,9.66,Low,0.0,project duration is unusually long
WS/MP828/2025,West Bengal,NADIA(DISTRICT MAGISTRATE NADIA_IDA),Jagannath Sarkar,RANAGHAT(SC),Normal/Others,"Construction of Concrete Road from the Pradhanmantri Sadak Yojona Road towards the H/O Ranjit Biswas,Booth-205 under Mayurhat -I GP,Hanskhali Block Development.",,514082.0,793627.0,375771.0,147000000.0,Sanction,Completed,1,2024-11-05,,2026-08-17,2026-02-18,,,470.0,154.37751175882445,279545.0,54.37751175882447,-279545.0,SARASWATI CONSTRUCTION,1,793627.0,793627.0,1,1,100.0,2.0,,,2,None,10.485772565099497,8,9.49,Low,0.0,expenditure exceeds effective sanctioned amount
WS/MP18227/2024,Uttar Pradesh,AZAMGARH(DISTRICT MAGISTRATE AZAMGARH_IDA),DAROGA PRASAD SAROJ,LALGANJ (SC),Normal/Others,Class room ka nirmad kary,,500000.0,,1609758.0,147000000.0,Vendor Identification,Completed,1,2024-10-18,,,2026-03-25,,,523.0,,,,,,0,0.0,0.0,0,0,,,,,0,None,15.79988074126279,0,9.48,Low,0.0,No material anomaly signal detected.
WS/MP18182/2025,Tamil Nadu,TENKASI(DISTRICT COLLECTOR TENKASI_IDA),DR RANI SRI KUMAR,TENKASI(SC),Normal/Others,Conversion of Earthern to Black top Road at Mangammal Salai in Tenkasi Municipality,3100000.0,2000000.0,,1999989.0,153060922.82,Physical Inspection,Completed,1,2024-09-23,2025-04-04,,2026-02-11,193.0,,506.0,,,,,,0,0.0,0.0,0,0,,,,,0,None,15.74783161825509,0,9.45,Low,0.0,No material anomaly signal detected.
WS/MP18253/2024,West Bengal,South 24 Parganas(DISTRICT MAGISTRATE SOUTH TWENTY FOUR PARGANAS_IDA),BAPI HALDAR,MATHURAPUR(SC),Normal/Others,"Sinking of tubewell at Narayanpur near Hemanta Baidya house.Dag No-1408,JL No-47",159330.0,500000.0,,199288.0,147000000.0,Physical Inspection,Completed,1,2024-09-17,2024-12-09,,2026-08-27,83.0,,709.0,,,,,,0,0.0,0.0,0,0,,,,,1,Delayed Project,6.334326460919904,14,9.4,Low,0.0,project duration is unusually long
WS/MP747/2024,Tamil Nadu,VIRUDHUNAGAR(DISTRICT COLLECTOR VIRUDHUNAGAR_IDA),Manickam Tagore B,VIRUDHUNAGAR,Normal/Others,"Construction of Community Centre in ward no.20, Kannaki colony at Sivakasi Corporation",2500000.0,2500000.0,,2370415.0,147000000.0,Work partially Completed,Completed,1,2024-09-13,2025-03-25,,2025-12-15,193.0,,458.0,,,,,,0,0.0,0.0,0,0,,,,,0,None,15.515188974900173,0,9.31,Low,0.0,No material anomaly signal detected.
WS/MP394/2025,Tamil Nadu,KANNIYAKUMARI(DISTRICT COLLECTOR KANNIYAKUMARI_IDA),Shri vijayakumar Vasanth,KANNIYAKUMARI,Normal/Others,kottaram peruratchi vilagathil samudhaya nala koodam,2000000.0,1000000.0,,2000000.0,171500000.0,Physical Inspection,Completed,1,2024-08-17,2026-01-13,,2025-11-27,514.0,,467.0,,,,,,0,0.0,0.0,0,0,,,,,0,None,15.355997080538486,0,9.21,Low,0.0,No material anomaly signal detected.
WS/MP18173/2024,Tamil Nadu,TIRUVANNAMALAI(DISTRICT COLLECTOR TIRUVANNAMALAI_IDA),THARANIVENTHAN M S,ARANI,Normal/Others,Purchase of Three wheeler at Disabled person,456670.0,456670.0,,300000.0,168337124.35,Physical Inspection,Completed,1,2024-09-05,2025-03-28,,2026-08-19,204.0,,713.0,,,,,,0,0.0,0.0,0,0,,,,,1,Delayed Project,5.927288248396953,14,9.16,Low,0.0,project duration is unusually long
WS/MP18094/2026,Karnataka,UTTARA KANNADA(DEPUTY COMMISSIONER UTTARKANNADA KARWAR_IDA),VISHWESHWAR HEGDE KAGERI,UTTARA KANNADA,Normal/Others,Construction of Community hall At Saihadri Colony,,700000.0,525000.0,,147000000.0,Vendor Identification,,0,2025-01-08,,2026-08-25,,,,,75.0,-175000.0,-25.0,175000.0,DEPUTY COMMISSIONER AND CHAIRMAN PROJECT MANAGER NIRMITHI KENDRA BELAGAVI,1,525000.0,525000.0,1,1,100.0,1.0,,,0,None,15.201600338389659,0,9.12,Low,0.0,No material anomaly signal detected.
WS/MP423/2024,West Bengal,KOLKATA(COMMISSIONER KOLKATA MUNICIPAL CORPORATION_IDA),Shri Abhishek Banerjee,DIAMOND HARBOUR,Normal/Others,Construction of CC Road with Drain from Holding No. X-64 to X-99 Khaldhari Road. (75 mtr),497670.0,994000.0,,299815.0,147000000.0,Physical Inspection,Completed,1,2024-09-17,2024-12-12,,2026-08-21,86.0,,703.0,,,,,,0,0.0,0.0,0,0,,,,,1,Delayed Project,5.851413704967532,14,9.11,Low,0.0,project duration is unusually long
WS/MP479/2024,West Bengal,BANKURA(DISTRICT MAGISTRATE BANKURA_IDA),Saumitra khan,BISHNUPUR(SC),Normal/Others,"Installation of Solar LED Light with Pole (Lights 24Watt x 2, Pole 7mtr. Octagonal with Manual Ladder, Battery 12.8V,30A H Lithium ferro, Module 150Wp Solar Panel) Total 4 Nos. X 65000/ each",259864.0,649868.0,,447332.0,147000000.0,Physical Inspection,Completed,1,2024-09-10,2024-12-13,,2026-08-10,94.0,,699.0,,,,,,0,0.0,0.0,0,0,,,,,1,Delayed Project,5.700710026040219,14,9.02,Low,0.0,project duration is unusually long
WS/MP410/2024,Assam,DHEMAJI(DEPUTY COMMISSIONER DHEMAJI_IDA),Pradan Baruah,LAKHIMPUR,Normal/Others,"Construction of Temporary Iron Bridge at Kemi River under MPLADS, for the year 2024-25",3600000.0,1000000.0,,499623.0,147000000.0,Work Completed,Completed,1,2024-09-07,2025-03-19,,2026-01-20,193.0,,500.0,,,,,,0,0.0,0.0,0,0,,,,,0,None,14.820250031817627,0,8.89,Low,0.0,No material anomaly signal detected.
"NA-CONSTRUCTIONOFGOVERNMENTOFFICEBUILDINGS(POSTOFFICE,POLICESTATION,POLICECHAUKI,ETC.)",Kerala,ALAPPUZHA(DISTRICT COLLECTOR ALAPPUZHA_IDA),K. C VENUGOPAL,ALAPPUZHA,Normal/Others,Construction of a building for Health Sub centre in the 18th ward of Thanneermukkam GP,2000000.0,2000000.0,,,147000000.0,,,0,2024-09-06,,,,,,,,,,,,0,0.0,0.0,0,0,,,,,0,None,14.753460960691825,0,8.85,Low,0.0,No material anomaly signal detected.
WS/MP418/2024,Bihar,ARARIA(DISTRICT PLANNING OFFICER ARARIA_IDA),Pradeep Kumar Singh,ARARIA,Normal/Others,"PCC Road from Permeshwar Bhagat house to Ramdev Master house at ward no 15, uder Forbesganj Block.",448127.0,2475000.0,,2475000.0,147000000.0,Physical Inspection,Completed,1,2024-07-12,2024-07-14,,2025-07-03,2.0,,356.0,,,,,,0,0.0,0.0,0,0,,,,,0,None,14.652693224865807,0,8.79,Low,0.0,No material anomaly signal detected.
WS/MP18032/2025,Bihar,BUXAR(DISTRICT PLANNING OFFICER BUXAR_IDA),SUDHAKAR SINGH,BUXAR,Normal/Others,Boundary of urdu primary school public place at Sarimpur,1397011.0,487094.0,,1489247.0,185211956.54,Physical Inspection,Completed,1,2024-08-25,2025-09-04,,2026-05-13,375.0,,626.0,,,,,,0,0.0,0.0,0,0,,,,,0,None,14.167036569532328,0,8.5,Low,0.0,No material anomaly signal detected.
WS/MP428/2024,Chhattisgarh,Mohla-Manpur-Ambagarh Chouki(Collector MMC_IDA),Santosh Pandey,RAJNANDGAON,Normal/Others,Book Supply in 25 Govt. School of MMC District,2499475.0,2499475.0,,300000.0,147000000.0,Physical Inspection,Completed,1,2024-09-27,2025-01-03,,2026-03-16,98.0,,535.0,,,,,,0,0.0,0.0,0,0,,,,,0,None,14.122350921374146,0,8.47,Low,0.0,No material anomaly signal detected.
WS/MP661/2024,Maharashtra,PUNE(DISTRICT COLLECTOR PUNE_IDA),Amol Ramsing Kolhe,SHIRUR,Normal/Others,Construction of community hall Near Maruti temple At Tokavade Tq. Khed Dist. Pune,499493.0,499493.0,,,147000000.0,Physical Inspection,Completed,1,2024-08-30,2024-09-12,,2025-01-24,13.0,,147.0,,,,,,0,0.0,0.0,0,0,,,,,0,None,13.639999329291088,0,8.18,Low,0.0,No material anomaly signal detected.
WS/MP673/2025,Maharashtra,Dharashiv(DISTRICT COLLECTOR OSMANABAD_IDA),Omprakash Bhupalsinh Alias Pawan Rajenimbalkar,OSMANABAD,Normal/Others,Construction of road in public space from Canal Road to Barate Vasti,500000.0,299674.0,,697913.0,184758519.11,Physical Inspection,Completed,1,2024-09-24,2025-04-16,,2025-12-04,204.0,,436.0,,,,,,0,0.0,0.0,0,0,,,,,0,None,13.36151494128325,0,8.02,Low,0.0,No material anomaly signal detected.
NA-CONSTRUCTIONOFCOMMUNITYCENTERSANDCOMMUNITYHALLS,Assam,NAGAON(DEPUTY COMMISSIONER NOWGONG_IDA),Pradyut Bordoloi,NOWGONG,Normal/Others,"Construction of community hall at Teromile near Iman Ali house, Pachim Salpara, Salpara GP",200000.0,200000.0,,,98000000.0,,,0,2024-12-02,,,,,,,,,,,,0,0.0,0.0,0,0,,,,,0,None,13.321009789549151,0,7.99,Low,0.0,No material anomaly signal detected.
WS/MP18069/2024,Himachal Pradesh,KANGRA(DEPUTY COMMISSIONER KANGRA_IDA),RAJEEV BHARDWAJ,KANGRA,Normal/Others,Construction of Pathways. Tile Work-from the House of Milap Chand to Near Kapoor Nagar.,,200000.0,,120000.0,179388967.11,Work Completed,Completed,1,2024-11-28,,,2026-08-22,,,632.0,,,,,,0,0.0,0.0,0,0,,,,,0,None,13.252107913063496,0,7.95,Low,0.0,No material anomaly signal detected.
"NA-PURCHASEOFITSYSTEMS,INCLUDINGHARDWAREANDSOFTWAREFOREDUCATIONALPURPOSES",Maharashtra,Dharashiv(DISTRICT COLLECTOR OSMANABAD_IDA),Omprakash Bhupalsinh Alias Pawan Rajenimbalkar,OSMANABAD,Normal/Others,"Zilla Parishad Primary School, Takli Buying a computer at Paranda",250000.0,250000.0,,,184758519.11,,,0,2024-09-24,,,,,,,,,,,,0,0.0,0.0,0,0,,,,,0,None,13.065503159720961,0,7.84,Low,0.0,No material anomaly signal detected.
NA-PROVIDINGDRAINSANDGUTTERSFORPUBLICDRAINAGE,Maharashtra,LATUR(DISTRICT COLLECTOR LATUR_IDA),DR KALGE SHIVAJI BANDAPPA,LATUR(SC),Normal/Others,"Construction of drainage and gutter at Kokane House and others within Mhada Colony at Islampura,ward No.4,Latur Municipal Corporation",1500000.0,1500000.0,,,147000000.0,,,0,2024-09-27,,,,,,,,,,,,0,0.0,0.0,0,0,,,,,0,None,12.909656066032133,0,7.75,Low,0.0,No material anomaly signal detected.
WS/MP18186/2024,Tamil Nadu,THIRUVALLUR(DISTRICT COLLECTOR TIRUVALLUR_IDA),Sasikanth Senthil,TIRUVALLUR(SC),Normal/Others,Installation of high Max lights in Tiruvallur District Ground in Tiruvallur Municipality Ward no 1.,,444905.0,,444905.0,171500000.0,Physical Inspection,Completed,1,2024-10-23,,,2025-02-12,,,112.0,,,,,,0,0.0,0.0,0,0,,,,,0,None,12.308093196182709,0,7.38,Low,0.0,No material anomaly signal detected.
WS/MP389/2024,Rajasthan,PALI(DISTRICT COLLECTOR PALI_IDA),Shri PP Chaudhary,PALI,Normal/Others,"RANG MANCH KA VISTAR & ANYA VIKAAS KARYA, LAKHOTIYA UDHYAN WARD NO.5,PALI",2257000.0,2257000.0,,,147000000.0,Work partially Completed,,1,2024-07-30,2025-01-09,,,163.0,,,,,,,,0,0.0,0.0,0,0,,,,,0,None,12.107007043752791,0,7.26,Low,0.0,No material anomaly signal detected.
WS/MP18394/2024,Tamil Nadu,NAMAKKAL(DISTRICT COLLECTOR NAMAKKAL_IDA),V S Matheswaran,NAMAKKAL,Normal/Others,Construction of New Anganwadi at ward no.7 Jankalapuram SENTHAMANGALAM TP,1850000.0,349965.0,,960819.0,162539930.11,Physical Inspection,Completed,1,2024-09-25,2024-10-10,,2025-11-20,15.0,,421.0,,,,,,0,0.0,0.0,0,0,,,,,0,None,12.005037279383492,0,7.2,Low,0.0,No material anomaly signal detected.
WS/MP18327/2025,Maharashtra,SOLAPUR(DISTRICT COLLECTOR SOLAPUR_IDA),PRANITI SUSHILKUMAR SHINDE,SOLAPUR(SC),Normal/Others,Installation of Light in front of Khandoba Temple at Waluj Gaon in Mohol Taluka,499880.0,499880.0,,,147000000.0,Physical Inspection,,0,2024-08-29,2026-03-09,,,557.0,,,,,,,,0,0.0,0.0,0,0,,,,,0,None,11.922538215601882,0,7.15,Low,0.0,No material anomaly signal detected.
WS/MP405/2024,Andhra Pradesh,KRISHNA(DISTRICT COLLECTOR KRISHNA_IDA),Balashowry Vallabbhaneni,MACHILIPATNAM,Normal/Others,Providing supply pipelines and motor for drinking water at Dantaguntla GP of Bapulapadu Mandal in Krishna District,299297.0,499986.0,,299297.0,147000000.0,Physical Inspection,Completed,1,2024-09-10,2024-10-30,,2025-02-22,50.0,,165.0,,,,,,0,0.0,0.0,0,0,,,,,0,None,11.773421129257185,0,7.06,Low,0.0,No material anomaly signal detected.
WS/MP549/2024,Bihar,BHAGALPUR(DISTRICT PLANNING OFFICER BHAGALPUR_IDA),Giridhari Yadav,BANKA,Normal/Others,Uchh Madhyamik vidhyalay Krishnanad,1995127.0,1995127.0,,483737.0,147000000.0,Physical Inspection,Completed,1,2024-09-23,2024-12-06,,2025-09-16,74.0,,358.0,,,,,,0,0.0,0.0,0,0,,,,,0,None,11.670261482695318,0,7.0,Low,0.0,No material anomaly signal detected.
WS/MP18111/2025,Maharashtra,AKOLA(DISTRICT COLLECTOR AKOLA_IDA),ANUP SANJAY DHOTRE,AKOLA,Normal/Others,Construction of Cement Concrete Road from Mahendra Tayade's house to Sandip Tayade's house at Kaulkhed Jahagir.,483603.0,483603.0,,976441.0,147000000.0,Physical Inspection,Completed,1,2025-03-31,2025-05-29,,2026-03-28,59.0,,362.0,,,,,,0,0.0,0.0,0,0,,,,,0,None,11.637174265565674,0,6.98,Low,0.0,No material anomaly signal detected.
WS/MP561/2024,Bihar,PATNA(DISTRICT PLANNING OFFICER PATNA_IDA),Ravi Shankar Prasad,PATNA SAHIB,Normal/Others,Construction work of hand pump near Ranjit Singh's house in Lakchipur Koli village under Fatuha Sahib assembly.,68653.0,68653.0,,247100.0,147000000.0,Physical Inspection,Completed,1,2024-09-24,2025-03-27,,2025-08-28,184.0,,338.0,,,,,,0,0.0,0.0,0,0,,,,,0,None,11.469060190912291,0,6.88,Low,0.0,No material anomaly signal detected.
WS/MP18188/2024,Telangana,VIKARABAD(DISTRICT COLLECTOR VIKARABAD_2),KONDA VISHWESHWAR REDDY,CHELVELLA,Normal/Others,Laying of CC Road from B.Anjaiah House to V.Yadaiah House and D.Balaiah House to Karre Narsimlu House at Kondapur Kalan Village of Dharur Mandal,,500000.0,,123953.0,233721420.96,Physical Inspection,Completed,1,2024-10-29,,,2025-10-18,,,354.0,,,,,,0,0.0,0.0,0,0,,,,,0,None,11.140841154898103,0,6.68,Low,0.0,No material anomaly signal detected.
WS/MP18215/2024,Uttar Pradesh,AYODHYA(DISTRICT MAGISTRAE FAIZABAD_IDA),AWADHESH PRASAD,FAIZABAD,Normal/Others,from kuchera bazar raibareli road to masjid interlocking brick road construction,2538520.0,918944.0,,1371567.0,147000000.0,Physical Inspection,Completed,1,2024-09-24,2024-11-09,,2025-08-02,46.0,,312.0,,,,,,0,0.0,0.0,0,0,,,,,0,None,10.968526755733507,0,6.58,Low,0.0,No material anomaly signal detected.
WS/MP18232/2025,Uttar Pradesh,MUZAFFARNAGAR(DISTRICT MAGISTRATE MUZAFFARNAGAR_IDA),HARENDRA SINGH MALIK,MUZAFFARNAGAR,Normal/Others,"sujdu ke ward no-3 me ahsan ke makan se tosif ke makan tak, furkan ke makan se shafik ke makan tak, shan miya ke makan se gulshan public school tak v branch galyio me brick soling v nali nirman work. implimenting agency:-DUDA, muzaffarnagar",1199000.0,1199000.0,,282069.0,147000000.0,Work Completed,Completed,1,2024-09-28,2025-12-09,,2026-05-11,437.0,,590.0,,,,,,0,0.0,0.0,0,0,,,,,0,None,10.965184188711236,0,6.58,Low,0.0,No material anomaly signal detected.
NA-CONSTRUCTIONOFBUILDINGSFORCRÈCHESANDANGANWADIES,Kerala,ALAPPUZHA(DISTRICT COLLECTOR ALAPPUZHA_IDA),K. C VENUGOPAL,ALAPPUZHA,Normal/Others,Construction of a building for Anganwadi No.18 in the 1st ward of Devikulangara GP,1500000.0,1500000.0,,,147000000.0,,,0,2024-09-06,,,,,,,,,,,,0,0.0,0.0,0,0,,,,,0,None,10.938250131305999,0,6.56,Low,0.0,No material anomaly signal detected.
WS/MP18108/2024,Madhya Pradesh,VIDISHA(District Collector Vidisha_IDA),DR. LATA WANKHEDE,SAGAR,Normal/Others,Pre fabricated bus shelter model number 4 with two LED solar light 1. Gram Panchayat bagrod Mein mukhya Marg bagroda 2. Gram Panchayat batoli mein 3. Gram Panchayat Devpur Mein 4. Gram Panchayat deepnakheda 5. Gram Panchayat baretha mein 6. Gram Panchayat Barwal 7. Gram Panchayat baatami 8. Gram Panchayat Udaipur 9. Gram Panchayat Rampura 10. Gram Panchayat pipaldhar,2698500.0,500000.0,,499856.0,147000000.0,Vendor Identification,Completed,1,2024-09-26,2024-11-13,,2026-02-27,48.0,,519.0,,,,,,0,0.0,0.0,0,0,,,,,0,None,10.941217109448079,0,6.56,Low,0.0,No material anomaly signal detected.
WS/MP582/2025,Gujarat,SURAT(DISTRICT COLLECTOR SURAT_IDA),Prabhubhai Nagarbhai Vasava,BARDOLI(ST),Normal/Others,"the following facility work regarding placing electricity pole near the field in front of the P.S., fixing till commissioning 11.00 M.T.R.G.I. Tuber Light Poles with 150 Volt 6 Flooded LEDs Lights Attachment and Leader with 1 Year Maintenance Work Nos.1, at kevadi village near Surat District bank, Taluka Umarpada, District Surat",177500.0,192000.0,,172500.0,147000000.0,Sanction,Completed,1,2024-09-20,2025-07-10,,2026-04-02,293.0,,559.0,,,,,,0,0.0,0.0,0,0,,,,,0,None,10.646482008313923,0,6.39,Low,0.0,No material anomaly signal detected.
WS/MP18353/2025,West Bengal,HOOGHLY(DISTRICT MAGISTRATE HOOGHLY_IDA),RACHNA BANERJEE,HOOGHLY,Normal/Others,Construction of (Community) Girls Sanitary Complex at Adisaptagram High School,347023.0,347023.0,,1034185.0,147000000.0,Physical Inspection,Completed,1,2024-09-03,2025-12-15,,2025-09-18,468.0,,380.0,,,,,,0,0.0,0.0,0,0,,,,,0,None,10.505361458532231,0,6.3,Low,0.0,No material anomaly signal detected.
WS/MP18324/2024,Gujarat,AMRELI(DISTRICT COLLECTOR AMRELI_IDA),BHARATBHAI MANUBHAI SUTARIYA,AMRELI,Normal/Others,C.C. Road work from vitthalbhai Togadia's house to panchayat office in Sajantimba village,,300000.0,,200000.0,147000000.0,Physical Inspection,Completed,1,2024-11-06,,,2026-01-07,,,427.0,,,,,,0,0.0,0.0,0,0,,,,,0,None,10.389297310131512,0,6.23,Low,0.0,No material anomaly signal detected.
WS/MP18278/2024,Chhattisgarh,JANJGIR-CHAMPA(DISTRICT COLLECTOR JANJGIR CHAMPA_IDA),KAMLESH JANGDE,JANJGIR CHAMPA(SC),Normal/Others,GRAM PANCHAYAT TUSMA ME C.C. ROAD NIRMARAN(JITENDRA SAHU KE GHAR SE DHANI RAM SAHU GHAR KI ORE),499989.0,400000.0,,881196.0,150384382.11,Physical Inspection,Completed,1,2024-09-23,2024-10-04,,2025-08-29,11.0,,340.0,,,,,,0,0.0,0.0,0,0,,,,,0,None,10.355127239914726,0,6.21,Low,0.0,No material anomaly signal detected.
NA-INSTALLINGTUBE-WELLSANDBOREWELLS,Tamil Nadu,TIRUPPUR(DISTRICT COLLECTOR TIRUPPUR_IDA),K Subbarayan,TIRUPPUR,Normal/Others,"Providing new borewell and water supply facilities at ward no-21, Tiruppur corporation",800000.0,800000.0,,,147000000.0,,,0,2024-09-03,,,,,,,,,,,,0,0.0,0.0,0,0,,,,,0,None,9.985772273535106,0,5.99,Low,0.0,No material anomaly signal detected.
WS/MP18249/2025,West Bengal,North 24 Parganas(DISTRICT MAGISTRATE NORTH TWENTY FOUR PARGANAS_IDA),PARTHA BHOWMICK,BARRACKPUR,Normal/Others,"Construction of Tin shade for Auditorium of ""Unity Malancha"" (IA- E.O Barrackpore -I Panchyat Samity)",700000.0,700000.0,,,147000000.0,Work Completed,,1,2024-09-30,2026-02-24,,,512.0,,,,,,,,0,0.0,0.0,0,0,,,,,0,None,9.844108269094816,0,5.91,Low,0.0,No material anomaly signal detected.
WS/MP18217/2024,Uttar Pradesh,FIROZABAD(DISTRICT MAGISTRATE FIROZABAD_IDA),AKSHAYA YADAV,FIROZABAD,Normal/Others,developement of interlocking road from ramniwas house to dayaveer house length 240 meter by 3 meter,1898082.0,1898082.0,,1307559.0,147000000.0,Physical Inspection,Completed,1,2024-08-23,2024-10-17,,2026-01-19,55.0,,514.0,,,,,,0,0.0,0.0,0,0,,,,,0,None,9.84986417949527,0,5.91,Low,0.0,No material anomaly signal detected.
WS/MP18101/2024,Madhya Pradesh,DAMOH(DISTRICT COLLECTOR DAMOH_IDA),RAHUL SINGH LODHI,DAMOH,Normal/Others,jila niyalay parisar me nirmit sarvjanin our samudayak bhavn ke pratham tl pr hall nirman,1800000.0,198723.0,,1000000.0,163058785.37,Physical Inspection,Completed,1,2024-09-26,2024-11-08,,2026-03-31,43.0,,551.0,,,,,,0,0.0,0.0,0,0,,,,,0,None,9.712741475087741,0,5.83,Low,0.0,No material anomaly signal detected.
WS/MP18246/2024,West Bengal,MURSHIDABAD(DISTRICT MAGISTRATE MURSHIDABAD_IDA),PATHAN YUSUF,BAHARAMPUR,Normal/Others,Construction of indoor badminton court adjacent to Berhampore Circuit House,,2000000.0,,2000000.0,147000000.0,Physical Inspection,Completed,1,2024-10-28,,,2026-08-04,,,645.0,,,,,,0,0.0,0.0,0,0,,,,,0,None,9.695072501067838,0,5.82,Low,0.0,No material anomaly signal detected.
WS/MP18238/2024,Uttar Pradesh,BALLIA(DISTRICT MAGISTRAE BALLIA_IDA),RAMASHANKAR RAJBHAR,SALEMPUR,Normal/Others,Development Block Beruarbari on gram Beruarbari chauraha 1 piece,258150.0,700000.0,,597657.0,160056927.07,Work Completed,Completed,1,2024-10-02,2025-03-20,,2026-08-15,169.0,,682.0,,,,,,0,0.0,0.0,0,0,,,,,0,None,9.547806134008564,0,5.73,Low,0.0,No material anomaly signal detected.
WS/MP829/2024,West Bengal,HOWRAH(DISTRICT MAGISTRATE HOWRAH_IDA),Smt Sajda Ahmed,ULUBERIA,Normal/Others,Sinking of Tubewell at Jhumjhumi Hospital,129039.0,248128.0,,830882.0,147000000.0,Physical Inspection,Completed,1,2024-09-17,2024-10-28,,2026-07-28,41.0,,679.0,,,,,,0,0.0,0.0,0,0,,,,,0,None,9.54906159261126,0,5.73,Low,0.0,No material anomaly signal detected.
WS/MP825/2024,West Bengal,HOWRAH(DISTRICT MAGISTRATE HOWRAH_IDA),Prasun Banerjee,HOWRAH,Normal/Others,"Construction of Additional Classroom with Cold Drinking arrangement at Jagacha High School of P.O GIP Colony , Jagacha, Howrah – 711112 at ward no 47 of HMC under A.C - 172",,2500000.0,,2000000.0,147000000.0,Physical Inspection,Completed,1,2024-11-04,,,2025-11-19,,,380.0,,,,,,0,0.0,0.0,0,0,,,,,0,None,9.464440794626427,0,5.68,Low,0.0,No material anomaly signal detected.
WS/MP18133/2024,Maharashtra,SATARA(DISTRICT COLLECTOR SATARA_IDA),SHRIMANT CHH UDAYANRAJE PRATAPSINHAMAHARAJ BHONSLE,SATARA,Normal/Others,Construction of Community hall at Ramoshi Vasti at Aajhadpur Nhavi Khurd,,1000000.0,,1000000.0,147000000.0,Sanction,Completed,1,2025-01-02,,,2025-07-22,,,201.0,,,,,,0,0.0,0.0,0,0,,,,,0,None,9.454630796169262,0,5.67,Low,0.0,No material anomaly signal detected.
WS/MP18031/2024,Bihar,GAYA(DISTRICT PLANNING OFFICER GAYA_IDA),ABHAY KUMAR SINHA,AURANGABAD_BR,Normal/Others,purchase of books for school library. sanction of five lacs for every school,499385.0,299000.0,,299000.0,147000000.0,Physical Inspection,Completed,1,2024-09-25,2025-01-15,,2025-08-09,112.0,,318.0,,,,,,0,0.0,0.0,0,0,,,,,0,None,9.402086235702876,0,5.64,Low,0.0,No material anomaly signal detected.
WS/MP18165/2024,Rajasthan,JAIPUR(DISTRICT COLLECTOR JAIPUR_IDA),MANJU SHARMA,JAIPUR,Normal/Others,?????? ??? ???????? ??????? ?? ??? ?????? ??? (??????) ?????????? ?? ????? ???? 125 ??? ??????? ?? ?????? ?? ???????? ????? ?????? ?? ?????,2500000.0,500000.0,,612876.0,167082901.11,Work partially Completed,Completed,1,2024-09-17,2025-01-05,,2026-02-19,110.0,,520.0,,,,,,0,0.0,0.0,0,0,,,,,0,None,9.334078010509227,0,5.6,Low,0.0,No material anomaly signal detected.
WS/MP386/2024,Rajasthan,NAGAUR(DISTRICT COLLECTOR NAGAUR_IDA),Shri Hanuman Beniwal,NAGAUR,Normal/Others,Shifting the high tension line of electricity passing over the houses of Sado's locality including the residence of Madan Das in village Tantwas,64000.0,400000.0,,500000.0,147000000.0,Physical Inspection,Completed,1,2024-10-01,2024-12-04,,2026-08-27,64.0,,695.0,,,,,,0,0.0,0.0,0,0,,,,,0,None,9.190982329572476,0,5.51,Low,0.0,No material anomaly signal detected.
WS/MP640/2024,Madhya Pradesh,SEONI(District Collector Seoni_IDA),Faggan Singh Kulaste,MANDLA(ST),Normal/Others,"Construction of Boundary wall & Maharana pratap samudayik bhawan deori road, chhapara",,1000000.0,,1000000.0,151861648.41,Work Completed,Completed,1,2024-10-24,,,2026-04-16,,,539.0,,,,,,0,0.0,0.0,0,0,,,,,0,None,9.063249129354862,0,5.44,Low,0.0,No material anomaly signal detected.
WS/MP18153/2024,Punjab,FEROZEPUR(DEPUTY COMMISSIONER FIROZEPUR_IDA),SHER SINGH GHUBAYA,FIROZPUR,Normal/Others,Installtion of RO System at Govt. Elementary School Wan ( Capacity 500 Ltrs),232532.0,232532.0,,979006.0,147000000.0,Physical Inspection,Completed,1,2024-09-20,2024-10-28,,2026-07-28,38.0,,676.0,,,,,,0,0.0,0.0,0,0,,,,,0,None,9.052051049923353,0,5.43,Low,0.0,No material anomaly signal detected.
NA-SETTINGUPOFLABORATORIES,Andhra Pradesh,Eluru(DISTRICT COLLECTOR ELURU_IDA),Putta Mahesh Kumar,ELURU,Normal/Others,Providing Laboratory equipment to Physical Science/Biological Science/Mathematics and Social Studies.,400000.0,400000.0,,,147000000.0,,,0,2024-08-26,,,,,,,,,,,,0,0.0,0.0,0,0,,,,,0,None,8.69950381423236,0,5.22,Low,0.0,No material anomaly signal detected.
WS/MP18404/2024,Uttar Pradesh,BIJNOR(DISTRICT MAGISTRATE BIJNOR_IDA),CHANDRA SHEKHAR,NAGINA(SC),Normal/Others,"CONSTRUCTION OF CC ROAD AND DRAIN FROM MAUSAM'S HOUSE TO THE EIDGAH IN THE VILLAGE OF MIRZAPUR PALLA, BLOCK ALLEHPUR (Provincial Co-operative Construction and Development Ltd., Bijnor).",1935889.0,1670509.0,,173447.0,147000000.0,Physical Inspection,Completed,1,2024-09-28,2024-11-06,,2026-01-21,39.0,,480.0,,,,,,0,0.0,0.0,0,0,,,,,0,None,8.683275343128036,0,5.21,Low,0.0,No material anomaly signal detected.
WS/MP422/2025,Bihar,SUPAUL(DISTRICT PLANNING OFFICER SUPAUL_IDA),Dileshwar Kamait,SUPAUL,Normal/Others,SADAK KI UCHAIKARAN TATHA PCC DHALAI KARYA,1462770.0,1462770.0,,1371604.0,150450930.89,Physical Inspection,Completed,1,2024-09-18,2025-09-10,,2026-01-14,357.0,,483.0,,,,,,0,0.0,0.0,0,0,,,,,0,None,8.668641769529858,0,5.2,Low,0.0,No material anomaly signal detected.
WS/MP429/2024,Chhattisgarh,KORBA(Collector-Korba),Jyotsna Charandas Mahant,KORBA,Normal/Others,"Construction of Manch at Gram Panchayat - Baigapali, Vikas Khand - Kartala",400000.0,200000.0,,299975.0,155153738.11,Vendor Identification,Completed,1,2024-10-01,2024-11-11,,2026-08-11,41.0,,679.0,,,,,,0,0.0,0.0,0,0,,,,,0,None,8.565685401847452,0,5.14,Low,0.0,No material anomaly signal detected.
WS/MP579/2024,Gujarat,ANAND(District Collector ANAND_IDA),Mitesh Rameshbhai Bakabhai Patel,ANAND,Normal/Others,Kathana Game Mahadev Mandir Pase Rain Basera nu Kam,,199725.0,,149241.0,147000000.0,Physical Inspection,Completed,1,2024-10-09,,,2025-12-05,,,422.0,,,,,,0,0.0,0.0,0,0,,,,,0,None,8.541446150657624,0,5.12,Low,0.0,No material anomaly signal detected.
WS/MP18158/2024,Punjab,PATIALA(DEPUTY COMMISSIONER PATIALA_IDA),DR DHARAMVIRA GANDHI,PATIALA,Normal/Others,Construction of one toilet in Govt Middle School Fatehpur,80000.0,80000.0,,150000.0,147000000.0,Physical Inspection,Completed,1,2024-09-19,2025-01-17,,2026-02-19,120.0,,518.0,,,,,,0,0.0,0.0,0,0,,,,,0,None,8.531383889070984,0,5.12,Low,0.0,No material anomaly signal detected.
WS/MP017/2024,Tamil Nadu,THIRUVALLUR(DISTRICT COLLECTOR TIRUVALLUR_IDA),S. Jagathrakshakan,ARAKKONAM,Normal/Others,Chekkanur to Ramakrishnapuram Road Big Lake Retaining Work,999654.0,996610.0,,1199784.0,180589332.34,Physical Inspection,Completed,1,2024-09-25,2024-10-01,,2025-10-15,6.0,,385.0,,,,,,0,0.0,0.0,0,0,,,,,0,None,8.512751381469034,0,5.11,Low,0.0,No material anomaly signal detected.
WS/MP588/2024,Gujarat,DEVBHUMI DWARKA(DISTRICT COLLECTOR DEVBHUMI DWARKA_IDA),Smt Poonamben Hematbhai Maadam,JAMNAGAR,Normal/Others,Bhenkavad village of Bhanvad taluka is RCC in Kublavdar area. For construction of shed.,,298400.0,,298400.0,147000000.0,Physical Inspection,Completed,1,2024-11-06,,,2025-05-29,,,204.0,,,,,,0,0.0,0.0,0,0,,,,,0,None,8.431804089602588,0,5.06,Low,0.0,No material anomaly signal detected.
WS/MP797/2024,Uttar Pradesh,FARRUKHABAD(DISTRICT MAGISTRAE FARRUKHABAD_IDA),Mukesh Rajput,FARRUKHABAD,Normal/Others,Installation of a semi-high mast light with six LEDs at a public place in consultation with Shri Sarvesh Gangwar near village Nagla Damu intersection of Kayamganj assembly of my parliamentary constituency Farrukhabad. mobile number 8400935606. (Executing Agency UPSIC Muradabad),,222921.0,,222921.0,147000000.0,Physical Inspection,Completed,1,2024-11-07,,,2025-07-17,,,252.0,,,,,,0,0.0,0.0,0,0,,,,,0,None,8.299909576854725,0,4.98,Low,0.0,No material anomaly signal detected.
WS/MP598/2024,Himachal Pradesh,SOLAN(DEPUTY COMMISSIONER SOLAN_IDA),Suresh Kumar Kashyap,SHIMLA (SC),Normal/Others,C/o Stage from Ground Batal GP Batal Executive Agency BDO Kunihar,,100000.0,,200000.0,153563957.11,Vendor Identification,Completed,1,2024-10-08,,,2026-05-15,,,584.0,,,,,,0,0.0,0.0,0,0,,,,,0,None,8.296935425086303,0,4.98,Low,0.0,No material anomaly signal detected.
WS/MP18390/2024,Uttar Pradesh,GHAZIPUR(DISTRICT MAGISTRAE GHAZIPUR_IDA),AFZAL ANSARI,GHAZIPUR,Normal/Others,"Construction of CC Road: Kshetr Panchayat Bhadora, Gram Panchayat - Amaura, East Side - Deval Marg to Shiv Mandir 150 mtr x 2.40 Mtr x 10 cm Development Agency - Kshetr Panchayat",,600000.0,,695660.0,220500000.0,Vendor Identification,Completed,1,2024-10-21,,,2026-02-18,,,485.0,,,,,,0,0.0,0.0,0,0,,,,,0,None,8.259374182248417,0,4.96,Low,0.0,No material anomaly signal detected.
WS/MP341/2025,Karnataka,BENGALURU URBAN(DEPUTY COMMISSIONER BANGALORE URBAN_IDA),Shri LS Tejasvi Surya,BANGALORE SOUTH,Normal/Others,"Providing CCTV Camera Systems for security purposes at Gururaja Layout, located in Padmanabhanagar Assembly Constituency, Bengaluru South",500000.0,1999934.0,,2999176.0,147000000.0,Physical Inspection,Completed,1,2024-08-22,2025-04-15,,2026-02-21,236.0,,548.0,,,,,,0,0.0,0.0,0,0,,,,,0,None,8.226721027628969,0,4.94,Low,0.0,No material anomaly signal detected.
WS/MP323/2024,Gujarat,GIR SOMNATH(DISTRICT COLLECTOR GIR SOMNATH_IDA),Rajeshbhai Naranbhai Chudasama,JUNAGADH,Normal/Others,"Gir Somnath District,Talala Taluka,Dhava, Causeway work over Chaganbhai Gadhesaria river at Dhawa village",,300000.0,,300000.0,147000000.0,Physical Inspection,Completed,1,2024-11-04,,,2025-06-10,,,218.0,,,,,,0,0.0,0.0,0,0,,,,,0,None,8.164143199774445,0,4.9,Low,0.0,No material anomaly signal detected.
WS/MP600/2024,Jammu And Kashmir,KATHUA(DISTRICT DEVELOPMENT COMMISSIONER KATHUA_IDA),Jitendra Singh,UDHAMPUR,Normal/Others,"Installation of Hand Pump near house of Attar Singh, Village Katli, Pyt. Katli, Ward no. 1, Dinga Amb, Kathua.",,301169.0,,254000.0,147000000.0,Physical Inspection,Completed,1,2024-10-22,,,2026-03-27,,,521.0,,,,,,0,0.0,0.0,0,0,,,,,0,None,8.12434780125721,0,4.87,Low,0.0,No material anomaly signal detected.
WS/MP582/2024,Gujarat,SURAT(DISTRICT COLLECTOR SURAT_IDA),Prabhubhai Nagarbhai Vasava,BARDOLI(ST),Normal/Others,"the following facility work regarding placing electricity pole near the field in front of the P.S., fixing till commissioning 11.00 M.T.R.G.I. Tuber Light Poles with 150 Volt 6 Flooded LEDs Lights Attachment and Leader with 1 Year Maintenance Work Nos.1, at Kali jaman village Near Holi chakla chok, Taluka Umarpada, District Surat",191850.0,1500000.0,,259900.0,147000000.0,Physical Inspection,Completed,1,2024-09-20,2024-12-07,,2026-04-02,78.0,,559.0,,,,,,0,0.0,0.0,0,0,,,,,0,None,8.04214599458968,0,4.83,Low,0.0,No material anomaly signal detected.
WS/MP18252/2025,West Bengal,Purba Medinipur(DISTRICT MAGISTRATE PURBA MEDINIPUR_IDA),ADHIKARI SOUMENDU,KANTHI,Normal/Others,Installation of (03) nos Solar submersible at different place of Bhagabanpur 1 Block,,2340000.0,,263401.0,147000000.0,Sanction,Completed,1,2024-11-06,,,2026-01-27,,,447.0,,,,,,0,0.0,0.0,0,0,,,,,0,None,7.985844716191772,0,4.79,Low,0.0,No material anomaly signal detected.
WS/MP685/2024,Maharashtra,PUNE(DISTRICT COLLECTOR PUNE_IDA),Shrirang Appa Barne,MAVAL,Normal/Others,Installing Open Jim At Near SB Patil School Ravet Pcmc,996010.0,996010.0,,995777.0,147000000.0,Physical Inspection,Completed,1,2024-09-25,2025-03-31,,2025-04-07,187.0,,194.0,,,,,,0,0.0,0.0,0,0,,,,,0,None,7.962680694316816,0,4.78,Low,0.0,No material anomaly signal detected.
WS/MP18214/2024,Uttar Pradesh,ETAWAH(DISTRICT MAGISTRATE ETAWAH_IDA),JITENDRA KUMAR DOHARE,ETAWAH(SC),Normal/Others,Etawah mein Budh bihar Park Etawah Numaish ke pass high must light,,269328.0,,698837.0,188747306.26,Physical Inspection,Completed,1,2024-10-24,,,2026-04-16,,,539.0,,,,,,0,0.0,0.0,0,0,,,,,0,None,7.940923215126948,0,4.76,Low,0.0,No material anomaly signal detected.
WS/MP743/2024,Tamil Nadu,Kancheepuram(DISTRICT COLLECTOR KANCHEEPURAM_IDA),Ganesan Selvam,KANCHEEPURAM(SC),Normal/Others,Purchasing of smart class room equipment for Musaravakkam Govt.Hr.sec.School in Kanchipuram Panchayat Union. (Supply of smart class equipment 2 set),400000.0,1498588.0,,1498588.0,186508749.11,Physical Inspection,Completed,1,2024-09-24,2024-10-20,,2026-03-13,26.0,,535.0,,,,,,0,0.0,0.0,0,0,,,,,0,None,7.896263066444625,0,4.74,Low,0.0,No material anomaly signal detected.
WS/MP672/2024,Maharashtra,NAGPUR(DISTRICT COLLECTOR NAGPUR_IDA),Nitin Jairam Gadkari,NAGPUR,Normal/Others,"Construction of Cement Concerete Road from house of Durga Vikas Dharange to house of Sunita Hedaoo at Galli No.24, Vinoba Bhave Nagar.",458593.0,458593.0,,959212.0,168195086.11,Physical Inspection,Completed,1,2024-09-27,2024-09-30,,2025-09-19,3.0,,357.0,,,,,,0,0.0,0.0,0,0,,,,,0,None,7.873282596619616,0,4.72,Low,0.0,No material anomaly signal detected.
WS/MP827/2024,West Bengal,PASCHIM BARDHAMAN(DISTRICT MAGISTRATE PASCHIM BARDHAMAN_IDA),Shatrughan Sinha,ASANSOL,Normal/Others,Installation of 50 numbers of LED lights along with Poles at various places of ward no - 98,,1496000.0,,,147000000.0,Work Completed,,1,2024-11-14,,,,,,,,,,,,0,0.0,0.0,0,0,,,,,0,None,7.725570655071559,0,4.64,Low,0.0,No material anomaly signal detected.
WS/MP620/2024,Karnataka,DHARWAD(DEPUTY COMMISSIONER DHARWAR_IDA),Pralhad Venkatesh Joshi,DHARWAD,Normal/Others,Construction of Community Bhavan at Dharwad TQ Kyarkoppa village Pry No 48 near Kalmeshwar Temple Countinue work,495320.0,495031.0,,495031.0,147000000.0,Physical Inspection,Completed,1,2024-09-30,2025-01-09,,2025-10-28,101.0,,393.0,,,,,,0,0.0,0.0,0,0,,,,,0,None,7.704053644720704,0,4.62,Low,0.0,No material anomaly signal detected.
WS/MP880/2025,Delhi,EAST(COMMISSIONER EAST),Manoj Tiwari,NORTH EAST DELHI,Normal/Others,provision of lighting arrangement with street light poles,,898145.0,,,225843858.0,Physical Inspection,,0,2024-10-10,,,,,,,,,,,,0,0.0,0.0,0,0,,,,,0,None,7.6825991407483185,0,4.61,Low,0.0,No material anomaly signal detected.
WS/MP18390/2025,Uttar Pradesh,GHAZIPUR(DISTRICT MAGISTRAE GHAZIPUR_IDA),AFZAL ANSARI,GHAZIPUR,Normal/Others,"Installation of India Mark Handpump at: 1)Village Medinipur,Block Karanda 2)Village Mahepur,Block Karanda 3)Village Salarpur,Block Karanda 4)Village Sonhariya,Block Karanda 5)Village Khutwa,Block Manihari 6)Village Raipur Katghara,Block Manihari 7)Village Bakuliyapur,Block Sadar 8)Village Mudwal,Block Sadar 9)Village Bhutahiyatad,Block Sadar 10)Village Atrauli,Block Sadar 11)Village Dihiya,Block Devkali 12)Village Pahalwanpur,Block Devkali 13)Village Barahpur,at Budhwa Baba Mandir Sthaan",,739700.0,,267157.0,220500000.0,Vendor Identification,Completed,1,2024-10-21,,,2026-02-18,,,485.0,,,,,,0,0.0,0.0,0,0,,,,,0,None,7.597779758914255,0,4.56,Low,0.0,No material anomaly signal detected.
WS/MP18208/2024,Uttar Pradesh,BASTI(DISTRICT MAGISTRATE BASTI_IDA),RAM PRASAD CHAUDHARY,BASTI,Normal/Others,"CC road construction work from Nibiya Bahrampur Road to GBM Convent School, block Saltua gopalpur 200 metre",,1410100.0,,1410100.0,204176957.11,Physical Inspection,Completed,1,2024-10-31,,,2025-12-24,,,419.0,,,,,,0,0.0,0.0,0,0,,,,,0,None,7.552195160318682,0,4.53,Low,0.0,No material anomaly signal detected.
NA-SETTINGUPOFKITCHENANDPANTRIES,Kerala,ALAPPUZHA(DISTRICT COLLECTOR ALAPPUZHA_IDA),K. C VENUGOPAL,ALAPPUZHA,Normal/Others,"Setting up of a modern kitchen and Dining Hall in Govt. Muslim LPA, Punnapra",800000.0,800000.0,,,147000000.0,,,0,2024-09-06,,,,,,,,,,,,0,0.0,0.0,0,0,,,,,0,None,7.523886491502467,0,4.51,Low,0.0,No material anomaly signal detected.
WS/MP341/2024,Karnataka,BENGALURU URBAN(DEPUTY COMMISSIONER BANGALORE URBAN_IDA),Shri LS Tejasvi Surya,BANGALORE SOUTH,Normal/Others,"Purchase of Furniture for Government Higher Primary School located in Sunkenahalli, Hanumantanagar Ward, Basavanagudi Assembly Constituency, Bengaluru South",499500.0,499500.0,,499500.0,147000000.0,Physical Inspection,Completed,1,2024-09-17,2025-03-17,,2025-03-18,181.0,,182.0,,,,,,0,0.0,0.0,0,0,,,,,0,None,7.3544896567513565,0,4.41,Low,0.0,No material anomaly signal detected.
WS/MP18155/2024,Punjab,HOSHIARPUR(DEPUTY COMMISSIONER HOSHIARPUR_IDA),DR. RAJ KUMAR CHABBEWAL,HOSHIARPUR(SC),Normal/Others,Construction of Street,200000.0,200000.0,,200000.0,147000000.0,Vendor Identification,Completed,1,2024-09-20,2024-09-25,,2026-02-04,5.0,,502.0,,,,,,0,0.0,0.0,0,0,,,,,0,None,7.32488034220075,0,4.39,Low,0.0,No material anomaly signal detected.
WS/MP812/2024,Uttar Pradesh,Kushinagar(DISTRICT MAGISTRATE KUSHINAGAR PADRAUNA_IDA),Vijay Kumar Dubey,KUSHI NAGAR,Normal/Others,WARD NO 10 MUNDERA RATANPATTI SHIV MANDIR KE PAS HIGH MAST KI STHAPANA,236234.0,236234.0,,236315.0,148900000.0,Physical Inspection,Completed,1,2024-08-17,2025-02-18,,2026-04-16,185.0,,607.0,,,,,,0,0.0,0.0,0,0,,,,,0,None,7.290431070429959,0,4.37,Low,0.0,No material anomaly signal detected.
WS/MP457/2024,Tamil Nadu,Viluppuram(DISTRICT COLLECTOR VILLUPURAM_IDA),D Ravikumar,VILUPPURAM(SC),Normal/Others,"Drama Stage in Ward No 32, Vazhuthareddy, Viluppuram Municipality",800000.0,600000.0,,249998.0,197598306.11,Physical Inspection,Completed,1,2024-09-20,2024-11-20,,2026-02-11,61.0,,509.0,,,,,,0,0.0,0.0,0,0,,,,,0,None,7.275417891566461,0,4.37,Low,0.0,No material anomaly signal detected.
WS/MP18051/2024,Chhattisgarh,MAHASAMUND(DISTRICT COLLECTOR MAHASAMUND_IDA),ROOP KUMARI CHOUDHARY,MAHASAMUND,Normal/Others,c c road nirman gram panchayat dabpali,500000.0,250000.0,,799400.0,153035414.0,Physical Inspection,Completed,1,2024-09-09,2024-11-26,,2026-07-23,78.0,,682.0,,,,,,0,0.0,0.0,0,0,,,,,0,None,7.2828496702190435,0,4.37,Low,0.0,No material anomaly signal detected.
WS/MP18172/2024,Rajasthan,Salumbar(DISTRICT COLLECTOR Salumbar_IDA),MANNA LAL RAWAT,UDAIPUR(ST),Normal/Others,"???? ?????? ??????? ????? , ???? ??????, ?????, ??????? , ???????",593000.0,200000.0,,1916904.0,147000000.0,Physical Inspection,Completed,1,2024-09-19,2025-01-13,,2026-08-04,116.0,,684.0,,,,,,0,0.0,0.0,0,0,,,,,0,None,7.217061931797477,0,4.33,Low,0.0,No material anomaly signal detected.
WS/MP18045/2024,Bihar,SIWAN(DISTRICT PLANNING OFFICER SIWAN_IDA),VIJAYLAKSHMI DEVI,SIWAN,Normal/Others,PCC Construction of the Road.,998018.0,992500.0,,1303542.0,147000000.0,Physical Inspection,Completed,1,2024-08-25,2024-10-16,,2025-05-08,52.0,,256.0,,,,,,0,0.0,0.0,0,0,,,,,0,None,7.058170130750301,0,4.23,Low,0.0,No material anomaly signal detected.
WS/MP641/2024,Madhya Pradesh,Khargone (West Nimar)(DISTRICT COLLECTOR KHARGONE_IDA),Gajendra Singh Patel,KHARGONE(ST),Normal/Others,Setting up of farmers’ training and assistance center in village Jalud at near Gaushala,1500000.0,1100000.0,,166026.0,147000000.0,Vendor Identification,Completed,1,2024-09-24,2024-09-27,,2026-05-12,3.0,,595.0,,,,,,0,0.0,0.0,0,0,,,,,0,None,7.0568776177647745,0,4.23,Low,0.0,No material anomaly signal detected.
WS/MP394/2024,Tamil Nadu,KANNIYAKUMARI(DISTRICT COLLECTOR KANNIYAKUMARI_IDA),Shri vijayakumar Vasanth,KANNIYAKUMARI,Normal/Others,peruvilai padipagam arugil samuga nalakoodam amithal,1500000.0,1500000.0,,300000.0,171500000.0,Sanction,Completed,1,2024-08-17,2024-09-24,,2025-09-15,38.0,,394.0,,,,,,0,0.0,0.0,0,0,,,,,0,None,7.016097954869031,0,4.21,Low,0.0,No material anomaly signal detected.
WS/MP18024/2024,Assam,JORHAT(DEPUTY COMMISSIONER JORHAT_IDA),GAURAV GOGOI,JORHAT,Normal/Others,"Construction of Trinayan Bahumukhi Kala Kristi Kendra, Dakhinpat, Bebejia GP",,150000.0,,130858.0,147000000.0,Vendor Identification,Completed,1,2024-10-18,,,2026-08-26,,,677.0,,,,,,0,0.0,0.0,0,0,,,,,0,None,6.926692134686649,0,4.16,Low,0.0,No material anomaly signal detected.
WS/MP313/2025,Arunachal Pradesh,DIBANG VALLEY(Deputy Commisioner Dibang Valley_IDA),Shri Tapir Gao,ARUNACHAL EAST,Normal/Others,C/o Protection wall near ITBP camp at Etalin in Dibang Valley District,1200000.0,1200000.0,,500000.0,147000000.0,Physical Inspection,Completed,1,2024-09-14,2025-07-21,,2025-11-27,310.0,,439.0,,,,,,0,0.0,0.0,0,0,,,,,0,None,6.848789649663635,0,4.11,Low,0.0,No material anomaly signal detected.
WS/MP413/2026,Bihar,GOPALGANJ(DISTRICT PLANNING OFFICER GOPALGANJ_IDA),Alok Kumar Suman,GOPALGANJ (SC),Normal/Others,"Under the Member of Parliament Local Area Development Scheme, an amount of Rs 49 lakh 90 thousand is recommended from my MP fund for the supply and installation of 5 high mast lights (including electricity) in Hathua Nagar Panchayat and Barauli Nagar Parishad of Gopalganj district.",,995000.0,,,147000000.0,Physical Inspection,,0,2024-11-03,,,,,,,,,,,,0,0.0,0.0,0,0,,,,,0,None,6.854885244465317,0,4.11,Low,0.0,No material anomaly signal detected.
WS/MP755/2025,Tamil Nadu,Kancheepuram(DISTRICT COLLECTOR KANCHEEPURAM_IDA),Thalikkottai Rajuthevar Baalu,SRIPERUMBUDUR,Normal/Others,Construction of an Anganwadi Building.,,1549952.0,,399150.0,196905535.11,Physical Inspection,Completed,1,2024-11-09,,,2025-11-26,,,382.0,,,,,,0,0.0,0.0,0,0,,,,,0,None,6.8136505970918195,0,4.09,Low,0.0,No material anomaly signal detected.
WS/MP18170/2024,Rajasthan,SIKAR(DISTRICT COLLECTOR SIKAR_IDA),AMRARAM,SIKAR,Normal/Others,"construction boundary walls of play ground,govt.sr.sec.school Thorasi. exective agency gram panchyat palthana",,290931.0,,499951.0,165691544.11,Physical Inspection,Completed,1,2024-10-03,,,2026-08-10,,,676.0,,,,,,0,0.0,0.0,0,0,,,,,0,None,6.73176379054343,0,4.04,Low,0.0,No material anomaly signal detected.
WS/MP18211/2024,Uttar Pradesh,DEORIA(DISTRICT MAGISTRATE DEORIA),SHASHANK MANI,DEORIA,Normal/Others,"Gram - Kamdhenwa, vikas khand - Rampur Karkhana me Gopal ji ke khet se Paramhansh ji ke chez tak CC Road lagbhag 110 mtr",968898.0,996628.0,,1468470.0,147000000.0,Physical Inspection,Completed,1,2024-09-11,2024-10-30,,2026-08-06,49.0,,694.0,,,,,,0,0.0,0.0,0,0,,,,,0,None,6.694979659470141,0,4.02,Low,0.0,No material anomaly signal detected.
WS/MP18180/2024,Tamil Nadu,PERAMBALUR(DISTRICT COLLECTOR PERAMBALUR_IDA),ARUN NEHRU,PERAMBALUR,Normal/Others,Construction of Single Unit Girls Toilet @ GHSS Siruvachur,,785000.0,,784659.0,147000000.0,Work Completed,Completed,1,2024-10-26,,,2025-03-21,,,146.0,,,,,,0,0.0,0.0,0,0,,,,,0,None,6.655381653214561,0,3.99,Low,0.0,No material anomaly signal detected.
WS/MP18353/2024,West Bengal,HOOGHLY(DISTRICT MAGISTRATE HOOGHLY_IDA),RACHNA BANERJEE,HOOGHLY,Normal/Others,Construction of New Class Room of Sarai G.S.F.P School (Pandua-23) of Pandua circle under Pandua Block,1269372.0,1269372.0,,1395000.0,147000000.0,Vendor Identification,Completed,1,2024-09-25,2025-03-26,,2026-07-22,182.0,,665.0,,,,,,0,0.0,0.0,0,0,,,,,0,None,6.564316133259665,0,3.94,Low,0.0,No material anomaly signal detected.
WS/MP498/2024,West Bengal,Dakshin Dinajpur(DISTRICT MAGISTRATE DINAJPUR DAKSHIN_IDA),Dr Sukanta Majumdar,BALURGHAT,Normal/Others,"Samsan Chulli at Jafarpur, Sukdebpur, Gangarampur Contact Perso : Banka Roy Mo- 8653289894",300000.0,300000.0,,298439.0,157085364.9,Sanction,Completed,1,2024-12-04,2025-01-24,,2026-08-07,51.0,,611.0,,,,,,0,0.0,0.0,0,0,,,,,0,None,6.433095780753987,0,3.86,Low,0.0,No material anomaly signal detected.
WS/MP552/2024,Bihar,PURBI CHAMPARAN(DISTRICT PLANNING OFFICER MOTHIHARI EAST CHAMPARAN_IDA),Radha Mohan Singh,PURVI CHAMPARAN,Normal/Others,"Motihari Nagar ke Shubhash Park me 12'0"" Uncha Chabutara ka Nirman karya.",1479192.0,1482448.0,,1250000.0,147000000.0,Physical Inspection,Completed,1,2024-09-02,2024-11-02,,2026-02-06,61.0,,522.0,,,,,,0,0.0,0.0,0,0,,,,,0,None,6.30822001077974,0,3.78,Low,0.0,No material anomaly signal detected.
NA-CONSTRUCTIONOFADDITIONALROOMSANDHALLSINTHEEXISTINGPUBLICANDCOMMUNITYBUILDING,West Bengal,DARJEELING(DISTRICT MAGISTRATE DARJEELING_IDA),Raju Bista,DARJEELING,Normal/Others,"Construction of additional rooms at Milan Sangha, Naguru Jote, Nimai, Patharghata Gram Panchayat Ref: Shailesh Sing (7384197077)",500000.0,500000.0,,,147000000.0,,,0,2024-08-16,,,,,,,,,,,,0,0.0,0.0,0,0,,,,,0,None,6.242216228812827,0,3.75,Low,0.0,No material anomaly signal detected.
WS/MP18161/2024,Rajasthan,BHARATPUR(DISTRICT COLLECTOR BHARATPUR_IDA),SANJNA JATAV,BHARATPUR(SC),Normal/Others,interlocking ent kharnja nirman karya hoti ke ghar se main raste ki or avm anya galiya gram nagla keval work agency fp gaonri,500000.0,300000.0,,399748.0,147000000.0,Sanction,Completed,1,2024-09-22,2024-12-12,,2026-08-16,81.0,,693.0,,,,,,0,0.0,0.0,0,0,,,,,0,None,6.005365891798175,0,3.6,Low,0.0,No material anomaly signal detected.
WS/MP18221/2025,Uttar Pradesh,JALAUN(DISTRICT MAGISTRATE JALAUN_IDA),NARAYAN DAS AHIRWAR,JALAUN(SC),Normal/Others,MS pole with LED Semi High Mast LIght,243000.0,243000.0,,,147000000.0,Work partially Completed,,1,2024-09-15,2025-06-06,,,264.0,,,,,,,,0,0.0,0.0,0,0,,,,,0,None,5.965343748691128,0,3.58,Low,0.0,No material anomaly signal detected.
WS/MP18021/2024,Assam,GOALPARA(Deputy Commissioner Goalpara_IDA),RAKIBUL HUSSAIN,DHUBRI,Normal/Others,Construction of Boundary Wall with Iron Gate near Play ground of Goalpara Town Eidgah,500000.0,500000.0,,500000.0,147000000.0,Vendor Identification,Completed,1,2024-09-24,2025-03-12,,2026-04-27,169.0,,580.0,,,,,,0,0.0,0.0,0,0,,,,,0,None,5.958012403466104,0,3.57,Low,0.0,No material anomaly signal detected.
WS/MP664/2025,Maharashtra,MUMBAI(DISTRICT COLLECTOR MUMBAI CITY_IDA),Arvind Ganpat Sawant,MUMBAI SOUTH,Normal/Others,uday krida mandal janta colony worlikoliwada worli community hall,,1795410.0,,1795410.0,147000000.0,Physical Inspection,Completed,1,2024-10-08,,,2025-09-17,,,344.0,,,,,,0,0.0,0.0,0,0,,,,,0,None,5.940747118935698,0,3.56,Low,0.0,No material anomaly signal detected.
WS/MP18006/2024,Andhra Pradesh,CHITTOOR(DISTRICT COLLECTOR CHITTOOR_IDA),DAGGUMALLA PRASADA RAO,CHITTOOR,Normal/Others,"Construction of Bus Shelter in Thotavaripalli Village of Ayyappagari (GP), Puthalapattu Mandal of Puthalapattu Constituency",350000.0,500000.0,,3037130.0,147000000.0,Work Completed,Completed,1,2024-09-23,2024-09-27,,2025-10-06,4.0,,378.0,,,,,,0,0.0,0.0,0,0,,,,,0,None,5.844105522223524,0,3.51,Low,0.0,No material anomaly signal detected.
WS/MP18357/2024,Madhya Pradesh,SHIVPURI(District Collector Shivpuri_IDA),JYOTIRADITYA M. SCINDIA,GUNA,Normal/Others,"Roof Grading, Water Proofing, Plaster, Floor and Whitewash related important work of Government Primary School Khaskhera Block Guna",585000.0,321000.0,,1000000.0,147000000.0,Vendor Identification,Completed,1,2024-09-26,2024-09-27,,2026-04-02,1.0,,553.0,,,,,,0,0.0,0.0,0,0,,,,,0,None,5.745050366652434,0,3.45,Low,0.0,No material anomaly signal detected.
WS/MP360/2024,Madhya Pradesh,UJJAIN(DISTRICT COLLECTOR UJJAIN_IDA),Shri Anil Firojiya,UJJAIN(SC),Normal/Others,,,100000.0,,97829.0,147000000.0,Work Completed,Completed,1,2024-10-09,,,2026-04-07,,,545.0,,,,,,0,0.0,0.0,0,0,,,,,0,None,5.724629017945219,0,3.43,Low,0.0,No material anomaly signal detected.
WS/MP18359/2024,Uttar Pradesh,AMROHA(DISTRICT MAGISTRATE JYOTIBAPHULE NAGAR_IDA),KANWAR SINGH TANWAR,AMROHA,Normal/Others,Vikaskhand Hasanpur ke gram Bijnoura mein Ramkesh ki dukaan se khajaan ke Makan ki aor CC road evam nali Nirman (Impliment Agency PCCD Amroha),,1492916.0,,1700950.0,147000000.0,Physical Inspection,Completed,1,2024-10-16,,,2025-09-08,,,327.0,,,,,,0,0.0,0.0,0,0,,,,,0,None,5.678983947061342,0,3.41,Low,0.0,No material anomaly signal detected.
WS/MP005/2024,Gujarat,Ahmedabad(DISTRICT COLLECTOR AHMADABAD_IDA),Devusinh Jesingbhai Chauhan,KHEDA,Normal/Others,"Construction of C.C Road at Bhalan Para Vistar, Keshaji Mangaji House towards Dasrathbhai Somabhai House",,450000.0,,450000.0,147000000.0,Physical Inspection,Completed,1,2024-10-01,,,2025-07-05,,,277.0,,,,,,0,0.0,0.0,0,0,,,,,0,None,5.6296204158916785,0,3.38,Low,0.0,No material anomaly signal detected.
WS/MP681/2025,Maharashtra,JALNA(DISTRICT COLLECTOR JALNA_IDA),Sanjay Haribhau Jadhav,PARBHANI,Normal/Others,"construction of cc road at nansi, tal.Mantha.",700000.0,700000.0,,,147000000.0,Vendor Identification,,0,2024-10-03,2025-10-15,,,377.0,,,,,,,,0,0.0,0.0,0,0,,,,,0,None,5.594216529322642,0,3.36,Low,0.0,No material anomaly signal detected.
WS/MP356/2024,Madhya Pradesh,MANDSAUR(DISTRICT COLLECTOR MANDSAUR_IDA),Shri Sudheer Gupta,MANDSOUR,Normal/Others,CONSTRUCTION OF CC ROAD,400000.0,300000.0,,500000.0,148988014.83,Physical Inspection,Completed,1,2024-09-13,2024-12-09,,2026-08-04,87.0,,690.0,,,,,,0,0.0,0.0,0,0,,,,,0,None,5.517025861631702,0,3.31,Low,0.0,No material anomaly signal detected.
WS/MP755/2024,Tamil Nadu,Kancheepuram(DISTRICT COLLECTOR KANCHEEPURAM_IDA),Thalikkottai Rajuthevar Baalu,SRIPERUMBUDUR,Normal/Others,Construction of a Ration Shop.,,1399631.0,,1399631.0,196905535.11,Physical Inspection,Completed,1,2024-11-09,,,2025-12-09,,,395.0,,,,,,0,0.0,0.0,0,0,,,,,0,None,5.510380828917807,0,3.31,Low,0.0,No material anomaly signal detected.
WS/MP18138/2024,Mizoram,AIZAWL(DEPUTY COMMISSIONER AIZAWL_IDA),RICHARD VANLALHMANGAIHA,MIZORAM (ST),Normal/Others,"Internal road PCC Flooring from S. Vanlalvura's house to Vanlalliana House, Zohmun",350000.0,1807115.0,,250000.0,147000000.0,Work Completed,Completed,1,2024-09-25,2025-01-13,,2026-02-16,110.0,,509.0,,,,,,0,0.0,0.0,0,0,,,,,0,None,5.497132418359329,0,3.3,Low,0.0,No material anomaly signal detected.
WS/MP18175/2024,Tamil Nadu,DHARMAPURI(DISTRICT COLLECTOR DHARMAPURI_IDA),MANI. A.,DHARAMAPURI,Normal/Others,Construciton of Angwadi building at Pudhu reddiyur Kadathur Town Panchayat,,1655000.0,,,164515071.11,Physical Inspection,,0,2024-10-23,,,,,,,,,,,,0,0.0,0.0,0,0,,,,,0,None,5.474757342766605,0,3.28,Low,0.0,No material anomaly signal detected.
WS/MP18100/2024,Madhya Pradesh,Pandhurna(District Collector Pandhurna_IDA),BUNTY VIVEK SAHU,CHHINDWARA,Normal/Others,GP Devi Sausar,,100000.0,,100000.0,147000000.0,Work partially Completed,Completed,1,2024-11-10,,,2026-04-16,,,522.0,,,,,,0,0.0,0.0,0,0,,,,,0,None,5.411601932014774,0,3.25,Low,0.0,No material anomaly signal detected.
WS/MP18220/2024,Uttar Pradesh,ALIGARH(DISTRICT MAGISTRATE ALIGARH_IDA),ANOOP PRADHAN BALMIKI,HATHRAS (SC),Normal/Others,Gram Badwamni Block Lodha mai Beethna Modh se Marghat ki taraf 230 miter interlocking karya,,1942383.0,,801749.0,147000000.0,Physical Inspection,Completed,1,2024-10-17,,,2026-01-27,,,467.0,,,,,,0,0.0,0.0,0,0,,,,,0,None,5.378451170108846,0,3.23,Low,0.0,No material anomaly signal detected.
WS/MP18121/2025,Maharashtra,JALGAON(DISTRICT COLLECTOR JALGAON_IDA),SMITA UDAY WAGH,JALGAON,Normal/Others,Construction of a drainage system and concreting along Malegaon Road in Chalisgaon city,,2000000.0,,,148107373.11,Sanction,,0,2024-10-11,,,,,,,,,,,,0,0.0,0.0,0,0,,,,,0,None,5.288150411946434,0,3.17,Low,0.0,No material anomaly signal detected.
WS/MP313/2024,Arunachal Pradesh,EAST SIANG(Deputy Commisioner East Siang_IDA),Shri Tapir Gao,ARUNACHAL EAST,Normal/Others,C/o Culvert at PMGP Road near Jampani under Sika Bamin Village in East Siang District,800000.0,2000000.0,,2000000.0,147000000.0,Work Completed,Completed,1,2024-09-15,2025-02-05,,2026-01-28,143.0,,500.0,,,,,,0,0.0,0.0,0,0,,,,,0,None,5.256577986463364,0,3.15,Low,0.0,No material anomaly signal detected.
WS/MP422/2024,Bihar,SUPAUL(DISTRICT PLANNING OFFICER SUPAUL_IDA),Dileshwar Kamait,SUPAUL,Normal/Others,SADAK KA NIRMAN TATHA PCC DHALAI KARYA,1171823.0,921000.0,,1171823.0,150450930.89,Physical Inspection,Completed,1,2024-09-21,2025-01-04,,2025-06-30,105.0,,282.0,,,,,,0,0.0,0.0,0,0,,,,,0,None,5.091724244200202,0,3.06,Low,0.0,No material anomaly signal detected.
NA-STREETLIGHTS,Uttar Pradesh,DEORIA(DISTRICT MAGISTRATE DEORIA),RAMASHANKAR RAJBHAR,SALEMPUR,Normal/Others,"One 9 meter high mast LED light on town area Bhatpar rani, development block parisar",319000.0,319000.0,,,160056927.07,,,0,2024-09-24,,,,,,,,,,,,0,0.0,0.0,0,0,,,,,0,None,4.972861217122061,0,2.98,Low,0.0,No material anomaly signal detected.
WS/MP499/2024,West Bengal,BIRBHUM(DISTRICT MAGISTRATE BIRBHUM_IDA),Smt Satabdi Roy (Banerjee),BIRBHUM,Normal/Others,"Installation of Submarsible pump with pipe line, Vill- Mashra, Dag- 2130, JL- 41, Near Dulal Mondal house, G.P - Masra, RPH - I",498940.0,305646.0,,299237.0,147000000.0,Physical Inspection,Completed,1,2024-10-01,2024-12-30,,2026-08-13,90.0,,681.0,,,,,,0,0.0,0.0,0,0,,,,,0,None,4.909543182173542,0,2.95,Low,0.0,No material anomaly signal detected.
WS/MP18230/2024,Uttar Pradesh,LUCKNOW(DISTRICT MAGISTRAE LUCKNOW_IDA),R.K. CHAUDHARY,MOHANLALGANJ(SC),Normal/Others,Asarfilal rawat ke ghar ke pass solar light 4-way,,107985.0,,107715.0,147000000.0,Work Completed,Completed,1,2024-10-19,,,2026-01-08,,,446.0,,,,,,0,0.0,0.0,0,0,,,,,0,None,4.893328087108896,0,2.94,Low,0.0,No material anomaly signal detected.
WS/MP654/2024,Madhya Pradesh,ANUPPUR(DISTRICT COLLECTOR ANUPPUR_IDA),Smt Himadri Singh,SHAHDOL (ST),Normal/Others,construction of culvert near sant kumar's field.,1499800.0,1000000.0,,366964.0,150724861.11,Vendor Identification,Completed,1,2024-09-23,2024-11-06,,2026-04-13,44.0,,567.0,,,,,,0,0.0,0.0,0,0,,,,,0,None,4.879746284825273,0,2.93,Low,0.0,No material anomaly signal detected.
WS/MP18032/2024,Bihar,KAIMUR (BHABUA)(DISTRICT PLANNING OFFICER KAIMUR BHABUA_IDA),SUDHAKAR SINGH,BUXAR,Normal/Others,Construction of community hall with toilet near Ram Janki pond at Nuaon,926359.0,1484134.0,,711037.0,185211956.54,Physical Inspection,Completed,1,2024-09-25,2025-01-07,,2026-02-16,104.0,,509.0,,,,,,0,0.0,0.0,0,0,,,,,0,None,4.808910352831354,0,2.89,Low,0.0,No material anomaly signal detected.
WS/MP352/2024,Kerala,ERNAKULAM(DISTRICT COLLECTOR ERNAKULAM_IDA),Shri Hibi Eden,ERNAKULAM,Normal/Others,Purchase of 5 Laptops for Govt.HSS Eloor,176035.0,176035.0,,176035.0,162177260.11,Physical Inspection,Completed,1,2024-09-23,2025-03-10,,2025-10-13,168.0,,385.0,,,,,,0,0.0,0.0,0,0,,,,,0,None,4.805091586483065,0,2.88,Low,0.0,No material anomaly signal detected.
NA-CONSTRUCTIONOFCOMMONWORKSHEDS/COMMONCOVEREDSITTINGAREA,Maharashtra,YAVATMAL(DISTRICT COLLECTOR YAVATMAL_IDA),Sanjay Uttamrao Deshmukh,YAVATMAL-WASHIM,Normal/Others,Construction of common coverd sitting work shed for senior citizen at anywhere in Old Digras-Darwha Road,500000.0,500000.0,,,185640423.0,,,0,2024-10-07,,,,,,,,,,,,0,0.0,0.0,0,0,,,,,0,None,4.742153870853554,0,2.85,Low,0.0,No material anomaly signal detected.
WS/MP18336/2024,Chhattisgarh,RAIPUR(DISTRICT COLLECTOR RAIPUR_IDA),BRIJMOHAN AGRAWAL,RAIPUR,Normal/Others,"CC road nirman, main road se shamshan ghat tak, Gram Kapsada, Block Dharsiwa, Dist Raipur",1000000.0,500000.0,,1000000.0,153766451.11,Work partially Completed,Completed,1,2024-08-12,2024-09-20,,2026-04-03,39.0,,599.0,,,,,,0,0.0,0.0,0,0,,,,,0,None,4.571079693433224,0,2.74,Low,0.0,No material anomaly signal detected.
WS/MP18162/2024,Rajasthan,BHILWARA(DISTRICT COLLECTOR BHILWARA_IDA),DAMODAR AGARWAL,BHILWARA,Normal/Others,"SARVJANIK SHAMSHAN HETU CHAR DIWARI NIRMAN VILL- ARNIYA KHALASA , GP- ARNIYA, P.S.- SAHARA",,492788.0,,499077.0,147000000.0,Physical Inspection,Completed,1,2024-10-16,,,2026-08-13,,,666.0,,,,,,0,0.0,0.0,0,0,,,,,0,None,4.546782261426063,0,2.73,Low,0.0,No material anomaly signal detected.
WS/MP517/2024,Uttar Pradesh,AGRA(DISTRICT MAGISTRAE AGRA_IDA),Rajkumar Chahar,FATEHPUR SIKRI,Normal/Others,Pl see my letter no 7895 dated 27-8-2024 me prastavit high mast light install in block Bichpuri as par sr no 60,248596.0,248833.0,,1495266.0,147000000.0,Physical Inspection,Completed,1,2024-09-10,2024-10-21,,2026-01-30,41.0,,507.0,,,,,,0,0.0,0.0,0,0,,,,,0,None,4.553034987077139,0,2.73,Low,0.0,No material anomaly signal detected.
WS/MP18235/2024,Uttar Pradesh,RAMPUR(DISTRICT MAGISTRATE RAMPUR_IDA),MOHIBBULLAH,RAMPUR,Normal/Others,CONSTRUCTION OF CC ROAD AND DRAIN FROM MAIN ROAD TOWARDS AKBAR ALI ’S HOUSE IN THE VILLAGE OF SINGNI BLOCK SAIDNAGAR (I.A. RED Rampur),586039.0,200502.0,,755625.0,147000000.0,Physical Inspection,Completed,1,2024-09-29,2024-11-13,,2026-04-28,45.0,,576.0,,,,,,0,0.0,0.0,0,0,,,,,0,None,4.542578346990569,0,2.73,Low,0.0,No material anomaly signal detected.
WS/MP777/2024,Uttar Pradesh,GAUTAM BUDDHA NAGAR(DISTRICT MAGISTRATE GAUTAMBUDHNAGAR),Mahesh Sharma,GAUTAM BUDDHA NAGAR,Normal/Others,"Vilaspur men Rampur road se lekar merry Dairy ki ore interlocking & naali nirman, 91 meter",906023.0,906023.0,,1077092.0,148816284.11,Physical Inspection,Completed,1,2024-08-21,2024-09-07,,2025-09-20,17.0,,395.0,,,,,,0,0.0,0.0,0,0,,,,,0,None,4.515669736033492,0,2.71,Low,0.0,No material anomaly signal detected.
WS/MP18117/2024,Maharashtra,DHULE(DISTRICT COLLECTOR DHULE_IDA),BACHHAV SHOBHA DINESH,DHULE,Normal/Others,"Supply interactive board , computer , vc camera (for two class room) at priyadarshani indira gandhi madhymik vidhyalay v kanisth mahavidhyaly betavad tal shindhkheda",1000000.0,1000000.0,,1000000.0,147000000.0,Physical Inspection,Completed,1,2024-09-20,2024-12-02,,2025-08-14,73.0,,328.0,,,,,,0,0.0,0.0,0,0,,,,,0,None,4.463237060293424,0,2.68,Low,0.0,No material anomaly signal detected.
WS/MP18074/2024,Jharkhand,KHUNTI(DEPUTY COMMISSIONER KHUNTI_IDA),KALI CHARAN MUNDA,KHUNTI(ST),Normal/Others,Construction of paver block path from Ganesh Manjhi's house to PCC Road in village Ghaghra of Ganaloya Panchayat under Murhu Block.,200000.0,500000.0,,1000000.0,147000000.0,Work partially Completed,Completed,1,2024-09-12,2024-10-14,,2025-11-21,32.0,,435.0,,,,,,0,0.0,0.0,0,0,,,,,0,None,4.414461772188471,0,2.65,Low,0.0,No material anomaly signal detected.
WS/MP18218/2024,Uttar Pradesh,HAPUR(DISTRICT MAGISTRATE HAPUR_IDA),ATUL GARG,GHAZIABAD,Normal/Others,CONSTRUCTION OF CC ROAD IN VILLAGE KARANPUR JATT (FROM HOUSE OF JAIKISHAN BABA TO PANCHAYAT BHAWAN),,988479.0,,207741.0,155336470.0,Physical Inspection,Completed,1,2024-10-27,,,2025-08-20,,,297.0,,,,,,0,0.0,0.0,0,0,,,,,0,None,4.40420159053644,0,2.64,Low,0.0,No material anomaly signal detected.
WS/MP528/2024,Andhra Pradesh,GUNTUR(DISTRICT COLLECTOR GUNTUR_IDA),Lavu Sri Krishna Devarayalu,NARASARAOPET,Normal/Others,Fixing of New Connection & additional load in ESI Hospital Nadimpalem village of Prathipadu Mandal of Guntur District.,416758.0,416758.0,,,174009663.11,Vendor Identification,,0,2024-09-27,2024-12-16,,,80.0,,,,,,,,0,0.0,0.0,0,0,,,,,0,None,4.332142579367093,0,2.6,Low,0.0,No material anomaly signal detected.
WS/MP727/2024,Rajasthan,KOTA(DISTRICT COLLECTOR KOTA_IDA),Om Birla,KOTA,Normal/Others,"Sangod Mai Vidya Bharti Shiksha Santhan Dwara Sanchalit Maharaj Shri Kashipuri Adarsh Vidya Mandir Madhyamik Vidhyalay Me Kaksha-Kaksho Ka Nirman Karya. Place- Gram, Gram Panchayat Sangod, Block- Sangod, Recommended Amount- 10.00 Lakh Rs., Implementing Agency- Pwd Div. Sangod",998893.0,500000.0,,454143.0,163906956.6,Sanction,Completed,1,2024-09-21,2024-12-07,,2026-04-27,77.0,,583.0,,,,,,0,0.0,0.0,0,0,,,,,0,None,4.336399777050919,0,2.6,Low,0.0,No material anomaly signal detected.
WS/MP18339/2024,Uttar Pradesh,GONDA(DISTRICT MAGISTRATE GONDA_IDA),KARAN BHUSHAN SINGH,KAISERGANJ,Normal/Others,Sr.No. 11 Interlocking work of 200 meters length from Lavkush Mishra's shop to Chandhri Maurya's house.,1039280.0,700000.0,,703853.0,147000000.0,Physical Inspection,Completed,1,2024-09-20,2024-11-20,,2026-05-13,61.0,,600.0,,,,,,0,0.0,0.0,0,0,,,,,0,None,4.32425831214228,0,2.59,Low,0.0,No material anomaly signal detected.
WS/MP18335/2024,Chhattisgarh,RAIGARH(DISTRICT COLLECTOR RAIGARH_IDA),RADHE SHYAM RATHIYA,RAIGARH(ST),Normal/Others,Construction of Community hall,,1000000.0,,998398.0,159706972.09,Work partially Completed,Completed,1,2024-11-05,,,2026-07-11,,,613.0,,,,,,0,0.0,0.0,0,0,,,,,0,None,4.20303709978429,0,2.52,Low,0.0,No material anomaly signal detected.
WS/MP468/2024,Uttar Pradesh,JHANSI(DISTRICT MAGISTRAE JHANSI_IDA),Anurag Sharma,JHANSI,Normal/Others,Construction of Laboratory room at Smt. Bhagwati Devi Thapak Inter College Sakrar Block Bangra.,498365.0,224200.0,,997920.0,147000000.0,Physical Inspection,Completed,1,2024-08-28,2024-10-28,,2026-03-10,61.0,,559.0,,,,,,0,0.0,0.0,0,0,,,,,0,None,4.206361246003949,0,2.52,Low,0.0,No material anomaly signal detected.
WS/MP18322/2024,Jharkhand,DUMKA(DEPUTY COMMISSIONER DUMKA_IDA),NALIN SOREN,DUMKA(ST),Normal/Others,Construction of Guardwall near Pond from Jamni to Gamra Road in Panchayat- Bichiyapahari,300000.0,300000.0,,450000.0,147364097.11,Work partially Completed,Completed,1,2024-09-14,2024-12-20,,2025-09-16,97.0,,367.0,,,,,,0,0.0,0.0,0,0,,,,,0,None,4.172242562707768,0,2.5,Low,0.0,No material anomaly signal detected.
WS/MP18206/2024,Uttar Pradesh,BANDA(DISTRICT MAGISTRATE BANDA_IDA),KRISHNA DEVI SHIVSHANKER PATEL,BANDA,Normal/Others,Construction of rooms and halls in shree Shivrani Public School Parsenta singhpur block bisanda dist banda,999000.0,226698.0,,232197.0,147000000.0,Physical Inspection,Completed,1,2024-10-01,2024-12-25,,2025-12-16,85.0,,441.0,,,,,,0,0.0,0.0,0,0,,,,,0,None,4.127806999501642,0,2.48,Low,0.0,No material anomaly signal detected.
WS/MP18245/2024,West Bengal,Paschim Medinipur(DISTRICT MAGISTRATE PASCHIM MEDINIPUR_IDA),BAG MITALI,ARAMBAG(SC),Normal/Others,SOLAR PANEL HIGH MAST LIGHT AT AMRAPAT MAJHERPARA WITHIN MANGRUL GP UNDER CHANDRAKONA-I DEV. BLOCK,377848.0,377848.0,,377848.0,147000000.0,Physical Inspection,Completed,1,2024-12-18,2025-03-27,,2026-07-23,99.0,,582.0,,,,,,0,0.0,0.0,0,0,,,,,0,None,4.111314197857348,0,2.47,Low,0.0,No material anomaly signal detected.
WS/MP18023/2025,Assam,KAMRUP(DEPUTY COMMISSIONER KAMRUP_IDA),BIJULI KALITA MEDHI,GUWAHATI,Normal/Others,"Construction of Cultural activites hall at Kahibari , Chamaria near Kahibari anchalic Saradia Durga Puja , Pin - 781136",500000.0,500000.0,,,147000000.0,Vendor Identification,,0,2024-09-26,2025-08-14,,,322.0,,,,,,,,0,0.0,0.0,0,0,,,,,0,None,4.111677737006409,0,2.47,Low,0.0,No material anomaly signal detected.
WS/MP416/2024,Bihar,DARBHANGA(DISTRICT PLANNING OFFICER DARBANGA_IDA),Ashok Kumar Yadav,MADHUBANI,Normal/Others,Supply And installation Mini High Mast Lightning System AT badh Pokhara Chowk,,495000.0,,933991.0,147000000.0,Physical Inspection,Completed,1,2024-11-05,,,2025-07-14,,,251.0,,,,,,0,0.0,0.0,0,0,,,,,0,None,4.066465555915677,0,2.44,Low,0.0,No material anomaly signal detected.
WS/MP18144/2024,Odisha,KALAHANDI(DISTRICT COLLECTOR KALAHANDI_IDA),MALVIKA DEVI,KALAHANDI,Normal/Others,Construction of drain with CD work at Mahadev bag new house road.,500000.0,200000.0,,500000.0,147000000.0,Physical Inspection,Completed,1,2024-09-20,2024-11-19,,2026-01-29,60.0,,496.0,,,,,,0,0.0,0.0,0,0,,,,,0,None,3.952943398896135,0,2.37,Low,0.0,No material anomaly signal detected.
WS/MP494/2024,Uttar Pradesh,AGRA(DISTRICT MAGISTRAE AGRA_IDA),Prof SP Singh Baghel,AGRA(SC),Normal/Others,sumbarseble pump with water tank in saket vidhyapeeth shahganj agra,264075.0,264075.0,,263761.0,147000000.0,Physical Inspection,Completed,1,2024-10-16,2025-01-05,,2026-01-21,81.0,,462.0,,,,,,0,0.0,0.0,0,0,,,,,0,None,3.704307042939644,0,2.22,Low,0.0,No material anomaly signal detected.
WS/MP18152/2024,Punjab,FARIDKOT(DEPUTY COMMISSIONER FARIDKOT_IDA),SARABJEET SINGH KHALSA,FARIDKOT(SC),Normal/Others,Construction of New Badminton court in indoor Hall Nehru Stadium Faridkot,438044.0,300000.0,,100000.0,150850348.15,Sanction,Completed,1,2024-09-20,2024-11-25,,2026-02-11,66.0,,509.0,,,,,,0,0.0,0.0,0,0,,,,,0,None,3.707318559635369,0,2.22,Low,0.0,No material anomaly signal detected.
WS/MP18391/2024,Nagaland,MON(Deputy Commissioner Mon_IDA),S SUPONGMEREN JAMIR,NAGALAND,Normal/Others,Construction of road toward Tengjangpang fishery pond,1087620.0,300000.0,,100000.0,147000000.0,Physical Inspection,Completed,1,2024-09-11,2024-11-27,,2026-01-12,77.0,,488.0,,,,,,0,0.0,0.0,0,0,,,,,0,None,3.5324242116873856,0,2.12,Low,0.0,No material anomaly signal detected.
WS/MP459/2025,Tamil Nadu,CHENNAI(COMMISSIONER MUNCIPAL CORPORATION CHENNAI_IDA),T Sumathy (A) Thamizhachi Thangapandian,CHENNAI SOUTH,Normal/Others,Purchase Books for Government Schools Library,,1600000.0,,10478968.0,147000000.0,Work partially Completed,Completed,1,2024-10-23,,,2026-02-17,,,482.0,,,,,,0,0.0,0.0,0,0,,,,,0,None,3.540618150357263,0,2.12,Low,0.0,No material anomaly signal detected.
WS/MP18205/2025,Uttar Pradesh,GHAZIPUR(DISTRICT MAGISTRAE GHAZIPUR_IDA),SANATAN PANDEY,BALLIA,Normal/Others,"Installation of Open gym work At Primary School, Pakdi Revised Letter Attached",,690000.0,,525767.0,180420041.4,Work partially Completed,Completed,1,2024-10-21,,,2026-05-12,,,568.0,,,,,,0,0.0,0.0,0,0,,,,,0,None,3.5413321627312726,0,2.12,Low,0.0,No material anomaly signal detected.
WS/MP643/2026,Madhya Pradesh,DEWAS(DISTRICT COLLECTOR DEWAS_IDA),Gyaneshwar Patil,KHANDWA,Normal/Others,ward number 11 tin shed nirman near karweshwar go seva,,500000.0,,,155690684.77,Sanction,,0,2024-10-09,,,,,,,,,,,,0,0.0,0.0,0,0,,,,,0,None,3.520212409682872,0,2.11,Low,0.0,No material anomaly signal detected.
WS/MP18394/2026,Tamil Nadu,SALEM(DISTRICT COLLECTOR SALEM_IDA),V S Matheswaran,NAMAKKAL,Normal/Others,Providing High mass Light at near Sankari old bus stop Salem dist (12 mts Ladder - 200 Watts - 6 nos),,350000.0,,,162539930.11,Physical Inspection,,0,2024-11-07,,,,,,,,,,,,0,0.0,0.0,0,0,,,,,0,None,3.5020090325848963,0,2.1,Low,0.0,No material anomaly signal detected.
WS/MP18106/2024,Madhya Pradesh,SHEOPUR(District Collector Sheopur_IDA),SHIVMANGAL SINGH TOMAR,MORENA,Normal/Others,"gram panchayat khitarpal, janpad panchayat vijaypur, main road se shri kali mata mandir tak",800000.0,800000.0,,166026.0,147000000.0,Vendor Identification,Completed,1,2024-10-15,2024-12-17,,2025-10-10,63.0,,360.0,,,,,,0,0.0,0.0,0,0,,,,,0,None,3.4433273817940626,0,2.07,Low,0.0,No material anomaly signal detected.
WS/MP18004/2024,Andhra Pradesh,Alluri Sitharama Raju(DISTRICT COLLECTOR ALLURI SITHARAMARAJU_IDA),Gumma Thanuja Rani,ARAKU(ST),Normal/Others,purchase of street lights,,1394400.0,,2394074.0,149458905.11,Vendor Identification,Completed,1,2024-11-12,,,2025-11-24,,,377.0,,,,,,0,0.0,0.0,0,0,,,,,0,None,3.302257958725997,0,1.98,Low,0.0,No material anomaly signal detected.
WS/MP18102/2024,Madhya Pradesh,DHAR(DISTRICT COLLECTOR DHAR_IDA),SAVITRI THAKUR,DHAR(ST),Normal/Others,GI cotted water tank 5500 liter 900*20 tyres,,166026.0,,600000.0,147000000.0,Physical Inspection,Completed,1,2024-11-12,,,2026-03-09,,,482.0,,,,,,0,0.0,0.0,0,0,,,,,0,None,3.2596823261246404,0,1.96,Low,0.0,No material anomaly signal detected.
WS/MP828/2024,West Bengal,NADIA(DISTRICT MAGISTRATE NADIA_IDA),Jagannath Sarkar,RANAGHAT(SC),Normal/Others,"Construction of Bathinghat(Boro Ghat) At Gayes, Booth -89/4 under Mamjoan GP, Hanskhali Block Dev",,792406.0,,268552.0,147000000.0,Physical Inspection,Completed,1,2024-10-28,,,2026-08-05,,,646.0,,,,,,0,0.0,0.0,0,0,,,,,0,None,3.1093349099220116,0,1.87,Low,0.0,No material anomaly signal detected.
WS/MP508/2024,Tamil Nadu,Tirupathur(District Collector Tirupathur_IDA),CN Annadurai,TIRUVANNAMALAI,Normal/Others,Providing LED Street Light arrangements in Thoranampathi at Kandali Block km 0/301 - 0/600,1000000.0,1000000.0,,435000.0,148579509.11,Work Completed,Completed,1,2024-08-28,2025-03-12,,2026-03-30,196.0,,579.0,,,,,,0,0.0,0.0,0,0,,,,,0,None,3.105371404387985,0,1.86,Low,0.0,No material anomaly signal detected.
WS/MP18176/2024,Tamil Nadu,DINDIGUL(DISTRICT COLLECTOR DINDIGUL_IDA),SACHITHANANTHAM R,DINDIGUL,Normal/Others,Construction of public libraries BUILDING @ Kolumakondan Near periyar ninaivu kattitam arukil nulaga kattitam,1483160.0,1000000.0,,1483160.0,147000000.0,Physical Inspection,Completed,1,2024-09-24,2025-01-30,,2026-03-10,128.0,,532.0,,,,,,0,0.0,0.0,0,0,,,,,0,None,2.9749056280496733,0,1.78,Low,0.0,No material anomaly signal detected.
WS/MP575/2024,Gujarat,NAVSARI(DISTRICT COLLECTOR NAVSARI_IDA),C R Patil,NAVSARI,Normal/Others,"for block Paving in Patel Faliya, Talav Faliya At Rahej Village",500000.0,500000.0,,249300.0,158532494.36,Physical Inspection,Completed,1,2024-09-03,2024-10-17,,2025-10-14,44.0,,406.0,,,,,,0,0.0,0.0,0,0,,,,,0,None,2.8474891424693602,0,1.71,Low,0.0,No material anomaly signal detected.
WS/MP681/2024,Maharashtra,JALNA(DISTRICT COLLECTOR JALNA_IDA),Sanjay Haribhau Jadhav,PARBHANI,Normal/Others,"construction of cc road wakadi, tal.Mantha.",500000.0,999154.0,,997697.0,147000000.0,Sanction,Completed,1,2024-10-03,2025-01-07,,2025-08-18,96.0,,319.0,,,,,,0,0.0,0.0,0,0,,,,,0,None,2.833855829620055,0,1.7,Low,0.0,No material anomaly signal detected.
WS/MP859/2024,West Bengal,HOWRAH(DISTRICT MAGISTRATE HOWRAH_IDA),Kalyan Banerjee,SREERAMPUR,Normal/Others,"CONSTRUCTION OF SAMSAN CHULLI WITH BOUNDARY WALL AT BARGACHIA MANSHINGHA BORO MANSHA TALA SAMSAN IN BARGACHIA - II GRAM PANCHAYAT UNDER JGATBALLAVPUR PANCHAYAT SAMITI, DIST- HOWRAH",,640355.0,,324438.0,147000000.0,Physical Inspection,Completed,1,2024-10-25,,,2026-08-06,,,650.0,,,,,,0,0.0,0.0,0,0,,,,,0,None,2.8373250761704725,0,1.7,Low,0.0,No material anomaly signal detected.
WS/MP18252/2024,West Bengal,Purba Medinipur(DISTRICT MAGISTRATE PURBA MEDINIPUR_IDA),ADHIKARI SOUMENDU,KANTHI,Normal/Others,Installation of (05) nos. Solar high mast street light at different place of Patashpur -I Block,,1349724.0,,1349724.0,147000000.0,Physical Inspection,Completed,1,2024-11-06,,,2026-01-27,,,447.0,,,,,,0,0.0,0.0,0,0,,,,,0,None,2.7992416725607825,0,1.68,Low,0.0,No material anomaly signal detected.
WS/MP574/2024,Gujarat,MAHESANA(DISTRICT COLLECTOR MAHESANA_IDA),Bharatsinhji Shankarji Dabhi,PATAN,Normal/Others,narsang sumrabhai men rod thi bhatha para taraf d.p sudhi c.c. road nu kam,300000.0,300000.0,,300000.0,147000000.0,Physical Inspection,Completed,1,2024-09-23,2025-03-24,,2026-01-08,182.0,,472.0,,,,,,0,0.0,0.0,0,0,,,,,0,None,2.7237810614257714,0,1.63,Low,0.0,No material anomaly signal detected.
WS/MP18277/2025,West Bengal,PASCHIM BARDHAMAN(DISTRICT MAGISTRATE PASCHIM BARDHAMAN_IDA),AZAD KIRTI JHA,BARDHAMAN-DURGAPUR,Normal/Others,Construction of stage with shed at Amrai Babu Para Durgamandir,,861205.0,,,179658399.98,Sanction,,0,2024-11-04,,,,,,,,,,,,0,0.0,0.0,0,0,,,,,0,None,2.696641325943162,0,1.62,Low,0.0,No material anomaly signal detected.
WS/MP319/2025,Bihar,PURNIA(DISTRICT PLANNING OFFICER PURNIA_IDA),Dr Mohammad Jawed,KISHANGANJ,Normal/Others,AMOUR PRAKHAND ANTARGART KARIA PANCHAYAT KE MATTU CHOWK ME (12 METER) HIGH MAST LIGHT,,635000.0,,635000.0,148669229.11,Physical Inspection,Completed,1,2024-10-08,,,2025-07-17,,,282.0,,,,,,0,0.0,0.0,0,0,,,,,0,None,2.70755173064253,0,1.62,Low,0.0,No material anomaly signal detected.
WS/MP319/2024,Bihar,PURNIA(DISTRICT PLANNING OFFICER PURNIA_IDA),Dr Mohammad Jawed,KISHANGANJ,Normal/Others,BAISA PRAKHAND ANTARGART RAUTA PANCHAYAT KE KATHALBARI CHOWK ME (12 METER) HIGH MAST LIGHT,,635000.0,,635000.0,148669229.11,Physical Inspection,Completed,1,2024-10-08,,,2025-07-17,,,282.0,,,,,,0,0.0,0.0,0,0,,,,,0,None,2.70755173064253,0,1.62,Low,0.0,No material anomaly signal detected.
WS/MP435/2024,Jharkhand,RANCHI(DEPUTY COMMISSIONER RANCHI_IDA),Sanjay Seth,RANCHI,Normal/Others,"Beautification of Netaji Subhash Chandra Bose's Statue, Near Hawan Kund Mandir at ward-18, Sradhanand road, Near Congres office, Ranchi.",,255800.0,,283200.0,147064357.11,Vendor Identification,Completed,1,2024-10-09,,,2026-04-03,,,541.0,,,,,,0,0.0,0.0,0,0,,,,,0,None,2.6732866866740355,0,1.6,Low,0.0,No material anomaly signal detected.
WS/MP484/2024,West Bengal,KOLKATA(COMMISSIONER KOLKATA MUNICIPAL CORPORATION_IDA),Mala Roy,KOLKATA DAKSHIN,Normal/Others,"IMPROVEMENT OF PASSAGE BY LAYING PAVER BLOCK AND OTHER ANCILLARY CIVIL WORKS AT 9, BAKUL TALA LANE AND ITS SURROUNDING AREAS IN WARD 67.",,1449042.0,,1487723.0,147000000.0,Physical Inspection,Completed,1,2024-10-26,,,2026-02-20,,,482.0,,,,,,0,0.0,0.0,0,0,,,,,0,None,2.669706188519647,0,1.6,Low,0.0,No material anomaly signal detected.
WS/MP18045/2025,Bihar,SIWAN(DISTRICT PLANNING OFFICER SIWAN_IDA),VIJAYLAKSHMI DEVI,SIWAN,Normal/Others,High Mask Light,,958500.0,,997050.0,147000000.0,Physical Inspection,Completed,1,2024-12-15,,,2025-10-03,,,292.0,,,,,,0,0.0,0.0,0,0,,,,,0,None,2.6299750953996575,0,1.58,Low,0.0,No material anomaly signal detected.
WS/MP664/2026,Maharashtra,MUMBAI(DISTRICT COLLECTOR MUMBAI CITY_IDA),Arvind Ganpat Sawant,MUMBAI SOUTH,Normal/Others,dadarkar compound tulsiwadi tardeo malbarhill development of playground,,1500000.0,,,147000000.0,Vendor Identification,,0,2024-10-09,,,,,,,,,,,,0,0.0,0.0,0,0,,,,,0,None,2.5790794944387025,0,1.55,Low,0.0,No material anomaly signal detected.
WS/MP18221/2024,Uttar Pradesh,JHANSI(DISTRICT MAGISTRAE JHANSI_IDA),NARAYAN DAS AHIRWAR,JALAUN(SC),Normal/Others,MS Pole with LED semi High Mast Light,211299.0,238871.64,,211299.0,147000000.0,Physical Inspection,Completed,1,2024-09-15,2025-01-24,,2026-01-22,131.0,,494.0,,,,,,0,0.0,0.0,0,0,,,,,0,None,2.5089996090050986,0,1.51,Low,0.0,No material anomaly signal detected.
WS/MP18309/2024,Meghalaya,WEST GARO HILLS(DEPUTY COMMISSIONER WEST GARO HILLS_IDA),SALENG A SANGMA,TURA,Normal/Others,extension of class room for christian boys school at tura,1000000.0,1000000.0,,200000.0,147000000.0,Physical Inspection,Completed,1,2024-11-20,2025-01-10,,2026-04-23,51.0,,519.0,,,,,,0,0.0,0.0,0,0,,,,,0,None,2.4761351885008853,0,1.49,Low,0.0,No material anomaly signal detected.
WS/MP18396/2024,Delhi,EAST(COMMISSIONER EAST),Harsh Malhotra,EAST DELHI,Normal/Others,"Construction of Artistic Gazebo SG Pocket, Central Park, Ward No. 217, Dilshad Colony, Shahdara (Shahdara North Zone)",,668063.0,,761500.0,147134131.0,Physical Inspection,Completed,1,2024-10-07,,,2025-09-01,,,329.0,,,,,,0,0.0,0.0,0,0,,,,,0,None,2.4740073894883783,0,1.48,Low,0.0,No material anomaly signal detected.
WS/MP720/2024,Rajasthan,UDAIPUR(DISTRICT COLLECTOR UDAIPUR_IDA),Chandra Prakash Joshi,CHITTORGARH,Normal/Others,GARAM PANCHAYAT ME KACHARA SAGRNHAN HETU VAHAN/MINI TAKTAR,400000.0,400000.0,,399900.0,147000000.0,Physical Inspection,Completed,1,2024-09-21,2024-12-16,,2025-12-22,86.0,,457.0,,,,,,0,0.0,0.0,0,0,,,,,0,None,2.4495743214366383,0,1.47,Low,0.0,No material anomaly signal detected.
WS/MP444/2024,Madhya Pradesh,BETUL(DISTRICT COLLECTOR BETUL_IDA),Durga Das Uikey,BETUL(ST),Normal/Others,L.No. 179 Dt. 07.10.24 Gram Panchayat Batlakala ke Batlakala me,,190546.0,,190546.0,151569502.91,Physical Inspection,Completed,1,2024-10-08,,,2026-01-29,,,478.0,,,,,,0,0.0,0.0,0,0,,,,,0,None,2.273898186970419,0,1.36,Low,0.0,No material anomaly signal detected.
WS/MP661/2025,Maharashtra,PUNE(DISTRICT COLLECTOR PUNE_IDA),Amol Ramsing Kolhe,SHIRUR,Normal/Others,"Construction of community hall at Khairenagar Tq. Ambegaon, Dist. Pune",,999694.0,,1000000.0,147000000.0,Physical Inspection,Completed,1,2024-10-15,,,2025-11-24,,,405.0,,,,,,0,0.0,0.0,0,0,,,,,0,None,2.1727120676692873,0,1.3,Low,0.0,No material anomaly signal detected.
WS/MP251/2025,West Bengal,North 24 Parganas(DISTRICT MAGISTRATE NORTH TWENTY FOUR PARGANAS_IDA),Prof Sougata Ray,DUM DUM,Normal/Others,"Reconstruction of concrete road from 60 1E to 21, Ram Chandra bagchi lane in ward no 5",,1000000.0,,1185473.0,147000000.0,Physical Inspection,Completed,1,2024-12-24,,,2025-11-21,,,332.0,,,,,,0,0.0,0.0,0,0,,,,,0,None,2.0242803577999497,0,1.21,Low,0.0,No material anomaly signal detected.
WS/MP812/2026,Uttar Pradesh,Kushinagar(DISTRICT MAGISTRATE KUSHINAGAR PADRAUNA_IDA),Vijay Kumar Dubey,KUSHI NAGAR,Normal/Others,KHADDA ME MODEL SHOP KE BAGAL SE SHURU HOKAR BAZAR JANE WALI PICH SADAK TAK MITTI AUR KHADANJA NIRMAN KARRY,,349000.0,,,148900000.0,Sanction,,0,2024-10-15,,,,,,,,,,,,0,0.0,0.0,0,0,,,,,0,None,1.9612874453441806,0,1.18,Low,0.0,No material anomaly signal detected.
WS/MP18229/2024,Uttar Pradesh,MEERUT(DISTRICT MAGISTRATE MEERUT_IDA),ARUN GOVIL,MEERUT,Normal/Others,maifeyar colony me mandir se gaurav sharma tak cc,967230.0,967230.0,,967230.0,147000000.0,Physical Inspection,Completed,1,2024-09-24,2024-11-19,,2025-12-17,56.0,,449.0,,,,,,0,0.0,0.0,0,0,,,,,0,None,1.8423305409371311,0,1.11,Low,0.0,No material anomaly signal detected.
WS/MP661/2026,Maharashtra,PUNE(DISTRICT COLLECTOR PUNE_IDA),Amol Ramsing Kolhe,SHIRUR,Normal/Others,"installation of High Mast Lighting at 4 different public places at nirgoodsar, Tq. Ambegaon, Dist. Pune",,1000000.0,,,147000000.0,Physical Inspection,,0,2024-10-15,,,,,,,,,,,,0,0.0,0.0,0,0,,,,,0,None,1.7390786746821405,0,1.04,Low,0.0,No material anomaly signal detected.
WS/MP18167/2024,Rajasthan,JHUNJHUNU(DISTRICT COLLECTOR JHUNJHUNU_IDA),BRIJENDRA SINGH OLA,JHUNJHUNU,Normal/Others,Costruction of gravel road from damar road in Jeva ka Bas towards churu road via the house of gaurishankar. Working agency PWD,,1000000.0,,342850.0,147000000.0,Work partially Completed,Completed,1,2024-10-10,,,2026-05-08,,,575.0,,,,,,0,0.0,0.0,0,0,,,,,0,None,1.6598219586543121,0,1.0,Low,0.0,No material anomaly signal detected.
WS/MP584/2024,Gujarat,KACHCHH(DISTRICT COLLECTOR KUTCH_IDA),Vinod Chavda,KACHCHH(SC),Normal/Others,Anjar talukana jaroo gaame Ahir vistar samaj karigar commen work shed,500000.0,500000.0,,400000.0,147000000.0,Physical Inspection,Completed,1,2024-08-21,2025-02-05,,2025-11-29,168.0,,465.0,,,,,,0,0.0,0.0,0,0,,,,,0,None,1.6535249499301197,0,0.99,Low,0.0,No material anomaly signal detected.
WS/MP465/2024,Uttar Pradesh,UNNAO(DISTRICT MAGIISTRATE UNNAO_IDA),Swami Sachchidanandhari Sakshi ji Maharaj,UNNAO,Normal/Others,?????? ??? ?? ??????? ?????????? ??? ????????? ???? ?? ??? ??? ???? ? ?????????? ?????,848185.0,1066257.0,,334804.0,147000000.0,Physical Inspection,Completed,1,2024-08-28,2024-11-21,,2026-01-16,85.0,,506.0,,,,,,0,0.0,0.0,0,0,,,,,0,None,1.6135925448392114,0,0.97,Low,0.0,No material anomaly signal detected.
WS/MP18058/2024,Gujarat,VADODARA(DISTRICT COLLECTOR VADODARA_IDA),DR. HEMANG JOSHI,VADODARA,Normal/Others,sadhi gam ma Kendra sarkar dwara sanchalit Javahar Navoday Vidyalaya chatty Panch smartclassroom ni khareedi,,625000.0,,1166400.0,147000000.0,Physical Inspection,Completed,1,2024-10-02,,,2026-04-04,,,549.0,,,,,,0,0.0,0.0,0,0,,,,,0,None,1.4262578822978336,0,0.86,Low,0.0,No material anomaly signal detected.
WS/MP685/2025,Maharashtra,PUNE(DISTRICT COLLECTOR PUNE_IDA),Shrirang Appa Barne,MAVAL,Normal/Others,Installing Open Jim At Bophkhel Near Armi Public School,996226.0,996226.0,,499000.0,147000000.0,Physical Inspection,Completed,1,2024-09-25,2025-04-07,,2026-02-27,194.0,,520.0,,,,,,0,0.0,0.0,0,0,,,,,0,None,1.2467365839569446,0,0.75,Low,0.0,No material anomaly signal detected.
WS/MP18043/2024,Bihar,KAIMUR (BHABUA)(DISTRICT PLANNING OFFICER KAIMUR BHABUA_IDA),MANOJ KUMAR,SASARAM(SC),Normal/Others,Rajpur Pihra mukhya road se marchi dalit basti tak pcc nirman krya length 800 feet,889391.0,700000.0,,252862.0,147000000.0,Work partially Completed,Completed,1,2024-09-22,2025-01-07,,2026-01-14,107.0,,479.0,,,,,,0,0.0,0.0,0,0,,,,,0,None,1.2217846115418893,0,0.73,Low,0.0,No material anomaly signal detected.
WS/MP18023/2024,Assam,KAMRUP(DEPUTY COMMISSIONER KAMRUP_IDA),BIJULI KALITA MEDHI,GUWAHATI,Normal/Others,Construction of Open Stage for Cultural activities at Nagarbera Anchalik Rash Samity . Pin -781127,800000.0,800000.0,,2500000.0,147000000.0,Work partially Completed,Completed,1,2024-09-28,2025-03-28,,2026-04-27,181.0,,576.0,,,,,,0,0.0,0.0,0,0,,,,,0,None,1.1401986780798707,0,0.68,Low,0.0,No material anomaly signal detected.
WS/MP18038/2025,Bihar,KATIHAR(DISTRICT PLANNING OFFICER KATIHAR_IDA),TARIQ ANWAR,KATIHAR,Normal/Others,Purchase and installation of 16 meter high electric powered high mast LED (250W 8) lights.,,994740.0,,970000.0,147000000.0,Physical Inspection,Completed,1,2024-11-13,,,2025-11-19,,,371.0,,,,,,0,0.0,0.0,0,0,,,,,0,None,1.119328772926251,0,0.67,Low,0.0,No material anomaly signal detected.
WS/MP18393/2024,Telangana,SIDDIPET(District Collector Siddipet_IDA),MADHAVANENI RAGHUNANDAN RAO,MEDAK,Normal/Others,Supply & fixing of LED Street lights from Chintala Bus stand to uppera pochamma to gram panchayath at Rudraram Village of Akbarpet Bhoompally Mandal,,500000.0,,899566.0,147000000.0,Work Completed,Completed,1,2024-11-11,,,2025-10-22,,,345.0,,,,,,0,0.0,0.0,0,0,,,,,0,None,0.893896122847258,0,0.54,Low,0.0,No material anomaly signal detected.
WS/MP18121/2024,Maharashtra,JALGAON(DISTRICT COLLECTOR JALGAON_IDA),SMITA UDAY WAGH,JALGAON,Normal/Others,Concreting work at Dhorwada in Ward No. 5 of Chalisgaon city,,998933.0,,699511.0,148107373.11,Physical Inspection,Completed,1,2024-10-11,,,2025-12-04,,,419.0,,,,,,0,0.0,0.0,0,0,,,,,0,None,0.6710844974327248,0,0.4,Low,0.0,No material anomaly signal detected.
"NA-PURCHASEOFHEARSEVAN(FOUR,THREEANDTWOWHEELERS)",Gujarat,RAJKOT(DISTRICT COLLECTOR RAJKOT_IDA),PARSHOTTAMBHAI RUPALA,RAJKOT,Normal/Others,Purchase of Hearse Van at Kanpar village,300000.0,300000.0,,,147000000.0,,,0,2024-09-19,,,,,,,,,,,,0,0.0,0.0,0,0,,,,,0,None,0.5495462921248963,0,0.33,Low,0.0,No material anomaly signal detected.
WS/MP18177/2024,Tamil Nadu,ERODE(DISTRICT_COLLECTORE_ERODE_IDA),K E PRAKASH,ERODE,Normal/Others,Installation of High tower light (12 mtrs high) on four roads where Erode Karur State Highway and Kolanalli Veerasangili Village Road Junction Near Veterinary Hospital (Kachakkaran Forest) in Vellottamparappu Townpanchayat 2024 - 2025,,600000.0,,1400000.0,147000000.0,Physical Inspection,Completed,1,2024-10-25,,,2025-11-18,,,389.0,,,,,,0,0.0,0.0,0,0,,,,,0,None,0.5047771259561837,0,0.3,Low,0.0,No material anomaly signal detected.
WS/MP18064/2024,Haryana,KAITHAL(DC CUM NODAL OFFICERS MPLADS),NAVEEN JINDAL,KURUKSHETRA,Normal/Others,Const of paver block rasta from Gugmadhi to h/o Daulat Ram,,500000.0,,214828.0,147000000.0,Work Completed,Completed,1,2024-11-05,,,2026-03-17,,,497.0,,,,,,0,0.0,0.0,0,0,,,,,0,None,0.45303207993651107,0,0.27,Low,0.0,No material anomaly signal detected.
WS/MP18241/2024,Uttar Pradesh,SITAPUR(DISTRICT MAGISTRATE SITAPUR_IDA),RAKESH RATHOR,SITAPUR,Normal/Others,NAGARPALIKA SITAPUR WARD NO 20 MAI RAIFAL CLUB K PASS TARANTAL GET SE HABIB ASHRAF MASZID K PASS TAK 105 METER CC NIRMAN KARYA.,,1243818.0,,1643594.0,147000000.0,Physical Inspection,Completed,1,2024-10-03,,,2026-01-12,,,466.0,,,,,,0,0.0,0.0,0,0,,,,,0,None,0.3245273301910533,0,0.19,Low,0.0,No material anomaly signal detected.
WS/MP18094/2025,Karnataka,UTTARA KANNADA(DEPUTY COMMISSIONER UTTARKANNADA KARWAR_IDA),VISHWESHWAR HEGDE KAGERI,UTTARA KANNADA,Normal/Others,"Improvements of Road and Construction of Steps to bhutarajeshwara Temple, Ganesh Nagara, Sirsi",,800000.0,,600000.0,147000000.0,Work Completed,Completed,1,2025-01-08,,,2026-02-25,,,413.0,,,,,,0,0.0,0.0,0,0,,,,,0,None,0.2966947374543113,0,0.18,Low,0.0,No material anomaly signal detected.
WS/MP18377/2024,Uttar Pradesh,BAREILLY(DISTRICT MAGISTRAE BAREILLY_IDA),CHHATRA PAL SINGH GANGWAR,BAREILLY,Normal/Others,VIKAS KHAND BHOJIPURA KI GRAM PANCHAYAT ME 21 STREET LIGHT,,683234.0,,346944.0,147000000.0,Physical Inspection,Completed,1,2024-11-13,,,2026-03-10,,,482.0,,,,,,0,0.0,0.0,0,0,,,,,0,None,0.24513443902140836,0,0.15,Low,0.0,No material anomaly signal detected.
WS/MP18356/2025,Karnataka,BELAGAVI(DEPUTY COMMISSIONER BELGAUM_IDA),PRIYANKA SATISH JARKIHOLI,CHIKKODI,Normal/Others,Construction of HI-TECH Bus Shelter at BASAVESHWAR CIRCLE towards Gokak Road ward -13 in Chikkodi,,800000.0,,1786924.0,147000000.0,Work Completed,Completed,1,2024-10-28,,,2026-01-12,,,441.0,,,,,,0,0.0,0.0,0,0,,,,,0,None,0.1481681752115123,0,0.09,Low,0.0,No material anomaly signal detected.
WS/MP18241/2025,Uttar Pradesh,SITAPUR(DISTRICT MAGISTRATE SITAPUR_IDA),RAKESH RATHOR,SITAPUR,Normal/Others,tank nirman karya in Village Lalapurwa Gram Panchayat Alawalpur Development Block Parsendi.,,488000.0,,3997981.0,147000000.0,Work partially Completed,Completed,1,2024-10-05,,,2026-01-12,,,464.0,,,,,,0,0.0,0.0,0,0,,,,,0,None,0.0,0,0.0,Low,0.0,No material anomaly signal detected.
WS/MP416/2025,Bihar,DARBHANGA(DISTRICT PLANNING OFFICER DARBANGA_IDA),Ashok Kumar Yadav,MADHUBANI,Normal/Others,Supply And installation Mini High Mast Lightning System AT Gandhi Chowk Chhatwan,,495000.0,,939773.0,147000000.0,Work Completed,Completed,1,2024-11-05,,,2025-12-04,,,394.0,,,,,,0,0.0,0.0,0,0,,,,,0,None,0.0,0,0.0,Low,0.0,No material anomaly signal detected.
WS/MP18039/2024,Bihar,KHAGARIA(DISTRICT PLANNING OFFICER KHAGARIA_IDA),RAJESH VERMA,KHAGARIA,Normal/Others,Supply and installation work of highmask light,,964000.0,,1182642.0,147000000.0,Physical Inspection,Completed,1,2024-11-12,,,2026-01-12,,,426.0,,,,,,0,0.0,0.0,0,0,,,,,0,None,0.0,0,0.0,Low,0.0,No material anomaly signal detected.
WS/MP18039/2025,Bihar,KHAGARIA(DISTRICT PLANNING OFFICER KHAGARIA_IDA),RAJESH VERMA,KHAGARIA,Normal/Others,sonmanki PWD path se rajendra sah ke ghar hote hue fulo sah ghar jane wali sadak me PCC nirman karya,,998059.0,,998059.0,147000000.0,Physical Inspection,Completed,1,2024-11-11,,,2026-01-16,,,431.0,,,,,,0,0.0,0.0,0,0,,,,,0,None,0.0,0,0.0,Low,0.0,No material anomaly signal detected.
WS/MP18056/2024,Gujarat,RAJKOT(DISTRICT COLLECTOR RAJKOT_IDA),PARSHOTTAMBHAI RUPALA,RAJKOT,Normal/Others,Construction of Pavar Block Work in Gram Panchayat Compound and Primary School Ground,500000.0,838978.0,,499951.0,147000000.0,Physical Inspection,Completed,1,2024-09-30,2025-01-04,,2025-11-04,96.0,,400.0,,,,,,0,0.0,0.0,0,0,,,,,0,None,0.0,0,0.0,Low,0.0,No material anomaly signal detected.
