transaction_id,work_id,vendor_name,amount,date,expected_range,deviation_percent,ai_flag,payment_status
TXN-000001,WS/MP18218/2025,DARSH BUILDCON,799146.0,2026-08-21,558476.4 - 825493.2,15.486062699643105,LOW,Payment In-Progress
TXN-000002,WS/MP18218/2025,DARSH BUILDCON,832080.0,2026-08-04,558476.4 - 825493.2,20.245415795260236,MEDIUM,Payment In-Progress
TXN-000003,WS/MP18218/2025,DARSH BUILDCON,498309.0,2026-08-04,558476.4 - 825493.2,-27.988447145081803,MEDIUM,Payment In-Progress
TXN-000004,WS/MP650/2025,SHRI GANESH ASSOCIATES PROPRIETOR NARAYAN SHARMA,101562.0,2026-08-23,97771.2 - 101140.8,2.117519305019305,LOW,Payment In-Progress
TXN-000005,WS/MP650/2025,SHRI GANESH ASSOCIATES PROPRIETOR NARAYAN SHARMA,97350.0,2026-08-23,97771.2 - 101140.8,-2.117519305019305,LOW,Payment In-Progress
TXN-000006,WS/MP18350/2025,MEMBER SECY OB AND OC WWB BBSR,3000.0,2026-08-17,4200.0 - 7000.0,-46.42857142857143,MEDIUM,Payment In-Progress
TXN-000007,WS/MP18263/2025,KRIDL BHUSIRI ACCOUNT WORKS,75000.0,2026-08-18,137500.0 - 750000.0,-83.09859154929578,HIGH,Payment In-Progress
TXN-000008,WS/MP300/2025,MEMBER SECY OB AND OC WWB BBSR,7000.0,2026-08-25,4200.0 - 7000.0,25.0,MEDIUM,Payment In-Progress
TXN-000009,WS/MP18150/2026,MEMBER SECY OB AND OC WWB BBSR,7000.0,2026-08-25,4200.0 - 7000.0,25.0,MEDIUM,Payment In-Progress
TXN-000010,WS/MP18150/2026,MEMBER SECY OB AND OC WWB BBSR,7000.0,2026-08-21,4200.0 - 7000.0,25.0,MEDIUM,Payment In-Progress
TXN-000011,WS/MP18082/2025,KRIDL BHUSIRI ACCOUNT WORKS,250000.0,2026-08-10,137500.0 - 750000.0,-43.66197183098591,MEDIUM,Payment In-Progress
TXN-000012,WS/MP18093/2026,KRIDL BHUSIRI ACCOUNT WORKS,750000.0,2026-07-02,137500.0 - 750000.0,69.01408450704226,HIGH,Payment In-Progress
TXN-000013,WS/MP18086/2026,KRIDL BHUSIRI ACCOUNT WORKS,750000.0,2026-08-24,137500.0 - 750000.0,69.01408450704226,HIGH,Payment In-Progress
TXN-000014,WS/MP18080/2025,KRIDL BHUSIRI ACCOUNT WORKS,250000.0,2026-08-20,137500.0 - 750000.0,-43.66197183098591,MEDIUM,Payment In-Progress
TXN-000015,WS/MP18080/2025,KRIDL BHUSIRI ACCOUNT WORKS,250000.0,2026-08-20,137500.0 - 750000.0,-43.66197183098591,MEDIUM,Payment In-Progress
TXN-000016,WS/MP18080/2025,KRIDL BHUSIRI ACCOUNT WORKS,250000.0,2026-08-20,137500.0 - 750000.0,-43.66197183098591,MEDIUM,Payment In-Progress
TXN-000017,WS/MP18080/2025,KRIDL BHUSIRI ACCOUNT WORKS,125000.0,2026-08-20,137500.0 - 750000.0,-71.83098591549296,HIGH,Payment In-Progress
TXN-000018,WS/MP18080/2025,KRIDL BHUSIRI ACCOUNT WORKS,250000.0,2026-08-20,137500.0 - 750000.0,-43.66197183098591,MEDIUM,Payment In-Progress
TXN-000019,WS/MP18080/2025,KRIDL BHUSIRI ACCOUNT WORKS,250000.0,2026-08-20,137500.0 - 750000.0,-43.66197183098591,MEDIUM,Payment In-Progress
TXN-000020,WS/MP18239/2025,R G SUPLLIER,36159.0,2026-08-20,36159.0 - 36159.0,0.0,LOW,Payment In-Progress
TXN-000021,WS/MP18239/2025,R G SUPLLIER,36159.0,2026-08-20,36159.0 - 36159.0,0.0,LOW,Payment In-Progress
TXN-000022,WS/MP18239/2025,R G SUPLLIER,36159.0,2026-08-20,36159.0 - 36159.0,0.0,LOW,Payment In-Progress
TXN-000023,WS/MP18239/2025,R G SUPLLIER,36159.0,2026-08-20,36159.0 - 36159.0,0.0,LOW,Payment In-Progress
TXN-000024,WS/MP18239/2025,R G SUPLLIER,36159.0,2026-08-20,36159.0 - 36159.0,0.0,LOW,Payment In-Progress
TXN-000025,WS/MP18239/2025,R G SUPLLIER,36159.0,2026-08-20,36159.0 - 36159.0,0.0,LOW,Payment In-Progress
TXN-000026,WS/MP18239/2025,R G SUPLLIER,36159.0,2026-08-20,36159.0 - 36159.0,0.0,LOW,Payment In-Progress
TXN-000027,WS/MP18239/2025,R G SUPLLIER,36159.0,2026-08-20,36159.0 - 36159.0,0.0,LOW,Payment In-Progress
TXN-000028,WS/MP18239/2025,R G SUPLLIER,36159.0,2026-08-20,36159.0 - 36159.0,0.0,LOW,Payment In-Progress
TXN-000029,WS/MP18239/2025,R G SUPLLIER,36159.0,2026-08-20,36159.0 - 36159.0,0.0,LOW,Payment In-Progress
TXN-000030,WS/MP18239/2025,R G SUPLLIER,36159.0,2026-08-20,36159.0 - 36159.0,0.0,LOW,Payment In-Progress
TXN-000031,WS/MP18239/2025,R G SUPLLIER,36159.0,2026-08-20,36159.0 - 36159.0,0.0,LOW,Payment In-Progress
TXN-000032,WS/MP18239/2025,R G SUPLLIER,36159.0,2026-08-20,36159.0 - 36159.0,0.0,LOW,Payment In-Progress
TXN-000033,WS/MP18239/2025,R G SUPLLIER,36159.0,2026-08-20,36159.0 - 36159.0,0.0,LOW,Payment In-Progress
TXN-000034,WS/MP18239/2025,R G SUPLLIER,36159.0,2026-08-20,36159.0 - 36159.0,0.0,LOW,Payment In-Progress
TXN-000035,WS/MP18239/2025,R G SUPLLIER,36159.0,2026-08-20,36159.0 - 36159.0,0.0,LOW,Payment In-Progress
TXN-000036,WS/MP18007/2024,VIJAYA VIKRAM CONSTRUCTIONS,1097173.0,2026-08-27,1097173.0 - 1097173.0,0.0,LOW,Payment In-Progress
TXN-000037,WS/MP18222/2025,Ajay Kumar Singh,19992.0,2026-07-21,18044.0 - 19992.0,5.121463876327689,LOW,Payment In-Progress
TXN-000038,WS/MP18222/2025,Ajay Kumar Singh,19992.0,2026-07-23,18044.0 - 19992.0,5.121463876327689,LOW,Payment In-Progress
TXN-000039,WS/MP18222/2025,Ajay Kumar Singh,19992.0,2026-07-23,18044.0 - 19992.0,5.121463876327689,LOW,Payment In-Progress
TXN-000040,WS/MP18222/2025,Ajay Kumar Singh,19992.0,2026-07-23,18044.0 - 19992.0,5.121463876327689,LOW,Payment In-Progress
TXN-000041,WS/MP18222/2025,Ajay Kumar Singh,19992.0,2026-07-23,18044.0 - 19992.0,5.121463876327689,LOW,Payment In-Progress
TXN-000042,WS/MP18222/2025,Ajay Kumar Singh,19992.0,2026-07-23,18044.0 - 19992.0,5.121463876327689,LOW,Payment In-Progress
TXN-000043,WS/MP18222/2025,Ajay Kumar Singh,19992.0,2026-07-23,18044.0 - 19992.0,5.121463876327689,LOW,Payment In-Progress
TXN-000044,WS/MP18222/2025,Ajay Kumar Singh,19992.0,2026-07-23,18044.0 - 19992.0,5.121463876327689,LOW,Payment In-Progress
TXN-000045,WS/MP18222/2025,Ajay Kumar Singh,19992.0,2026-07-23,18044.0 - 19992.0,5.121463876327689,LOW,Payment In-Progress
TXN-000046,WS/MP18222/2025,Ajay Kumar Singh,19992.0,2026-07-23,18044.0 - 19992.0,5.121463876327689,LOW,Payment In-Progress
TXN-000047,WS/MP18222/2025,Ajay Kumar Singh,19992.0,2026-07-22,18044.0 - 19992.0,5.121463876327689,LOW,Payment In-Progress
TXN-000048,WS/MP18222/2025,Ajay Kumar Singh,19992.0,2026-07-22,18044.0 - 19992.0,5.121463876327689,LOW,Payment In-Progress
TXN-000049,WS/MP18222/2025,Ajay Kumar Singh,19992.0,2026-07-22,18044.0 - 19992.0,5.121463876327689,LOW,Payment In-Progress
TXN-000050,WS/MP18222/2025,Ajay Kumar Singh,19992.0,2026-07-22,18044.0 - 19992.0,5.121463876327689,LOW,Payment In-Progress
TXN-000051,WS/MP18222/2025,Ajay Kumar Singh,19992.0,2026-07-22,18044.0 - 19992.0,5.121463876327689,LOW,Payment In-Progress
TXN-000052,WS/MP18222/2025,Ajay Kumar Singh,18044.0,2026-07-23,18044.0 - 19992.0,-5.121463876327689,LOW,Payment In-Progress
TXN-000053,WS/MP18222/2025,Ajay Kumar Singh,18044.0,2026-07-23,18044.0 - 19992.0,-5.121463876327689,LOW,Payment In-Progress
TXN-000054,WS/MP18222/2025,Ajay Kumar Singh,18044.0,2026-07-23,18044.0 - 19992.0,-5.121463876327689,LOW,Payment In-Progress
TXN-000055,WS/MP18222/2025,Ajay Kumar Singh,18044.0,2026-07-23,18044.0 - 19992.0,-5.121463876327689,LOW,Payment In-Progress
TXN-000056,WS/MP18222/2025,Ajay Kumar Singh,18044.0,2026-07-23,18044.0 - 19992.0,-5.121463876327689,LOW,Payment In-Progress
TXN-000057,WS/MP18222/2025,Ajay Kumar Singh,18044.0,2026-07-23,18044.0 - 19992.0,-5.121463876327689,LOW,Payment In-Progress
TXN-000058,WS/MP18222/2025,Ajay Kumar Singh,18044.0,2026-07-23,18044.0 - 19992.0,-5.121463876327689,LOW,Payment In-Progress
TXN-000059,WS/MP18222/2025,Ajay Kumar Singh,18044.0,2026-07-23,18044.0 - 19992.0,-5.121463876327689,LOW,Payment In-Progress
TXN-000060,WS/MP18222/2025,Ajay Kumar Singh,18044.0,2026-07-23,18044.0 - 19992.0,-5.121463876327689,LOW,Payment In-Progress
TXN-000061,WS/MP18222/2025,Ajay Kumar Singh,18044.0,2026-07-23,18044.0 - 19992.0,-5.121463876327689,LOW,Payment In-Progress
TXN-000062,WS/MP18222/2025,Ajay Kumar Singh,18044.0,2026-07-23,18044.0 - 19992.0,-5.121463876327689,LOW,Payment In-Progress
TXN-000063,WS/MP18222/2025,Ajay Kumar Singh,18044.0,2026-07-23,18044.0 - 19992.0,-5.121463876327689,LOW,Payment In-Progress
TXN-000064,WS/MP18222/2025,Ajay Kumar Singh,18044.0,2026-07-23,18044.0 - 19992.0,-5.121463876327689,LOW,Payment In-Progress
TXN-000065,WS/MP18222/2025,Ajay Kumar Singh,18044.0,2026-07-23,18044.0 - 19992.0,-5.121463876327689,LOW,Payment In-Progress
TXN-000066,WS/MP18222/2025,Ajay Kumar Singh,18044.0,2026-07-23,18044.0 - 19992.0,-5.121463876327689,LOW,Payment In-Progress
TXN-000067,WS/MP18222/2025,Ajay Kumar Singh,18044.0,2026-07-23,18044.0 - 19992.0,-5.121463876327689,LOW,Payment In-Progress
TXN-000068,WS/MP18222/2025,Ajay Kumar Singh,18044.0,2026-07-23,18044.0 - 19992.0,-5.121463876327689,LOW,Payment In-Progress
TXN-000069,WS/MP18222/2025,Ajay Kumar Singh,18044.0,2026-07-23,18044.0 - 19992.0,-5.121463876327689,LOW,Payment In-Progress
TXN-000070,WS/MP18222/2025,Ajay Kumar Singh,18044.0,2026-07-23,18044.0 - 19992.0,-5.121463876327689,LOW,Payment In-Progress
TXN-000071,WS/MP18222/2025,Ajay Kumar Singh,18044.0,2026-07-23,18044.0 - 19992.0,-5.121463876327689,LOW,Payment In-Progress
TXN-000072,WS/MP18222/2025,Ajay Kumar Singh,18044.0,2026-07-23,18044.0 - 19992.0,-5.121463876327689,LOW,Payment In-Progress
TXN-000073,WS/MP18222/2025,Ajay Kumar Singh,18044.0,2026-07-23,18044.0 - 19992.0,-5.121463876327689,LOW,Payment In-Progress
TXN-000074,WS/MP18222/2025,Ajay Kumar Singh,18044.0,2026-07-23,18044.0 - 19992.0,-5.121463876327689,LOW,Payment In-Progress
TXN-000075,WS/MP18222/2025,Ajay Kumar Singh,18044.0,2026-07-23,18044.0 - 19992.0,-5.121463876327689,LOW,Payment In-Progress
TXN-000076,WS/MP18222/2025,Ajay Kumar Singh,18044.0,2026-07-23,18044.0 - 19992.0,-5.121463876327689,LOW,Payment In-Progress
TXN-000077,WS/MP18222/2025,Ajay Kumar Singh,18044.0,2026-07-23,18044.0 - 19992.0,-5.121463876327689,LOW,Payment In-Progress
TXN-000078,WS/MP18222/2025,Ajay Kumar Singh,19992.0,2026-07-21,18044.0 - 19992.0,5.121463876327689,LOW,Payment In-Progress
TXN-000079,WS/MP18222/2025,Ajay Kumar Singh,19992.0,2026-07-21,18044.0 - 19992.0,5.121463876327689,LOW,Payment In-Progress
TXN-000080,WS/MP18222/2025,Ajay Kumar Singh,19992.0,2026-07-21,18044.0 - 19992.0,5.121463876327689,LOW,Payment In-Progress
TXN-000081,WS/MP18222/2025,Ajay Kumar Singh,19992.0,2026-07-21,18044.0 - 19992.0,5.121463876327689,LOW,Payment In-Progress
TXN-000082,WS/MP18222/2025,Ajay Kumar Singh,19992.0,2026-07-21,18044.0 - 19992.0,5.121463876327689,LOW,Payment In-Progress
TXN-000083,WS/MP18222/2025,Ajay Kumar Singh,19992.0,2026-07-21,18044.0 - 19992.0,5.121463876327689,LOW,Payment In-Progress
TXN-000084,WS/MP18222/2025,Ajay Kumar Singh,19992.0,2026-07-21,18044.0 - 19992.0,5.121463876327689,LOW,Payment In-Progress
TXN-000085,WS/MP18222/2025,Ajay Kumar Singh,19992.0,2026-07-21,18044.0 - 19992.0,5.121463876327689,LOW,Payment In-Progress
TXN-000086,WS/MP18222/2025,Ajay Kumar Singh,19992.0,2026-07-21,18044.0 - 19992.0,5.121463876327689,LOW,Payment In-Progress
TXN-000087,WS/MP18222/2025,Ajay Kumar Singh,19992.0,2026-07-21,18044.0 - 19992.0,5.121463876327689,LOW,Payment In-Progress
TXN-000088,WS/MP18222/2025,Ajay Kumar Singh,19992.0,2026-07-21,18044.0 - 19992.0,5.121463876327689,LOW,Payment In-Progress
TXN-000089,WS/MP18222/2025,Ajay Kumar Singh,19992.0,2026-07-21,18044.0 - 19992.0,5.121463876327689,LOW,Payment In-Progress
TXN-000090,WS/MP18222/2025,Ajay Kumar Singh,19992.0,2026-07-21,18044.0 - 19992.0,5.121463876327689,LOW,Payment In-Progress
TXN-000091,WS/MP18222/2025,Ajay Kumar Singh,19992.0,2026-07-21,18044.0 - 19992.0,5.121463876327689,LOW,Payment In-Progress
TXN-000092,WS/MP18222/2025,Ajay Kumar Singh,19992.0,2026-07-21,18044.0 - 19992.0,5.121463876327689,LOW,Payment In-Progress
TXN-000093,WS/MP18222/2025,Ajay Kumar Singh,19992.0,2026-07-21,18044.0 - 19992.0,5.121463876327689,LOW,Payment In-Progress
TXN-000094,WS/MP18222/2025,Ajay Kumar Singh,19992.0,2026-07-21,18044.0 - 19992.0,5.121463876327689,LOW,Payment In-Progress
TXN-000095,WS/MP18222/2025,Ajay Kumar Singh,19992.0,2026-07-21,18044.0 - 19992.0,5.121463876327689,LOW,Payment In-Progress
TXN-000096,WS/MP18222/2025,Ajay Kumar Singh,19992.0,2026-07-21,18044.0 - 19992.0,5.121463876327689,LOW,Payment In-Progress
TXN-000097,WS/MP18222/2025,Ajay Kumar Singh,19992.0,2026-07-21,18044.0 - 19992.0,5.121463876327689,LOW,Payment In-Progress
TXN-000098,WS/MP18222/2025,Ajay Kumar Singh,19992.0,2026-07-21,18044.0 - 19992.0,5.121463876327689,LOW,Payment In-Progress
TXN-000099,WS/MP18222/2025,Ajay Kumar Singh,19992.0,2026-07-21,18044.0 - 19992.0,5.121463876327689,LOW,Payment In-Progress
TXN-000100,WS/MP18222/2025,Ajay Kumar Singh,19992.0,2026-07-21,18044.0 - 19992.0,5.121463876327689,LOW,Payment In-Progress
TXN-000101,WS/MP18222/2025,Ajay Kumar Singh,19992.0,2026-07-22,18044.0 - 19992.0,5.121463876327689,LOW,Payment In-Progress
TXN-000102,WS/MP18222/2025,Ajay Kumar Singh,19992.0,2026-07-22,18044.0 - 19992.0,5.121463876327689,LOW,Payment In-Progress
TXN-000103,WS/MP18222/2025,Ajay Kumar Singh,19992.0,2026-07-22,18044.0 - 19992.0,5.121463876327689,LOW,Payment In-Progress
TXN-000104,WS/MP18222/2025,Ajay Kumar Singh,19992.0,2026-07-22,18044.0 - 19992.0,5.121463876327689,LOW,Payment In-Progress
TXN-000105,WS/MP18222/2025,Ajay Kumar Singh,19992.0,2026-07-22,18044.0 - 19992.0,5.121463876327689,LOW,Payment In-Progress
TXN-000106,WS/MP18222/2025,Ajay Kumar Singh,19992.0,2026-07-22,18044.0 - 19992.0,5.121463876327689,LOW,Payment In-Progress
TXN-000107,WS/MP18222/2025,Ajay Kumar Singh,19992.0,2026-07-22,18044.0 - 19992.0,5.121463876327689,LOW,Payment In-Progress
TXN-000108,WS/MP18222/2025,Ajay Kumar Singh,19992.0,2026-07-22,18044.0 - 19992.0,5.121463876327689,LOW,Payment In-Progress
TXN-000109,WS/MP18222/2025,Ajay Kumar Singh,19992.0,2026-07-22,18044.0 - 19992.0,5.121463876327689,LOW,Payment In-Progress
TXN-000110,WS/MP18222/2025,Ajay Kumar Singh,19992.0,2026-07-22,18044.0 - 19992.0,5.121463876327689,LOW,Payment In-Progress
TXN-000111,WS/MP18222/2025,Ajay Kumar Singh,19992.0,2026-07-22,18044.0 - 19992.0,5.121463876327689,LOW,Payment In-Progress
TXN-000112,WS/MP18222/2025,Ajay Kumar Singh,19992.0,2026-07-22,18044.0 - 19992.0,5.121463876327689,LOW,Payment In-Progress
TXN-000113,WS/MP18222/2025,Ajay Kumar Singh,19992.0,2026-07-22,18044.0 - 19992.0,5.121463876327689,LOW,Payment In-Progress
TXN-000114,WS/MP18222/2025,Ajay Kumar Singh,19992.0,2026-07-22,18044.0 - 19992.0,5.121463876327689,LOW,Payment In-Progress
TXN-000115,WS/MP18222/2025,Ajay Kumar Singh,19992.0,2026-07-22,18044.0 - 19992.0,5.121463876327689,LOW,Payment In-Progress
TXN-000116,WS/MP18222/2025,Ajay Kumar Singh,19992.0,2026-07-22,18044.0 - 19992.0,5.121463876327689,LOW,Payment In-Progress
TXN-000117,WS/MP18222/2025,Ajay Kumar Singh,19992.0,2026-07-22,18044.0 - 19992.0,5.121463876327689,LOW,Payment In-Progress
TXN-000118,WS/MP18222/2025,Ajay Kumar Singh,19992.0,2026-07-22,18044.0 - 19992.0,5.121463876327689,LOW,Payment In-Progress
TXN-000119,WS/MP18222/2025,Ajay Kumar Singh,19992.0,2026-07-22,18044.0 - 19992.0,5.121463876327689,LOW,Payment In-Progress
TXN-000120,WS/MP18222/2025,Ajay Kumar Singh,19992.0,2026-07-22,18044.0 - 19992.0,5.121463876327689,LOW,Payment In-Progress
TXN-000121,WS/MP18222/2025,Ajay Kumar Singh,19992.0,2026-07-22,18044.0 - 19992.0,5.121463876327689,LOW,Payment In-Progress
TXN-000122,WS/MP18222/2025,Ajay Kumar Singh,19992.0,2026-07-22,18044.0 - 19992.0,5.121463876327689,LOW,Payment In-Progress
TXN-000123,WS/MP18222/2025,Ajay Kumar Singh,19992.0,2026-07-22,18044.0 - 19992.0,5.121463876327689,LOW,Payment In-Progress
TXN-000124,WS/MP18222/2025,Ajay Kumar Singh,19992.0,2026-07-22,18044.0 - 19992.0,5.121463876327689,LOW,Payment In-Progress
TXN-000125,WS/MP18222/2025,Ajay Kumar Singh,19992.0,2026-07-22,18044.0 - 19992.0,5.121463876327689,LOW,Payment In-Progress
TXN-000126,WS/MP18222/2025,Ajay Kumar Singh,19992.0,2026-07-22,18044.0 - 19992.0,5.121463876327689,LOW,Payment In-Progress
TXN-000127,WS/MP18222/2025,Ajay Kumar Singh,19992.0,2026-07-22,18044.0 - 19992.0,5.121463876327689,LOW,Payment In-Progress
TXN-000128,WS/MP18222/2025,Ajay Kumar Singh,19992.0,2026-07-22,18044.0 - 19992.0,5.121463876327689,LOW,Payment In-Progress
TXN-000129,WS/MP18222/2025,Ajay Kumar Singh,19992.0,2026-07-22,18044.0 - 19992.0,5.121463876327689,LOW,Payment In-Progress
TXN-000130,WS/MP18222/2025,Ajay Kumar Singh,19992.0,2026-07-22,18044.0 - 19992.0,5.121463876327689,LOW,Payment In-Progress
TXN-000131,WS/MP18222/2025,Ajay Kumar Singh,19992.0,2026-07-22,18044.0 - 19992.0,5.121463876327689,LOW,Payment In-Progress
TXN-000132,WS/MP18222/2025,Ajay Kumar Singh,19992.0,2026-07-22,18044.0 - 19992.0,5.121463876327689,LOW,Payment In-Progress
TXN-000133,WS/MP18222/2025,Ajay Kumar Singh,19992.0,2026-07-22,18044.0 - 19992.0,5.121463876327689,LOW,Payment In-Progress
TXN-000134,WS/MP18222/2025,Ajay Kumar Singh,19992.0,2026-07-22,18044.0 - 19992.0,5.121463876327689,LOW,Payment In-Progress
TXN-000135,WS/MP18222/2025,Ajay Kumar Singh,19992.0,2026-07-22,18044.0 - 19992.0,5.121463876327689,LOW,Payment In-Progress
TXN-000136,WS/MP18222/2025,Ajay Kumar Singh,19992.0,2026-07-22,18044.0 - 19992.0,5.121463876327689,LOW,Payment In-Progress
TXN-000137,WS/MP18222/2025,Ajay Kumar Singh,19992.0,2026-07-22,18044.0 - 19992.0,5.121463876327689,LOW,Payment In-Progress
TXN-000138,WS/MP18222/2025,Ajay Kumar Singh,19992.0,2026-07-22,18044.0 - 19992.0,5.121463876327689,LOW,Payment In-Progress
TXN-000139,WS/MP18222/2025,Ajay Kumar Singh,19992.0,2026-07-22,18044.0 - 19992.0,5.121463876327689,LOW,Payment In-Progress
TXN-000140,WS/MP18222/2025,Ajay Kumar Singh,19992.0,2026-07-22,18044.0 - 19992.0,5.121463876327689,LOW,Payment In-Progress
TXN-000141,WS/MP18222/2025,Ajay Kumar Singh,19992.0,2026-07-22,18044.0 - 19992.0,5.121463876327689,LOW,Payment In-Progress
TXN-000142,WS/MP18222/2025,Ajay Kumar Singh,19992.0,2026-07-22,18044.0 - 19992.0,5.121463876327689,LOW,Payment In-Progress
TXN-000143,WS/MP18222/2025,Ajay Kumar Singh,19992.0,2026-07-22,18044.0 - 19992.0,5.121463876327689,LOW,Payment In-Progress
TXN-000144,WS/MP18222/2025,Ajay Kumar Singh,19992.0,2026-08-18,18044.0 - 19992.0,5.121463876327689,LOW,Payment In-Progress
TXN-000145,WS/MP18222/2025,Ajay Kumar Singh,19992.0,2026-08-18,18044.0 - 19992.0,5.121463876327689,LOW,Payment In-Progress
TXN-000146,WS/MP18222/2025,Ajay Kumar Singh,19992.0,2026-08-18,18044.0 - 19992.0,5.121463876327689,LOW,Payment In-Progress
TXN-000147,WS/MP18222/2025,Ajay Kumar Singh,19992.0,2026-07-22,18044.0 - 19992.0,5.121463876327689,LOW,Payment In-Progress
TXN-000148,WS/MP18222/2025,Ajay Kumar Singh,19992.0,2026-07-22,18044.0 - 19992.0,5.121463876327689,LOW,Payment In-Progress
TXN-000149,WS/MP18222/2025,Ajay Kumar Singh,19992.0,2026-07-22,18044.0 - 19992.0,5.121463876327689,LOW,Payment In-Progress
TXN-000150,WS/MP18222/2025,Ajay Kumar Singh,19992.0,2026-07-22,18044.0 - 19992.0,5.121463876327689,LOW,Payment In-Progress
TXN-000151,WS/MP18222/2025,Ajay Kumar Singh,19992.0,2026-07-22,18044.0 - 19992.0,5.121463876327689,LOW,Payment In-Progress
TXN-000152,WS/MP18222/2025,Ajay Kumar Singh,19992.0,2026-07-22,18044.0 - 19992.0,5.121463876327689,LOW,Payment In-Progress
TXN-000153,WS/MP18222/2025,Ajay Kumar Singh,19992.0,2026-07-22,18044.0 - 19992.0,5.121463876327689,LOW,Payment In-Progress
TXN-000154,WS/MP18222/2025,Ajay Kumar Singh,19992.0,2026-07-22,18044.0 - 19992.0,5.121463876327689,LOW,Payment In-Progress
TXN-000155,WS/MP18222/2025,Ajay Kumar Singh,19992.0,2026-07-22,18044.0 - 19992.0,5.121463876327689,LOW,Payment In-Progress
TXN-000156,WS/MP18272/2026,RAJAT SUBHRA MANDAL,4881631.0,2026-08-17,4881631.0 - 4881631.0,0.0,LOW,Payment In-Progress
TXN-000157,WS/MP18314/2026,Medica Enterprises,2092800.0,2026-08-17,2092800.0 - 2092800.0,0.0,LOW,Payment In-Progress
TXN-000158,WS/MP18305/2026,SML ISUZU LTD,1768000.0,2026-08-24,1768000.0 - 1768000.0,0.0,LOW,Payment In-Progress
TXN-000159,WS/MP18072/2025,SABBIR ANSARI,375000.0,2026-08-27,257100.0 - 361900.0,21.163166397415186,MEDIUM,Payment In-Progress
TXN-000160,WS/MP18072/2025,SABBIR ANSARI,244000.0,2026-08-27,257100.0 - 361900.0,-21.163166397415186,MEDIUM,Payment In-Progress
TXN-000161,WS/MP18311/2026,DASHMESH ENGG WORKS,350000.0,2026-08-10,350000.0 - 350000.0,0.0,LOW,Payment In-Progress
TXN-000162,WS/MP18314/2025,Sidhu Cement Store Fatehgarh Channa,44630.0,2026-08-26,20591.0 - 41959.0,42.70183852917666,MEDIUM,Payment In-Progress
TXN-000163,WS/MP18314/2025,Sidhu Cement Store Fatehgarh Channa,17920.0,2026-08-26,20591.0 - 41959.0,-42.70183852917666,MEDIUM,Payment In-Progress
TXN-000164,WS/MP856/2025,MRK CONSTRUCTIONS,133800.0,2026-08-08,133800.0 - 133800.0,0.0,LOW,Payment In-Progress
TXN-000165,WS/MP381/2026,SURINDER TRADERS,495474.0,2026-08-25,495741.4 - 497880.6,-0.26911642455581697,LOW,Payment In-Progress
TXN-000166,WS/MP381/2026,SURINDER TRADERS,498148.0,2026-08-25,495741.4 - 497880.6,0.26911642455581697,LOW,Payment In-Progress
TXN-000167,WS/MP017/2025,Raveendhra G,1599822.0,2026-08-27,1599822.0 - 1599822.0,0.0,LOW,Payment In-Progress
TXN-000168,WS/MP334/2025,JUNIOR ENGINEER RDSD BOKARO,70000.0,2026-08-26,25000.0 - 56500.0,71.77914110429448,HIGH,Payment In-Progress
TXN-000169,WS/MP334/2025,JUNIOR ENGINEER RDSD BOKARO,25000.0,2026-08-26,25000.0 - 56500.0,-38.65030674846626,MEDIUM,Payment In-Progress
TXN-000170,WS/MP334/2025,JUNIOR ENGINEER RDSD BOKARO,25000.0,2026-08-26,25000.0 - 56500.0,-38.65030674846626,MEDIUM,Payment In-Progress
TXN-000171,WS/MP334/2025,JUNIOR ENGINEER RDSD BOKARO,25000.0,2026-08-26,25000.0 - 56500.0,-38.65030674846626,MEDIUM,Payment In-Progress
TXN-000172,WS/MP494/2025,SAI ENTERPRISES,665840.0,2026-08-26,464573.2 - 633187.7,21.30874765169718,MEDIUM,Payment In-Progress
TXN-000173,WS/MP494/2025,SAI ENTERPRISES,556999.0,2026-08-26,464573.2 - 633187.7,1.479110797260119,LOW,Payment In-Progress
TXN-000174,WS/MP494/2025,TANYA CONSTRUCTION,287553.0,2026-08-26,66054.0 - 287553.0,62.639879866631595,HIGH,Payment In-Progress
TXN-000175,WS/MP494/2025,TANYA CONSTRUCTION,66175.0,2026-08-26,66054.0 - 287553.0,-62.57144230742039,HIGH,Payment In-Progress
TXN-000176,WS/MP494/2025,TANYA CONSTRUCTION,65762.0,2026-08-26,66054.0 - 287553.0,-62.80503496819916,HIGH,Payment In-Progress
TXN-000177,WS/MP494/2025,TANYA CONSTRUCTION,66077.0,2026-08-26,66054.0 - 287553.0,-62.62687107438484,HIGH,Payment In-Progress
TXN-000178,WS/MP494/2025,TANYA CONSTRUCTION,66054.0,2026-08-26,66054.0 - 287553.0,-62.639879866631595,HIGH,Payment In-Progress
TXN-000179,WS/MP494/2025,TANYA CONSTRUCTION,66175.0,2026-08-26,66054.0 - 287553.0,-62.57144230742039,HIGH,Payment In-Progress
TXN-000180,WS/MP494/2025,TANYA CONSTRUCTION,66175.0,2026-08-26,66054.0 - 287553.0,-62.57144230742039,HIGH,Payment In-Progress
TXN-000181,WS/MP494/2025,TANYA CONSTRUCTION,66175.0,2026-08-26,66054.0 - 287553.0,-62.57144230742039,HIGH,Payment In-Progress
TXN-000182,WS/MP494/2025,TANYA CONSTRUCTION,66175.0,2026-08-26,66054.0 - 287553.0,-62.57144230742039,HIGH,Payment In-Progress
TXN-000183,WS/MP494/2025,TANYA CONSTRUCTION,66175.0,2026-08-26,66054.0 - 287553.0,-62.57144230742039,HIGH,Payment In-Progress
TXN-000184,WS/MP494/2025,TANYA CONSTRUCTION,979484.0,2026-08-26,66054.0 - 287553.0,453.9958202184912,HIGH,Payment In-Progress
TXN-000185,WS/MP18314/2025,Dhanaula BKO,6560.0,2026-08-26,6560.0 - 6560.0,0.0,LOW,Payment In-Progress
TXN-000186,WS/MP417/2025,simpi,395705.0,2026-08-27,395705.0 - 395705.0,0.0,LOW,Payment In-Progress
TXN-000187,WS/MP18179/2026,SRI SAI ENTERPRISES,900000.0,2026-08-24,900000.0 - 900000.0,0.0,LOW,Payment In-Progress
TXN-000188,WS/MP746/2025,Nava India Pathipagam,500000.0,2026-04-01,500000.0 - 500000.0,0.0,LOW,Payment In-Progress
TXN-000189,WS/MP18314/2025,Karan Intelock Tiles,34380.0,2026-08-26,22518.9 - 33062.1,23.711340206185564,MEDIUM,Payment In-Progress
TXN-000190,WS/MP18314/2025,Karan Intelock Tiles,21201.0,2026-08-26,22518.9 - 33062.1,-23.711340206185564,MEDIUM,Payment In-Progress
TXN-000191,WS/MP18314/2025,BHAGWATI STEELS,240226.0,2026-08-26,240226.0 - 240226.0,0.0,LOW,Payment In-Progress
TXN-000192,WS/MP18164/2025,Param Enterprises,96454.0,2026-08-17,96454.0 - 96454.0,0.0,LOW,Payment In-Progress
TXN-000193,WS/MP18158/2026,SHAM LAL BAL MUKAND,86730.0,2026-08-26,86730.0 - 86730.0,0.0,LOW,Payment In-Progress
TXN-000194,WS/MP18152/2025,Ms AMRIT LAL B K O,94000.0,2026-08-20,96000.0 - 112000.0,-9.615384615384617,LOW,Payment In-Progress
TXN-000195,WS/MP18152/2025,Ms AMRIT LAL B K O,114000.0,2026-08-20,96000.0 - 112000.0,9.615384615384617,LOW,Payment In-Progress
TXN-000196,WS/MP18346/2024,Exajoule PVT LTD,158500.0,2026-01-23,158500.0 - 158500.0,0.0,LOW,Payment In-Progress
TXN-000197,WS/MP18350/2025,Debendra Prasad Mohapatra,150034.0,2026-08-25,150034.0 - 150034.0,0.0,LOW,Payment In-Progress
TXN-000198,WS/MP18078/2026,Bellary Nirmithi Kendra Bellary,1125000.0,2026-08-24,1125000.0 - 1125000.0,0.0,LOW,Payment In-Progress
TXN-000199,WS/MP522/2025,VIRAT MODY SOLAR SITY,888865.0,2026-08-13,888865.0 - 888865.0,0.0,LOW,Payment In-Progress
TXN-000200,WS/MP18177/2025,QUALITTY ENTERPRISES,400000.0,2026-04-16,400000.0 - 400000.0,0.0,LOW,Payment In-Progress
TXN-000201,WS/MP18179/2026,Jothiprakash V,595689.0,2026-08-13,595689.0 - 595689.0,0.0,LOW,Payment In-Progress
TXN-000202,WS/MP444/2026,PRATIBHA PRATISHTHAN,1999844.0,2026-07-27,1999844.0 - 1999844.0,0.0,LOW,Payment In-Progress
TXN-000203,WS/MP641/2026,cmobistan,150000.0,2026-04-24,150000.0 - 150000.0,0.0,LOW,Payment In-Progress
TXN-000204,WS/MP18100/2025,GRAM PANCHYAT NER,40000.0,2026-08-19,40000.0 - 40000.0,0.0,LOW,Payment In-Progress
TXN-000205,WS/MP18104/2025,Sachiv Gram panchayat kulamadi,75000.0,2026-01-06,75000.0 - 75000.0,0.0,LOW,Payment In-Progress
TXN-000206,WS/MP405/2025,venkateswara rao ganesana,380097.0,2026-07-06,380097.0 - 380097.0,0.0,LOW,Payment In-Progress
TXN-000207,WS/MP18248/2024,SRI BALAJI CONCERN,799065.0,2026-07-21,799065.0 - 799065.0,0.0,LOW,Payment In-Progress
TXN-000208,WS/MP18100/2025,Sarpanch Gram Panchayat KERIYA,120000.0,2026-02-03,120000.0 - 120000.0,0.0,LOW,Payment In-Progress
TXN-000209,WS/MP18093/2026,KRIDL BHUSIRI ACCOUNT WORKS,750000.0,2026-08-05,137500.0 - 750000.0,69.01408450704226,HIGH,Payment In-Progress
TXN-000210,WS/MP18093/2026,KRIDL BHUSIRI ACCOUNT WORKS,375000.0,2026-07-27,137500.0 - 750000.0,-15.492957746478872,LOW,Payment In-Progress
TXN-000211,WS/MP18165/2025,Rajasthan Electronics And Instruments Limited,1000000.0,2026-08-21,1000000.0 - 1000000.0,0.0,LOW,Payment In-Progress
TXN-000212,WS/MP18165/2025,Rajasthan Electronics And Instruments Limited,1000000.0,2026-08-21,1000000.0 - 1000000.0,0.0,LOW,Payment In-Progress
TXN-000213,WS/MP716/2025,JR INDUSTRIES,30492.0,2026-08-21,33536.8 - 45835.2,-23.166859849821094,MEDIUM,Payment In-Progress
TXN-000214,WS/MP716/2025,JR INDUSTRIES,40356.0,2026-08-21,33536.8 - 45835.2,1.688252784357204,LOW,Payment In-Progress
TXN-000215,WS/MP716/2025,JR INDUSTRIES,38104.0,2026-08-21,33536.8 - 45835.2,-3.9862923953031295,LOW,Payment In-Progress
TXN-000216,WS/MP716/2025,JR INDUSTRIES,38104.0,2026-08-21,33536.8 - 45835.2,-3.9862923953031295,LOW,Payment In-Progress
TXN-000217,WS/MP716/2025,JR INDUSTRIES,49488.0,2026-08-21,33536.8 - 45835.2,24.69888625711838,MEDIUM,Payment In-Progress
TXN-000218,WS/MP18036/2026,ASSISTANT ENGINEER LAEO SHEIKHPURA,1189121.0,2026-08-21,1189121.0 - 1189121.0,0.0,LOW,Payment In-Progress
TXN-000219,WS/MP18104/2025,Khyati Sports,25000.0,2026-01-22,25000.0 - 25000.0,0.0,LOW,Payment In-Progress
TXN-000220,WS/MP751/2025,N NALLATHAMBI,399890.0,2026-08-27,399890.0 - 399890.0,0.0,LOW,Payment In-Progress
TXN-000221,WS/MP18043/2025,ASSISTANT ENGINEER MOHANIA,201465.0,2026-06-27,201465.0 - 201465.0,0.0,LOW,Payment In-Progress
TXN-000222,WS/MP18100/2025,GRAM PANCHAYAT ARJUNWADI,60000.0,2026-08-25,60000.0 - 60000.0,0.0,LOW,Payment In-Progress
TXN-000223,WS/MP18314/2026,MS SHERPUR BRICK KILN,49200.0,2026-08-25,46740.0 - 49200.0,2.564102564102564,LOW,Payment In-Progress
TXN-000224,WS/MP18314/2026,MS SHERPUR BRICK KILN,49200.0,2026-08-25,46740.0 - 49200.0,2.564102564102564,LOW,Payment In-Progress
TXN-000225,WS/MP18314/2026,MS SHERPUR BRICK KILN,49200.0,2026-08-25,46740.0 - 49200.0,2.564102564102564,LOW,Payment In-Progress
TXN-000226,WS/MP18314/2026,MS SHERPUR BRICK KILN,49200.0,2026-08-25,46740.0 - 49200.0,2.564102564102564,LOW,Payment In-Progress
TXN-000227,WS/MP18314/2026,MS SHERPUR BRICK KILN,49200.0,2026-08-25,46740.0 - 49200.0,2.564102564102564,LOW,Payment In-Progress
TXN-000228,WS/MP18314/2026,MS SHERPUR BRICK KILN,49200.0,2026-08-25,46740.0 - 49200.0,2.564102564102564,LOW,Payment In-Progress
TXN-000229,WS/MP18314/2026,MS SHERPUR BRICK KILN,43050.0,2026-08-25,46740.0 - 49200.0,-10.256410256410255,LOW,Payment In-Progress
TXN-000230,WS/MP507/2026,SHRI GURU KRIPA NARSINGH ASSOCIATES,4003098.0,2026-08-24,3696979.2 - 5156932.7,-9.574478598550323,LOW,Payment In-Progress
TXN-000231,WS/MP507/2026,SHRI GURU KRIPA NARSINGH ASSOCIATES,4474051.0,2026-08-24,3696979.2 - 5156932.7,1.063824680704126,LOW,Payment In-Progress
TXN-000232,WS/MP507/2026,SHRI GURU KRIPA NARSINGH ASSOCIATES,4709528.0,2026-08-24,3696979.2 - 5156932.7,6.38298761477398,LOW,Payment In-Progress
TXN-000233,WS/MP507/2026,SHRI GURU KRIPA NARSINGH ASSOCIATES,3532146.0,2026-08-24,3696979.2 - 5156932.7,-20.212759288919514,MEDIUM,Payment In-Progress
TXN-000234,WS/MP507/2026,SHRI GURU KRIPA NARSINGH ASSOCIATES,4945004.0,2026-08-24,3696979.2 - 5156932.7,11.702127959958576,LOW,Payment In-Progress
TXN-000235,WS/MP507/2026,SHRI GURU KRIPA NARSINGH ASSOCIATES,3767622.0,2026-08-24,3696979.2 - 5156932.7,-14.893618943734918,LOW,Payment In-Progress
TXN-000236,WS/MP507/2026,SHRI GURU KRIPA NARSINGH ASSOCIATES,4238575.0,2026-08-24,3696979.2 - 5156932.7,-4.25531566448047,LOW,Payment In-Progress
TXN-000237,WS/MP507/2026,SHRI GURU KRIPA NARSINGH ASSOCIATES,5651433.0,2026-08-24,3696979.2 - 5156932.7,27.659571584397618,MEDIUM,Payment In-Progress
TXN-000238,WS/MP18100/2026,GRAM PANCHYATBINEKI,75000.0,2026-08-19,75000.0 - 75000.0,0.0,LOW,Payment In-Progress
TXN-000239,WS/MP18221/2026,Ms Krishna Traders,725927.0,2026-08-22,725927.0 - 725927.0,0.0,LOW,Payment In-Progress
TXN-000240,WS/MP18221/2026,Ms Krishna Traders,725927.0,2026-08-22,725927.0 - 725927.0,0.0,LOW,Payment In-Progress
TXN-000241,WS/MP18221/2026,Ms Krishna Traders,725927.0,2026-08-22,725927.0 - 725927.0,0.0,LOW,Payment In-Progress
TXN-000242,WS/MP18042/2026,ASSISTANT ENGINEER KUSHESHWAR ASTHAN,394259.0,2026-08-18,394259.0 - 394259.0,0.0,LOW,Payment In-Progress
TXN-000243,WS/MP18100/2026,GRAM PANCHAYAT GADMAU,40000.0,2026-08-17,40000.0 - 40000.0,0.0,LOW,Payment In-Progress
TXN-000244,WS/MP18260/2025,Attar Brothers,340600.0,2026-08-11,340600.0 - 340600.0,0.0,LOW,Payment In-Progress
TXN-000245,WS/MP18108/2026,MANISH FEBRICATION,150229.0,2026-08-27,150229.0 - 150229.0,0.0,LOW,Payment In-Progress
TXN-000246,WS/MP18108/2026,MANISH FEBRICATION,150229.0,2026-08-27,150229.0 - 150229.0,0.0,LOW,Payment In-Progress
TXN-000247,WS/MP18108/2026,MANISH FEBRICATION,150229.0,2026-08-27,150229.0 - 150229.0,0.0,LOW,Payment In-Progress
TXN-000248,WS/MP18108/2026,MANISH FEBRICATION,157341.0,2026-08-27,150229.0 - 150229.0,4.734105931611074,LOW,Payment In-Progress
TXN-000249,WS/MP18108/2026,MANISH FEBRICATION,157341.0,2026-08-27,150229.0 - 150229.0,4.734105931611074,LOW,Payment In-Progress
TXN-000250,WS/MP18108/2026,MANISH FEBRICATION,150229.0,2026-08-27,150229.0 - 150229.0,0.0,LOW,Payment In-Progress
TXN-000251,WS/MP18108/2026,MANISH FEBRICATION,150229.0,2026-08-27,150229.0 - 150229.0,0.0,LOW,Payment In-Progress
TXN-000252,WS/MP18108/2026,MANISH FEBRICATION,150229.0,2026-08-27,150229.0 - 150229.0,0.0,LOW,Payment In-Progress
TXN-000253,WS/MP18108/2026,MANISH FEBRICATION,150229.0,2026-08-27,150229.0 - 150229.0,0.0,LOW,Payment In-Progress
TXN-000254,WS/MP18108/2026,MANISH FEBRICATION,150229.0,2026-08-27,150229.0 - 150229.0,0.0,LOW,Payment In-Progress
TXN-000255,WS/MP18108/2026,MANISH FEBRICATION,150229.0,2026-08-27,150229.0 - 150229.0,0.0,LOW,Payment In-Progress
TXN-000256,WS/MP18108/2026,MANISH FEBRICATION,150229.0,2026-08-27,150229.0 - 150229.0,0.0,LOW,Payment In-Progress
TXN-000257,WS/MP18108/2026,MANISH FEBRICATION,150229.0,2026-08-27,150229.0 - 150229.0,0.0,LOW,Payment In-Progress
TXN-000258,WS/MP18108/2026,MANISH FEBRICATION,150229.0,2026-08-27,150229.0 - 150229.0,0.0,LOW,Payment In-Progress
TXN-000259,WS/MP18108/2026,MANISH FEBRICATION,150229.0,2026-08-27,150229.0 - 150229.0,0.0,LOW,Payment In-Progress
TXN-000260,WS/MP18108/2026,MANISH FEBRICATION,150229.0,2026-08-27,150229.0 - 150229.0,0.0,LOW,Payment In-Progress
TXN-000261,WS/MP18108/2026,MANISH FEBRICATION,150229.0,2026-08-27,150229.0 - 150229.0,0.0,LOW,Payment In-Progress
TXN-000262,WS/MP18108/2026,MANISH FEBRICATION,150229.0,2026-08-27,150229.0 - 150229.0,0.0,LOW,Payment In-Progress
TXN-000263,WS/MP18108/2026,MANISH FEBRICATION,150229.0,2026-08-27,150229.0 - 150229.0,0.0,LOW,Payment In-Progress
TXN-000264,WS/MP18108/2026,MANISH FEBRICATION,150229.0,2026-08-27,150229.0 - 150229.0,0.0,LOW,Payment In-Progress
TXN-000265,WS/MP18108/2026,MANISH FEBRICATION,150229.0,2026-08-27,150229.0 - 150229.0,0.0,LOW,Payment In-Progress
TXN-000266,WS/MP18108/2026,MANISH FEBRICATION,150229.0,2026-08-27,150229.0 - 150229.0,0.0,LOW,Payment In-Progress
TXN-000267,WS/MP18311/2024,PUNJAB CEMENT AND IRON STORE,49700.0,2026-08-26,39000.0 - 49700.0,12.063134160090192,LOW,Payment In-Progress
TXN-000268,WS/MP18311/2024,PUNJAB CEMENT AND IRON STORE,49000.0,2026-08-26,39000.0 - 49700.0,10.4847801578354,LOW,Payment In-Progress
TXN-000269,WS/MP18311/2024,PUNJAB CEMENT AND IRON STORE,49700.0,2026-08-26,39000.0 - 49700.0,12.063134160090192,LOW,Payment In-Progress
TXN-000270,WS/MP18311/2024,PUNJAB CEMENT AND IRON STORE,48300.0,2026-08-26,39000.0 - 49700.0,8.90642615558061,LOW,Payment In-Progress
TXN-000271,WS/MP18311/2024,PUNJAB CEMENT AND IRON STORE,49000.0,2026-08-26,39000.0 - 49700.0,10.4847801578354,LOW,Payment In-Progress
TXN-000272,WS/MP18311/2024,PUNJAB CEMENT AND IRON STORE,45500.0,2026-08-26,39000.0 - 49700.0,2.593010146561443,LOW,Payment In-Progress
TXN-000273,WS/MP18311/2024,PUNJAB CEMENT AND IRON STORE,40161.0,2026-08-26,39000.0 - 49700.0,-9.44532130777903,LOW,Payment In-Progress
TXN-000274,WS/MP18311/2024,PUNJAB CEMENT AND IRON STORE,40000.0,2026-08-26,39000.0 - 49700.0,-9.808342728297632,LOW,Payment In-Progress
TXN-000275,WS/MP18311/2024,PUNJAB CEMENT AND IRON STORE,40000.0,2026-08-26,39000.0 - 49700.0,-9.808342728297632,LOW,Payment In-Progress
TXN-000276,WS/MP18311/2024,PUNJAB CEMENT AND IRON STORE,30000.0,2026-08-26,39000.0 - 49700.0,-32.35625704622323,MEDIUM,Payment In-Progress
TXN-000277,WS/MP18339/2025,SRIJAN CONSTRUCTION,2280018.0,2026-07-09,2280018.0 - 2280018.0,0.0,LOW,Payment In-Progress
TXN-000278,WS/MP492/2026,RAMJI CONSTRUCTION,8580000.0,2026-08-26,8580000.0 - 8580000.0,0.0,LOW,Payment In-Progress
TXN-000279,WS/MP444/2025,YADAV TRADERS,75000.0,2026-08-20,75000.0 - 75000.0,0.0,LOW,Payment In-Progress
TXN-000280,WS/MP18100/2026,GRAM PANCHAYAT MAU,40000.0,2026-08-25,40000.0 - 40000.0,0.0,LOW,Payment In-Progress
TXN-000281,WS/MP18100/2026,GRAM PANCHYAT KHAMI,100000.0,2026-08-19,100000.0 - 100000.0,0.0,LOW,Payment In-Progress
TXN-000282,WS/MP18100/2026,GRAM PANCHYAT LINGPANI,75000.0,2026-08-19,75000.0 - 75000.0,0.0,LOW,Payment In-Progress
TXN-000283,WS/MP477/2026,bdo lamgara royalty,11058.0,2026-08-27,11058.0 - 11058.0,0.0,LOW,Payment In-Progress
TXN-000284,WS/MP18042/2026,ASSISTANT ENGINEER HAYAGHAT,597335.0,2026-07-13,617005.6 - 774968.0,-14.174378019813025,LOW,Payment In-Progress
TXN-000285,WS/MP18042/2026,ASSISTANT ENGINEER HAYAGHAT,794788.0,2026-07-15,617005.6 - 774968.0,14.19584394416675,LOW,Payment In-Progress
TXN-000286,WS/MP18055/2026,SONIPUR GRAM PANCHAYAT New,248748.0,2026-08-24,273658.1 - 472938.9,-33.364854131479234,MEDIUM,Payment In-Progress
TXN-000287,WS/MP18055/2026,SONIPUR GRAM PANCHAYAT New,497849.0,2026-08-24,273658.1 - 472938.9,33.364854131479234,MEDIUM,Payment In-Progress
TXN-000288,WS/MP18035/2025,ASSISTANT ENGINEER MAKHDUMPUR,296680.0,2026-08-08,296680.0 - 296680.0,0.0,LOW,Payment In-Progress
TXN-000289,WS/MP18035/2025,ASSISTANT ENGINEER JEHANABAD,334265.0,2026-08-22,334265.0 - 334265.0,0.0,LOW,Payment In-Progress
TXN-000290,WS/MP18042/2026,ASSISTANT ENGINEER HAYAGHAT,695688.0,2026-08-18,617005.6 - 774968.0,-0.04293184870748218,LOW,Payment In-Progress
TXN-000291,WS/MP18024/2025,Neog Hardware,200000.0,2026-08-27,200000.0 - 200000.0,0.0,LOW,Payment In-Progress
TXN-000292,WS/MP18100/2026,GRAM PANCHAYAT SAROTH,40000.0,2026-08-17,40000.0 - 40000.0,0.0,LOW,Payment In-Progress
TXN-000293,WS/MP18223/2026,MARUF ALI CONTRACTOR,1322274.0,2026-08-24,1322274.0 - 1322274.0,0.0,LOW,Payment In-Progress
TXN-000294,WS/MP18100/2026,sarpanch gp khajriantu,60000.0,2026-08-19,60000.0 - 60000.0,0.0,LOW,Payment In-Progress
TXN-000295,WS/MP477/2026,JITAN SAH,150000.0,2026-08-20,150000.0 - 150000.0,0.0,LOW,Payment In-Progress
TXN-000296,WS/MP18100/2026,sarpanch gp dhala,60000.0,2026-08-19,60000.0 - 60000.0,0.0,LOW,Payment In-Progress
TXN-000297,WS/MP18311/2026,KAILASH BRICK TRADERS,31920.0,2026-08-26,31920.0 - 31920.0,0.0,LOW,Payment In-Progress
TXN-000298,WS/MP18328/2026,GP Barot,60000.0,2026-08-25,66000.0 - 114000.0,-33.33333333333333,MEDIUM,Payment In-Progress
TXN-000299,WS/MP18328/2026,GP Barot,120000.0,2026-08-25,66000.0 - 114000.0,33.33333333333333,MEDIUM,Payment In-Progress
TXN-000300,WS/MP728/2026,JODHPUR VIDYUT VITARAN NIGAM LTD,151449.0,2026-08-20,151449.0 - 151449.0,0.0,LOW,Payment In-Progress
TXN-000301,WS/MP417/2026,ASSISTANT ENGINEER ISLAMPUR A C,398886.0,2026-08-18,398886.0 - 398886.0,0.0,LOW,Payment In-Progress
TXN-000302,WS/MP490/2025,SAI ENTERPRISES,537642.0,2026-08-12,464573.2 - 633187.7,-2.0475223703085197,LOW,Payment In-Progress
TXN-000303,WS/MP490/2025,SAI ENTERPRISES,433258.0,2026-08-12,464573.2 - 633187.7,-21.06514269181933,MEDIUM,Payment In-Progress
TXN-000304,WS/MP18100/2025,Gram panchayat Ambada,240000.0,2026-08-27,240000.0 - 240000.0,0.0,LOW,Payment In-Progress
TXN-000305,WS/MP18104/2026,GRAM PANCHAYAT SURELA KISHOR SFC,125000.0,2026-08-25,125000.0 - 125000.0,0.0,LOW,Payment In-Progress
TXN-000306,WS/MP18345/2025,DIVYANSHU CONSTRUCTION,270155.0,2026-08-14,248921.3 - 267795.7,4.565942285622497,LOW,Payment In-Progress
TXN-000307,WS/MP18345/2025,DIVYANSHU CONSTRUCTION,246562.0,2026-08-14,248921.3 - 267795.7,-4.565942285622497,LOW,Payment In-Progress
TXN-000308,WS/MP18048/2025,sarpanchgram panchayat gadiya,450000.0,2025-09-25,450000.0 - 450000.0,0.0,LOW,Payment In-Progress
TXN-000309,WS/MP18100/2025,Gram panchayat Rajna,240000.0,2026-08-27,240000.0 - 240000.0,0.0,LOW,Payment In-Progress
TXN-000310,WS/MP417/2026,ASSISTANT ENGINEER HILSA A C,398826.0,2026-08-19,398826.0 - 398826.0,0.0,LOW,Payment In-Progress
TXN-000311,WS/MP18328/2026,GP Urla,80000.0,2026-08-25,80000.0 - 80000.0,0.0,LOW,Payment In-Progress
TXN-000312,WS/MP18100/2026,sarpanch gp khamrajethu,100000.0,2026-08-19,100000.0 - 100000.0,0.0,LOW,Payment In-Progress
TXN-000313,WS/MP356/2026,CEO JANPAD PANCHAYAT SITAMAU,75000.0,2026-08-27,75000.0 - 112500.0,-20.0,MEDIUM,Payment In-Progress
TXN-000314,WS/MP356/2026,CEO JANPAD PANCHAYAT SITAMAU,125000.0,2026-08-27,75000.0 - 112500.0,33.33333333333333,MEDIUM,Payment In-Progress
TXN-000315,WS/MP356/2026,CEO JANPAD PANCHAYAT SITAMAU,100000.0,2026-08-27,75000.0 - 112500.0,6.666666666666667,LOW,Payment In-Progress
TXN-000316,WS/MP356/2026,CEO JANPAD PANCHAYAT SITAMAU,100000.0,2026-08-27,75000.0 - 112500.0,6.666666666666667,LOW,Payment In-Progress
TXN-000317,WS/MP356/2026,CEO JANPAD PANCHAYAT SITAMAU,100000.0,2026-08-27,75000.0 - 112500.0,6.666666666666667,LOW,Payment In-Progress
TXN-000318,WS/MP356/2025,CEO JANPAD PANCHAYAT SITAMAU,75000.0,2026-08-27,75000.0 - 112500.0,-20.0,MEDIUM,Payment In-Progress
TXN-000319,WS/MP18367/2026,ASSISTANT ENGINEER,993491.0,2026-08-21,249455.6 - 910820.4,71.25080584274775,HIGH,Payment In-Progress
TXN-000320,WS/MP18350/2025,EMF,383.0,2026-08-17,151.5 - 345.8,54.03177156645887,HIGH,Payment In-Progress
TXN-000321,WS/MP777/2025,Yashika Construction Co,868500.0,2026-08-06,868500.0 - 868500.0,0.0,LOW,Payment In-Progress
TXN-000322,WS/MP638/2026,GRAM PANCHAYAT BANDNI,180000.0,2026-08-21,180000.0 - 180000.0,0.0,LOW,Payment In-Progress
TXN-000323,WS/MP18107/2025,PUNNIYAKHIDI,148562.0,2026-07-13,148562.0 - 148562.0,0.0,LOW,Payment In-Progress
TXN-000324,WS/MP300/2025,EMF,232.0,2026-08-25,151.5 - 345.8,-6.696159260004024,LOW,Payment In-Progress
TXN-000325,WS/MP719/2025,omparkash,294063.0,2026-08-20,294063.0 - 294063.0,0.0,LOW,Payment In-Progress
TXN-000326,WS/MP433/2025,EXECUTIVE ENGINER NREP GIRIDIH,498197.0,2026-07-06,149709.0 - 300000.0,121.56416705024805,HIGH,Payment In-Progress
TXN-000327,WS/MP18042/2026,PAVAN KUMARI DEVI,696543.0,2026-08-27,696543.0 - 696543.0,0.0,LOW,Payment In-Progress
TXN-000328,WS/MP433/2025,EXECUTIVE ENGINER NREP GIRIDIH,300000.0,2026-07-02,149709.0 - 300000.0,33.41961134867214,MEDIUM,Payment In-Progress
TXN-000329,WS/MP533/2025,Subansiri Traders Ziro,500000.0,2026-03-26,250000.0 - 500000.0,33.33333333333333,MEDIUM,Payment In-Progress
TXN-000330,WS/MP533/2025,Subansiri Traders Ziro,500000.0,2026-03-26,250000.0 - 500000.0,33.33333333333333,MEDIUM,Payment In-Progress
TXN-000331,WS/MP533/2025,Subansiri Traders Ziro,500000.0,2026-03-26,250000.0 - 500000.0,33.33333333333333,MEDIUM,Payment In-Progress
TXN-000332,WS/MP533/2025,Subansiri Traders Ziro,500000.0,2026-03-26,250000.0 - 500000.0,33.33333333333333,MEDIUM,Payment In-Progress
TXN-000333,WS/MP533/2025,Subansiri Traders Ziro,250000.0,2026-03-26,250000.0 - 500000.0,-33.33333333333333,MEDIUM,Payment In-Progress
TXN-000334,WS/MP533/2025,Subansiri Traders Ziro,250000.0,2026-03-26,250000.0 - 500000.0,-33.33333333333333,MEDIUM,Payment In-Progress
TXN-000335,WS/MP18107/2024,PATDI,120000.0,2026-07-03,120000.0 - 120000.0,0.0,LOW,Payment In-Progress
TXN-000336,WS/MP18150/2026,EMF,117.0,2026-08-21,151.5 - 345.8,-52.945907902674435,HIGH,Payment In-Progress
TXN-000337,WS/MP18150/2026,EMF,259.0,2026-08-25,151.5 - 345.8,4.162477377840335,LOW,Payment In-Progress
TXN-000338,WS/MP433/2025,EXECUTIVE ENGINER NREP GIRIDIH,300000.0,2026-06-19,149709.0 - 300000.0,33.41961134867214,MEDIUM,Payment In-Progress
TXN-000339,WS/MP433/2026,EXECUTIVE ENGINER NREP GIRIDIH,299221.0,2026-06-19,149709.0 - 300000.0,33.07316509120342,MEDIUM,Payment In-Progress
TXN-000340,WS/MP433/2025,EXECUTIVE ENGINER NREP GIRIDIH,299050.0,2026-06-15,149709.0 - 300000.0,32.99711591273468,MEDIUM,Payment In-Progress
TXN-000341,WS/MP433/2025,EXECUTIVE ENGINER NREP GIRIDIH,200000.0,2026-06-15,149709.0 - 300000.0,-11.053592434218572,LOW,Payment In-Progress
TXN-000342,WS/MP433/2025,EXECUTIVE ENGINER NREP GIRIDIH,250000.0,2026-07-17,149709.0 - 300000.0,11.183009457226785,LOW,Payment In-Progress
TXN-000343,WS/MP433/2025,EXECUTIVE ENGINER NREP GIRIDIH,300000.0,2026-07-17,149709.0 - 300000.0,33.41961134867214,MEDIUM,Payment In-Progress
TXN-000344,WS/MP18055/2026,DHUNADARA gram panchayat,399439.0,2026-08-21,399439.0 - 399439.0,0.0,LOW,Payment In-Progress
TXN-000345,WS/MP18055/2026,JESAPURA gram panchayat,99210.0,2026-08-21,99210.0 - 99210.0,0.0,LOW,Payment In-Progress
TXN-000346,WS/MP18055/2026,KHIJALPUR VANTA gram panchayat,299536.0,2026-08-21,299536.0 - 299536.0,0.0,LOW,Payment In-Progress
TXN-000347,WS/MP18055/2026,PORDA gram panchayat,197883.0,2026-08-21,197883.0 - 197883.0,0.0,LOW,Payment In-Progress
TXN-000348,WS/MP18055/2026,KOTARIYA gram panchayat,149494.0,2026-08-21,149494.0 - 149494.0,0.0,LOW,Payment In-Progress
TXN-000349,WS/MP18055/2026,VAJEWAL grampanchayat,149494.0,2026-08-21,149494.0 - 149494.0,0.0,LOW,Payment In-Progress
TXN-000350,WS/MP18055/2026,UMBA grampanchayat,249332.0,2026-08-17,249332.0 - 249332.0,0.0,LOW,Payment In-Progress
TXN-000351,WS/MP18031/2025,ASSISTANT ENGINEER BELAGANJ,917732.0,2026-08-24,917732.0 - 917732.0,0.0,LOW,Payment In-Progress
TXN-000352,WS/MP638/2026,GRAM PANCHAYAT SARSED,124582.0,2026-08-20,124582.0 - 124582.0,0.0,LOW,Payment In-Progress
TXN-000353,WS/MP446/2026,GRAM PANCHAYAT BAMITHA,300000.0,2026-08-21,300000.0 - 300000.0,0.0,LOW,Payment In-Progress
TXN-000354,WS/MP446/2026,GRAM PANCHAYAT BAMITHA,300000.0,2026-08-21,300000.0 - 300000.0,0.0,LOW,Payment In-Progress
TXN-000355,WS/MP313/2026,MS W M TRADERS,75000.0,2026-08-25,75000.0 - 75000.0,0.0,LOW,Payment In-Progress
TXN-000356,WS/MP313/2026,MS W M TRADERS,75000.0,2026-08-25,75000.0 - 75000.0,0.0,LOW,Payment In-Progress
TXN-000357,WS/MP435/2025,AMIT KUMAR,93000.0,2026-08-27,22351.2 - 126127.5,25.270493343489665,MEDIUM,Payment In-Progress
TXN-000358,WS/MP18328/2025,GRAM PANCHAYAT KUMMI,20000.0,2026-08-24,20000.0 - 20000.0,0.0,LOW,Payment In-Progress
TXN-000359,WS/MP18102/2026,Gram Panchayat Sundrel J P Dharmpuri Dhar,250000.0,2026-08-27,250000.0 - 250000.0,0.0,LOW,Payment In-Progress
TXN-000360,WS/MP468/2025,GOVIND DAS ARYA,124740.0,2026-08-21,124757.2 - 124866.0,-0.057366462732635286,LOW,Payment In-Progress
TXN-000361,WS/MP468/2025,GOVIND DAS ARYA,124826.0,2026-08-21,124757.2 - 124866.0,0.011537389152926633,LOW,Payment In-Progress
TXN-000362,WS/MP468/2025,GOVIND DAS ARYA,124876.0,2026-08-21,124757.2 - 124866.0,0.05159776815616031,LOW,Payment In-Progress
TXN-000363,WS/MP435/2025,AMIT KUMAR,56850.0,2026-05-30,22351.2 - 126127.5,-23.423359714221643,MEDIUM,Payment In-Progress
TXN-000364,WS/MP435/2025,AMIT KUMAR,140325.0,2026-05-30,22351.2 - 126127.5,89.01701052070094,HIGH,Payment In-Progress
TXN-000365,WS/MP477/2026,MS MEENAKSHI HARDWARE,187900.0,2026-08-19,90070.0 - 177030.0,40.69636840134781,MEDIUM,Payment In-Progress
TXN-000366,WS/MP477/2026,MS MEENAKSHI HARDWARE,79200.0,2026-08-19,90070.0 - 177030.0,-40.69636840134781,MEDIUM,Payment In-Progress
TXN-000367,WS/MP380/2025,TARA SINGH BKO,22854.0,2026-08-26,22854.0 - 22854.0,0.0,LOW,Payment In-Progress
TXN-000368,WS/MP446/2026,GRAM PANCHAYAT BUMHORIPURWA,300000.0,2026-08-21,300000.0 - 300000.0,0.0,LOW,Payment In-Progress
TXN-000369,WS/MP825/2025,A K CONSTRUCTION,147378.0,2026-08-18,147378.0 - 149574.0,-0.739513456720278,LOW,Payment In-Progress
TXN-000370,WS/MP825/2025,A K CONSTRUCTION,147378.0,2026-08-18,147378.0 - 149574.0,-0.739513456720278,LOW,Payment In-Progress
TXN-000371,WS/MP825/2025,A K CONSTRUCTION,148770.0,2026-08-18,147378.0 - 149574.0,0.1980117998868504,LOW,Payment In-Progress
TXN-000372,WS/MP825/2025,A K CONSTRUCTION,148609.0,2026-08-18,147378.0 - 149574.0,0.08957676661547995,LOW,Payment In-Progress
TXN-000373,WS/MP825/2025,A K CONSTRUCTION,149253.0,2026-08-18,147378.0 - 149574.0,0.5233168997009618,LOW,Payment In-Progress
TXN-000374,WS/MP825/2025,A K CONSTRUCTION,147378.0,2026-08-18,147378.0 - 149574.0,-0.739513456720278,LOW,Payment In-Progress
TXN-000375,WS/MP825/2025,A K CONSTRUCTION,147103.0,2026-08-18,147378.0 - 149574.0,-0.9247285756620599,LOW,Payment In-Progress
TXN-000376,WS/MP825/2025,A K CONSTRUCTION,148609.0,2026-08-18,147378.0 - 149574.0,0.08957676661547995,LOW,Payment In-Progress
TXN-000377,WS/MP825/2025,A K CONSTRUCTION,149574.0,2026-08-18,147378.0 - 149574.0,0.739513456720278,LOW,Payment In-Progress
TXN-000378,WS/MP825/2025,A K CONSTRUCTION,148184.0,2026-08-18,147378.0 - 149574.0,-0.19666478084000108,LOW,Payment In-Progress
TXN-000379,WS/MP18366/2026,ASSISTANT ENGINEER LAEO SHEIKHURA BARBIGHA,1286889.0,2026-08-22,1286889.0 - 1286889.0,0.0,LOW,Payment In-Progress
TXN-000380,WS/MP18109/2025,SE O and M MPPKVVCL SIDHI,97276.0,2026-08-14,39132.0 - 435675.0,-59.02503543545061,HIGH,Payment In-Progress
TXN-000381,WS/MP18109/2025,SE O and M MPPKVVCL SIDHI,154652.0,2026-08-18,39132.0 - 435675.0,-34.85689975084613,MEDIUM,Payment In-Progress
TXN-000382,WS/MP18109/2025,SE O and M MPPKVVCL SIDHI,29584.0,2026-08-18,39132.0 - 435675.0,-87.53851564951654,HIGH,Payment In-Progress
TXN-000383,WS/MP18109/2025,SE O and M MPPKVVCL SIDHI,70330.0,2026-08-18,39132.0 - 435675.0,-70.37533145046304,HIGH,Payment In-Progress
TXN-000384,WS/MP18109/2025,SE O and M MPPKVVCL SIDHI,80296.0,2026-08-18,39132.0 - 435675.0,-66.17741524450987,HIGH,Payment In-Progress
TXN-000385,WS/MP432/2026,Gram Panchayat Batuhi,100000.0,2026-08-27,100000.0 - 100000.0,0.0,LOW,Payment In-Progress
TXN-000386,WS/MP432/2026,Gram Panchayat Batuhi,100000.0,2026-08-27,100000.0 - 100000.0,0.0,LOW,Payment In-Progress
TXN-000387,WS/MP18101/2025,MP STATE AGRO CHHATARPUR,364616.0,2026-08-19,364616.0 - 364616.0,0.0,LOW,Payment In-Progress
TXN-000388,WS/MP18131/2025,NINAD VIKHALE,999000.0,2026-08-24,999000.0 - 999000.0,0.0,LOW,Payment In-Progress
TXN-000389,WS/MP18232/2026,Khand vikas adhari,75442.0,2026-08-23,75442.0 - 75442.0,0.0,LOW,Payment In-Progress
TXN-000390,WS/MP18404/2025,Gul Ahmad Contractor,26819.0,2026-03-24,26819.0 - 26819.0,0.0,LOW,Payment In-Progress
TXN-000391,WS/MP18404/2025,Gul Ahmad Contractor,26819.0,2026-03-24,26819.0 - 26819.0,0.0,LOW,Payment In-Progress
TXN-000392,WS/MP18404/2025,Gul Ahmad Contractor,26819.0,2026-03-24,26819.0 - 26819.0,0.0,LOW,Payment In-Progress
TXN-000393,WS/MP18404/2025,Gul Ahmad Contractor,26819.0,2026-03-24,26819.0 - 26819.0,0.0,LOW,Payment In-Progress
TXN-000394,WS/MP18404/2025,Gul Ahmad Contractor,26819.0,2026-03-24,26819.0 - 26819.0,0.0,LOW,Payment In-Progress
TXN-000395,WS/MP18404/2025,Gul Ahmad Contractor,26819.0,2026-03-24,26819.0 - 26819.0,0.0,LOW,Payment In-Progress
TXN-000396,WS/MP18404/2025,Gul Ahmad Contractor,26819.0,2026-03-24,26819.0 - 26819.0,0.0,LOW,Payment In-Progress
TXN-000397,WS/MP18404/2025,Gul Ahmad Contractor,26819.0,2026-03-24,26819.0 - 26819.0,0.0,LOW,Payment In-Progress
TXN-000398,WS/MP18404/2025,Gul Ahmad Contractor,26819.0,2026-03-24,26819.0 - 26819.0,0.0,LOW,Payment In-Progress
TXN-000399,WS/MP18404/2025,Gul Ahmad Contractor,26819.0,2026-03-24,26819.0 - 26819.0,0.0,LOW,Payment In-Progress
TXN-000400,WS/MP18404/2025,Gul Ahmad Contractor,26819.0,2026-03-24,26819.0 - 26819.0,0.0,LOW,Payment In-Progress
TXN-000401,WS/MP18404/2025,Gul Ahmad Contractor,26819.0,2026-03-24,26819.0 - 26819.0,0.0,LOW,Payment In-Progress
TXN-000402,WS/MP18404/2025,Gul Ahmad Contractor,26819.0,2026-03-24,26819.0 - 26819.0,0.0,LOW,Payment In-Progress
TXN-000403,WS/MP18404/2025,Gul Ahmad Contractor,26819.0,2026-03-24,26819.0 - 26819.0,0.0,LOW,Payment In-Progress
TXN-000404,WS/MP18404/2025,Gul Ahmad Contractor,26819.0,2026-03-24,26819.0 - 26819.0,0.0,LOW,Payment In-Progress
TXN-000405,WS/MP18404/2025,Gul Ahmad Contractor,26819.0,2026-03-24,26819.0 - 26819.0,0.0,LOW,Payment In-Progress
TXN-000406,WS/MP18404/2025,Gul Ahmad Contractor,26819.0,2026-03-24,26819.0 - 26819.0,0.0,LOW,Payment In-Progress
TXN-000407,WS/MP18404/2025,Gul Ahmad Contractor,26819.0,2026-03-24,26819.0 - 26819.0,0.0,LOW,Payment In-Progress
TXN-000408,WS/MP18404/2025,Gul Ahmad Contractor,26819.0,2026-03-24,26819.0 - 26819.0,0.0,LOW,Payment In-Progress
TXN-000409,WS/MP18404/2025,Gul Ahmad Contractor,26819.0,2026-03-24,26819.0 - 26819.0,0.0,LOW,Payment In-Progress
TXN-000410,WS/MP18404/2025,Gul Ahmad Contractor,26819.0,2026-03-24,26819.0 - 26819.0,0.0,LOW,Payment In-Progress
TXN-000411,WS/MP18404/2025,Gul Ahmad Contractor,26819.0,2026-03-24,26819.0 - 26819.0,0.0,LOW,Payment In-Progress
TXN-000412,WS/MP18404/2025,Gul Ahmad Contractor,26819.0,2026-03-24,26819.0 - 26819.0,0.0,LOW,Payment In-Progress
TXN-000413,WS/MP18404/2025,Gul Ahmad Contractor,26819.0,2026-03-24,26819.0 - 26819.0,0.0,LOW,Payment In-Progress
TXN-000414,WS/MP18404/2025,Gul Ahmad Contractor,26819.0,2026-03-24,26819.0 - 26819.0,0.0,LOW,Payment In-Progress
TXN-000415,WS/MP18404/2025,Gul Ahmad Contractor,26819.0,2026-03-24,26819.0 - 26819.0,0.0,LOW,Payment In-Progress
TXN-000416,WS/MP18404/2025,Gul Ahmad Contractor,26819.0,2026-03-24,26819.0 - 26819.0,0.0,LOW,Payment In-Progress
TXN-000417,WS/MP18404/2025,Gul Ahmad Contractor,26819.0,2026-03-24,26819.0 - 26819.0,0.0,LOW,Payment In-Progress
TXN-000418,WS/MP18404/2025,Gul Ahmad Contractor,26819.0,2026-03-24,26819.0 - 26819.0,0.0,LOW,Payment In-Progress
TXN-000419,WS/MP18404/2025,Gul Ahmad Contractor,26819.0,2026-03-24,26819.0 - 26819.0,0.0,LOW,Payment In-Progress
TXN-000420,WS/MP18404/2025,Gul Ahmad Contractor,26819.0,2026-03-24,26819.0 - 26819.0,0.0,LOW,Payment In-Progress
TXN-000421,WS/MP18404/2025,Gul Ahmad Contractor,26819.0,2026-03-24,26819.0 - 26819.0,0.0,LOW,Payment In-Progress
TXN-000422,WS/MP18404/2025,Gul Ahmad Contractor,26819.0,2026-03-24,26819.0 - 26819.0,0.0,LOW,Payment In-Progress
TXN-000423,WS/MP18404/2025,Gul Ahmad Contractor,26819.0,2026-03-24,26819.0 - 26819.0,0.0,LOW,Payment In-Progress
TXN-000424,WS/MP18404/2025,Gul Ahmad Contractor,26819.0,2026-03-24,26819.0 - 26819.0,0.0,LOW,Payment In-Progress
TXN-000425,WS/MP18404/2025,Gul Ahmad Contractor,26819.0,2026-03-24,26819.0 - 26819.0,0.0,LOW,Payment In-Progress
TXN-000426,WS/MP18404/2025,Gul Ahmad Contractor,26819.0,2026-03-24,26819.0 - 26819.0,0.0,LOW,Payment In-Progress
TXN-000427,WS/MP18404/2025,Gul Ahmad Contractor,26819.0,2026-03-24,26819.0 - 26819.0,0.0,LOW,Payment In-Progress
TXN-000428,WS/MP18404/2025,Gul Ahmad Contractor,26819.0,2026-03-23,26819.0 - 26819.0,0.0,LOW,Payment In-Progress
TXN-000429,WS/MP18404/2025,Gul Ahmad Contractor,26819.0,2026-03-23,26819.0 - 26819.0,0.0,LOW,Payment In-Progress
TXN-000430,WS/MP18404/2025,Gul Ahmad Contractor,26819.0,2026-03-23,26819.0 - 26819.0,0.0,LOW,Payment In-Progress
TXN-000431,WS/MP18404/2025,Gul Ahmad Contractor,26819.0,2026-03-23,26819.0 - 26819.0,0.0,LOW,Payment In-Progress
TXN-000432,WS/MP18404/2025,Gul Ahmad Contractor,26819.0,2026-03-23,26819.0 - 26819.0,0.0,LOW,Payment In-Progress
TXN-000433,WS/MP18404/2025,Gul Ahmad Contractor,26819.0,2026-03-23,26819.0 - 26819.0,0.0,LOW,Payment In-Progress
TXN-000434,WS/MP18404/2025,Gul Ahmad Contractor,26819.0,2026-03-23,26819.0 - 26819.0,0.0,LOW,Payment In-Progress
TXN-000435,WS/MP18404/2025,Gul Ahmad Contractor,26819.0,2026-03-23,26819.0 - 26819.0,0.0,LOW,Payment In-Progress
TXN-000436,WS/MP18404/2025,Gul Ahmad Contractor,26819.0,2026-03-23,26819.0 - 26819.0,0.0,LOW,Payment In-Progress
TXN-000437,WS/MP18404/2025,Gul Ahmad Contractor,26819.0,2026-03-23,26819.0 - 26819.0,0.0,LOW,Payment In-Progress
TXN-000438,WS/MP18404/2025,Gul Ahmad Contractor,26819.0,2026-03-23,26819.0 - 26819.0,0.0,LOW,Payment In-Progress
TXN-000439,WS/MP18404/2025,Gul Ahmad Contractor,26819.0,2026-03-23,26819.0 - 26819.0,0.0,LOW,Payment In-Progress
TXN-000440,WS/MP18404/2025,Gul Ahmad Contractor,26819.0,2026-03-23,26819.0 - 26819.0,0.0,LOW,Payment In-Progress
TXN-000441,WS/MP18404/2025,Gul Ahmad Contractor,26819.0,2026-03-23,26819.0 - 26819.0,0.0,LOW,Payment In-Progress
TXN-000442,WS/MP18404/2025,Gul Ahmad Contractor,26819.0,2026-03-23,26819.0 - 26819.0,0.0,LOW,Payment In-Progress
TXN-000443,WS/MP18404/2025,Gul Ahmad Contractor,26819.0,2026-03-23,26819.0 - 26819.0,0.0,LOW,Payment In-Progress
TXN-000444,WS/MP18404/2025,Gul Ahmad Contractor,26819.0,2026-03-23,26819.0 - 26819.0,0.0,LOW,Payment In-Progress
TXN-000445,WS/MP18404/2025,Gul Ahmad Contractor,26819.0,2026-03-23,26819.0 - 26819.0,0.0,LOW,Payment In-Progress
TXN-000446,WS/MP18404/2025,Gul Ahmad Contractor,26819.0,2026-03-23,26819.0 - 26819.0,0.0,LOW,Payment In-Progress
TXN-000447,WS/MP18404/2025,Gul Ahmad Contractor,26819.0,2026-03-23,26819.0 - 26819.0,0.0,LOW,Payment In-Progress
TXN-000448,WS/MP18404/2025,Gul Ahmad Contractor,26819.0,2026-03-23,26819.0 - 26819.0,0.0,LOW,Payment In-Progress
TXN-000449,WS/MP18404/2025,Gul Ahmad Contractor,26819.0,2026-03-23,26819.0 - 26819.0,0.0,LOW,Payment In-Progress
TXN-000450,WS/MP18404/2025,Gul Ahmad Contractor,26819.0,2026-03-23,26819.0 - 26819.0,0.0,LOW,Payment In-Progress
TXN-000451,WS/MP18404/2025,Gul Ahmad Contractor,26819.0,2026-03-24,26819.0 - 26819.0,0.0,LOW,Payment In-Progress
TXN-000452,WS/MP18404/2025,Gul Ahmad Contractor,26819.0,2026-03-24,26819.0 - 26819.0,0.0,LOW,Payment In-Progress
TXN-000453,WS/MP18404/2025,Gul Ahmad Contractor,26819.0,2026-03-24,26819.0 - 26819.0,0.0,LOW,Payment In-Progress
TXN-000454,WS/MP18404/2025,Gul Ahmad Contractor,26819.0,2026-03-24,26819.0 - 26819.0,0.0,LOW,Payment In-Progress
TXN-000455,WS/MP18404/2025,Gul Ahmad Contractor,26819.0,2026-03-24,26819.0 - 26819.0,0.0,LOW,Payment In-Progress
TXN-000456,WS/MP18404/2025,Gul Ahmad Contractor,26819.0,2026-03-24,26819.0 - 26819.0,0.0,LOW,Payment In-Progress
TXN-000457,WS/MP18404/2025,Gul Ahmad Contractor,26819.0,2026-03-24,26819.0 - 26819.0,0.0,LOW,Payment In-Progress
TXN-000458,WS/MP18404/2025,Gul Ahmad Contractor,26819.0,2026-03-24,26819.0 - 26819.0,0.0,LOW,Payment In-Progress
TXN-000459,WS/MP18404/2025,Gul Ahmad Contractor,26819.0,2026-03-24,26819.0 - 26819.0,0.0,LOW,Payment In-Progress
TXN-000460,WS/MP18404/2025,Gul Ahmad Contractor,26819.0,2026-03-24,26819.0 - 26819.0,0.0,LOW,Payment In-Progress
TXN-000461,WS/MP18404/2025,Gul Ahmad Contractor,26819.0,2026-03-24,26819.0 - 26819.0,0.0,LOW,Payment In-Progress
TXN-000462,WS/MP18404/2025,Gul Ahmad Contractor,26819.0,2026-03-24,26819.0 - 26819.0,0.0,LOW,Payment In-Progress
TXN-000463,WS/MP18404/2025,Gul Ahmad Contractor,26819.0,2026-03-24,26819.0 - 26819.0,0.0,LOW,Payment In-Progress
TXN-000464,WS/MP18404/2025,Gul Ahmad Contractor,26819.0,2026-03-24,26819.0 - 26819.0,0.0,LOW,Payment In-Progress
TXN-000465,WS/MP18404/2025,Gul Ahmad Contractor,26819.0,2026-03-24,26819.0 - 26819.0,0.0,LOW,Payment In-Progress
TXN-000466,WS/MP18404/2025,Gul Ahmad Contractor,26819.0,2026-03-24,26819.0 - 26819.0,0.0,LOW,Payment In-Progress
TXN-000467,WS/MP18404/2025,Gul Ahmad Contractor,26819.0,2026-03-24,26819.0 - 26819.0,0.0,LOW,Payment In-Progress
TXN-000468,WS/MP18404/2025,Gul Ahmad Contractor,26819.0,2026-03-24,26819.0 - 26819.0,0.0,LOW,Payment In-Progress
TXN-000469,WS/MP18404/2025,Gul Ahmad Contractor,26819.0,2026-03-24,26819.0 - 26819.0,0.0,LOW,Payment In-Progress
TXN-000470,WS/MP18404/2025,Gul Ahmad Contractor,26819.0,2026-03-24,26819.0 - 26819.0,0.0,LOW,Payment In-Progress
TXN-000471,WS/MP18404/2025,Gul Ahmad Contractor,26819.0,2026-03-24,26819.0 - 26819.0,0.0,LOW,Payment In-Progress
TXN-000472,WS/MP18404/2025,Gul Ahmad Contractor,26819.0,2026-03-24,26819.0 - 26819.0,0.0,LOW,Payment In-Progress
TXN-000473,WS/MP18404/2025,Gul Ahmad Contractor,26819.0,2026-03-24,26819.0 - 26819.0,0.0,LOW,Payment In-Progress
TXN-000474,WS/MP18404/2025,Gul Ahmad Contractor,26819.0,2026-03-24,26819.0 - 26819.0,0.0,LOW,Payment In-Progress
TXN-000475,WS/MP18404/2025,Gul Ahmad Contractor,26819.0,2026-03-24,26819.0 - 26819.0,0.0,LOW,Payment In-Progress
TXN-000476,WS/MP18404/2025,Gul Ahmad Contractor,26819.0,2026-03-24,26819.0 - 26819.0,0.0,LOW,Payment In-Progress
TXN-000477,WS/MP18404/2025,Gul Ahmad Contractor,26819.0,2026-03-24,26819.0 - 26819.0,0.0,LOW,Payment In-Progress
TXN-000478,WS/MP18404/2025,Gul Ahmad Contractor,26819.0,2026-03-24,26819.0 - 26819.0,0.0,LOW,Payment In-Progress
TXN-000479,WS/MP18404/2025,Gul Ahmad Contractor,26819.0,2026-03-24,26819.0 - 26819.0,0.0,LOW,Payment In-Progress
TXN-000480,WS/MP18404/2025,Gul Ahmad Contractor,26819.0,2026-03-24,26819.0 - 26819.0,0.0,LOW,Payment In-Progress
TXN-000481,WS/MP18404/2025,Gul Ahmad Contractor,26819.0,2026-03-24,26819.0 - 26819.0,0.0,LOW,Payment In-Progress
TXN-000482,WS/MP18404/2025,Gul Ahmad Contractor,26819.0,2026-03-24,26819.0 - 26819.0,0.0,LOW,Payment In-Progress
TXN-000483,WS/MP18404/2025,Gul Ahmad Contractor,26819.0,2026-03-24,26819.0 - 26819.0,0.0,LOW,Payment In-Progress
TXN-000484,WS/MP18404/2025,Gul Ahmad Contractor,26819.0,2026-03-24,26819.0 - 26819.0,0.0,LOW,Payment In-Progress
TXN-000485,WS/MP18404/2025,Gul Ahmad Contractor,26819.0,2026-03-24,26819.0 - 26819.0,0.0,LOW,Payment In-Progress
TXN-000486,WS/MP18404/2025,Gul Ahmad Contractor,26819.0,2026-03-24,26819.0 - 26819.0,0.0,LOW,Payment In-Progress
TXN-000487,WS/MP18404/2025,Gul Ahmad Contractor,26819.0,2026-03-24,26819.0 - 26819.0,0.0,LOW,Payment In-Progress
TXN-000488,WS/MP18404/2025,Gul Ahmad Contractor,26819.0,2026-03-24,26819.0 - 26819.0,0.0,LOW,Payment In-Progress
TXN-000489,WS/MP18404/2025,Gul Ahmad Contractor,26819.0,2026-03-24,26819.0 - 26819.0,0.0,LOW,Payment In-Progress
TXN-000490,WS/MP18404/2025,Gul Ahmad Contractor,26819.0,2026-03-24,26819.0 - 26819.0,0.0,LOW,Payment In-Progress
TXN-000491,WS/MP18404/2025,Gul Ahmad Contractor,26819.0,2026-03-24,26819.0 - 26819.0,0.0,LOW,Payment In-Progress
TXN-000492,WS/MP18404/2025,Gul Ahmad Contractor,26819.0,2026-03-24,26819.0 - 26819.0,0.0,LOW,Payment In-Progress
TXN-000493,WS/MP18404/2025,Gul Ahmad Contractor,26819.0,2026-03-24,26819.0 - 26819.0,0.0,LOW,Payment In-Progress
TXN-000494,WS/MP18404/2025,Gul Ahmad Contractor,26819.0,2026-03-24,26819.0 - 26819.0,0.0,LOW,Payment In-Progress
TXN-000495,WS/MP18404/2025,Gul Ahmad Contractor,26819.0,2026-03-24,26819.0 - 26819.0,0.0,LOW,Payment In-Progress
TXN-000496,WS/MP18404/2025,Gul Ahmad Contractor,26819.0,2026-03-24,26819.0 - 26819.0,0.0,LOW,Payment In-Progress
TXN-000497,WS/MP18404/2025,Gul Ahmad Contractor,26819.0,2026-03-24,26819.0 - 26819.0,0.0,LOW,Payment In-Progress
TXN-000498,WS/MP18404/2025,Gul Ahmad Contractor,26819.0,2026-03-24,26819.0 - 26819.0,0.0,LOW,Payment In-Progress
TXN-000499,WS/MP433/2026,RAJ KUMAR SAGAR,199862.0,2026-06-22,199862.0 - 199862.0,0.0,LOW,Payment In-Progress
TXN-000500,WS/MP18321/2025,JORAJINA MUVADA GRAM PANCHAYAT,500000.0,2026-08-25,500000.0 - 500000.0,0.0,LOW,Payment In-Progress
TXN-000501,WS/MP457/2025,VDH ENGINEERING SERVICES,245509.0,2026-08-25,245509.0 - 245509.0,0.0,LOW,Payment In-Progress
TXN-000502,WS/MP457/2025,VDH ENGINEERING SERVICES,245509.0,2026-08-25,245509.0 - 245509.0,0.0,LOW,Payment In-Progress
TXN-000503,WS/MP457/2025,VDH ENGINEERING SERVICES,245509.0,2026-08-25,245509.0 - 245509.0,0.0,LOW,Payment In-Progress
TXN-000504,WS/MP457/2025,VDH ENGINEERING SERVICES,245509.0,2026-08-25,245509.0 - 245509.0,0.0,LOW,Payment In-Progress
TXN-000505,WS/MP794/2025,AMARNATH PANDEY AMARNATH PANDEY CONTRACTOR,432983.0,2026-08-25,97450.0 - 383053.1,80.2206895231269,HIGH,Payment In-Progress
TXN-000506,WS/MP794/2025,AMARNATH PANDEY AMARNATH PANDEY CONTRACTOR,82414.0,2026-08-25,97450.0 - 383053.1,-65.69678738805223,HIGH,Payment In-Progress
TXN-000507,WS/MP794/2025,AMARNATH PANDEY AMARNATH PANDEY CONTRACTOR,266550.0,2026-08-25,97450.0 - 383053.1,10.946214498928303,LOW,Payment In-Progress
TXN-000508,WS/MP794/2025,AMARNATH PANDEY AMARNATH PANDEY CONTRACTOR,132534.0,2026-08-25,97450.0 - 383053.1,-44.83531948076922,MEDIUM,Payment In-Progress
TXN-000509,WS/MP429/2025,GRAM PANCHAYAT BARIUMRAON,180000.0,2026-08-11,180000.0 - 180000.0,0.0,LOW,Payment In-Progress
TXN-000510,WS/MP18311/2025,MODERN METAL CRAFTS,300000.0,2026-07-15,305000.0 - 345000.0,-7.6923076923076925,LOW,Payment In-Progress
TXN-000511,WS/MP468/2025,OM PRAKASH ARYA,124752.0,2026-08-21,81004.8 - 124868.5,21.19298617159195,MEDIUM,Payment In-Progress
TXN-000512,WS/MP468/2025,OM PRAKASH ARYA,62256.0,2026-08-21,81004.8 - 124868.5,-39.52008346881309,MEDIUM,Payment In-Progress
TXN-000513,WS/MP468/2025,OM PRAKASH ARYA,124876.0,2026-08-21,81004.8 - 124868.5,21.31344861135466,MEDIUM,Payment In-Progress
TXN-000514,WS/MP468/2025,OM PRAKASH ARYA,124851.0,2026-08-21,81004.8 - 124868.5,21.289161829144437,MEDIUM,Payment In-Progress
TXN-000515,WS/MP18352/2025,MS Suresh Chauhan,390238.0,2026-08-20,390238.0 - 390238.0,0.0,LOW,Payment In-Progress
TXN-000516,WS/MP334/2025,EXECUTIVE ENGINER NREP GIRIDIH,349924.0,2026-06-20,149709.0 - 300000.0,55.62241360524251,HIGH,Payment In-Progress
TXN-000517,WS/MP334/2025,EXECUTIVE ENGINER NREP GIRIDIH,399490.0,2026-06-27,149709.0 - 300000.0,77.66600179227011,HIGH,Payment In-Progress
TXN-000518,WS/MP334/2024,EXECUTIVE ENGINER NREP GIRIDIH,299420.0,2026-06-29,149709.0 - 300000.0,33.16166676673137,MEDIUM,Payment In-Progress
TXN-000519,WS/MP334/2024,EXECUTIVE ENGINER NREP GIRIDIH,149710.0,2026-06-29,149709.0 - 300000.0,-33.419166616634314,MEDIUM,Payment In-Progress
TXN-000520,WS/MP334/2024,EXECUTIVE ENGINER NREP GIRIDIH,149710.0,2026-06-29,149709.0 - 300000.0,-33.419166616634314,MEDIUM,Payment In-Progress
TXN-000521,WS/MP334/2024,EXECUTIVE ENGINER NREP GIRIDIH,149709.0,2026-06-29,149709.0 - 300000.0,-33.41961134867214,MEDIUM,Payment In-Progress
TXN-000522,WS/MP334/2024,EXECUTIVE ENGINER NREP GIRIDIH,299420.0,2026-06-29,149709.0 - 300000.0,33.16166676673137,MEDIUM,Payment In-Progress
TXN-000523,WS/MP334/2024,EXECUTIVE ENGINER NREP GIRIDIH,299420.0,2026-06-29,149709.0 - 300000.0,33.16166676673137,MEDIUM,Payment In-Progress
TXN-000524,WS/MP334/2024,EXECUTIVE ENGINER NREP GIRIDIH,149709.0,2026-06-29,149709.0 - 300000.0,-33.41961134867214,MEDIUM,Payment In-Progress
TXN-000525,WS/MP334/2024,EXECUTIVE ENGINER NREP GIRIDIH,149711.0,2026-06-29,149709.0 - 300000.0,-33.418721884596486,MEDIUM,Payment In-Progress
TXN-000526,WS/MP334/2024,EXECUTIVE ENGINER NREP GIRIDIH,149752.0,2026-06-29,149709.0 - 300000.0,-33.4004878710455,MEDIUM,Payment In-Progress
TXN-000527,WS/MP334/2024,EXECUTIVE ENGINER NREP GIRIDIH,149711.0,2026-06-29,149709.0 - 300000.0,-33.418721884596486,MEDIUM,Payment In-Progress
TXN-000528,WS/MP334/2024,EXECUTIVE ENGINER NREP GIRIDIH,149710.0,2026-06-29,149709.0 - 300000.0,-33.419166616634314,MEDIUM,Payment In-Progress
TXN-000529,WS/MP334/2024,EXECUTIVE ENGINER NREP GIRIDIH,149711.0,2026-06-29,149709.0 - 300000.0,-33.418721884596486,MEDIUM,Payment In-Progress
TXN-000530,WS/MP334/2024,EXECUTIVE ENGINER NREP GIRIDIH,149709.0,2026-06-29,149709.0 - 300000.0,-33.41961134867214,MEDIUM,Payment In-Progress
TXN-000531,WS/MP334/2024,EXECUTIVE ENGINER NREP GIRIDIH,149711.0,2026-06-29,149709.0 - 300000.0,-33.418721884596486,MEDIUM,Payment In-Progress
TXN-000532,WS/MP334/2024,EXECUTIVE ENGINER NREP GIRIDIH,149710.0,2026-06-29,149709.0 - 300000.0,-33.419166616634314,MEDIUM,Payment In-Progress
TXN-000533,WS/MP334/2024,EXECUTIVE ENGINER NREP GIRIDIH,149710.0,2026-06-29,149709.0 - 300000.0,-33.419166616634314,MEDIUM,Payment In-Progress
TXN-000534,WS/MP334/2024,EXECUTIVE ENGINER NREP GIRIDIH,149711.0,2026-06-29,149709.0 - 300000.0,-33.418721884596486,MEDIUM,Payment In-Progress
TXN-000535,WS/MP334/2024,EXECUTIVE ENGINER NREP GIRIDIH,149709.0,2026-06-29,149709.0 - 300000.0,-33.41961134867214,MEDIUM,Payment In-Progress
TXN-000536,WS/MP334/2024,EXECUTIVE ENGINER NREP GIRIDIH,149710.0,2026-06-29,149709.0 - 300000.0,-33.419166616634314,MEDIUM,Payment In-Progress
TXN-000537,WS/MP334/2024,EXECUTIVE ENGINER NREP GIRIDIH,149711.0,2026-06-29,149709.0 - 300000.0,-33.418721884596486,MEDIUM,Payment In-Progress
TXN-000538,WS/MP334/2024,EXECUTIVE ENGINER NREP GIRIDIH,149709.0,2026-06-29,149709.0 - 300000.0,-33.41961134867214,MEDIUM,Payment In-Progress
TXN-000539,WS/MP334/2024,EXECUTIVE ENGINER NREP GIRIDIH,149709.0,2026-06-29,149709.0 - 300000.0,-33.41961134867214,MEDIUM,Payment In-Progress
TXN-000540,WS/MP334/2024,EXECUTIVE ENGINER NREP GIRIDIH,149709.0,2026-07-02,149709.0 - 300000.0,-33.41961134867214,MEDIUM,Payment In-Progress
TXN-000541,WS/MP18002/2025,CHADARAM VENKATA RAMANA,1526370.0,2026-08-19,1533295.2 - 1588696.8,-2.218199149773606,LOW,Payment In-Progress
TXN-000542,WS/MP18002/2025,CHADARAM VENKATA RAMANA,1595622.0,2026-08-19,1533295.2 - 1588696.8,2.218199149773606,LOW,Payment In-Progress
TXN-000543,WS/MP550/2025,ASST ENGINEER LAEO WD I BEGUSARAI VSK MATHIHANI,610488.0,2026-08-22,610488.0 - 610488.0,0.0,LOW,Payment In-Progress
TXN-000544,WS/MP579/2026,MSS MEDITECHNO,1099108.0,2026-08-25,1099108.0 - 1099108.0,0.0,LOW,Payment In-Progress
TXN-000545,WS/MP380/2025,SIDHU TRADERS,4200.0,2026-08-26,4200.0 - 4200.0,0.0,LOW,Payment In-Progress
TXN-000546,WS/MP18311/2026,SINGLA INDUSTRIES,350000.0,2026-08-26,350000.0 - 350000.0,0.0,LOW,Payment In-Progress
TXN-000547,WS/MP18311/2026,SINGLA INDUSTRIES,350000.0,2026-08-26,350000.0 - 350000.0,0.0,LOW,Payment In-Progress
TXN-000548,WS/MP751/2025,A N KANNAN,698676.0,2026-08-25,698676.0 - 698676.0,0.0,LOW,Payment In-Progress
TXN-000549,WS/MP351/2025,Keltron Component complex Ltd Kannur,110000.0,2026-08-19,110000.0 - 110000.0,0.0,LOW,Payment In-Progress
TXN-000550,WS/MP351/2025,Keltron Component complex Ltd Kannur,110000.0,2026-08-19,110000.0 - 110000.0,0.0,LOW,Payment In-Progress
TXN-000551,WS/MP351/2025,Keltron Component complex Ltd Kannur,110000.0,2026-08-19,110000.0 - 110000.0,0.0,LOW,Payment In-Progress
TXN-000552,WS/MP351/2026,Keltron Component complex Ltd Kannur,110000.0,2026-08-19,110000.0 - 110000.0,0.0,LOW,Payment In-Progress
TXN-000553,WS/MP351/2025,Keltron Component complex Ltd Kannur,110000.0,2026-08-19,110000.0 - 110000.0,0.0,LOW,Payment In-Progress
TXN-000554,WS/MP351/2025,Keltron Component complex Ltd Kannur,110000.0,2026-08-19,110000.0 - 110000.0,0.0,LOW,Payment In-Progress
TXN-000555,WS/MP351/2025,Keltron Component complex Ltd Kannur,110000.0,2026-08-19,110000.0 - 110000.0,0.0,LOW,Payment In-Progress
TXN-000556,WS/MP351/2025,Keltron Component complex Ltd Kannur,110000.0,2026-08-19,110000.0 - 110000.0,0.0,LOW,Payment In-Progress
TXN-000557,WS/MP350/2025,Keltron Component complex Ltd Kannur,110000.0,2026-08-19,110000.0 - 110000.0,0.0,LOW,Payment In-Progress
TXN-000558,WS/MP350/2025,Keltron Component complex Ltd Kannur,110000.0,2026-08-19,110000.0 - 110000.0,0.0,LOW,Payment In-Progress
TXN-000559,WS/MP350/2025,Keltron Component complex Ltd Kannur,220000.0,2026-08-19,110000.0 - 110000.0,100.0,HIGH,Payment In-Progress
TXN-000560,WS/MP350/2025,Keltron Component complex Ltd Kannur,110000.0,2026-08-19,110000.0 - 110000.0,0.0,LOW,Payment In-Progress
TXN-000561,WS/MP350/2025,Keltron Component complex Ltd Kannur,110000.0,2026-08-19,110000.0 - 110000.0,0.0,LOW,Payment In-Progress
TXN-000562,WS/MP350/2025,Keltron Component complex Ltd Kannur,110000.0,2026-08-19,110000.0 - 110000.0,0.0,LOW,Payment In-Progress
TXN-000563,WS/MP350/2025,Keltron Component complex Ltd Kannur,110000.0,2026-08-19,110000.0 - 110000.0,0.0,LOW,Payment In-Progress
TXN-000564,WS/MP350/2025,Keltron Component complex Ltd Kannur,110000.0,2026-08-19,110000.0 - 110000.0,0.0,LOW,Payment In-Progress
TXN-000565,WS/MP350/2026,Keltron Component complex Ltd Kannur,110000.0,2026-08-19,110000.0 - 110000.0,0.0,LOW,Payment In-Progress
TXN-000566,WS/MP351/2025,Keltron Component complex Ltd Kannur,110000.0,2026-08-19,110000.0 - 110000.0,0.0,LOW,Payment In-Progress
TXN-000567,WS/MP351/2025,Keltron Component complex Ltd Kannur,110000.0,2026-08-19,110000.0 - 110000.0,0.0,LOW,Payment In-Progress
TXN-000568,WS/MP351/2026,Keltron Component complex Ltd Kannur,110000.0,2026-08-19,110000.0 - 110000.0,0.0,LOW,Payment In-Progress
TXN-000569,WS/MP351/2026,Keltron Component complex Ltd Kannur,110000.0,2026-08-19,110000.0 - 110000.0,0.0,LOW,Payment In-Progress
TXN-000570,WS/MP351/2025,Keltron Component complex Ltd Kannur,110000.0,2026-08-19,110000.0 - 110000.0,0.0,LOW,Payment In-Progress
TXN-000571,WS/MP351/2025,Keltron Component complex Ltd Kannur,110000.0,2026-08-19,110000.0 - 110000.0,0.0,LOW,Payment In-Progress
TXN-000572,WS/MP351/2025,Keltron Component complex Ltd Kannur,110000.0,2026-08-19,110000.0 - 110000.0,0.0,LOW,Payment In-Progress
TXN-000573,WS/MP351/2025,Keltron Component complex Ltd Kannur,110000.0,2026-08-19,110000.0 - 110000.0,0.0,LOW,Payment In-Progress
TXN-000574,WS/MP351/2026,Keltron Component complex Ltd Kannur,110000.0,2026-08-19,110000.0 - 110000.0,0.0,LOW,Payment In-Progress
TXN-000575,WS/MP334/2024,EXECUTIVE ENGINER NREP GIRIDIH,149711.0,2026-07-02,149709.0 - 300000.0,-33.418721884596486,MEDIUM,Payment In-Progress
TXN-000576,WS/MP334/2024,EXECUTIVE ENGINER NREP GIRIDIH,149710.0,2026-07-02,149709.0 - 300000.0,-33.419166616634314,MEDIUM,Payment In-Progress
TXN-000577,WS/MP18109/2025,SE O and M MPPKVVCL SIDHI,39132.0,2026-08-25,39132.0 - 435675.0,-83.51667098421044,HIGH,Payment In-Progress
TXN-000578,WS/MP18109/2025,SE O and M MPPKVVCL SIDHI,435675.0,2026-05-14,39132.0 - 435675.0,83.51667098421044,HIGH,Payment In-Progress
TXN-000579,WS/MP18109/2025,SE O and M MPPKVVCL SIDHI,308487.0,2026-08-10,39132.0 - 435675.0,29.94206066886124,MEDIUM,Payment In-Progress
TXN-000580,WS/MP18109/2025,SE O and M MPPKVVCL SIDHI,345085.0,2026-08-11,39132.0 - 435675.0,45.35800862245081,MEDIUM,Payment In-Progress
TXN-000581,WS/MP18109/2025,SE O and M MPPKVVCL SIDHI,776983.0,2026-08-14,39132.0 - 435675.0,227.28371738411604,HIGH,Payment In-Progress
TXN-000582,WS/MP18109/2025,SE O and M MPPKVVCL SIDHI,290193.0,2026-08-14,39132.0 - 435675.0,22.23619281097372,MEDIUM,Payment In-Progress
TXN-000583,WS/MP334/2024,EXECUTIVE ENGINER NREP GIRIDIH,149710.0,2026-03-17,149709.0 - 300000.0,-33.419166616634314,MEDIUM,Payment In-Progress
TXN-000584,WS/MP334/2024,EXECUTIVE ENGINER NREP GIRIDIH,149710.0,2026-03-19,149709.0 - 300000.0,-33.419166616634314,MEDIUM,Payment In-Progress
TXN-000585,WS/MP334/2024,EXECUTIVE ENGINER NREP GIRIDIH,149710.0,2026-03-19,149709.0 - 300000.0,-33.419166616634314,MEDIUM,Payment In-Progress
TXN-000586,WS/MP490/2025,ANSH ENTERPRISES,510350.0,2026-07-27,510350.0 - 510350.0,0.0,LOW,Payment In-Progress
TXN-000587,WS/MP490/2025,RAJ INFRASTRUCTURE,620444.0,2026-08-07,620444.0 - 620444.0,0.0,LOW,Payment In-Progress
TXN-000588,WS/MP18035/2025,AE ARWAL,69739.0,2026-08-20,69739.0 - 69739.0,0.0,LOW,Payment In-Progress
TXN-000589,WS/MP18306/2025,Mahindra and Mahindra Ltd,798631.0,2026-08-24,798631.0 - 798631.0,0.0,LOW,Payment In-Progress
TXN-000590,WS/MP18055/2025,NAVGAMA GRAM PANCHYAT GRAM PANCHYAT,100000.0,2026-08-19,100000.0 - 100000.0,0.0,LOW,Payment In-Progress
TXN-000591,WS/MP18036/2026,ASSISTANT ENGINEER AC JAMUI LAEO WD 01 JAMUI,764387.0,2026-08-27,764387.0 - 764387.0,0.0,LOW,Payment In-Progress
TXN-000592,WS/MP490/2025,DINESH SINGH,231634.0,2026-08-22,231634.0 - 231634.0,0.0,LOW,Payment In-Progress
TXN-000593,WS/MP18033/2026,ASSISTANT ENGINEER LAEO BARACHATTI VIDHAN SABHA,1489595.0,2026-08-27,216368.6 - 1348125.4,90.42514704434788,HIGH,Payment In-Progress
TXN-000594,WS/MP18033/2025,ASSISTANT ENGINEER LAEO BARACHATTI VIDHAN SABHA,74899.0,2026-08-27,216368.6 - 1348125.4,-90.42514704434788,HIGH,Payment In-Progress
TXN-000595,WS/MP18033/2025,ASSISTANT ENGINEER LAEO BODHGAYA VIDHAN SABHA,74976.0,2026-08-27,74976.0 - 74976.0,0.0,LOW,Payment In-Progress
TXN-000596,WS/MP18031/2026,ASSISTANT ENGINEER LAEO IMAMGANJ VIDHAN SABHA,593215.0,2026-08-27,593215.0 - 593215.0,0.0,LOW,Payment In-Progress
TXN-000597,WS/MP18055/2026,gumadiya gram panchayat,150000.0,2026-08-21,154407.5 - 189667.5,-12.8097071859333,LOW,Payment In-Progress
TXN-000598,WS/MP18055/2026,gumadiya gram panchayat,194075.0,2026-08-21,154407.5 - 189667.5,12.8097071859333,LOW,Payment In-Progress
TXN-000599,WS/MP578/2024,JAMANIA GRAM PANCHAYAT,200000.0,2026-08-19,200000.0 - 200000.0,0.0,LOW,Payment In-Progress
TXN-000600,WS/MP575/2025,GRAM PANCHAYAT BIGRI,500000.0,2026-07-09,500000.0 - 500000.0,0.0,LOW,Payment In-Progress
TXN-000601,WS/MP18186/2026,L G Arasu,3383371.0,2026-08-25,138220.0 - 2764996.8,133.07739194675366,HIGH,Payment In-Progress
TXN-000602,WS/MP18186/2026,L G Arasu,291500.0,2026-08-25,138220.0 - 2764996.8,-79.9188265926265,HIGH,Payment In-Progress
TXN-000603,WS/MP710/2026,M SENTHILKUMAR,1519842.0,2026-08-04,1519842.0 - 1519842.0,0.0,LOW,Payment In-Progress
TXN-000604,WS/MP18176/2025,RAM CONSTRUCTION,699124.0,2026-08-27,699124.0 - 699124.0,0.0,LOW,Payment In-Progress
TXN-000605,WS/MP18328/2025,Sec GP Parsda Hawani,100000.0,2026-08-25,100000.0 - 100000.0,0.0,LOW,Payment In-Progress
TXN-000606,WS/MP18033/2025,ASSISTANT ENGINEER WAZIRGANJ,74674.0,2026-08-24,74674.0 - 74674.0,0.0,LOW,Payment In-Progress
TXN-000607,WS/MP18055/2025,FELSANI GRAM PANCHYAT GRAM PANCHYAT,100000.0,2026-08-19,100000.0 - 100000.0,0.0,LOW,Payment In-Progress
TXN-000608,WS/MP18055/2025,JETHOLI GRAM PANCHYAT GRAM PANCHYAT,100000.0,2026-08-19,100000.0 - 100000.0,0.0,LOW,Payment In-Progress
TXN-000609,WS/MP18164/2026,S M ENTERPRISES,39550.0,2026-05-25,39550.0 - 39550.0,0.0,LOW,Payment In-Progress
TXN-000610,WS/MP432/2026,BDO Dehra Lok Sabha,50000.0,2026-08-20,50000.0 - 68750.0,-15.789473684210526,LOW,Payment In-Progress
TXN-000611,WS/MP432/2025,BDO Dehra Lok Sabha,75000.0,2026-08-20,50000.0 - 68750.0,26.31578947368421,MEDIUM,Payment In-Progress
TXN-000612,WS/MP432/2025,BDO Dehra Lok Sabha,62500.0,2026-08-20,50000.0 - 68750.0,5.263157894736842,LOW,Payment In-Progress
TXN-000613,WS/MP432/2025,BDO Dehra Lok Sabha,62500.0,2026-08-20,50000.0 - 68750.0,5.263157894736842,LOW,Payment In-Progress
TXN-000614,WS/MP432/2025,BDO Dehra Lok Sabha,50000.0,2026-08-20,50000.0 - 68750.0,-15.789473684210526,LOW,Payment In-Progress
TXN-000615,WS/MP432/2024,BDO Dehra Lok Sabha,62500.0,2026-08-25,50000.0 - 68750.0,5.263157894736842,LOW,Payment In-Progress
TXN-000616,WS/MP18031/2025,SAHAYAK ABHIYANTA AURANGABAD BIDHANSABHA KSHETRA,494054.0,2026-08-20,494054.0 - 494054.0,0.0,LOW,Payment In-Progress
TXN-000617,WS/MP18037/2025,BIDHANSABHA KSHETRA OBRA SAHAYAK ABHIYANTA,74509.0,2026-08-20,74509.0 - 74509.0,0.0,LOW,Payment In-Progress
TXN-000618,WS/MP18037/2025,BIDHANSABHA KSHETRA OBRA SAHAYAK ABHIYANTA,74509.0,2026-08-20,74509.0 - 74509.0,0.0,LOW,Payment In-Progress
TXN-000619,WS/MP579/2025,Gram Panchayat Sarol,149829.0,2026-08-27,149829.0 - 149829.0,0.0,LOW,Payment In-Progress
TXN-000620,WS/MP579/2025,Gram Panchayat Dahevan,50000.0,2026-08-27,50000.0 - 50000.0,0.0,LOW,Payment In-Progress
TXN-000621,WS/MP579/2025,Gram Panchayat Kavitha,499787.0,2026-08-27,499787.0 - 499787.0,0.0,LOW,Payment In-Progress
TXN-000622,WS/MP18157/2025,JAGDEV SINGH,1.0,2026-08-25,1.0 - 1.0,0.0,LOW,Payment In-Progress
TXN-000623,WS/MP18328/2025,GP MASERAN,100000.0,2026-08-25,100000.0 - 100000.0,0.0,LOW,Payment In-Progress
TXN-000624,WS/MP458/2026,Sree and Co,3000000.0,2026-05-29,3000000.0 - 3000000.0,0.0,LOW,Payment In-Progress
TXN-000625,WS/MP490/2025,SAGAR CONSTRUCTION COMPANY,880398.0,2026-08-12,880398.0 - 880398.0,0.0,LOW,Payment In-Progress
TXN-000626,WS/MP344/2025,OMASSERY LABOUR CONTRACT CO OPARATIVE SOCIETY,327850.0,2026-08-24,327850.0 - 327850.0,0.0,LOW,Payment In-Progress
TXN-000627,WS/MP579/2025,Gram Panchayat Kankapura,430237.0,2026-08-21,430237.0 - 430237.0,0.0,LOW,Payment In-Progress
TXN-000628,WS/MP300/2025,CDO Zilla Parishad DMF,463.0,2026-08-25,463.0 - 463.0,0.0,LOW,Payment In-Progress
TXN-000629,WS/MP672/2025,Spectrum Services,150000.0,2026-07-31,150000.0 - 150000.0,0.0,LOW,Payment In-Progress
TXN-000630,WS/MP18084/2026,NIRMITHI KENDRA DAVANGERE,1125000.0,2026-08-18,375000.0 - 1312500.0,33.33333333333333,MEDIUM,Payment In-Progress
TXN-000631,WS/MP18084/2026,NIRMITHI KENDRA DAVANGERE,750000.0,2026-08-18,375000.0 - 1312500.0,-11.11111111111111,LOW,Payment In-Progress
TXN-000632,WS/MP18084/2026,NIRMITHI KENDRA DAVANGERE,1500000.0,2026-08-18,375000.0 - 1312500.0,77.77777777777779,HIGH,Payment In-Progress
TXN-000633,WS/MP18084/2026,NIRMITHI KENDRA DAVANGERE,375000.0,2026-08-18,375000.0 - 1312500.0,-55.55555555555556,HIGH,Payment In-Progress
TXN-000634,WS/MP18084/2026,NIRMITHI KENDRA DAVANGERE,375000.0,2026-08-18,375000.0 - 1312500.0,-55.55555555555556,HIGH,Payment In-Progress
TXN-000635,WS/MP18084/2025,NIRMITHI KENDRA DAVANGERE,375000.0,2026-08-18,375000.0 - 1312500.0,-55.55555555555556,HIGH,Payment In-Progress
TXN-000636,WS/MP18328/2025,GRAM PANCHAYAT HARI BEHNA,150000.0,2026-08-27,150000.0 - 150000.0,0.0,LOW,Payment In-Progress
TXN-000637,WS/MP818/2025,KLK Ventures Private Limited,15364.0,2026-02-21,15364.0 - 15364.0,0.0,LOW,Payment In-Progress
TXN-000638,WS/MP818/2025,KLK Ventures Private Limited,15364.0,2026-02-21,15364.0 - 15364.0,0.0,LOW,Payment In-Progress
TXN-000639,WS/MP818/2025,KLK Ventures Private Limited,15364.0,2026-02-21,15364.0 - 15364.0,0.0,LOW,Payment In-Progress
TXN-000640,WS/MP818/2025,KLK Ventures Private Limited,15364.0,2026-02-21,15364.0 - 15364.0,0.0,LOW,Payment In-Progress
TXN-000641,WS/MP818/2025,KLK Ventures Private Limited,15364.0,2026-02-21,15364.0 - 15364.0,0.0,LOW,Payment In-Progress
TXN-000642,WS/MP818/2025,KLK Ventures Private Limited,15364.0,2026-02-21,15364.0 - 15364.0,0.0,LOW,Payment In-Progress
TXN-000643,WS/MP818/2025,KLK Ventures Private Limited,15364.0,2026-02-21,15364.0 - 15364.0,0.0,LOW,Payment In-Progress
TXN-000644,WS/MP818/2025,KLK Ventures Private Limited,15364.0,2026-02-21,15364.0 - 15364.0,0.0,LOW,Payment In-Progress
TXN-000645,WS/MP818/2025,KLK Ventures Private Limited,15364.0,2026-02-21,15364.0 - 15364.0,0.0,LOW,Payment In-Progress
TXN-000646,WS/MP818/2025,KLK Ventures Private Limited,15364.0,2026-02-21,15364.0 - 15364.0,0.0,LOW,Payment In-Progress
TXN-000647,WS/MP818/2025,KLK Ventures Private Limited,15364.0,2026-02-21,15364.0 - 15364.0,0.0,LOW,Payment In-Progress
TXN-000648,WS/MP818/2025,KLK Ventures Private Limited,15364.0,2026-02-21,15364.0 - 15364.0,0.0,LOW,Payment In-Progress
TXN-000649,WS/MP818/2025,KLK Ventures Private Limited,15364.0,2026-02-21,15364.0 - 15364.0,0.0,LOW,Payment In-Progress
TXN-000650,WS/MP818/2025,KLK Ventures Private Limited,15364.0,2026-02-21,15364.0 - 15364.0,0.0,LOW,Payment In-Progress
TXN-000651,WS/MP818/2025,KLK Ventures Private Limited,15364.0,2026-02-21,15364.0 - 15364.0,0.0,LOW,Payment In-Progress
TXN-000652,WS/MP818/2025,KLK Ventures Private Limited,15364.0,2026-02-21,15364.0 - 15364.0,0.0,LOW,Payment In-Progress
TXN-000653,WS/MP818/2025,KLK Ventures Private Limited,15364.0,2026-02-21,15364.0 - 15364.0,0.0,LOW,Payment In-Progress
TXN-000654,WS/MP818/2025,KLK Ventures Private Limited,15364.0,2026-02-21,15364.0 - 15364.0,0.0,LOW,Payment In-Progress
TXN-000655,WS/MP818/2025,KLK Ventures Private Limited,15364.0,2026-02-21,15364.0 - 15364.0,0.0,LOW,Payment In-Progress
TXN-000656,WS/MP818/2025,KLK Ventures Private Limited,15364.0,2026-02-21,15364.0 - 15364.0,0.0,LOW,Payment In-Progress
TXN-000657,WS/MP818/2025,KLK Ventures Private Limited,15364.0,2026-05-30,15364.0 - 15364.0,0.0,LOW,Payment In-Progress
TXN-000658,WS/MP818/2025,KLK Ventures Private Limited,15364.0,2026-05-30,15364.0 - 15364.0,0.0,LOW,Payment In-Progress
TXN-000659,WS/MP818/2025,KLK Ventures Private Limited,15364.0,2026-05-30,15364.0 - 15364.0,0.0,LOW,Payment In-Progress
TXN-000660,WS/MP18257/2025,Giri Construction,448508.0,2026-08-25,448508.0 - 448508.0,0.0,LOW,Payment In-Progress
TXN-000661,WS/MP18210/2026,SAMRIDHA CONSTRUCTION,906543.0,2026-08-22,906543.0 - 906543.0,0.0,LOW,Payment In-Progress
TXN-000662,WS/MP584/2025,SHREE GOREWALI JUTH GRAM PANCHAYAT,400000.0,2026-08-17,400000.0 - 400000.0,0.0,LOW,Payment In-Progress
TXN-000663,WS/MP18025/2025,MONUJ KURMI,200028.0,2026-08-27,200028.0 - 200028.0,0.0,LOW,Payment In-Progress
TXN-000664,WS/MP18239/2025,R G SUPPLIERS,105000.0,2026-08-22,105000.0 - 105000.0,0.0,LOW,Payment In-Progress
TXN-000665,WS/MP18239/2025,R G SUPPLIERS,105000.0,2026-08-22,105000.0 - 105000.0,0.0,LOW,Payment In-Progress
TXN-000666,WS/MP18239/2025,R G SUPPLIERS,105000.0,2026-08-22,105000.0 - 105000.0,0.0,LOW,Payment In-Progress
TXN-000667,WS/MP18239/2025,R G SUPPLIERS,105000.0,2026-08-22,105000.0 - 105000.0,0.0,LOW,Payment In-Progress
TXN-000668,WS/MP18239/2025,R G SUPPLIERS,105000.0,2026-08-22,105000.0 - 105000.0,0.0,LOW,Payment In-Progress
TXN-000669,WS/MP18239/2025,R G SUPPLIERS,105000.0,2026-08-22,105000.0 - 105000.0,0.0,LOW,Payment In-Progress
TXN-000670,WS/MP18239/2025,R G SUPPLIERS,105000.0,2026-08-22,105000.0 - 105000.0,0.0,LOW,Payment In-Progress
TXN-000671,WS/MP18239/2025,R G SUPPLIERS,105000.0,2026-08-22,105000.0 - 105000.0,0.0,LOW,Payment In-Progress
TXN-000672,WS/MP18239/2025,R G SUPPLIERS,105000.0,2026-08-14,105000.0 - 105000.0,0.0,LOW,Payment In-Progress
TXN-000673,WS/MP18239/2025,R G SUPPLIERS,105000.0,2026-08-14,105000.0 - 105000.0,0.0,LOW,Payment In-Progress
TXN-000674,WS/MP18239/2025,R G SUPPLIERS,105000.0,2026-08-14,105000.0 - 105000.0,0.0,LOW,Payment In-Progress
TXN-000675,WS/MP18239/2025,R G SUPPLIERS,105000.0,2026-08-14,105000.0 - 105000.0,0.0,LOW,Payment In-Progress
TXN-000676,WS/MP18239/2025,R G SUPPLIERS,105000.0,2026-08-14,105000.0 - 105000.0,0.0,LOW,Payment In-Progress
TXN-000677,WS/MP18239/2025,R G SUPPLIERS,105000.0,2026-08-14,105000.0 - 105000.0,0.0,LOW,Payment In-Progress
TXN-000678,WS/MP18239/2025,R G SUPPLIERS,105000.0,2026-08-14,105000.0 - 105000.0,0.0,LOW,Payment In-Progress
TXN-000679,WS/MP18239/2025,R G SUPPLIERS,105000.0,2026-08-14,105000.0 - 105000.0,0.0,LOW,Payment In-Progress
TXN-000680,WS/MP18239/2025,R G SUPPLIERS,105000.0,2026-08-14,105000.0 - 105000.0,0.0,LOW,Payment In-Progress
TXN-000681,WS/MP18239/2025,R G SUPPLIERS,105000.0,2026-08-14,105000.0 - 105000.0,0.0,LOW,Payment In-Progress
TXN-000682,WS/MP18239/2025,R G SUPPLIERS,105000.0,2026-08-14,105000.0 - 105000.0,0.0,LOW,Payment In-Progress
TXN-000683,WS/MP18239/2025,R G SUPPLIERS,105000.0,2026-08-14,105000.0 - 105000.0,0.0,LOW,Payment In-Progress
TXN-000684,WS/MP18239/2025,R G SUPPLIERS,105000.0,2026-08-14,105000.0 - 105000.0,0.0,LOW,Payment In-Progress
TXN-000685,WS/MP18239/2025,R G SUPPLIERS,105000.0,2026-08-14,105000.0 - 105000.0,0.0,LOW,Payment In-Progress
TXN-000686,WS/MP18239/2025,R G SUPPLIERS,105000.0,2026-08-14,105000.0 - 105000.0,0.0,LOW,Payment In-Progress
TXN-000687,WS/MP18239/2025,R G SUPPLIERS,105000.0,2026-08-14,105000.0 - 105000.0,0.0,LOW,Payment In-Progress
TXN-000688,WS/MP18239/2025,R G SUPPLIERS,105000.0,2026-08-14,105000.0 - 105000.0,0.0,LOW,Payment In-Progress
TXN-000689,WS/MP18239/2025,R G SUPPLIERS,105000.0,2026-08-14,105000.0 - 105000.0,0.0,LOW,Payment In-Progress
TXN-000690,WS/MP18239/2025,R G SUPPLIERS,105000.0,2026-08-14,105000.0 - 105000.0,0.0,LOW,Payment In-Progress
TXN-000691,WS/MP18239/2025,R G SUPPLIERS,105000.0,2026-08-14,105000.0 - 105000.0,0.0,LOW,Payment In-Progress
TXN-000692,WS/MP18239/2025,R G SUPPLIERS,105000.0,2026-08-17,105000.0 - 105000.0,0.0,LOW,Payment In-Progress
TXN-000693,WS/MP18239/2025,R G SUPPLIERS,105000.0,2026-08-17,105000.0 - 105000.0,0.0,LOW,Payment In-Progress
TXN-000694,WS/MP18239/2025,R G SUPPLIERS,105000.0,2026-08-17,105000.0 - 105000.0,0.0,LOW,Payment In-Progress
TXN-000695,WS/MP18239/2025,R G SUPPLIERS,105000.0,2026-08-17,105000.0 - 105000.0,0.0,LOW,Payment In-Progress
TXN-000696,WS/MP18239/2025,R G SUPPLIERS,105000.0,2026-08-17,105000.0 - 105000.0,0.0,LOW,Payment In-Progress
TXN-000697,WS/MP18239/2025,R G SUPPLIERS,105000.0,2026-08-17,105000.0 - 105000.0,0.0,LOW,Payment In-Progress
TXN-000698,WS/MP18239/2025,R G SUPPLIERS,105000.0,2026-08-18,105000.0 - 105000.0,0.0,LOW,Payment In-Progress
TXN-000699,WS/MP18239/2025,R G SUPPLIERS,105000.0,2026-08-18,105000.0 - 105000.0,0.0,LOW,Payment In-Progress
TXN-000700,WS/MP18239/2025,R G SUPPLIERS,105000.0,2026-08-18,105000.0 - 105000.0,0.0,LOW,Payment In-Progress
TXN-000701,WS/MP18239/2025,R G SUPPLIERS,105000.0,2026-08-18,105000.0 - 105000.0,0.0,LOW,Payment In-Progress
TXN-000702,WS/MP18239/2025,R G SUPPLIERS,105000.0,2026-08-18,105000.0 - 105000.0,0.0,LOW,Payment In-Progress
TXN-000703,WS/MP18239/2025,R G SUPPLIERS,105000.0,2026-08-18,105000.0 - 105000.0,0.0,LOW,Payment In-Progress
TXN-000704,WS/MP18239/2025,R G SUPPLIERS,105000.0,2026-08-18,105000.0 - 105000.0,0.0,LOW,Payment In-Progress
TXN-000705,WS/MP18239/2025,R G SUPPLIERS,105000.0,2026-08-18,105000.0 - 105000.0,0.0,LOW,Payment In-Progress
TXN-000706,WS/MP18239/2025,R G SUPPLIERS,105000.0,2026-08-18,105000.0 - 105000.0,0.0,LOW,Payment In-Progress
TXN-000707,WS/MP18239/2025,R G SUPPLIERS,105000.0,2026-08-18,105000.0 - 105000.0,0.0,LOW,Payment In-Progress
TXN-000708,WS/MP18239/2025,R G SUPPLIERS,105000.0,2026-08-18,105000.0 - 105000.0,0.0,LOW,Payment In-Progress
TXN-000709,WS/MP18239/2025,R G SUPPLIERS,105000.0,2026-08-18,105000.0 - 105000.0,0.0,LOW,Payment In-Progress
TXN-000710,WS/MP18150/2026,DMF,234.0,2026-08-21,262.4 - 489.6,-37.765957446808514,MEDIUM,Payment In-Progress
TXN-000711,WS/MP18150/2026,DMF,518.0,2026-08-25,262.4 - 489.6,37.765957446808514,MEDIUM,Payment In-Progress
TXN-000712,WS/MP18321/2025,kamalpur gram panchayat,500000.0,2026-08-24,500000.0 - 500000.0,0.0,LOW,Payment In-Progress
TXN-000713,WS/MP18172/2026,SHARADA CONSTRUCTION AND SUPLIERS,73331.0,2026-08-24,73331.0 - 73331.0,0.0,LOW,Payment In-Progress
TXN-000714,WS/MP334/2024,EXECUTIVE ENGINER NREP GIRIDIH,149711.0,2026-06-29,149709.0 - 300000.0,-33.418721884596486,MEDIUM,Payment In-Progress
TXN-000715,WS/MP18186/2026,L G Arasu,99900.0,2026-08-25,138220.0 - 2764996.8,-93.11797865044043,HIGH,Payment In-Progress
TXN-000716,WS/MP579/2026,Gram Panchayat Umlav,50000.0,2026-08-27,50000.0 - 50000.0,0.0,LOW,Payment In-Progress
TXN-000717,WS/MP579/2026,Gram Panchayat Kalu,200000.0,2026-08-27,200000.0 - 200000.0,0.0,LOW,Payment In-Progress
TXN-000718,WS/MP579/2026,Gram Panchayat Napa Talpad,99462.0,2026-08-27,99462.0 - 99462.0,0.0,LOW,Payment In-Progress
TXN-000719,WS/MP18090/2026,PROJECT MANAGER NIRMITHI KENDRA MANDYA,125000.0,2026-08-19,125000.0 - 412500.0,-53.48837209302325,HIGH,Payment In-Progress
TXN-000720,WS/MP18090/2025,PROJECT MANAGER NIRMITHI KENDRA MANDYA,375000.0,2026-06-22,125000.0 - 412500.0,39.53488372093027,MEDIUM,Payment In-Progress
TXN-000721,WS/MP18090/2025,PROJECT MANAGER NIRMITHI KENDRA MANDYA,750000.0,2026-06-22,125000.0 - 412500.0,179.0697674418605,HIGH,Payment In-Progress
TXN-000722,WS/MP18090/2025,PROJECT MANAGER NIRMITHI KENDRA MANDYA,250000.0,2026-07-14,125000.0 - 412500.0,-6.976744186046492,LOW,Payment In-Progress
TXN-000723,WS/MP18090/2025,PROJECT MANAGER NIRMITHI KENDRA MANDYA,125000.0,2026-07-22,125000.0 - 412500.0,-53.48837209302325,HIGH,Payment In-Progress
TXN-000724,WS/MP18090/2025,PROJECT MANAGER NIRMITHI KENDRA MANDYA,250000.0,2026-07-20,125000.0 - 412500.0,-6.976744186046492,LOW,Payment In-Progress
TXN-000725,WS/MP579/2025,Gram Panchayat Ras,490000.0,2026-08-27,490000.0 - 490000.0,0.0,LOW,Payment In-Progress
TXN-000726,WS/MP18090/2026,PROJECT MANAGER NIRMITHI KENDRA MANDYA,375000.0,2026-08-04,125000.0 - 412500.0,39.53488372093027,MEDIUM,Payment In-Progress
TXN-000727,WS/MP18090/2025,PROJECT MANAGER NIRMITHI KENDRA MANDYA,125000.0,2026-05-22,125000.0 - 412500.0,-53.48837209302325,HIGH,Payment In-Progress
TXN-000728,WS/MP18090/2025,PROJECT MANAGER NIRMITHI KENDRA MANDYA,125000.0,2026-04-29,125000.0 - 412500.0,-53.48837209302325,HIGH,Payment In-Progress
TXN-000729,WS/MP18356/2026,MAHESH KULAGUDE,124731.0,2026-08-11,124731.0 - 124731.0,0.0,LOW,Payment In-Progress
TXN-000730,WS/MP673/2026,CHAIRMAN MAHALAXMI MAJUR SAHKARI SANSTHA LTD WANEWADI TAL BARSHI,993405.0,2026-08-14,993405.0 - 993405.0,0.0,LOW,Payment In-Progress
TXN-000731,WS/MP524/2025,V HARI BABU,99980.0,2026-08-06,99980.0 - 99980.0,0.0,LOW,Payment In-Progress
TXN-000732,WS/MP18077/2026,SOMANATH MALLAPPA HUNDRE,375000.0,2026-08-12,375000.0 - 375000.0,0.0,LOW,Payment In-Progress
TXN-000733,WS/MP021/2025,MAHESH CHANDRA,99277.0,2026-08-27,99277.0 - 99277.0,0.0,LOW,Payment In-Progress
TXN-000734,WS/MP18059/2024,GRAM PANCHAYAT PNAGARBARI,500000.0,2026-07-16,500000.0 - 500000.0,0.0,LOW,Payment In-Progress
TXN-000735,WS/MP18161/2025,GANTHOLIYA ENTERPRISES,999737.0,2026-08-17,999737.0 - 999737.0,0.0,LOW,Payment In-Progress
TXN-000736,WS/MP18090/2025,PROJECT MANAGER NIRMITHI KENDRA MANDYA,125000.0,2026-03-06,125000.0 - 412500.0,-53.48837209302325,HIGH,Payment In-Progress
TXN-000737,WS/MP481/2026,CHUMKI SAHA SARKAR,887155.0,2026-08-06,887155.0 - 887155.0,0.0,LOW,Payment In-Progress
TXN-000738,WS/MP18264/2025,SREE GOKULAM HEALTHCARE PVT LTD,498750.0,2026-07-24,498750.0 - 498750.0,0.0,LOW,Payment In-Progress
TXN-000739,WS/MP18087/2025,Project Manager Nirmiti kendra gadag,125000.0,2026-08-21,125000.0 - 125000.0,0.0,LOW,Payment In-Progress
TXN-000740,WS/MP18067/2025,THE VK COOPERATIVE LABOUR AND CONSTRUCTION SOCIETY LIMITED,163052.0,2026-08-17,163052.0 - 163052.0,0.0,LOW,Payment In-Progress
TXN-000741,WS/MP18209/2026,RAMA SHAMYA CONT,902266.0,2026-07-20,902266.0 - 902266.0,0.0,LOW,Payment In-Progress
TXN-000742,WS/MP490/2025,TARUN CONCRETE UDYOG,738562.0,2026-08-12,738562.0 - 738562.0,0.0,LOW,Payment In-Progress
TXN-000743,WS/MP18350/2025,BLOCK DEV OFFICER NUAGAON,1531.0,2026-08-25,1531.0 - 3980.6,-44.44444444444445,MEDIUM,Payment In-Progress
TXN-000744,WS/MP18350/2025,BLOCK DEV OFFICER NUAGAON,1531.0,2026-08-25,1531.0 - 3980.6,-44.44444444444445,MEDIUM,Payment In-Progress
TXN-000745,WS/MP18350/2025,BLOCK DEV OFFICER NUAGAON,3062.0,2026-08-25,1531.0 - 3980.6,11.111111111111104,LOW,Payment In-Progress
TXN-000746,WS/MP18350/2025,BLOCK DEV OFFICER NUAGAON,1531.0,2026-08-25,1531.0 - 3980.6,-44.44444444444445,MEDIUM,Payment In-Progress
TXN-000747,WS/MP380/2025,BHAGWATI TILE STUDIO,92225.0,2026-08-26,92225.0 - 92225.0,0.0,LOW,Payment In-Progress
TXN-000748,WS/MP18153/2025,The Gill Sehkari Kirat te Ussari Sabha Ltd,232838.0,2026-08-26,232838.0 - 232838.0,0.0,LOW,Payment In-Progress
TXN-000749,WS/MP620/2025,MANJUNATH R KALAWAD,498497.0,2026-08-05,498497.0 - 498497.0,0.0,LOW,Payment In-Progress
TXN-000750,WS/MP18328/2026,Gram Panchayat Navlaye,100000.0,2026-08-27,100000.0 - 100000.0,0.0,LOW,Payment In-Progress
TXN-000751,WS/MP18028/2025,DAS ENTERPRISE,12680.0,2026-08-27,12680.0 - 12680.0,0.0,LOW,Payment In-Progress
TXN-000752,WS/MP18127/2025,SAGAR BHASKAR KOLHE,948000.0,2026-08-24,948000.0 - 948000.0,0.0,LOW,Payment In-Progress
TXN-000753,WS/MP538/2026,MS A K ENTERPRISE,184294.0,2026-08-27,184294.0 - 184294.0,0.0,LOW,Payment In-Progress
TXN-000754,WS/MP18278/2025,SARPANCH GRAM PANCHAYAT SENDURAS,300000.0,2026-07-21,165000.0 - 285000.0,33.33333333333333,MEDIUM,Payment In-Progress
TXN-000755,WS/MP18278/2025,SARPANCH GRAM PANCHAYAT SENDURAS,150000.0,2026-07-31,165000.0 - 285000.0,-33.33333333333333,MEDIUM,Payment In-Progress
TXN-000756,WS/MP620/2026,SHRINIVAS S MAVINAKAI CONTRACTOR,398213.0,2026-08-18,398213.0 - 398213.0,0.0,LOW,Payment In-Progress
TXN-000757,WS/MP623/2026,SHRISHAIL BUDDAPPA HONNAKORE,123588.0,2026-08-07,123588.0 - 123588.0,0.0,LOW,Payment In-Progress
TXN-000758,WS/MP623/2025,SANGANAGOUD BIRADAR,72993.0,2026-07-28,72840.2 - 100125.4,-15.598246125241092,LOW,Payment In-Progress
TXN-000759,WS/MP623/2025,SANGANAGOUD BIRADAR,73540.0,2026-07-28,72840.2 - 100125.4,-14.965750415111447,LOW,Payment In-Progress
TXN-000760,WS/MP623/2025,SANGANAGOUD BIRADAR,117849.0,2026-07-28,72840.2 - 100125.4,36.26871470396425,MEDIUM,Payment In-Progress
TXN-000761,WS/MP623/2025,SANGANAGOUD BIRADAR,72769.0,2026-07-28,72840.2 - 100125.4,-15.857257165586686,LOW,Payment In-Progress
TXN-000762,WS/MP623/2025,SANGANAGOUD BIRADAR,72947.0,2026-07-28,72840.2 - 100125.4,-15.651435892454918,LOW,Payment In-Progress
TXN-000763,WS/MP578/2025,KARSAD GRAM PANCHAYAT,200000.0,2026-08-19,200000.0 - 200000.0,0.0,LOW,Payment In-Progress
TXN-000764,WS/MP588/2026,SHRI MOTABHADUKIYA GRAM PANCHAYAT,398074.0,2026-08-12,398074.0 - 398074.0,0.0,LOW,Payment In-Progress
TXN-000765,WS/MP479/2025,SUSANTA KUMAR DAS,579756.0,2026-08-25,579756.0 - 579756.0,0.0,LOW,Payment In-Progress
TXN-000766,WS/MP18069/2025,EE HPPWD PALAMPUR,199521.0,2026-08-14,199521.0 - 199521.0,0.0,LOW,Payment In-Progress
TXN-000767,WS/MP18328/2026,GP Kutahar,100000.0,2026-08-27,100000.0 - 100000.0,0.0,LOW,Payment In-Progress
TXN-000768,WS/MP429/2025,SARPANCH GRAM PANCHAYAT NAWAGAON,239960.0,2026-08-11,239960.0 - 239960.0,0.0,LOW,Payment In-Progress
TXN-000769,WS/MP18083/2025,D K NIRMITHI KENDRA,1800000.0,2026-08-26,1800000.0 - 1800000.0,0.0,LOW,Payment In-Progress
TXN-000770,WS/MP18162/2025,DEU BALAI,16000.0,2026-08-24,16000.0 - 16000.0,0.0,LOW,Payment In-Progress
TXN-000771,WS/MP18162/2025,GOPAL BALAI,9500.0,2026-08-24,12625.0 - 37625.0,-62.189054726368155,HIGH,Payment In-Progress
TXN-000772,WS/MP18162/2025,GOPAL BALAI,40750.0,2026-08-24,12625.0 - 37625.0,62.189054726368155,HIGH,Payment In-Progress
TXN-000773,WS/MP18162/2025,KISHAN LAL BALAI,9500.0,2026-08-24,9500.0 - 9500.0,0.0,LOW,Payment In-Progress
TXN-000774,WS/MP370/2025,BDO SUBDEGA PS MISC,14400.0,2026-08-25,14400.0 - 14400.0,0.0,LOW,Payment In-Progress
TXN-000775,WS/MP370/2025,BDO SUBDEGA PS MISC,14400.0,2026-08-25,14400.0 - 14400.0,0.0,LOW,Payment In-Progress
TXN-000776,WS/MP370/2025,BDO SUBDEGA PS MISC,14400.0,2026-08-25,14400.0 - 14400.0,0.0,LOW,Payment In-Progress
TXN-000777,WS/MP370/2025,BDO SUBDEGA PS MISC,14400.0,2026-08-25,14400.0 - 14400.0,0.0,LOW,Payment In-Progress
TXN-000778,WS/MP370/2025,BDO SUBDEGA PS MISC,14400.0,2026-08-25,14400.0 - 14400.0,0.0,LOW,Payment In-Progress
TXN-000779,WS/MP524/2025,Surya Teja Bore wells,109110.0,2026-08-06,109110.0 - 109110.0,0.0,LOW,Payment In-Progress
TXN-000780,WS/MP18328/2025,GP CHAURI,150000.0,2026-08-25,150000.0 - 150000.0,0.0,LOW,Payment In-Progress
TXN-000781,WS/MP18350/2025,BLOCK DEV OFFICER NUAGAON,4593.0,2026-08-25,1531.0 - 3980.6,66.66666666666666,HIGH,Payment In-Progress
TXN-000782,WS/MP710/2026,VENGADACHALAM,102421.0,2026-08-18,102421.0 - 102421.0,0.0,LOW,Payment In-Progress
TXN-000783,WS/MP370/2025,BDO SUBDEGA PS MISC,14400.0,2026-08-25,14400.0 - 14400.0,0.0,LOW,Payment In-Progress
TXN-000784,WS/MP370/2025,BDO SUBDEGA PS MISC,14400.0,2026-08-25,14400.0 - 14400.0,0.0,LOW,Payment In-Progress
TXN-000785,WS/MP370/2025,BDO SUBDEGA PS MISC,14400.0,2026-08-25,14400.0 - 14400.0,0.0,LOW,Payment In-Progress
TXN-000786,WS/MP370/2025,BDO SUBDEGA PS MISC,14400.0,2026-08-25,14400.0 - 14400.0,0.0,LOW,Payment In-Progress
TXN-000787,WS/MP588/2025,BHIMANUGAM GRAM PANCHAYAT,189460.0,2026-08-11,189460.0 - 189460.0,0.0,LOW,Payment In-Progress
TXN-000788,WS/MP370/2025,BDO SUBDEGA PS MISC,14400.0,2026-08-25,14400.0 - 14400.0,0.0,LOW,Payment In-Progress
TXN-000789,WS/MP18167/2025,MS SURENDRA SINGH THEKEDAR,1884581.0,2026-08-27,1884581.0 - 1884581.0,0.0,LOW,Payment In-Progress
TXN-000790,WS/MP588/2025,GRAM PANCHAYAT PACHHTAR,498981.0,2026-08-06,498981.0 - 498981.0,0.0,LOW,Payment In-Progress
TXN-000791,WS/MP18346/2024,Aditya Construction,19199.0,2025-10-28,19199.0 - 142551.2,-76.26092579792785,HIGH,Payment In-Progress
TXN-000792,WS/MP18086/2025,Suresh naika,43886.0,2026-08-18,43886.0 - 43886.0,0.0,LOW,Payment In-Progress
TXN-000793,WS/MP18228/2025,BHAGWATI CHAND,2940447.0,2026-08-11,2940447.0 - 2940447.0,0.0,LOW,Payment In-Progress
TXN-000794,WS/MP18346/2025,Aditya Construction,1252721.0,2026-08-11,19199.0 - 142551.2,1448.9575901606347,HIGH,Payment In-Progress
TXN-000795,WS/MP18346/2024,Aditya Construction,19199.0,2025-10-28,19199.0 - 142551.2,-76.26092579792785,HIGH,Payment In-Progress
TXN-000796,WS/MP18346/2024,Aditya Construction,19199.0,2025-10-28,19199.0 - 142551.2,-76.26092579792785,HIGH,Payment In-Progress
TXN-000797,WS/MP18230/2025,SHREE HARIOM INFOTECH,1575027.0,2026-06-18,982896.3 - 1509234.7,26.400016692541445,MEDIUM,Payment In-Progress
TXN-000798,WS/MP18346/2024,Aditya Construction,19199.0,2025-10-28,19199.0 - 142551.2,-76.26092579792785,HIGH,Payment In-Progress
TXN-000799,WS/MP18346/2024,Aditya Construction,19199.0,2025-10-28,19199.0 - 142551.2,-76.26092579792785,HIGH,Payment In-Progress
TXN-000800,WS/MP18346/2024,Aditya Construction,19199.0,2025-10-28,19199.0 - 142551.2,-76.26092579792785,HIGH,Payment In-Progress
TXN-000801,WS/MP18346/2024,Aditya Construction,19199.0,2025-10-28,19199.0 - 142551.2,-76.26092579792785,HIGH,Payment In-Progress
TXN-000802,WS/MP18346/2024,Aditya Construction,19199.0,2025-10-28,19199.0 - 142551.2,-76.26092579792785,HIGH,Payment In-Progress
TXN-000803,WS/MP18030/2026,assistant engineer sahpur,999500.0,2026-08-25,369455.9 - 929495.1,53.893410913883585,HIGH,Payment In-Progress
TXN-000804,WS/MP18030/2026,assistant engineer sahpur,299451.0,2026-08-25,369455.9 - 929495.1,-53.893410913883585,HIGH,Payment In-Progress
TXN-000805,WS/MP18069/2025,GP Rathiar,123569.0,2026-08-25,123569.0 - 123569.0,0.0,LOW,Payment In-Progress
TXN-000806,WS/MP423/2025,SHREYAN CONSTRUCTION,343748.0,2026-08-25,343748.0 - 343748.0,0.0,LOW,Payment In-Progress
TXN-000807,WS/MP18082/2025,Project Director Nirmithi Kendra Chitradrga,100000.0,2026-07-09,127500.0 - 347500.0,-57.89473684210527,HIGH,Payment In-Progress
TXN-000808,WS/MP18082/2026,Project Director Nirmithi Kendra Chitradrga,375000.0,2026-07-09,127500.0 - 347500.0,57.89473684210527,HIGH,Payment In-Progress
TXN-000809,WS/MP623/2026,AMARESH JALAWADI,187500.0,2026-08-27,187500.0 - 187500.0,0.0,LOW,Payment In-Progress
TXN-000810,WS/MP623/2026,AMARESH JALAWADI,187500.0,2026-08-27,187500.0 - 187500.0,0.0,LOW,Payment In-Progress
TXN-000811,WS/MP623/2026,AMARESH JALAWADI,187500.0,2026-08-27,187500.0 - 187500.0,0.0,LOW,Payment In-Progress
TXN-000812,WS/MP18049/2026,GRAM PANCHAYAT KOYLARI,200000.0,2026-08-19,200000.0 - 200000.0,0.0,LOW,Payment In-Progress
TXN-000813,WS/MP642/2025,ARVIND SINGH SATNA,267676.0,2026-08-27,79868.5 - 266678.5,54.48178746317238,HIGH,Payment In-Progress
TXN-000814,WS/MP642/2025,ARVIND SINGH SATNA,251896.0,2026-08-27,79868.5 - 266678.5,45.37479764649528,MEDIUM,Payment In-Progress
TXN-000815,WS/MP642/2025,ARVIND SINGH SATNA,252878.0,2026-08-27,79868.5 - 266678.5,45.94153174028342,MEDIUM,Payment In-Progress
TXN-000816,WS/MP642/2025,ARVIND SINGH SATNA,64940.0,2026-08-27,79868.5 - 266678.5,-62.521678156209695,HIGH,Payment In-Progress
TXN-000817,WS/MP642/2025,ARVIND SINGH SATNA,244262.0,2026-08-27,79868.5 - 266678.5,40.969046045702314,MEDIUM,Payment In-Progress
TXN-000818,WS/MP642/2025,ARVIND SINGH SATNA,265681.0,2026-08-27,79868.5 - 266678.5,53.330428484448,HIGH,Payment In-Progress
TXN-000819,WS/MP642/2025,ARVIND SINGH SATNA,94797.0,2026-08-27,79868.5 - 266678.5,-45.29053779141069,MEDIUM,Payment In-Progress
TXN-000820,WS/MP642/2025,ARVIND SINGH SATNA,193957.0,2026-08-27,79868.5 - 266678.5,11.936908990699674,LOW,Payment In-Progress
TXN-000821,WS/MP642/2025,ARVIND SINGH SATNA,285774.0,2026-08-27,79868.5 - 266678.5,64.92654675989115,HIGH,Payment In-Progress
TXN-000822,WS/MP642/2025,ARVIND SINGH SATNA,186922.0,2026-08-27,79868.5 - 266678.5,7.8768536446715745,LOW,Payment In-Progress
TXN-000823,WS/MP642/2025,ARVIND SINGH SATNA,237046.0,2026-08-27,79868.5 - 266678.5,36.804531564261126,MEDIUM,Payment In-Progress
TXN-000824,WS/MP18131/2025,Sunil Shrimant Nadure,744025.0,2026-08-21,744025.0 - 744025.0,0.0,LOW,Payment In-Progress
TXN-000825,WS/MP18153/2025,The Sidhu Kirat te Usari Sehkari Sabha ltd,240497.0,2026-08-26,232607.6 - 238922.8,2.0069967917232856,LOW,Payment In-Progress
TXN-000826,WS/MP623/2026,PAMPAPATI H BELAGAL,187500.0,2026-07-30,111825.6 - 312750.0,-11.676507081424363,LOW,Payment In-Progress
TXN-000827,WS/MP623/2026,PAMPAPATI H BELAGAL,371250.0,2026-08-07,111825.6 - 312750.0,74.88051597877975,HIGH,Payment In-Progress
TXN-000828,WS/MP623/2026,PAMPAPATI H BELAGAL,225000.0,2026-08-07,111825.6 - 312750.0,5.988191502290764,LOW,Payment In-Progress
TXN-000829,WS/MP623/2026,PAMPAPATI H BELAGAL,187500.0,2026-08-07,111825.6 - 312750.0,-11.676507081424363,LOW,Payment In-Progress
TXN-000830,WS/MP623/2026,PAMPAPATI H BELAGAL,61376.0,2026-08-27,111825.6 - 312750.0,-71.08830559269067,HIGH,Payment In-Progress
TXN-000831,WS/MP18328/2025,Gram Panchayat Kot,200000.0,2026-08-25,200000.0 - 200000.0,0.0,LOW,Payment In-Progress
TXN-000832,WS/MP642/2025,ARVIND SINGH SATNA,247324.0,2026-08-27,79868.5 - 266678.5,42.736194513298344,MEDIUM,Payment In-Progress
TXN-000833,WS/MP642/2025,ARVIND SINGH SATNA,260120.0,2026-08-27,79868.5 - 266678.5,50.12105140139721,HIGH,Payment In-Progress
TXN-000834,WS/MP642/2025,ARVIND SINGH SATNA,234493.0,2026-08-27,79868.5 - 266678.5,35.33113834487097,MEDIUM,Payment In-Progress
TXN-000835,WS/MP642/2025,ARVIND SINGH SATNA,227606.0,2026-08-27,79868.5 - 266678.5,31.35649709851766,MEDIUM,Payment In-Progress
TXN-000836,WS/MP642/2025,ARVIND SINGH SATNA,55373.0,2026-08-27,79868.5 - 266678.5,-68.04300715343085,HIGH,Payment In-Progress
TXN-000837,WS/MP18346/2024,Aditya Construction,19199.0,2025-10-28,19199.0 - 142551.2,-76.26092579792785,HIGH,Payment In-Progress
TXN-000838,WS/MP18230/2025,SHREE HARIOM INFOTECH,917104.0,2026-04-12,982896.3 - 1509234.7,-26.400016692541445,MEDIUM,Payment In-Progress
TXN-000839,WS/MP623/2026,NAGARAJ PRAKASH PATTAR,61749.0,2026-08-27,74324.1 - 174924.9,-50.451957680873335,HIGH,Payment In-Progress
TXN-000840,WS/MP18153/2025,The Sidhu Kirat te Usari Sehkari Sabha ltd,232603.0,2026-08-26,232607.6 - 238922.8,-1.341249684007653,LOW,Payment In-Progress
TXN-000841,WS/MP18153/2025,The Sidhu Kirat te Usari Sehkari Sabha ltd,232626.0,2026-08-26,232607.6 - 238922.8,-1.3314942154312899,LOW,Payment In-Progress
TXN-000842,WS/MP623/2026,NAGARAJ PRAKASH PATTAR,187500.0,2026-07-30,74324.1 - 174924.9,50.451957680873335,HIGH,Payment In-Progress
TXN-000843,WS/MP18093/2026,TUMKUR NIRMITHI KENDRA,750000.0,2026-06-22,300000.0 - 2437500.0,-45.20547945205479,MEDIUM,Payment In-Progress
TXN-000844,WS/MP18093/2026,TUMKUR NIRMITHI KENDRA,1500000.0,2026-06-22,300000.0 - 2437500.0,9.58904109589041,LOW,Payment In-Progress
TXN-000845,WS/MP18076/2026,TUMKUR NIRMITHI KENDRA,750000.0,2026-06-30,300000.0 - 2437500.0,-45.20547945205479,MEDIUM,Payment In-Progress
TXN-000846,WS/MP18076/2025,TUMKUR NIRMITHI KENDRA,100000.0,2026-07-10,300000.0 - 2437500.0,-92.69406392694064,HIGH,Payment In-Progress
TXN-000847,WS/MP18093/2025,TUMKUR NIRMITHI KENDRA,500000.0,2026-05-27,300000.0 - 2437500.0,-63.4703196347032,HIGH,Payment In-Progress
TXN-000848,WS/MP18093/2025,TUMKUR NIRMITHI KENDRA,3375000.0,2026-08-07,300000.0 - 2437500.0,146.57534246575344,HIGH,Payment In-Progress
TXN-000849,WS/MP716/2025,Jasvir Kaur,19036.0,2026-08-26,19036.0 - 19036.0,0.0,LOW,Payment In-Progress
TXN-000850,WS/MP484/2025,G K SPORTS,1005903.0,2026-03-12,1005903.0 - 1005903.0,0.0,LOW,Payment In-Progress
TXN-000851,WS/MP465/2025,RAJESH KUMAR PAL,22000.0,2026-07-03,24200.0 - 200200.0,-80.3921568627451,HIGH,Payment In-Progress
TXN-000852,WS/MP465/2025,RAJESH KUMAR PAL,242000.0,2026-07-03,24200.0 - 200200.0,115.68627450980394,HIGH,Payment In-Progress
TXN-000853,WS/MP465/2025,RAJESH KUMAR PAL,33000.0,2026-07-03,24200.0 - 200200.0,-70.58823529411765,HIGH,Payment In-Progress
TXN-000854,WS/MP18309/2026,Willipson Sangma,250000.0,2026-08-25,250000.0 - 250000.0,0.0,LOW,Payment In-Progress
TXN-000855,WS/MP18019/2026,GAUTAM HANSE,74120.0,2026-08-21,10212.0 - 105600.0,28.000552619763063,MEDIUM,Payment In-Progress
TXN-000856,WS/MP18019/2026,GAUTAM HANSE,74120.0,2026-08-21,10212.0 - 105600.0,28.000552619763063,MEDIUM,Payment In-Progress
TXN-000857,WS/MP18019/2026,GAUTAM HANSE,105000.0,2026-08-20,10212.0 - 105600.0,81.32835975546575,HIGH,Payment In-Progress
TXN-000858,WS/MP18019/2026,GAUTAM HANSE,105000.0,2026-08-20,10212.0 - 105600.0,81.32835975546575,HIGH,Payment In-Progress
TXN-000859,WS/MP18019/2024,GAUTAM HANSE,10212.0,2026-06-13,10212.0 - 105600.0,-82.36452181121128,HIGH,Payment In-Progress
TXN-000860,WS/MP18019/2024,GAUTAM HANSE,10212.0,2026-06-13,10212.0 - 105600.0,-82.36452181121128,HIGH,Payment In-Progress
TXN-000861,WS/MP18019/2024,GAUTAM HANSE,37540.0,2026-06-13,10212.0 - 105600.0,-35.17079404552205,MEDIUM,Payment In-Progress
TXN-000862,WS/MP18019/2024,GAUTAM HANSE,10212.0,2026-06-13,10212.0 - 105600.0,-82.36452181121128,HIGH,Payment In-Progress
TXN-000863,WS/MP18169/2025,UJJAWAL ENTERPRISE,53460.0,2026-08-25,53460.0 - 53460.0,0.0,LOW,Payment In-Progress
TXN-000864,WS/MP18400/2025,Radhey Mohan International,165416.0,2026-05-19,165416.0 - 165416.0,0.0,LOW,Payment In-Progress
TXN-000865,WS/MP728/2025,om fhoji construction,900255.0,2026-08-25,900255.0 - 900255.0,0.0,LOW,Payment In-Progress
TXN-000866,WS/MP584/2025,SATAPAR GRAM PANCHAYAT,300000.0,2026-08-12,300000.0 - 300000.0,0.0,LOW,Payment In-Progress
TXN-000867,WS/MP323/2025,SARA GRAM PANCHAYAT,249216.0,2026-08-14,249216.0 - 249216.0,0.0,LOW,Payment In-Progress
TXN-000868,WS/MP825/2025,MONDAL CONSTRUCTION,1281469.0,2026-08-24,1281469.0 - 1281469.0,0.0,LOW,Payment In-Progress
TXN-000869,WS/MP529/2025,G DAYAKAR,488636.0,2026-08-09,488636.0 - 488636.0,0.0,LOW,Payment In-Progress
TXN-000870,WS/MP575/2026,GRAM PANCHAYAT KACHHOLI,500000.0,2026-08-23,500000.0 - 500000.0,0.0,LOW,Payment In-Progress
TXN-000871,WS/MP18169/2025,CHARBHUJA HARDROCK DRILLER,292199.0,2026-07-21,292199.0 - 292199.0,0.0,LOW,Payment In-Progress
TXN-000872,WS/MP18367/2026,VIVEK KUMAR SINGH,990478.0,2026-08-22,990478.0 - 990478.0,0.0,LOW,Payment In-Progress
TXN-000873,WS/MP18019/2024,SIRA RONGHANGPI,77000.0,2026-07-16,77000.0 - 77000.0,0.0,LOW,Payment In-Progress
TXN-000874,WS/MP18162/2025,C S TECHNOLOGIES,208064.0,2026-08-05,208064.0 - 209583.9,-0.3639189853462745,LOW,Payment In-Progress
TXN-000875,WS/MP18162/2025,C S TECHNOLOGIES,208064.0,2026-08-05,208064.0 - 209583.9,-0.3639189853462745,LOW,Payment In-Progress
TXN-000876,WS/MP18162/2025,C S TECHNOLOGIES,208064.0,2026-08-05,208064.0 - 209583.9,-0.3639189853462745,LOW,Payment In-Progress
TXN-000877,WS/MP18162/2025,C S TECHNOLOGIES,208064.0,2026-08-05,208064.0 - 209583.9,-0.3639189853462745,LOW,Payment In-Progress
TXN-000878,WS/MP18162/2025,C S TECHNOLOGIES,208064.0,2026-08-05,208064.0 - 209583.9,-0.3639189853462745,LOW,Payment In-Progress
TXN-000879,WS/MP18162/2025,C S TECHNOLOGIES,209379.0,2026-07-23,208064.0 - 209583.9,0.26579805620954317,LOW,Payment In-Progress
TXN-000880,WS/MP18162/2025,C S TECHNOLOGIES,208453.0,2026-07-23,208064.0 - 209583.9,-0.17763767039173983,LOW,Payment In-Progress
TXN-000881,WS/MP18162/2025,C S TECHNOLOGIES,210062.0,2026-07-23,208064.0 - 209583.9,0.5928678199986105,LOW,Payment In-Progress
TXN-000882,WS/MP18148/2025,Bhagirathi Gond,130339.0,2026-08-24,130339.0 - 130339.0,0.0,LOW,Payment In-Progress
TXN-000883,WS/MP18328/2026,GRAM PANCHAYAT GOPALPUR,200000.0,2026-08-25,200000.0 - 200000.0,0.0,LOW,Payment In-Progress
TXN-000884,WS/MP719/2025,ARBM CONSTRUCTIONS,498320.0,2026-04-24,498320.0 - 498320.0,0.0,LOW,Payment In-Progress
TXN-000885,WS/MP18328/2026,GP Dunkhrigahar,200000.0,2026-08-26,200000.0 - 200000.0,0.0,LOW,Payment In-Progress
TXN-000886,WS/MP719/2025,INDAR MOPRKASH,3861.0,2026-08-06,3861.0 - 3861.0,0.0,LOW,Payment In-Progress
TXN-000887,WS/MP719/2025,rahul omprkash,15561.0,2026-08-06,15561.0 - 15561.0,0.0,LOW,Payment In-Progress
TXN-000888,WS/MP529/2025,Sai Manjula Agencies,419963.0,2026-08-10,419963.0 - 419963.0,0.0,LOW,Payment In-Progress
TXN-000889,WS/MP478/2026,Masti ram,249225.0,2026-08-25,249225.0 - 249225.0,0.0,LOW,Payment In-Progress
TXN-000890,WS/MP478/2026,Masti ram,249225.0,2026-08-25,249225.0 - 249225.0,0.0,LOW,Payment In-Progress
TXN-000891,WS/MP478/2026,Masti ram,249225.0,2026-08-25,249225.0 - 249225.0,0.0,LOW,Payment In-Progress
TXN-000892,WS/MP478/2026,Masti ram,249225.0,2026-08-25,249225.0 - 249225.0,0.0,LOW,Payment In-Progress
TXN-000893,WS/MP478/2026,Masti ram,249225.0,2026-08-25,249225.0 - 249225.0,0.0,LOW,Payment In-Progress
TXN-000894,WS/MP478/2026,Masti ram,249225.0,2026-08-25,249225.0 - 249225.0,0.0,LOW,Payment In-Progress
TXN-000895,WS/MP478/2026,Masti ram,249225.0,2026-08-25,249225.0 - 249225.0,0.0,LOW,Payment In-Progress
TXN-000896,WS/MP481/2025,SADIKUL ISLAM,139707.0,2026-08-22,139707.0 - 139707.0,0.0,LOW,Payment In-Progress
TXN-000897,WS/MP481/2025,SADIKUL ISLAM,139707.0,2026-08-22,139707.0 - 139707.0,0.0,LOW,Payment In-Progress
TXN-000898,WS/MP481/2025,SADIKUL ISLAM,139707.0,2026-08-22,139707.0 - 139707.0,0.0,LOW,Payment In-Progress
TXN-000899,WS/MP481/2025,SADIKUL ISLAM,139707.0,2026-08-22,139707.0 - 139707.0,0.0,LOW,Payment In-Progress
TXN-000900,WS/MP481/2025,SADIKUL ISLAM,139707.0,2026-08-22,139707.0 - 139707.0,0.0,LOW,Payment In-Progress
TXN-000901,WS/MP481/2025,SADIKUL ISLAM,139707.0,2026-08-22,139707.0 - 139707.0,0.0,LOW,Payment In-Progress
TXN-000902,WS/MP481/2025,SADIKUL ISLAM,139707.0,2026-08-22,139707.0 - 139707.0,0.0,LOW,Payment In-Progress
TXN-000903,WS/MP481/2025,SADIKUL ISLAM,139707.0,2026-08-22,139707.0 - 139707.0,0.0,LOW,Payment In-Progress
TXN-000904,WS/MP481/2025,SADIKUL ISLAM,139707.0,2026-08-23,139707.0 - 139707.0,0.0,LOW,Payment In-Progress
TXN-000905,WS/MP481/2025,SADIKUL ISLAM,139707.0,2026-08-23,139707.0 - 139707.0,0.0,LOW,Payment In-Progress
TXN-000906,WS/MP18208/2026,JAI CONSTRUCTION,713900.0,2026-08-17,713900.0 - 713900.0,0.0,LOW,Payment In-Progress
TXN-000907,WS/MP18199/2025,MS SHOBHNATH VERMA,396749.0,2026-07-29,402404.7 - 447650.3,-6.653334196022611,LOW,Payment In-Progress
TXN-000908,WS/MP18199/2025,MS SHOBHNATH VERMA,453306.0,2026-07-29,402404.7 - 447650.3,6.653334196022611,LOW,Payment In-Progress
TXN-000909,WS/MP18024/2026,RAJKUMAR DUARAH,61420.0,2026-08-27,61420.0 - 61420.0,0.0,LOW,Payment In-Progress
TXN-000910,WS/MP18069/2025,GP Kupahda,125000.0,2026-08-25,125000.0 - 125000.0,0.0,LOW,Payment In-Progress
TXN-000911,WS/MP18211/2025,MS MADANPAL SINGH,407481.0,2026-07-21,407481.0 - 407481.0,0.0,LOW,Payment In-Progress
TXN-000912,WS/MP18211/2025,DINESH KUMAR DUBEY,49125.0,2026-05-29,49125.0 - 49125.0,0.0,LOW,Payment In-Progress
TXN-000913,WS/MP18199/2025,MS SAKET TRADERS,1658090.0,2026-08-13,503482.4 - 1476026.4,67.52539822000284,HIGH,Payment In-Progress
TXN-000914,WS/MP18019/2025,GAUTAM HANSE,111000.0,2026-07-16,10212.0 - 105600.0,91.68998031292094,HIGH,Payment In-Progress
TXN-000915,WS/MP18019/2025,GAUTAM HANSE,10632.0,2026-06-16,10212.0 - 105600.0,-81.63920837218942,HIGH,Payment In-Progress
TXN-000916,WS/MP18048/2024,GRAM PANCHAYAT MADDED,346092.0,2026-06-17,346092.0 - 346092.0,0.0,LOW,Payment In-Progress
TXN-000917,WS/MP18211/2025,MS AMAR MANI TRIPATHI,539782.0,2026-08-07,539782.0 - 539782.0,0.0,LOW,Payment In-Progress
TXN-000918,WS/MP18199/2025,MS SAKET TRADERS,442410.0,2026-07-29,503482.4 - 1476026.4,-55.30103225608293,HIGH,Payment In-Progress
TXN-000919,WS/MP18055/2026,RAVALIYA GRAM PANCHAYAT,199852.0,2026-08-21,199852.0 - 199852.0,0.0,LOW,Payment In-Progress
TXN-000920,WS/MP18248/2024,SINDHUJA CONSTRUCTION,987384.0,2026-08-11,987384.0 - 987384.0,0.0,LOW,Payment In-Progress
TXN-000921,WS/MP524/2026,Assistant Director Welfare of Differently Abled TG Sr Citizens YSR Annamayya District,597000.0,2026-08-03,384600.0 - 573400.0,24.63465553235908,MEDIUM,Payment In-Progress
TXN-000922,WS/MP524/2026,Assistant Director Welfare of Differently Abled TG Sr Citizens YSR Annamayya District,361000.0,2026-07-20,384600.0 - 573400.0,-24.63465553235908,MEDIUM,Payment In-Progress
TXN-000923,WS/MP18346/2026,SHIV ENTERPRISES,489646.0,2026-07-25,395572.6 - 479193.4,11.949024081868751,LOW,Payment In-Progress
TXN-000924,WS/MP18346/2026,SHIV ENTERPRISES,385120.0,2026-07-25,395572.6 - 479193.4,-11.949024081868751,LOW,Payment In-Progress
TXN-000925,WS/MP858/2026,SEKH BASIRUDDIN,1100000.0,2026-08-24,1100000.0 - 1100000.0,0.0,LOW,Payment In-Progress
TXN-000926,WS/MP623/2026,B K Appanna,187500.0,2026-07-30,187500.0 - 187500.0,0.0,LOW,Payment In-Progress
TXN-000927,WS/MP370/2025,Geetanjali Traders,465600.0,2026-08-25,465600.0 - 465600.0,0.0,LOW,Payment In-Progress
TXN-000928,WS/MP370/2025,Geetanjali Traders,465600.0,2026-08-25,465600.0 - 465600.0,0.0,LOW,Payment In-Progress
TXN-000929,WS/MP370/2025,Geetanjali Traders,465600.0,2026-08-25,465600.0 - 465600.0,0.0,LOW,Payment In-Progress
TXN-000930,WS/MP370/2025,Geetanjali Traders,465600.0,2026-08-25,465600.0 - 465600.0,0.0,LOW,Payment In-Progress
TXN-000931,WS/MP370/2025,Geetanjali Traders,465600.0,2026-08-25,465600.0 - 465600.0,0.0,LOW,Payment In-Progress
TXN-000932,WS/MP370/2025,Geetanjali Traders,465600.0,2026-08-25,465600.0 - 465600.0,0.0,LOW,Payment In-Progress
TXN-000933,WS/MP18199/2025,MS SAKET TRADERS,747772.0,2026-05-05,503482.4 - 1476026.4,-24.448731927839887,MEDIUM,Payment In-Progress
TXN-000934,WS/MP18076/2024,PROJECT MANAGER NIRMITHI KENDRA RAMANAGARA,125000.0,2026-08-24,125000.0 - 125000.0,0.0,LOW,Payment In-Progress
TXN-000935,WS/MP18076/2024,PROJECT MANAGER NIRMITHI KENDRA RAMANAGARA,125000.0,2026-08-25,125000.0 - 125000.0,0.0,LOW,Payment In-Progress
TXN-000936,WS/MP716/2025,MAHALUXMI BKO,10710.0,2026-08-21,17697.0 - 93348.3,-80.71057487349758,HIGH,Payment In-Progress
TXN-000937,WS/MP716/2025,MAHALUXMI BKO,36523.0,2026-08-21,17697.0 - 93348.3,-34.21963829176022,MEDIUM,Payment In-Progress
TXN-000938,WS/MP541/2026,PRITOM TRIBEDI,104000.0,2026-08-26,104000.0 - 104000.0,0.0,LOW,Payment In-Progress
TXN-000939,WS/MP18056/2025,BANGAVADI GRAM PANCHAYAT,294118.0,2026-08-20,294118.0 - 294118.0,0.0,LOW,Payment In-Progress
TXN-000940,WS/MP18238/2025,Mhatma budh prathmik vidyalaya Musaila Khurd,150000.0,2026-03-11,150000.0 - 150000.0,0.0,LOW,Payment In-Progress
TXN-000941,WS/MP18225/2024,VIVEK ENTERPRISES,29578.0,2025-12-22,29578.0 - 29578.0,0.0,LOW,Payment In-Progress
TXN-000942,WS/MP18075/2025,RAJEEV RANJAN JUNIOR ENGINEER,100000.0,2026-08-25,100000.0 - 240000.0,-41.17647058823529,MEDIUM,Payment In-Progress
TXN-000943,WS/MP18075/2025,RAJEEV RANJAN JUNIOR ENGINEER,232500.0,2026-08-25,100000.0 - 240000.0,36.76470588235294,MEDIUM,Payment In-Progress
TXN-000944,WS/MP18075/2025,RAJEEV RANJAN JUNIOR ENGINEER,245000.0,2026-08-25,100000.0 - 240000.0,44.11764705882353,MEDIUM,Payment In-Progress
TXN-000945,WS/MP18075/2025,RAJEEV RANJAN JUNIOR ENGINEER,100000.0,2026-08-25,100000.0 - 240000.0,-41.17647058823529,MEDIUM,Payment In-Progress
TXN-000946,WS/MP18075/2025,RAJEEV RANJAN JUNIOR ENGINEER,210000.0,2026-08-25,100000.0 - 240000.0,23.52941176470588,MEDIUM,Payment In-Progress
TXN-000947,WS/MP18225/2024,VIVEK ENTERPRISES,29578.0,2025-12-22,29578.0 - 29578.0,0.0,LOW,Payment In-Progress
TXN-000948,WS/MP747/2025,VEEKAY INDUSTRIES,744259.0,2026-08-24,744259.0 - 744259.0,0.0,LOW,Payment In-Progress
TXN-000949,WS/MP716/2025,Shinda Singh,109572.0,2026-08-14,109572.0 - 109572.0,0.0,LOW,Payment In-Progress
TXN-000950,WS/MP323/2025,Indroi Gram Panchayat,492857.0,2026-08-21,492857.0 - 492857.0,0.0,LOW,Payment In-Progress
TXN-000951,WS/MP719/2025,LALITA,3705.0,2026-08-13,3705.0 - 3705.0,0.0,LOW,Payment In-Progress
TXN-000952,WS/MP18077/2026,PRIYESH GOUNDADKAR,124690.0,2026-08-19,124690.0 - 124690.0,0.0,LOW,Payment In-Progress
TXN-000953,WS/MP870/2025,KR CONSTRUCTIONS,1099275.0,2026-08-27,1099275.0 - 1099275.0,0.0,LOW,Payment In-Progress
TXN-000954,WS/MP18232/2024,A P DEVELOPERS,78743.0,2026-08-20,37136.6 - 367443.8,-61.07423889046528,HIGH,Payment In-Progress
TXN-000955,WS/MP18205/2024,SHRI SAI ENGINEERING WORKS,216409.0,2025-08-06,216409.0 - 216409.0,0.0,LOW,Payment In-Progress
TXN-000956,WS/MP18054/2025,JEPUR GRAM PANCHAYAT,331343.0,2026-08-24,331343.0 - 331343.0,0.0,LOW,Payment In-Progress
TXN-000957,WS/MP18238/2025,MS AKHAND PRATAP TRADERS,524573.0,2026-08-22,161808.2 - 484265.8,62.38789983809904,HIGH,Payment In-Progress
TXN-000958,WS/MP370/2025,Geetanjali Traders,465600.0,2026-08-25,465600.0 - 465600.0,0.0,LOW,Payment In-Progress
TXN-000959,WS/MP370/2025,Geetanjali Traders,465600.0,2026-08-25,465600.0 - 465600.0,0.0,LOW,Payment In-Progress
TXN-000960,WS/MP370/2025,Geetanjali Traders,465600.0,2026-08-25,465600.0 - 465600.0,0.0,LOW,Payment In-Progress
TXN-000961,WS/MP370/2025,Geetanjali Traders,465600.0,2026-08-25,465600.0 - 465600.0,0.0,LOW,Payment In-Progress
TXN-000962,WS/MP623/2026,B K Appanna,187500.0,2026-08-07,187500.0 - 187500.0,0.0,LOW,Payment In-Progress
TXN-000963,WS/MP18139/2025,BIJEPI BAGH,278598.0,2026-08-24,278598.0 - 278598.0,0.0,LOW,Payment In-Progress
TXN-000964,WS/MP18232/2026,PRAVINDRA KUMAR,1138440.0,2026-05-14,69666.2 - 868862.4,142.60102462514192,HIGH,Payment In-Progress
TXN-000965,WS/MP18232/2026,PRAVINDRA KUMAR,53264.0,2026-08-06,69666.2 - 868862.4,-88.6494668356404,HIGH,Payment In-Progress
TXN-000966,WS/MP18232/2026,PRAVINDRA KUMAR,239848.0,2026-08-04,69666.2 - 868862.4,-48.8885048361872,MEDIUM,Payment In-Progress
TXN-000967,WS/MP18232/2026,PRAVINDRA KUMAR,107938.0,2026-08-04,69666.2 - 868862.4,-76.99846333931646,HIGH,Payment In-Progress
TXN-000968,WS/MP18056/2025,HIRAL CONSTRUCTION,46952.0,2026-08-18,77462.4 - 199807.2,-66.13260162671999,HIGH,Payment In-Progress
TXN-000969,WS/MP18056/2025,HIRAL CONSTRUCTION,199504.0,2026-08-18,77462.4 - 199807.2,43.90614766278021,MEDIUM,Payment In-Progress
TXN-000970,WS/MP18056/2025,HIRAL CONSTRUCTION,199883.0,2026-08-18,77462.4 - 199807.2,44.179527795329896,MEDIUM,Payment In-Progress
TXN-000971,WS/MP18029/2026,PRANABJYOTI SAIKIA,359810.0,2026-08-26,139922.0 - 560425.2,2.7518922043238048,LOW,Payment In-Progress
TXN-000972,WS/MP18029/2026,PRANABJYOTI SAIKIA,610579.0,2026-08-26,139922.0 - 560425.2,74.36465798678142,HIGH,Payment In-Progress
TXN-000973,WS/MP18029/2026,PRANABJYOTI SAIKIA,84950.0,2026-08-26,139922.0 - 560425.2,-75.74060408894331,HIGH,Payment In-Progress
TXN-000974,WS/MP568/2024,SARPACH SACHIV GP PADMI,200000.0,2025-07-15,200000.0 - 200000.0,0.0,LOW,Payment In-Progress
TXN-000975,WS/MP18236/2024,ANSH BUILDING MATERIAL,175000.0,2026-03-13,24385.0 - 158265.0,91.62332329592115,HIGH,Payment In-Progress
TXN-000976,WS/MP18236/2024,ANSH BUILDING MATERIAL,7650.0,2026-03-23,24385.0 - 158265.0,-91.62332329592115,HIGH,Payment In-Progress
TXN-000977,WS/MP18345/2025,Lallan singh contractor,281371.0,2026-07-28,281371.0 - 281371.0,0.0,LOW,Payment In-Progress
TXN-000978,WS/MP575/2025,Gram Panchayat Vaghrech,500000.0,2026-08-23,500000.0 - 500000.0,0.0,LOW,Payment In-Progress
TXN-000979,WS/MP814/2026,RAILTRO ENGINEERING PVT LTD,281044.0,2026-08-20,281044.0 - 281044.0,0.0,LOW,Payment In-Progress
TXN-000980,WS/MP814/2026,RAILTRO ENGINEERING PVT LTD,281044.0,2026-08-20,281044.0 - 281044.0,0.0,LOW,Payment In-Progress
TXN-000981,WS/MP814/2026,RAILTRO ENGINEERING PVT LTD,281044.0,2026-08-20,281044.0 - 281044.0,0.0,LOW,Payment In-Progress
TXN-000982,WS/MP814/2026,RAILTRO ENGINEERING PVT LTD,281044.0,2026-08-20,281044.0 - 281044.0,0.0,LOW,Payment In-Progress
TXN-000983,WS/MP814/2026,RAILTRO ENGINEERING PVT LTD,281044.0,2026-08-20,281044.0 - 281044.0,0.0,LOW,Payment In-Progress
TXN-000984,WS/MP814/2026,RAILTRO ENGINEERING PVT LTD,281044.0,2026-08-20,281044.0 - 281044.0,0.0,LOW,Payment In-Progress
TXN-000985,WS/MP814/2026,RAILTRO ENGINEERING PVT LTD,281044.0,2026-08-20,281044.0 - 281044.0,0.0,LOW,Payment In-Progress
TXN-000986,WS/MP814/2026,RAILTRO ENGINEERING PVT LTD,281044.0,2026-08-20,281044.0 - 281044.0,0.0,LOW,Payment In-Progress
TXN-000987,WS/MP814/2026,RAILTRO ENGINEERING PVT LTD,281044.0,2026-08-20,281044.0 - 281044.0,0.0,LOW,Payment In-Progress
TXN-000988,WS/MP814/2026,RAILTRO ENGINEERING PVT LTD,281044.0,2026-08-20,281044.0 - 281044.0,0.0,LOW,Payment In-Progress
TXN-000989,WS/MP814/2026,RAILTRO ENGINEERING PVT LTD,281044.0,2026-08-20,281044.0 - 281044.0,0.0,LOW,Payment In-Progress
TXN-000990,WS/MP814/2026,RAILTRO ENGINEERING PVT LTD,281044.0,2026-08-20,281044.0 - 281044.0,0.0,LOW,Payment In-Progress
TXN-000991,WS/MP814/2026,RAILTRO ENGINEERING PVT LTD,281044.0,2026-08-20,281044.0 - 281044.0,0.0,LOW,Payment In-Progress
TXN-000992,WS/MP814/2026,RAILTRO ENGINEERING PVT LTD,281044.0,2026-08-20,281044.0 - 281044.0,0.0,LOW,Payment In-Progress
TXN-000993,WS/MP814/2026,RAILTRO ENGINEERING PVT LTD,281044.0,2026-08-20,281044.0 - 281044.0,0.0,LOW,Payment In-Progress
TXN-000994,WS/MP814/2026,RAILTRO ENGINEERING PVT LTD,281044.0,2026-08-20,281044.0 - 281044.0,0.0,LOW,Payment In-Progress
TXN-000995,WS/MP814/2026,RAILTRO ENGINEERING PVT LTD,281044.0,2026-08-20,281044.0 - 281044.0,0.0,LOW,Payment In-Progress
TXN-000996,WS/MP814/2026,RAILTRO ENGINEERING PVT LTD,281044.0,2026-08-20,281044.0 - 281044.0,0.0,LOW,Payment In-Progress
TXN-000997,WS/MP814/2026,RAILTRO ENGINEERING PVT LTD,281044.0,2026-08-20,281044.0 - 281044.0,0.0,LOW,Payment In-Progress
TXN-000998,WS/MP814/2026,RAILTRO ENGINEERING PVT LTD,281044.0,2026-08-20,281044.0 - 281044.0,0.0,LOW,Payment In-Progress
TXN-000999,WS/MP814/2026,RAILTRO ENGINEERING PVT LTD,281044.0,2026-08-20,281044.0 - 281044.0,0.0,LOW,Payment In-Progress
TXN-001000,WS/MP814/2026,RAILTRO ENGINEERING PVT LTD,281044.0,2026-08-20,281044.0 - 281044.0,0.0,LOW,Payment In-Progress
TXN-001001,WS/MP814/2026,RAILTRO ENGINEERING PVT LTD,281044.0,2026-08-20,281044.0 - 281044.0,0.0,LOW,Payment In-Progress
TXN-001002,WS/MP814/2026,RAILTRO ENGINEERING PVT LTD,281044.0,2026-08-20,281044.0 - 281044.0,0.0,LOW,Payment In-Progress
TXN-001003,WS/MP814/2026,RAILTRO ENGINEERING PVT LTD,281044.0,2026-08-20,281044.0 - 281044.0,0.0,LOW,Payment In-Progress
TXN-001004,WS/MP814/2026,RAILTRO ENGINEERING PVT LTD,281044.0,2026-08-20,281044.0 - 281044.0,0.0,LOW,Payment In-Progress
TXN-001005,WS/MP814/2026,RAILTRO ENGINEERING PVT LTD,281044.0,2026-08-20,281044.0 - 281044.0,0.0,LOW,Payment In-Progress
TXN-001006,WS/MP814/2026,RAILTRO ENGINEERING PVT LTD,281044.0,2026-08-20,281044.0 - 281044.0,0.0,LOW,Payment In-Progress
TXN-001007,WS/MP814/2026,RAILTRO ENGINEERING PVT LTD,281044.0,2026-08-20,281044.0 - 281044.0,0.0,LOW,Payment In-Progress
TXN-001008,WS/MP814/2026,RAILTRO ENGINEERING PVT LTD,281044.0,2026-08-20,281044.0 - 281044.0,0.0,LOW,Payment In-Progress
TXN-001009,WS/MP814/2026,RAILTRO ENGINEERING PVT LTD,281044.0,2026-08-20,281044.0 - 281044.0,0.0,LOW,Payment In-Progress
TXN-001010,WS/MP814/2026,RAILTRO ENGINEERING PVT LTD,281044.0,2026-08-20,281044.0 - 281044.0,0.0,LOW,Payment In-Progress
TXN-001011,WS/MP814/2026,RAILTRO ENGINEERING PVT LTD,281044.0,2026-08-20,281044.0 - 281044.0,0.0,LOW,Payment In-Progress
TXN-001012,WS/MP814/2026,RAILTRO ENGINEERING PVT LTD,281044.0,2026-08-20,281044.0 - 281044.0,0.0,LOW,Payment In-Progress
TXN-001013,WS/MP814/2026,RAILTRO ENGINEERING PVT LTD,281044.0,2026-08-20,281044.0 - 281044.0,0.0,LOW,Payment In-Progress
TXN-001014,WS/MP814/2026,RAILTRO ENGINEERING PVT LTD,281044.0,2026-08-20,281044.0 - 281044.0,0.0,LOW,Payment In-Progress
TXN-001015,WS/MP814/2026,RAILTRO ENGINEERING PVT LTD,281044.0,2026-08-20,281044.0 - 281044.0,0.0,LOW,Payment In-Progress
TXN-001016,WS/MP814/2026,RAILTRO ENGINEERING PVT LTD,281044.0,2026-08-20,281044.0 - 281044.0,0.0,LOW,Payment In-Progress
TXN-001017,WS/MP814/2026,RAILTRO ENGINEERING PVT LTD,281044.0,2026-08-20,281044.0 - 281044.0,0.0,LOW,Payment In-Progress
TXN-001018,WS/MP814/2026,RAILTRO ENGINEERING PVT LTD,281044.0,2026-08-20,281044.0 - 281044.0,0.0,LOW,Payment In-Progress
TXN-001019,WS/MP814/2026,RAILTRO ENGINEERING PVT LTD,281044.0,2026-08-20,281044.0 - 281044.0,0.0,LOW,Payment In-Progress
TXN-001020,WS/MP814/2026,RAILTRO ENGINEERING PVT LTD,281044.0,2026-08-20,281044.0 - 281044.0,0.0,LOW,Payment In-Progress
TXN-001021,WS/MP814/2026,RAILTRO ENGINEERING PVT LTD,281044.0,2026-08-20,281044.0 - 281044.0,0.0,LOW,Payment In-Progress
TXN-001022,WS/MP814/2026,RAILTRO ENGINEERING PVT LTD,281044.0,2026-08-20,281044.0 - 281044.0,0.0,LOW,Payment In-Progress
TXN-001023,WS/MP814/2026,RAILTRO ENGINEERING PVT LTD,281044.0,2026-08-20,281044.0 - 281044.0,0.0,LOW,Payment In-Progress
TXN-001024,WS/MP814/2026,RAILTRO ENGINEERING PVT LTD,281044.0,2026-08-20,281044.0 - 281044.0,0.0,LOW,Payment In-Progress
TXN-001025,WS/MP814/2026,RAILTRO ENGINEERING PVT LTD,281044.0,2026-08-20,281044.0 - 281044.0,0.0,LOW,Payment In-Progress
TXN-001026,WS/MP814/2026,RAILTRO ENGINEERING PVT LTD,281044.0,2026-08-20,281044.0 - 281044.0,0.0,LOW,Payment In-Progress
TXN-001027,WS/MP814/2026,RAILTRO ENGINEERING PVT LTD,281044.0,2026-08-20,281044.0 - 281044.0,0.0,LOW,Payment In-Progress
TXN-001028,WS/MP814/2026,RAILTRO ENGINEERING PVT LTD,281044.0,2026-08-20,281044.0 - 281044.0,0.0,LOW,Payment In-Progress
TXN-001029,WS/MP18380/2024,Gandhi Construction And Supplier,118971.0,2026-07-10,107898.0 - 118971.0,4.88079023577483,LOW,Payment In-Progress
TXN-001030,WS/MP18380/2024,Gandhi Construction And Supplier,118971.0,2026-07-10,107898.0 - 118971.0,4.88079023577483,LOW,Payment In-Progress
TXN-001031,WS/MP18380/2024,Gandhi Construction And Supplier,118971.0,2026-07-10,107898.0 - 118971.0,4.88079023577483,LOW,Payment In-Progress
TXN-001032,WS/MP18380/2024,Gandhi Construction And Supplier,118971.0,2026-07-10,107898.0 - 118971.0,4.88079023577483,LOW,Payment In-Progress
TXN-001033,WS/MP18380/2024,Gandhi Construction And Supplier,118971.0,2026-07-10,107898.0 - 118971.0,4.88079023577483,LOW,Payment In-Progress
TXN-001034,WS/MP18380/2024,Gandhi Construction And Supplier,118971.0,2026-07-10,107898.0 - 118971.0,4.88079023577483,LOW,Payment In-Progress
TXN-001035,WS/MP18380/2024,Gandhi Construction And Supplier,118971.0,2026-07-10,107898.0 - 118971.0,4.88079023577483,LOW,Payment In-Progress
TXN-001036,WS/MP18380/2024,Gandhi Construction And Supplier,118971.0,2026-07-10,107898.0 - 118971.0,4.88079023577483,LOW,Payment In-Progress
TXN-001037,WS/MP18380/2024,Gandhi Construction And Supplier,118971.0,2026-07-10,107898.0 - 118971.0,4.88079023577483,LOW,Payment In-Progress
TXN-001038,WS/MP18380/2024,Gandhi Construction And Supplier,118971.0,2026-07-10,107898.0 - 118971.0,4.88079023577483,LOW,Payment In-Progress
TXN-001039,WS/MP18380/2024,Gandhi Construction And Supplier,118971.0,2026-07-10,107898.0 - 118971.0,4.88079023577483,LOW,Payment In-Progress
TXN-001040,WS/MP18380/2024,Gandhi Construction And Supplier,118971.0,2026-07-10,107898.0 - 118971.0,4.88079023577483,LOW,Payment In-Progress
TXN-001041,WS/MP18380/2024,Gandhi Construction And Supplier,118971.0,2026-07-10,107898.0 - 118971.0,4.88079023577483,LOW,Payment In-Progress
TXN-001042,WS/MP18380/2024,Gandhi Construction And Supplier,118971.0,2026-07-10,107898.0 - 118971.0,4.88079023577483,LOW,Payment In-Progress
TXN-001043,WS/MP18380/2024,Gandhi Construction And Supplier,118971.0,2026-07-10,107898.0 - 118971.0,4.88079023577483,LOW,Payment In-Progress
TXN-001044,WS/MP18380/2024,Gandhi Construction And Supplier,118971.0,2026-07-10,107898.0 - 118971.0,4.88079023577483,LOW,Payment In-Progress
TXN-001045,WS/MP18380/2024,Gandhi Construction And Supplier,118971.0,2026-07-10,107898.0 - 118971.0,4.88079023577483,LOW,Payment In-Progress
TXN-001046,WS/MP18380/2024,Gandhi Construction And Supplier,118971.0,2026-07-10,107898.0 - 118971.0,4.88079023577483,LOW,Payment In-Progress
TXN-001047,WS/MP18380/2024,Gandhi Construction And Supplier,118971.0,2026-07-10,107898.0 - 118971.0,4.88079023577483,LOW,Payment In-Progress
TXN-001048,WS/MP18380/2024,Gandhi Construction And Supplier,118971.0,2026-07-10,107898.0 - 118971.0,4.88079023577483,LOW,Payment In-Progress
TXN-001049,WS/MP18380/2024,Gandhi Construction And Supplier,118971.0,2026-07-10,107898.0 - 118971.0,4.88079023577483,LOW,Payment In-Progress
TXN-001050,WS/MP18380/2024,Gandhi Construction And Supplier,118971.0,2026-07-10,107898.0 - 118971.0,4.88079023577483,LOW,Payment In-Progress
TXN-001051,WS/MP18380/2024,Gandhi Construction And Supplier,118971.0,2026-07-10,107898.0 - 118971.0,4.88079023577483,LOW,Payment In-Progress
TXN-001052,WS/MP18380/2024,Gandhi Construction And Supplier,118971.0,2026-07-10,107898.0 - 118971.0,4.88079023577483,LOW,Payment In-Progress
TXN-001053,WS/MP18380/2024,Gandhi Construction And Supplier,118971.0,2026-07-10,107898.0 - 118971.0,4.88079023577483,LOW,Payment In-Progress
TXN-001054,WS/MP18380/2024,Gandhi Construction And Supplier,118971.0,2026-07-10,107898.0 - 118971.0,4.88079023577483,LOW,Payment In-Progress
TXN-001055,WS/MP18380/2024,Gandhi Construction And Supplier,118971.0,2026-07-10,107898.0 - 118971.0,4.88079023577483,LOW,Payment In-Progress
TXN-001056,WS/MP18380/2025,Gandhi Construction And Supplier,107898.0,2026-07-09,107898.0 - 118971.0,-4.88079023577483,LOW,Payment In-Progress
TXN-001057,WS/MP18380/2025,Gandhi Construction And Supplier,107898.0,2026-07-09,107898.0 - 118971.0,-4.88079023577483,LOW,Payment In-Progress
TXN-001058,WS/MP18380/2025,Gandhi Construction And Supplier,107898.0,2026-07-09,107898.0 - 118971.0,-4.88079023577483,LOW,Payment In-Progress
TXN-001059,WS/MP18380/2025,Gandhi Construction And Supplier,107898.0,2026-07-09,107898.0 - 118971.0,-4.88079023577483,LOW,Payment In-Progress
TXN-001060,WS/MP18380/2024,Gandhi Construction And Supplier,118993.0,2026-07-09,107898.0 - 118971.0,4.900184688079905,LOW,Payment In-Progress
TXN-001061,WS/MP18380/2025,Gandhi Construction And Supplier,107877.0,2026-07-09,107898.0 - 118971.0,-4.899303122066038,LOW,Payment In-Progress
TXN-001062,WS/MP18380/2025,Gandhi Construction And Supplier,107877.0,2026-07-09,107898.0 - 118971.0,-4.899303122066038,LOW,Payment In-Progress
TXN-001063,WS/MP18380/2025,Gandhi Construction And Supplier,107877.0,2026-07-09,107898.0 - 118971.0,-4.899303122066038,LOW,Payment In-Progress
TXN-001064,WS/MP18104/2026,SARPANCH GRAM PANCHAYAT SHIVPUR,80000.0,2026-08-05,80000.0 - 80000.0,0.0,LOW,Payment In-Progress
TXN-001065,WS/MP18104/2026,SARPANCH GRAM PANCHAYAT SHIVPUR,80000.0,2026-08-06,80000.0 - 80000.0,0.0,LOW,Payment In-Progress
TXN-001066,WS/MP716/2025,MAHALUXMI BKO,34000.0,2026-08-14,17697.0 - 93348.3,-38.76372975713516,MEDIUM,Payment In-Progress
TXN-001067,WS/MP716/2025,MAHALUXMI BKO,117702.0,2026-08-11,17697.0 - 93348.3,111.98916118016697,HIGH,Payment In-Progress
TXN-001068,WS/MP719/2025,HANUMAN CONSTRUCTION,358019.0,2026-08-06,358019.0 - 358019.0,0.0,LOW,Payment In-Progress
TXN-001069,WS/MP719/2025,CHATUBHRAJ BAGRIYA,255.0,2026-08-14,255.0 - 255.0,0.0,LOW,Payment In-Progress
TXN-001070,WS/MP18232/2026,A P DEVELOPERS,439619.0,2026-08-05,37136.6 - 367443.8,117.32095771322584,HIGH,Payment In-Progress
TXN-001071,WS/MP18162/2025,Pinky Kumari Sharma,6693.0,2026-05-23,6693.0 - 6693.0,0.0,LOW,Payment In-Progress
TXN-001072,WS/MP18054/2025,FULETRA GRAM PANCHAYAT,100000.0,2026-07-03,100000.0 - 100000.0,0.0,LOW,Payment In-Progress
TXN-001073,WS/MP18153/2025,Unitone Home Appliances,232462.0,2026-08-26,232520.7 - 232990.3,-0.1260979869433805,LOW,Payment In-Progress
TXN-001074,WS/MP18153/2025,Unitone Home Appliances,233049.0,2026-08-26,232520.7 - 232990.3,0.1260979869433805,LOW,Payment In-Progress
TXN-001075,WS/MP526/2026,ASMITHA SC LABOUR CONTRACT SOCIETY,397856.0,2026-08-27,397856.0 - 397856.0,0.0,LOW,Payment In-Progress
TXN-001076,WS/MP18183/2024,DHANDAYUTHAPANI K,1348754.0,2026-08-14,1348754.0 - 1348754.0,0.0,LOW,Payment In-Progress
TXN-001077,WS/MP716/2025,Shiv Shakti iron and Cement store,90763.0,2026-08-19,27017.8 - 83680.2,63.98308912536812,HIGH,Payment In-Progress
TXN-001078,WS/MP716/2025,Shiv Shakti iron and Cement store,19935.0,2026-08-19,27017.8 - 83680.2,-63.98308912536812,HIGH,Payment In-Progress
TXN-001079,WS/MP18357/2025,Gram Panchayat Shergarh,500000.0,2026-08-19,500000.0 - 500000.0,0.0,LOW,Payment In-Progress
TXN-001080,WS/MP18232/2024,A P DEVELOPERS,26735.0,2026-04-24,37136.6 - 367443.8,-86.7838382679932,HIGH,Payment In-Progress
TXN-001081,WS/MP18238/2025,MS AKHAND PRATAP TRADERS,121501.0,2026-02-16,161808.2 - 484265.8,-62.38789983809904,HIGH,Payment In-Progress
TXN-001082,WS/MP719/2025,NORAVA,3705.0,2026-08-13,3705.0 - 3705.0,0.0,LOW,Payment In-Progress
TXN-001083,WS/MP575/2025,GRAM PANCHAYAT SARIKHURAD,500000.0,2026-08-23,500000.0 - 500000.0,0.0,LOW,Payment In-Progress
TXN-001084,WS/MP18198/2025,Singh Construction,911447.0,2026-05-08,911447.0 - 911447.0,0.0,LOW,Payment In-Progress
TXN-001085,WS/MP18159/2025,Divya Construction Company,353100.0,2026-08-26,353100.0 - 353100.0,0.0,LOW,Payment In-Progress
TXN-001086,WS/MP18109/2025,gram panchayat jamuniha,750000.0,2026-08-25,750000.0 - 750000.0,0.0,LOW,Payment In-Progress
TXN-001087,WS/MP716/2025,Sajal Bricks Company,48867.0,2026-08-19,48867.0 - 48867.0,0.0,LOW,Payment In-Progress
TXN-001088,WS/MP18162/2025,SANWARIYA BUILDING AND MATERIAL SUPPLIERS,375718.0,2026-08-27,375718.0 - 375718.0,0.0,LOW,Payment In-Progress
TXN-001089,WS/MP18248/2024,MR NUR ALAM SK,637871.0,2026-08-03,637871.0 - 637871.0,0.0,LOW,Payment In-Progress
TXN-001090,WS/MP498/2025,BOND CONSTRUCTION,549787.0,2026-08-26,377725.0 - 549787.0,18.55091901775934,LOW,Payment In-Progress
TXN-001091,WS/MP498/2025,BOND CONSTRUCTION,549545.0,2026-08-25,377725.0 - 549787.0,18.498736404488568,LOW,Payment In-Progress
TXN-001092,WS/MP498/2025,BOND CONSTRUCTION,549447.0,2026-08-25,377725.0 - 549787.0,18.47760460242024,LOW,Payment In-Progress
TXN-001093,WS/MP498/2025,BOND CONSTRUCTION,549787.0,2026-08-25,377725.0 - 549787.0,18.55091901775934,LOW,Payment In-Progress
TXN-001094,WS/MP498/2025,BOND CONSTRUCTION,549787.0,2026-08-25,377725.0 - 549787.0,18.55091901775934,LOW,Payment In-Progress
TXN-001095,WS/MP498/2025,BOND CONSTRUCTION,549787.0,2026-08-25,377725.0 - 549787.0,18.55091901775934,LOW,Payment In-Progress
TXN-001096,WS/MP498/2025,BOND CONSTRUCTION,549787.0,2026-08-25,377725.0 - 549787.0,18.55091901775934,LOW,Payment In-Progress
TXN-001097,WS/MP498/2025,BOND CONSTRUCTION,377725.0,2026-08-25,377725.0 - 549787.0,-18.55091901775934,LOW,Payment In-Progress
TXN-001098,WS/MP498/2025,BOND CONSTRUCTION,549787.0,2026-08-26,377725.0 - 549787.0,18.55091901775934,LOW,Payment In-Progress
TXN-001099,WS/MP498/2025,BOND CONSTRUCTION,377725.0,2026-08-26,377725.0 - 549787.0,-18.55091901775934,LOW,Payment In-Progress
TXN-001100,WS/MP18109/2025,gram panchayat ghiyar,500000.0,2026-08-25,500000.0 - 500000.0,0.0,LOW,Payment In-Progress
TXN-001101,WS/MP478/2025,MANBEER SINGH,409218.0,2026-08-12,175647.1 - 385043.7,45.969222252264515,MEDIUM,Payment In-Progress
TXN-001102,WS/MP478/2025,MANBEER SINGH,328637.0,2026-08-12,175647.1 - 385043.7,17.225750805970055,LOW,Payment In-Progress
TXN-001103,WS/MP478/2025,MANBEER SINGH,308218.0,2026-08-12,175647.1 - 385043.7,9.942235542298885,LOW,Payment In-Progress
TXN-001104,WS/MP478/2025,MANBEER SINGH,118831.0,2026-08-12,175647.1 - 385043.7,-57.61264497295123,HIGH,Payment In-Progress
TXN-001105,WS/MP18083/2026,JEEVAN KUMAR PERMANNUR,498174.0,2026-08-11,498174.0 - 498174.0,0.0,LOW,Payment In-Progress
TXN-001106,WS/MP18357/2025,gram panchayat gadi barod,494899.0,2026-08-19,494899.0 - 494899.0,0.0,LOW,Payment In-Progress
TXN-001107,WS/MP353/2025,KALLOOR ELECTRONICS AND LIGHTING PVT LTD,220427.0,2026-08-20,220427.0 - 220427.0,0.0,LOW,Payment In-Progress
TXN-001108,WS/MP18162/2025,GRAM PANCHYAT SATHUR,22620.0,2026-08-06,25584.0 - 202891.4,-80.19918118099366,HIGH,Payment In-Progress
TXN-001109,WS/MP18162/2025,GRAM PANCHYAT SATHUR,42150.0,2026-08-06,25584.0 - 202891.4,-63.10324875238209,HIGH,Payment In-Progress
TXN-001110,WS/MP18162/2025,GRAM PANCHYAT SATHUR,30030.0,2026-08-06,25584.0 - 202891.4,-73.71270605062952,HIGH,Payment In-Progress
TXN-001111,WS/MP18162/2025,GRAM PANCHYAT SATHUR,186470.0,2026-08-06,25584.0 - 202891.4,63.22982693103941,HIGH,Payment In-Progress
TXN-001112,WS/MP18162/2025,GRAM PANCHYAT SATHUR,213839.0,2026-08-06,25584.0 - 202891.4,87.18776726072042,HIGH,Payment In-Progress
TXN-001113,WS/MP643/2024,Kamdhenu Agency,150000.0,2025-06-10,150000.0 - 150000.0,0.0,LOW,Payment In-Progress
TXN-001114,WS/MP18089/2025,P HANUMANTHAPPA,120178.0,2026-08-04,120178.0 - 120178.0,0.0,LOW,Payment In-Progress
TXN-001115,WS/MP18193/2025,MOHAMMED RAHEEMUDDIN,324206.0,2026-08-18,311406.8 - 357061.4,-3.000322229239918,LOW,Payment In-Progress
TXN-001116,WS/MP18193/2025,MOHAMMED RAHEEMUDDIN,356537.0,2026-08-18,311406.8 - 357061.4,6.6728379898999,LOW,Payment In-Progress
TXN-001117,WS/MP18193/2025,MOHAMMED RAHEEMUDDIN,307074.0,2026-08-18,311406.8 - 357061.4,-8.126070918556778,LOW,Payment In-Progress
TXN-001118,WS/MP18193/2025,MOHAMMED RAHEEMUDDIN,357411.0,2026-08-18,311406.8 - 357061.4,6.934331356375674,LOW,Payment In-Progress
TXN-001119,WS/MP18193/2025,MOHAMMED RAHEEMUDDIN,317906.0,2026-08-18,311406.8 - 357061.4,-4.88522864662821,LOW,Payment In-Progress
TXN-001120,WS/MP18311/2026,RS Industries,350000.0,2026-08-26,330000.0 - 350000.0,2.941176470588235,LOW,Payment In-Progress
TXN-001121,WS/MP18311/2026,RS Industries,350000.0,2026-08-26,330000.0 - 350000.0,2.941176470588235,LOW,Payment In-Progress
TXN-001122,WS/MP526/2025,CHINTHAKUNTA MANIGOPALREDDY,497980.0,2026-08-18,497980.0 - 497980.0,0.0,LOW,Payment In-Progress
TXN-001123,WS/MP18248/2024,HASAN SEIKH,687844.0,2026-03-23,680676.4 - 687047.6,0.5822812204801553,LOW,Payment In-Progress
TXN-001124,WS/MP18248/2024,HASAN SEIKH,679880.0,2026-08-17,680676.4 - 687047.6,-0.5822812204801553,LOW,Payment In-Progress
TXN-001125,WS/MP18083/2025,NITHESH P,499724.0,2026-08-19,498812.3 - 499622.7,0.10145878299538777,LOW,Payment In-Progress
TXN-001126,WS/MP18083/2025,NITHESH P,498711.0,2026-08-19,498812.3 - 499622.7,-0.10145878299538777,LOW,Payment In-Progress
TXN-001127,WS/MP18311/2026,RS Industries,325000.0,2026-08-21,330000.0 - 350000.0,-4.411764705882353,LOW,Payment In-Progress
TXN-001128,WS/MP18102/2025,GRAM PANCHAYAT PATHAMOTI JANPAD PANCHAYAT UMARBAN,250000.0,2026-08-24,250000.0 - 250000.0,0.0,LOW,Payment In-Progress
TXN-001129,WS/MP574/2026,VARASADA GRAM PANCHAYAT,300000.0,2026-08-21,300000.0 - 300000.0,0.0,LOW,Payment In-Progress
TXN-001130,WS/MP650/2025,NAVKANJ ASSOCIATES,88717.0,2026-08-23,89401.6 - 100661.8,-6.6448353549394685,LOW,Payment In-Progress
TXN-001131,WS/MP650/2025,NAVKANJ ASSOCIATES,102276.0,2026-08-23,89401.6 - 100661.8,7.623035260865571,LOW,Payment In-Progress
TXN-001132,WS/MP650/2025,NAVKANJ ASSOCIATES,94314.0,2026-08-23,89401.6 - 100661.8,-0.7552216786609222,LOW,Payment In-Progress
TXN-001133,WS/MP650/2025,NAVKANJ ASSOCIATES,89912.0,2026-08-23,89401.6 - 100661.8,-5.387360217695791,LOW,Payment In-Progress
TXN-001134,WS/MP650/2025,NAVKANJ ASSOCIATES,99970.0,2026-08-23,89401.6 - 100661.8,5.196476544142626,LOW,Payment In-Progress
TXN-001135,WS/MP650/2025,NAVKANJ ASSOCIATES,98115.0,2026-08-23,89401.6 - 100661.8,3.2444963101785906,LOW,Payment In-Progress
TXN-001136,WS/MP650/2025,NAVKANJ ASSOCIATES,95365.0,2026-08-23,89401.6 - 100661.8,0.3507250738437683,LOW,Payment In-Progress
TXN-001137,WS/MP650/2025,NAVKANJ ASSOCIATES,89695.0,2026-08-23,89401.6 - 100661.8,-5.615705075253848,LOW,Payment In-Progress
TXN-001138,WS/MP18222/2025,SHIV SHAKTI ENTERPRISES,894786.0,2026-08-05,894786.0 - 894786.0,0.0,LOW,Payment In-Progress
TXN-001139,WS/MP18153/2025,G S Enterprises,240643.0,2026-08-26,233449.3 - 239843.7,1.6888058771205152,LOW,Payment In-Progress
TXN-001140,WS/MP18234/2025,JAI PRAKASH,309929.0,2026-07-30,299986.7 - 457771.1,-18.198400597130117,LOW,Payment In-Progress
TXN-001141,WS/MP18234/2025,JAI PRAKASH,305000.0,2026-07-30,299986.7 - 457771.1,-19.499343985637633,LOW,Payment In-Progress
TXN-001142,WS/MP18234/2025,JAI PRAKASH,300000.0,2026-07-30,299986.7 - 457771.1,-20.819026871118982,MEDIUM,Payment In-Progress
TXN-001143,WS/MP18234/2025,JAI PRAKASH,299867.0,2026-07-30,299986.7 - 457771.1,-20.854130435872786,MEDIUM,Payment In-Progress
TXN-001144,WS/MP18311/2024,Fateh Traders,62390.0,2026-08-26,62390.0 - 62390.0,0.0,LOW,Payment In-Progress
TXN-001145,WS/MP18029/2026,Diganta Barthakur,449243.0,2026-08-27,449243.0 - 449243.0,0.0,LOW,Payment In-Progress
TXN-001146,WS/MP18152/2026,GILL TRADING COMPANY,150000.0,2026-08-25,150000.0 - 150000.0,0.0,LOW,Payment In-Progress
TXN-001147,WS/MP380/2025,Karsan Singla Govt Cont,117111.0,2026-08-26,117111.0 - 117111.0,0.0,LOW,Payment In-Progress
TXN-001148,WS/MP18352/2025,EXECUTIVE ENGINEER UPPCL EDD III EXP,167287.0,2025-10-08,167287.0 - 167287.0,0.0,LOW,Payment In-Progress
TXN-001149,WS/MP524/2025,PRESIDENT VILLAGE LEVEL COMMITTEE VATHALUR GP,499375.0,2026-07-29,499375.0 - 499375.0,0.0,LOW,Payment In-Progress
TXN-001150,WS/MP18153/2025,G S Enterprises,232650.0,2026-08-26,233449.3 - 239843.7,-1.6888058771205152,LOW,Payment In-Progress
TXN-001151,WS/MP18234/2026,JAI PRAKASH,457000.0,2026-07-30,299986.7 - 457771.1,20.619015732995415,MEDIUM,Payment In-Progress
TXN-001152,WS/MP18234/2026,JAI PRAKASH,457000.0,2026-07-30,299986.7 - 457771.1,20.619015732995415,MEDIUM,Payment In-Progress
TXN-001153,WS/MP18234/2026,JAI PRAKASH,457768.0,2026-07-30,299986.7 - 457771.1,20.82171902420535,MEDIUM,Payment In-Progress
TXN-001154,WS/MP18234/2026,JAI PRAKASH,457799.0,2026-07-30,299986.7 - 457771.1,20.829901058095338,MEDIUM,Payment In-Progress
TXN-001155,WS/MP18162/2025,MS RAJENDRA SINGH PURAWAT,408890.0,2026-08-08,408890.0 - 408890.0,0.0,LOW,Payment In-Progress
TXN-001156,WS/MP18234/2025,JAI PRAKASH,304777.0,2026-08-01,299986.7 - 457771.1,-19.5582018423301,LOW,Payment In-Progress
TXN-001157,WS/MP18234/2025,JAI PRAKASH,300000.0,2026-08-01,299986.7 - 457771.1,-20.819026871118982,MEDIUM,Payment In-Progress
TXN-001158,WS/MP18209/2025,SATYAVER SIGH CONTRACTOR AND SUPPLIER,96287.0,2026-07-18,91864.0 - 586059.5,-71.59355000969873,HIGH,Payment In-Progress
TXN-001159,WS/MP18209/2025,SATYAVER SIGH CONTRACTOR AND SUPPLIER,397204.0,2026-07-20,91864.0 - 586059.5,17.182543458074566,LOW,Payment In-Progress
TXN-001160,WS/MP18209/2026,SATYAVER SIGH CONTRACTOR AND SUPPLIER,851987.0,2026-08-07,91864.0 - 586059.5,151.35195932874436,HIGH,Payment In-Progress
TXN-001161,WS/MP18209/2025,SATYAVER SIGH CONTRACTOR AND SUPPLIER,364828.0,2026-07-27,91864.0 - 586059.5,7.631023264424397,LOW,Payment In-Progress
TXN-001162,WS/MP18209/2025,SATYAVER SIGH CONTRACTOR AND SUPPLIER,398520.0,2026-07-27,91864.0 - 586059.5,17.57078785438182,LOW,Payment In-Progress
TXN-001163,WS/MP18209/2025,SATYAVER SIGH CONTRACTOR AND SUPPLIER,350853.0,2026-07-27,91864.0 - 586059.5,3.508139192696539,LOW,Payment In-Progress
TXN-001164,WS/MP18209/2025,SATYAVER SIGH CONTRACTOR AND SUPPLIER,52057.0,2026-07-27,91864.0 - 586059.5,-84.64221995549646,HIGH,Payment In-Progress
TXN-001165,WS/MP18112/2025,JWALAMUKHI JAGDAMBA MAJUR KAMGAR SAHAKARI SANSTHA,970281.0,2026-08-24,970281.0 - 970281.0,0.0,LOW,Payment In-Progress
TXN-001166,WS/MP18076/2025,SRI JALADHARE BOREWELLS,149597.0,2025-11-05,149597.0 - 149597.0,0.0,LOW,Payment In-Progress
TXN-001167,WS/MP18049/2025,gram panchayat lilapur,299467.0,2026-08-27,299467.0 - 299467.0,0.0,LOW,Payment In-Progress
TXN-001168,WS/MP18200/2025,AADI AND RUDRANSH CONSTRUCTION COMPANY,322353.0,2026-05-21,460653.6 - 1497627.5,-67.07796444545168,HIGH,Payment In-Progress
TXN-001169,WS/MP18346/2026,AADI AND RUDRANSH CONSTRUCTION COMPANY,1795625.0,2026-08-07,460653.6 - 1497627.5,83.38787010710563,HIGH,Payment In-Progress
TXN-001170,WS/MP18200/2025,AADI AND RUDRANSH CONSTRUCTION COMPANY,783355.0,2026-08-07,460653.6 - 1497627.5,-19.995653330872685,LOW,Payment In-Progress
TXN-001171,WS/MP18346/2026,AADI AND RUDRANSH CONSTRUCTION COMPANY,802300.0,2026-08-07,460653.6 - 1497627.5,-18.06079321298665,LOW,Payment In-Progress
TXN-001172,WS/MP18206/2026,Lakshya Contruction,86957.0,2026-08-27,86957.0 - 416318.0,-65.44354478168,HIGH,Payment In-Progress
TXN-001173,WS/MP18206/2026,Lakshya Contruction,86957.0,2026-08-27,86957.0 - 416318.0,-65.44354478168,HIGH,Payment In-Progress
TXN-001174,WS/MP18206/2026,Lakshya Contruction,86957.0,2026-08-27,86957.0 - 416318.0,-65.44354478168,HIGH,Payment In-Progress
TXN-001175,WS/MP18206/2026,Lakshya Contruction,86957.0,2026-08-27,86957.0 - 416318.0,-65.44354478168,HIGH,Payment In-Progress
TXN-001176,WS/MP18206/2026,Lakshya Contruction,86957.0,2026-08-27,86957.0 - 416318.0,-65.44354478168,HIGH,Payment In-Progress
TXN-001177,WS/MP18206/2026,Lakshya Contruction,86957.0,2026-08-27,86957.0 - 416318.0,-65.44354478168,HIGH,Payment In-Progress
TXN-001178,WS/MP18206/2026,Lakshya Contruction,86957.0,2026-08-27,86957.0 - 416318.0,-65.44354478168,HIGH,Payment In-Progress
TXN-001179,WS/MP18206/2026,Lakshya Contruction,86957.0,2026-08-27,86957.0 - 416318.0,-65.44354478168,HIGH,Payment In-Progress
TXN-001180,WS/MP18206/2026,Lakshya Contruction,86957.0,2026-08-27,86957.0 - 416318.0,-65.44354478168,HIGH,Payment In-Progress
TXN-001181,WS/MP18206/2026,Lakshya Contruction,86957.0,2026-08-27,86957.0 - 416318.0,-65.44354478168,HIGH,Payment In-Progress
TXN-001182,WS/MP18206/2026,Lakshya Contruction,86957.0,2026-08-27,86957.0 - 416318.0,-65.44354478168,HIGH,Payment In-Progress
TXN-001183,WS/MP18206/2026,Lakshya Contruction,86957.0,2026-08-27,86957.0 - 416318.0,-65.44354478168,HIGH,Payment In-Progress
TXN-001184,WS/MP18071/2025,District Engineer,200000.0,2026-08-05,100000.0 - 300000.0,0.0,LOW,Payment In-Progress
TXN-001185,WS/MP18071/2025,District Engineer,150000.0,2026-08-05,100000.0 - 300000.0,-25.0,MEDIUM,Payment In-Progress
TXN-001186,WS/MP18071/2025,District Engineer,200000.0,2026-07-15,100000.0 - 300000.0,0.0,LOW,Payment In-Progress
TXN-001187,WS/MP18071/2025,District Engineer,200000.0,2026-07-15,100000.0 - 300000.0,0.0,LOW,Payment In-Progress
TXN-001188,WS/MP18071/2026,District Engineer,299937.0,2026-07-15,100000.0 - 300000.0,49.9685,MEDIUM,Payment In-Progress
TXN-001189,WS/MP18071/2025,District Engineer,200000.0,2026-07-15,100000.0 - 300000.0,0.0,LOW,Payment In-Progress
TXN-001190,WS/MP18071/2026,District Engineer,299938.0,2026-07-15,100000.0 - 300000.0,49.969,MEDIUM,Payment In-Progress
TXN-001191,WS/MP18071/2025,District Engineer,300000.0,2026-07-15,100000.0 - 300000.0,50.0,HIGH,Payment In-Progress
TXN-001192,WS/MP18071/2025,District Engineer,350000.0,2026-07-15,100000.0 - 300000.0,75.0,HIGH,Payment In-Progress
TXN-001193,WS/MP18071/2025,District Engineer,100000.0,2026-07-15,100000.0 - 300000.0,-50.0,HIGH,Payment In-Progress
TXN-001194,WS/MP18071/2025,District Engineer,100000.0,2026-07-15,100000.0 - 300000.0,-50.0,HIGH,Payment In-Progress
TXN-001195,WS/MP18071/2025,District Engineer,250000.0,2026-07-15,100000.0 - 300000.0,25.0,MEDIUM,Payment In-Progress
TXN-001196,WS/MP18071/2025,District Engineer,250000.0,2026-07-15,100000.0 - 300000.0,25.0,MEDIUM,Payment In-Progress
TXN-001197,WS/MP18071/2025,District Engineer,250000.0,2026-07-15,100000.0 - 300000.0,25.0,MEDIUM,Payment In-Progress
TXN-001198,WS/MP18071/2025,District Engineer,300000.0,2026-07-15,100000.0 - 300000.0,50.0,HIGH,Payment In-Progress
TXN-001199,WS/MP18071/2025,District Engineer,100000.0,2026-07-15,100000.0 - 300000.0,-50.0,HIGH,Payment In-Progress
TXN-001200,WS/MP18071/2026,District Engineer,299938.0,2026-07-15,100000.0 - 300000.0,49.969,MEDIUM,Payment In-Progress
TXN-001201,WS/MP18071/2026,District Engineer,299938.0,2026-07-15,100000.0 - 300000.0,49.969,MEDIUM,Payment In-Progress
TXN-001202,WS/MP18071/2025,District Engineer,250000.0,2026-07-15,100000.0 - 300000.0,25.0,MEDIUM,Payment In-Progress
TXN-001203,WS/MP18071/2025,District Engineer,150000.0,2026-08-20,100000.0 - 300000.0,-25.0,MEDIUM,Payment In-Progress
TXN-001204,WS/MP18071/2026,District Engineer,150000.0,2026-08-20,100000.0 - 300000.0,-25.0,MEDIUM,Payment In-Progress
TXN-001205,WS/MP18071/2025,District Engineer,100000.0,2026-08-20,100000.0 - 300000.0,-50.0,HIGH,Payment In-Progress
TXN-001206,WS/MP18071/2026,District Engineer,350000.0,2026-08-20,100000.0 - 300000.0,75.0,HIGH,Payment In-Progress
TXN-001207,WS/MP18071/2026,District Engineer,299938.0,2026-08-20,100000.0 - 300000.0,49.969,MEDIUM,Payment In-Progress
TXN-001208,WS/MP18071/2026,District Engineer,150000.0,2026-08-20,100000.0 - 300000.0,-25.0,MEDIUM,Payment In-Progress
TXN-001209,WS/MP18071/2026,District Engineer,250000.0,2026-08-20,100000.0 - 300000.0,25.0,MEDIUM,Payment In-Progress
TXN-001210,WS/MP18219/2025,Lakshya Contruction,297530.0,2026-03-12,86957.0 - 416318.0,18.23754408623516,LOW,Payment In-Progress
TXN-001211,WS/MP18219/2025,Lakshya Contruction,297530.0,2026-03-12,86957.0 - 416318.0,18.23754408623516,LOW,Payment In-Progress
TXN-001212,WS/MP18219/2025,Lakshya Contruction,297530.0,2026-03-12,86957.0 - 416318.0,18.23754408623516,LOW,Payment In-Progress
TXN-001213,WS/MP18219/2025,Lakshya Contruction,297530.0,2026-03-12,86957.0 - 416318.0,18.23754408623516,LOW,Payment In-Progress
TXN-001214,WS/MP18219/2025,Lakshya Contruction,297530.0,2026-03-12,86957.0 - 416318.0,18.23754408623516,LOW,Payment In-Progress
TXN-001215,WS/MP18219/2025,Lakshya Contruction,92367.0,2026-03-12,86957.0 - 416318.0,-63.29362674482142,HIGH,Payment In-Progress
TXN-001216,WS/MP18219/2025,Lakshya Contruction,416318.0,2026-04-21,86957.0 - 416318.0,65.44354478168,HIGH,Payment In-Progress
TXN-001217,WS/MP18219/2025,Lakshya Contruction,416318.0,2026-04-21,86957.0 - 416318.0,65.44354478168,HIGH,Payment In-Progress
TXN-001218,WS/MP18219/2025,Lakshya Contruction,416318.0,2026-04-21,86957.0 - 416318.0,65.44354478168,HIGH,Payment In-Progress
TXN-001219,WS/MP18219/2025,Lakshya Contruction,416318.0,2026-04-21,86957.0 - 416318.0,65.44354478168,HIGH,Payment In-Progress
TXN-001220,WS/MP18219/2025,Lakshya Contruction,416318.0,2026-04-21,86957.0 - 416318.0,65.44354478168,HIGH,Payment In-Progress
TXN-001221,WS/MP18219/2025,Lakshya Contruction,416318.0,2026-07-17,86957.0 - 416318.0,65.44354478168,HIGH,Payment In-Progress
TXN-001222,WS/MP18219/2025,Lakshya Contruction,416318.0,2026-07-17,86957.0 - 416318.0,65.44354478168,HIGH,Payment In-Progress
TXN-001223,WS/MP18219/2025,Lakshya Contruction,416318.0,2026-07-17,86957.0 - 416318.0,65.44354478168,HIGH,Payment In-Progress
TXN-001224,WS/MP18219/2025,Lakshya Contruction,416318.0,2026-07-17,86957.0 - 416318.0,65.44354478168,HIGH,Payment In-Progress
TXN-001225,WS/MP524/2025,SADUM NAGARAJA,199846.0,2026-08-25,199846.0 - 199846.0,0.0,LOW,Payment In-Progress
TXN-001226,WS/MP384/2024,NARBADA CONSTRUCTION COMPANY,999841.0,2026-08-25,999841.0 - 999841.0,0.0,LOW,Payment In-Progress
TXN-001227,WS/MP18137/2025,Jiedkupar Kharmaw,150000.0,2026-08-26,150000.0 - 150000.0,0.0,LOW,Payment In-Progress
TXN-001228,WS/MP18354/2024,Gram panchayat khalpodi,249749.0,2026-08-14,249749.0 - 249749.0,0.0,LOW,Payment In-Progress
TXN-001229,WS/MP777/2025,MS JMS INFRA PRO JASH KAUSHIK,852459.0,2026-08-24,852459.0 - 852459.0,0.0,LOW,Payment In-Progress
TXN-001230,WS/MP437/2026,JE NREP MP GARHWA,270000.0,2026-07-07,270000.0 - 270000.0,0.0,LOW,Payment In-Progress
TXN-001231,WS/MP18246/2026,SG ENTERPRISE,2199000.0,2026-08-23,2199000.0 - 2199000.0,0.0,LOW,Payment In-Progress
TXN-001232,WS/MP18229/2026,Shivani,667636.0,2026-08-11,77293.6 - 602042.4,96.55546003744834,HIGH,Payment In-Progress
TXN-001233,WS/MP18024/2025,MRITYUNJOY KHANIKAR,146750.0,2025-12-30,146750.0 - 146750.0,0.0,LOW,Payment In-Progress
TXN-001234,WS/MP18209/2026,SATYAVER SIGH CONTRACTOR AND SUPPLIER,428280.0,2026-08-25,91864.0 - 586059.5,26.350539552029122,MEDIUM,Payment In-Progress
TXN-001235,WS/MP18209/2026,SATYAVER SIGH CONTRACTOR AND SUPPLIER,505870.0,2026-08-25,91864.0 - 586059.5,49.241027933092774,MEDIUM,Payment In-Progress
TXN-001236,WS/MP18209/2026,SATYAVER SIGH CONTRACTOR AND SUPPLIER,556512.0,2026-08-25,91864.0 - 586059.5,64.18135674600455,HIGH,Payment In-Progress
TXN-001237,WS/MP18049/2025,GRAM PANCHAYAT TORLA,400000.0,2026-05-19,400000.0 - 400000.0,0.0,LOW,Payment In-Progress
TXN-001238,WS/MP18079/2025,SUGREEV,187500.0,2026-08-20,187500.0 - 187500.0,0.0,LOW,Payment In-Progress
TXN-001239,WS/MP18307/2025,RENUKA CO OP LABOUR SOCIETY LIMITED,1998482.0,2026-08-19,1998482.0 - 1998482.0,0.0,LOW,Payment In-Progress
TXN-001240,WS/MP18153/2025,H S AGRO,240813.0,2026-08-26,240550.4 - 240864.1,0.04393303483796188,LOW,Payment In-Progress
TXN-001241,WS/MP18045/2026,Alam Brothers,962500.0,2026-08-20,962500.0 - 962500.0,0.0,LOW,Payment In-Progress
TXN-001242,WS/MP18045/2026,Alam Brothers,962500.0,2026-08-20,962500.0 - 962500.0,0.0,LOW,Payment In-Progress
TXN-001243,WS/MP18045/2026,Alam Brothers,962500.0,2026-08-20,962500.0 - 962500.0,0.0,LOW,Payment In-Progress
TXN-001244,WS/MP18045/2026,Alam Brothers,962500.0,2026-08-20,962500.0 - 962500.0,0.0,LOW,Payment In-Progress
TXN-001245,WS/MP18045/2026,Alam Brothers,962500.0,2026-08-20,962500.0 - 962500.0,0.0,LOW,Payment In-Progress
TXN-001246,WS/MP18045/2026,Alam Brothers,962500.0,2026-08-20,962500.0 - 962500.0,0.0,LOW,Payment In-Progress
TXN-001247,WS/MP18045/2026,Alam Brothers,962500.0,2026-08-20,962500.0 - 962500.0,0.0,LOW,Payment In-Progress
TXN-001248,WS/MP18045/2026,Alam Brothers,962500.0,2026-08-20,962500.0 - 962500.0,0.0,LOW,Payment In-Progress
TXN-001249,WS/MP18045/2026,Alam Brothers,962500.0,2026-08-20,962500.0 - 962500.0,0.0,LOW,Payment In-Progress
TXN-001250,WS/MP18045/2026,Alam Brothers,962500.0,2026-08-20,962500.0 - 962500.0,0.0,LOW,Payment In-Progress
TXN-001251,WS/MP18045/2026,Alam Brothers,962500.0,2026-08-20,962500.0 - 962500.0,0.0,LOW,Payment In-Progress
TXN-001252,WS/MP18045/2026,Alam Brothers,962500.0,2026-08-20,962500.0 - 962500.0,0.0,LOW,Payment In-Progress
TXN-001253,WS/MP720/2026,charbhuja construction,202226.0,2026-08-27,202226.0 - 202226.0,0.0,LOW,Payment In-Progress
TXN-001254,WS/MP18054/2025,SEDARADI GRAM PANCHAYAT,50000.0,2026-08-24,50000.0 - 50000.0,0.0,LOW,Payment In-Progress
TXN-001255,WS/MP18336/2025,GRAM PANCHAYAT LIMTARA,105317.0,2026-08-17,105317.0 - 105317.0,0.0,LOW,Payment In-Progress
TXN-001256,WS/MP18124/2025,Samona Enterprises,1898368.0,2026-08-03,1898368.0 - 1898368.0,0.0,LOW,Payment In-Progress
TXN-001257,WS/MP575/2025,SAHYOG MAJUR ANE KAMGARO NI SAHKARI MANDALI LIMITE,300000.0,2026-07-09,315000.0 - 435000.0,-20.0,MEDIUM,Payment In-Progress
TXN-001258,WS/MP575/2025,SAHYOG MAJUR ANE KAMGARO NI SAHKARI MANDALI LIMITE,450000.0,2026-07-09,315000.0 - 435000.0,20.0,MEDIUM,Payment In-Progress
TXN-001259,WS/MP719/2024,SHIV CONSTRUCTICN KATSOORA,99540.0,2026-08-27,99540.0 - 99540.0,0.0,LOW,Payment In-Progress
TXN-001260,WS/MP18153/2025,H S AGRO,240619.0,2026-08-26,240550.4 - 240864.1,-0.03666279266619514,LOW,Payment In-Progress
TXN-001261,WS/MP18153/2025,H S AGRO,240521.0,2026-08-26,240550.4 - 240864.1,-0.0773761488280889,LOW,Payment In-Progress
TXN-001262,WS/MP18153/2025,H S AGRO,240886.0,2026-08-26,240550.4 - 240864.1,0.07426033075447458,LOW,Payment In-Progress
TXN-001263,WS/MP18104/2025,Sarpanch Gram Panchayat Luchgaon,150000.0,2026-07-20,150000.0 - 150000.0,0.0,LOW,Payment In-Progress
TXN-001264,WS/MP18117/2025,tushar satish rawale,987617.0,2026-08-27,988113.9 - 992089.1,-0.2509338689013197,LOW,Payment In-Progress
TXN-001265,WS/MP18117/2025,tushar satish rawale,992586.0,2026-08-27,988113.9 - 992089.1,0.2509338689013197,LOW,Payment In-Progress
TXN-001266,WS/MP18054/2026,LADOL GRAM PANCHAYAT,100000.0,2026-08-24,100000.0 - 220000.0,-37.5,MEDIUM,Payment In-Progress
TXN-001267,WS/MP575/2025,SARPANCH GRAMPANCHAYAT KALWACH,300000.0,2026-08-11,300000.0 - 300000.0,0.0,LOW,Payment In-Progress
TXN-001268,WS/MP18083/2026,ANIL KUMAR HEGDE P,499485.0,2026-08-04,499485.0 - 499485.0,0.0,LOW,Payment In-Progress
TXN-001269,WS/MP18308/2025,Mahendra Jagannath Lokhande,1998481.0,2026-08-04,1998481.0 - 1998481.0,0.0,LOW,Payment In-Progress
TXN-001270,WS/MP18203/2024,DIVYAANSH CONSTRUCTION COMPANY,594101.0,2026-08-27,297975.4 - 592413.8,33.44748566132652,MEDIUM,Payment In-Progress
TXN-001271,WS/MP18203/2024,DIVYAANSH CONSTRUCTION COMPANY,585665.0,2026-08-27,297975.4 - 592413.8,31.552583971144294,MEDIUM,Payment In-Progress
TXN-001272,WS/MP18203/2024,DIVYAANSH CONSTRUCTION COMPANY,226053.0,2026-08-27,297975.4 - 592413.8,-49.22377764689869,MEDIUM,Payment In-Progress
TXN-001273,WS/MP575/2025,GRAM PANCHAYAT VANGAM,150000.0,2026-08-11,150000.0 - 150000.0,0.0,LOW,Payment In-Progress
TXN-001274,WS/MP18328/2025,GP BHARNAL,156189.0,2026-08-25,156189.0 - 156189.0,0.0,LOW,Payment In-Progress
TXN-001275,WS/MP575/2025,SARPANCH SHREE GRAM PANCHAYAT BHAGAD,500000.0,2026-08-11,500000.0 - 500000.0,0.0,LOW,Payment In-Progress
TXN-001276,WS/MP18048/2025,Sarpach gram panchyat murkinar,425000.0,2026-06-18,425000.0 - 425000.0,0.0,LOW,Payment In-Progress
TXN-001277,WS/MP858/2025,BASUDEB HAZRA,2685218.0,2026-08-25,2685218.0 - 2685218.0,0.0,LOW,Payment In-Progress
TXN-001278,WS/MP18179/2026,DIVINE ENTERPRISES,400000.0,2026-07-08,440000.0 - 800000.0,-35.483870967741936,MEDIUM,Payment In-Progress
TXN-001279,WS/MP18179/2026,DIVINE ENTERPRISES,800000.0,2026-07-09,440000.0 - 800000.0,29.03225806451613,MEDIUM,Payment In-Progress
TXN-001280,WS/MP18179/2026,DIVINE ENTERPRISES,500000.0,2026-07-09,440000.0 - 800000.0,-19.35483870967742,LOW,Payment In-Progress
TXN-001281,WS/MP18179/2026,DIVINE ENTERPRISES,800000.0,2026-07-09,440000.0 - 800000.0,29.03225806451613,MEDIUM,Payment In-Progress
TXN-001282,WS/MP18179/2026,DIVINE ENTERPRISES,500000.0,2026-07-09,440000.0 - 800000.0,-19.35483870967742,LOW,Payment In-Progress
TXN-001283,WS/MP18067/2025,THEPS COOPERATIVE SOCIETY,42168.0,2026-06-19,42168.0 - 42168.0,0.0,LOW,Payment In-Progress
TXN-001284,WS/MP18237/2024,AFZAL AHMAD CONTRACTOR,683136.0,2026-07-20,683136.0 - 683136.0,0.0,LOW,Payment In-Progress
TXN-001285,WS/MP18237/2025,SHAMSHAD CONTRACTOR,1104376.0,2026-07-24,1104376.0 - 1104376.0,0.0,LOW,Payment In-Progress
TXN-001286,WS/MP719/2025,DIPALI GOYAL,4083.0,2026-08-11,470.6 - 3689.0,96.31695355322626,HIGH,Payment In-Progress
TXN-001287,WS/MP719/2025,DIPALI GOYAL,60.0,2026-08-18,470.6 - 3689.0,-97.11510722184825,HIGH,Payment In-Progress
TXN-001288,WS/MP719/2025,DIPALI GOYAL,2113.0,2026-08-18,470.6 - 3689.0,1.596307337243957,LOW,Payment In-Progress
TXN-001289,WS/MP18245/2025,SN ENTERPRISE,377385.0,2026-08-21,376841.4 - 377324.6,0.08008846858649157,LOW,Payment In-Progress
TXN-001290,WS/MP18245/2025,SN ENTERPRISE,376781.0,2026-08-21,376841.4 - 377324.6,-0.08008846858649157,LOW,Payment In-Progress
TXN-001291,WS/MP18307/2025,Shivneri Coop Labour Society ltd,1498861.0,2026-08-19,1498861.0 - 1498861.0,0.0,LOW,Payment In-Progress
TXN-001292,WS/MP828/2025,SARASWATI CONSTRUCTION,399986.0,2026-08-17,394275.5 - 399351.5,0.7994939688291856,LOW,Payment In-Progress
TXN-001293,WS/MP828/2025,SARASWATI CONSTRUCTION,393641.0,2026-08-17,394275.5 - 399351.5,-0.7994939688291856,LOW,Payment In-Progress
TXN-001294,WS/MP18049/2025,GRAM PANCHAYAT GATORA,299913.0,2026-08-25,299913.0 - 299913.0,0.0,LOW,Payment In-Progress
TXN-001295,WS/MP18202/2026,MIKTI NATH,1217984.0,2026-08-22,1217984.0 - 1217984.0,0.0,LOW,Payment In-Progress
TXN-001296,WS/MP18019/2025,Waisong Terang,96869.0,2026-08-27,127808.3 - 375000.0,-61.46881425783942,HIGH,Payment In-Progress
TXN-001297,WS/MP18019/2026,Waisong Terang,200000.0,2026-08-17,127808.3 - 375000.0,-20.446818399775818,MEDIUM,Payment In-Progress
TXN-001298,WS/MP575/2025,SARPANCH GRAMPANCHAYAT KALAMTHA,450000.0,2026-08-23,450000.0 - 450000.0,0.0,LOW,Payment In-Progress
TXN-001299,WS/MP18054/2025,LADOL GRAM PANCHAYAT,250000.0,2026-08-24,100000.0 - 220000.0,56.25,HIGH,Payment In-Progress
TXN-001300,WS/MP18054/2026,LADOL GRAM PANCHAYAT,100000.0,2026-08-24,100000.0 - 220000.0,-37.5,MEDIUM,Payment In-Progress
TXN-001301,WS/MP575/2025,GRAM PANCHAYAT KHAPARWADA,500000.0,2026-08-23,500000.0 - 500000.0,0.0,LOW,Payment In-Progress
TXN-001302,WS/MP541/2025,RATU MONI SARMAH,99926.0,2026-08-26,99926.0 - 99926.0,0.0,LOW,Payment In-Progress
TXN-001303,WS/MP18019/2025,Waisong Terang,375000.0,2026-07-10,127808.3 - 375000.0,49.162215500420345,MEDIUM,Payment In-Progress
TXN-001304,WS/MP18048/2025,Sarpanh gram panchyat ilmidi,455140.0,2026-06-18,455140.0 - 455140.0,0.0,LOW,Payment In-Progress
TXN-001305,WS/MP18019/2025,Waisong Terang,375000.0,2026-07-08,127808.3 - 375000.0,49.162215500420345,MEDIUM,Payment In-Progress
TXN-001306,WS/MP623/2026,KIRAN TEJASWI YALIBALLI,122233.0,2026-08-07,122233.0 - 122233.0,0.0,LOW,Payment In-Progress
TXN-001307,WS/MP440/2025,SHIGU GEORGE,499817.0,2026-08-20,499817.0 - 499817.0,0.0,LOW,Payment In-Progress
TXN-001308,WS/MP490/2025,MAA KALIKA CONSTRUCTION,205674.0,2026-08-19,236220.5 - 480592.5,-42.614322005878805,MEDIUM,Payment In-Progress
TXN-001309,WS/MP490/2025,MAA KALIKA CONSTRUCTION,511139.0,2026-07-17,236220.5 - 480592.5,42.614322005878805,MEDIUM,Payment In-Progress
TXN-001310,WS/MP18104/2025,Sachiv gram panchayat Mehraghat,47000.0,2025-12-26,47000.0 - 47000.0,0.0,LOW,Payment In-Progress
TXN-001311,WS/MP18104/2025,Sachiv gram panchayat Mehraghat,47000.0,2025-12-26,47000.0 - 47000.0,0.0,LOW,Payment In-Progress
TXN-001312,WS/MP18232/2026,BLOCK DEVELPOPMENT OFFICER BUDHANA,55273.0,2026-08-05,55273.0 - 55273.0,0.0,LOW,Payment In-Progress
TXN-001313,WS/MP323/2025,KADVAR GRAM PANCHAYAT,499742.0,2026-08-14,274939.1 - 474763.9,33.31732699482328,MEDIUM,Payment In-Progress
TXN-001314,WS/MP323/2025,KADVAR GRAM PANCHAYAT,249961.0,2026-08-14,274939.1 - 474763.9,-33.31732699482328,MEDIUM,Payment In-Progress
TXN-001315,WS/MP18209/2025,DUDA MUZAFFARNAGAR,17104.0,2026-07-18,17104.0 - 17104.0,0.0,LOW,Payment In-Progress
TXN-001316,WS/MP18345/2026,MS SAUVYA ENTERPRISES,374627.0,2026-08-13,374627.0 - 374627.0,0.0,LOW,Payment In-Progress
TXN-001317,WS/MP18158/2025,GURU NANAK CEMENT STORE,34500.0,2025-11-18,34500.0 - 34500.0,0.0,LOW,Payment In-Progress
TXN-001318,WS/MP18158/2025,GURU NANAK CEMENT STORE,34500.0,2025-11-18,34500.0 - 34500.0,0.0,LOW,Payment In-Progress
TXN-001319,WS/MP18037/2025,ASSISTANT ENGINEER KARAKAT LAEO WD 02 BIKRAMGANJ ROHTAS,599426.0,2026-08-19,341618.3 - 570780.7,31.39558460717296,MEDIUM,Payment In-Progress
TXN-001320,WS/MP18037/2025,ASSISTANT ENGINEER KARAKAT LAEO WD 02 BIKRAMGANJ ROHTAS,312973.0,2026-08-10,341618.3 - 570780.7,-31.39558460717296,MEDIUM,Payment In-Progress
TXN-001321,WS/MP18065/2026,JOGINDER GOVT CONTRACTOR,60104.0,2026-08-27,64099.0 - 264259.0,-63.391176703476084,HIGH,Payment In-Progress
TXN-001322,WS/MP18065/2026,JOGINDER GOVT CONTRACTOR,310304.0,2026-08-27,64099.0 - 264259.0,89.0034657294782,HIGH,Payment In-Progress
TXN-001323,WS/MP18065/2026,JOGINDER GOVT CONTRACTOR,80079.0,2026-08-27,64099.0 - 264259.0,-51.22457805200421,HIGH,Payment In-Progress
TXN-001324,WS/MP18104/2024,GRAM PANCHAYAT RICHHEDA,25000.0,2026-08-25,25000.0 - 25000.0,0.0,LOW,Payment In-Progress
TXN-001325,WS/MP18238/2026,SHANSHANK ENTERPRISES CONTRACTOR,78679.0,2026-07-09,78679.0 - 78679.0,0.0,LOW,Payment In-Progress
TXN-001326,WS/MP18238/2026,SHANSHANK ENTERPRISES CONTRACTOR,78679.0,2026-07-09,78679.0 - 78679.0,0.0,LOW,Payment In-Progress
TXN-001327,WS/MP18238/2026,SHANSHANK ENTERPRISES CONTRACTOR,78679.0,2026-07-09,78679.0 - 78679.0,0.0,LOW,Payment In-Progress
TXN-001328,WS/MP18238/2026,SHANSHANK ENTERPRISES CONTRACTOR,78679.0,2026-07-09,78679.0 - 78679.0,0.0,LOW,Payment In-Progress
TXN-001329,WS/MP18238/2026,SHANSHANK ENTERPRISES CONTRACTOR,78679.0,2026-07-09,78679.0 - 78679.0,0.0,LOW,Payment In-Progress
TXN-001330,WS/MP18238/2026,SHANSHANK ENTERPRISES CONTRACTOR,78679.0,2026-07-09,78679.0 - 78679.0,0.0,LOW,Payment In-Progress
TXN-001331,WS/MP18238/2026,SHANSHANK ENTERPRISES CONTRACTOR,78679.0,2026-07-09,78679.0 - 78679.0,0.0,LOW,Payment In-Progress
TXN-001332,WS/MP18238/2026,SHANSHANK ENTERPRISES CONTRACTOR,78679.0,2026-07-09,78679.0 - 78679.0,0.0,LOW,Payment In-Progress
TXN-001333,WS/MP18238/2026,SHANSHANK ENTERPRISES CONTRACTOR,78679.0,2026-07-09,78679.0 - 78679.0,0.0,LOW,Payment In-Progress
TXN-001334,WS/MP18238/2026,SHANSHANK ENTERPRISES CONTRACTOR,78679.0,2026-07-09,78679.0 - 78679.0,0.0,LOW,Payment In-Progress
TXN-001335,WS/MP18238/2026,SHANSHANK ENTERPRISES CONTRACTOR,78679.0,2026-07-09,78679.0 - 78679.0,0.0,LOW,Payment In-Progress
TXN-001336,WS/MP18238/2026,SHANSHANK ENTERPRISES CONTRACTOR,78679.0,2026-07-09,78679.0 - 78679.0,0.0,LOW,Payment In-Progress
TXN-001337,WS/MP18238/2026,SHANSHANK ENTERPRISES CONTRACTOR,78679.0,2026-07-09,78679.0 - 78679.0,0.0,LOW,Payment In-Progress
TXN-001338,WS/MP18014/2025,NARRAVULA ASMATH KUMAR,499937.0,2026-08-24,499937.0 - 499937.0,0.0,LOW,Payment In-Progress
TXN-001339,WS/MP18019/2025,BHARAT TRADING CO,91560.0,2026-06-16,53706.0 - 87354.0,29.817099106763077,MEDIUM,Payment In-Progress
TXN-001340,WS/MP18019/2025,BHARAT TRADING CO,49500.0,2026-07-16,53706.0 - 87354.0,-29.817099106763077,MEDIUM,Payment In-Progress
TXN-001341,WS/MP300/2025,UGTA SURAJ,100000.0,2026-08-13,100000.0 - 100000.0,0.0,LOW,Payment In-Progress
TXN-001342,WS/MP18020/2025,CONST COMMITTEE OF COMMUNITY HALL AT AMGURI KETE,540000.0,2026-08-07,540000.0 - 540000.0,0.0,LOW,Payment In-Progress
TXN-001343,WS/MP575/2026,Perfect Enterprise,497925.0,2026-08-27,497925.0 - 497925.0,0.0,LOW,Payment In-Progress
TXN-001344,WS/MP575/2026,Perfect Enterprise,497925.0,2026-08-27,497925.0 - 497925.0,0.0,LOW,Payment In-Progress
TXN-001345,WS/MP18270/2026,TECHKRITI INFRATECH PVT LTD,975717.0,2026-05-20,975717.0 - 975717.0,0.0,LOW,Payment In-Progress
TXN-001346,WS/MP18092/2025,DILEEP,113649.0,2026-08-21,113649.0 - 113649.0,0.0,LOW,Payment In-Progress
TXN-001347,WS/MP575/2026,Vinayak Agency,497940.0,2026-08-27,497940.0 - 497940.0,0.0,LOW,Payment In-Progress
TXN-001348,WS/MP575/2026,Vinayak Agency,497940.0,2026-08-27,497940.0 - 497940.0,0.0,LOW,Payment In-Progress
TXN-001349,WS/MP18069/2025,BDO Nagrota Bagwan,100000.0,2025-09-20,100000.0 - 100000.0,0.0,LOW,Payment In-Progress
TXN-001350,WS/MP18328/2025,Gram Panchayat Khandla,20000.0,2026-08-24,20000.0 - 20000.0,0.0,LOW,Payment In-Progress
TXN-001351,WS/MP490/2025,VAIBHAV ENTERPRISES ROOPAM RAI,480142.0,2026-08-19,480142.0 - 480142.0,0.0,LOW,Payment In-Progress
TXN-001352,WS/MP18083/2026,NARAYANA SHETTY,499617.0,2026-07-22,499617.0 - 499617.0,0.0,LOW,Payment In-Progress
TXN-001353,WS/MP18199/2025,LAVKUSH CONSTRUCTION,204345.0,2026-04-09,204345.0 - 204345.0,0.0,LOW,Payment In-Progress
TXN-001354,WS/MP18380/2025,ANSHIKA CONSTRUCTION,651209.0,2026-08-14,651209.0 - 651209.0,0.0,LOW,Payment In-Progress
TXN-001355,WS/MP716/2025,SATGURU BUILDING,54825.0,2026-07-07,54825.0 - 54825.0,0.0,LOW,Payment In-Progress
TXN-001356,WS/MP578/2025,GRAM PANCHAYAT BHERSAM,299060.0,2026-08-20,299060.0 - 299060.0,0.0,LOW,Payment In-Progress
TXN-001357,WS/MP18094/2026,DEPUTY COMMISSIONER AND CHAIRMAN PROJECT MANAGER NIRMITHI KENDRA BELAGAVI,525000.0,2026-08-25,525000.0 - 525000.0,0.0,LOW,Payment In-Progress
TXN-001358,WS/MP360/2025,GRAM PANCHAYAT AMLAWADBEEKA,400000.0,2026-08-07,400000.0 - 400000.0,0.0,LOW,Payment In-Progress
TXN-001359,WS/MP18328/2025,GP Behal,20000.0,2026-08-24,20000.0 - 20000.0,0.0,LOW,Payment In-Progress
TXN-001360,WS/MP623/2025,BHIMAPPA LANKESH BANDIVADDAR,371250.0,2026-07-30,147114.9 - 346346.1,50.467818125444566,HIGH,Payment In-Progress
TXN-001361,WS/MP623/2025,BHIMAPPA LANKESH BANDIVADDAR,122211.0,2026-08-27,147114.9 - 346346.1,-50.467818125444566,HIGH,Payment In-Progress
TXN-001362,WS/MP490/2025,AKANSHA ASSOCIATES,551178.0,2026-08-11,551178.0 - 551178.0,0.0,LOW,Payment In-Progress
TXN-001363,WS/MP18278/2025,GRAM PANCHAYAT KANDANARA,600000.0,2026-08-27,600000.0 - 600000.0,0.0,LOW,Payment In-Progress
TXN-001364,WS/MP18263/2025,SLR CONSTRUCTION MOHAN S,299468.0,2026-08-24,309521.2 - 389946.8,-14.372637490206843,LOW,Payment In-Progress
TXN-001365,WS/MP18263/2025,SLR CONSTRUCTION MOHAN S,400000.0,2026-08-24,309521.2 - 389946.8,14.372637490206843,LOW,Payment In-Progress
TXN-001366,WS/MP18326/2025,Executive Engineer Public Health Works Division Morbi,20662.0,2026-07-10,20662.0 - 20662.0,0.0,LOW,Payment In-Progress
TXN-001367,WS/MP568/2025,sarpanch sachiv nawagaongahira,400000.0,2026-07-28,400000.0 - 400000.0,0.0,LOW,Payment In-Progress
TXN-001368,WS/MP18066/2025,RAINU CONSTRUCTION COMPANY,75520.0,2026-08-25,75520.0 - 75520.0,0.0,LOW,Payment In-Progress
TXN-001369,WS/MP313/2026,TINGAK ABOH,425000.0,2026-08-25,425000.0 - 425000.0,0.0,LOW,Payment In-Progress
TXN-001370,WS/MP313/2026,TINGAK ABOH,425000.0,2026-08-25,425000.0 - 425000.0,0.0,LOW,Payment In-Progress
TXN-001371,WS/MP18350/2025,SUBHANKAR PAIKARAY,148503.0,2026-08-25,148503.0 - 148503.0,0.0,LOW,Payment In-Progress
TXN-001372,WS/MP716/2025,GTB ENTERPRISES,30552.0,2026-08-19,30552.0 - 30552.0,0.0,LOW,Payment In-Progress
TXN-001373,WS/MP18086/2025,Chikmagalur Nirmithi Kendra,250000.0,2026-06-18,250000.0 - 350000.0,-16.666666666666664,LOW,Payment In-Progress
TXN-001374,WS/MP18350/2025,KRUSHNA CHANDRA ACHARYA,151565.0,2026-08-25,151565.0 - 151565.0,0.0,LOW,Payment In-Progress
TXN-001375,WS/MP18350/2025,KRUSHNA CHANDRA ACHARYA,151565.0,2026-08-25,151565.0 - 151565.0,0.0,LOW,Payment In-Progress
TXN-001376,WS/MP18350/2025,KRUSHNA CHANDRA ACHARYA,151565.0,2026-08-25,151565.0 - 151565.0,0.0,LOW,Payment In-Progress
TXN-001377,WS/MP18162/2025,Nemi Chand Sharma,4800.0,2026-08-18,4800.0 - 4800.0,0.0,LOW,Payment In-Progress
TXN-001378,WS/MP18314/2025,The Shubh Coop L and C Society Ltd,71286.0,2026-08-25,79435.1 - 144627.9,-36.36968174129597,MEDIUM,Payment In-Progress
TXN-001379,WS/MP18314/2025,The Shubh Coop L and C Society Ltd,152777.0,2026-08-25,79435.1 - 144627.9,36.36968174129597,MEDIUM,Payment In-Progress
TXN-001380,WS/MP490/2025,Ms OM VINAY KUMAR SINGH,797444.0,2026-08-19,797444.0 - 797444.0,0.0,LOW,Payment In-Progress
TXN-001381,WS/MP728/2025,SANGAM CEMENT AGENCY,172063.0,2026-08-25,172063.0 - 172063.0,0.0,LOW,Payment In-Progress
TXN-001382,WS/MP18263/2026,Chikmagalur Nirmithi Kendra,375000.0,2026-08-20,250000.0 - 350000.0,25.0,MEDIUM,Payment In-Progress
TXN-001383,WS/MP18278/2025,SARPANCH SACHIV GRAM PANCHAYAT BARGAON,300000.0,2026-08-14,300000.0 - 300000.0,0.0,LOW,Payment In-Progress
TXN-001384,WS/MP18108/2026,Gram Panchayat Kathoda Fazalpur,375000.0,2026-08-25,375000.0 - 375000.0,0.0,LOW,Payment In-Progress
TXN-001385,WS/MP18069/2025,BDO Rait,200000.0,2026-08-25,200000.0 - 200000.0,0.0,LOW,Payment In-Progress
TXN-001386,WS/MP18162/2025,RAJENDRA SINGH,9600.0,2026-08-18,9704.0 - 12564.8,-13.780715620060352,LOW,Payment In-Progress
TXN-001387,WS/MP18162/2025,KHAN SINGH,9600.0,2026-08-18,9600.0 - 9600.0,0.0,LOW,Payment In-Progress
TXN-001388,WS/MP18104/2025,RACHNA ENTERPRISES,115000.0,2025-11-10,115000.0 - 115000.0,0.0,LOW,Payment In-Progress
TXN-001389,WS/MP18202/2026,KAMLESH YADAV THEKEDAR,872159.0,2026-08-22,872159.0 - 872159.0,0.0,LOW,Payment In-Progress
TXN-001390,WS/MP18239/2025,MK INFRATECH,657641.0,2026-08-21,223000.0 - 513507.0,78.58377449229947,HIGH,Payment In-Progress
TXN-001391,WS/MP18239/2025,MK INFRATECH,223000.0,2026-08-20,223000.0 - 513507.0,-39.44388851701341,MEDIUM,Payment In-Progress
TXN-001392,WS/MP18239/2025,MK INFRATECH,223000.0,2026-08-20,223000.0 - 513507.0,-39.44388851701341,MEDIUM,Payment In-Progress
TXN-001393,WS/MP18239/2025,MK INFRATECH,223000.0,2026-08-20,223000.0 - 513507.0,-39.44388851701341,MEDIUM,Payment In-Progress
TXN-001394,WS/MP18239/2025,MK INFRATECH,297306.0,2026-08-20,223000.0 - 513507.0,-19.265940445915653,LOW,Payment In-Progress
TXN-001395,WS/MP18060/2025,The karma Co op L and C Society Ltd,7831.0,2026-07-09,7831.0 - 7831.0,0.0,LOW,Payment In-Progress
TXN-001396,WS/MP770/2026,OM SHAKTHI BOREWELLS,195704.0,2026-08-24,195704.0 - 195704.0,0.0,LOW,Payment In-Progress
TXN-001397,WS/MP719/2025,RAMDHAN CHOTU,15561.0,2026-08-13,15561.0 - 15561.0,0.0,LOW,Payment In-Progress
TXN-001398,WS/MP18112/2025,SHRIGANESH MAJOOR SAH SANTHA,1199810.0,2026-08-20,1199810.0 - 1199810.0,0.0,LOW,Payment In-Progress
TXN-001399,WS/MP18328/2025,GP Chandyal,10000.0,2026-08-25,10000.0 - 10000.0,0.0,LOW,Payment In-Progress
TXN-001400,WS/MP021/2025,BISHT CONSTRUCTION,200000.0,2026-08-27,200000.0 - 200000.0,0.0,LOW,Payment In-Progress
TXN-001401,WS/MP623/2026,SUNIL SABAVVA SANDRIMANI,371250.0,2026-08-07,371250.0 - 371250.0,0.0,LOW,Payment In-Progress
TXN-001402,WS/MP524/2025,ABBAVARAM MALLIKARJUNA REDDY,136668.0,2026-08-15,41288.0 - 121976.8,67.4188189983389,HIGH,Payment In-Progress
TXN-001403,WS/MP524/2025,ABBAVARAM MALLIKARJUNA REDDY,63212.0,2026-08-15,41288.0 - 121976.8,-22.565059951685846,MEDIUM,Payment In-Progress
TXN-001404,WS/MP18276/2026,KANTESHWAR JUTH GRAM PANCHAYAT,198384.0,2026-08-24,198384.0 - 198384.0,0.0,LOW,Payment In-Progress
TXN-001405,WS/MP18022/2025,Sandeep Agarwal,915798.0,2026-08-25,915798.0 - 915798.0,0.0,LOW,Payment In-Progress
TXN-001406,WS/MP18326/2025,JAY BALAJI BOREWELL,59221.0,2026-07-06,59221.0 - 59221.0,0.0,LOW,Payment In-Progress
TXN-001407,WS/MP18202/2025,SAKLOO SAROJ,1071130.0,2026-08-22,1071130.0 - 1071130.0,0.0,LOW,Payment In-Progress
TXN-001408,WS/MP18086/2025,Chikmagalur Nirmithi Kendra,250000.0,2026-07-28,250000.0 - 350000.0,-16.666666666666664,LOW,Payment In-Progress
TXN-001409,WS/MP719/2025,MAHAVEER KISHANLAL,15561.0,2026-08-06,15561.0 - 15561.0,0.0,LOW,Payment In-Progress
TXN-001410,WS/MP18112/2026,ALOK SHRIPATRAO PARDE,497585.0,2026-07-24,497826.4 - 499757.6,-0.24198463487786495,LOW,Payment In-Progress
TXN-001411,WS/MP18112/2026,ALOK SHRIPATRAO PARDE,499999.0,2026-07-24,497826.4 - 499757.6,0.24198463487786495,LOW,Payment In-Progress
TXN-001412,WS/MP524/2025,ABBAVARAM MALLIKARJUNA REDDY,35807.0,2026-08-06,41288.0 - 121976.8,-56.136289022495966,HIGH,Payment In-Progress
TXN-001413,WS/MP18225/2025,IMAMUDDIN,50781.0,2026-04-15,50781.0 - 50781.0,0.0,LOW,Payment In-Progress
TXN-001414,WS/MP18225/2025,IMAMUDDIN,50781.0,2026-04-15,50781.0 - 50781.0,0.0,LOW,Payment In-Progress
TXN-001415,WS/MP18225/2025,IMAMUDDIN,50781.0,2026-04-15,50781.0 - 50781.0,0.0,LOW,Payment In-Progress
TXN-001416,WS/MP18225/2025,IMAMUDDIN,50781.0,2026-04-15,50781.0 - 50781.0,0.0,LOW,Payment In-Progress
TXN-001417,WS/MP18225/2025,IMAMUDDIN,50781.0,2026-04-15,50781.0 - 50781.0,0.0,LOW,Payment In-Progress
TXN-001418,WS/MP18225/2025,IMAMUDDIN,50781.0,2026-04-15,50781.0 - 50781.0,0.0,LOW,Payment In-Progress
TXN-001419,WS/MP18225/2025,IMAMUDDIN,50781.0,2026-04-15,50781.0 - 50781.0,0.0,LOW,Payment In-Progress
TXN-001420,WS/MP18225/2025,IMAMUDDIN,50781.0,2026-04-15,50781.0 - 50781.0,0.0,LOW,Payment In-Progress
TXN-001421,WS/MP18225/2025,IMAMUDDIN,50781.0,2026-04-15,50781.0 - 50781.0,0.0,LOW,Payment In-Progress
TXN-001422,WS/MP18225/2025,IMAMUDDIN,50781.0,2026-04-15,50781.0 - 50781.0,0.0,LOW,Payment In-Progress
TXN-001423,WS/MP18225/2025,IMAMUDDIN,50781.0,2026-04-15,50781.0 - 50781.0,0.0,LOW,Payment In-Progress
TXN-001424,WS/MP18225/2025,IMAMUDDIN,50781.0,2026-04-15,50781.0 - 50781.0,0.0,LOW,Payment In-Progress
TXN-001425,WS/MP18225/2025,IMAMUDDIN,50781.0,2026-04-15,50781.0 - 50781.0,0.0,LOW,Payment In-Progress
TXN-001426,WS/MP18225/2025,IMAMUDDIN,50781.0,2026-04-15,50781.0 - 50781.0,0.0,LOW,Payment In-Progress
TXN-001427,WS/MP18225/2025,IMAMUDDIN,50781.0,2026-04-16,50781.0 - 50781.0,0.0,LOW,Payment In-Progress
TXN-001428,WS/MP18225/2025,IMAMUDDIN,50781.0,2026-04-16,50781.0 - 50781.0,0.0,LOW,Payment In-Progress
TXN-001429,WS/MP18225/2025,IMAMUDDIN,50781.0,2026-04-16,50781.0 - 50781.0,0.0,LOW,Payment In-Progress
TXN-001430,WS/MP18225/2025,IMAMUDDIN,50781.0,2026-04-16,50781.0 - 50781.0,0.0,LOW,Payment In-Progress
TXN-001431,WS/MP18225/2025,IMAMUDDIN,50781.0,2026-04-16,50781.0 - 50781.0,0.0,LOW,Payment In-Progress
TXN-001432,WS/MP18225/2025,IMAMUDDIN,50781.0,2026-04-16,50781.0 - 50781.0,0.0,LOW,Payment In-Progress
TXN-001433,WS/MP18225/2025,IMAMUDDIN,50781.0,2026-04-16,50781.0 - 50781.0,0.0,LOW,Payment In-Progress
TXN-001434,WS/MP18225/2025,IMAMUDDIN,50781.0,2026-04-16,50781.0 - 50781.0,0.0,LOW,Payment In-Progress
TXN-001435,WS/MP18225/2025,IMAMUDDIN,50781.0,2026-04-26,50781.0 - 50781.0,0.0,LOW,Payment In-Progress
TXN-001436,WS/MP18225/2025,IMAMUDDIN,50781.0,2026-04-26,50781.0 - 50781.0,0.0,LOW,Payment In-Progress
TXN-001437,WS/MP18225/2025,IMAMUDDIN,50781.0,2026-04-26,50781.0 - 50781.0,0.0,LOW,Payment In-Progress
TXN-001438,WS/MP18225/2025,IMAMUDDIN,50781.0,2026-04-26,50781.0 - 50781.0,0.0,LOW,Payment In-Progress
TXN-001439,WS/MP18225/2025,IMAMUDDIN,50781.0,2026-04-26,50781.0 - 50781.0,0.0,LOW,Payment In-Progress
TXN-001440,WS/MP18225/2025,IMAMUDDIN,50781.0,2026-04-26,50781.0 - 50781.0,0.0,LOW,Payment In-Progress
TXN-001441,WS/MP18225/2025,IMAMUDDIN,50781.0,2026-04-26,50781.0 - 50781.0,0.0,LOW,Payment In-Progress
TXN-001442,WS/MP18225/2025,IMAMUDDIN,50781.0,2026-04-26,50781.0 - 50781.0,0.0,LOW,Payment In-Progress
TXN-001443,WS/MP18225/2025,IMAMUDDIN,50781.0,2026-04-27,50781.0 - 50781.0,0.0,LOW,Payment In-Progress
TXN-001444,WS/MP18225/2025,IMAMUDDIN,50781.0,2026-04-27,50781.0 - 50781.0,0.0,LOW,Payment In-Progress
TXN-001445,WS/MP18225/2025,IMAMUDDIN,50781.0,2026-04-27,50781.0 - 50781.0,0.0,LOW,Payment In-Progress
TXN-001446,WS/MP18225/2025,IMAMUDDIN,50781.0,2026-04-27,50781.0 - 50781.0,0.0,LOW,Payment In-Progress
TXN-001447,WS/MP18225/2025,IMAMUDDIN,50781.0,2026-04-27,50781.0 - 50781.0,0.0,LOW,Payment In-Progress
TXN-001448,WS/MP18225/2025,IMAMUDDIN,50781.0,2026-04-27,50781.0 - 50781.0,0.0,LOW,Payment In-Progress
TXN-001449,WS/MP18225/2025,IMAMUDDIN,50781.0,2026-04-27,50781.0 - 50781.0,0.0,LOW,Payment In-Progress
TXN-001450,WS/MP18225/2025,IMAMUDDIN,50781.0,2026-04-27,50781.0 - 50781.0,0.0,LOW,Payment In-Progress
TXN-001451,WS/MP18225/2025,IMAMUDDIN,50781.0,2026-04-27,50781.0 - 50781.0,0.0,LOW,Payment In-Progress
TXN-001452,WS/MP18225/2025,IMAMUDDIN,50781.0,2026-04-27,50781.0 - 50781.0,0.0,LOW,Payment In-Progress
TXN-001453,WS/MP18225/2025,IMAMUDDIN,50781.0,2026-04-27,50781.0 - 50781.0,0.0,LOW,Payment In-Progress
TXN-001454,WS/MP18225/2025,IMAMUDDIN,50781.0,2026-04-27,50781.0 - 50781.0,0.0,LOW,Payment In-Progress
TXN-001455,WS/MP18225/2025,IMAMUDDIN,50781.0,2026-04-17,50781.0 - 50781.0,0.0,LOW,Payment In-Progress
TXN-001456,WS/MP18225/2025,IMAMUDDIN,50781.0,2026-04-17,50781.0 - 50781.0,0.0,LOW,Payment In-Progress
TXN-001457,WS/MP18225/2025,IMAMUDDIN,50781.0,2026-04-17,50781.0 - 50781.0,0.0,LOW,Payment In-Progress
TXN-001458,WS/MP18225/2025,IMAMUDDIN,50781.0,2026-04-17,50781.0 - 50781.0,0.0,LOW,Payment In-Progress
TXN-001459,WS/MP18225/2025,IMAMUDDIN,50781.0,2026-04-17,50781.0 - 50781.0,0.0,LOW,Payment In-Progress
TXN-001460,WS/MP18225/2025,IMAMUDDIN,50781.0,2026-04-17,50781.0 - 50781.0,0.0,LOW,Payment In-Progress
TXN-001461,WS/MP18225/2025,IMAMUDDIN,50781.0,2026-04-17,50781.0 - 50781.0,0.0,LOW,Payment In-Progress
TXN-001462,WS/MP18225/2025,IMAMUDDIN,50781.0,2026-04-17,50781.0 - 50781.0,0.0,LOW,Payment In-Progress
TXN-001463,WS/MP18225/2025,IMAMUDDIN,50781.0,2026-04-17,50781.0 - 50781.0,0.0,LOW,Payment In-Progress
TXN-001464,WS/MP18225/2025,IMAMUDDIN,50781.0,2026-04-17,50781.0 - 50781.0,0.0,LOW,Payment In-Progress
TXN-001465,WS/MP18225/2025,IMAMUDDIN,50781.0,2026-03-27,50781.0 - 50781.0,0.0,LOW,Payment In-Progress
TXN-001466,WS/MP18225/2025,IMAMUDDIN,50781.0,2026-03-27,50781.0 - 50781.0,0.0,LOW,Payment In-Progress
TXN-001467,WS/MP18225/2025,IMAMUDDIN,50781.0,2026-03-27,50781.0 - 50781.0,0.0,LOW,Payment In-Progress
TXN-001468,WS/MP18225/2025,IMAMUDDIN,50781.0,2026-03-27,50781.0 - 50781.0,0.0,LOW,Payment In-Progress
TXN-001469,WS/MP18225/2025,IMAMUDDIN,50781.0,2026-03-27,50781.0 - 50781.0,0.0,LOW,Payment In-Progress
TXN-001470,WS/MP18225/2025,IMAMUDDIN,50781.0,2026-03-27,50781.0 - 50781.0,0.0,LOW,Payment In-Progress
TXN-001471,WS/MP18225/2025,IMAMUDDIN,50781.0,2026-03-27,50781.0 - 50781.0,0.0,LOW,Payment In-Progress
TXN-001472,WS/MP18225/2025,IMAMUDDIN,50781.0,2026-03-27,50781.0 - 50781.0,0.0,LOW,Payment In-Progress
TXN-001473,WS/MP18225/2025,IMAMUDDIN,50781.0,2026-03-27,50781.0 - 50781.0,0.0,LOW,Payment In-Progress
TXN-001474,WS/MP18225/2025,IMAMUDDIN,50781.0,2026-03-27,50781.0 - 50781.0,0.0,LOW,Payment In-Progress
TXN-001475,WS/MP18225/2025,IMAMUDDIN,839689.0,2026-07-17,50781.0 - 50781.0,1553.5495559362755,HIGH,Payment In-Progress
TXN-001476,WS/MP18328/2025,Bushahr Trades,77275.0,2026-08-25,77275.0 - 77275.0,0.0,LOW,Payment In-Progress
TXN-001477,WS/MP654/2025,GRAM KOSH NEGAI,500000.0,2026-08-05,500000.0 - 500000.0,0.0,LOW,Payment In-Progress
TXN-001478,WS/MP18083/2026,KEERTHISHA S K,499527.0,2026-08-04,499527.0 - 499527.0,0.0,LOW,Payment In-Progress
TXN-001479,WS/MP18225/2025,IMAMUDDIN,50781.0,2026-01-19,50781.0 - 50781.0,0.0,LOW,Payment In-Progress
TXN-001480,WS/MP18225/2025,IMAMUDDIN,50781.0,2026-01-19,50781.0 - 50781.0,0.0,LOW,Payment In-Progress
TXN-001481,WS/MP18225/2025,IMAMUDDIN,50781.0,2026-01-19,50781.0 - 50781.0,0.0,LOW,Payment In-Progress
TXN-001482,WS/MP18225/2025,IMAMUDDIN,50781.0,2026-01-19,50781.0 - 50781.0,0.0,LOW,Payment In-Progress
TXN-001483,WS/MP18225/2025,IMAMUDDIN,50781.0,2026-01-19,50781.0 - 50781.0,0.0,LOW,Payment In-Progress
TXN-001484,WS/MP716/2025,The Aggarwal Gram Udyog Samti,8876.0,2026-08-26,8876.0 - 8876.0,0.0,LOW,Payment In-Progress
TXN-001485,WS/MP18314/2025,NEW GARG ENTERPRISES,399974.0,2026-08-16,399974.0 - 399974.0,0.0,LOW,Payment In-Progress
TXN-001486,WS/MP654/2026,Gram Panchayat Khamhariya Baagri,400000.0,2026-08-27,355000.0 - 395000.0,6.666666666666667,LOW,Payment In-Progress
TXN-001487,WS/MP654/2026,Gram Panchayat Khamhariya Baagri,350000.0,2026-08-27,355000.0 - 395000.0,-6.666666666666667,LOW,Payment In-Progress
TXN-001488,WS/MP18218/2025,N G CONSTRUCTIONS,973076.0,2026-08-03,973076.0 - 973076.0,0.0,LOW,Payment In-Progress
TXN-001489,WS/MP18218/2025,mMODERN ENGINEERING ASSOCIATES,691301.0,2026-07-13,691301.0 - 691301.0,0.0,LOW,Payment In-Progress
TXN-001490,WS/MP18223/2026,M S TRADERS,732853.0,2026-07-30,825345.7 - 1428687.5,-34.97407225412652,MEDIUM,Payment In-Progress
TXN-001491,WS/MP18223/2026,M S TRADERS,1356927.0,2026-07-31,825345.7 - 1428687.5,20.399912476888087,MEDIUM,Payment In-Progress
TXN-001492,WS/MP18223/2025,M S TRADERS,1041162.0,2026-07-26,825345.7 - 1428687.5,-7.617864723554213,LOW,Payment In-Progress
TXN-001493,WS/MP18223/2025,M S TRADERS,1459442.0,2026-07-26,825345.7 - 1428687.5,29.496051788411982,MEDIUM,Payment In-Progress
TXN-001494,WS/MP18116/2025,Hindustan Enterprises,1484041.0,2026-08-25,1484041.0 - 1484041.0,0.0,LOW,Payment In-Progress
TXN-001495,WS/MP18232/2026,SHRI SAI CONSTRUCTION,893927.0,2026-07-15,893927.0 - 893927.0,0.0,LOW,Payment In-Progress
TXN-001496,WS/MP18233/2025,PRAYAG ENTERPRISES,365087.0,2026-08-27,365087.0 - 365087.0,0.0,LOW,Payment In-Progress
TXN-001497,WS/MP18233/2025,PRAYAG ENTERPRISES,365087.0,2026-08-25,365087.0 - 365087.0,0.0,LOW,Payment In-Progress
TXN-001498,WS/MP18198/2025,A K CONSTRUCTION,743175.0,2026-07-07,147378.0 - 149574.0,400.53544007112254,HIGH,Payment In-Progress
TXN-001499,WS/MP18199/2025,GK CONSTRUCTION,838395.0,2026-06-22,838395.0 - 838395.0,0.0,LOW,Payment In-Progress
TXN-001500,WS/MP18314/2025,The Karian Co op Society Ltd,300000.0,2026-08-26,300000.0 - 300000.0,0.0,LOW,Payment In-Progress
TXN-001501,WS/MP18108/2026,Gram Panchayat Airan Mirjapur,375000.0,2026-08-24,375000.0 - 375000.0,0.0,LOW,Payment In-Progress
TXN-001502,WS/MP18209/2025,NARESH CONTRACTOR AND TRADING CO,172208.0,2026-07-24,172208.0 - 172208.0,0.0,LOW,Payment In-Progress
TXN-001503,WS/MP18084/2025,KIRAN RADDER,119696.0,2026-08-18,119696.0 - 119696.0,0.0,LOW,Payment In-Progress
TXN-001504,WS/MP719/2025,KASANA CONSTRUCTIONS,435755.0,2026-08-19,435755.0 - 435755.0,0.0,LOW,Payment In-Progress
TXN-001505,WS/MP858/2025,TULUSHI ENGINEERING,559116.0,2026-07-21,559116.0 - 559116.0,0.0,LOW,Payment In-Progress
TXN-001506,WS/MP18225/2025,IMAMUDDIN,50781.0,2026-01-19,50781.0 - 50781.0,0.0,LOW,Payment In-Progress
TXN-001507,WS/MP18225/2025,IMAMUDDIN,50781.0,2026-01-19,50781.0 - 50781.0,0.0,LOW,Payment In-Progress
TXN-001508,WS/MP18198/2025,N K CONSTRUCTIONS,1105848.0,2025-12-26,316721.2 - 1027178.0,64.57305726500917,HIGH,Payment In-Progress
TXN-001509,WS/MP18198/2025,S K CONSTRUCTION,188287.0,2026-08-27,187763.2 - 188228.8,0.154790527458031,LOW,Payment In-Progress
TXN-001510,WS/MP18198/2025,TRIVENI CONSTRUCTION,66931.0,2026-07-20,66931.0 - 66931.0,0.0,LOW,Payment In-Progress
TXN-001511,WS/MP18198/2025,UMESH CHANDRA MISHRA,82846.0,2026-06-20,82846.0 - 82846.0,0.0,LOW,Payment In-Progress
TXN-001512,WS/MP719/2025,NIRMA DEVI JAT,3861.0,2026-08-19,3861.0 - 3861.0,0.0,LOW,Payment In-Progress
TXN-001513,WS/MP719/2025,RAMPRASAD,11050.0,2026-08-19,11050.0 - 11050.0,0.0,LOW,Payment In-Progress
TXN-001514,WS/MP719/2025,HANUMAN,3861.0,2026-08-19,3861.0 - 3861.0,0.0,LOW,Payment In-Progress
TXN-001515,WS/MP719/2025,PRADHAN SINGH,3861.0,2026-08-19,3861.0 - 3861.0,0.0,LOW,Payment In-Progress
TXN-001516,WS/MP719/2025,SHRIKANT,3861.0,2026-08-19,3861.0 - 3861.0,0.0,LOW,Payment In-Progress
TXN-001517,WS/MP719/2025,PARDEEP CHOUDHARI,1782.0,2026-08-19,1782.0 - 1782.0,0.0,LOW,Payment In-Progress
TXN-001518,WS/MP490/2025,SIDDHI VINAYAK CONSTRUCTION,898570.0,2026-08-07,898570.0 - 898570.0,0.0,LOW,Payment In-Progress
TXN-001519,WS/MP18055/2026,GRAM PANCHAYAT PALASA,150000.0,2026-08-25,150000.0 - 150000.0,0.0,LOW,Payment In-Progress
TXN-001520,WS/MP18314/2026,Dhanaula Pump Store,47461.0,2026-08-24,25031.2 - 44968.8,35.60285714285714,MEDIUM,Payment In-Progress
TXN-001521,WS/MP18314/2026,Dhanaula Pump Store,22539.0,2026-08-24,25031.2 - 44968.8,-35.60285714285714,MEDIUM,Payment In-Progress
TXN-001522,WS/MP18245/2025,AMIT PAN,603860.0,2026-08-17,603860.0 - 603860.0,0.0,LOW,Payment In-Progress
TXN-001523,WS/MP588/2025,SHRI KADBAL GRAM PANCHAYAT,400000.0,2026-08-17,400000.0 - 400000.0,0.0,LOW,Payment In-Progress
TXN-001524,WS/MP719/2025,HANUMAN PRASAD,3861.0,2026-08-19,3861.0 - 3861.0,0.0,LOW,Payment In-Progress
TXN-001525,WS/MP719/2025,IRFAN KHAN,3861.0,2026-08-19,3861.0 - 3861.0,0.0,LOW,Payment In-Progress
TXN-001526,WS/MP18116/2025,Bubere and Associates,988136.0,2026-08-25,988136.0 - 988136.0,0.0,LOW,Payment In-Progress
TXN-001527,WS/MP18060/2025,The Sarswal CoOp L and C Society LTD,28514.0,2026-06-12,28514.0 - 28514.0,0.0,LOW,Payment In-Progress
TXN-001528,WS/MP18111/2026,Nishant Gulab Rathod,984839.0,2026-08-17,984839.0 - 984839.0,0.0,LOW,Payment In-Progress
TXN-001529,WS/MP18109/2025,GRAM PANCHAYAT TENDUHA NO 1,99900.0,2026-08-24,64674.4 - 94880.0,25.22374813856591,MEDIUM,Payment In-Progress
TXN-001530,WS/MP18109/2025,GRAM PANCHAYAT TENDUHA NO 1,62143.0,2026-08-24,64674.4 - 94880.0,-22.10431050475574,MEDIUM,Payment In-Progress
TXN-001531,WS/MP18109/2025,GRAM PANCHAYAT TENDUHA NO 1,74800.0,2026-08-24,64674.4 - 94880.0,-6.238875267620319,LOW,Payment In-Progress
TXN-001532,WS/MP18354/2025,Ghanshyam Das Agrawal,248944.0,2026-04-10,248944.0 - 248944.0,0.0,LOW,Payment In-Progress
TXN-001533,WS/MP18354/2025,Ghanshyam Das Agrawal,248944.0,2026-04-10,248944.0 - 248944.0,0.0,LOW,Payment In-Progress
TXN-001534,WS/MP18354/2025,Ghanshyam Das Agrawal,248944.0,2026-04-17,248944.0 - 248944.0,0.0,LOW,Payment In-Progress
TXN-001535,WS/MP18354/2025,Ghanshyam Das Agrawal,248944.0,2026-04-17,248944.0 - 248944.0,0.0,LOW,Payment In-Progress
TXN-001536,WS/MP18354/2025,Ghanshyam Das Agrawal,248944.0,2026-03-24,248944.0 - 248944.0,0.0,LOW,Payment In-Progress
TXN-001537,WS/MP620/2025,Manjunath Mallappa Kittur,297093.0,2026-07-30,297093.0 - 297093.0,0.0,LOW,Payment In-Progress
TXN-001538,WS/MP18082/2025,VEERESH G,121252.0,2026-06-24,121252.0 - 121252.0,0.0,LOW,Payment In-Progress
TXN-001539,WS/MP582/2026,VELACHHA GRAM PANCHAYAT,250000.0,2026-08-18,250000.0 - 250000.0,0.0,LOW,Payment In-Progress
TXN-001540,WS/MP18312/2026,MS APT CONSTRUCTIONS,1695480.0,2026-08-24,1695480.0 - 1695480.0,0.0,LOW,Payment In-Progress
TXN-001541,WS/MP18100/2025,MAA NARMADA CONSTRUCTION,497735.0,2026-08-25,497735.0 - 497735.0,0.0,LOW,Payment In-Progress
TXN-001542,WS/MP18328/2025,HP CIVIL Supply Bhaba nagar,87200.0,2026-07-30,87200.0 - 87200.0,0.0,LOW,Payment In-Progress
TXN-001543,WS/MP18088/2025,VISHWANATHA GOWDA B N,48709.0,2026-07-10,48709.0 - 48709.0,0.0,LOW,Payment In-Progress
TXN-001544,WS/MP18260/2025,Abdul Gani Koka,41344.0,2025-12-30,41344.0 - 41344.0,0.0,LOW,Payment In-Progress
TXN-001545,WS/MP18314/2026,DASHMESH RETA BAJRI TALL,39000.0,2026-08-25,37650.0 - 38850.0,1.9607843137254901,LOW,Payment In-Progress
TXN-001546,WS/MP18314/2026,DASHMESH RETA BAJRI TALL,37500.0,2026-08-25,37650.0 - 38850.0,-1.9607843137254901,LOW,Payment In-Progress
TXN-001547,WS/MP18108/2025,Sardar Vallabhbhi Patel Samiti,247872.0,2026-08-24,247872.0 - 247872.0,0.0,LOW,Payment In-Progress
TXN-001548,WS/MP18198/2025,SANIL AHMAD,835348.0,2026-02-12,835348.0 - 835348.0,0.0,LOW,Payment In-Progress
TXN-001549,WS/MP719/2025,SUKHPAL,11050.0,2026-08-19,11050.0 - 11050.0,0.0,LOW,Payment In-Progress
TXN-001550,WS/MP18105/2025,VASTUANANTA DESIGNS,202313.0,2026-08-10,208302.2 - 232867.0,-8.283261841488484,LOW,Payment In-Progress
TXN-001551,WS/MP18105/2025,VASTUANANTA DESIGNS,233019.0,2026-08-10,208302.2 - 232867.0,5.637020898104398,LOW,Payment In-Progress
TXN-001552,WS/MP18105/2025,VASTUANANTA DESIGNS,232259.0,2026-08-25,208302.2 - 232867.0,5.292481886768158,LOW,Payment In-Progress
TXN-001553,WS/MP524/2025,N KAMALAKAR REDDY,74947.0,2026-08-07,60519.2 - 236109.8,-49.4675166622279,MEDIUM,Payment In-Progress
TXN-001554,WS/MP18328/2025,GRAM PANCHAYAT JAMANI,150000.0,2026-08-25,150000.0 - 150000.0,0.0,LOW,Payment In-Progress
TXN-001555,WS/MP18260/2025,Ghulam Mohi ud din Sheikh,243800.0,2026-08-18,243800.0 - 243800.0,0.0,LOW,Payment In-Progress
TXN-001556,WS/MP18198/2025,LAVLESH KUMAR PANDEY,401902.0,2026-07-20,401902.0 - 401902.0,0.0,LOW,Payment In-Progress
TXN-001557,WS/MP728/2025,Jamidara Trading Company,673201.0,2026-08-10,673201.0 - 673201.0,0.0,LOW,Payment In-Progress
TXN-001558,WS/MP598/2025,Block Development officer Nahan,300000.0,2026-07-28,120000.0 - 280000.0,50.0,HIGH,Payment In-Progress
TXN-001559,WS/MP598/2026,Block Development officer Nahan,100000.0,2026-07-28,120000.0 - 280000.0,-50.0,HIGH,Payment In-Progress
TXN-001560,WS/MP18034/2025,ANSHU KUMARI,755968.0,2026-08-25,755968.0 - 755968.0,0.0,LOW,Payment In-Progress
TXN-001561,WS/MP18172/2025,RITVI CONSTRUCTIONS,1000000.0,2026-08-24,1000000.0 - 1000000.0,0.0,LOW,Payment In-Progress
TXN-001562,WS/MP18158/2026,SHAM LAL SURINDER KUMAR,85333.0,2026-08-26,85156.6 - 85313.4,0.1149762421540447,LOW,Payment In-Progress
TXN-001563,WS/MP18158/2026,SHAM LAL SURINDER KUMAR,85137.0,2026-08-26,85156.6 - 85313.4,-0.1149762421540447,LOW,Payment In-Progress
TXN-001564,WS/MP18162/2025,CHOUDHARY BHILDERS,385352.0,2026-08-13,385352.0 - 385352.0,0.0,LOW,Payment In-Progress
TXN-001565,WS/MP598/2025,BDO Rajgarh,200000.0,2026-04-25,150000.0 - 190000.0,17.647058823529413,LOW,Payment In-Progress
TXN-001566,WS/MP598/2025,BDO Rajgarh,150000.0,2026-01-05,150000.0 - 190000.0,-11.76470588235294,LOW,Payment In-Progress
TXN-001567,WS/MP598/2025,BDO Rajgarh,150000.0,2026-01-05,150000.0 - 190000.0,-11.76470588235294,LOW,Payment In-Progress
TXN-001568,WS/MP18172/2025,ANITA,3705.0,2026-08-27,3705.0 - 3705.0,0.0,LOW,Payment In-Progress
TXN-001569,WS/MP18328/2025,GRAM PANCHAYAT CHOWK BRADTA,200000.0,2026-08-25,110000.0 - 190000.0,33.33333333333333,MEDIUM,Payment In-Progress
TXN-001570,WS/MP18328/2025,GRAM PANCHAYAT CHOWK BRADTA,100000.0,2026-08-25,110000.0 - 190000.0,-33.33333333333333,MEDIUM,Payment In-Progress
TXN-001571,WS/MP18102/2025,Gram Panchayat Amjhera janpad Panchayat sardarpur,400000.0,2026-08-20,400000.0 - 400000.0,0.0,LOW,Payment In-Progress
TXN-001572,WS/MP18020/2025,GANESH HARDWARE,320000.0,2026-08-19,320000.0 - 320000.0,0.0,LOW,Payment In-Progress
TXN-001573,WS/MP021/2025,RAJESH KUMAR,61312.0,2026-08-21,15072.4 - 61142.8,60.89179061394575,HIGH,Payment In-Progress
TXN-001574,WS/MP021/2025,RAJESH KUMAR,60466.0,2026-08-21,15072.4 - 61142.8,58.671761013551084,HIGH,Payment In-Progress
TXN-001575,WS/MP18104/2025,Sachiv gram panchayat Nitaya,74000.0,2026-07-30,74000.0 - 74000.0,0.0,LOW,Payment In-Progress
TXN-001576,WS/MP524/2025,N KAMALAKAR REDDY,63431.0,2026-08-06,60519.2 - 236109.8,-57.232098007949325,HIGH,Payment In-Progress
TXN-001577,WS/MP524/2025,N KAMALAKAR REDDY,192977.0,2026-08-06,60519.2 - 236109.8,30.11337394523125,MEDIUM,Payment In-Progress
TXN-001578,WS/MP524/2025,N KAMALAKAR REDDY,58578.0,2026-08-06,60519.2 - 236109.8,-60.50419884771887,HIGH,Payment In-Progress
TXN-001579,WS/MP524/2025,N KAMALAKAR REDDY,264865.0,2026-08-06,60519.2 - 236109.8,78.58334822286425,HIGH,Payment In-Progress
TXN-001580,WS/MP18392/2025,RAM NARESH CONTRACTOR,702746.0,2026-02-23,702746.0 - 702746.0,0.0,LOW,Payment In-Progress
TXN-001581,WS/MP18122/2024,PRIYA MAJUR SHAKARI SANSTHA MARYADIT JALNA,497013.0,2026-08-10,497013.0 - 497013.0,0.0,LOW,Payment In-Progress
TXN-001582,WS/MP18308/2025,RAJ DINESH PANDIRKAR,1500000.0,2026-08-04,1500000.0 - 1500000.0,0.0,LOW,Payment In-Progress
TXN-001583,WS/MP719/2025,MANRAJ,7722.0,2026-08-06,7722.0 - 7722.0,0.0,LOW,Payment In-Progress
TXN-001584,WS/MP18324/2025,LUVARIYA GRAM PANCHAYAT,300000.0,2026-08-25,300000.0 - 300000.0,0.0,LOW,Payment In-Progress
TXN-001585,WS/MP18232/2026,RANA CONTRACTOR AND SUPPLIER,524551.0,2026-08-23,117874.3 - 479364.7,75.65865591496872,HIGH,Payment In-Progress
TXN-001586,WS/MP18232/2026,RANA CONTRACTOR AND SUPPLIER,72688.0,2026-08-23,117874.3 - 479364.7,-75.65865591496872,HIGH,Payment In-Progress
TXN-001587,WS/MP18260/2025,Tariq Ahmad Mir,155000.0,2026-01-22,155000.0 - 155000.0,0.0,LOW,Payment In-Progress
TXN-001588,WS/MP428/2025,gram panchayat bital,420000.0,2026-08-06,420000.0 - 420000.0,0.0,LOW,Payment In-Progress
TXN-001589,WS/MP18082/2025,AJAYKUMAR A,499689.0,2026-08-11,499689.0 - 499689.0,0.0,LOW,Payment In-Progress
TXN-001590,WS/MP568/2025,GRAM PANCHAYAT DHANGAON,269735.0,2026-08-06,269735.0 - 269735.0,0.0,LOW,Payment In-Progress
TXN-001591,WS/MP356/2025,MALVI JINGER MOCHI SAMAJ KALYAN SAMITI,500000.0,2026-08-25,500000.0 - 500000.0,0.0,LOW,Payment In-Progress
TXN-001592,WS/MP719/2025,SHARVAN LAL JAT,7722.0,2026-08-06,7722.0 - 7722.0,0.0,LOW,Payment In-Progress
TXN-001593,WS/MP18077/2026,MS SHRIDEVI ASSOCIATS PROP DEEPAK PATIL,117043.0,2026-08-19,117043.0 - 117043.0,0.0,LOW,Payment In-Progress
TXN-001594,WS/MP18320/2026,GANGUN GRAM PANCHAYAT,499807.0,2026-08-27,499807.0 - 499807.0,0.0,LOW,Payment In-Progress
TXN-001595,WS/MP18066/2026,Avtar Agro Industries,195526.0,2026-08-25,195526.0 - 195526.0,0.0,LOW,Payment In-Progress
TXN-001596,WS/MP18066/2026,Avtar Agro Industries,195526.0,2026-08-25,195526.0 - 195526.0,0.0,LOW,Payment In-Progress
TXN-001597,WS/MP18066/2026,Avtar Agro Industries,195526.0,2026-08-25,195526.0 - 195526.0,0.0,LOW,Payment In-Progress
TXN-001598,WS/MP18066/2026,Avtar Agro Industries,195526.0,2026-08-25,195526.0 - 195526.0,0.0,LOW,Payment In-Progress
TXN-001599,WS/MP18066/2026,Avtar Agro Industries,195526.0,2026-08-25,195526.0 - 195526.0,0.0,LOW,Payment In-Progress
TXN-001600,WS/MP18066/2026,Avtar Agro Industries,195526.0,2026-08-25,195526.0 - 195526.0,0.0,LOW,Payment In-Progress
TXN-001601,WS/MP18248/2024,Pradip Saha,133961.0,2026-08-11,133961.0 - 133961.0,0.0,LOW,Payment In-Progress
TXN-001602,WS/MP716/2025,LACHHMAN DASS CONTRACTOR,297000.0,2026-04-24,297000.0 - 297000.0,0.0,LOW,Payment In-Progress
TXN-001603,WS/MP18229/2025,ANUJ INTERLOCKING,152251.0,2026-08-11,152251.0 - 152251.0,0.0,LOW,Payment In-Progress
TXN-001604,WS/MP18049/2024,SHRI KABIR CONSTRUCTION,1391478.0,2026-07-17,1391478.0 - 1391478.0,0.0,LOW,Payment In-Progress
TXN-001605,WS/MP18051/2025,PRAGATI INTERPRISES,504014.0,2026-08-10,504014.0 - 504014.0,0.0,LOW,Payment In-Progress
TXN-001606,WS/MP18034/2026,DHARMVIR KUMAR,988877.0,2026-08-25,988877.0 - 988877.0,0.0,LOW,Payment In-Progress
TXN-001607,WS/MP18138/2025,MUP Vaivakawn,490000.0,2026-08-13,490000.0 - 490000.0,0.0,LOW,Payment In-Progress
TXN-001608,WS/MP18234/2026,ARYAN ENTERPRISES,395977.0,2026-08-03,396305.8 - 444657.0,-5.827701296656647,LOW,Payment In-Progress
TXN-001609,WS/MP18234/2026,ARYAN ENTERPRISES,397621.0,2026-08-03,396305.8 - 444657.0,-5.436720863277192,LOW,Payment In-Progress
TXN-001610,WS/MP18234/2026,ARYAN ENTERPRISES,456416.0,2026-08-03,396305.8 - 444657.0,8.546061728295228,LOW,Payment In-Progress
TXN-001611,WS/MP18209/2025,ROHTASH SINGH CONTRACTOR,376584.0,2026-07-15,376584.0 - 376584.0,0.0,LOW,Payment In-Progress
TXN-001612,WS/MP623/2026,J M DALAPATI,187500.0,2026-07-30,187500.0 - 187500.0,0.0,LOW,Payment In-Progress
TXN-001613,WS/MP18019/2025,LONGKI PHANGCHO,149830.0,2026-08-20,149830.0 - 149830.0,0.0,LOW,Payment In-Progress
TXN-001614,WS/MP578/2025,BANDISERVAN GRAM PANCHAYAT,100000.0,2026-08-24,100000.0 - 100000.0,0.0,LOW,Payment In-Progress
TXN-001615,WS/MP18005/2025,UDAY KIRAN PROJECTS,361591.0,2026-08-18,361591.0 - 361591.0,0.0,LOW,Payment In-Progress
TXN-001616,WS/MP18020/2025,CONST OF CULTURAL STAGE INFORNT OF COSMOS CLUB,300000.0,2026-08-26,300000.0 - 300000.0,0.0,LOW,Payment In-Progress
TXN-001617,WS/MP18202/2025,UPNEDA,1060000.0,2026-02-27,1060000.0 - 1060000.0,0.0,LOW,Payment In-Progress
TXN-001618,WS/MP18064/2025,The RUDRA CO OP L AND C SOCIETY LTD,74787.0,2026-08-27,32073.9 - 70041.1,46.476031924790675,MEDIUM,Payment In-Progress
TXN-001619,WS/MP18064/2025,The RUDRA CO OP L AND C SOCIETY LTD,27328.0,2026-08-27,32073.9 - 70041.1,-46.476031924790675,MEDIUM,Payment In-Progress
TXN-001620,WS/MP18234/2026,NEELAM VERMA,457935.0,2026-07-30,397091.2 - 457374.0,7.186342989743766,LOW,Payment In-Progress
TXN-001621,WS/MP18184/2026,SUN POWER TECNOLOGY AND ELECTICALS,349300.0,2026-06-22,348535.0 - 349215.0,0.12182013615191686,LOW,Payment In-Progress
TXN-001622,WS/MP18184/2026,SUN POWER TECNOLOGY AND ELECTICALS,348450.0,2026-06-22,348535.0 - 349215.0,-0.12182013615191686,LOW,Payment In-Progress
TXN-001623,WS/MP722/2025,jai maa construction and material suppliers,162613.0,2026-08-22,162613.0 - 162613.0,0.0,LOW,Payment In-Progress
TXN-001624,WS/MP719/2025,RAMPRASAD,11050.0,2026-08-19,11050.0 - 11050.0,0.0,LOW,Payment In-Progress
TXN-001625,WS/MP18229/2026,MPS CONSTRUCTION COMPANY,737682.0,2026-08-13,737682.0 - 737682.0,0.0,LOW,Payment In-Progress
TXN-001626,WS/MP18335/2025,OJASH CONSTRUCTION,729437.0,2026-08-25,729437.0 - 729437.0,0.0,LOW,Payment In-Progress
TXN-001627,WS/MP18019/2026,Shivchandra Kumar Pandit,277550.0,2026-07-04,305720.0 - 643564.8,-41.52439815743389,MEDIUM,Payment In-Progress
TXN-001628,WS/MP18019/2026,Shivchandra Kumar Pandit,418400.0,2026-07-04,305720.0 - 643564.8,-11.849426009981414,LOW,Payment In-Progress
TXN-001629,WS/MP18019/2026,Shivchandra Kumar Pandit,699856.0,2026-08-20,305720.0 - 643564.8,47.44911116242459,MEDIUM,Payment In-Progress
TXN-001630,WS/MP18307/2025,Jai Hanuman Co Op Lcs Ltd,1998482.0,2026-08-19,1998482.0 - 1998482.0,0.0,LOW,Payment In-Progress
TXN-001631,WS/MP18238/2025,MS ECOLEAF ENERGIES PRIVATE LIMITED,111864.0,2026-06-19,111864.0 - 111864.0,0.0,LOW,Payment In-Progress
TXN-001632,WS/MP18238/2025,MS ECOLEAF ENERGIES PRIVATE LIMITED,111864.0,2026-06-19,111864.0 - 111864.0,0.0,LOW,Payment In-Progress
TXN-001633,WS/MP18238/2025,MS ECOLEAF ENERGIES PRIVATE LIMITED,111864.0,2026-06-19,111864.0 - 111864.0,0.0,LOW,Payment In-Progress
TXN-001634,WS/MP18238/2025,MS ECOLEAF ENERGIES PRIVATE LIMITED,111864.0,2026-06-19,111864.0 - 111864.0,0.0,LOW,Payment In-Progress
TXN-001635,WS/MP18238/2025,MS ECOLEAF ENERGIES PRIVATE LIMITED,111864.0,2026-06-19,111864.0 - 111864.0,0.0,LOW,Payment In-Progress
TXN-001636,WS/MP18238/2025,MS ECOLEAF ENERGIES PRIVATE LIMITED,111864.0,2026-06-19,111864.0 - 111864.0,0.0,LOW,Payment In-Progress
TXN-001637,WS/MP18234/2024,S K Enterprises,177827.0,2026-04-02,78489.4 - 809424.6,-59.94499467290751,HIGH,Payment In-Progress
TXN-001638,WS/MP18234/2026,NEELAM VERMA,400000.0,2026-07-30,397091.2 - 457374.0,-6.374185865029958,LOW,Payment In-Progress
TXN-001639,WS/MP18234/2026,NEELAM VERMA,396502.0,2026-07-30,397091.2 - 457374.0,-7.19294360964027,LOW,Payment In-Progress
TXN-001640,WS/MP18234/2026,NEELAM VERMA,457000.0,2026-07-30,397091.2 - 457374.0,6.967492649203273,LOW,Payment In-Progress
TXN-001641,WS/MP18234/2026,NEELAM VERMA,456565.0,2026-07-30,397091.2 - 457374.0,6.865674576331493,LOW,Payment In-Progress
TXN-001642,WS/MP18234/2026,NEELAM VERMA,397484.0,2026-07-30,397091.2 - 457374.0,-6.96309223593892,LOW,Payment In-Progress
TXN-001643,WS/MP18234/2026,NEELAM VERMA,454841.0,2026-07-30,397091.2 - 457374.0,6.462147317409772,LOW,Payment In-Progress
TXN-001644,WS/MP329/2025,SDO OP Division DHBVN Atela Kalan,288000.0,2026-08-26,60400.0 - 470400.0,8.515448379804022,LOW,Payment In-Progress
TXN-001645,WS/MP329/2025,SDO OP Division DHBVN Atela Kalan,185000.0,2026-08-26,60400.0 - 470400.0,-30.293896006028664,MEDIUM,Payment In-Progress
TXN-001646,WS/MP329/2025,SDO OP Division DHBVN Atela Kalan,73000.0,2026-08-26,60400.0 - 470400.0,-72.49434815373023,HIGH,Payment In-Progress
TXN-001647,WS/MP329/2025,SDO OP Division DHBVN Atela Kalan,150000.0,2026-08-26,60400.0 - 470400.0,-43.48153730218541,MEDIUM,Payment In-Progress
TXN-001648,WS/MP329/2025,SDO OP Division DHBVN Atela Kalan,744000.0,2026-08-26,60400.0 - 470400.0,180.3315749811604,HIGH,Payment In-Progress
TXN-001649,WS/MP329/2025,SDO OP Division DHBVN Atela Kalan,275000.0,2026-08-26,60400.0 - 470400.0,3.6171816126600898,LOW,Payment In-Progress
TXN-001650,WS/MP329/2024,SDO OP Division DHBVN Atela Kalan,41500.0,2026-08-26,60400.0 - 470400.0,-84.3632253202713,HIGH,Payment In-Progress
TXN-001651,WS/MP18022/2025,MANIRUL HAQUE ANSARI,368197.0,2026-08-25,368197.0 - 368197.0,0.0,LOW,Payment In-Progress
TXN-001652,WS/MP18277/2024,RANGAMATI ENGINEERS CO OPERATIVE SOCIETY LTD,398628.0,2026-07-21,398628.0 - 398628.0,0.0,LOW,Payment In-Progress
TXN-001653,WS/MP18104/2025,GP CHHAWARA JP BADI,50000.0,2026-08-21,50000.0 - 50000.0,0.0,LOW,Payment In-Progress
TXN-001654,WS/MP18021/2025,BHAI BHAI ENTERPRAIGE,221607.0,2026-08-24,221607.0 - 221607.0,0.0,LOW,Payment In-Progress
TXN-001655,WS/MP18211/2025,SHIV SHAKTI CONSTRUCTION PRO SMT INDU SINGH,278494.0,2026-06-19,278494.0 - 278494.0,0.0,LOW,Payment In-Progress
TXN-001656,WS/MP777/2025,MS OM ENTERPRISES,858000.0,2026-08-06,858000.0 - 858000.0,0.0,LOW,Payment In-Progress
TXN-001657,WS/MP18109/2026,GRAM PANCHAYAT OBARHA JANPAD PANCHAYAT SIDHI,100000.0,2026-08-27,100000.0 - 100000.0,0.0,LOW,Payment In-Progress
TXN-001658,WS/MP18109/2026,GRAM PANCHAYAT OBARHA JANPAD PANCHAYAT SIDHI,100000.0,2026-08-27,100000.0 - 100000.0,0.0,LOW,Payment In-Progress
TXN-001659,WS/MP380/2025,Dhaliwal Enterprises,47320.0,2026-08-20,47320.0 - 47320.0,0.0,LOW,Payment In-Progress
TXN-001660,WS/MP380/2025,Dhaliwal Enterprises,47320.0,2026-08-20,47320.0 - 47320.0,0.0,LOW,Payment In-Progress
TXN-001661,WS/MP380/2025,Dhaliwal Enterprises,47320.0,2026-08-20,47320.0 - 47320.0,0.0,LOW,Payment In-Progress
TXN-001662,WS/MP380/2025,Dhaliwal Enterprises,47320.0,2026-08-20,47320.0 - 47320.0,0.0,LOW,Payment In-Progress
TXN-001663,WS/MP380/2025,Dhaliwal Enterprises,47320.0,2026-08-20,47320.0 - 47320.0,0.0,LOW,Payment In-Progress
TXN-001664,WS/MP18048/2025,BHAKTIRATAN DAS,182000.0,2026-03-02,182000.0 - 182000.0,0.0,LOW,Payment In-Progress
TXN-001665,WS/MP18156/2025,TFS ENTERPRISES,46088.0,2026-08-27,51752.8 - 78482.4,-29.22343575316043,MEDIUM,Payment In-Progress
TXN-001666,WS/MP18156/2025,TFS ENTERPRISES,74412.0,2026-08-27,51752.8 - 78482.4,14.273253314004203,LOW,Payment In-Progress
TXN-001667,WS/MP18156/2025,TFS ENTERPRISES,79500.0,2026-08-27,51752.8 - 78482.4,22.086809096158337,MEDIUM,Payment In-Progress
TXN-001668,WS/MP600/2025,Sh Rattan Singh So Lakhpat Singh Ro Beeranbass Hochak Pogal District Ramban Contractor,182000.0,2026-08-17,182700.0 - 188300.0,-1.8867924528301887,LOW,Payment In-Progress
TXN-001669,WS/MP600/2025,Sh Rattan Singh So Lakhpat Singh Ro Beeranbass Hochak Pogal District Ramban Contractor,189000.0,2026-08-10,182700.0 - 188300.0,1.8867924528301887,LOW,Payment In-Progress
TXN-001670,WS/MP18307/2025,Jaya Lcs Ltd,2498104.0,2026-08-19,2498104.0 - 2498104.0,0.0,LOW,Payment In-Progress
TXN-001671,WS/MP18308/2025,Padmawati Mssm,2498103.0,2026-08-03,2498103.0 - 2498103.0,0.0,LOW,Payment In-Progress
TXN-001672,WS/MP323/2025,FAREDA GRAM PANCHAYAT,245076.0,2026-08-04,245076.0 - 245076.0,0.0,LOW,Payment In-Progress
TXN-001673,WS/MP777/2025,MS JDS ENTERPRISES,684700.0,2026-08-06,684700.0 - 684700.0,0.0,LOW,Payment In-Progress
TXN-001674,WS/MP18246/2026,CIMECON ENTERPRISES,1348497.0,2026-08-23,1348497.0 - 1348497.0,0.0,LOW,Payment In-Progress
TXN-001675,WS/MP18163/2026,GRK CONSTRUCTION COMPANY,610500.0,2026-08-23,610500.0 - 610500.0,0.0,LOW,Payment In-Progress
TXN-001676,WS/MP18237/2025,CAPITAL AC EDD BEHAT,113721.0,2026-04-24,113721.0 - 113721.0,0.0,LOW,Payment In-Progress
TXN-001677,WS/MP18345/2026,KRISHNA ENTERPRISES AND SUPPLIERS,835029.0,2026-07-02,294097.5 - 774925.5,56.222831501286684,HIGH,Payment In-Progress
TXN-001678,WS/MP758/2025,RAMESH,199966.0,2026-03-18,36736.6 - 181829.4,82.97996943714942,HIGH,Payment In-Progress
TXN-001679,WS/MP18060/2025,The Maa Shakumbhari CoOp L and C Society LTD,665115.0,2026-07-13,665115.0 - 665115.0,0.0,LOW,Payment In-Progress
TXN-001680,WS/MP18169/2025,STAR DEALERS,333000.0,2026-08-12,333000.0 - 333000.0,0.0,LOW,Payment In-Progress
TXN-001681,WS/MP384/2026,YUVRAJ ELECTRICALS,1055975.0,2026-08-24,1055975.0 - 1055975.0,0.0,LOW,Payment In-Progress
TXN-001682,WS/MP18345/2025,KRISHNA ENTERPRISES AND SUPPLIERS,233994.0,2026-06-23,294097.5 - 774925.5,-56.222831501286684,HIGH,Payment In-Progress
TXN-001683,WS/MP18209/2025,RAMBEER SINGH,479133.0,2026-06-22,479133.0 - 479133.0,0.0,LOW,Payment In-Progress
TXN-001684,WS/MP18082/2025,AJITH KUMAR P T,123954.0,2026-08-04,123954.0 - 123954.0,0.0,LOW,Payment In-Progress
TXN-001685,WS/MP18022/2025,Prosanta Hatibaruah,174445.0,2026-08-25,185946.0 - 277954.0,-24.79198103039448,MEDIUM,Payment In-Progress
TXN-001686,WS/MP18022/2025,Prosanta Hatibaruah,289455.0,2026-08-26,185946.0 - 277954.0,24.79198103039448,MEDIUM,Payment In-Progress
TXN-001687,WS/MP719/2025,SHRI MEWADA CONSTRUCTION,251014.0,2026-05-21,251014.0 - 251014.0,0.0,LOW,Payment In-Progress
TXN-001688,WS/MP410/2025,Manuj Kumar Telia,350377.0,2026-08-25,350377.0 - 350377.0,0.0,LOW,Payment In-Progress
TXN-001689,WS/MP18380/2025,SAMARTH BROTHERS,693364.0,2026-08-14,616805.5 - 684857.5,6.535101635369524,LOW,Payment In-Progress
TXN-001690,WS/MP18380/2025,SAMARTH BROTHERS,608299.0,2026-08-14,616805.5 - 684857.5,-6.535101635369524,LOW,Payment In-Progress
TXN-001691,WS/MP18109/2025,Gram panchayat Madwa,121632.0,2026-08-25,122300.5 - 127648.5,-2.67454560730389,LOW,Payment In-Progress
TXN-001692,WS/MP18109/2025,Gram panchayat Madwa,128317.0,2026-08-25,122300.5 - 127648.5,2.67454560730389,LOW,Payment In-Progress
TXN-001693,WS/MP716/2025,Balwinder singh,26905.0,2026-08-19,27512.3 - 32370.7,-10.141442479501695,LOW,Payment In-Progress
TXN-001694,WS/MP716/2025,Balwinder singh,32978.0,2026-08-19,27512.3 - 32370.7,10.141442479501695,LOW,Payment In-Progress
TXN-001695,WS/MP18189/2026,Sri Ragavendra Bore wells,68627.0,2026-08-17,68627.0 - 68627.0,0.0,LOW,Payment In-Progress
TXN-001696,WS/MP18162/2025,rakesh kumawat,7410.0,2026-08-25,7410.0 - 7410.0,0.0,LOW,Payment In-Progress
TXN-001697,WS/MP541/2026,Rajul Ahmed,87920.0,2026-08-24,87920.0 - 87920.0,0.0,LOW,Payment In-Progress
TXN-001698,WS/MP716/2025,GR ENTERPRISES SAS Nagar MOHALI,45000.0,2026-04-02,45000.0 - 45000.0,0.0,LOW,Payment In-Progress
TXN-001699,WS/MP719/2025,MAMTA CONSTRUCTION AND MATERIAL SUPPLIERS,68308.0,2026-08-18,15213.6 - 119274.4,1.5822973053357918,LOW,Payment In-Progress
TXN-001700,WS/MP719/2025,MAMTA CONSTRUCTION AND MATERIAL SUPPLIERS,1940.0,2026-08-18,15213.6 - 119274.4,-97.1149842365118,HIGH,Payment In-Progress
TXN-001701,WS/MP719/2025,MAMTA CONSTRUCTION AND MATERIAL SUPPLIERS,132016.0,2026-08-11,15213.6 - 119274.4,96.3238355838439,HIGH,Payment In-Progress
TXN-001702,WS/MP18397/2025,ASN Services Pvt Limited,591569.0,2026-08-18,223612.1 - 550684.9,52.80157355640019,HIGH,Payment In-Progress
TXN-001703,WS/MP18397/2025,ASN Services Pvt Limited,182728.0,2026-08-18,223612.1 - 550684.9,-52.80157355640019,HIGH,Payment In-Progress
TXN-001704,WS/MP716/2025,JK Industries,41278.0,2026-08-14,43559.0 - 45840.0,-7.654448036331503,LOW,Payment In-Progress
TXN-001705,WS/MP716/2025,JK Industries,45840.0,2026-08-14,43559.0 - 45840.0,2.5514826787771674,LOW,Payment In-Progress
TXN-001706,WS/MP716/2025,JK Industries,45840.0,2026-08-14,43559.0 - 45840.0,2.5514826787771674,LOW,Payment In-Progress
TXN-001707,WS/MP716/2025,JK Industries,45840.0,2026-08-14,43559.0 - 45840.0,2.5514826787771674,LOW,Payment In-Progress
TXN-001708,WS/MP716/2025,JK Industries,45840.0,2026-08-14,43559.0 - 45840.0,2.5514826787771674,LOW,Payment In-Progress
TXN-001709,WS/MP716/2025,JK Industries,45840.0,2026-08-14,43559.0 - 45840.0,2.5514826787771674,LOW,Payment In-Progress
TXN-001710,WS/MP716/2025,guru nanak iron store,40500.0,2026-08-14,39150.0 - 48562.5,-7.652843095339888,LOW,Payment In-Progress
TXN-001711,WS/MP716/2025,guru nanak iron store,48000.0,2026-08-14,39150.0 - 48562.5,9.448482257374947,LOW,Payment In-Progress
TXN-001712,WS/MP716/2025,guru nanak iron store,37800.0,2026-08-14,39150.0 - 48562.5,-13.809320222317229,LOW,Payment In-Progress
TXN-001713,WS/MP716/2025,guru nanak iron store,46023.0,2026-08-14,39150.0 - 48562.5,4.940572894399316,LOW,Payment In-Progress
TXN-001714,WS/MP716/2025,guru nanak iron store,49125.0,2026-08-14,39150.0 - 48562.5,12.013681060282172,LOW,Payment In-Progress
TXN-001715,WS/MP716/2025,guru nanak iron store,46800.0,2026-08-14,39150.0 - 48562.5,6.712270200940573,LOW,Payment In-Progress
TXN-001716,WS/MP18118/2025,VISHAL SUBHASH BAGUL,992892.0,2026-08-06,992892.0 - 992892.0,0.0,LOW,Payment In-Progress
TXN-001717,WS/MP719/2025,RAJASTHAN CONSTRUCTION AND ENTERPRISES,197303.0,2026-08-20,197303.0 - 197303.0,0.0,LOW,Payment In-Progress
TXN-001718,WS/MP18211/2025,MS DIVYANSH CONSTRUCTION PRO PRAMOD KUMAR SINGH,302133.0,2026-06-19,302133.0 - 302133.0,0.0,LOW,Payment In-Progress
TXN-001719,WS/MP541/2026,Rabbul Hussain,87920.0,2026-08-24,87920.0 - 87920.0,0.0,LOW,Payment In-Progress
TXN-001720,WS/MP18346/2025,ram narayan enterprises,381544.0,2026-08-27,381544.0 - 381544.0,0.0,LOW,Payment In-Progress
TXN-001721,WS/MP18020/2025,SRI SRI NARASINGHA GOPAL NAMGHAR VILL KAMARGAON,240000.0,2026-08-07,240000.0 - 240000.0,0.0,LOW,Payment In-Progress
TXN-001722,WS/MP541/2025,Abduk Rajak,87920.0,2026-08-24,87920.0 - 87920.0,0.0,LOW,Payment In-Progress
TXN-001723,WS/MP18260/2025,Alyas ahmad mir,682.0,2026-03-31,682.0 - 682.0,0.0,LOW,Payment In-Progress
TXN-001724,WS/MP18162/2025,shaitan kumawat,20800.0,2026-08-25,20800.0 - 20800.0,0.0,LOW,Payment In-Progress
TXN-001725,WS/MP719/2024,AARTI,3990.0,2026-08-22,3990.0 - 3990.0,0.0,LOW,Payment In-Progress
TXN-001726,WS/MP719/2024,DIPMALA TAK,3990.0,2026-08-22,3990.0 - 3990.0,0.0,LOW,Payment In-Progress
TXN-001727,WS/MP719/2024,SUMAN,3990.0,2026-08-22,2394.0 - 18354.0,-61.53846153846154,HIGH,Payment In-Progress
TXN-001728,WS/MP719/2024,GITA DEVI,3990.0,2026-08-22,3990.0 - 3990.0,0.0,LOW,Payment In-Progress
TXN-001729,WS/MP719/2024,AAKASH,3990.0,2026-08-22,4641.0 - 9849.0,-44.927536231884055,MEDIUM,Payment In-Progress
TXN-001730,WS/MP719/2024,SUNIL DULGACH,2700.0,2026-08-22,2700.0 - 2700.0,0.0,LOW,Payment In-Progress
TXN-001731,WS/MP719/2024,PAYAL DULGACH,1995.0,2026-08-22,1995.0 - 1995.0,0.0,LOW,Payment In-Progress
TXN-001732,WS/MP719/2024,SUNITA,2850.0,2026-08-25,2850.0 - 2850.0,0.0,LOW,Payment In-Progress
TXN-001733,WS/MP719/2024,SUNIL BOHRA,12600.0,2026-08-22,12600.0 - 12600.0,0.0,LOW,Payment In-Progress
TXN-001734,WS/MP719/2024,RAVI BOHRA,10800.0,2026-08-25,10800.0 - 10800.0,0.0,LOW,Payment In-Progress
TXN-001735,WS/MP719/2024,KAMAL BOHRA,11700.0,2026-08-25,11700.0 - 11700.0,0.0,LOW,Payment In-Progress
TXN-001736,WS/MP719/2024,NIRMALA RAIDAS,3990.0,2026-08-25,3990.0 - 3990.0,0.0,LOW,Payment In-Progress
TXN-001737,WS/MP719/2024,SAROJ JAJORIYA,3990.0,2026-08-25,3990.0 - 3990.0,0.0,LOW,Payment In-Progress
TXN-001738,WS/MP719/2024,KAJAL KUMARI,3990.0,2026-08-25,3990.0 - 3990.0,0.0,LOW,Payment In-Progress
TXN-001739,WS/MP719/2024,ANITA DEVI,3990.0,2026-08-25,3990.0 - 3990.0,0.0,LOW,Payment In-Progress
TXN-001740,WS/MP719/2024,KAMLA DEVI,3990.0,2026-08-25,4498.2 - 8563.8,-38.90675241157556,MEDIUM,Payment In-Progress
TXN-001741,WS/MP719/2024,GOVIND BOHRA,10800.0,2026-08-25,10800.0 - 10800.0,0.0,LOW,Payment In-Progress
TXN-001742,WS/MP719/2024,KAUSHLYA DEVI,3990.0,2026-08-25,3990.0 - 3990.0,0.0,LOW,Payment In-Progress
TXN-001743,WS/MP18260/2025,Mushtaq Ahmad Panjra,182300.0,2026-04-08,182300.0 - 182300.0,0.0,LOW,Payment In-Progress
TXN-001744,WS/MP18260/2025,Mehraj ud Din Shah,133300.0,2026-06-29,133300.0 - 133300.0,0.0,LOW,Payment In-Progress
TXN-001745,WS/MP18321/2024,GHADKAN GRAM PANCHAYAT,400000.0,2026-08-24,400000.0 - 400000.0,0.0,LOW,Payment In-Progress
TXN-001746,WS/MP429/2025,CEO JP Pali sansad mad 18th,149233.0,2026-08-27,149233.0 - 149233.0,0.0,LOW,Payment In-Progress
TXN-001747,WS/MP719/2024,KANTA DEVI,3990.0,2026-08-25,3990.0 - 3990.0,0.0,LOW,Payment In-Progress
TXN-001748,WS/MP719/2024,PREM DEVI,3990.0,2026-08-25,3990.0 - 3990.0,0.0,LOW,Payment In-Progress
TXN-001749,WS/MP719/2024,MAYA MOURYA,3990.0,2026-08-25,3990.0 - 3990.0,0.0,LOW,Payment In-Progress
TXN-001750,WS/MP719/2024,MAMTA DEVI,3990.0,2026-08-25,3990.0 - 3990.0,0.0,LOW,Payment In-Progress
TXN-001751,WS/MP719/2024,SUSHILA DEVI,3990.0,2026-08-25,3990.0 - 3990.0,0.0,LOW,Payment In-Progress
TXN-001752,WS/MP18209/2025,AKSHAT BUILDERS,399288.0,2026-07-20,398844.2 - 571629.1,-17.712728418185232,LOW,Payment In-Progress
TXN-001753,WS/MP18209/2025,AKSHAT BUILDERS,419461.0,2026-07-20,398844.2 - 571629.1,-13.555375505951584,LOW,Payment In-Progress
TXN-001754,WS/MP18209/2025,AKSHAT BUILDERS,636844.0,2026-07-20,398844.2 - 571629.1,31.244002282185395,MEDIUM,Payment In-Progress
TXN-001755,WS/MP18209/2025,AKSHAT BUILDERS,398654.0,2026-07-20,398844.2 - 571629.1,-17.843386314698204,LOW,Payment In-Progress
TXN-001756,WS/MP18158/2026,SANTOKH SINGH,48300.0,2026-08-26,47355.0 - 48195.0,1.098901098901099,LOW,Payment In-Progress
TXN-001757,WS/MP18158/2026,SANTOKH SINGH,47250.0,2026-08-26,47355.0 - 48195.0,-1.098901098901099,LOW,Payment In-Progress
TXN-001758,WS/MP353/2026,NAZAR P M,793606.0,2026-08-18,793606.0 - 793606.0,0.0,LOW,Payment In-Progress
TXN-001759,WS/MP021/2025,MICRO ENGINEERS,499724.0,2026-07-15,499724.0 - 499724.0,0.0,LOW,Payment In-Progress
TXN-001760,WS/MP856/2025,AWADH CONSTRUCTIONS COMPANY,221868.0,2026-08-08,165036.6 - 215553.4,16.591607766888252,LOW,Payment In-Progress
TXN-001761,WS/MP856/2025,AWADH CONSTRUCTIONS COMPANY,158722.0,2026-08-08,165036.6 - 215553.4,-16.591607766888252,LOW,Payment In-Progress
TXN-001762,WS/MP18021/2026,SHAZIBUL HASSAN MOLLAH,306330.0,2026-08-26,294936.0 - 305064.0,2.11,LOW,Payment In-Progress
TXN-001763,WS/MP18021/2026,SHAZIBUL HASSAN MOLLAH,293670.0,2026-08-26,294936.0 - 305064.0,-2.11,LOW,Payment In-Progress
TXN-001764,WS/MP18066/2025,R S BARWALA INFRASTRUCTURE,173800.0,2026-08-26,173220.0 - 173680.0,0.2017872585759585,LOW,Payment In-Progress
TXN-001765,WS/MP18066/2025,R S BARWALA INFRASTRUCTURE,173500.0,2026-08-24,173220.0 - 173680.0,0.028826751225136928,LOW,Payment In-Progress
TXN-001766,WS/MP18066/2025,R S BARWALA INFRASTRUCTURE,173250.0,2026-08-24,173220.0 - 173680.0,-0.11530700490054771,LOW,Payment In-Progress
TXN-001767,WS/MP18066/2025,R S BARWALA INFRASTRUCTURE,173350.0,2026-08-24,173220.0 - 173680.0,-0.057653502450273855,LOW,Payment In-Progress
TXN-001768,WS/MP18066/2025,R S BARWALA INFRASTRUCTURE,173200.0,2026-08-24,173220.0 - 173680.0,-0.14413375612568463,LOW,Payment In-Progress
TXN-001769,WS/MP429/2026,CEO Janpad Katghora,145000.0,2026-07-24,145000.0 - 145000.0,0.0,LOW,Payment In-Progress
TXN-001770,WS/MP18354/2025,Anunabh Corporation,499900.0,2026-08-21,499900.0 - 499900.0,0.0,LOW,Payment In-Progress
TXN-001771,WS/MP18036/2026,CHANCH PRO ENGINEERS,249990.0,2026-08-25,249990.0 - 249990.0,0.0,LOW,Payment In-Progress
TXN-001772,WS/MP18036/2026,CHANCH PRO ENGINEERS,249990.0,2026-08-25,249990.0 - 249990.0,0.0,LOW,Payment In-Progress
TXN-001773,WS/MP18036/2026,CHANCH PRO ENGINEERS,249990.0,2026-08-25,249990.0 - 249990.0,0.0,LOW,Payment In-Progress
TXN-001774,WS/MP18036/2026,CHANCH PRO ENGINEERS,249990.0,2026-08-25,249990.0 - 249990.0,0.0,LOW,Payment In-Progress
TXN-001775,WS/MP18036/2026,CHANCH PRO ENGINEERS,249990.0,2026-08-25,249990.0 - 249990.0,0.0,LOW,Payment In-Progress
TXN-001776,WS/MP18036/2026,CHANCH PRO ENGINEERS,249990.0,2026-08-25,249990.0 - 249990.0,0.0,LOW,Payment In-Progress
TXN-001777,WS/MP18036/2026,CHANCH PRO ENGINEERS,249990.0,2026-08-25,249990.0 - 249990.0,0.0,LOW,Payment In-Progress
TXN-001778,WS/MP18036/2026,CHANCH PRO ENGINEERS,249990.0,2026-08-25,249990.0 - 249990.0,0.0,LOW,Payment In-Progress
TXN-001779,WS/MP18036/2026,CHANCH PRO ENGINEERS,249990.0,2026-08-25,249990.0 - 249990.0,0.0,LOW,Payment In-Progress
TXN-001780,WS/MP18036/2026,CHANCH PRO ENGINEERS,249990.0,2026-08-25,249990.0 - 249990.0,0.0,LOW,Payment In-Progress
TXN-001781,WS/MP18036/2026,CHANCH PRO ENGINEERS,249990.0,2026-08-25,249990.0 - 249990.0,0.0,LOW,Payment In-Progress
TXN-001782,WS/MP18036/2026,CHANCH PRO ENGINEERS,249990.0,2026-08-25,249990.0 - 249990.0,0.0,LOW,Payment In-Progress
TXN-001783,WS/MP18036/2026,CHANCH PRO ENGINEERS,249990.0,2026-08-25,249990.0 - 249990.0,0.0,LOW,Payment In-Progress
TXN-001784,WS/MP18036/2026,CHANCH PRO ENGINEERS,249990.0,2026-08-25,249990.0 - 249990.0,0.0,LOW,Payment In-Progress
TXN-001785,WS/MP18036/2026,CHANCH PRO ENGINEERS,249990.0,2026-08-25,249990.0 - 249990.0,0.0,LOW,Payment In-Progress
TXN-001786,WS/MP18036/2026,CHANCH PRO ENGINEERS,249990.0,2026-08-25,249990.0 - 249990.0,0.0,LOW,Payment In-Progress
TXN-001787,WS/MP18036/2026,CHANCH PRO ENGINEERS,249990.0,2026-08-25,249990.0 - 249990.0,0.0,LOW,Payment In-Progress
TXN-001788,WS/MP18036/2026,CHANCH PRO ENGINEERS,249990.0,2026-08-25,249990.0 - 249990.0,0.0,LOW,Payment In-Progress
TXN-001789,WS/MP18036/2026,CHANCH PRO ENGINEERS,249990.0,2026-08-25,249990.0 - 249990.0,0.0,LOW,Payment In-Progress
TXN-001790,WS/MP18036/2026,CHANCH PRO ENGINEERS,249990.0,2026-08-25,249990.0 - 249990.0,0.0,LOW,Payment In-Progress
TXN-001791,WS/MP18036/2026,CHANCH PRO ENGINEERS,249990.0,2026-08-25,249990.0 - 249990.0,0.0,LOW,Payment In-Progress
TXN-001792,WS/MP18036/2026,CHANCH PRO ENGINEERS,249990.0,2026-08-25,249990.0 - 249990.0,0.0,LOW,Payment In-Progress
TXN-001793,WS/MP18036/2026,CHANCH PRO ENGINEERS,249990.0,2026-08-25,249990.0 - 249990.0,0.0,LOW,Payment In-Progress
TXN-001794,WS/MP18036/2026,CHANCH PRO ENGINEERS,249990.0,2026-08-25,249990.0 - 249990.0,0.0,LOW,Payment In-Progress
TXN-001795,WS/MP18036/2026,CHANCH PRO ENGINEERS,249990.0,2026-08-25,249990.0 - 249990.0,0.0,LOW,Payment In-Progress
TXN-001796,WS/MP18358/2025,SARMISTA PANDA,400000.0,2026-08-24,400000.0 - 400000.0,0.0,LOW,Payment In-Progress
TXN-001797,WS/MP18176/2025,SSR Enterprises,669091.0,2026-08-14,669091.0 - 669091.0,0.0,LOW,Payment In-Progress
TXN-001798,WS/MP18050/2025,Sarpanch Gram Panchayat Piproud,750000.0,2026-08-17,750000.0 - 750000.0,0.0,LOW,Payment In-Progress
TXN-001799,WS/MP490/2025,jai maa bhawani construction,129800.0,2026-08-19,129800.0 - 129800.0,0.0,LOW,Payment In-Progress
TXN-001800,WS/MP18104/2026,GRAM PANCHAYAT RAIKHEDI SFC,50000.0,2026-08-25,50000.0 - 50000.0,0.0,LOW,Payment In-Progress
TXN-001801,WS/MP18328/2025,Ramesh,18600.0,2026-08-13,36736.6 - 181829.4,-82.97996943714942,HIGH,Payment In-Progress
TXN-001802,WS/MP18328/2025,Kashi Ram,18600.0,2026-08-13,18600.0 - 18600.0,0.0,LOW,Payment In-Progress
TXN-001803,WS/MP719/2025,MS TIKAM CHAND KUMAWAT CONTRACTOR,286219.0,2026-08-20,297452.0 - 387316.0,-16.404095985793727,LOW,Payment In-Progress
TXN-001804,WS/MP719/2025,MS TIKAM CHAND KUMAWAT CONTRACTOR,398549.0,2026-08-20,297452.0 - 387316.0,16.404095985793727,LOW,Payment In-Progress
TXN-001805,WS/MP638/2025,gram panchayat sijora,103817.0,2026-07-25,103817.0 - 103817.0,0.0,LOW,Payment In-Progress
TXN-001806,WS/MP18170/2025,SUMAN,1995.0,2026-08-15,2394.0 - 18354.0,-80.76923076923077,HIGH,Payment In-Progress
TXN-001807,WS/MP716/2025,Rishab Dev Agro Tech,150000.0,2026-08-14,150000.0 - 150000.0,0.0,LOW,Payment In-Progress
TXN-001808,WS/MP18328/2025,Rajan Magar,18600.0,2026-08-13,18600.0 - 18600.0,0.0,LOW,Payment In-Progress
TXN-001809,WS/MP18328/2025,Bhupesh Kumar,16469.0,2026-08-13,16469.0 - 16469.0,0.0,LOW,Payment In-Progress
TXN-001810,WS/MP18328/2025,Govind Singh,16469.0,2026-08-13,9584.9 - 15704.1,30.246352168927203,MEDIUM,Payment In-Progress
TXN-001811,WS/MP18263/2026,SAGAR K C,249284.0,2026-08-21,209351.6 - 249267.6,8.710668894804227,LOW,Payment In-Progress
TXN-001812,WS/MP18263/2026,SAGAR K C,249202.0,2026-08-21,209351.6 - 249267.6,8.67490938015678,LOW,Payment In-Progress
TXN-001813,WS/MP18263/2026,SAGAR K C,199389.0,2026-08-21,209351.6 - 249267.6,-13.048123584882623,LOW,Payment In-Progress
TXN-001814,WS/MP18328/2025,Santosh Kumari,16469.0,2026-08-13,16469.0 - 16469.0,0.0,LOW,Payment In-Progress
TXN-001815,WS/MP18328/2025,Reeta,16469.0,2026-08-13,16469.0 - 16469.0,0.0,LOW,Payment In-Progress
TXN-001816,WS/MP18328/2025,Jag Mohan Singh,16469.0,2026-08-13,16469.0 - 16469.0,0.0,LOW,Payment In-Progress
TXN-001817,WS/MP18328/2025,Kiran Prabha,16469.0,2026-08-13,16469.0 - 16469.0,0.0,LOW,Payment In-Progress
TXN-001818,WS/MP529/2024,T Bhanumathi,87493.0,2026-08-05,48595.0 - 87858.0,28.239027357405117,MEDIUM,Payment In-Progress
TXN-001819,WS/MP529/2024,T Bhanumathi,87586.0,2026-08-05,48595.0 - 87858.0,28.37533802847867,MEDIUM,Payment In-Progress
TXN-001820,WS/MP529/2024,T Bhanumathi,87858.0,2026-08-05,48595.0 - 87858.0,28.77401009871531,MEDIUM,Payment In-Progress
TXN-001821,WS/MP529/2024,T Bhanumathi,87586.0,2026-08-05,48595.0 - 87858.0,28.37533802847867,MEDIUM,Payment In-Progress
TXN-001822,WS/MP529/2024,T Bhanumathi,87586.0,2026-08-05,48595.0 - 87858.0,28.37533802847867,MEDIUM,Payment In-Progress
TXN-001823,WS/MP529/2024,T Bhanumathi,87858.0,2026-08-05,48595.0 - 87858.0,28.77401009871531,MEDIUM,Payment In-Progress
TXN-001824,WS/MP529/2024,T Bhanumathi,48595.0,2026-08-05,48595.0 - 87858.0,-28.77401009871531,MEDIUM,Payment In-Progress
TXN-001825,WS/MP529/2024,T Bhanumathi,87586.0,2026-08-05,48595.0 - 87858.0,28.37533802847867,MEDIUM,Payment In-Progress
TXN-001826,WS/MP529/2024,T Bhanumathi,48595.0,2026-08-05,48595.0 - 87858.0,-28.77401009871531,MEDIUM,Payment In-Progress
TXN-001827,WS/MP529/2024,T Bhanumathi,87858.0,2026-08-05,48595.0 - 87858.0,28.77401009871531,MEDIUM,Payment In-Progress
TXN-001828,WS/MP529/2024,T Bhanumathi,87586.0,2026-08-05,48595.0 - 87858.0,28.37533802847867,MEDIUM,Payment In-Progress
TXN-001829,WS/MP529/2024,T Bhanumathi,87858.0,2026-08-05,48595.0 - 87858.0,28.77401009871531,MEDIUM,Payment In-Progress
TXN-001830,WS/MP529/2024,T Bhanumathi,87766.0,2026-08-05,48595.0 - 87858.0,28.639165133782328,MEDIUM,Payment In-Progress
TXN-001831,WS/MP529/2024,T Bhanumathi,48595.0,2026-08-05,48595.0 - 87858.0,-28.77401009871531,MEDIUM,Payment In-Progress
TXN-001832,WS/MP529/2024,T Bhanumathi,48595.0,2026-08-05,48595.0 - 87858.0,-28.77401009871531,MEDIUM,Payment In-Progress
TXN-001833,WS/MP18260/2025,ABUTURAAB ELECTRICAL ENGINEERING,400186.0,2026-07-06,400186.0 - 400186.0,0.0,LOW,Payment In-Progress
TXN-001834,WS/MP710/2026,SWAMINATHAN S,665666.0,2026-08-07,665666.0 - 665666.0,0.0,LOW,Payment In-Progress
TXN-001835,WS/MP815/2025,Buddha Enterprises,1865906.0,2026-05-20,1865906.0 - 1865906.0,0.0,LOW,Payment In-Progress
TXN-001836,WS/MP620/2025,MANJUNATHA TIPPANNA WADDAR,296964.0,2026-07-29,296964.0 - 296964.0,0.0,LOW,Payment In-Progress
TXN-001837,WS/MP18136/2026,NINAD PRADIPRAO WANKHEDE,398363.0,2026-08-20,398363.0 - 398363.0,0.0,LOW,Payment In-Progress
TXN-001838,WS/MP524/2025,PRESIDENT VILLAGE LEVEL COMMITTEE KVRR PURAM CHITVEL,267654.0,2026-07-04,267654.0 - 267654.0,0.0,LOW,Payment In-Progress
TXN-001839,WS/MP490/2025,ISHITA TRADERS,196942.0,2026-08-19,196942.0 - 196942.0,0.0,LOW,Payment In-Progress
TXN-001840,WS/MP428/2026,Sarpanch Gram Panchayat Pouni,149800.0,2026-08-27,149800.0 - 149800.0,0.0,LOW,Payment In-Progress
TXN-001841,WS/MP432/2025,Gram Panchayat DHAMANDRI,200000.0,2026-08-25,200000.0 - 200000.0,0.0,LOW,Payment In-Progress
TXN-001842,WS/MP18170/2025,SHREE SHYAM CONSTRUCTION AND JAGDEESH PRASAD,521023.0,2026-08-18,521023.0 - 521023.0,0.0,LOW,Payment In-Progress
TXN-001843,WS/MP18346/2025,sri balaji enterprises,676218.0,2026-08-11,676218.0 - 676218.0,0.0,LOW,Payment In-Progress
TXN-001844,WS/MP18184/2025,KPK construction,1000000.0,2026-06-24,1000000.0 - 1000000.0,0.0,LOW,Payment In-Progress
TXN-001845,WS/MP18218/2025,KRISHNA CONSTRUCTION COMPANY,280304.0,2026-08-22,280304.0 - 280304.0,0.0,LOW,Payment In-Progress
TXN-001846,WS/MP638/2026,GRAM PANCHAYAT TILA,103819.0,2026-07-11,103819.0 - 103819.0,0.0,LOW,Payment In-Progress
TXN-001847,WS/MP18328/2025,RESHAB NEGI,16469.0,2026-08-13,16469.0 - 16469.0,0.0,LOW,Payment In-Progress
TXN-001848,WS/MP18328/2025,ROBHI,16469.0,2026-08-13,16469.0 - 16469.0,0.0,LOW,Payment In-Progress
TXN-001849,WS/MP18328/2025,MAHENDER SINGH,16469.0,2026-08-13,16469.0 - 16469.0,0.0,LOW,Payment In-Progress
TXN-001850,WS/MP18115/2026,GRAM PANCHAYAT KANHALGAON,697459.0,2026-07-17,697459.0 - 697459.0,0.0,LOW,Payment In-Progress
TXN-001851,WS/MP18083/2026,KAILAS BABU,493790.0,2026-08-05,493790.0 - 493790.0,0.0,LOW,Payment In-Progress
TXN-001852,WS/MP18112/2026,AMIT NAGORAO MULE,975465.0,2026-08-20,975465.0 - 975465.0,0.0,LOW,Payment In-Progress
TXN-001853,WS/MP18049/2024,Gourav Verma,108155.0,2026-05-06,108155.0 - 108155.0,0.0,LOW,Payment In-Progress
TXN-001854,WS/MP18215/2025,VIDYA SINGH,61353.0,2026-08-19,61353.0 - 61353.0,0.0,LOW,Payment In-Progress
TXN-001855,WS/MP18215/2025,VIDYA SINGH,61353.0,2026-08-19,61353.0 - 61353.0,0.0,LOW,Payment In-Progress
TXN-001856,WS/MP18215/2025,VIDYA SINGH,61353.0,2026-08-19,61353.0 - 61353.0,0.0,LOW,Payment In-Progress
TXN-001857,WS/MP18215/2025,VIDYA SINGH,61353.0,2026-08-19,61353.0 - 61353.0,0.0,LOW,Payment In-Progress
TXN-001858,WS/MP18215/2025,VIDYA SINGH,61353.0,2026-08-19,61353.0 - 61353.0,0.0,LOW,Payment In-Progress
TXN-001859,WS/MP18215/2025,VIDYA SINGH,61353.0,2026-08-19,61353.0 - 61353.0,0.0,LOW,Payment In-Progress
TXN-001860,WS/MP18215/2025,VIDYA SINGH,61353.0,2026-08-19,61353.0 - 61353.0,0.0,LOW,Payment In-Progress
TXN-001861,WS/MP18215/2025,VIDYA SINGH,61353.0,2026-08-19,61353.0 - 61353.0,0.0,LOW,Payment In-Progress
TXN-001862,WS/MP18215/2025,VIDYA SINGH,61353.0,2026-08-19,61353.0 - 61353.0,0.0,LOW,Payment In-Progress
TXN-001863,WS/MP18215/2025,VIDYA SINGH,61353.0,2026-08-19,61353.0 - 61353.0,0.0,LOW,Payment In-Progress
TXN-001864,WS/MP18215/2025,VIDYA SINGH,61353.0,2026-08-19,61353.0 - 61353.0,0.0,LOW,Payment In-Progress
TXN-001865,WS/MP18215/2025,VIDYA SINGH,61353.0,2026-08-19,61353.0 - 61353.0,0.0,LOW,Payment In-Progress
TXN-001866,WS/MP18215/2025,VIDYA SINGH,61353.0,2026-08-19,61353.0 - 61353.0,0.0,LOW,Payment In-Progress
TXN-001867,WS/MP18215/2025,VIDYA SINGH,61353.0,2026-08-19,61353.0 - 61353.0,0.0,LOW,Payment In-Progress
TXN-001868,WS/MP18215/2025,VIDYA SINGH,61353.0,2026-08-19,61353.0 - 61353.0,0.0,LOW,Payment In-Progress
TXN-001869,WS/MP18215/2025,VIDYA SINGH,61353.0,2026-08-19,61353.0 - 61353.0,0.0,LOW,Payment In-Progress
TXN-001870,WS/MP18215/2025,VIDYA SINGH,61353.0,2026-08-19,61353.0 - 61353.0,0.0,LOW,Payment In-Progress
TXN-001871,WS/MP18215/2025,VIDYA SINGH,61353.0,2026-08-19,61353.0 - 61353.0,0.0,LOW,Payment In-Progress
TXN-001872,WS/MP18215/2025,VIDYA SINGH,61353.0,2026-08-19,61353.0 - 61353.0,0.0,LOW,Payment In-Progress
TXN-001873,WS/MP18215/2025,VIDYA SINGH,61353.0,2026-08-19,61353.0 - 61353.0,0.0,LOW,Payment In-Progress
TXN-001874,WS/MP18215/2025,VIDYA SINGH,61353.0,2026-08-19,61353.0 - 61353.0,0.0,LOW,Payment In-Progress
TXN-001875,WS/MP18215/2025,VIDYA SINGH,61353.0,2026-08-19,61353.0 - 61353.0,0.0,LOW,Payment In-Progress
TXN-001876,WS/MP18215/2025,VIDYA SINGH,61353.0,2026-08-19,61353.0 - 61353.0,0.0,LOW,Payment In-Progress
TXN-001877,WS/MP18215/2025,VIDYA SINGH,61353.0,2026-08-19,61353.0 - 61353.0,0.0,LOW,Payment In-Progress
TXN-001878,WS/MP18215/2025,VIDYA SINGH,61353.0,2026-08-19,61353.0 - 61353.0,0.0,LOW,Payment In-Progress
TXN-001879,WS/MP18215/2025,VIDYA SINGH,61353.0,2026-08-19,61353.0 - 61353.0,0.0,LOW,Payment In-Progress
TXN-001880,WS/MP18215/2025,VIDYA SINGH,61353.0,2026-08-19,61353.0 - 61353.0,0.0,LOW,Payment In-Progress
TXN-001881,WS/MP18215/2025,VIDYA SINGH,61353.0,2026-08-19,61353.0 - 61353.0,0.0,LOW,Payment In-Progress
TXN-001882,WS/MP18215/2025,VIDYA SINGH,61353.0,2026-08-19,61353.0 - 61353.0,0.0,LOW,Payment In-Progress
TXN-001883,WS/MP18215/2025,VIDYA SINGH,61353.0,2026-08-19,61353.0 - 61353.0,0.0,LOW,Payment In-Progress
TXN-001884,WS/MP18215/2025,VIDYA SINGH,61353.0,2026-08-19,61353.0 - 61353.0,0.0,LOW,Payment In-Progress
TXN-001885,WS/MP18215/2025,VIDYA SINGH,61353.0,2026-08-19,61353.0 - 61353.0,0.0,LOW,Payment In-Progress
TXN-001886,WS/MP18215/2025,VIDYA SINGH,61353.0,2026-08-19,61353.0 - 61353.0,0.0,LOW,Payment In-Progress
TXN-001887,WS/MP18215/2025,VIDYA SINGH,61353.0,2026-08-19,61353.0 - 61353.0,0.0,LOW,Payment In-Progress
TXN-001888,WS/MP18215/2025,VIDYA SINGH,61353.0,2026-08-19,61353.0 - 61353.0,0.0,LOW,Payment In-Progress
TXN-001889,WS/MP428/2026,Gram Panchayat Kumhar Daniya,250000.0,2026-08-26,250000.0 - 250000.0,0.0,LOW,Payment In-Progress
TXN-001890,WS/MP18372/2025,Assistant Engineer,166785.0,2026-07-23,249455.6 - 910820.4,-71.25080584274775,HIGH,Payment In-Progress
TXN-001891,WS/MP18210/2026,RAGHUVANSI ENTERPRISES,116323.0,2026-08-25,123454.0 - 749419.6,-73.34711463377974,HIGH,Payment In-Progress
TXN-001892,WS/MP18210/2026,RAGHUVANSI ENTERPRISES,151978.0,2026-08-25,123454.0 - 749419.6,-65.1775468979701,HIGH,Payment In-Progress
TXN-001893,WS/MP18210/2026,RAGHUVANSI ENTERPRISES,898780.0,2026-08-25,123454.0 - 749419.6,105.93588808276478,HIGH,Payment In-Progress
TXN-001894,WS/MP348/2026,Santhosh M D,1379405.0,2026-07-24,1379405.0 - 1379405.0,0.0,LOW,Payment In-Progress
TXN-001895,WS/MP428/2026,Gram Panchayat Udiyakala,246735.0,2026-08-26,246735.0 - 246735.0,0.0,LOW,Payment In-Progress
TXN-001896,WS/MP18154/2026,MAHAVIRINDUSTRIESDHURI,284507.0,2026-08-11,284507.0 - 284507.0,0.0,LOW,Payment In-Progress
TXN-001897,WS/MP18232/2026,BLOCK DEVELOPMENT OFFICER,6736.0,2026-08-06,3695.0 - 86656.0,-85.08926298546778,HIGH,Payment In-Progress
TXN-001898,WS/MP18232/2026,BLOCK DEVELOPMENT OFFICER,143160.0,2026-05-14,3695.0 - 86656.0,216.89743334329447,HIGH,Payment In-Progress
TXN-001899,WS/MP428/2026,GRAM PANCHAYAT BACHEDI,250000.0,2026-08-26,250000.0 - 250000.0,0.0,LOW,Payment In-Progress
TXN-001900,WS/MP18219/2026,Yog Pratap Construction,896632.0,2026-05-08,896632.0 - 896632.0,0.0,LOW,Payment In-Progress
TXN-001901,WS/MP384/2025,PAWAN KUMAR SANJAY KUMAR,368227.0,2026-05-30,368227.0 - 368227.0,0.0,LOW,Payment In-Progress
TXN-001902,WS/MP18219/2026,Yuvraj Construction,1297589.0,2026-05-10,938693.3 - 1257711.7,18.15571354099085,LOW,Payment In-Progress
TXN-001903,WS/MP18219/2026,Yuvraj Construction,898816.0,2026-05-08,938693.3 - 1257711.7,-18.15571354099085,LOW,Payment In-Progress
TXN-001904,WS/MP18067/2025,Rajkumar contractor,794244.0,2026-05-07,794244.0 - 794244.0,0.0,LOW,Payment In-Progress
TXN-001905,WS/MP18152/2025,Surya Bricks Company,89094.0,2026-08-25,89094.0 - 89094.0,0.0,LOW,Payment In-Progress
TXN-001906,WS/MP18021/2026,A S SIDDIQUE HARDWARE SHOP,161736.0,2026-08-25,50598.6 - 149387.4,61.74732231256188,HIGH,Payment In-Progress
TXN-001907,WS/MP18021/2026,A S SIDDIQUE HARDWARE SHOP,38250.0,2026-08-25,50598.6 - 149387.4,-61.74732231256188,HIGH,Payment In-Progress
TXN-001908,WS/MP18232/2026,BLOCK DEVELOPMENT OFFICER,6176.0,2026-08-04,3695.0 - 86656.0,-86.32887295104648,HIGH,Payment In-Progress
TXN-001909,WS/MP18232/2026,BLOCK DEVELOPMENT OFFICER,30152.0,2026-08-04,3695.0 - 86656.0,-33.25585771048466,MEDIUM,Payment In-Progress
TXN-001910,WS/MP18345/2026,PVS AND COMPANY,459743.0,2026-07-02,459743.0 - 459743.0,0.0,LOW,Payment In-Progress
TXN-001911,WS/MP825/2025,KONICA MINOLTA HEALTHCARE INDIA PVT LTD,1675000.0,2026-08-27,1675000.0 - 1675000.0,0.0,LOW,Payment In-Progress
TXN-001912,WS/MP431/2025,THE MANGAWAS COOPERATIVE LABOUR AND CONSTRUCTION SOCIETY LTD,777566.0,2026-05-13,523164.8 - 749299.2,22.21422374228269,MEDIUM,Payment In-Progress
TXN-001913,WS/MP431/2025,THE MANGAWAS COOPERATIVE LABOUR AND CONSTRUCTION SOCIETY LTD,494898.0,2026-05-13,523164.8 - 749299.2,-22.21422374228269,MEDIUM,Payment In-Progress
TXN-001914,WS/MP431/2025,EXECUTIVE OFFICER MUNICIPAL COUNCIL PATAUDI MANDI,54439.0,2026-05-13,57548.6 - 82425.4,-22.215554317230342,MEDIUM,Payment In-Progress
TXN-001915,WS/MP431/2025,EXECUTIVE OFFICER MUNICIPAL COUNCIL PATAUDI MANDI,85535.0,2026-05-13,57548.6 - 82425.4,22.215554317230342,MEDIUM,Payment In-Progress
TXN-001916,WS/MP727/2026,S K CONSTRUCTION,187705.0,2026-07-31,187763.2 - 188228.8,-0.154790527458031,LOW,Payment In-Progress
TXN-001917,WS/MP021/2025,Negi supplier,25880.0,2026-08-25,25880.0 - 25880.0,0.0,LOW,Payment In-Progress
TXN-001918,WS/MP672/2025,Highstone Technologies Private Limited,449900.0,2026-07-31,449900.0 - 449900.0,0.0,LOW,Payment In-Progress
TXN-001919,WS/MP18429/2026,GRAM PANCHAYAT BARHALI TQ MUKHED,996000.0,2026-07-20,996000.0 - 996000.0,0.0,LOW,Payment In-Progress
TXN-001920,WS/MP490/2025,ARUN DEVELOPERS,383500.0,2026-07-27,383500.0 - 383500.0,0.0,LOW,Payment In-Progress
TXN-001921,WS/MP465/2025,DEEPA SURGICAL,180000.0,2026-07-03,120000.0 - 306000.0,-15.492957746478872,LOW,Payment In-Progress
TXN-001922,WS/MP465/2025,DEEPA SURGICAL,360000.0,2026-07-03,120000.0 - 306000.0,69.01408450704226,HIGH,Payment In-Progress
TXN-001923,WS/MP465/2025,DEEPA SURGICAL,120000.0,2026-07-03,120000.0 - 306000.0,-43.66197183098591,MEDIUM,Payment In-Progress
TXN-001924,WS/MP465/2025,DEEPA SURGICAL,120000.0,2026-07-03,120000.0 - 306000.0,-43.66197183098591,MEDIUM,Payment In-Progress
TXN-001925,WS/MP524/2025,Syed Mahammad Firoz Ali,396167.0,2026-06-30,396167.0 - 396167.0,0.0,LOW,Payment In-Progress
TXN-001926,WS/MP852/2024,S A ENTERPRISE,500569.0,2026-05-26,500569.0 - 500569.0,0.0,LOW,Payment In-Progress
TXN-001927,WS/MP524/2025,PRESIDENT VILLAGE LEVEL COMMITTEE ANANTHAIAHGARIPALLI GP,498640.0,2026-07-27,498770.5 - 499814.5,-0.13068491916061226,LOW,Payment In-Progress
TXN-001928,WS/MP524/2025,PRESIDENT VILLAGE LEVEL COMMITTEE ANANTHAIAHGARIPALLI GP,499945.0,2026-07-25,498770.5 - 499814.5,0.13068491916061226,LOW,Payment In-Progress
TXN-001929,WS/MP021/2025,Nirmla pandey,7272.0,2026-08-25,7272.0 - 7272.0,0.0,LOW,Payment In-Progress
TXN-001930,WS/MP021/2025,Govind bhallabh,7272.0,2026-08-25,7272.0 - 7272.0,0.0,LOW,Payment In-Progress
TXN-001931,WS/MP021/2025,Shanti pandey,4788.0,2026-08-25,4788.0 - 4788.0,0.0,LOW,Payment In-Progress
TXN-001932,WS/MP021/2025,Nutan pandey,4788.0,2026-08-25,4788.0 - 4788.0,0.0,LOW,Payment In-Progress
TXN-001933,WS/MP18170/2025,AEN AVVNL KDL JJM,123350.0,2026-07-28,123350.0 - 123350.0,0.0,LOW,Payment In-Progress
TXN-001934,WS/MP18219/2026,Ms UNITED ENTERPRISES,599794.0,2026-05-19,599794.0 - 599794.0,0.0,LOW,Payment In-Progress
TXN-001935,WS/MP18376/2026,Ms Surya Mssm,1897047.0,2026-08-17,1897047.0 - 1897047.0,0.0,LOW,Payment In-Progress
TXN-001936,WS/MP18020/2025,MS Bezbaruah Enterprise,56916.0,2026-08-27,56916.0 - 56916.0,0.0,LOW,Payment In-Progress
TXN-001937,WS/MP18062/2026,KAMBOJ AGRI WORKS,165000.0,2026-08-27,165000.0 - 165000.0,0.0,LOW,Payment In-Progress
TXN-001938,WS/MP18062/2026,KAMBOJ AGRI WORKS,165000.0,2026-08-27,165000.0 - 165000.0,0.0,LOW,Payment In-Progress
TXN-001939,WS/MP18062/2026,KAMBOJ AGRI WORKS,165000.0,2026-08-27,165000.0 - 165000.0,0.0,LOW,Payment In-Progress
TXN-001940,WS/MP18062/2026,KAMBOJ AGRI WORKS,165000.0,2026-08-27,165000.0 - 165000.0,0.0,LOW,Payment In-Progress
TXN-001941,WS/MP18062/2026,KAMBOJ AGRI WORKS,165000.0,2026-08-27,165000.0 - 165000.0,0.0,LOW,Payment In-Progress
TXN-001942,WS/MP18062/2026,KAMBOJ AGRI WORKS,165000.0,2026-08-27,165000.0 - 165000.0,0.0,LOW,Payment In-Progress
TXN-001943,WS/MP18062/2026,KAMBOJ AGRI WORKS,165000.0,2026-08-27,165000.0 - 165000.0,0.0,LOW,Payment In-Progress
TXN-001944,WS/MP18062/2026,KAMBOJ AGRI WORKS,165000.0,2026-08-27,165000.0 - 165000.0,0.0,LOW,Payment In-Progress
TXN-001945,WS/MP18062/2026,KAMBOJ AGRI WORKS,165000.0,2026-08-27,165000.0 - 165000.0,0.0,LOW,Payment In-Progress
TXN-001946,WS/MP18062/2026,KAMBOJ AGRI WORKS,165000.0,2026-08-27,165000.0 - 165000.0,0.0,LOW,Payment In-Progress
TXN-001947,WS/MP18062/2026,KAMBOJ AGRI WORKS,165000.0,2026-08-27,165000.0 - 165000.0,0.0,LOW,Payment In-Progress
TXN-001948,WS/MP18062/2026,KAMBOJ AGRI WORKS,165000.0,2026-08-27,165000.0 - 165000.0,0.0,LOW,Payment In-Progress
TXN-001949,WS/MP18062/2026,KAMBOJ AGRI WORKS,165000.0,2026-08-27,165000.0 - 165000.0,0.0,LOW,Payment In-Progress
TXN-001950,WS/MP18062/2026,KAMBOJ AGRI WORKS,165000.0,2026-08-27,165000.0 - 165000.0,0.0,LOW,Payment In-Progress
TXN-001951,WS/MP18062/2026,KAMBOJ AGRI WORKS,165000.0,2026-08-27,165000.0 - 165000.0,0.0,LOW,Payment In-Progress
TXN-001952,WS/MP18062/2026,KAMBOJ AGRI WORKS,165000.0,2026-08-27,165000.0 - 165000.0,0.0,LOW,Payment In-Progress
TXN-001953,WS/MP18062/2026,KAMBOJ AGRI WORKS,165000.0,2026-08-27,165000.0 - 165000.0,0.0,LOW,Payment In-Progress
TXN-001954,WS/MP18062/2026,KAMBOJ AGRI WORKS,165000.0,2026-08-27,165000.0 - 165000.0,0.0,LOW,Payment In-Progress
TXN-001955,WS/MP18062/2026,KAMBOJ AGRI WORKS,165000.0,2026-08-27,165000.0 - 165000.0,0.0,LOW,Payment In-Progress
TXN-001956,WS/MP620/2025,Shivaji Bhajantri,396375.0,2026-07-29,396375.0 - 396375.0,0.0,LOW,Payment In-Progress
TXN-001957,WS/MP18067/2025,D R CONSTRUCTION,433861.0,2026-08-17,433861.0 - 433861.0,0.0,LOW,Payment In-Progress
TXN-001958,WS/MP620/2025,Rahul S Waddar,494254.0,2026-07-29,494254.0 - 494254.0,0.0,LOW,Payment In-Progress
TXN-001959,WS/MP18323/2026,Bhimashankar Majur Sahkari Sanstha Maryadit,794104.0,2026-08-24,794104.0 - 794104.0,0.0,LOW,Payment In-Progress
TXN-001960,WS/MP728/2025,RAM PRASAD,5700.0,2026-08-25,5700.0 - 5700.0,0.0,LOW,Payment In-Progress
TXN-001961,WS/MP728/2025,SURENDER,7410.0,2026-08-25,7410.0 - 7410.0,0.0,LOW,Payment In-Progress
TXN-001962,WS/MP728/2025,PARTAP SINGH,7410.0,2026-08-25,7410.0 - 7410.0,0.0,LOW,Payment In-Progress
TXN-001963,WS/MP728/2025,SHEESH RAM,7410.0,2026-08-25,7410.0 - 7410.0,0.0,LOW,Payment In-Progress
TXN-001964,WS/MP728/2025,VIKASH,7410.0,2026-08-25,7410.0 - 7410.0,0.0,LOW,Payment In-Progress
TXN-001965,WS/MP728/2025,PARMANAND,7410.0,2026-08-25,7410.0 - 7410.0,0.0,LOW,Payment In-Progress
TXN-001966,WS/MP728/2025,SURESH KUMAR,35100.0,2026-08-25,35100.0 - 35100.0,0.0,LOW,Payment In-Progress
TXN-001967,WS/MP728/2025,REENA KUMARI,7410.0,2026-08-25,7410.0 - 7410.0,0.0,LOW,Payment In-Progress
TXN-001968,WS/MP728/2025,SUSHILA,7410.0,2026-08-25,7410.0 - 7410.0,0.0,LOW,Payment In-Progress
TXN-001969,WS/MP728/2025,DEVKARAN,7410.0,2026-08-25,7410.0 - 7410.0,0.0,LOW,Payment In-Progress
TXN-001970,WS/MP728/2025,SATVIR,11115.0,2026-08-25,11115.0 - 11115.0,0.0,LOW,Payment In-Progress
TXN-001971,WS/MP728/2025,VIJENDRA KUMAR,11115.0,2026-08-25,11115.0 - 11115.0,0.0,LOW,Payment In-Progress
TXN-001972,WS/MP728/2025,RAM SINGH,11115.0,2026-08-25,11115.0 - 11115.0,0.0,LOW,Payment In-Progress
TXN-001973,WS/MP728/2025,VIJENDRA KUMAR,11115.0,2026-08-25,11115.0 - 11115.0,0.0,LOW,Payment In-Progress
TXN-001974,WS/MP728/2025,BHIVA RAM,11115.0,2026-08-25,11115.0 - 11115.0,0.0,LOW,Payment In-Progress
TXN-001975,WS/MP728/2025,POOJA,11115.0,2026-08-25,4397.6 - 10325.6,50.986198652466854,HIGH,Payment In-Progress
TXN-001976,WS/MP728/2025,NAVEEN KUMAR,11115.0,2026-08-25,11115.0 - 11115.0,0.0,LOW,Payment In-Progress
TXN-001977,WS/MP728/2025,SACHIN,11115.0,2026-08-25,11115.0 - 11115.0,0.0,LOW,Payment In-Progress
TXN-001978,WS/MP728/2025,RANVIR,35100.0,2026-08-25,35100.0 - 35100.0,0.0,LOW,Payment In-Progress
TXN-001979,WS/MP728/2025,DHOOP SINGH,5700.0,2026-08-25,5700.0 - 5700.0,0.0,LOW,Payment In-Progress
TXN-001980,WS/MP18200/2025,SATYA VIJAY SINGH,533158.0,2026-08-04,513994.3 - 531028.7,2.037562809622372,LOW,Payment In-Progress
TXN-001981,WS/MP18200/2025,SATYA VIJAY SINGH,511865.0,2026-08-04,513994.3 - 531028.7,-2.037562809622372,LOW,Payment In-Progress
TXN-001982,WS/MP18169/2026,PURANMAL AND COMPANY,254746.0,2026-08-05,254746.0 - 254746.0,0.0,LOW,Payment In-Progress
TXN-001983,WS/MP18104/2026,SFC GRAM PANCHAYAT MATHNI,75000.0,2026-08-25,75000.0 - 75000.0,0.0,LOW,Payment In-Progress
TXN-001984,WS/MP18067/2025,BALAJI ENTERPRISES Kherent,30090.0,2026-08-24,20979.0 - 48417.4,-13.28080419157189,LOW,Payment In-Progress
TXN-001985,WS/MP18067/2025,BALAJI ENTERPRISES Kherent,14905.0,2026-08-24,20979.0 - 48417.4,-57.043881238796246,HIGH,Payment In-Progress
TXN-001986,WS/MP18067/2025,BALAJI ENTERPRISES Kherent,47638.0,2026-08-24,20979.0 - 48417.4,37.2924243908906,MEDIUM,Payment In-Progress
TXN-001987,WS/MP18067/2025,BALAJI ENTERPRISES Kherent,48937.0,2026-08-24,20979.0 - 48417.4,41.03613443925046,MEDIUM,Payment In-Progress
TXN-001988,WS/MP18067/2025,BALAJI ENTERPRISES Kherent,30532.0,2026-08-24,20979.0 - 48417.4,-12.0069628972108,LOW,Payment In-Progress
TXN-001989,WS/MP18067/2025,MS RADHE RADHE ENTERPRISES SHADIPUR JULANA,25355.0,2026-08-24,8907.5 - 23527.5,56.343456143055334,HIGH,Payment In-Progress
TXN-001990,WS/MP18067/2025,MS RADHE RADHE ENTERPRISES SHADIPUR JULANA,7080.0,2026-08-24,8907.5 - 23527.5,-56.343456143055334,HIGH,Payment In-Progress
TXN-001991,WS/MP18067/2025,KAPIL DALAL,95400.0,2026-08-24,112775.7 - 251781.3,-47.66250545182235,MEDIUM,Payment In-Progress
TXN-001992,WS/MP18067/2025,KAPIL DALAL,269157.0,2026-08-24,112775.7 - 251781.3,47.66250545182235,MEDIUM,Payment In-Progress
TXN-001993,WS/MP18235/2026,A MINE TRADERS,174129.0,2026-08-20,174129.0 - 174129.0,0.0,LOW,Payment In-Progress
TXN-001994,WS/MP18235/2026,A MINE TRADERS,174129.0,2026-08-20,174129.0 - 174129.0,0.0,LOW,Payment In-Progress
TXN-001995,WS/MP18235/2026,A MINE TRADERS,174129.0,2026-08-20,174129.0 - 174129.0,0.0,LOW,Payment In-Progress
TXN-001996,WS/MP18235/2026,A MINE TRADERS,174129.0,2026-08-20,174129.0 - 174129.0,0.0,LOW,Payment In-Progress
TXN-001997,WS/MP18235/2026,A MINE TRADERS,174129.0,2026-08-20,174129.0 - 174129.0,0.0,LOW,Payment In-Progress
TXN-001998,WS/MP18235/2026,A MINE TRADERS,174129.0,2026-08-20,174129.0 - 174129.0,0.0,LOW,Payment In-Progress
TXN-001999,WS/MP18235/2026,A MINE TRADERS,174129.0,2026-08-20,174129.0 - 174129.0,0.0,LOW,Payment In-Progress
TXN-002000,WS/MP18235/2026,A MINE TRADERS,174129.0,2026-08-20,174129.0 - 174129.0,0.0,LOW,Payment In-Progress
TXN-002001,WS/MP18235/2026,A MINE TRADERS,174129.0,2026-08-20,174129.0 - 174129.0,0.0,LOW,Payment In-Progress
TXN-002002,WS/MP18235/2026,A MINE TRADERS,174129.0,2026-08-20,174129.0 - 174129.0,0.0,LOW,Payment In-Progress
TXN-002003,WS/MP18235/2026,A MINE TRADERS,174129.0,2026-08-20,174129.0 - 174129.0,0.0,LOW,Payment In-Progress
TXN-002004,WS/MP18235/2026,A MINE TRADERS,174129.0,2026-08-20,174129.0 - 174129.0,0.0,LOW,Payment In-Progress
TXN-002005,WS/MP18235/2026,A MINE TRADERS,174129.0,2026-08-20,174129.0 - 174129.0,0.0,LOW,Payment In-Progress
TXN-002006,WS/MP18235/2026,A MINE TRADERS,174129.0,2026-08-20,174129.0 - 174129.0,0.0,LOW,Payment In-Progress
TXN-002007,WS/MP18235/2026,A MINE TRADERS,174129.0,2026-08-20,174129.0 - 174129.0,0.0,LOW,Payment In-Progress
TXN-002008,WS/MP18235/2026,A MINE TRADERS,174129.0,2026-08-20,174129.0 - 174129.0,0.0,LOW,Payment In-Progress
TXN-002009,WS/MP18235/2026,A MINE TRADERS,174129.0,2026-08-20,174129.0 - 174129.0,0.0,LOW,Payment In-Progress
TXN-002010,WS/MP18235/2026,A MINE TRADERS,174129.0,2026-08-20,174129.0 - 174129.0,0.0,LOW,Payment In-Progress
TXN-002011,WS/MP18235/2026,A MINE TRADERS,174129.0,2026-08-20,174129.0 - 174129.0,0.0,LOW,Payment In-Progress
TXN-002012,WS/MP18235/2026,A MINE TRADERS,174129.0,2026-08-20,174129.0 - 174129.0,0.0,LOW,Payment In-Progress
TXN-002013,WS/MP18235/2026,A MINE TRADERS,174129.0,2026-08-20,174129.0 - 174129.0,0.0,LOW,Payment In-Progress
TXN-002014,WS/MP18235/2026,A MINE TRADERS,174129.0,2026-08-20,174129.0 - 174129.0,0.0,LOW,Payment In-Progress
TXN-002015,WS/MP18235/2026,A MINE TRADERS,174129.0,2026-08-20,174129.0 - 174129.0,0.0,LOW,Payment In-Progress
TXN-002016,WS/MP18235/2026,A MINE TRADERS,174129.0,2026-08-20,174129.0 - 174129.0,0.0,LOW,Payment In-Progress
TXN-002017,WS/MP18235/2026,A MINE TRADERS,174129.0,2026-08-20,174129.0 - 174129.0,0.0,LOW,Payment In-Progress
TXN-002018,WS/MP18235/2026,A MINE TRADERS,174129.0,2026-08-20,174129.0 - 174129.0,0.0,LOW,Payment In-Progress
TXN-002019,WS/MP18235/2026,A MINE TRADERS,174129.0,2026-08-20,174129.0 - 174129.0,0.0,LOW,Payment In-Progress
TXN-002020,WS/MP18235/2026,A MINE TRADERS,174129.0,2026-08-20,174129.0 - 174129.0,0.0,LOW,Payment In-Progress
TXN-002021,WS/MP18235/2026,A MINE TRADERS,174129.0,2026-08-20,174129.0 - 174129.0,0.0,LOW,Payment In-Progress
TXN-002022,WS/MP18235/2026,A MINE TRADERS,174129.0,2026-08-20,174129.0 - 174129.0,0.0,LOW,Payment In-Progress
TXN-002023,WS/MP18235/2026,A MINE TRADERS,174129.0,2026-08-20,174129.0 - 174129.0,0.0,LOW,Payment In-Progress
TXN-002024,WS/MP18235/2026,A MINE TRADERS,174129.0,2026-08-20,174129.0 - 174129.0,0.0,LOW,Payment In-Progress
TXN-002025,WS/MP18235/2026,A MINE TRADERS,174129.0,2026-08-20,174129.0 - 174129.0,0.0,LOW,Payment In-Progress
TXN-002026,WS/MP18235/2026,A MINE TRADERS,174129.0,2026-08-20,174129.0 - 174129.0,0.0,LOW,Payment In-Progress
TXN-002027,WS/MP18235/2026,A MINE TRADERS,174129.0,2026-08-20,174129.0 - 174129.0,0.0,LOW,Payment In-Progress
TXN-002028,WS/MP18235/2026,A MINE TRADERS,174129.0,2026-08-20,174129.0 - 174129.0,0.0,LOW,Payment In-Progress
TXN-002029,WS/MP18235/2026,A MINE TRADERS,174129.0,2026-08-20,174129.0 - 174129.0,0.0,LOW,Payment In-Progress
TXN-002030,WS/MP18235/2026,A MINE TRADERS,174129.0,2026-08-20,174129.0 - 174129.0,0.0,LOW,Payment In-Progress
TXN-002031,WS/MP18235/2026,A MINE TRADERS,174129.0,2026-08-20,174129.0 - 174129.0,0.0,LOW,Payment In-Progress
TXN-002032,WS/MP18235/2026,A MINE TRADERS,174129.0,2026-08-20,174129.0 - 174129.0,0.0,LOW,Payment In-Progress
TXN-002033,WS/MP18235/2026,A MINE TRADERS,174129.0,2026-08-20,174129.0 - 174129.0,0.0,LOW,Payment In-Progress
TXN-002034,WS/MP18235/2026,A MINE TRADERS,174129.0,2026-08-20,174129.0 - 174129.0,0.0,LOW,Payment In-Progress
TXN-002035,WS/MP18235/2026,A MINE TRADERS,174129.0,2026-08-20,174129.0 - 174129.0,0.0,LOW,Payment In-Progress
TXN-002036,WS/MP18235/2026,A MINE TRADERS,174129.0,2026-08-20,174129.0 - 174129.0,0.0,LOW,Payment In-Progress
TXN-002037,WS/MP18314/2025,Gurcharan SIngh Mistri,4172.0,2026-08-26,7337.6 - 32662.4,-79.14,HIGH,Payment In-Progress
TXN-002038,WS/MP18314/2025,Gurcharan SIngh Mistri,35828.0,2026-08-26,7337.6 - 32662.4,79.14,HIGH,Payment In-Progress
TXN-002039,WS/MP18308/2025,Jai Bholenath Majoor Sahakari Sanstha Maryadit,2098407.0,2026-08-05,2098407.0 - 2098407.0,0.0,LOW,Payment In-Progress
TXN-002040,WS/MP18130/2026,grampanchayat indora,494872.0,2026-07-17,494872.0 - 494872.0,0.0,LOW,Payment In-Progress
TXN-002041,WS/MP18067/2025,MS Sanjay Construction Kharak Bainsi Meham,11434.0,2026-08-24,20149.6 - 49635.2,-67.2306863385723,HIGH,Payment In-Progress
TXN-002042,WS/MP18067/2025,MS Sanjay Construction Kharak Bainsi Meham,5050.0,2026-08-24,20149.6 - 49635.2,-85.52693423209638,HIGH,Payment In-Progress
TXN-002043,WS/MP18067/2025,MS Sanjay Construction Kharak Bainsi Meham,49560.0,2026-08-24,20149.6 - 49635.2,42.03666127867386,MEDIUM,Payment In-Progress
TXN-002044,WS/MP18067/2025,MS Sanjay Construction Kharak Bainsi Meham,49560.0,2026-08-24,20149.6 - 49635.2,42.03666127867386,MEDIUM,Payment In-Progress
TXN-002045,WS/MP18067/2025,MS Sanjay Construction Kharak Bainsi Meham,49560.0,2026-08-24,20149.6 - 49635.2,42.03666127867386,MEDIUM,Payment In-Progress
TXN-002046,WS/MP18067/2025,MS Sanjay Construction Kharak Bainsi Meham,49560.0,2026-08-24,20149.6 - 49635.2,42.03666127867386,MEDIUM,Payment In-Progress
TXN-002047,WS/MP18067/2025,MS Sanjay Construction Kharak Bainsi Meham,49560.0,2026-08-24,20149.6 - 49635.2,42.03666127867386,MEDIUM,Payment In-Progress
TXN-002048,WS/MP18067/2025,MS Sanjay Construction Kharak Bainsi Meham,49560.0,2026-08-24,20149.6 - 49635.2,42.03666127867386,MEDIUM,Payment In-Progress
TXN-002049,WS/MP18067/2025,MS Sanjay Construction Kharak Bainsi Meham,49560.0,2026-08-24,20149.6 - 49635.2,42.03666127867386,MEDIUM,Payment In-Progress
TXN-002050,WS/MP18067/2025,MS Sanjay Construction Kharak Bainsi Meham,49560.0,2026-08-24,20149.6 - 49635.2,42.03666127867386,MEDIUM,Payment In-Progress
TXN-002051,WS/MP18067/2025,MS Sanjay Construction Kharak Bainsi Meham,49883.0,2026-08-24,20149.6 - 49635.2,42.962364297096215,MEDIUM,Payment In-Progress
TXN-002052,WS/MP18067/2025,MS Sanjay Construction Kharak Bainsi Meham,49560.0,2026-08-24,20149.6 - 49635.2,42.03666127867386,MEDIUM,Payment In-Progress
TXN-002053,WS/MP18067/2025,MS Sanjay Construction Kharak Bainsi Meham,49748.0,2026-08-24,20149.6 - 49635.2,42.57546055874631,MEDIUM,Payment In-Progress
TXN-002054,WS/MP18067/2025,MS Sanjay Construction Kharak Bainsi Meham,47554.0,2026-08-24,20149.6 - 49635.2,36.28755832215611,MEDIUM,Payment In-Progress
TXN-002055,WS/MP18067/2025,MS Sanjay Construction Kharak Bainsi Meham,47554.0,2026-08-24,20149.6 - 49635.2,36.28755832215611,MEDIUM,Payment In-Progress
TXN-002056,WS/MP18067/2025,MS Sanjay Construction Kharak Bainsi Meham,31706.0,2026-08-24,20149.6 - 49635.2,-9.132074606504572,LOW,Payment In-Progress
TXN-002057,WS/MP18067/2025,MS Sanjay Construction Kharak Bainsi Meham,25960.0,2026-08-24,20149.6 - 49635.2,-25.599844092123213,MEDIUM,Payment In-Progress
TXN-002058,WS/MP18067/2026,Mahadev Construction co,124245.0,2026-08-26,46414.4 - 440446.2,-48.960749750544636,MEDIUM,Payment In-Progress
TXN-002059,WS/MP18067/2026,Mahadev Construction co,1108127.0,2026-08-26,46414.4 - 440446.2,355.21325816876515,HIGH,Payment In-Progress
TXN-002060,WS/MP18067/2026,Mahadev Construction co,128488.0,2026-08-26,46414.4 - 440446.2,-47.217745695585165,MEDIUM,Payment In-Progress
TXN-002061,WS/MP18067/2026,Mahadev Construction co,76086.0,2026-08-26,46414.4 - 440446.2,-68.74423602977939,HIGH,Payment In-Progress
TXN-002062,WS/MP18067/2026,Mahadev Construction co,48984.0,2026-08-26,46414.4 - 440446.2,-79.87760767661216,HIGH,Payment In-Progress
TXN-002063,WS/MP18067/2026,Mahadev Construction co,53345.0,2026-08-26,46414.4 - 440446.2,-78.08612978745867,HIGH,Payment In-Progress
TXN-002064,WS/MP18067/2026,Mahadev Construction co,115762.0,2026-08-26,46414.4 - 440446.2,-52.445525474848466,HIGH,Payment In-Progress
TXN-002065,WS/MP18067/2026,Mahadev Construction co,36136.0,2026-08-26,46414.4 - 440446.2,-85.15550447088962,HIGH,Payment In-Progress
TXN-002066,WS/MP18067/2026,Mahadev Construction co,273526.0,2026-08-26,46414.4 - 440446.2,12.363169252143173,LOW,Payment In-Progress
TXN-002067,WS/MP852/2025,MOURIN ENTERPRISE,524312.0,2026-06-15,533258.7 - 604832.3,-7.86114642853691,LOW,Payment In-Progress
TXN-002068,WS/MP852/2025,MOURIN ENTERPRISE,613779.0,2026-06-15,533258.7 - 604832.3,7.86114642853691,LOW,Payment In-Progress
TXN-002069,WS/MP021/2026,CHAMPA,8418.0,2026-08-27,8418.0 - 8418.0,0.0,LOW,Payment In-Progress
TXN-002070,WS/MP18379/2026,Bilal Ahmad Lone,109224.0,2026-08-25,114279.2 - 154720.8,-18.792565055762083,LOW,Payment In-Progress
TXN-002071,WS/MP18379/2026,Bilal Ahmad Lone,159776.0,2026-08-25,114279.2 - 154720.8,18.792565055762083,LOW,Payment In-Progress
TXN-002072,WS/MP18345/2026,MS GAJENDRA SINGH CONTRACTOR,243606.0,2026-08-13,243606.0 - 243606.0,0.0,LOW,Payment In-Progress
TXN-002073,WS/MP18184/2026,M Saravanan,1720039.0,2026-06-24,1720039.0 - 1720039.0,0.0,LOW,Payment In-Progress
TXN-002074,WS/MP18172/2025,MS VINOD ENTERPRIES,210000.0,2026-07-16,210000.0 - 210000.0,0.0,LOW,Payment In-Progress
TXN-002075,WS/MP18104/2026,Sachiv gram panchyat Piperpani,30000.0,2026-08-27,30000.0 - 30000.0,0.0,LOW,Payment In-Progress
TXN-002076,WS/MP490/2025,RAVI CONSTRUCTION ASHOK KUMAR SONKAR,978928.0,2026-07-25,978928.0 - 978928.0,0.0,LOW,Payment In-Progress
TXN-002077,WS/MP021/2026,GEETA RAWAT,8418.0,2026-08-27,8418.0 - 8418.0,0.0,LOW,Payment In-Progress
TXN-002078,WS/MP578/2025,TUNA GRAM PANCHAYAT,200000.0,2026-08-19,200000.0 - 200000.0,0.0,LOW,Payment In-Progress
TXN-002079,WS/MP18170/2025,shri shyam construction company,275866.0,2026-07-24,275866.0 - 275866.0,0.0,LOW,Payment In-Progress
TXN-002080,WS/MP18240/2025,JAI MATA DI VP CONSTRUCTION,739130.0,2026-08-06,739130.0 - 739130.0,0.0,LOW,Payment In-Progress
TXN-002081,WS/MP18240/2025,JAI MATA DI VP CONSTRUCTION,739130.0,2026-08-06,739130.0 - 739130.0,0.0,LOW,Payment In-Progress
TXN-002082,WS/MP18240/2025,JAI MATA DI VP CONSTRUCTION,739130.0,2026-08-06,739130.0 - 739130.0,0.0,LOW,Payment In-Progress
TXN-002083,WS/MP18240/2025,JAI MATA DI VP CONSTRUCTION,739130.0,2026-08-06,739130.0 - 739130.0,0.0,LOW,Payment In-Progress
TXN-002084,WS/MP18240/2025,JAI MATA DI VP CONSTRUCTION,739130.0,2026-08-06,739130.0 - 739130.0,0.0,LOW,Payment In-Progress
TXN-002085,WS/MP18240/2025,JAI MATA DI VP CONSTRUCTION,739130.0,2026-08-06,739130.0 - 739130.0,0.0,LOW,Payment In-Progress
TXN-002086,WS/MP18240/2025,JAI MATA DI VP CONSTRUCTION,739130.0,2026-08-06,739130.0 - 739130.0,0.0,LOW,Payment In-Progress
TXN-002087,WS/MP18240/2025,JAI MATA DI VP CONSTRUCTION,739130.0,2026-08-06,739130.0 - 739130.0,0.0,LOW,Payment In-Progress
TXN-002088,WS/MP18240/2025,JAI MATA DI VP CONSTRUCTION,739130.0,2026-08-06,739130.0 - 739130.0,0.0,LOW,Payment In-Progress
TXN-002089,WS/MP18240/2025,JAI MATA DI VP CONSTRUCTION,739130.0,2026-08-06,739130.0 - 739130.0,0.0,LOW,Payment In-Progress
TXN-002090,WS/MP18240/2025,JAI MATA DI VP CONSTRUCTION,739130.0,2026-08-06,739130.0 - 739130.0,0.0,LOW,Payment In-Progress
TXN-002091,WS/MP18240/2025,JAI MATA DI VP CONSTRUCTION,739130.0,2026-08-06,739130.0 - 739130.0,0.0,LOW,Payment In-Progress
TXN-002092,WS/MP18240/2025,JAI MATA DI VP CONSTRUCTION,739130.0,2026-08-06,739130.0 - 739130.0,0.0,LOW,Payment In-Progress
TXN-002093,WS/MP18240/2025,JAI MATA DI VP CONSTRUCTION,739130.0,2026-08-06,739130.0 - 739130.0,0.0,LOW,Payment In-Progress
TXN-002094,WS/MP18240/2025,JAI MATA DI VP CONSTRUCTION,739130.0,2026-08-06,739130.0 - 739130.0,0.0,LOW,Payment In-Progress
TXN-002095,WS/MP18240/2025,JAI MATA DI VP CONSTRUCTION,739130.0,2026-08-06,739130.0 - 739130.0,0.0,LOW,Payment In-Progress
TXN-002096,WS/MP18240/2025,JAI MATA DI VP CONSTRUCTION,739130.0,2026-08-06,739130.0 - 739130.0,0.0,LOW,Payment In-Progress
TXN-002097,WS/MP18240/2025,JAI MATA DI VP CONSTRUCTION,739130.0,2026-08-06,739130.0 - 739130.0,0.0,LOW,Payment In-Progress
TXN-002098,WS/MP18240/2025,JAI MATA DI VP CONSTRUCTION,739130.0,2026-08-06,739130.0 - 739130.0,0.0,LOW,Payment In-Progress
TXN-002099,WS/MP18240/2025,JAI MATA DI VP CONSTRUCTION,739130.0,2026-08-06,739130.0 - 739130.0,0.0,LOW,Payment In-Progress
TXN-002100,WS/MP18240/2025,JAI MATA DI VP CONSTRUCTION,739130.0,2026-08-06,739130.0 - 739130.0,0.0,LOW,Payment In-Progress
TXN-002101,WS/MP18240/2025,JAI MATA DI VP CONSTRUCTION,739130.0,2026-08-06,739130.0 - 739130.0,0.0,LOW,Payment In-Progress
TXN-002102,WS/MP18240/2025,JAI MATA DI VP CONSTRUCTION,739130.0,2026-08-06,739130.0 - 739130.0,0.0,LOW,Payment In-Progress
TXN-002103,WS/MP18240/2025,JAI MATA DI VP CONSTRUCTION,739130.0,2026-08-06,739130.0 - 739130.0,0.0,LOW,Payment In-Progress
TXN-002104,WS/MP18240/2025,JAI MATA DI VP CONSTRUCTION,316770.0,2026-08-06,739130.0 - 739130.0,-57.14285714285714,HIGH,Payment In-Progress
TXN-002105,WS/MP18051/2026,NAGAR PALIKA PARISHAD BAGBAHARA,491700.0,2026-08-03,491700.0 - 491700.0,0.0,LOW,Payment In-Progress
TXN-002106,WS/MP18114/2026,AJINKYA YODDHA MAJOOR SAHAKARI SANSTHA M KAIJ,996401.0,2026-08-22,996401.0 - 996401.0,0.0,LOW,Payment In-Progress
TXN-002107,WS/MP719/2025,KAILASH MANGLA,15561.0,2026-08-06,15561.0 - 15561.0,0.0,LOW,Payment In-Progress
TXN-002108,WS/MP575/2025,SUHANI CONSTRUCTION,500000.0,2026-07-09,500000.0 - 500000.0,0.0,LOW,Payment In-Progress
TXN-002109,WS/MP575/2025,SUHANI CONSTRUCTION,500000.0,2026-07-09,500000.0 - 500000.0,0.0,LOW,Payment In-Progress
TXN-002110,WS/MP18384/2026,S KARUNANITHI,475405.0,2026-06-22,475405.0 - 475405.0,0.0,LOW,Payment In-Progress
TXN-002111,WS/MP18384/2026,S KARUNANITHI,475405.0,2026-06-22,475405.0 - 475405.0,0.0,LOW,Payment In-Progress
TXN-002112,WS/MP18124/2025,Utkasharsha Majoor Sahakaari Sanstha Maryadit,1798633.0,2026-08-06,1798633.0 - 1798633.0,0.0,LOW,Payment In-Progress
TXN-002113,WS/MP638/2024,DEEPAK KUMAR SHARMA,1176053.0,2026-08-25,1176092.6 - 1176266.2,-0.010746659905785366,LOW,Payment In-Progress
TXN-002114,WS/MP638/2024,DEEPAK KUMAR SHARMA,1176270.0,2026-08-25,1176092.6 - 1176266.2,0.007702906546407218,LOW,Payment In-Progress
TXN-002115,WS/MP638/2024,DEEPAK KUMAR SHARMA,1176251.0,2026-08-25,1176092.6 - 1176266.2,0.006087506718795886,LOW,Payment In-Progress
TXN-002116,WS/MP716/2025,Karamjeet Kaur,9637.0,2026-07-02,9637.0 - 9637.0,0.0,LOW,Payment In-Progress
TXN-002117,WS/MP716/2025,Karamjeet Kaur,9637.0,2026-07-02,9637.0 - 9637.0,0.0,LOW,Payment In-Progress
TXN-002118,WS/MP331/2025,MUKESH KUMAR,211000.0,2026-07-07,3532.1 - 152530.0,170.40517845139846,HIGH,Payment In-Progress
TXN-002119,WS/MP440/2025,GUPS CHERUPULASSERY,117924.0,2026-07-10,117924.0 - 117924.0,0.0,LOW,Payment In-Progress
TXN-002120,WS/MP18020/2026,CONSTRUCTION OF CULTURAL STAGE AT BARHARID NEAR SRI SRI KALIA NAMGHAR,240000.0,2026-08-18,240000.0 - 240000.0,0.0,LOW,Payment In-Progress
TXN-002121,WS/MP18312/2026,Vijayaragavan J,998687.0,2026-08-27,998687.0 - 998687.0,0.0,LOW,Payment In-Progress
TXN-002122,WS/MP021/2026,OM RAWAT,11615.0,2026-08-27,11615.0 - 11615.0,0.0,LOW,Payment In-Progress
TXN-002123,WS/MP490/2025,BAJRANG CONSTRUCTION,176528.0,2026-07-20,176528.0 - 176528.0,0.0,LOW,Payment In-Progress
TXN-002124,WS/MP852/2026,MONDAL ENTERPRISE,1384739.0,2026-06-24,1384739.0 - 1384739.0,0.0,LOW,Payment In-Progress
TXN-002125,WS/MP18314/2025,Jeet Electric Works Sekha,13000.0,2026-08-19,13000.0 - 13000.0,0.0,LOW,Payment In-Progress
TXN-002126,WS/MP716/2025,Shree Balaji Sanitary and Hardware Store,43901.0,2026-07-02,43901.0 - 43901.0,0.0,LOW,Payment In-Progress
TXN-002127,WS/MP716/2025,M J Cement Store and Building Material,24254.0,2026-07-02,24254.0 - 24254.0,0.0,LOW,Payment In-Progress
TXN-002128,WS/MP716/2025,Singla Bricks Manufacturing Company,121990.0,2026-07-02,121990.0 - 121990.0,0.0,LOW,Payment In-Progress
TXN-002129,WS/MP716/2025,S K Enterprises,53655.0,2026-07-02,78489.4 - 809424.6,-87.91437008539116,HIGH,Payment In-Progress
TXN-002130,WS/MP716/2025,R K Darshan Electric Store,20315.0,2026-07-02,20315.0 - 20315.0,0.0,LOW,Payment In-Progress
TXN-002131,WS/MP716/2025,Sha Mohamad,9637.0,2026-07-02,9637.0 - 9637.0,0.0,LOW,Payment In-Progress
TXN-002132,WS/MP716/2025,Baldev Singh,9637.0,2026-07-02,9637.0 - 9637.0,0.0,LOW,Payment In-Progress
TXN-002133,WS/MP716/2025,Rani Kaur,9637.0,2026-07-02,9637.0 - 9637.0,0.0,LOW,Payment In-Progress
TXN-002134,WS/MP716/2025,Hakam Khan,11109.0,2026-07-02,11109.0 - 11109.0,0.0,LOW,Payment In-Progress
TXN-002135,WS/MP716/2025,Feroz Khan,11109.0,2026-07-02,11109.0 - 11109.0,0.0,LOW,Payment In-Progress
TXN-002136,WS/MP18164/2025,Shri Khetarpal Ji Projects And Suppliers,472019.0,2026-08-17,472019.0 - 472019.0,0.0,LOW,Payment In-Progress
TXN-002137,WS/MP18115/2026,GRAN PANCHAYAT KORAMBHI,700000.0,2026-07-17,700000.0 - 700000.0,0.0,LOW,Payment In-Progress
TXN-002138,WS/MP18047/2026,MS Radhika Enterprises,243775.0,2026-08-04,243775.0 - 243775.0,0.0,LOW,Payment In-Progress
TXN-002139,WS/MP18184/2026,ELLAPPAN CONTRACTOR,1200000.0,2026-07-13,1200000.0 - 1200000.0,0.0,LOW,Payment In-Progress
TXN-002140,WS/MP18067/2025,INDO FARM EQUIPEMENT LTD,475750.0,2026-07-02,475750.0 - 475750.0,0.0,LOW,Payment In-Progress
TXN-002141,WS/MP18356/2026,SANJU SHIVAPPA JEEVANNAVAR,124708.0,2026-08-26,124708.0 - 124708.0,0.0,LOW,Payment In-Progress
TXN-002142,WS/MP18311/2025,GH LANDSCAPES,14000.0,2026-08-24,14000.0 - 14000.0,0.0,LOW,Payment In-Progress
TXN-002143,WS/MP719/2025,SANWARIYA CONSTRUCTION,440462.0,2026-08-20,440462.0 - 440462.0,0.0,LOW,Payment In-Progress
TXN-002144,WS/MP18145/2025,JE SALIPUR DILLIP KUMAR ROUL,300902.0,2026-08-21,300902.0 - 300902.0,0.0,LOW,Payment In-Progress
TXN-002145,WS/MP574/2025,AJIMANA GRAM PANCHAYAT,500000.0,2026-08-20,500000.0 - 500000.0,0.0,LOW,Payment In-Progress
TXN-002146,WS/MP389/2025,VASUDEV CONSTRUCTION CO,500000.0,2026-07-03,500000.0 - 500000.0,0.0,LOW,Payment In-Progress
TXN-002147,WS/MP18254/2024,MS CHOWDHURY CONSTRUCTION,1307006.0,2026-08-21,1307006.0 - 1307006.0,0.0,LOW,Payment In-Progress
TXN-002148,WS/MP716/2025,Gurpreet Singh,9257.0,2026-07-07,9257.0 - 9257.0,0.0,LOW,Payment In-Progress
TXN-002149,WS/MP623/2026,MAHANTESH B KULAKARNI,247155.0,2026-08-20,247155.0 - 247155.0,0.0,LOW,Payment In-Progress
TXN-002150,WS/MP18093/2025,RAJESH M R,490958.0,2026-07-17,490958.0 - 490958.0,0.0,LOW,Payment In-Progress
TXN-002151,WS/MP18093/2025,Deepak M B,490803.0,2026-07-18,490803.0 - 490803.0,0.0,LOW,Payment In-Progress
TXN-002152,WS/MP18172/2026,Mahila Mandal,510.0,2026-07-21,1782.0 - 23272.3,-95.92884255397277,HIGH,Payment In-Progress
TXN-002153,WS/MP18172/2026,Mahila Mandal,15041.0,2026-07-21,1782.0 - 23272.3,20.06721401116773,MEDIUM,Payment In-Progress
TXN-002154,WS/MP18172/2026,Mahila Mandal,26800.0,2026-07-21,1782.0 - 23272.3,113.93533245790141,HIGH,Payment In-Progress
TXN-002155,WS/MP18172/2026,Mahila Mandal,4750.0,2026-07-21,1782.0 - 23272.3,-62.08235712033464,HIGH,Payment In-Progress
TXN-002156,WS/MP18161/2025,guddi devi,499397.0,2026-08-25,6022.8 - 799053.2,24.06207612697433,MEDIUM,Payment In-Progress
TXN-002157,WS/MP18161/2025,guddi devi,351104.0,2026-08-25,6022.8 - 799053.2,-12.77742722426207,LOW,Payment In-Progress
TXN-002158,WS/MP18127/2026,ROSHAN PANDURANG BODKE,999000.0,2026-08-27,729766.8 - 969085.2,17.60883231735313,LOW,Payment In-Progress
TXN-002159,WS/MP18127/2026,ROSHAN PANDURANG BODKE,699852.0,2026-08-27,729766.8 - 969085.2,-17.60883231735313,LOW,Payment In-Progress
TXN-002160,WS/MP18321/2025,MUDETI GRAM PANCHAYAT,500000.0,2026-08-25,500000.0 - 500000.0,0.0,LOW,Payment In-Progress
TXN-002161,WS/MP18082/2025,LAKSHMANA,571836.0,2026-07-27,571836.0 - 571836.0,0.0,LOW,Payment In-Progress
TXN-002162,WS/MP18172/2025,HAKRU MEENA,19890.0,2026-08-27,19890.0 - 19890.0,0.0,LOW,Payment In-Progress
TXN-002163,WS/MP18172/2025,SHIV LAL MEENA,19890.0,2026-08-27,6777.0 - 18433.0,57.794525981753274,HIGH,Payment In-Progress
TXN-002164,WS/MP18172/2025,SHYAMA BAI,14820.0,2026-08-27,14820.0 - 14820.0,0.0,LOW,Payment In-Progress
TXN-002165,WS/MP18172/2025,RAMKANYA BAI,14820.0,2026-08-27,14820.0 - 14820.0,0.0,LOW,Payment In-Progress
TXN-002166,WS/MP18172/2025,DEVLI,14820.0,2026-08-27,14820.0 - 14820.0,0.0,LOW,Payment In-Progress
TXN-002167,WS/MP18172/2025,GOPAL LAL MEENA,19890.0,2026-08-27,19890.0 - 19890.0,0.0,LOW,Payment In-Progress
TXN-002168,WS/MP18310/2026,Amiya Ku Das,1000000.0,2026-08-25,500000.0 - 900000.0,42.857142857142854,MEDIUM,Payment In-Progress
TXN-002169,WS/MP18310/2025,Amiya Ku Das,500000.0,2026-08-25,500000.0 - 900000.0,-28.57142857142857,MEDIUM,Payment In-Progress
TXN-002170,WS/MP18379/2026,MS Manzoor Builders,498400.0,2026-08-21,508400.0 - 588400.0,-9.117432530999272,LOW,Payment In-Progress
TXN-002171,WS/MP18172/2025,CHETAN PRAKASH MEENA,19890.0,2026-08-27,19890.0 - 19890.0,0.0,LOW,Payment In-Progress
TXN-002172,WS/MP18172/2025,SIMA BAI,14820.0,2026-08-27,14820.0 - 14820.0,0.0,LOW,Payment In-Progress
TXN-002173,WS/MP18380/2026,G H ENTERPRISES,103263.0,2026-07-08,103263.0 - 103263.0,0.0,LOW,Payment In-Progress
TXN-002174,WS/MP18380/2026,G H ENTERPRISES,103263.0,2026-07-08,103263.0 - 103263.0,0.0,LOW,Payment In-Progress
TXN-002175,WS/MP18380/2026,G H ENTERPRISES,103263.0,2026-07-08,103263.0 - 103263.0,0.0,LOW,Payment In-Progress
TXN-002176,WS/MP18380/2026,G H ENTERPRISES,103263.0,2026-07-08,103263.0 - 103263.0,0.0,LOW,Payment In-Progress
TXN-002177,WS/MP18380/2026,G H ENTERPRISES,103263.0,2026-07-08,103263.0 - 103263.0,0.0,LOW,Payment In-Progress
TXN-002178,WS/MP18380/2026,G H ENTERPRISES,103263.0,2026-07-08,103263.0 - 103263.0,0.0,LOW,Payment In-Progress
TXN-002179,WS/MP18380/2026,G H ENTERPRISES,103263.0,2026-07-08,103263.0 - 103263.0,0.0,LOW,Payment In-Progress
TXN-002180,WS/MP18380/2026,G H ENTERPRISES,103263.0,2026-07-08,103263.0 - 103263.0,0.0,LOW,Payment In-Progress
TXN-002181,WS/MP18380/2026,G H ENTERPRISES,103263.0,2026-07-08,103263.0 - 103263.0,0.0,LOW,Payment In-Progress
TXN-002182,WS/MP18380/2026,G H ENTERPRISES,103263.0,2026-07-08,103263.0 - 103263.0,0.0,LOW,Payment In-Progress
TXN-002183,WS/MP18380/2026,G H ENTERPRISES,103263.0,2026-07-08,103263.0 - 103263.0,0.0,LOW,Payment In-Progress
TXN-002184,WS/MP18380/2026,G H ENTERPRISES,103263.0,2026-07-08,103263.0 - 103263.0,0.0,LOW,Payment In-Progress
TXN-002185,WS/MP18380/2026,G H ENTERPRISES,103263.0,2026-07-08,103263.0 - 103263.0,0.0,LOW,Payment In-Progress
TXN-002186,WS/MP18380/2026,G H ENTERPRISES,103263.0,2026-07-08,103263.0 - 103263.0,0.0,LOW,Payment In-Progress
TXN-002187,WS/MP18380/2026,G H ENTERPRISES,103263.0,2026-07-08,103263.0 - 103263.0,0.0,LOW,Payment In-Progress
TXN-002188,WS/MP18380/2026,G H ENTERPRISES,103263.0,2026-07-08,103263.0 - 103263.0,0.0,LOW,Payment In-Progress
TXN-002189,WS/MP18380/2026,G H ENTERPRISES,103263.0,2026-07-08,103263.0 - 103263.0,0.0,LOW,Payment In-Progress
TXN-002190,WS/MP18380/2026,G H ENTERPRISES,103263.0,2026-07-08,103263.0 - 103263.0,0.0,LOW,Payment In-Progress
TXN-002191,WS/MP18380/2026,G H ENTERPRISES,103263.0,2026-07-08,103263.0 - 103263.0,0.0,LOW,Payment In-Progress
TXN-002192,WS/MP18380/2026,G H ENTERPRISES,103263.0,2026-07-08,103263.0 - 103263.0,0.0,LOW,Payment In-Progress
TXN-002193,WS/MP18380/2026,G H ENTERPRISES,103263.0,2026-07-08,103263.0 - 103263.0,0.0,LOW,Payment In-Progress
TXN-002194,WS/MP18380/2026,G H ENTERPRISES,103263.0,2026-07-08,103263.0 - 103263.0,0.0,LOW,Payment In-Progress
TXN-002195,WS/MP18380/2026,G H ENTERPRISES,103263.0,2026-07-08,103263.0 - 103263.0,0.0,LOW,Payment In-Progress
TXN-002196,WS/MP18380/2026,G H ENTERPRISES,103263.0,2026-07-08,103263.0 - 103263.0,0.0,LOW,Payment In-Progress
TXN-002197,WS/MP18380/2026,G H ENTERPRISES,103263.0,2026-07-08,103263.0 - 103263.0,0.0,LOW,Payment In-Progress
TXN-002198,WS/MP18380/2026,G H ENTERPRISES,103263.0,2026-07-08,103263.0 - 103263.0,0.0,LOW,Payment In-Progress
TXN-002199,WS/MP18380/2026,G H ENTERPRISES,103263.0,2026-07-08,103263.0 - 103263.0,0.0,LOW,Payment In-Progress
TXN-002200,WS/MP18380/2026,G H ENTERPRISES,103263.0,2026-07-08,103263.0 - 103263.0,0.0,LOW,Payment In-Progress
TXN-002201,WS/MP18380/2026,G H ENTERPRISES,103263.0,2026-07-08,103263.0 - 103263.0,0.0,LOW,Payment In-Progress
TXN-002202,WS/MP18380/2026,G H ENTERPRISES,103263.0,2026-07-08,103263.0 - 103263.0,0.0,LOW,Payment In-Progress
TXN-002203,WS/MP18380/2026,G H ENTERPRISES,103263.0,2026-07-08,103263.0 - 103263.0,0.0,LOW,Payment In-Progress
TXN-002204,WS/MP18380/2026,G H ENTERPRISES,103263.0,2026-07-08,103263.0 - 103263.0,0.0,LOW,Payment In-Progress
TXN-002205,WS/MP18380/2026,G H ENTERPRISES,103263.0,2026-07-09,103263.0 - 103263.0,0.0,LOW,Payment In-Progress
TXN-002206,WS/MP18380/2026,G H ENTERPRISES,103263.0,2026-07-09,103263.0 - 103263.0,0.0,LOW,Payment In-Progress
TXN-002207,WS/MP18380/2026,G H ENTERPRISES,103263.0,2026-07-09,103263.0 - 103263.0,0.0,LOW,Payment In-Progress
TXN-002208,WS/MP18380/2026,G H ENTERPRISES,103263.0,2026-07-09,103263.0 - 103263.0,0.0,LOW,Payment In-Progress
TXN-002209,WS/MP18380/2026,G H ENTERPRISES,103263.0,2026-07-09,103263.0 - 103263.0,0.0,LOW,Payment In-Progress
TXN-002210,WS/MP18380/2026,G H ENTERPRISES,103263.0,2026-07-09,103263.0 - 103263.0,0.0,LOW,Payment In-Progress
TXN-002211,WS/MP18380/2026,G H ENTERPRISES,103263.0,2026-07-09,103263.0 - 103263.0,0.0,LOW,Payment In-Progress
TXN-002212,WS/MP18380/2026,G H ENTERPRISES,103263.0,2026-07-09,103263.0 - 103263.0,0.0,LOW,Payment In-Progress
TXN-002213,WS/MP18380/2026,G H ENTERPRISES,103263.0,2026-07-09,103263.0 - 103263.0,0.0,LOW,Payment In-Progress
TXN-002214,WS/MP18380/2026,G H ENTERPRISES,103263.0,2026-07-08,103263.0 - 103263.0,0.0,LOW,Payment In-Progress
TXN-002215,WS/MP18380/2026,G H ENTERPRISES,103263.0,2026-07-08,103263.0 - 103263.0,0.0,LOW,Payment In-Progress
TXN-002216,WS/MP18380/2026,G H ENTERPRISES,103263.0,2026-07-08,103263.0 - 103263.0,0.0,LOW,Payment In-Progress
TXN-002217,WS/MP18380/2026,G H ENTERPRISES,103263.0,2026-07-08,103263.0 - 103263.0,0.0,LOW,Payment In-Progress
TXN-002218,WS/MP18380/2026,G H ENTERPRISES,103263.0,2026-07-08,103263.0 - 103263.0,0.0,LOW,Payment In-Progress
TXN-002219,WS/MP18380/2026,G H ENTERPRISES,103263.0,2026-07-08,103263.0 - 103263.0,0.0,LOW,Payment In-Progress
TXN-002220,WS/MP18380/2026,G H ENTERPRISES,103263.0,2026-07-08,103263.0 - 103263.0,0.0,LOW,Payment In-Progress
TXN-002221,WS/MP18380/2026,G H ENTERPRISES,103263.0,2026-07-08,103263.0 - 103263.0,0.0,LOW,Payment In-Progress
TXN-002222,WS/MP18380/2026,G H ENTERPRISES,103263.0,2026-07-08,103263.0 - 103263.0,0.0,LOW,Payment In-Progress
TXN-002223,WS/MP18380/2026,G H ENTERPRISES,103263.0,2026-07-08,103263.0 - 103263.0,0.0,LOW,Payment In-Progress
TXN-002224,WS/MP18380/2026,G H ENTERPRISES,103263.0,2026-07-08,103263.0 - 103263.0,0.0,LOW,Payment In-Progress
TXN-002225,WS/MP18380/2026,G H ENTERPRISES,103263.0,2026-07-08,103263.0 - 103263.0,0.0,LOW,Payment In-Progress
TXN-002226,WS/MP18380/2026,G H ENTERPRISES,103263.0,2026-07-08,103263.0 - 103263.0,0.0,LOW,Payment In-Progress
TXN-002227,WS/MP18380/2026,G H ENTERPRISES,103263.0,2026-07-08,103263.0 - 103263.0,0.0,LOW,Payment In-Progress
TXN-002228,WS/MP18380/2026,G H ENTERPRISES,103263.0,2026-07-08,103263.0 - 103263.0,0.0,LOW,Payment In-Progress
TXN-002229,WS/MP18380/2026,G H ENTERPRISES,103263.0,2026-07-08,103263.0 - 103263.0,0.0,LOW,Payment In-Progress
TXN-002230,WS/MP18380/2026,G H ENTERPRISES,103263.0,2026-07-08,103263.0 - 103263.0,0.0,LOW,Payment In-Progress
TXN-002231,WS/MP18380/2026,G H ENTERPRISES,103263.0,2026-07-08,103263.0 - 103263.0,0.0,LOW,Payment In-Progress
TXN-002232,WS/MP18380/2026,G H ENTERPRISES,103263.0,2026-07-08,103263.0 - 103263.0,0.0,LOW,Payment In-Progress
TXN-002233,WS/MP18380/2026,G H ENTERPRISES,103263.0,2026-07-08,103263.0 - 103263.0,0.0,LOW,Payment In-Progress
TXN-002234,WS/MP18380/2026,G H ENTERPRISES,103263.0,2026-07-08,103263.0 - 103263.0,0.0,LOW,Payment In-Progress
TXN-002235,WS/MP18380/2026,G H ENTERPRISES,103263.0,2026-07-08,103263.0 - 103263.0,0.0,LOW,Payment In-Progress
TXN-002236,WS/MP18380/2026,G H ENTERPRISES,103263.0,2026-07-08,103263.0 - 103263.0,0.0,LOW,Payment In-Progress
TXN-002237,WS/MP18380/2026,G H ENTERPRISES,103263.0,2026-07-08,103263.0 - 103263.0,0.0,LOW,Payment In-Progress
TXN-002238,WS/MP18380/2026,G H ENTERPRISES,103263.0,2026-07-08,103263.0 - 103263.0,0.0,LOW,Payment In-Progress
TXN-002239,WS/MP18380/2026,G H ENTERPRISES,103263.0,2026-07-08,103263.0 - 103263.0,0.0,LOW,Payment In-Progress
TXN-002240,WS/MP18380/2026,G H ENTERPRISES,103263.0,2026-07-08,103263.0 - 103263.0,0.0,LOW,Payment In-Progress
TXN-002241,WS/MP18380/2026,G H ENTERPRISES,103263.0,2026-07-08,103263.0 - 103263.0,0.0,LOW,Payment In-Progress
TXN-002242,WS/MP453/2025,AE SUNITA MAHARA NANDAPUR 3,300000.0,2026-08-23,260000.0 - 300000.0,7.142857142857142,LOW,Payment In-Progress
TXN-002243,WS/MP18184/2026,PANDIAN V Contractor,1482499.0,2026-07-13,1482499.0 - 1482499.0,0.0,LOW,Payment In-Progress
TXN-002244,WS/MP490/2025,MAHADEV ENTERPRISES,857034.0,2026-07-25,857034.0 - 857034.0,0.0,LOW,Payment In-Progress
TXN-002245,WS/MP18314/2026,SKYBOAT MARKETING,156900.0,2026-08-17,156900.0 - 156900.0,0.0,LOW,Payment In-Progress
TXN-002246,WS/MP716/2025,Ms Sikander Industries,48705.0,2026-08-21,42402.0 - 48705.0,6.918238993710692,LOW,Payment In-Progress
TXN-002247,WS/MP716/2025,Ms Sikander Industries,46986.0,2026-08-21,42402.0 - 48705.0,3.1446540880503147,LOW,Payment In-Progress
TXN-002248,WS/MP716/2025,Ms Sikander Industries,45840.0,2026-08-21,42402.0 - 48705.0,0.628930817610063,LOW,Payment In-Progress
TXN-002249,WS/MP716/2025,Ms Sikander Industries,48705.0,2026-08-21,42402.0 - 48705.0,6.918238993710692,LOW,Payment In-Progress
TXN-002250,WS/MP716/2025,Ms Sikander Industries,40110.0,2026-08-21,42402.0 - 48705.0,-11.949685534591195,LOW,Payment In-Progress
TXN-002251,WS/MP716/2025,Parkash Chand Pawan Kumar,29110.0,2026-08-21,24469.7 - 30837.3,5.266964398719873,LOW,Payment In-Progress
TXN-002252,WS/MP716/2025,Parkash Chand Pawan Kumar,22481.0,2026-08-21,24469.7 - 30837.3,-18.704684759614516,LOW,Payment In-Progress
TXN-002253,WS/MP716/2025,Parkash Chand Pawan Kumar,30124.0,2026-08-21,24469.7 - 30837.3,8.933769685573255,LOW,Payment In-Progress
TXN-002254,WS/MP716/2025,Parkash Chand Pawan Kumar,31143.0,2026-08-21,24469.7 - 30837.3,12.618655866346032,LOW,Payment In-Progress
TXN-002255,WS/MP18060/2025,The shri Coop l and c society ltd,486703.0,2026-08-27,486703.0 - 486703.0,0.0,LOW,Payment In-Progress
TXN-002256,WS/MP18172/2025,MEWAR CONSTRUCTION AND BUILDERS,299800.0,2026-07-09,299800.0 - 299800.0,0.0,LOW,Payment In-Progress
TXN-002257,WS/MP18124/2025,kalpesh vasant vichare,1498862.0,2026-08-03,1498862.0 - 1498862.0,0.0,LOW,Payment In-Progress
TXN-002258,WS/MP642/2026,SHREE KRIPA ENTERPRISES SATNA,291965.0,2026-08-27,75363.0 - 259005.6,74.63661360546416,HIGH,Payment In-Progress
TXN-002259,WS/MP642/2026,SHREE KRIPA ENTERPRISES SATNA,245954.0,2026-08-27,75363.0 - 259005.6,47.1154887151485,MEDIUM,Payment In-Progress
TXN-002260,WS/MP642/2026,SHREE KRIPA ENTERPRISES SATNA,233565.0,2026-08-27,75363.0 - 259005.6,39.705103888343594,MEDIUM,Payment In-Progress
TXN-002261,WS/MP642/2026,SHREE KRIPA ENTERPRISES SATNA,213779.0,2026-08-27,75363.0 - 259005.6,27.87026054479997,MEDIUM,Payment In-Progress
TXN-002262,WS/MP642/2026,SHREE KRIPA ENTERPRISES SATNA,220725.0,2026-08-27,75363.0 - 259005.6,32.02495688889448,MEDIUM,Payment In-Progress
TXN-002263,WS/MP642/2026,SHREE KRIPA ENTERPRISES SATNA,203207.0,2026-08-27,75363.0 - 259005.6,21.546700258337665,MEDIUM,Payment In-Progress
TXN-002264,WS/MP642/2026,SHREE KRIPA ENTERPRISES SATNA,256842.0,2026-08-27,75363.0 - 259005.6,53.62806196514865,HIGH,Payment In-Progress
TXN-002265,WS/MP642/2026,SHREE KRIPA ENTERPRISES SATNA,211794.0,2026-08-27,75363.0 - 259005.6,26.682948099791677,MEDIUM,Payment In-Progress
TXN-002266,WS/MP642/2026,SHREE KRIPA ENTERPRISES SATNA,211478.0,2026-08-27,75363.0 - 259005.6,26.493935136253832,MEDIUM,Payment In-Progress
TXN-002267,WS/MP642/2026,SHREE KRIPA ENTERPRISES SATNA,159462.0,2026-08-27,75363.0 - 259005.6,-4.6190342035705445,LOW,Payment In-Progress
TXN-002268,WS/MP642/2026,SHREE KRIPA ENTERPRISES SATNA,217389.0,2026-08-27,75363.0 - 259005.6,30.02955421053294,MEDIUM,Payment In-Progress
TXN-002269,WS/MP642/2026,SHREE KRIPA ENTERPRISES SATNA,49611.0,2026-08-27,75363.0 - 259005.6,-70.32556286684814,HIGH,Payment In-Progress
TXN-002270,WS/MP642/2026,SHREE KRIPA ENTERPRISES SATNA,221633.0,2026-08-27,75363.0 - 259005.6,32.568070087920944,MEDIUM,Payment In-Progress
TXN-002271,WS/MP642/2026,SHREE KRIPA ENTERPRISES SATNA,209674.0,2026-08-27,75363.0 - 259005.6,25.414886445677027,MEDIUM,Payment In-Progress
TXN-002272,WS/MP642/2026,SHREE KRIPA ENTERPRISES SATNA,161042.0,2026-08-27,75363.0 - 259005.6,-3.6739693858813234,LOW,Payment In-Progress
TXN-002273,WS/MP642/2026,SHREE KRIPA ENTERPRISES SATNA,161042.0,2026-08-27,75363.0 - 259005.6,-3.6739693858813234,LOW,Payment In-Progress
TXN-002274,WS/MP18276/2025,PALASNI JUTH GRAM PANCHAYAT,200000.0,2026-08-05,200000.0 - 200000.0,0.0,LOW,Payment In-Progress
TXN-002275,WS/MP716/2025,bhana ram,10056.0,2026-08-21,10056.0 - 10056.0,0.0,LOW,Payment In-Progress
TXN-002276,WS/MP716/2025,Gulab singh,11592.0,2026-08-21,11592.0 - 11592.0,0.0,LOW,Payment In-Progress
TXN-002277,WS/MP18311/2026,MODERN METAL CRAFTS,350000.0,2026-08-26,305000.0 - 345000.0,7.6923076923076925,LOW,Payment In-Progress
TXN-002278,WS/MP18311/2026,MODERN METAL CRAFTS,325000.0,2026-08-21,305000.0 - 345000.0,0.0,LOW,Payment In-Progress
TXN-002279,WS/MP18335/2025,SARPANCH SACHIV DP DHAURABHANTA,400000.0,2026-07-30,400000.0 - 400000.0,0.0,LOW,Payment In-Progress
TXN-002280,WS/MP18133/2025,Namdev Avinash Nazare,413190.0,2026-08-25,413190.0 - 413190.0,0.0,LOW,Payment In-Progress
TXN-002281,WS/MP18117/2026,PUTALAI MAJOR SAHAKARI SANSTHA MARYAD NAVISHEMALI,989456.0,2026-08-07,989456.0 - 989456.0,0.0,LOW,Payment In-Progress
TXN-002282,WS/MP18117/2026,PUTALAI MAJOR SAHAKARI SANSTHA MARYAD NAVISHEMALI,989456.0,2026-08-07,989456.0 - 989456.0,0.0,LOW,Payment In-Progress
TXN-002283,WS/MP18164/2026,SHIVAJI ENTERPRISES,474340.0,2026-08-14,474340.0 - 474340.0,0.0,LOW,Payment In-Progress
TXN-002284,WS/MP18232/2026,EDD SARDHANA MEERUT,67055.0,2026-07-15,74778.5 - 136566.5,-36.54451252691098,MEDIUM,Payment In-Progress
TXN-002285,WS/MP18232/2026,EDD SARDHANA MEERUT,144290.0,2026-07-21,74778.5 - 136566.5,36.54451252691098,MEDIUM,Payment In-Progress
TXN-002286,WS/MP18083/2025,PRAKHYATH RAJ SHETTY,199857.0,2026-08-04,228821.7 - 298280.6,-24.16766157157729,MEDIUM,Payment In-Progress
TXN-002287,WS/MP18309/2026,Jamindro R Marak,100000.0,2026-07-22,100000.0 - 100000.0,0.0,LOW,Payment In-Progress
TXN-002288,WS/MP18202/2025,EX ENGINEER EDD II,151313.0,2026-08-07,151313.0 - 151313.0,0.0,LOW,Payment In-Progress
TXN-002289,WS/MP18320/2025,BHACHALVA GRAM PANCHAYAT,300000.0,2026-07-14,300000.0 - 300000.0,0.0,LOW,Payment In-Progress
TXN-002290,WS/MP584/2025,RAJESHBHAI R PRAJAPATI,378983.0,2026-08-04,358367.6 - 376692.4,3.1162082006911,LOW,Payment In-Progress
TXN-002291,WS/MP584/2025,RAJESHBHAI R PRAJAPATI,356077.0,2026-08-04,358367.6 - 376692.4,-3.1162082006911,LOW,Payment In-Progress
TXN-002292,WS/MP751/2026,ALAGARSAMY P,2566137.0,2026-07-15,2566137.0 - 2566137.0,0.0,LOW,Payment In-Progress
TXN-002293,WS/MP18028/2025,BISWAJIT DEB,57345.0,2026-08-27,55212.0 - 57108.0,2.110042735042735,LOW,Payment In-Progress
TXN-002294,WS/MP18028/2025,BISWAJIT DEB,54975.0,2026-08-27,55212.0 - 57108.0,-2.110042735042735,LOW,Payment In-Progress
TXN-002295,WS/MP431/2025,WIN POWER CONSTRUCTION CO,438500.0,2026-07-22,438500.0 - 438500.0,0.0,LOW,Payment In-Progress
TXN-002296,WS/MP18242/2025,Gaur Construction,9707139.0,2026-08-07,9707139.0 - 9707139.0,0.0,LOW,Payment In-Progress
TXN-002297,WS/MP18232/2026,RAJHANS,239953.0,2026-08-20,239953.0 - 239953.0,0.0,LOW,Payment In-Progress
TXN-002298,WS/MP18112/2025,BHOJRAJ MAJOOR SAH SANTHA SAWNER,397004.0,2026-07-20,397004.0 - 397004.0,0.0,LOW,Payment In-Progress
TXN-002299,WS/MP18346/2025,Savita,209872.0,2026-07-23,134641.6 - 269747.2,3.7971378040143424,LOW,Payment In-Progress
TXN-002300,WS/MP18346/2025,Savita,284716.0,2026-07-23,134641.6 - 269747.2,40.812999766561276,MEDIUM,Payment In-Progress
TXN-002301,WS/MP18209/2025,GAURAV BALIYAN CONTRACTOR,605340.0,2026-08-20,605340.0 - 605340.0,0.0,LOW,Payment In-Progress
TXN-002302,WS/MP620/2025,Nagaraj Gosal,495160.0,2026-07-30,495195.3 - 495477.7,-0.03563234286187268,LOW,Payment In-Progress
TXN-002303,WS/MP620/2025,Nagaraj Gosal,495513.0,2026-07-30,495195.3 - 495477.7,0.03563234286187268,LOW,Payment In-Progress
TXN-002304,WS/MP18225/2025,CHARAN CONSTRUCTION,971506.0,2026-07-27,971506.0 - 971506.0,0.0,LOW,Payment In-Progress
TXN-002305,WS/MP588/2025,KRISHNA CONSTRUCTION,720042.0,2026-08-06,720042.0 - 720042.0,0.0,LOW,Payment In-Progress
TXN-002306,WS/MP18076/2026,T N ANANDA,490000.0,2026-08-14,490000.0 - 490000.0,0.0,LOW,Payment In-Progress
TXN-002307,WS/MP524/2025,VA MURALIDHAR,365698.0,2026-08-06,365698.0 - 365698.0,0.0,LOW,Payment In-Progress
TXN-002308,WS/MP673/2026,Rajiv Majur Sah So Ltd,697773.0,2026-08-25,697773.0 - 697773.0,0.0,LOW,Payment In-Progress
TXN-002309,WS/MP490/2025,SAI SHARAN CONSTRUCTION CO,640858.0,2026-08-12,273075.6 - 793125.2,20.21337819292578,MEDIUM,Payment In-Progress
TXN-002310,WS/MP490/2025,SAI SHARAN CONSTRUCTION CO,831192.0,2026-08-12,273075.6 - 793125.2,55.91659657355352,HIGH,Payment In-Progress
TXN-002311,WS/MP490/2025,SAI SHARAN CONSTRUCTION CO,181130.0,2026-07-25,273075.6 - 793125.2,-66.02328567001638,HIGH,Payment In-Progress
TXN-002312,WS/MP18112/2025,VIKRANT RAJENDRA INGOLE,894209.0,2026-08-05,894209.0 - 894209.0,0.0,LOW,Payment In-Progress
TXN-002313,WS/MP584/2025,Vishri Construction And Paver Block,424168.0,2026-08-04,424168.0 - 424168.0,0.0,LOW,Payment In-Progress
TXN-002314,WS/MP584/2026,JAY SOMNATH CONSTRUCTION,199843.0,2026-08-04,199843.0 - 199843.0,0.0,LOW,Payment In-Progress
TXN-002315,WS/MP18082/2025,SHIVANNA T,300000.0,2026-07-18,300000.0 - 300000.0,0.0,LOW,Payment In-Progress
TXN-002316,WS/MP623/2026,TANVEER ABIDALI LASHKARI,225000.0,2026-08-07,225000.0 - 371250.0,-24.528301886792452,MEDIUM,Payment In-Progress
TXN-002317,WS/MP829/2025,DILSHAN CONSTRUCTION,176495.0,2026-08-19,177974.4 - 189809.6,-4.022469710482239,LOW,Payment In-Progress
TXN-002318,WS/MP623/2026,ASHWATHAM SHASAPPA REBINAL,225000.0,2026-08-07,225000.0 - 225000.0,0.0,LOW,Payment In-Progress
TXN-002319,WS/MP18169/2025,Contractor Bhagwat Singh Chundawat,498972.0,2026-08-19,498972.0 - 498972.0,0.0,LOW,Payment In-Progress
TXN-002320,WS/MP18212/2025,BACCHI DEVI SHIVRAJ SINGH SIKSHA SEWA SANSTHAN,400000.0,2026-08-04,400000.0 - 400000.0,0.0,LOW,Payment In-Progress
TXN-002321,WS/MP18025/2025,UTPAL SAIKIA,491743.0,2026-08-27,491743.0 - 491743.0,0.0,LOW,Payment In-Progress
TXN-002322,WS/MP18082/2025,RANGANATH V K,499478.0,2026-08-14,499478.0 - 499478.0,0.0,LOW,Payment In-Progress
TXN-002323,WS/MP18082/2025,JAYARAMAIAH,499964.0,2026-08-14,499964.0 - 499964.0,0.0,LOW,Payment In-Progress
TXN-002324,WS/MP18082/2025,RAMESH G M,499459.0,2026-08-14,499509.5 - 499913.5,-0.05052915532262115,LOW,Payment In-Progress
TXN-002325,WS/MP18082/2025,RAMESH G M,499964.0,2026-08-14,499509.5 - 499913.5,0.05052915532262115,LOW,Payment In-Progress
TXN-002326,WS/MP852/2025,MD ROFIKUL ISLAM,593883.0,2026-08-23,593883.0 - 593883.0,0.0,LOW,Payment In-Progress
TXN-002327,WS/MP18165/2026,JAIPUR VIDYUT VITRAN NIGAM LIMITED,2191248.0,2026-08-17,2191248.0 - 2191248.0,0.0,LOW,Payment In-Progress
TXN-002328,WS/MP18137/2026,Khanduli Village Organisation,250000.0,2026-08-20,250000.0 - 250000.0,0.0,LOW,Payment In-Progress
TXN-002329,WS/MP18083/2026,MANOHARA,499590.0,2026-07-25,499590.0 - 499590.0,0.0,LOW,Payment In-Progress
TXN-002330,WS/MP18170/2025,STAR GALAXY NUTRITION,300000.0,2026-07-24,300000.0 - 300000.0,0.0,LOW,Payment In-Progress
TXN-002331,WS/MP18162/2025,SHREE BALAJI CONSRTUCTION CO,368458.0,2026-08-18,368458.0 - 368458.0,0.0,LOW,Payment In-Progress
TXN-002332,WS/MP18127/2026,SAGAR RAJARAM MATALE,986000.0,2026-08-21,986000.0 - 986000.0,0.0,LOW,Payment In-Progress
TXN-002333,WS/MP18086/2026,Prasannakumar K S,375000.0,2026-08-25,238434.0 - 359826.0,25.363554307491725,MEDIUM,Payment In-Progress
TXN-002334,WS/MP446/2026,GRAM PANCHAYAT PAHADI WAVAN,360000.0,2026-08-20,360000.0 - 360000.0,0.0,LOW,Payment In-Progress
TXN-002335,WS/MP18103/2026,A J CONSTRUCTION,559057.0,2026-08-25,559057.0 - 559057.0,0.0,LOW,Payment In-Progress
TXN-002336,WS/MP446/2026,GRAM PANCHAYAT NAYAGAON,360000.0,2026-08-25,360000.0 - 360000.0,0.0,LOW,Payment In-Progress
TXN-002337,WS/MP446/2026,GRAM PANCHAYAT DHAWAD,600000.0,2026-08-21,600000.0 - 600000.0,0.0,LOW,Payment In-Progress
TXN-002338,WS/MP815/2025,NAVEEN ENTERPRISES,673112.0,2026-08-07,221972.0 - 221972.0,203.24185032346423,HIGH,Payment In-Progress
TXN-002339,WS/MP815/2025,NAVEEN ENTERPRISES,673112.0,2026-08-07,221972.0 - 221972.0,203.24185032346423,HIGH,Payment In-Progress
TXN-002340,WS/MP815/2026,NAVEEN ENTERPRISES,221972.0,2026-08-10,221972.0 - 221972.0,0.0,LOW,Payment In-Progress
TXN-002341,WS/MP815/2026,NAVEEN ENTERPRISES,221972.0,2026-08-10,221972.0 - 221972.0,0.0,LOW,Payment In-Progress
TXN-002342,WS/MP815/2026,NAVEEN ENTERPRISES,221972.0,2026-08-10,221972.0 - 221972.0,0.0,LOW,Payment In-Progress
TXN-002343,WS/MP815/2026,NAVEEN ENTERPRISES,221972.0,2026-08-10,221972.0 - 221972.0,0.0,LOW,Payment In-Progress
TXN-002344,WS/MP815/2026,NAVEEN ENTERPRISES,221972.0,2026-08-10,221972.0 - 221972.0,0.0,LOW,Payment In-Progress
TXN-002345,WS/MP815/2026,NAVEEN ENTERPRISES,221972.0,2026-08-10,221972.0 - 221972.0,0.0,LOW,Payment In-Progress
TXN-002346,WS/MP815/2025,NAVEEN ENTERPRISES,221972.0,2026-08-10,221972.0 - 221972.0,0.0,LOW,Payment In-Progress
TXN-002347,WS/MP815/2026,NAVEEN ENTERPRISES,221972.0,2026-08-10,221972.0 - 221972.0,0.0,LOW,Payment In-Progress
TXN-002348,WS/MP815/2026,NAVEEN ENTERPRISES,221972.0,2026-08-10,221972.0 - 221972.0,0.0,LOW,Payment In-Progress
TXN-002349,WS/MP815/2026,NAVEEN ENTERPRISES,221972.0,2026-08-10,221972.0 - 221972.0,0.0,LOW,Payment In-Progress
TXN-002350,WS/MP815/2026,NAVEEN ENTERPRISES,221972.0,2026-08-10,221972.0 - 221972.0,0.0,LOW,Payment In-Progress
TXN-002351,WS/MP815/2026,NAVEEN ENTERPRISES,221972.0,2026-08-10,221972.0 - 221972.0,0.0,LOW,Payment In-Progress
TXN-002352,WS/MP815/2026,NAVEEN ENTERPRISES,221972.0,2026-08-10,221972.0 - 221972.0,0.0,LOW,Payment In-Progress
TXN-002353,WS/MP815/2026,NAVEEN ENTERPRISES,221972.0,2026-08-10,221972.0 - 221972.0,0.0,LOW,Payment In-Progress
TXN-002354,WS/MP815/2026,NAVEEN ENTERPRISES,221972.0,2026-08-10,221972.0 - 221972.0,0.0,LOW,Payment In-Progress
TXN-002355,WS/MP815/2026,NAVEEN ENTERPRISES,221972.0,2026-08-10,221972.0 - 221972.0,0.0,LOW,Payment In-Progress
TXN-002356,WS/MP815/2026,NAVEEN ENTERPRISES,221972.0,2026-08-10,221972.0 - 221972.0,0.0,LOW,Payment In-Progress
TXN-002357,WS/MP815/2026,NAVEEN ENTERPRISES,221972.0,2026-08-10,221972.0 - 221972.0,0.0,LOW,Payment In-Progress
TXN-002358,WS/MP815/2026,NAVEEN ENTERPRISES,221972.0,2026-08-10,221972.0 - 221972.0,0.0,LOW,Payment In-Progress
TXN-002359,WS/MP815/2026,NAVEEN ENTERPRISES,221972.0,2026-08-10,221972.0 - 221972.0,0.0,LOW,Payment In-Progress
TXN-002360,WS/MP815/2026,NAVEEN ENTERPRISES,221972.0,2026-08-10,221972.0 - 221972.0,0.0,LOW,Payment In-Progress
TXN-002361,WS/MP815/2026,NAVEEN ENTERPRISES,221972.0,2026-08-10,221972.0 - 221972.0,0.0,LOW,Payment In-Progress
TXN-002362,WS/MP815/2025,NAVEEN ENTERPRISES,221972.0,2026-08-10,221972.0 - 221972.0,0.0,LOW,Payment In-Progress
TXN-002363,WS/MP815/2026,NAVEEN ENTERPRISES,221972.0,2026-08-10,221972.0 - 221972.0,0.0,LOW,Payment In-Progress
TXN-002364,WS/MP815/2026,NAVEEN ENTERPRISES,221972.0,2026-08-10,221972.0 - 221972.0,0.0,LOW,Payment In-Progress
TXN-002365,WS/MP815/2026,NAVEEN ENTERPRISES,221972.0,2026-08-10,221972.0 - 221972.0,0.0,LOW,Payment In-Progress
TXN-002366,WS/MP815/2026,NAVEEN ENTERPRISES,221972.0,2026-08-10,221972.0 - 221972.0,0.0,LOW,Payment In-Progress
TXN-002367,WS/MP815/2026,NAVEEN ENTERPRISES,221972.0,2026-08-10,221972.0 - 221972.0,0.0,LOW,Payment In-Progress
TXN-002368,WS/MP815/2026,NAVEEN ENTERPRISES,221972.0,2026-08-10,221972.0 - 221972.0,0.0,LOW,Payment In-Progress
TXN-002369,WS/MP815/2026,NAVEEN ENTERPRISES,221972.0,2026-08-10,221972.0 - 221972.0,0.0,LOW,Payment In-Progress
TXN-002370,WS/MP815/2026,NAVEEN ENTERPRISES,221972.0,2026-08-10,221972.0 - 221972.0,0.0,LOW,Payment In-Progress
TXN-002371,WS/MP815/2026,NAVEEN ENTERPRISES,221972.0,2026-08-10,221972.0 - 221972.0,0.0,LOW,Payment In-Progress
TXN-002372,WS/MP815/2026,NAVEEN ENTERPRISES,221972.0,2026-08-10,221972.0 - 221972.0,0.0,LOW,Payment In-Progress
TXN-002373,WS/MP815/2026,NAVEEN ENTERPRISES,221972.0,2026-08-10,221972.0 - 221972.0,0.0,LOW,Payment In-Progress
TXN-002374,WS/MP815/2026,NAVEEN ENTERPRISES,221972.0,2026-08-10,221972.0 - 221972.0,0.0,LOW,Payment In-Progress
TXN-002375,WS/MP815/2025,NAVEEN ENTERPRISES,221972.0,2026-08-10,221972.0 - 221972.0,0.0,LOW,Payment In-Progress
TXN-002376,WS/MP815/2025,NAVEEN ENTERPRISES,221972.0,2026-08-10,221972.0 - 221972.0,0.0,LOW,Payment In-Progress
TXN-002377,WS/MP815/2026,NAVEEN ENTERPRISES,221972.0,2026-08-10,221972.0 - 221972.0,0.0,LOW,Payment In-Progress
TXN-002378,WS/MP815/2026,NAVEEN ENTERPRISES,221972.0,2026-08-18,221972.0 - 221972.0,0.0,LOW,Payment In-Progress
TXN-002379,WS/MP815/2026,NAVEEN ENTERPRISES,221972.0,2026-08-18,221972.0 - 221972.0,0.0,LOW,Payment In-Progress
TXN-002380,WS/MP815/2026,NAVEEN ENTERPRISES,221972.0,2026-08-18,221972.0 - 221972.0,0.0,LOW,Payment In-Progress
TXN-002381,WS/MP815/2026,NAVEEN ENTERPRISES,221972.0,2026-08-18,221972.0 - 221972.0,0.0,LOW,Payment In-Progress
TXN-002382,WS/MP815/2026,NAVEEN ENTERPRISES,221972.0,2026-08-18,221972.0 - 221972.0,0.0,LOW,Payment In-Progress
TXN-002383,WS/MP815/2026,NAVEEN ENTERPRISES,221972.0,2026-08-14,221972.0 - 221972.0,0.0,LOW,Payment In-Progress
TXN-002384,WS/MP815/2026,NAVEEN ENTERPRISES,221972.0,2026-08-14,221972.0 - 221972.0,0.0,LOW,Payment In-Progress
TXN-002385,WS/MP815/2026,NAVEEN ENTERPRISES,221972.0,2026-08-14,221972.0 - 221972.0,0.0,LOW,Payment In-Progress
TXN-002386,WS/MP815/2026,NAVEEN ENTERPRISES,221972.0,2026-08-14,221972.0 - 221972.0,0.0,LOW,Payment In-Progress
TXN-002387,WS/MP815/2026,NAVEEN ENTERPRISES,221972.0,2026-08-14,221972.0 - 221972.0,0.0,LOW,Payment In-Progress
TXN-002388,WS/MP815/2026,NAVEEN ENTERPRISES,221972.0,2026-08-14,221972.0 - 221972.0,0.0,LOW,Payment In-Progress
TXN-002389,WS/MP815/2026,NAVEEN ENTERPRISES,221972.0,2026-08-14,221972.0 - 221972.0,0.0,LOW,Payment In-Progress
TXN-002390,WS/MP815/2026,NAVEEN ENTERPRISES,221972.0,2026-08-14,221972.0 - 221972.0,0.0,LOW,Payment In-Progress
TXN-002391,WS/MP815/2026,NAVEEN ENTERPRISES,221972.0,2026-08-14,221972.0 - 221972.0,0.0,LOW,Payment In-Progress
TXN-002392,WS/MP719/2025,KISHAN LAL,15561.0,2026-08-06,15561.0 - 15561.0,0.0,LOW,Payment In-Progress
TXN-002393,WS/MP719/2025,NAVALKISHOR,3861.0,2026-08-06,3861.0 - 3861.0,0.0,LOW,Payment In-Progress
TXN-002394,WS/MP719/2025,SARAJUDHIN,3861.0,2026-08-06,3861.0 - 3861.0,0.0,LOW,Payment In-Progress
TXN-002395,WS/MP719/2025,ROHIT,15561.0,2026-08-06,15561.0 - 15561.0,0.0,LOW,Payment In-Progress
TXN-002396,WS/MP719/2025,KARAN,3861.0,2026-08-06,3861.0 - 3861.0,0.0,LOW,Payment In-Progress
TXN-002397,WS/MP18104/2026,GRAM PANCHAYAT SANDIYA SFC,100000.0,2026-08-25,100000.0 - 100000.0,0.0,LOW,Payment In-Progress
TXN-002398,WS/MP18104/2026,GRAM PANCHAYAT MATKULI SFC,100000.0,2026-08-25,100000.0 - 100000.0,0.0,LOW,Payment In-Progress
TXN-002399,WS/MP490/2025,TYAGI CONSTRUTION AND ORDER SUPPLIERS,230926.0,2026-08-07,230926.0 - 230926.0,0.0,LOW,Payment In-Progress
TXN-002400,WS/MP431/2025,Gram Panchayat Jaitpur Sekhpur,371569.0,2026-08-10,371569.0 - 371569.0,0.0,LOW,Payment In-Progress
TXN-002401,WS/MP490/2025,S R CONSTRUCTION,798152.0,2026-08-19,798152.0 - 798152.0,0.0,LOW,Payment In-Progress
TXN-002402,WS/MP18392/2026,MI CONSTRUCTION,675635.0,2026-08-20,675635.0 - 675635.0,0.0,LOW,Payment In-Progress
TXN-002403,WS/MP490/2025,MAIHER SHAKTI ENTERPRISES,950372.0,2026-08-14,498597.2 - 900174.8,35.886620550025306,MEDIUM,Payment In-Progress
TXN-002404,WS/MP490/2025,MAIHER SHAKTI ENTERPRISES,448400.0,2026-08-17,498597.2 - 900174.8,-35.886620550025306,MEDIUM,Payment In-Progress
TXN-002405,WS/MP524/2024,VLWC President Thimmasamudram,486736.0,2026-07-28,487563.2 - 494180.8,-0.842582180283251,LOW,Payment In-Progress
TXN-002406,WS/MP524/2024,VLWC President Thimmasamudram,495008.0,2026-07-28,487563.2 - 494180.8,0.842582180283251,LOW,Payment In-Progress
TXN-002407,WS/MP18206/2025,DR RAM MANOHAR LOHIYA SHIKSHA SANSTHAN,499531.0,2026-08-11,499531.0 - 499531.0,0.0,LOW,Payment In-Progress
TXN-002408,WS/MP18176/2025,ANBARASU,1300000.0,2026-08-18,1300000.0 - 1300000.0,0.0,LOW,Payment In-Progress
TXN-002409,WS/MP18179/2026,T Soundarapandiyan,698521.0,2026-08-01,698521.0 - 698521.0,0.0,LOW,Payment In-Progress
TXN-002410,WS/MP490/2025,UJJAWAL ENTERPRISES,327450.0,2026-08-11,327450.0 - 327450.0,0.0,LOW,Payment In-Progress
TXN-002411,WS/MP18049/2026,Gram Panchayat Khaira La,1000000.0,2026-07-28,1000000.0 - 1000000.0,0.0,LOW,Payment In-Progress
TXN-002412,WS/MP18254/2026,ASIR BARAN ROY,1615346.0,2026-08-13,1615346.0 - 1615346.0,0.0,LOW,Payment In-Progress
TXN-002413,WS/MP18311/2025,BARKAT AND SONS,78000.0,2026-08-24,78000.0 - 78000.0,0.0,LOW,Payment In-Progress
TXN-002414,WS/MP18021/2026,STN MSR PROTECTION UZIRAR CHAR JAIPARA,600000.0,2026-08-18,600000.0 - 600000.0,0.0,LOW,Payment In-Progress
TXN-002415,WS/MP18225/2025,R D MAURYA,844098.0,2026-07-27,844098.0 - 844098.0,0.0,LOW,Payment In-Progress
TXN-002416,WS/MP18069/2026,GRAM PANCHAYAT CHARURI,125000.0,2026-08-26,60000.0 - 120000.0,38.88888888888889,MEDIUM,Payment In-Progress
TXN-002417,WS/MP18069/2026,GRAM PANCHAYAT KHANNI JHIKLI,65000.0,2026-08-26,65000.0 - 65000.0,0.0,LOW,Payment In-Progress
TXN-002418,WS/MP18136/2026,President pulgaon MKSSS Ltd Pulgaon,1000000.0,2026-08-17,1000000.0 - 1000000.0,0.0,LOW,Payment In-Progress
TXN-002419,WS/MP18170/2025,NEHRA ELECTRICALS AND CONSTRUCTION COMPNAY,42242.0,2026-08-10,42242.0 - 42242.0,0.0,LOW,Payment In-Progress
TXN-002420,WS/MP18008/2026,Kornepati Ashok Kumar,192359.0,2026-08-27,213581.2 - 305682.0,-25.91079052010618,MEDIUM,Payment In-Progress
TXN-002421,WS/MP18008/2026,Kornepati Ashok Kumar,298470.0,2026-08-27,213581.2 - 305682.0,14.959041965615894,LOW,Payment In-Progress
TXN-002422,WS/MP623/2026,RAVI S KATNALLI,122004.0,2026-08-27,146928.6 - 346325.4,-50.53096376309163,HIGH,Payment In-Progress
TXN-002423,WS/MP623/2026,RAVI S KATNALLI,371250.0,2026-08-07,146928.6 - 346325.4,50.53096376309163,HIGH,Payment In-Progress
TXN-002424,WS/MP18142/2025,ANATHA SAHOO,486157.0,2026-08-01,486157.0 - 486157.0,0.0,LOW,Payment In-Progress
TXN-002425,WS/MP18222/2025,PREDEEP KUMAR,724103.0,2026-08-05,724103.0 - 724103.0,0.0,LOW,Payment In-Progress
TXN-002426,WS/MP403/2025,NALAM RAVI TEJA CONTRACTOR,1199137.0,2026-07-31,1199137.0 - 1199137.0,0.0,LOW,Payment In-Progress
TXN-002427,WS/MP18328/2025,Gram Panchayat Trembli,70000.0,2026-08-25,70000.0 - 70000.0,0.0,LOW,Payment In-Progress
TXN-002428,WS/MP529/2025,VINS Infra Projects,714250.0,2026-08-07,714250.0 - 714250.0,0.0,LOW,Payment In-Progress
TXN-002429,WS/MP18179/2026,MAGA BUILDERS,1333598.0,2026-08-05,1333598.0 - 1333598.0,0.0,LOW,Payment In-Progress
TXN-002430,WS/MP18167/2025,Lucky Constructions,97332.0,2026-08-21,142826.5 - 506782.5,-70.03366640548391,HIGH,Payment In-Progress
TXN-002431,WS/MP18167/2025,Lucky Constructions,552277.0,2026-08-21,142826.5 - 506782.5,70.03366640548391,HIGH,Payment In-Progress
TXN-002432,WS/MP18079/2025,PRAKASH,1875000.0,2026-08-06,958258.2 - 1773139.8,37.29233161919281,MEDIUM,Payment In-Progress
TXN-002433,WS/MP18170/2025,BHABHA SHREE INFRATECH,305937.0,2026-08-14,305937.0 - 305937.0,0.0,LOW,Payment In-Progress
TXN-002434,WS/MP490/2025,BHAGAWATI ENTERPRISES,512474.0,2026-08-12,512474.0 - 512474.0,0.0,LOW,Payment In-Progress
TXN-002435,WS/MP18253/2025,BASANTACON,497927.0,2026-08-27,497927.0 - 497927.0,0.0,LOW,Payment In-Progress
TXN-002436,WS/MP18174/2026,M Vivekanandhan,599972.0,2026-08-24,599972.0 - 599972.0,0.0,LOW,Payment In-Progress
TXN-002437,WS/MP18150/2026,PABITRA MOHAN LENKA TC,675384.0,2026-08-21,502239.3 - 656145.7,16.60786353414452,LOW,Payment In-Progress
TXN-002438,WS/MP18150/2026,MPLAD Holding Account Jujomura Block,30245.0,2026-08-25,12929.8 - 27649.0,49.067986239119925,MEDIUM,Payment In-Progress
TXN-002439,WS/MP18150/2026,MPLAD Holding Account Jujomura Block,17265.0,2026-08-21,12929.8 - 27649.0,-14.906305755714813,LOW,Payment In-Progress
TXN-002440,WS/MP18163/2025,CHHOTU LAL MEENA,359000.0,2026-08-04,359000.0 - 359000.0,0.0,LOW,Payment In-Progress
TXN-002441,WS/MP490/2025,RAGHAV CONSTRUCTION,697616.0,2026-08-07,697616.0 - 697616.0,0.0,LOW,Payment In-Progress
TXN-002442,WS/MP578/2026,LIMAJ GRAM PANCHAYAT,348538.0,2026-08-25,348538.0 - 348538.0,0.0,LOW,Payment In-Progress
TXN-002443,WS/MP18058/2025,Samantpura Gram Panchayat,250932.0,2026-08-21,275626.0 - 473178.0,-32.977922126484366,MEDIUM,Payment In-Progress
TXN-002444,WS/MP18091/2026,SUNIL,300000.0,2026-08-17,300000.0 - 300000.0,0.0,LOW,Payment In-Progress
TXN-002445,WS/MP18059/2025,GRAM PANCHYAT MOTIWADA NEW,500000.0,2026-08-05,500000.0 - 500000.0,0.0,LOW,Payment In-Progress
TXN-002446,WS/MP18059/2025,GRAM PANCHYAT MOTIWADA NEW,500000.0,2026-08-05,500000.0 - 500000.0,0.0,LOW,Payment In-Progress
TXN-002447,WS/MP18059/2025,GRAM PANCHYAT MOTIWADA NEW,500000.0,2026-08-05,500000.0 - 500000.0,0.0,LOW,Payment In-Progress
TXN-002448,WS/MP18162/2025,SAMPAT NATH,3408.0,2026-08-18,3408.0 - 3408.0,0.0,LOW,Payment In-Progress
TXN-002449,WS/MP18162/2025,JAMNA,3408.0,2026-08-18,3408.0 - 3408.0,0.0,LOW,Payment In-Progress
TXN-002450,WS/MP18162/2025,MAHENDRA SINGH,3408.0,2026-08-18,4042.2 - 9115.8,-48.198814409484726,MEDIUM,Payment In-Progress
TXN-002451,WS/MP18162/2025,BINTU NATH,3408.0,2026-08-18,3408.0 - 3408.0,0.0,LOW,Payment In-Progress
TXN-002452,WS/MP18162/2025,FATMA,3408.0,2026-08-18,3408.0 - 3408.0,0.0,LOW,Payment In-Progress
TXN-002453,WS/MP18162/2025,BAHADUR SINGH,3408.0,2026-08-18,3408.0 - 3408.0,0.0,LOW,Payment In-Progress
TXN-002454,WS/MP18162/2025,LALI KANWER,3408.0,2026-08-18,3408.0 - 3408.0,0.0,LOW,Payment In-Progress
TXN-002455,WS/MP18248/2025,MD SAHABAT HOSSAIN,248606.0,2026-08-17,248606.0 - 248606.0,0.0,LOW,Payment In-Progress
TXN-002456,WS/MP453/2026,Geetanjali Pidika,300000.0,2026-08-18,300000.0 - 300000.0,0.0,LOW,Payment In-Progress
TXN-002457,WS/MP453/2026,Rao Adhikari Srinivasa,250000.0,2026-08-18,250000.0 - 250000.0,0.0,LOW,Payment In-Progress
TXN-002458,WS/MP381/2026,Raghbir Singh,74520.0,2026-08-25,74520.0 - 74520.0,0.0,LOW,Payment In-Progress
TXN-002459,WS/MP719/2025,MOHHMAD RIYAJUDHAN,12294.0,2026-08-06,12294.0 - 12294.0,0.0,LOW,Payment In-Progress
TXN-002460,WS/MP620/2025,VEERANNA RAMPPA BARAKER,397413.0,2026-08-05,397413.0 - 397413.0,0.0,LOW,Payment In-Progress
TXN-002461,WS/MP620/2025,KRISHNA TALWAR,417642.0,2026-08-05,417642.0 - 417642.0,0.0,LOW,Payment In-Progress
TXN-002462,WS/MP18323/2026,Kadubai Sidram Magasvargiya Majoor Sahakari S Limited Latur,499737.0,2026-08-22,499737.0 - 499737.0,0.0,LOW,Payment In-Progress
TXN-002463,WS/MP18194/2026,K BHASKAR REDDY,500000.0,2026-08-27,500000.0 - 500000.0,0.0,LOW,Payment In-Progress
TXN-002464,WS/MP18170/2025,Surendra Kumar Sharma,11900.0,2026-08-05,11900.0 - 11900.0,0.0,LOW,Payment In-Progress
TXN-002465,WS/MP18170/2025,Ashok Kumar,11050.0,2026-08-05,11050.0 - 11050.0,0.0,LOW,Payment In-Progress
TXN-002466,WS/MP18170/2025,Birbal,3724.0,2026-08-05,3724.0 - 3724.0,0.0,LOW,Payment In-Progress
TXN-002467,WS/MP18170/2025,Rajesh Kumar,3724.0,2026-08-05,15072.4 - 61142.8,-90.22767112072133,HIGH,Payment In-Progress
TXN-002468,WS/MP18170/2025,Lakshmi,11050.0,2026-08-05,11050.0 - 11050.0,0.0,LOW,Payment In-Progress
TXN-002469,WS/MP18170/2025,chetaram,11900.0,2026-08-05,11900.0 - 11900.0,0.0,LOW,Payment In-Progress
TXN-002470,WS/MP18170/2025,Kunda ram,11900.0,2026-08-05,11900.0 - 11900.0,0.0,LOW,Payment In-Progress
TXN-002471,WS/MP18170/2025,Pooja devi,3724.0,2026-08-05,3724.0 - 3724.0,0.0,LOW,Payment In-Progress
TXN-002472,WS/MP18170/2025,Mukesh Kumar,3458.0,2026-08-05,3532.1 - 152530.0,-95.56843077210931,HIGH,Payment In-Progress
TXN-002473,WS/MP18170/2025,Subhash,11050.0,2026-08-05,11050.0 - 11050.0,0.0,LOW,Payment In-Progress
TXN-002474,WS/MP18092/2025,GOVINDA NAYAK,375000.0,2026-08-17,375000.0 - 375000.0,0.0,LOW,Payment In-Progress
TXN-002475,WS/MP18116/2026,DHANSHREE GANGARAM PATIL,2447691.0,2026-08-13,2447691.0 - 2447691.0,0.0,LOW,Payment In-Progress
TXN-002476,WS/MP18112/2025,Akash Rajendra Kharode,992500.0,2026-08-11,992500.0 - 992500.0,0.0,LOW,Payment In-Progress
TXN-002477,WS/MP524/2025,VLC PRESIDENT REDDIVARIPALLI GP,449930.0,2026-08-11,449930.0 - 449930.0,0.0,LOW,Payment In-Progress
TXN-002478,WS/MP18004/2025,Palasi Pentaiah,491711.0,2026-08-18,491691.2 - 491708.8,0.0022371364653243847,LOW,Payment In-Progress
TXN-002479,WS/MP18004/2025,Palasi Pentaiah,491689.0,2026-08-18,491691.2 - 491708.8,-0.0022371364653243847,LOW,Payment In-Progress
TXN-002480,WS/MP18162/2025,fUL kANWAR,3408.0,2026-08-18,3408.0 - 3408.0,0.0,LOW,Payment In-Progress
TXN-002481,WS/MP18162/2025,Bhagwan Singh,1988.0,2026-08-18,10248.2 - 426030.5,-99.0886559440101,HIGH,Payment In-Progress
TXN-002482,WS/MP18350/2025,BABUN KUMAR SAHU,268878.0,2026-08-17,268878.0 - 268878.0,0.0,LOW,Payment In-Progress
TXN-002483,WS/MP18336/2025,VIKAS CONSTRUCTIONS,446691.0,2026-08-07,446691.0 - 446691.0,0.0,LOW,Payment In-Progress
TXN-002484,WS/MP18336/2025,POOJA CONSTRUCTION,250000.0,2026-08-07,250000.0 - 250000.0,0.0,LOW,Payment In-Progress
TXN-002485,WS/MP18155/2025,The Boparai Co Op Society Ltd,249000.0,2026-08-26,249000.0 - 249000.0,0.0,LOW,Payment In-Progress
TXN-002486,WS/MP18264/2024,ALI P B,1129210.0,2026-08-06,1129210.0 - 1129210.0,0.0,LOW,Payment In-Progress
TXN-002487,WS/MP18003/2025,Kondeti Vijayabhaskar,499857.0,2026-08-06,499857.0 - 499857.0,0.0,LOW,Payment In-Progress
TXN-002488,WS/MP446/2026,GRAM PANCHAYAT ANDHIYARI BARI,300000.0,2026-08-21,300000.0 - 300000.0,0.0,LOW,Payment In-Progress
TXN-002489,WS/MP18248/2025,SOUMEN DAS,479310.0,2026-08-21,479310.0 - 479310.0,0.0,LOW,Payment In-Progress
TXN-002490,WS/MP18174/2026,Shri Murugan Associates,799891.0,2026-08-27,799891.4 - 799894.6,-0.00025003344197286383,LOW,Payment In-Progress
TXN-002491,WS/MP538/2026,MS Daithun Kh Daimari Enterprise,153300.0,2026-08-25,153300.0 - 153300.0,0.0,LOW,Payment In-Progress
TXN-002492,WS/MP18311/2026,kartik Industries,325000.0,2026-08-24,325000.0 - 325000.0,0.0,LOW,Payment In-Progress
TXN-002493,WS/MP18311/2026,kartik Industries,325000.0,2026-08-24,325000.0 - 325000.0,0.0,LOW,Payment In-Progress
TXN-002494,WS/MP18118/2025,shramsaphalya majur bandhkam sah soc ltd dolhare,998000.0,2026-08-24,998000.0 - 998000.0,0.0,LOW,Payment In-Progress
TXN-002495,WS/MP638/2026,Gram Panchayat Kanera,200000.0,2026-08-19,200000.0 - 200000.0,0.0,LOW,Payment In-Progress
TXN-002496,WS/MP18358/2024,Susanta Kumar Polei,200000.0,2026-08-25,200000.0 - 200000.0,0.0,LOW,Payment In-Progress
TXN-002497,WS/MP719/2025,Ms Gopesh International Contractor,729357.0,2026-08-24,729357.0 - 729357.0,0.0,LOW,Payment In-Progress
TXN-002498,WS/MP18029/2026,Hemanta Bhattarai,498360.0,2026-08-27,294901.5 - 475753.5,29.334137843782237,MEDIUM,Payment In-Progress
TXN-002499,WS/MP18345/2026,RAV INFRA,1109475.0,2026-08-13,1109475.0 - 1109475.0,0.0,LOW,Payment In-Progress
TXN-002500,WS/MP716/2025,ARP MOTERS PVT LTD,1386900.0,2026-08-25,1386900.0 - 1386900.0,0.0,LOW,Payment In-Progress
TXN-002501,WS/MP18066/2025,RAHUL,32689.0,2026-08-13,32689.0 - 32689.0,0.0,LOW,Payment In-Progress
TXN-002502,WS/MP18066/2025,SHREE KRISHNA ENTERPRISES,178842.0,2026-08-13,178842.0 - 178842.0,0.0,LOW,Payment In-Progress
TXN-002503,WS/MP18066/2025,JAI BABA KHAK NATH WELDING WORKSHOP,67260.0,2026-08-13,67260.0 - 67260.0,0.0,LOW,Payment In-Progress
TXN-002504,WS/MP719/2025,gumansingh,11700.0,2026-08-13,11700.0 - 11700.0,0.0,LOW,Payment In-Progress
TXN-002505,WS/MP719/2025,sonu,3705.0,2026-08-13,3705.0 - 3705.0,0.0,LOW,Payment In-Progress
TXN-002506,WS/MP719/2025,parmeshwar rawat,11700.0,2026-08-13,11700.0 - 11700.0,0.0,LOW,Payment In-Progress
TXN-002507,WS/MP719/2025,prem raj,11700.0,2026-08-13,11700.0 - 11700.0,0.0,LOW,Payment In-Progress
TXN-002508,WS/MP719/2025,mahaveer rawat,11700.0,2026-08-13,11700.0 - 11700.0,0.0,LOW,Payment In-Progress
TXN-002509,WS/MP719/2025,nosar,3705.0,2026-08-13,3705.0 - 3705.0,0.0,LOW,Payment In-Progress
TXN-002510,WS/MP719/2025,pooja,3705.0,2026-08-13,4397.6 - 10325.6,-49.67126711584439,MEDIUM,Payment In-Progress
TXN-002511,WS/MP719/2025,rami,3420.0,2026-08-13,3420.0 - 3420.0,0.0,LOW,Payment In-Progress
TXN-002512,WS/MP719/2025,mohan singh,11700.0,2026-08-13,9396.0 - 16247.2,-8.747738191801337,LOW,Payment In-Progress
TXN-002513,WS/MP719/2025,tara devi,3705.0,2026-08-13,3705.0 - 3705.0,0.0,LOW,Payment In-Progress
TXN-002514,WS/MP719/2025,sunil singh,11700.0,2026-08-13,11700.0 - 11700.0,0.0,LOW,Payment In-Progress
TXN-002515,WS/MP719/2025,ram singh rawat,11700.0,2026-08-13,11700.0 - 11700.0,0.0,LOW,Payment In-Progress
TXN-002516,WS/MP719/2025,pahalvan rawat,11700.0,2026-08-13,11700.0 - 11700.0,0.0,LOW,Payment In-Progress
TXN-002517,WS/MP719/2025,narbada,3705.0,2026-08-13,3705.0 - 3705.0,0.0,LOW,Payment In-Progress
TXN-002518,WS/MP719/2025,bhawani singh,11700.0,2026-08-13,11700.0 - 11700.0,0.0,LOW,Payment In-Progress
TXN-002519,WS/MP719/2025,bhola singh,3705.0,2026-08-13,3705.0 - 3705.0,0.0,LOW,Payment In-Progress
TXN-002520,WS/MP719/2025,manju gurjar,3705.0,2026-08-13,3705.0 - 3705.0,0.0,LOW,Payment In-Progress
TXN-002521,WS/MP719/2025,sagwan gurjar,11700.0,2026-08-13,11700.0 - 11700.0,0.0,LOW,Payment In-Progress
TXN-002522,WS/MP719/2025,sanwar lal,11700.0,2026-08-13,11700.0 - 11700.0,0.0,LOW,Payment In-Progress
TXN-002523,WS/MP719/2025,ajay singh,3705.0,2026-08-13,5655.0 - 21255.0,-72.46376811594203,HIGH,Payment In-Progress
TXN-002524,WS/MP719/2025,vishrami,3705.0,2026-08-13,3705.0 - 3705.0,0.0,LOW,Payment In-Progress
TXN-002525,WS/MP18260/2025,executive engineer R B BUDGAM,49099.0,2026-08-18,30000.0 - 50000.0,22.747500000000002,MEDIUM,Payment In-Progress
TXN-002526,WS/MP18260/2025,executive engineer R B BUDGAM,43200.0,2026-08-18,30000.0 - 50000.0,8.0,LOW,Payment In-Progress
TXN-002527,WS/MP18260/2025,executive engineer R B BUDGAM,21000.0,2026-08-18,30000.0 - 50000.0,-47.5,MEDIUM,Payment In-Progress
TXN-002528,WS/MP18260/2025,executive engineer R B BUDGAM,50000.0,2026-08-18,30000.0 - 50000.0,25.0,MEDIUM,Payment In-Progress
TXN-002529,WS/MP18260/2025,executive engineer R B BUDGAM,50000.0,2026-08-18,30000.0 - 50000.0,25.0,MEDIUM,Payment In-Progress
TXN-002530,WS/MP18260/2025,executive engineer R B BUDGAM,49850.0,2026-08-18,30000.0 - 50000.0,24.625,MEDIUM,Payment In-Progress
TXN-002531,WS/MP18260/2025,executive engineer R B BUDGAM,36000.0,2026-08-18,30000.0 - 50000.0,-10.0,LOW,Payment In-Progress
TXN-002532,WS/MP18113/2026,SIR VISHVESHWARAYYA SUSHIKSHIT BEROJGARABHIYANTA SEVA,1999000.0,2026-08-10,1999000.0 - 1999000.0,0.0,LOW,Payment In-Progress
TXN-002533,WS/MP18361/2025,anurag urban tecinfra pvt ltd,2597093.0,2026-08-07,1878479.9 - 2517247.1,18.16443559848007,LOW,Payment In-Progress
TXN-002534,WS/MP405/2025,NUKALA SRINIVASARAO,587734.0,2026-08-13,587734.0 - 587734.0,0.0,LOW,Payment In-Progress
TXN-002535,WS/MP18116/2025,yashraj kashinath pashte,989052.0,2026-08-26,989052.0 - 989052.0,0.0,LOW,Payment In-Progress
TXN-002536,WS/MP719/2025,mahendra rawatr,11700.0,2026-08-13,11700.0 - 11700.0,0.0,LOW,Payment In-Progress
TXN-002537,WS/MP719/2025,geeta devi,3705.0,2026-08-13,3762.0 - 18354.0,-66.49484536082474,HIGH,Payment In-Progress
TXN-002538,WS/MP719/2025,pyare lal maghwanshi,11700.0,2026-08-13,11700.0 - 11700.0,0.0,LOW,Payment In-Progress
TXN-002539,WS/MP719/2025,priya,3705.0,2026-08-13,3705.0 - 3705.0,0.0,LOW,Payment In-Progress
TXN-002540,WS/MP719/2025,naval singh rawat,3705.0,2026-08-13,3705.0 - 3705.0,0.0,LOW,Payment In-Progress
TXN-002541,WS/MP18101/2026,GRAM PANCHAYAT PADAJHIR,1000000.0,2026-08-13,1000000.0 - 1000000.0,0.0,LOW,Payment In-Progress
TXN-002542,WS/MP017/2026,M VELU,399772.0,2026-08-13,399772.0 - 399772.0,0.0,LOW,Payment In-Progress
TXN-002543,WS/MP719/2025,Prem kahar,3705.0,2026-08-18,3705.0 - 3705.0,0.0,LOW,Payment In-Progress
TXN-002544,WS/MP719/2025,Rekha rawat,3705.0,2026-08-18,3705.0 - 3705.0,0.0,LOW,Payment In-Progress
TXN-002545,WS/MP719/2025,Gyan Singh,11700.0,2026-08-18,11700.0 - 11700.0,0.0,LOW,Payment In-Progress
TXN-002546,WS/MP719/2025,Surendra Singh,11700.0,2026-08-18,11700.0 - 11700.0,0.0,LOW,Payment In-Progress
TXN-002547,WS/MP719/2025,Bharat Singh Rawat,11700.0,2026-08-18,11700.0 - 11700.0,0.0,LOW,Payment In-Progress
TXN-002548,WS/MP719/2025,Manohar lal kahar,11700.0,2026-08-18,11700.0 - 11700.0,0.0,LOW,Payment In-Progress
TXN-002549,WS/MP719/2025,KAN SINGH,11700.0,2026-08-18,11700.0 - 11700.0,0.0,LOW,Payment In-Progress
TXN-002550,WS/MP719/2025,PRIYANKA KAHAR,3705.0,2026-08-18,3705.0 - 3705.0,0.0,LOW,Payment In-Progress
TXN-002551,WS/MP719/2025,SEEBU SONU,1995.0,2026-08-18,1995.0 - 1995.0,0.0,LOW,Payment In-Progress
TXN-002552,WS/MP719/2025,GYANI,11700.0,2026-08-18,11700.0 - 11700.0,0.0,LOW,Payment In-Progress
TXN-002553,WS/MP719/2025,SEETA DEVI,3705.0,2026-08-18,3705.0 - 3705.0,0.0,LOW,Payment In-Progress
TXN-002554,WS/MP719/2025,Sonu Singh Rawat,3705.0,2026-08-18,3705.0 - 3705.0,0.0,LOW,Payment In-Progress
TXN-002555,WS/MP719/2025,Kavita,3705.0,2026-08-18,3705.0 - 3705.0,0.0,LOW,Payment In-Progress
TXN-002556,WS/MP719/2025,Mamta Rawat,3705.0,2026-08-18,3705.0 - 3705.0,0.0,LOW,Payment In-Progress
TXN-002557,WS/MP719/2025,Sapna Rawat,3705.0,2026-08-18,3705.0 - 3705.0,0.0,LOW,Payment In-Progress
TXN-002558,WS/MP719/2025,Jay singh,3705.0,2026-08-18,3705.0 - 3705.0,0.0,LOW,Payment In-Progress
TXN-002559,WS/MP719/2025,SHUBHAM,3705.0,2026-08-18,3705.0 - 3705.0,0.0,LOW,Payment In-Progress
TXN-002560,WS/MP719/2025,MOHANI,3705.0,2026-08-18,3705.0 - 3705.0,0.0,LOW,Payment In-Progress
TXN-002561,WS/MP719/2025,SURENDRA,3705.0,2026-08-18,3705.0 - 3705.0,0.0,LOW,Payment In-Progress
TXN-002562,WS/MP719/2025,Fateh Singh,3705.0,2026-08-18,3705.0 - 3705.0,0.0,LOW,Payment In-Progress
TXN-002563,WS/MP18160/2026,Meero Construction Company,420004.0,2026-08-09,420004.0 - 420004.0,0.0,LOW,Payment In-Progress
TXN-002564,WS/MP18179/2025,MANNARMANNAN P,522642.0,2026-08-18,522642.0 - 522642.0,0.0,LOW,Payment In-Progress
TXN-002565,WS/MP18162/2025,Radha Devi Gurjar,3510.0,2026-08-13,3267.0 - 3483.0,4.0,LOW,Payment In-Progress
TXN-002566,WS/MP18162/2025,Radha Devi Gurjar,3240.0,2026-08-13,3267.0 - 3483.0,-4.0,LOW,Payment In-Progress
TXN-002567,WS/MP18162/2025,Radheshyam kumhar,1620.0,2026-08-13,1620.0 - 1620.0,0.0,LOW,Payment In-Progress
TXN-002568,WS/MP18162/2025,Rajendr Meena,5320.0,2026-08-13,5320.0 - 5320.0,0.0,LOW,Payment In-Progress
TXN-002569,WS/MP18162/2025,Rajendr Singh,9880.0,2026-08-13,9196.0 - 9804.0,4.0,LOW,Payment In-Progress
TXN-002570,WS/MP18162/2025,Rajendr Singh,9120.0,2026-08-13,9196.0 - 9804.0,-4.0,LOW,Payment In-Progress
TXN-002571,WS/MP18162/2025,Shankar Lal Meena,3510.0,2026-08-13,3267.0 - 3483.0,4.0,LOW,Payment In-Progress
TXN-002572,WS/MP18162/2025,Shankar Lal Meena,3240.0,2026-08-13,3267.0 - 3483.0,-4.0,LOW,Payment In-Progress
TXN-002573,WS/MP18162/2025,Shanti Devi,3240.0,2026-08-13,3294.0 - 3666.0,-6.896551724137931,LOW,Payment In-Progress
TXN-002574,WS/MP18162/2025,Shanti Devi,3510.0,2026-08-13,3294.0 - 3666.0,0.8620689655172413,LOW,Payment In-Progress
TXN-002575,WS/MP18162/2025,Shiv Lal Meena,5320.0,2026-08-13,6777.0 - 18433.0,-57.794525981753274,HIGH,Payment In-Progress
TXN-002576,WS/MP18162/2025,Sita Bhil,3510.0,2026-08-13,3267.0 - 3483.0,4.0,LOW,Payment In-Progress
TXN-002577,WS/MP18162/2025,Sita Bhil,3240.0,2026-08-13,3267.0 - 3483.0,-4.0,LOW,Payment In-Progress
TXN-002578,WS/MP18162/2025,Sohani Devi Meena,3510.0,2026-08-13,3267.0 - 3483.0,4.0,LOW,Payment In-Progress
TXN-002579,WS/MP18162/2025,Sohani Devi Meena,3240.0,2026-08-13,3267.0 - 3483.0,-4.0,LOW,Payment In-Progress
TXN-002580,WS/MP18162/2025,sumitra kanwar,3240.0,2026-08-13,3267.0 - 3483.0,-4.0,LOW,Payment In-Progress
TXN-002581,WS/MP18162/2025,sumitra kanwar,3510.0,2026-08-13,3267.0 - 3483.0,4.0,LOW,Payment In-Progress
TXN-002582,WS/MP18162/2025,Teju kumari meena,3510.0,2026-08-13,3510.0 - 3510.0,0.0,LOW,Payment In-Progress
TXN-002583,WS/MP18328/2025,HP STate Civil Supplies Corporation Limited Shimla,92000.0,2026-08-17,92000.0 - 92000.0,0.0,LOW,Payment In-Progress
TXN-002584,WS/MP490/2025,SHRI CONSTRUCTION,167914.0,2026-08-19,167914.0 - 167914.0,0.0,LOW,Payment In-Progress
TXN-002585,WS/MP490/2025,JAI ENTERPRISES,300428.0,2026-08-11,288533.6 - 299106.4,2.248995983935743,LOW,Payment In-Progress
TXN-002586,WS/MP490/2025,JAI ENTERPRISES,287212.0,2026-08-19,288533.6 - 299106.4,-2.248995983935743,LOW,Payment In-Progress
TXN-002587,WS/MP490/2025,MS VAISHNAVI TRADERS,704106.0,2026-08-14,704106.0 - 704106.0,0.0,LOW,Payment In-Progress
TXN-002588,WS/MP490/2025,MS ANURAG ENTERPRISES,293820.0,2026-08-19,250809.0 - 289041.0,8.852459016393443,LOW,Payment In-Progress
TXN-002589,WS/MP490/2025,MS ANURAG ENTERPRISES,246030.0,2026-08-19,250809.0 - 289041.0,-8.852459016393443,LOW,Payment In-Progress
TXN-002590,WS/MP18223/2025,MILIND CHOUDHARY,689191.0,2026-08-11,724362.8 - 1005737.2,-20.32934512455927,MEDIUM,Payment In-Progress
TXN-002591,WS/MP18223/2025,MILIND CHOUDHARY,1040909.0,2026-08-11,724362.8 - 1005737.2,20.32934512455927,MEDIUM,Payment In-Progress
TXN-002592,WS/MP18162/2025,Mangi Devi Mina,3240.0,2026-08-13,3267.0 - 3483.0,-4.0,LOW,Payment In-Progress
TXN-002593,WS/MP18162/2025,Mangi Devi Mina,3510.0,2026-08-13,3267.0 - 3483.0,4.0,LOW,Payment In-Progress
TXN-002594,WS/MP18098/2026,L R URADE BILDING MATERIAL SUPLAYARS,49000.0,2026-08-18,18400.0 - 45600.0,53.125,HIGH,Payment In-Progress
TXN-002595,WS/MP18098/2026,L R URADE BILDING MATERIAL SUPLAYARS,15000.0,2026-08-18,18400.0 - 45600.0,-53.125,HIGH,Payment In-Progress
TXN-002596,WS/MP18098/2026,ASHISH KUMAR JAISWAL,22050.0,2026-08-18,22050.0 - 22050.0,0.0,LOW,Payment In-Progress
TXN-002597,WS/MP021/2026,Nityanand Palariya,100000.0,2026-08-20,100000.0 - 100000.0,0.0,LOW,Payment In-Progress
TXN-002598,WS/MP18139/2025,B D O BIJEPUR,476000.0,2026-08-12,476000.0 - 476000.0,0.0,LOW,Payment In-Progress
TXN-002599,WS/MP18321/2024,UNDVA GRAM PANCHAYAT,500000.0,2026-08-25,500000.0 - 500000.0,0.0,LOW,Payment In-Progress
TXN-002600,WS/MP490/2025,KAVYASHREE ENTERPRISES,194110.0,2026-08-19,194110.0 - 194110.0,0.0,LOW,Payment In-Progress
TXN-002601,WS/MP18321/2025,KALIYAKUVA GRAM PANCHAYAT,500000.0,2026-08-25,500000.0 - 500000.0,0.0,LOW,Payment In-Progress
TXN-002602,WS/MP18077/2026,VINAYAK TAMMANACHE,375000.0,2026-08-12,375000.0 - 375000.0,0.0,LOW,Payment In-Progress
TXN-002603,WS/MP18060/2025,The sachdeva Co operative labour and Construction,535102.0,2026-08-17,535102.0 - 535102.0,0.0,LOW,Payment In-Progress
TXN-002604,WS/MP18077/2026,UMESH AJJAPPA GANGANI,750000.0,2026-08-13,750000.0 - 750000.0,0.0,LOW,Payment In-Progress
TXN-002605,WS/MP719/2025,Rasida,3705.0,2026-08-18,3705.0 - 3705.0,0.0,LOW,Payment In-Progress
TXN-002606,WS/MP719/2025,suleman,3600.0,2026-08-18,3600.0 - 3600.0,0.0,LOW,Payment In-Progress
TXN-002607,WS/MP719/2025,MADHURI,3705.0,2026-08-18,3705.0 - 3705.0,0.0,LOW,Payment In-Progress
TXN-002608,WS/MP538/2025,KAJIRAM SALOI HARDWARE,200000.0,2026-08-27,200000.0 - 200000.0,0.0,LOW,Payment In-Progress
TXN-002609,WS/MP584/2025,MORAGAR JUTH GRAM PANCHAYAT,400000.0,2026-08-12,400000.0 - 400000.0,0.0,LOW,Payment In-Progress
TXN-002610,WS/MP18098/2026,SUSHIL TRADERS,49742.0,2026-08-18,49742.0 - 49742.0,0.0,LOW,Payment In-Progress
TXN-002611,WS/MP18104/2026,Sarpanch Gram Panchayat Somalwada,50000.0,2026-08-25,50000.0 - 50000.0,0.0,LOW,Payment In-Progress
TXN-002612,WS/MP18179/2025,Umamaheshwari J,519506.0,2026-08-18,519506.0 - 519506.0,0.0,LOW,Payment In-Progress
TXN-002613,WS/MP18081/2026,Suryanarayana Bagepalli,125000.0,2026-08-27,125000.0 - 125000.0,0.0,LOW,Payment In-Progress
TXN-002614,WS/MP18245/2026,SIBSANKAR CHOWDHURY,1299000.0,2026-08-13,1299000.0 - 1299000.0,0.0,LOW,Payment In-Progress
TXN-002615,WS/MP18278/2025,Arjun civil works,178571.0,2026-08-27,214285.3 - 499999.7,-50.00007000007,HIGH,Payment In-Progress
TXN-002616,WS/MP18278/2025,Arjun civil works,535714.0,2026-08-27,214285.3 - 499999.7,50.00007000007,HIGH,Payment In-Progress
TXN-002617,WS/MP18060/2025,Saurabh Verma,465268.0,2026-08-17,465268.0 - 465268.0,0.0,LOW,Payment In-Progress
TXN-002618,WS/MP18170/2025,VIVIKSHA CHOUDHARY,1995.0,2026-08-15,1995.0 - 1995.0,0.0,LOW,Payment In-Progress
TXN-002619,WS/MP574/2026,RAVIYANA GRAM PANCHAYAT,500000.0,2026-08-20,500000.0 - 500000.0,0.0,LOW,Payment In-Progress
TXN-002620,WS/MP18170/2025,SURENDR KUMAR,6125.0,2026-08-15,6125.0 - 6125.0,0.0,LOW,Payment In-Progress
TXN-002621,WS/MP300/2026,RANJAN SAMANTARAY,500000.0,2026-08-19,500000.0 - 500000.0,0.0,LOW,Payment In-Progress
TXN-002622,WS/MP18205/2026,UNIQUE TECHNO SOLUTIONS PVT LTD,200000.0,2026-08-14,200000.0 - 200000.0,0.0,LOW,Payment In-Progress
TXN-002623,WS/MP446/2026,GRAM PANCHAYAT PRATAPPURA,300000.0,2026-08-21,300000.0 - 300000.0,0.0,LOW,Payment In-Progress
TXN-002624,WS/MP18079/2025,PANDIT,187500.0,2026-08-20,187500.0 - 187500.0,0.0,LOW,Payment In-Progress
TXN-002625,WS/MP18079/2025,PANDIT,187500.0,2026-08-20,187500.0 - 187500.0,0.0,LOW,Payment In-Progress
TXN-002626,WS/MP18067/2026,SUNIL KUMAR,500000.0,2026-08-25,500000.0 - 500000.0,0.0,LOW,Payment In-Progress
TXN-002627,WS/MP18077/2026,LINGANANDA TALAWAR URF HANCHINAMANI,375000.0,2026-08-14,375000.0 - 375000.0,0.0,LOW,Payment In-Progress
TXN-002628,WS/MP672/2026,Shubham Bhure,947858.0,2026-08-21,944781.8 - 947516.2,0.1806269414225455,LOW,Payment In-Progress
TXN-002629,WS/MP672/2026,Shubham Bhure,944440.0,2026-08-24,944781.8 - 947516.2,-0.1806269414225455,LOW,Payment In-Progress
TXN-002630,WS/MP672/2026,Vstone Infrastructure,943418.0,2026-08-24,943179.5 - 943391.5,0.014046648655152656,LOW,Payment In-Progress
TXN-002631,WS/MP672/2026,Vstone Infrastructure,943153.0,2026-08-24,943179.5 - 943391.5,-0.014046648655152656,LOW,Payment In-Progress
TXN-002632,WS/MP18004/2025,V N Chaitanya,498077.0,2026-08-24,498077.0 - 498077.0,0.0,LOW,Payment In-Progress
TXN-002633,WS/MP18065/2025,VAIBHAV Contractor,336237.0,2026-08-24,336237.0 - 336237.0,0.0,LOW,Payment In-Progress
TXN-002634,WS/MP18065/2025,THE RENUKA CO OP L AND C SOCIETY,1230450.0,2026-08-18,1230450.0 - 1230450.0,0.0,LOW,Payment In-Progress
TXN-002635,WS/MP644/2026,GP KATKI,300000.0,2026-08-20,300000.0 - 300000.0,0.0,LOW,Payment In-Progress
TXN-002636,WS/MP18164/2025,KANWAR PAL SINGH,3705.0,2026-08-26,3705.0 - 3705.0,0.0,LOW,Payment In-Progress
TXN-002637,WS/MP18162/2025,Prem Balai,12750.0,2026-08-24,12750.0 - 12750.0,0.0,LOW,Payment In-Progress
TXN-002638,WS/MP18162/2025,Shankar Lal,18750.0,2026-08-24,18750.0 - 18750.0,0.0,LOW,Payment In-Progress
TXN-002639,WS/MP18162/2025,Kanku Balai,16000.0,2026-08-24,16000.0 - 16000.0,0.0,LOW,Payment In-Progress
TXN-002640,WS/MP18162/2025,Dhishu Balai,6500.0,2026-08-24,6500.0 - 6500.0,0.0,LOW,Payment In-Progress
TXN-002641,WS/MP18162/2025,Devkaran Balai,9750.0,2026-08-24,9750.0 - 9750.0,0.0,LOW,Payment In-Progress
TXN-002642,WS/MP380/2025,Karsan Singla Govt Contractor,139935.0,2026-08-26,139935.0 - 139935.0,0.0,LOW,Payment In-Progress
TXN-002643,WS/MP728/2025,As Group,690122.0,2026-08-21,690122.0 - 690122.0,0.0,LOW,Payment In-Progress
TXN-002644,WS/MP18055/2025,sarpanch Gram panchayat khojalvasa,495000.0,2026-08-14,495000.0 - 495000.0,0.0,LOW,Payment In-Progress
TXN-002645,WS/MP18098/2026,gram bharti balaghat,39011.0,2026-08-18,45237.4 - 95048.6,-44.383616326646994,MEDIUM,Payment In-Progress
TXN-002646,WS/MP18098/2026,gram bharti balaghat,101275.0,2026-08-18,45237.4 - 95048.6,44.383616326646994,MEDIUM,Payment In-Progress
TXN-002647,WS/MP18164/2025,DEEPCHAND,9100.0,2026-08-26,9100.0 - 9100.0,0.0,LOW,Payment In-Progress
TXN-002648,WS/MP18164/2025,DEVI LAL,9100.0,2026-08-26,9100.0 - 9100.0,0.0,LOW,Payment In-Progress
TXN-002649,WS/MP18164/2025,KHETA RAM,9100.0,2026-08-26,9100.0 - 9100.0,0.0,LOW,Payment In-Progress
TXN-002650,WS/MP18164/2025,CHANDERKALA,3705.0,2026-08-26,3705.0 - 3705.0,0.0,LOW,Payment In-Progress
TXN-002651,WS/MP18164/2025,MANJU,3705.0,2026-08-26,3705.0 - 3705.0,0.0,LOW,Payment In-Progress
TXN-002652,WS/MP18164/2025,SUMAN DEVI,3990.0,2026-08-26,4332.0 - 7068.0,-30.0,MEDIUM,Payment In-Progress
TXN-002653,WS/MP18164/2025,BRAHMA DEVI,3990.0,2026-08-24,3990.0 - 3990.0,0.0,LOW,Payment In-Progress
TXN-002654,WS/MP18164/2025,AATMA RAM,9100.0,2026-08-26,9100.0 - 9100.0,0.0,LOW,Payment In-Progress
TXN-002655,WS/MP18164/2025,MAINA DEVI,3990.0,2026-08-26,3990.0 - 3990.0,0.0,LOW,Payment In-Progress
TXN-002656,WS/MP18164/2025,PREM KUMAR,3990.0,2026-08-26,3990.0 - 3990.0,0.0,LOW,Payment In-Progress
TXN-002657,WS/MP18164/2025,RADHESHYAM,9100.0,2026-08-26,9100.0 - 9100.0,0.0,LOW,Payment In-Progress
TXN-002658,WS/MP18164/2025,CHOTU SINGH,9100.0,2026-08-26,9100.0 - 9100.0,0.0,LOW,Payment In-Progress
TXN-002659,WS/MP18022/2026,PABITRA HANDIQUE,290210.0,2026-08-18,290210.0 - 290210.0,0.0,LOW,Payment In-Progress
TXN-002660,WS/MP18034/2026,Dinesh Kumar,989200.0,2026-08-25,989200.0 - 989200.0,0.0,LOW,Payment In-Progress
TXN-002661,WS/MP360/2026,EE MPPKVVCL MANDSAUR AE MPPKVVCL RATLAM,1672640.0,2026-08-17,1672640.0 - 1672640.0,0.0,LOW,Payment In-Progress
TXN-002662,WS/MP18128/2026,JAY SHREE KRUSHNA MAJUR KAMGAR SANSTHA,994243.0,2026-08-17,994243.0 - 994243.0,0.0,LOW,Payment In-Progress
TXN-002663,WS/MP18350/2025,BDO KANTAMAL MPLAD,26974.0,2026-08-17,26974.0 - 26974.0,0.0,LOW,Payment In-Progress
TXN-002664,WS/MP18164/2025,OMPRAKASH,9100.0,2026-08-26,9100.0 - 9100.0,0.0,LOW,Payment In-Progress
TXN-002665,WS/MP18164/2025,SHANTI DEVI,3705.0,2026-08-26,3294.0 - 3666.0,6.4655172413793105,LOW,Payment In-Progress
TXN-002666,WS/MP638/2024,JAIN SONS TRADERS,600000.0,2026-08-18,600000.0 - 600000.0,0.0,LOW,Payment In-Progress
TXN-002667,WS/MP623/2026,SATWIK SHEELAVANT,377250.0,2026-08-27,377250.0 - 377250.0,0.0,LOW,Payment In-Progress
TXN-002668,WS/MP618/2025,SHIVARAJ DYAVAPPA DANDIN,375000.0,2026-08-24,375000.0 - 375000.0,0.0,LOW,Payment In-Progress
TXN-002669,WS/MP18082/2026,KIRAN GOWDA,499863.0,2026-08-17,499373.4 - 499808.6,0.05444453563014545,LOW,Payment In-Progress
TXN-002670,WS/MP18082/2026,KIRAN GOWDA,499319.0,2026-08-17,499373.4 - 499808.6,-0.05444453563014545,LOW,Payment In-Progress
TXN-002671,WS/MP644/2026,GP CHANDEH,375000.0,2026-08-21,375000.0 - 375000.0,0.0,LOW,Payment In-Progress
TXN-002672,WS/MP716/2025,Sagandeep Singh,17468.0,2026-08-21,20167.6 - 41764.4,-43.58974358974359,MEDIUM,Payment In-Progress
TXN-002673,WS/MP716/2025,Sagandeep Singh,44464.0,2026-08-21,20167.6 - 41764.4,43.58974358974359,MEDIUM,Payment In-Progress
TXN-002674,WS/MP710/2026,MR RAJESWARAN LOHIYADASAN,2214985.0,2026-08-18,2214985.0 - 2214985.0,0.0,LOW,Payment In-Progress
TXN-002675,WS/MP579/2025,GRAM PANCHAYAT SARDARPURA,274825.0,2026-08-18,274825.0 - 274825.0,0.0,LOW,Payment In-Progress
TXN-002676,WS/MP18102/2026,Gram Panchayat Kapasthal janpad Panchayat sardarpur,250000.0,2026-08-27,250000.0 - 250000.0,0.0,LOW,Payment In-Progress
TXN-002677,WS/MP300/2026,NIRANJAN BEHERA,343326.0,2026-08-19,343326.0 - 343326.0,0.0,LOW,Payment In-Progress
TXN-002678,WS/MP373/2025,MADHUSUDAN BANCHHOR,300000.0,2026-08-21,300000.0 - 300000.0,0.0,LOW,Payment In-Progress
TXN-002679,WS/MP18227/2025,Krishna Kumar Contractor,260974.0,2026-08-21,260974.0 - 260974.0,0.0,LOW,Payment In-Progress
TXN-002680,WS/MP18227/2025,Krishna Kumar Contractor,260974.0,2026-08-21,260974.0 - 260974.0,0.0,LOW,Payment In-Progress
TXN-002681,WS/MP18227/2025,Krishna Kumar Contractor,260974.0,2026-08-21,260974.0 - 260974.0,0.0,LOW,Payment In-Progress
TXN-002682,WS/MP18227/2025,Krishna Kumar Contractor,260974.0,2026-08-21,260974.0 - 260974.0,0.0,LOW,Payment In-Progress
TXN-002683,WS/MP18227/2025,Krishna Kumar Contractor,260974.0,2026-08-21,260974.0 - 260974.0,0.0,LOW,Payment In-Progress
TXN-002684,WS/MP18227/2025,Krishna Kumar Contractor,260974.0,2026-08-21,260974.0 - 260974.0,0.0,LOW,Payment In-Progress
TXN-002685,WS/MP18227/2025,Krishna Kumar Contractor,260974.0,2026-08-21,260974.0 - 260974.0,0.0,LOW,Payment In-Progress
TXN-002686,WS/MP18227/2025,Krishna Kumar Contractor,260974.0,2026-08-21,260974.0 - 260974.0,0.0,LOW,Payment In-Progress
TXN-002687,WS/MP18227/2025,Krishna Kumar Contractor,260974.0,2026-08-21,260974.0 - 260974.0,0.0,LOW,Payment In-Progress
TXN-002688,WS/MP18227/2025,Krishna Kumar Contractor,260974.0,2026-08-21,260974.0 - 260974.0,0.0,LOW,Payment In-Progress
TXN-002689,WS/MP18227/2025,Krishna Kumar Contractor,260974.0,2026-08-21,260974.0 - 260974.0,0.0,LOW,Payment In-Progress
TXN-002690,WS/MP18227/2025,Krishna Kumar Contractor,260974.0,2026-08-21,260974.0 - 260974.0,0.0,LOW,Payment In-Progress
TXN-002691,WS/MP18227/2025,Krishna Kumar Contractor,260974.0,2026-08-21,260974.0 - 260974.0,0.0,LOW,Payment In-Progress
TXN-002692,WS/MP18227/2025,Krishna Kumar Contractor,260974.0,2026-08-21,260974.0 - 260974.0,0.0,LOW,Payment In-Progress
TXN-002693,WS/MP18227/2025,Krishna Kumar Contractor,260974.0,2026-08-21,260974.0 - 260974.0,0.0,LOW,Payment In-Progress
TXN-002694,WS/MP18227/2025,Krishna Kumar Contractor,260974.0,2026-08-21,260974.0 - 260974.0,0.0,LOW,Payment In-Progress
TXN-002695,WS/MP18227/2025,Krishna Kumar Contractor,260974.0,2026-08-21,260974.0 - 260974.0,0.0,LOW,Payment In-Progress
TXN-002696,WS/MP18227/2025,Krishna Kumar Contractor,260974.0,2026-08-21,260974.0 - 260974.0,0.0,LOW,Payment In-Progress
TXN-002697,WS/MP18227/2025,Krishna Kumar Contractor,260974.0,2026-08-21,260974.0 - 260974.0,0.0,LOW,Payment In-Progress
TXN-002698,WS/MP18227/2025,Krishna Kumar Contractor,260974.0,2026-08-21,260974.0 - 260974.0,0.0,LOW,Payment In-Progress
TXN-002699,WS/MP18227/2025,Krishna Kumar Contractor,260974.0,2026-08-21,260974.0 - 260974.0,0.0,LOW,Payment In-Progress
TXN-002700,WS/MP18227/2025,Krishna Kumar Contractor,260974.0,2026-08-21,260974.0 - 260974.0,0.0,LOW,Payment In-Progress
TXN-002701,WS/MP18227/2025,Krishna Kumar Contractor,260974.0,2026-08-21,260974.0 - 260974.0,0.0,LOW,Payment In-Progress
TXN-002702,WS/MP18227/2025,Krishna Kumar Contractor,260974.0,2026-08-21,260974.0 - 260974.0,0.0,LOW,Payment In-Progress
TXN-002703,WS/MP18227/2025,Krishna Kumar Contractor,260974.0,2026-08-21,260974.0 - 260974.0,0.0,LOW,Payment In-Progress
TXN-002704,WS/MP18227/2025,Krishna Kumar Contractor,260974.0,2026-08-21,260974.0 - 260974.0,0.0,LOW,Payment In-Progress
TXN-002705,WS/MP18227/2025,Krishna Kumar Contractor,260974.0,2026-08-21,260974.0 - 260974.0,0.0,LOW,Payment In-Progress
TXN-002706,WS/MP18227/2025,Krishna Kumar Contractor,260974.0,2026-08-21,260974.0 - 260974.0,0.0,LOW,Payment In-Progress
TXN-002707,WS/MP18227/2025,Krishna Kumar Contractor,260974.0,2026-08-21,260974.0 - 260974.0,0.0,LOW,Payment In-Progress
TXN-002708,WS/MP18109/2026,Sonu Singh,249728.0,2026-08-21,249728.0 - 249728.0,0.0,LOW,Payment In-Progress
TXN-002709,WS/MP18345/2026,S R V ENTERPRISES,894547.0,2026-08-27,894547.0 - 894547.0,0.0,LOW,Payment In-Progress
TXN-002710,WS/MP18314/2025,Lakhvir Kaur Sarpanch,12936.0,2026-08-26,10587.2 - 17052.8,-6.396526772793054,LOW,Payment In-Progress
TXN-002711,WS/MP18314/2025,Lakhvir Kaur Sarpanch,18082.0,2026-08-26,10587.2 - 17052.8,30.839363241678726,MEDIUM,Payment In-Progress
TXN-002712,WS/MP18314/2025,Lakhvir Kaur Sarpanch,10000.0,2026-08-26,10587.2 - 17052.8,-27.641099855282196,MEDIUM,Payment In-Progress
TXN-002713,WS/MP18314/2025,Sunil Enterprises Dirba,30078.0,2026-08-19,30078.0 - 30078.0,0.0,LOW,Payment In-Progress
TXN-002714,WS/MP578/2025,KHOKHARAUMAR GROUP GRAM PANCHAYAT,100000.0,2026-08-24,100000.0 - 100000.0,0.0,LOW,Payment In-Progress
TXN-002715,WS/MP18005/2025,KATTA PRASANNA KUMAR,999468.0,2026-08-18,999468.0 - 999468.0,0.0,LOW,Payment In-Progress
TXN-002716,WS/MP18067/2025,The Devi Luxmi Co Operative Labour and Construction Society Limited,693442.0,2026-08-18,326299.6 - 652648.4,41.670854836007635,MEDIUM,Payment In-Progress
TXN-002717,WS/MP18067/2025,The Devi Luxmi Co Operative Labour and Construction Society Limited,285506.0,2026-08-18,326299.6 - 652648.4,-41.670854836007635,MEDIUM,Payment In-Progress
TXN-002718,WS/MP18350/2025,DMF BOUDH,765.0,2026-08-17,765.0 - 765.0,0.0,LOW,Payment In-Progress
TXN-002719,WS/MP18193/2025,Quality Contractors,327469.0,2026-08-19,327469.0 - 327469.0,0.0,LOW,Payment In-Progress
TXN-002720,WS/MP18077/2026,BASAVARAJ MAHANTESH PATIL,375000.0,2026-08-19,375000.0 - 375000.0,0.0,LOW,Payment In-Progress
TXN-002721,WS/MP716/2025,Amir Khan,10056.0,2026-08-21,10056.0 - 10056.0,0.0,LOW,Payment In-Progress
TXN-002722,WS/MP716/2025,Chidiya Khan,10056.0,2026-08-21,10056.0 - 10056.0,0.0,LOW,Payment In-Progress
TXN-002723,WS/MP18164/2025,JASAKARAN,26531.0,2026-08-26,26531.0 - 26531.0,0.0,LOW,Payment In-Progress
TXN-002724,WS/MP829/2025,RAHAMAN ENTERPRISE,328709.0,2026-08-19,328709.0 - 328709.0,0.0,LOW,Payment In-Progress
TXN-002725,WS/MP18077/2026,RAGHAVENDRA I NARAGATTI,375000.0,2026-08-19,375000.0 - 375000.0,0.0,LOW,Payment In-Progress
TXN-002726,WS/MP18051/2026,GRYGRAM PAN SENDMUDA,320000.0,2026-08-24,320000.0 - 320000.0,0.0,LOW,Payment In-Progress
TXN-002727,WS/MP18051/2026,GRAM PANCHAYAT KHOKSARA,320000.0,2026-08-24,320000.0 - 320000.0,0.0,LOW,Payment In-Progress
TXN-002728,WS/MP18051/2026,SRYGR PANCH JHIRIPANI,320000.0,2026-08-24,320000.0 - 320000.0,0.0,LOW,Payment In-Progress
TXN-002729,WS/MP18003/2025,PUSALAPATI CHINNA KONDAIAH,511985.0,2026-08-20,511985.0 - 511985.0,0.0,LOW,Payment In-Progress
TXN-002730,WS/MP538/2025,DIPTI ENTERPRISE,120703.0,2026-08-24,120703.0 - 120703.0,0.0,LOW,Payment In-Progress
TXN-002731,WS/MP453/2026,Junior Engineer III,250000.0,2026-08-20,250000.0 - 250000.0,0.0,LOW,Payment In-Progress
TXN-002732,WS/MP453/2026,Junior Engineer III,250000.0,2026-08-20,250000.0 - 250000.0,0.0,LOW,Payment In-Progress
TXN-002733,WS/MP18083/2026,SHRAVAN KUMAR SHETTY,499162.0,2026-08-19,499162.0 - 499162.0,0.0,LOW,Payment In-Progress
TXN-002734,WS/MP18154/2026,Rajindera BKO,319800.0,2026-08-27,319800.0 - 319800.0,0.0,LOW,Payment In-Progress
TXN-002735,WS/MP578/2025,KEVDI GROUP GRAM PANCHAYAT,200000.0,2026-08-24,200000.0 - 200000.0,0.0,LOW,Payment In-Progress
TXN-002736,WS/MP577/2025,GRUP GRAMPANCHAYAT SANJELI,227240.0,2026-08-26,233761.3 - 285931.7,-12.548369903000426,LOW,Payment In-Progress
TXN-002737,WS/MP18154/2026,KHEHRA TRADING COMPANY,178830.0,2026-08-27,178830.0 - 178830.0,0.0,LOW,Payment In-Progress
TXN-002738,WS/MP18022/2026,Raju Gogoi,500000.0,2026-08-24,500000.0 - 500000.0,0.0,LOW,Payment In-Progress
TXN-002739,WS/MP18056/2025,Nanjibhai Devshibhai Makvana,785489.0,2026-08-21,424796.9 - 745412.1,34.24764294241456,MEDIUM,Payment In-Progress
TXN-002740,WS/MP18056/2025,Nanjibhai Devshibhai Makvana,384720.0,2026-08-21,424796.9 - 745412.1,-34.24764294241456,MEDIUM,Payment In-Progress
TXN-002741,WS/MP18189/2026,Swarna Narendra Kumar,498359.0,2026-08-24,498359.0 - 498359.0,0.0,LOW,Payment In-Progress
TXN-002742,WS/MP18351/2025,EE APSIDC INTREST AND DISBURESEMENT,300000.0,2026-08-25,300000.0 - 300000.0,0.0,LOW,Payment In-Progress
TXN-002743,WS/MP18169/2026,TANISHKA PRAKASHAN,4000000.0,2026-08-20,4000000.0 - 4000000.0,0.0,LOW,Payment In-Progress
TXN-002744,WS/MP18054/2026,SIX FILTERS TECHNOLOGY,56000.0,2026-08-24,56000.0 - 56000.0,0.0,LOW,Payment In-Progress
TXN-002745,WS/MP18162/2025,Sukhdev balai,31000.0,2026-08-24,31000.0 - 31000.0,0.0,LOW,Payment In-Progress
TXN-002746,WS/MP18004/2025,TAVITI NAIDU REDDY,500000.0,2026-08-21,500000.0 - 500000.0,0.0,LOW,Payment In-Progress
TXN-002747,WS/MP389/2025,SHRISHYAM ENTERPRISE,412534.0,2026-08-27,412534.0 - 412534.0,0.0,LOW,Payment In-Progress
TXN-002748,WS/MP823/2025,AGAMESWARI CO OPERATIVE LABOUR CONTRACT AND CONSTRUCTION SOCIETY LTD,3994199.0,2026-08-21,3994199.0 - 3994199.0,0.0,LOW,Payment In-Progress
TXN-002749,WS/MP18058/2025,Lachanpura Gram Panchayat,500000.0,2026-08-21,500000.0 - 500000.0,0.0,LOW,Payment In-Progress
TXN-002750,WS/MP18025/2026,ANITA RAJPUT KUMAR,310056.0,2026-08-27,310056.0 - 310056.0,0.0,LOW,Payment In-Progress
TXN-002751,WS/MP18162/2025,Balaji Construction,393597.0,2026-08-22,393597.0 - 393597.0,0.0,LOW,Payment In-Progress
TXN-002752,WS/MP18162/2025,Shankar lal Gadri,7410.0,2026-08-25,7410.0 - 7410.0,0.0,LOW,Payment In-Progress
TXN-002753,WS/MP18162/2025,Parmanand,7410.0,2026-08-25,7410.0 - 7410.0,0.0,LOW,Payment In-Progress
TXN-002754,WS/MP18162/2025,Mahaveer Kumawat,7410.0,2026-08-25,7410.0 - 7410.0,0.0,LOW,Payment In-Progress
TXN-002755,WS/MP18162/2025,Mahaveer Parsad Mali,18400.0,2026-08-25,18400.0 - 18400.0,0.0,LOW,Payment In-Progress
TXN-002756,WS/MP18162/2025,Chotu Regar,7410.0,2026-08-25,7410.0 - 7410.0,0.0,LOW,Payment In-Progress
TXN-002757,WS/MP18162/2025,Badri Kumhar,7410.0,2026-08-25,7410.0 - 7410.0,0.0,LOW,Payment In-Progress
TXN-002758,WS/MP18162/2025,Debi lal Gujar,10400.0,2026-08-25,10400.0 - 10400.0,0.0,LOW,Payment In-Progress
TXN-002759,WS/MP18162/2025,Prahlad Kumawat,7410.0,2026-08-25,7410.0 - 7410.0,0.0,LOW,Payment In-Progress
TXN-002760,WS/MP300/2025,BRAHMANANDA SAHOO,692305.0,2026-08-25,692305.0 - 692305.0,0.0,LOW,Payment In-Progress
TXN-002761,WS/MP18321/2026,JASVANTPURA GRAM PANCHAYAT,200000.0,2026-08-21,200000.0 - 200000.0,0.0,LOW,Payment In-Progress
TXN-002762,WS/MP316/2025,KUBER PRASAD,796239.0,2026-08-21,796239.0 - 796239.0,0.0,LOW,Payment In-Progress
TXN-002763,WS/MP710/2025,Anbarasan G,1229867.0,2026-08-25,1229867.0 - 1229867.0,0.0,LOW,Payment In-Progress
TXN-002764,WS/MP18183/2025,KARTHIK P,576388.0,2026-08-25,576388.0 - 576388.0,0.0,LOW,Payment In-Progress
TXN-002765,WS/MP18263/2026,MANJUNATH M C,198410.0,2026-08-21,198410.0 - 198410.0,0.0,LOW,Payment In-Progress
TXN-002766,WS/MP18241/2026,MANAGER SAMITI BABURAM MUNNI DEVI BALIKA,599975.0,2026-08-21,599975.0 - 599975.0,0.0,LOW,Payment In-Progress
TXN-002767,WS/MP300/2026,ABHIMANYU GIRI,395692.0,2026-08-21,395692.0 - 395692.0,0.0,LOW,Payment In-Progress
TXN-002768,WS/MP18158/2026,Mobera Singh,47250.0,2026-08-26,47250.0 - 47250.0,0.0,LOW,Payment In-Progress
TXN-002769,WS/MP18312/2026,MS NS INFRA ENTERPRISES,1697470.0,2026-08-24,1697470.0 - 1697470.0,0.0,LOW,Payment In-Progress
TXN-002770,WS/MP380/2025,Jodh Singh Sarpanch Rabbon Uchi,50848.0,2026-08-25,50848.0 - 50848.0,0.0,LOW,Payment In-Progress
TXN-002771,WS/MP18150/2026,ROJALOIN BEHERA,661978.0,2026-08-25,661978.0 - 661978.0,0.0,LOW,Payment In-Progress
TXN-002772,WS/MP394/2026,Rajive C K,456779.0,2026-08-27,456779.0 - 456779.0,0.0,LOW,Payment In-Progress
TXN-002773,WS/MP18367/2026,BISHNU CONSTRUCTION,497932.0,2026-08-24,497932.0 - 497932.0,0.0,LOW,Payment In-Progress
TXN-002774,WS/MP18048/2026,KHAND SHROT SAMANVAYAK SAMAGRA SIKSHA VIKASKHAND GEEDAM,1250000.0,2026-08-27,1250000.0 - 1250000.0,0.0,LOW,Payment In-Progress
TXN-002775,WS/MP18328/2026,Gram Panchayat Hataun,100000.0,2026-08-27,100000.0 - 100000.0,0.0,LOW,Payment In-Progress
TXN-002776,WS/MP18257/2026,MS GOPINATH MAITY,342151.0,2026-08-25,342151.0 - 342151.0,0.0,LOW,Payment In-Progress
TXN-002777,WS/MP18257/2026,TIRUPATI ENTERPRISE,348032.0,2026-08-25,348032.0 - 348032.0,0.0,LOW,Payment In-Progress
TXN-002778,WS/MP18034/2025,SHREE SHYAM ENTERPRISES,988493.0,2026-08-26,515661.8 - 988668.2,31.419701794154207,MEDIUM,Payment In-Progress
TXN-002779,WS/MP18034/2025,SHREE SHYAM ENTERPRISES,988712.0,2026-08-25,515661.8 - 988668.2,31.44881774610624,MEDIUM,Payment In-Progress
TXN-002780,WS/MP021/2026,HARISH CHANDRA BHATT TRADERS,85107.0,2026-08-27,85107.0 - 85107.0,0.0,LOW,Payment In-Progress
TXN-002781,WS/MP575/2025,khergam vibhag majur ane kamagaro sahkari mandli limited khergam,500000.0,2026-08-24,500000.0 - 500000.0,0.0,LOW,Payment In-Progress
TXN-002782,WS/MP18328/2025,Gram Panchayat Talkehar,70000.0,2026-08-25,70000.0 - 70000.0,0.0,LOW,Payment In-Progress
TXN-002783,WS/MP18115/2026,GRAM PANCHAYAT ITKHEDA,699241.0,2026-08-27,699241.0 - 699241.0,0.0,LOW,Payment In-Progress
TXN-002784,WS/MP18324/2026,GIGASAN GRAM PANCHAYAT,390000.0,2026-08-27,390000.0 - 390000.0,0.0,LOW,Payment In-Progress
TXN-002785,WS/MP431/2025,THE LAL KRIPA COOP LANDC SOCIETY LTD,428013.0,2026-08-25,428013.0 - 428013.0,0.0,LOW,Payment In-Progress
TXN-002786,WS/MP316/2025,ANIL KUMAR SINGH,812494.0,2026-08-27,812494.0 - 812494.0,0.0,LOW,Payment In-Progress
TXN-002787,WS/MP386/2026,SHIV CONSTRUCTION PARBATSAR,564000.0,2026-08-26,564000.0 - 564000.0,0.0,LOW,Payment In-Progress
TXN-002788,WS/MP18181/2026,JAYALAKSHMI BUILDERS,2000000.0,2026-08-27,2000000.0 - 2000000.0,0.0,LOW,Payment In-Progress
TXN-002789,WS/MP18328/2025,Gram Panchayat Utpur,70000.0,2026-08-26,70000.0 - 70000.0,0.0,LOW,Payment In-Progress
TXN-002790,WS/MP18181/2025,BRINDHA,781543.0,2026-08-27,781543.0 - 781543.0,0.0,LOW,Payment In-Progress
TXN-002791,WS/MP18042/2025,DHIRAJ KUMAR,1197855.0,2026-08-27,1197855.0 - 1197855.0,0.0,LOW,Payment In-Progress
TXN-002792,WS/MP337/2026,RAGHAVENDRA,500000.0,2026-08-26,500000.0 - 500000.0,0.0,LOW,Payment In-Progress
TXN-002793,WS/MP716/2024,National Sports and Games,150000.0,2026-08-26,150000.0 - 150000.0,0.0,LOW,Payment In-Progress
TXN-002794,WS/MP18328/2026,GP Sorta,80000.0,2026-08-27,80000.0 - 80000.0,0.0,LOW,Payment In-Progress
TXN-002795,WS/MP18189/2026,MADDISETTI SATYA PRASAD,499623.0,2026-08-27,499623.0 - 499623.0,0.0,LOW,Payment In-Progress
TXN-002796,WS/MP18328/2025,Sewa Bharti samitti Ropri Kalehru,70000.0,2026-08-26,70000.0 - 70000.0,0.0,LOW,Payment In-Progress
TXN-002797,WS/MP18328/2025,GP Bhararoo,60000.0,2026-08-26,60000.0 - 60000.0,0.0,LOW,Payment In-Progress
TXN-002798,WS/MP18328/2026,Gram Panchayat Pali,120000.0,2026-08-26,120000.0 - 120000.0,0.0,LOW,Payment In-Progress
TXN-002799,WS/MP18328/2025,Gram Panchayat Nauhali,70000.0,2026-08-25,70000.0 - 70000.0,0.0,LOW,Payment In-Progress
TXN-002800,WS/MP770/2026,DEVENDER REDDY KAVVA,193764.0,2026-08-27,193764.0 - 193764.0,0.0,LOW,Payment In-Progress
TXN-002801,WS/MP18172/2025,GAURAV,3250.0,2026-08-27,2800.0 - 3200.0,8.333333333333332,LOW,Payment In-Progress
TXN-002802,WS/MP18172/2025,GAURAV,2750.0,2026-08-27,2800.0 - 3200.0,-8.333333333333332,LOW,Payment In-Progress
TXN-002803,WS/MP18172/2025,PRABHU LAL GAYARI,2750.0,2026-08-27,3195.0 - 6755.0,-44.72361809045226,MEDIUM,Payment In-Progress
TXN-002804,WS/MP18172/2025,PRABHU LAL GAYARI,7200.0,2026-08-27,3195.0 - 6755.0,44.72361809045226,MEDIUM,Payment In-Progress
TXN-002805,WS/MP18172/2025,PRITHRIRAJ,3250.0,2026-08-27,2800.0 - 3200.0,8.333333333333332,LOW,Payment In-Progress
TXN-002806,WS/MP18172/2025,PRITHRIRAJ,2750.0,2026-08-27,2800.0 - 3200.0,-8.333333333333332,LOW,Payment In-Progress
TXN-002807,WS/MP18172/2025,RATAN LAL GAYARI,2750.0,2026-08-27,3255.0 - 7295.0,-47.867298578199055,MEDIUM,Payment In-Progress
TXN-002808,WS/MP18172/2025,RATAN LAL GAYARI,7800.0,2026-08-27,3255.0 - 7295.0,47.867298578199055,MEDIUM,Payment In-Progress
TXN-002809,WS/MP18172/2025,SHANKAR LAL GAYARI,1750.0,2026-08-27,2235.0 - 6115.0,-58.08383233532935,HIGH,Payment In-Progress
TXN-002810,WS/MP18172/2025,SHANKAR LAL GAYARI,6600.0,2026-08-27,2235.0 - 6115.0,58.08383233532935,HIGH,Payment In-Progress
TXN-002811,WS/MP18172/2025,REKHA GAYARI,2750.0,2026-08-27,2800.0 - 3200.0,-8.333333333333332,LOW,Payment In-Progress
TXN-002812,WS/MP18172/2025,REKHA GAYARI,3250.0,2026-08-27,2800.0 - 3200.0,8.333333333333332,LOW,Payment In-Progress
TXN-002813,WS/MP18172/2025,SOHANI BAI GAYARI,2750.0,2026-08-27,2800.0 - 3200.0,-8.333333333333332,LOW,Payment In-Progress
TXN-002814,WS/MP18172/2025,SOHANI BAI GAYARI,3250.0,2026-08-27,2800.0 - 3200.0,8.333333333333332,LOW,Payment In-Progress
TXN-002815,WS/MP18172/2025,VALI BAI GAYARI,3250.0,2026-08-27,2800.0 - 3200.0,8.333333333333332,LOW,Payment In-Progress
TXN-002816,WS/MP18172/2025,VALI BAI GAYARI,2750.0,2026-08-27,2800.0 - 3200.0,-8.333333333333332,LOW,Payment In-Progress
TXN-002817,WS/MP18172/2025,SOHAN LAL,3250.0,2026-08-27,2800.0 - 3200.0,8.333333333333332,LOW,Payment In-Progress
TXN-002818,WS/MP18172/2025,SOHAN LAL,2750.0,2026-08-27,2800.0 - 3200.0,-8.333333333333332,LOW,Payment In-Progress
TXN-002819,WS/MP18172/2025,BHAGWANI BAI,2500.0,2026-08-27,2500.0 - 2500.0,0.0,LOW,Payment In-Progress
TXN-002820,WS/MP18111/2026,GRAMPANCHAYAT KARYALAY LAKHPURI,982424.0,2026-08-27,982424.0 - 982424.0,0.0,LOW,Payment In-Progress
TXN-002821,WS/MP18328/2025,Gram panchayat Kolang,70000.0,2026-08-26,70000.0 - 70000.0,0.0,LOW,Payment In-Progress
TXN-002822,WS/MP524/2025,K MURUSALEEM,199321.0,2026-08-27,199321.0 - 199321.0,0.0,LOW,Payment In-Progress
TXN-002823,WS/MP716/2025,Gora Bhathal Cement Store,10380.0,2026-08-26,10380.0 - 10380.0,0.0,LOW,Payment In-Progress
TXN-002824,WS/MP716/2025,Bagga Singh,9749.0,2026-08-26,9749.0 - 9749.0,0.0,LOW,Payment In-Progress
TXN-002825,WS/MP18314/2025,Garg Iron Store Barnala,52805.0,2026-08-26,52805.0 - 52805.0,0.0,LOW,Payment In-Progress
TXN-002826,WS/MP18328/2025,Gram Panchayat Matehar,70000.0,2026-08-26,70000.0 - 70000.0,0.0,LOW,Payment In-Progress
TXN-002827,WS/MP477/2026,bhuwan chandra joshi,12096.0,2026-08-27,8532.0 - 11700.0,19.572953736654807,LOW,Payment In-Progress
TXN-002828,WS/MP477/2026,diksha joshi,12096.0,2026-08-27,12096.0 - 12096.0,0.0,LOW,Payment In-Progress
TXN-002829,WS/MP477/2026,pushpa devi,12096.0,2026-08-27,12096.0 - 12096.0,0.0,LOW,Payment In-Progress
TXN-002830,WS/MP477/2026,hansa devi,12096.0,2026-08-27,12096.0 - 12096.0,0.0,LOW,Payment In-Progress
TXN-002831,WS/MP18328/2025,Gram Panchayat Gounta,150000.0,2026-08-26,150000.0 - 150000.0,0.0,LOW,Payment In-Progress
TXN-002832,WS/MP477/2026,basant ballbh joshi,13130.0,2026-08-27,13130.0 - 13130.0,0.0,LOW,Payment In-Progress
TXN-002833,WS/MP18328/2025,Gram Panchayat Khaddar,70000.0,2026-08-26,70000.0 - 70000.0,0.0,LOW,Payment In-Progress
TXN-002834,WS/MP18429/2026,GRAM PANCHAYAT KARYALAYA JAKAPUR TQ KANDHAR,494000.0,2026-08-27,494000.0 - 494000.0,0.0,LOW,Payment In-Progress
TXN-002835,WS/MP329/2026,Sarv Kalyan Manch,1100000.0,2026-08-27,1100000.0 - 1100000.0,0.0,LOW,Payment In-Progress
TXN-002836,WS/MP021/2026,TIRLOCHAN,10980.0,2026-08-27,10980.0 - 10980.0,0.0,LOW,Payment In-Progress
TXN-002837,WS/MP021/2026,HARISH CHANDRA JOSHI,10980.0,2026-08-27,10980.0 - 10980.0,0.0,LOW,Payment In-Progress
TXN-002838,WS/MP021/2026,VINOD CHANDRA BHATT,15150.0,2026-08-27,15150.0 - 15150.0,0.0,LOW,Payment In-Progress
TXN-002839,WS/MP021/2026,HARISH CHANDRA BHATT,15150.0,2026-08-27,15150.0 - 15150.0,0.0,LOW,Payment In-Progress
TXN-002840,WS/MP021/2026,PAWAN BHATT,10980.0,2026-08-27,10980.0 - 10980.0,0.0,LOW,Payment In-Progress
TXN-002841,WS/MP021/2026,NAVEEN CHANDRA BHATT,15150.0,2026-08-27,15150.0 - 15150.0,0.0,LOW,Payment In-Progress
TXN-002842,WS/MP021/2026,BHARTI RAWAT,8052.0,2026-08-27,8052.0 - 8052.0,0.0,LOW,Payment In-Progress
TXN-002843,WS/MP18211/2025,Mahesh Shahi son of Tej Bahadur Shahi,1227789.0,2026-08-24,1227789.0 - 1227789.0,0.0,LOW,Payment In-Progress
TXN-002844,WS/MP18211/2025,RAKESH YADAV SON OF MAHANGU YADAV,939599.0,2026-08-24,939599.0 - 939599.0,0.0,LOW,Payment In-Progress
TXN-002845,WS/MP18312/2026,Santhiya,1059245.0,2026-08-27,1059245.0 - 1059245.0,0.0,LOW,Payment In-Progress
TXN-002846,WS/MP18328/2026,Gram Panchayat Latran,60000.0,2026-08-24,60000.0 - 60000.0,0.0,LOW,Payment In-Progress
TXN-002847,WS/MP18328/2026,Gram Panchayat Silh Badhani,120000.0,2026-08-25,120000.0 - 120000.0,0.0,LOW,Payment In-Progress
TXN-002848,WS/MP600/2026,Chanchal Singh,185900.0,2026-08-27,31770.5 - 168774.5,85.3947991722556,HIGH,Payment In-Progress
TXN-002849,WS/MP600/2026,Shankar Singh,133700.0,2026-08-27,133700.0 - 133700.0,0.0,LOW,Payment In-Progress
TXN-002850,WS/MP18328/2025,Gram Panchayat Bihun,70000.0,2026-08-25,70000.0 - 70000.0,0.0,LOW,Payment In-Progress
TXN-002851,WS/MP18328/2026,PradhanGP Kufri,120000.0,2026-08-24,120000.0 - 120000.0,0.0,LOW,Payment In-Progress
TXN-002852,WS/MP18328/2025,Gram Panchayat Bhadyara bhulla,70000.0,2026-08-24,70000.0 - 70000.0,0.0,LOW,Payment Success
TXN-002853,WS/MP18328/2025,G P Nichala Garoru,100000.0,2026-08-24,100000.0 - 100000.0,0.0,LOW,Payment Success
TXN-002854,WS/MP18328/2025,PradhanGP Kadhar,60000.0,2026-08-24,60000.0 - 60000.0,0.0,LOW,Payment Success
TXN-002855,WS/MP18328/2025,GP Hargunen,60000.0,2026-08-24,60000.0 - 60000.0,0.0,LOW,Payment Success
TXN-002856,WS/MP18328/2025,Gram Panchayat Tikroo,70000.0,2026-08-24,70000.0 - 70000.0,0.0,LOW,Payment Success
TXN-002857,WS/MP18328/2026,GP Kunnu,60000.0,2026-08-24,60000.0 - 60000.0,0.0,LOW,Payment Success
TXN-002858,WS/MP18263/2026,ARUN K,250000.0,2026-08-24,250000.0 - 250000.0,0.0,LOW,Payment Success
TXN-002859,WS/MP18328/2025,Gram Panhayat Tullah,70000.0,2026-08-24,70000.0 - 70000.0,0.0,LOW,Payment Success
TXN-002860,WS/MP18328/2025,Gram Panchayat Khadiar,70000.0,2026-08-24,70000.0 - 70000.0,0.0,LOW,Payment Success
TXN-002861,WS/MP18328/2026,Gram Panchayat Kathog,60000.0,2026-08-24,60000.0 - 60000.0,0.0,LOW,Payment Success
TXN-002862,WS/MP18328/2026,Gram Panchayat Kathog,60000.0,2026-08-24,60000.0 - 60000.0,0.0,LOW,Payment Success
TXN-002863,WS/MP18328/2026,GP Baridhar,80000.0,2026-08-24,80000.0 - 80000.0,0.0,LOW,Payment Success
TXN-002864,WS/MP18328/2026,Prashar Yuvak Mandal Rehardhar,60000.0,2026-08-24,60000.0 - 60000.0,0.0,LOW,Payment Success
TXN-002865,WS/MP18328/2025,Gram Panchayat Bhadyara,70000.0,2026-08-24,70000.0 - 70000.0,0.0,LOW,Payment Success
TXN-002866,WS/MP18328/2025,Gram Panchayat Pihar Bhedlu,70000.0,2026-08-24,70000.0 - 70000.0,0.0,LOW,Payment Success
TXN-002867,WS/MP18328/2025,Gram Panchayat Bharol,70000.0,2026-08-24,70000.0 - 70000.0,0.0,LOW,Payment Success
TXN-002868,WS/MP18328/2025,Pradhan GP Dhart Bagla Sec GP Dart Bagala,60000.0,2026-08-22,60000.0 - 60000.0,0.0,LOW,Payment Success
TXN-002869,WS/MP18263/2026,DINESH NAYAK,298314.0,2026-08-24,298314.0 - 298314.0,0.0,LOW,Payment Success
TXN-002870,WS/MP18269/2026,Sre MCM and Co,2276220.0,2026-08-24,2276220.0 - 2276220.0,0.0,LOW,Payment Success
TXN-002871,WS/MP18328/2026,Gram Panchayat Tung,75000.0,2026-08-24,77500.0 - 97500.0,-14.285714285714285,LOW,Payment Success
TXN-002872,WS/MP18328/2026,Gram Panchayat Tung,100000.0,2026-08-24,77500.0 - 97500.0,14.285714285714285,LOW,Payment Success
TXN-002873,WS/MP18328/2025,Pradhan GP Masoli,60000.0,2026-08-22,60000.0 - 60000.0,0.0,LOW,Payment Success
TXN-002874,WS/MP18328/2025,Gram Panchayat Golwan,150000.0,2026-08-22,150000.0 - 150000.0,0.0,LOW,Payment Success
TXN-002875,WS/MP600/2026,ANIJLI SHARMA,178500.0,2026-08-22,178500.0 - 178500.0,0.0,LOW,Payment Success
TXN-002876,WS/MP18354/2026,GRAM PANCHAYAT BAGHIMA,299984.0,2026-08-24,299984.0 - 299984.0,0.0,LOW,Payment Success
TXN-002877,WS/MP18155/2025,bagha Hardware Paint Store,23590.0,2026-08-21,23590.0 - 23590.0,0.0,LOW,Payment Success
TXN-002878,WS/MP18311/2026,shivalik engineers and contractors,20750.0,2026-08-24,19924.0 - 67887.0,-52.73940622473267,HIGH,Payment Success
TXN-002879,WS/MP18311/2026,shivalik engineers and contractors,85120.0,2026-08-24,19924.0 - 67887.0,93.87092733256654,HIGH,Payment Success
TXN-002880,WS/MP18311/2026,shivalik engineers and contractors,50654.0,2026-08-24,19924.0 - 67887.0,15.370511667103209,LOW,Payment Success
TXN-002881,WS/MP18311/2026,shivalik engineers and contractors,19098.0,2026-08-24,19924.0 - 67887.0,-56.502032774937085,HIGH,Payment Success
TXN-002882,WS/MP18311/2026,shivalik engineers and contractors,42560.0,2026-08-24,19924.0 - 67887.0,-3.0645363337167324,LOW,Payment Success
TXN-002883,WS/MP18311/2026,shivalik engineers and contractors,20750.0,2026-08-24,19924.0 - 67887.0,-52.73940622473267,HIGH,Payment Success
TXN-002884,WS/MP428/2026,GRAM PANCHAYAT MOKHALI,150000.0,2026-08-24,150000.0 - 150000.0,0.0,LOW,Payment Success
TXN-002885,WS/MP18161/2026,deepak kumar,1140.0,2026-08-21,1140.0 - 1140.0,0.0,LOW,Payment Success
TXN-002886,WS/MP18042/2026,THAKUR AMRENDRA KUMAR SINGH,797038.0,2026-08-22,797038.0 - 797038.0,0.0,LOW,Payment Success
TXN-002887,WS/MP18099/2026,Brahman Parishad berasia,700000.0,2026-08-24,700000.0 - 700000.0,0.0,LOW,Payment Success
TXN-002888,WS/MP18042/2026,MARUTI CONSTRUCTION,697438.0,2026-08-21,697438.0 - 697438.0,0.0,LOW,Payment Success
TXN-002889,WS/MP18328/2025,Gram Panchayat Langna,70000.0,2026-08-22,70000.0 - 70000.0,0.0,LOW,Payment Success
TXN-002890,WS/MP18328/2025,Gram Panchayat Bhager,60000.0,2026-08-22,60000.0 - 60000.0,0.0,LOW,Payment Success
TXN-002891,WS/MP18328/2026,GP Suin Kufridhar,200000.0,2026-08-24,200000.0 - 200000.0,0.0,LOW,Payment Success
TXN-002892,WS/MP18008/2026,Eda Harsha vardhan reddy,844562.0,2026-08-24,844562.0 - 844562.0,0.0,LOW,Payment Success
TXN-002893,WS/MP18328/2026,GP Belardhar,80000.0,2026-08-24,80000.0 - 80000.0,0.0,LOW,Payment Success
TXN-002894,WS/MP18328/2026,GP Pangna,60000.0,2026-08-24,60000.0 - 60000.0,0.0,LOW,Payment Success
TXN-002895,WS/MP18328/2026,GP Pangna,60000.0,2026-08-24,60000.0 - 60000.0,0.0,LOW,Payment Success
TXN-002896,WS/MP477/2026,shivoham by Gajanan,24720.0,2026-08-24,24720.0 - 24720.0,0.0,LOW,Payment Success
TXN-002897,WS/MP477/2026,BLOCK DEVELOPMENT OFFICER,5912.0,2026-08-24,3695.0 - 86656.0,-86.91326050624785,HIGH,Payment Success
TXN-002898,WS/MP477/2026,BLOCK DEVELOPMENT OFFICER,1478.0,2026-08-24,3695.0 - 86656.0,-96.72831512656195,HIGH,Payment Success
TXN-002899,WS/MP761/2026,GKNR Constructions and Man Power suppliers,436800.0,2026-08-21,436800.0 - 436800.0,0.0,LOW,Payment Success
TXN-002900,WS/MP348/2025,LIYON M V,620299.0,2026-08-21,620299.0 - 620299.0,0.0,LOW,Payment Success
TXN-002901,WS/MP18111/2026,GRAM PANCHAYAT DURGWADA,972077.0,2026-08-24,972077.0 - 972077.0,0.0,LOW,Payment Success
TXN-002902,WS/MP477/2026,SHANKER NATH,2400.0,2026-08-24,2400.0 - 2400.0,0.0,LOW,Payment Success
TXN-002903,WS/MP021/2025,NEELAM,18300.0,2026-08-23,9994.8 - 17377.2,33.71328364752302,MEDIUM,Payment Success
TXN-002904,WS/MP18154/2026,SB TRADING COMPANY,251900.0,2026-08-20,251900.0 - 251900.0,0.0,LOW,Payment Success
TXN-002905,WS/MP577/2025,GRUP GRAMPANCHAYAT SANJELI,292453.0,2026-08-23,233761.3 - 285931.7,12.548369903000426,LOW,Payment Success
TXN-002906,WS/MP18181/2026,Raju S,1500000.0,2026-08-22,1500000.0 - 1500000.0,0.0,LOW,Payment Success
TXN-002907,WS/MP640/2026,MANISH CONSTRUCTION AND VENDORS,300000.0,2026-08-19,210000.0 - 290000.0,20.0,MEDIUM,Payment Success
TXN-002908,WS/MP640/2026,MANISH CONSTRUCTION AND VENDORS,200000.0,2026-08-24,210000.0 - 290000.0,-20.0,MEDIUM,Payment Success
TXN-002909,WS/MP18158/2025,SHREE BALAJI ENTERPRISES,11092.0,2026-08-21,11092.0 - 11092.0,0.0,LOW,Payment Success
TXN-002910,WS/MP18158/2025,NEW MAHA LUXMI BRICKS,2448.0,2026-08-21,6039.3 - 34769.7,-88.00264647504227,HIGH,Payment Success
TXN-002911,WS/MP18158/2025,NEW MAHA LUXMI BRICKS,38361.0,2026-08-21,6039.3 - 34769.7,88.00264647504227,HIGH,Payment Success
TXN-002912,WS/MP18158/2025,yuvraj electrical,1984.0,2026-08-19,2149.1 - 3469.9,-29.382452393664355,MEDIUM,Payment Success
TXN-002913,WS/MP18158/2025,yuvraj electrical,3635.0,2026-08-19,2149.1 - 3469.9,29.382452393664355,MEDIUM,Payment Success
TXN-002914,WS/MP18146/2025,BABALU BEHERA,291000.0,2026-08-21,291000.0 - 291000.0,0.0,LOW,Payment Success
TXN-002915,WS/MP18328/2025,Munshi Ram,300000.0,2026-08-21,300000.0 - 300000.0,0.0,LOW,Payment Success
TXN-002916,WS/MP18042/2025,RAJEEV KUMAR SINGH,999370.0,2026-08-21,999370.0 - 999370.0,0.0,LOW,Payment Success
TXN-002917,WS/MP18324/2025,GRAM PANCHAYAT HAMAPUR,499262.0,2026-08-21,499262.0 - 499262.0,0.0,LOW,Payment Success
TXN-002918,WS/MP18390/2026,BDO Saidpur,299793.0,2026-08-24,299516.7 - 299762.3,0.05122822591814497,LOW,Payment Success
TXN-002919,WS/MP18390/2026,BDO Saidpur,299486.0,2026-08-24,299516.7 - 299762.3,-0.05122822591814497,LOW,Payment Success
TXN-002920,WS/MP18154/2026,SHUBH ENTERPRISES,300000.0,2026-08-20,300000.0 - 300000.0,0.0,LOW,Payment Success
TXN-002921,WS/MP18154/2026,INTERLOCKING TILE FACTORY,500000.0,2026-08-20,500000.0 - 500000.0,0.0,LOW,Payment Success
TXN-002922,WS/MP18154/2026,NAHAR TRADING,175600.0,2026-08-20,175600.0 - 175600.0,0.0,LOW,Payment Success
TXN-002923,WS/MP18062/2025,The HR Co Op LC Society Ltd,296849.0,2026-08-21,296849.0 - 296849.0,0.0,LOW,Payment Success
TXN-002924,WS/MP600/2026,SAROJ BALA,202000.0,2026-08-21,202000.0 - 202000.0,0.0,LOW,Payment Success
TXN-002925,WS/MP577/2024,GRAM PANCHAYAT NIMACH,249291.0,2026-08-20,249291.0 - 249291.0,0.0,LOW,Payment Success
TXN-002926,WS/MP423/2025,EVEREST CONSTRUCTION,799755.0,2026-08-24,799755.0 - 799755.0,0.0,LOW,Payment Success
TXN-002927,WS/MP18144/2026,Hareram Panda,500000.0,2026-08-19,500000.0 - 500000.0,0.0,LOW,Payment Success
TXN-002928,WS/MP577/2025,GRAM PANCHAYAT NADHELAV,250000.0,2026-08-20,250000.0 - 250000.0,0.0,LOW,Payment Success
TXN-002929,WS/MP18154/2025,M S Aulakh Contractors,250000.0,2026-08-21,250000.0 - 250000.0,0.0,LOW,Payment Success
TXN-002930,WS/MP18161/2026,umesh chand,415580.0,2026-08-18,415580.0 - 415580.0,0.0,LOW,Payment Success
TXN-002931,WS/MP18161/2026,banwari,3705.0,2026-08-21,3705.0 - 3705.0,0.0,LOW,Payment Success
TXN-002932,WS/MP18161/2026,BHUPENDRA KUMAR,9750.0,2026-08-21,9750.0 - 9750.0,0.0,LOW,Payment Success
TXN-002933,WS/MP18161/2026,DHARMENDRA KUMAR,3705.0,2026-08-21,3705.0 - 3705.0,0.0,LOW,Payment Success
TXN-002934,WS/MP18161/2026,GAJEBDRA,9750.0,2026-08-21,9750.0 - 9750.0,0.0,LOW,Payment Success
TXN-002935,WS/MP18161/2026,HARI OM,3705.0,2026-08-21,3705.0 - 3705.0,0.0,LOW,Payment Success
TXN-002936,WS/MP18161/2026,KELLA DEVI,3705.0,2026-08-21,3705.0 - 3705.0,0.0,LOW,Payment Success
TXN-002937,WS/MP18161/2026,MAHESH CHAND,3705.0,2026-08-21,4384.5 - 9820.5,-47.83526927138332,MEDIUM,Payment Success
TXN-002938,WS/MP18161/2026,MANJU,3705.0,2026-08-21,3705.0 - 3705.0,0.0,LOW,Payment Success
TXN-002939,WS/MP18161/2026,NARENDRA KUMAR,3705.0,2026-08-21,4439.5 - 10315.5,-49.77973568281938,MEDIUM,Payment Success
TXN-002940,WS/MP526/2024,MALLIBOYANA BALAKRISHNA,109235.0,2026-08-19,143295.1 - 415775.9,-60.922673506585035,HIGH,Payment Success
TXN-002941,WS/MP526/2026,MALLIBOYANA BALAKRISHNA,449836.0,2026-08-19,143295.1 - 415775.9,60.922673506585035,HIGH,Payment Success
TXN-002942,WS/MP18161/2026,NAVNIT TIWARI,3705.0,2026-08-21,3705.0 - 3705.0,0.0,LOW,Payment Success
TXN-002943,WS/MP18161/2026,PAWAN DAI,3705.0,2026-08-21,3705.0 - 3705.0,0.0,LOW,Payment Success
TXN-002944,WS/MP18161/2026,PREETI KUMARI,3705.0,2026-08-21,3705.0 - 3705.0,0.0,LOW,Payment Success
TXN-002945,WS/MP18161/2026,RAMESH CHAND,3705.0,2026-08-21,3705.0 - 3705.0,0.0,LOW,Payment Success
TXN-002946,WS/MP18161/2026,RAVINDRA KUMAR,3705.0,2026-08-21,3705.0 - 3705.0,0.0,LOW,Payment Success
TXN-002947,WS/MP18161/2026,UMESH KUMAR,3705.0,2026-08-21,3705.0 - 3705.0,0.0,LOW,Payment Success
TXN-002948,WS/MP18161/2026,YATENDRA KUMAR,9750.0,2026-08-21,9750.0 - 9750.0,0.0,LOW,Payment Success
TXN-002949,WS/MP18161/2026,YOGESH,3705.0,2026-08-21,3705.0 - 3705.0,0.0,LOW,Payment Success
TXN-002950,WS/MP443/2026,GP JAMONIYA JP BIAORA,150000.0,2026-08-18,150000.0 - 150000.0,0.0,LOW,Payment Success
TXN-002951,WS/MP18369/2026,AAVESH RAUF SHEIKH,198998.0,2026-08-17,198998.0 - 198998.0,0.0,LOW,Payment Success
TXN-002952,WS/MP568/2026,SARPANCH GRAM PANCHAYAT JAMGAON M,260000.0,2026-08-18,260000.0 - 260000.0,0.0,LOW,Payment Success
TXN-002953,WS/MP568/2026,SARPANCH GRAM PANCHAYAT TELIGUNDRA,350000.0,2026-08-18,350000.0 - 350000.0,0.0,LOW,Payment Success
TXN-002954,WS/MP18111/2026,GP KHERDA BK STHANIK VIKAS NIDHI,986945.0,2026-08-19,986945.0 - 986945.0,0.0,LOW,Payment Success
TXN-002955,WS/MP18328/2026,GP Thali,80000.0,2026-08-24,80000.0 - 80000.0,0.0,LOW,Payment Success
TXN-002956,WS/MP18086/2026,C S RAMESH,225000.0,2026-08-17,225000.0 - 225000.0,0.0,LOW,Payment Success
TXN-002957,WS/MP18155/2025,Ms Badyal Brothers Cement Store,32000.0,2026-08-21,22154.5 - 60745.5,-22.798552472858866,MEDIUM,Payment Success
TXN-002958,WS/MP18155/2025,Ms Badyal Brothers Cement Store,32000.0,2026-08-21,22154.5 - 60745.5,-22.798552472858866,MEDIUM,Payment Success
TXN-002959,WS/MP18155/2025,Ms Badyal Brothers Cement Store,73065.0,2026-08-21,22154.5 - 60745.5,76.27261761158022,HIGH,Payment Success
TXN-002960,WS/MP18155/2025,Ms Badyal Brothers Cement Store,17935.0,2026-08-21,22154.5 - 60745.5,-56.731001206272616,HIGH,Payment Success
TXN-002961,WS/MP791/2026,DDU KANYA INTER COLLEGE MITHAUWA,300000.0,2026-08-19,300000.0 - 300000.0,0.0,LOW,Payment Success
TXN-002962,WS/MP477/2026,K R AND SONS Binta Almora,94297.0,2026-08-19,94297.0 - 94297.0,0.0,LOW,Payment Success
TXN-002963,WS/MP477/2026,VINOD CHANDRA,8136.0,2026-08-24,8136.0 - 8136.0,0.0,LOW,Payment Success
TXN-002964,WS/MP477/2026,BHUWAN CHANDRA JOSHI,8136.0,2026-08-24,8532.0 - 11700.0,-19.572953736654807,LOW,Payment Success
TXN-002965,WS/MP477/2026,SURESH CHANDRA,5400.0,2026-08-24,5400.0 - 5400.0,0.0,LOW,Payment Success
TXN-002966,WS/MP477/2026,Khasti Devi Joshi,5400.0,2026-08-24,5400.0 - 5400.0,0.0,LOW,Payment Success
TXN-002967,WS/MP477/2026,BHUWAN CHANDRA MATHPAL,5400.0,2026-08-24,5400.0 - 5400.0,0.0,LOW,Payment Success
TXN-002968,WS/MP477/2026,MAMTA MATHPAL,5400.0,2026-08-24,5400.0 - 5400.0,0.0,LOW,Payment Success
TXN-002969,WS/MP477/2026,BABITA PATHAK,5400.0,2026-08-24,5400.0 - 5400.0,0.0,LOW,Payment Success
TXN-002970,WS/MP477/2026,DAYA DEVI,5400.0,2026-08-24,5400.0 - 5400.0,0.0,LOW,Payment Success
TXN-002971,WS/MP477/2026,TULSI DEVI JOSHI,5400.0,2026-08-24,5400.0 - 5400.0,0.0,LOW,Payment Success
TXN-002972,WS/MP477/2026,BHUWAN SINGH,5400.0,2026-08-24,5400.0 - 5400.0,0.0,LOW,Payment Success
TXN-002973,WS/MP477/2026,ANIL KUMAR,5400.0,2026-08-24,5400.0 - 5400.0,0.0,LOW,Payment Success
TXN-002974,WS/MP477/2026,CHARU JOSHI,5400.0,2026-08-24,5400.0 - 5400.0,0.0,LOW,Payment Success
TXN-002975,WS/MP477/2026,MUNNI DEVI,5400.0,2026-08-24,3705.0 - 13356.0,-36.697731668718134,MEDIUM,Payment Success
TXN-002976,WS/MP477/2026,DHAN SINGH,5400.0,2026-08-24,5400.0 - 5400.0,0.0,LOW,Payment Success
TXN-002977,WS/MP477/2026,KHEEMA NATH,5400.0,2026-08-24,5400.0 - 5400.0,0.0,LOW,Payment Success
TXN-002978,WS/MP477/2026,DEVKI DEVI,5400.0,2026-08-24,5400.0 - 5400.0,0.0,LOW,Payment Success
TXN-002979,WS/MP477/2026,NEEMA,2400.0,2026-08-24,2400.0 - 2400.0,0.0,LOW,Payment Success
TXN-002980,WS/MP477/2026,MANOJ MATHPAL,2400.0,2026-08-24,2400.0 - 2400.0,0.0,LOW,Payment Success
TXN-002981,WS/MP18227/2026,Naina Devi Construction,260852.0,2026-08-19,260852.0 - 260852.0,0.0,LOW,Payment Success
TXN-002982,WS/MP18227/2026,Naina Devi Construction,260852.0,2026-08-19,260852.0 - 260852.0,0.0,LOW,Payment Success
TXN-002983,WS/MP18227/2026,Naina Devi Construction,260852.0,2026-08-19,260852.0 - 260852.0,0.0,LOW,Payment Success
TXN-002984,WS/MP18227/2026,Naina Devi Construction,260852.0,2026-08-19,260852.0 - 260852.0,0.0,LOW,Payment Success
TXN-002985,WS/MP18227/2026,Naina Devi Construction,260852.0,2026-08-19,260852.0 - 260852.0,0.0,LOW,Payment Success
TXN-002986,WS/MP18227/2026,Naina Devi Construction,260852.0,2026-08-19,260852.0 - 260852.0,0.0,LOW,Payment Success
TXN-002987,WS/MP18227/2026,Naina Devi Construction,260852.0,2026-08-19,260852.0 - 260852.0,0.0,LOW,Payment Success
TXN-002988,WS/MP18227/2026,Naina Devi Construction,260852.0,2026-08-19,260852.0 - 260852.0,0.0,LOW,Payment Success
TXN-002989,WS/MP18227/2026,Naina Devi Construction,260852.0,2026-08-19,260852.0 - 260852.0,0.0,LOW,Payment Success
TXN-002990,WS/MP18227/2026,Naina Devi Construction,260852.0,2026-08-19,260852.0 - 260852.0,0.0,LOW,Payment Success
TXN-002991,WS/MP18227/2026,Naina Devi Construction,260852.0,2026-08-19,260852.0 - 260852.0,0.0,LOW,Payment Success
TXN-002992,WS/MP18227/2026,Naina Devi Construction,260852.0,2026-08-19,260852.0 - 260852.0,0.0,LOW,Payment Success
TXN-002993,WS/MP18227/2026,Naina Devi Construction,260852.0,2026-08-19,260852.0 - 260852.0,0.0,LOW,Payment Success
TXN-002994,WS/MP18227/2026,Naina Devi Construction,260852.0,2026-08-19,260852.0 - 260852.0,0.0,LOW,Payment Success
TXN-002995,WS/MP18227/2026,Naina Devi Construction,260852.0,2026-08-19,260852.0 - 260852.0,0.0,LOW,Payment Success
TXN-002996,WS/MP18227/2026,Naina Devi Construction,260852.0,2026-08-19,260852.0 - 260852.0,0.0,LOW,Payment Success
TXN-002997,WS/MP18227/2026,Naina Devi Construction,260852.0,2026-08-19,260852.0 - 260852.0,0.0,LOW,Payment Success
TXN-002998,WS/MP18227/2026,Naina Devi Construction,260852.0,2026-08-19,260852.0 - 260852.0,0.0,LOW,Payment Success
TXN-002999,WS/MP18227/2026,Naina Devi Construction,260852.0,2026-08-19,260852.0 - 260852.0,0.0,LOW,Payment Success
TXN-003000,WS/MP18227/2026,Naina Devi Construction,260852.0,2026-08-19,260852.0 - 260852.0,0.0,LOW,Payment Success
TXN-003001,WS/MP18227/2026,Naina Devi Construction,260852.0,2026-08-19,260852.0 - 260852.0,0.0,LOW,Payment Success
TXN-003002,WS/MP18227/2026,Naina Devi Construction,260852.0,2026-08-19,260852.0 - 260852.0,0.0,LOW,Payment Success
TXN-003003,WS/MP18227/2026,Naina Devi Construction,260852.0,2026-08-19,260852.0 - 260852.0,0.0,LOW,Payment Success
TXN-003004,WS/MP18227/2026,Naina Devi Construction,260852.0,2026-08-19,260852.0 - 260852.0,0.0,LOW,Payment Success
TXN-003005,WS/MP18227/2026,Naina Devi Construction,260852.0,2026-08-19,260852.0 - 260852.0,0.0,LOW,Payment Success
TXN-003006,WS/MP18227/2026,Naina Devi Construction,260852.0,2026-08-19,260852.0 - 260852.0,0.0,LOW,Payment Success
TXN-003007,WS/MP18227/2026,Naina Devi Construction,260852.0,2026-08-19,260852.0 - 260852.0,0.0,LOW,Payment Success
TXN-003008,WS/MP18227/2026,Naina Devi Construction,260852.0,2026-08-19,260852.0 - 260852.0,0.0,LOW,Payment Success
TXN-003009,WS/MP18227/2026,Naina Devi Construction,260852.0,2026-08-19,260852.0 - 260852.0,0.0,LOW,Payment Success
TXN-003010,WS/MP18227/2026,Naina Devi Construction,260852.0,2026-08-19,260852.0 - 260852.0,0.0,LOW,Payment Success
TXN-003011,WS/MP18227/2026,Naina Devi Construction,260852.0,2026-08-19,260852.0 - 260852.0,0.0,LOW,Payment Success
TXN-003012,WS/MP18227/2026,Naina Devi Construction,260852.0,2026-08-19,260852.0 - 260852.0,0.0,LOW,Payment Success
TXN-003013,WS/MP18227/2026,Naina Devi Construction,260852.0,2026-08-19,260852.0 - 260852.0,0.0,LOW,Payment Success
TXN-003014,WS/MP18146/2026,BDO GHASIPURA ROYALTY,16869.0,2026-08-21,16869.0 - 16869.0,0.0,LOW,Payment Success
TXN-003015,WS/MP021/2025,vishal,18300.0,2026-08-23,46470.0 - 271830.0,-88.50141376060321,HIGH,Payment Success
TXN-003016,WS/MP643/2025,gram panchayat bhawsa,500000.0,2026-08-17,500000.0 - 500000.0,0.0,LOW,Payment Success
TXN-003017,WS/MP18264/2025,Sabu K A,367621.0,2026-08-17,367621.0 - 367621.0,0.0,LOW,Payment Success
TXN-003018,WS/MP568/2026,GRAM PANCHAYT SARDA,375000.0,2026-08-18,375000.0 - 375000.0,0.0,LOW,Payment Success
TXN-003019,WS/MP770/2026,Gunta Ravi,184482.0,2026-08-19,185256.7 - 191454.3,-2.0564836174149415,LOW,Payment Success
TXN-003020,WS/MP770/2026,Gunta Ravi,192229.0,2026-08-19,185256.7 - 191454.3,2.0564836174149415,LOW,Payment Success
TXN-003021,WS/MP756/2026,SUNDARASU,382845.0,2026-08-18,382845.0 - 382845.0,0.0,LOW,Payment Success
TXN-003022,WS/MP568/2026,GRAM PANCHAYT KHARRA,400000.0,2026-08-18,400000.0 - 400000.0,0.0,LOW,Payment Success
TXN-003023,WS/MP568/2026,GRAM PANCHAYAT KHAMTRAI,400000.0,2026-08-18,400000.0 - 400000.0,0.0,LOW,Payment Success
TXN-003024,WS/MP568/2026,GRAM PANCHAYT GODGIRI,400000.0,2026-08-18,400000.0 - 400000.0,0.0,LOW,Payment Success
TXN-003025,WS/MP568/2026,GRAM PANCHAYT DEVRI,400000.0,2026-08-18,400000.0 - 400000.0,0.0,LOW,Payment Success
TXN-003026,WS/MP18338/2026,V Indrasena,498542.0,2026-08-17,498542.0 - 498542.0,0.0,LOW,Payment Success
TXN-003027,WS/MP18155/2025,SONIA RANI,28800.0,2026-08-19,31320.0 - 51480.0,-30.434782608695656,MEDIUM,Payment Success
TXN-003028,WS/MP18155/2025,SONIA RANI,54000.0,2026-08-19,31320.0 - 51480.0,30.434782608695656,MEDIUM,Payment Success
TXN-003029,WS/MP18161/2026,bhagwan singh,425285.0,2026-08-20,10248.2 - 426030.5,94.96023986502206,HIGH,Payment Success
TXN-003030,WS/MP18161/2026,bhagwan singh,426350.0,2026-08-20,10248.2 - 426030.5,95.44845989501664,HIGH,Payment Success
TXN-003031,WS/MP329/2026,The Titani Co op l and C Society LTD,202988.0,2026-08-14,202988.0 - 202988.0,0.0,LOW,Payment Success
TXN-003032,WS/MP329/2026,Dada Udal Dev Industries,96941.0,2026-08-14,96941.0 - 96941.0,0.0,LOW,Payment Success
TXN-003033,WS/MP18158/2026,SD TILE AND ANDUSTRIES,45840.0,2026-08-18,45840.0 - 45840.0,0.0,LOW,Payment Success
TXN-003034,WS/MP18158/2026,SD TILE AND ANDUSTRIES,45840.0,2026-08-18,45840.0 - 45840.0,0.0,LOW,Payment Success
TXN-003035,WS/MP18158/2026,SD TILE AND ANDUSTRIES,45840.0,2026-08-18,45840.0 - 45840.0,0.0,LOW,Payment Success
TXN-003036,WS/MP18158/2026,SD TILE AND ANDUSTRIES,45840.0,2026-08-18,45840.0 - 45840.0,0.0,LOW,Payment Success
TXN-003037,WS/MP18158/2026,RAM KUMAR THERI SARPANCH,74540.0,2026-08-18,74540.0 - 74540.0,0.0,LOW,Payment Success
TXN-003038,WS/MP380/2026,Dasmesh tiles and buliding material,27200.0,2026-08-19,31080.0 - 62120.0,-41.63090128755365,MEDIUM,Payment Success
TXN-003039,WS/MP380/2026,Dasmesh tiles and buliding material,66000.0,2026-08-19,31080.0 - 62120.0,41.63090128755365,MEDIUM,Payment Success
TXN-003040,WS/MP380/2026,jaswinder singh,35638.0,2026-08-19,35638.0 - 35638.0,0.0,LOW,Payment Success
TXN-003041,WS/MP18158/2025,GS TILES,93200.0,2026-08-18,93200.0 - 93200.0,0.0,LOW,Payment Success
TXN-003042,WS/MP021/2025,RKTREDERS,7262.0,2026-08-22,7262.0 - 7262.0,0.0,LOW,Payment Success
TXN-003043,WS/MP18161/2026,aakash,10500.0,2026-08-16,4641.0 - 9849.0,44.927536231884055,MEDIUM,Payment Success
TXN-003044,WS/MP18161/2026,pohap singh,10500.0,2026-08-16,4710.3 - 9856.7,44.16146083613647,MEDIUM,Payment Success
TXN-003045,WS/MP18161/2026,pohap singh,4067.0,2026-08-20,4710.3 - 9856.7,-44.16146083613647,MEDIUM,Payment Success
TXN-003046,WS/MP18161/2026,mahavir singh,3990.0,2026-08-16,3990.0 - 3990.0,0.0,LOW,Payment Success
TXN-003047,WS/MP18161/2026,guddi devi,3990.0,2026-08-16,6022.8 - 799053.2,-99.00878923232092,HIGH,Payment Success
TXN-003048,WS/MP18161/2026,lokendra singh,3990.0,2026-08-16,3990.0 - 3990.0,0.0,LOW,Payment Success
TXN-003049,WS/MP18161/2026,asha,1140.0,2026-08-16,2856.0 - 16584.0,-88.27160493827161,HIGH,Payment Success
TXN-003050,WS/MP18161/2026,rimjhim,3990.0,2026-08-16,3990.0 - 3990.0,0.0,LOW,Payment Success
TXN-003051,WS/MP18161/2026,savitri devi,3990.0,2026-08-16,5241.6 - 16396.8,-63.121118012422365,HIGH,Payment Success
TXN-003052,WS/MP18161/2026,mahesh chand,10500.0,2026-08-16,4384.5 - 9820.5,47.83526927138332,MEDIUM,Payment Success
TXN-003053,WS/MP18161/2026,khaimraj,3990.0,2026-08-16,3990.0 - 3990.0,0.0,LOW,Payment Success
TXN-003054,WS/MP18161/2026,seenu,3990.0,2026-08-16,3990.0 - 3990.0,0.0,LOW,Payment Success
TXN-003055,WS/MP18161/2026,pramod,3990.0,2026-08-16,3990.0 - 3990.0,0.0,LOW,Payment Success
TXN-003056,WS/MP021/2025,ASHA,18300.0,2026-08-23,2856.0 - 16584.0,88.27160493827161,HIGH,Payment Success
TXN-003057,WS/MP021/2025,MEENA DEVI,18300.0,2026-08-23,18300.0 - 18300.0,0.0,LOW,Payment Success
TXN-003058,WS/MP021/2025,RADHA,18300.0,2026-08-23,18300.0 - 18300.0,0.0,LOW,Payment Success
TXN-003059,WS/MP021/2025,PRAKASH CHANDRA,18300.0,2026-08-23,18300.0 - 18300.0,0.0,LOW,Payment Success
TXN-003060,WS/MP021/2025,NAMVATI,9595.0,2026-08-23,9595.0 - 9595.0,0.0,LOW,Payment Success
TXN-003061,WS/MP021/2025,CHANDRA SEN,9595.0,2026-08-23,9595.0 - 9595.0,0.0,LOW,Payment Success
TXN-003062,WS/MP021/2025,ANIS,9595.0,2026-08-23,9595.0 - 9595.0,0.0,LOW,Payment Success
TXN-003063,WS/MP021/2025,SAFIK,9595.0,2026-08-23,9595.0 - 9595.0,0.0,LOW,Payment Success
TXN-003064,WS/MP18310/2026,JYOTIMAYI PATTANAYAK,500000.0,2026-08-16,500000.0 - 500000.0,0.0,LOW,Payment Success
TXN-003065,WS/MP18103/2026,GP DUBAHA,250000.0,2026-08-14,250000.0 - 250000.0,0.0,LOW,Payment Success
TXN-003066,WS/MP393/2026,LAKSHMI INDUSTRIES,928530.0,2026-08-14,928530.0 - 928530.0,0.0,LOW,Payment Success
TXN-003067,WS/MP18311/2026,Sarpanch Cement Iron Store,32025.0,2026-08-21,29653.0 - 45958.6,-15.290775489475166,LOW,Payment Success
TXN-003068,WS/MP18311/2026,Sarpanch Cement Iron Store,49442.0,2026-08-21,29653.0 - 45958.6,30.77887519904352,MEDIUM,Payment Success
TXN-003069,WS/MP18311/2026,Sarpanch Cement Iron Store,29060.0,2026-08-21,29653.0 - 45958.6,-23.13348745430596,MEDIUM,Payment Success
TXN-003070,WS/MP18166/2025,INDUS INITIATIVE COUNCIL,195706.0,2026-08-17,195706.0 - 195706.0,0.0,LOW,Payment Success
TXN-003071,WS/MP18185/2026,RICHARD HARDSON K,1499336.0,2026-08-14,1499336.0 - 1499336.0,0.0,LOW,Payment Success
TXN-003072,WS/MP18324/2025,shree jambarvala gram panchayat,400000.0,2026-08-14,400000.0 - 400000.0,0.0,LOW,Payment Success
TXN-003073,WS/MP18042/2026,NIDHI ENTERPRISES,489900.0,2026-08-22,489900.0 - 489900.0,0.0,LOW,Payment Success
TXN-003074,WS/MP316/2025,DHUPENDRA PRASAD,1458930.0,2026-08-17,1458930.0 - 1458930.0,0.0,LOW,Payment Success
TXN-003075,WS/MP18158/2025,J S TRADING,24389.0,2026-08-14,24389.0 - 24389.0,0.0,LOW,Payment Success
TXN-003076,WS/MP18158/2025,BALISTER PATEL,15600.0,2026-08-14,12120.0 - 18680.0,1.2987012987012987,LOW,Payment Success
TXN-003077,WS/MP18158/2025,BALISTER PATEL,12000.0,2026-08-14,12120.0 - 18680.0,-22.07792207792208,MEDIUM,Payment Success
TXN-003078,WS/MP18158/2025,BALISTER PATEL,20000.0,2026-08-14,12120.0 - 18680.0,29.87012987012987,MEDIUM,Payment Success
TXN-003079,WS/MP18158/2025,BALISTER PATEL,12400.0,2026-08-14,12120.0 - 18680.0,-19.480519480519483,LOW,Payment Success
TXN-003080,WS/MP18158/2025,J S TRADERS,80378.0,2026-08-14,80378.0 - 80378.0,0.0,LOW,Payment Success
TXN-003081,WS/MP18158/2025,JBM CONSTRUCTIONS AND SUPPLIERS,7600.0,2026-08-14,7600.0 - 7600.0,0.0,LOW,Payment Success
TXN-003082,WS/MP18350/2026,Puspanjali Murmu,168300.0,2026-08-21,203940.0 - 346500.0,-38.84892086330935,MEDIUM,Payment Success
TXN-003083,WS/MP18350/2026,Puspanjali Murmu,346500.0,2026-08-14,203940.0 - 346500.0,25.899280575539567,MEDIUM,Payment Success
TXN-003084,WS/MP18350/2026,Puspanjali Murmu,346500.0,2026-08-18,203940.0 - 346500.0,25.899280575539567,MEDIUM,Payment Success
TXN-003085,WS/MP021/2025,mahendra kumar,10248.0,2026-08-23,11016.6 - 17165.4,-27.27272727272727,MEDIUM,Payment Success
TXN-003086,WS/MP021/2025,mahendra kumar,17934.0,2026-08-23,11016.6 - 17165.4,27.27272727272727,MEDIUM,Payment Success
TXN-003087,WS/MP021/2025,JOD SINGH,11615.0,2026-08-23,12877.5 - 22977.5,-35.2112676056338,MEDIUM,Payment Success
TXN-003088,WS/MP021/2025,JOD SINGH,24240.0,2026-08-23,12877.5 - 22977.5,35.2112676056338,MEDIUM,Payment Success
TXN-003089,WS/MP021/2025,DINESH CHNDRA,10248.0,2026-08-23,11016.6 - 17165.4,-27.27272727272727,MEDIUM,Payment Success
TXN-003090,WS/MP021/2025,DINESH CHNDRA,17934.0,2026-08-23,11016.6 - 17165.4,27.27272727272727,MEDIUM,Payment Success
TXN-003091,WS/MP18276/2025,KUMAS GRAM PANCHAYAT,125265.0,2026-08-18,125265.0 - 125265.0,0.0,LOW,Payment Success
TXN-003092,WS/MP18244/2025,SUBRATA SAHA,735030.0,2026-08-14,735030.0 - 735030.0,0.0,LOW,Payment Success
TXN-003093,WS/MP18244/2025,SUBRATA SAHA,735030.0,2026-08-14,735030.0 - 735030.0,0.0,LOW,Payment Success
TXN-003094,WS/MP18244/2025,SUBRATA SAHA,735030.0,2026-08-14,735030.0 - 735030.0,0.0,LOW,Payment Success
TXN-003095,WS/MP18244/2025,SUBRATA SAHA,735030.0,2026-08-14,735030.0 - 735030.0,0.0,LOW,Payment Success
TXN-003096,WS/MP18244/2025,SUBRATA SAHA,735030.0,2026-08-14,735030.0 - 735030.0,0.0,LOW,Payment Success
TXN-003097,WS/MP18244/2025,SUBRATA SAHA,735030.0,2026-08-14,735030.0 - 735030.0,0.0,LOW,Payment Success
TXN-003098,WS/MP18018/2025,Pinninti Ramanamma,78792.0,2026-08-14,78792.0 - 78792.0,0.0,LOW,Payment Success
TXN-003099,WS/MP477/2026,radha bora,7812.0,2026-08-17,7812.0 - 7812.0,0.0,LOW,Payment Success
TXN-003100,WS/MP18326/2025,KEDARIYA GRAM PANCHAYAT,499087.0,2026-08-18,499087.0 - 499087.0,0.0,LOW,Payment Success
TXN-003101,WS/MP18104/2026,GRAM PANCHAYAT MISROD SARPANCH GRAM,150000.0,2026-08-14,150000.0 - 150000.0,0.0,LOW,Payment Success
TXN-003102,WS/MP618/2026,BEERAPPA S YANNI,375000.0,2026-08-13,375000.0 - 375000.0,0.0,LOW,Payment Success
TXN-003103,WS/MP866/2025,KSK ENGINEERS,1137736.0,2026-08-17,1141911.4 - 1175314.6,-1.8018958875828253,LOW,Payment Success
TXN-003104,WS/MP866/2025,KSK ENGINEERS,1179490.0,2026-08-17,1141911.4 - 1175314.6,1.8018958875828253,LOW,Payment Success
TXN-003105,WS/MP640/2026,GRAM PANCHAYAT NARENDRAGARH,300000.0,2026-08-14,300000.0 - 300000.0,0.0,LOW,Payment Success
TXN-003106,WS/MP490/2025,SHARADA ENTERPRISES,410876.0,2026-08-14,410876.0 - 410876.0,0.0,LOW,Payment Success
TXN-003107,WS/MP18189/2026,Mukthi Kiran Kumar,500000.0,2026-08-19,500000.0 - 500000.0,0.0,LOW,Payment Success
TXN-003108,WS/MP18189/2026,Mukthi Kiran Kumar,500000.0,2026-08-19,500000.0 - 500000.0,0.0,LOW,Payment Success
TXN-003109,WS/MP18054/2025,LANGHNAJ GRAM PANCHAYAT,500000.0,2026-08-13,500000.0 - 500000.0,0.0,LOW,Payment Success
TXN-003110,WS/MP18050/2026,MEDO JAL AND SWACHATA SAMITI,948000.0,2026-08-13,948000.0 - 948000.0,0.0,LOW,Payment Success
TXN-003111,WS/MP021/2025,SEEMA NAULA,12444.0,2026-08-13,11126.4 - 12297.6,6.25,LOW,Payment Success
TXN-003112,WS/MP021/2025,SEEMA NAULA,10980.0,2026-08-13,11126.4 - 12297.6,-6.25,LOW,Payment Success
TXN-003113,WS/MP18324/2025,KERIYA GRAM PANCHAYAT,51000.0,2026-08-17,51000.0 - 51000.0,0.0,LOW,Payment Success
TXN-003114,WS/MP18001/2025,PINDI UMA LAKSHMANA KUMAR,499979.0,2026-08-22,499374.9 - 499966.1,0.061740687112807335,LOW,Payment Success
TXN-003115,WS/MP18001/2025,PINDI UMA LAKSHMANA KUMAR,499248.0,2026-08-22,499374.9 - 499966.1,-0.0845557222209436,LOW,Payment Success
TXN-003116,WS/MP18001/2025,PINDI UMA LAKSHMANA KUMAR,499671.0,2026-08-22,499374.9 - 499966.1,0.000100065943456738,LOW,Payment Success
TXN-003117,WS/MP18001/2025,PINDI UMA LAKSHMANA KUMAR,499936.0,2026-08-22,499374.9 - 499966.1,0.053135015975527874,LOW,Payment Success
TXN-003118,WS/MP793/2025,DWIVIDI CONSTRUCTION AND SUPPLIER PRO HARE RAM DWIVEDI,883230.0,2026-08-20,517406.4 - 883112.0,26.129010514963614,MEDIUM,Payment Success
TXN-003119,WS/MP793/2025,DWIVIDI CONSTRUCTION AND SUPPLIER PRO HARE RAM DWIVEDI,882640.0,2026-08-20,517406.4 - 883112.0,26.04475599892155,MEDIUM,Payment Success
TXN-003120,WS/MP793/2025,DWIVIDI CONSTRUCTION AND SUPPLIER PRO HARE RAM DWIVEDI,426098.0,2026-08-20,517406.4 - 883112.0,-39.15138851442437,MEDIUM,Payment Success
TXN-003121,WS/MP18324/2025,GRAM PANCHAYAT DHOLARVA,268042.0,2026-08-13,268042.0 - 268042.0,0.0,LOW,Payment Success
TXN-003122,WS/MP18269/2026,K S Construction,1967994.0,2026-08-13,1967994.0 - 1967994.0,0.0,LOW,Payment Success
TXN-003123,WS/MP18189/2026,YARAGARLA RADHAKRISHNA,398519.0,2026-08-15,398519.0 - 398519.0,0.0,LOW,Payment Success
TXN-003124,WS/MP18175/2025,SVB Builders,749456.0,2026-08-12,749456.0 - 749456.0,0.0,LOW,Payment Success
TXN-003125,WS/MP18276/2025,SAMASPURA GRAM PANCHAYAT,350000.0,2026-08-18,350000.0 - 350000.0,0.0,LOW,Payment Success
TXN-003126,WS/MP640/2026,GRAM PANCHAYAT SINGARPUR,300000.0,2026-08-12,300000.0 - 300000.0,0.0,LOW,Payment Success
TXN-003127,WS/MP18133/2025,Swapnil Santosh Jadhav,693280.0,2026-08-16,693280.0 - 693280.0,0.0,LOW,Payment Success
TXN-003128,WS/MP18429/2026,shubham ullewad,992531.0,2026-08-13,992531.0 - 992531.0,0.0,LOW,Payment Success
TXN-003129,WS/MP18017/2025,DUMPALA SIVA KUMAR RAO,720412.0,2026-08-12,720412.0 - 720412.0,0.0,LOW,Payment Success
TXN-003130,WS/MP18017/2025,J K D V PRASADA RAJU,527796.0,2026-08-15,518331.2 - 980742.4,-29.583710899851752,MEDIUM,Payment Success
TXN-003131,WS/MP18017/2025,J K D V PRASADA RAJU,515965.0,2026-08-15,518331.2 - 980742.4,-31.16215241199632,MEDIUM,Payment Success
TXN-003132,WS/MP18017/2025,J K D V PRASADA RAJU,1093979.0,2026-08-15,518331.2 - 980742.4,45.95400786192218,MEDIUM,Payment Success
TXN-003133,WS/MP18251/2026,OHAB SK,349363.0,2026-08-12,349363.0 - 349363.0,0.0,LOW,Payment Success
TXN-003134,WS/MP18321/2025,PIPODARA GRAM PANCHAYAT,300000.0,2026-08-17,300000.0 - 300000.0,0.0,LOW,Payment Success
TXN-003135,WS/MP18030/2026,Sudhawati Devi,168150.0,2026-08-17,168150.0 - 168150.0,0.0,LOW,Payment Success
TXN-003136,WS/MP381/2025,VIRAT BRICKS KILN INDUSTRIES,41000.0,2026-08-20,41000.0 - 41000.0,0.0,LOW,Payment Success
TXN-003137,WS/MP508/2025,P RAVEENDRAKUMAR,445468.0,2026-08-14,445468.0 - 445468.0,0.0,LOW,Payment Success
TXN-003138,WS/MP18104/2026,Sarpanch Gram Panchayat Bharlai,350000.0,2026-08-19,350000.0 - 350000.0,0.0,LOW,Payment Success
TXN-003139,WS/MP021/2025,mitra traders,239233.0,2026-08-13,239233.0 - 239233.0,0.0,LOW,Payment Success
TXN-003140,WS/MP600/2026,CHANDAN SINGH,190000.0,2026-08-14,52700.0 - 190800.0,56.05749486652978,HIGH,Payment Success
TXN-003141,WS/MP600/2026,CHANDAN SINGH,191000.0,2026-08-14,52700.0 - 190800.0,56.87885010266941,HIGH,Payment Success
TXN-003142,WS/MP490/2025,ms varuna construction,530980.0,2026-08-12,530980.0 - 530980.0,0.0,LOW,Payment Success
TXN-003143,WS/MP716/2025,KUNDANAM INDUSTRIES,43750.0,2026-08-12,43750.0 - 45987.5,-2.493383479593258,LOW,Payment Success
TXN-003144,WS/MP716/2025,KUNDANAM INDUSTRIES,43750.0,2026-08-12,43750.0 - 45987.5,-2.493383479593258,LOW,Payment Success
TXN-003145,WS/MP716/2025,KUNDANAM INDUSTRIES,43750.0,2026-08-12,43750.0 - 45987.5,-2.493383479593258,LOW,Payment Success
TXN-003146,WS/MP716/2025,KUNDANAM INDUSTRIES,43750.0,2026-08-12,43750.0 - 45987.5,-2.493383479593258,LOW,Payment Success
TXN-003147,WS/MP716/2025,KUNDANAM INDUSTRIES,43750.0,2026-08-12,43750.0 - 45987.5,-2.493383479593258,LOW,Payment Success
TXN-003148,WS/MP716/2025,KUNDANAM INDUSTRIES,48225.0,2026-08-12,43750.0 - 45987.5,7.480150438779774,LOW,Payment Success
TXN-003149,WS/MP18276/2025,chokari Grampanchayat,450000.0,2026-08-12,450000.0 - 450000.0,0.0,LOW,Payment Success
TXN-003150,WS/MP18076/2026,S R S ENTERPRISES,187500.0,2026-08-24,187500.0 - 187500.0,0.0,LOW,Payment Success
TXN-003151,WS/MP18180/2026,Balakumar R,1860394.0,2026-08-12,1860394.0 - 1860394.0,0.0,LOW,Payment Success
TXN-003152,WS/MP18063/2025,Royal traders,4725463.0,2026-08-11,4725463.0 - 4725463.0,0.0,LOW,Payment Success
TXN-003153,WS/MP18081/2025,SRINATH GOWDA M S,249559.0,2026-08-12,249559.0 - 249559.0,0.0,LOW,Payment Success
TXN-003154,WS/MP18324/2025,GRAM PANCHAYAT JUNA VAGHANIYA,298670.0,2026-08-12,298670.0 - 298670.0,0.0,LOW,Payment Success
TXN-003155,WS/MP770/2026,Ponnam Sreenivas,299418.0,2026-08-14,299418.0 - 299418.0,0.0,LOW,Payment Success
TXN-003156,WS/MP819/2026,ASHOK INFRAVENTURE,814200.0,2026-08-17,601800.0 - 790600.0,16.94915254237288,LOW,Payment Success
TXN-003157,WS/MP819/2026,ASHOK INFRAVENTURE,578200.0,2026-08-17,601800.0 - 790600.0,-16.94915254237288,LOW,Payment Success
TXN-003158,WS/MP440/2025,LAKSHMANAN C,453160.0,2026-08-22,453160.0 - 453160.0,0.0,LOW,Payment Success
TXN-003159,WS/MP021/2026,gupta radios,75000.0,2026-08-13,75000.0 - 75000.0,0.0,LOW,Payment Success
TXN-003160,WS/MP18310/2025,BRAJAKISHORE SAHOO,162782.0,2026-08-12,162782.0 - 162782.0,0.0,LOW,Payment Success
TXN-003161,WS/MP618/2025,BASAVARAJ GANAGAPPA AMBIGER,375000.0,2026-08-13,375000.0 - 375000.0,0.0,LOW,Payment Success
TXN-003162,WS/MP618/2026,VIJAY S HODLUR,375000.0,2026-08-13,375000.0 - 375000.0,0.0,LOW,Payment Success
TXN-003163,WS/MP18267/2026,R K AGENCIES,594000.0,2026-08-17,594000.0 - 594000.0,0.0,LOW,Payment Success
TXN-003164,WS/MP18267/2026,R K AGENCIES,594000.0,2026-08-17,594000.0 - 594000.0,0.0,LOW,Payment Success
TXN-003165,WS/MP18267/2026,R K AGENCIES,594000.0,2026-08-17,594000.0 - 594000.0,0.0,LOW,Payment Success
TXN-003166,WS/MP18267/2026,R K AGENCIES,594000.0,2026-08-17,594000.0 - 594000.0,0.0,LOW,Payment Success
TXN-003167,WS/MP18350/2025,DIBAKAR BEHERA,500000.0,2026-08-12,500000.0 - 500000.0,0.0,LOW,Payment Success
TXN-003168,WS/MP428/2026,gram panchayat rampur,150000.0,2026-08-24,49942.5 - 99997.5,100.08003201280513,HIGH,Payment Success
TXN-003169,WS/MP653/2026,GP SHEKUKHEDA JAWAR,200000.0,2026-08-10,200000.0 - 200000.0,0.0,LOW,Payment Success
TXN-003170,WS/MP18350/2025,SRI LAXMI BHANDAR,300000.0,2026-08-12,300000.0 - 300000.0,0.0,LOW,Payment Success
TXN-003171,WS/MP18264/2025,George Joseph,294725.0,2026-08-10,294725.0 - 294725.0,0.0,LOW,Payment Success
TXN-003172,WS/MP18158/2025,sagar general store,40230.0,2026-08-11,40230.0 - 40230.0,0.0,LOW,Payment Success
TXN-003173,WS/MP716/2025,GURMEL SINGH,98064.0,2026-08-12,86623.2 - 96792.8,6.9306930693069315,LOW,Payment Success
TXN-003174,WS/MP716/2025,GURMEL SINGH,85352.0,2026-08-12,86623.2 - 96792.8,-6.9306930693069315,LOW,Payment Success
TXN-003175,WS/MP18314/2025,Sangrur Tiles,68400.0,2026-08-13,68400.0 - 68400.0,0.0,LOW,Payment Success
TXN-003176,WS/MP18314/2025,Sangrur Tiles,68400.0,2026-08-13,68400.0 - 68400.0,0.0,LOW,Payment Success
TXN-003177,WS/MP600/2025,Shiv Driller and Allied Traders,389476.0,2026-08-10,396331.7 - 451177.3,-8.089235630536077,LOW,Payment Success
TXN-003178,WS/MP600/2025,Shiv Driller and Allied Traders,458033.0,2026-08-10,396331.7 - 451177.3,8.089235630536077,LOW,Payment Success
TXN-003179,WS/MP18314/2025,KARMJIT SINGH,30000.0,2026-08-13,30000.0 - 30000.0,0.0,LOW,Payment Success
TXN-003180,WS/MP18164/2025,VIKAS,19500.0,2026-08-22,19500.0 - 19500.0,0.0,LOW,Payment Success
TXN-003181,WS/MP18164/2025,MANA RAM,19500.0,2026-08-22,19500.0 - 19500.0,0.0,LOW,Payment Success
TXN-003182,WS/MP18164/2025,DEVILAL,29250.0,2026-08-22,29250.0 - 29250.0,0.0,LOW,Payment Success
TXN-003183,WS/MP18164/2025,AJAY SINGH,23205.0,2026-08-22,5655.0 - 21255.0,72.46376811594203,HIGH,Payment Success
TXN-003184,WS/MP18164/2025,HARI SINGH,11115.0,2026-08-22,11115.0 - 11115.0,0.0,LOW,Payment Success
TXN-003185,WS/MP18164/2025,HUNATA RAM,11115.0,2026-08-22,11115.0 - 11115.0,0.0,LOW,Payment Success
TXN-003186,WS/MP18164/2025,PRADEEP KUMAR,8160.0,2026-08-22,34354.4 - 427826.4,-96.46891432963031,HIGH,Payment Success
TXN-003187,WS/MP18164/2025,RAMNIWAS,7410.0,2026-08-22,4075.5 - 7039.5,33.33333333333333,MEDIUM,Payment Success
TXN-003188,WS/MP18164/2025,DEV DUTT,11115.0,2026-08-22,11115.0 - 11115.0,0.0,LOW,Payment Success
TXN-003189,WS/MP18164/2025,KAVISH KUMAR,7410.0,2026-08-22,7410.0 - 7410.0,0.0,LOW,Payment Success
TXN-003190,WS/MP18155/2025,Lahori Ram,31000.0,2026-08-15,31000.0 - 31000.0,0.0,LOW,Payment Success
TXN-003191,WS/MP18155/2025,Lahori Ram,31000.0,2026-08-15,31000.0 - 31000.0,0.0,LOW,Payment Success
TXN-003192,WS/MP18186/2026,NANDAKUMAR V,498401.0,2026-08-12,498401.0 - 498401.0,0.0,LOW,Payment Success
TXN-003193,WS/MP716/2025,MS RAJ ELECTRIC STORE,34915.0,2026-08-17,34915.0 - 34915.0,0.0,LOW,Payment Success
TXN-003194,WS/MP716/2025,Jatinder Singh,14290.0,2026-08-17,14290.0 - 14290.0,0.0,LOW,Payment Success
TXN-003195,WS/MP433/2026,MEERA ASSOCIATES,995875.0,2026-08-14,995875.0 - 995875.0,0.0,LOW,Payment Success
TXN-003196,WS/MP18367/2026,ABHISHEK KUMAR SINGH,4368000.0,2026-08-19,4368000.0 - 4368000.0,0.0,LOW,Payment Success
TXN-003197,WS/MP18162/2025,Shivraj Contractor,491698.0,2026-08-24,491698.0 - 491698.0,0.0,LOW,Payment Success
TXN-003198,WS/MP18361/2025,anurag urban tecinfra pvt ltd,1798634.0,2026-08-07,1878479.9 - 2517247.1,-18.16443559848007,LOW,Payment Success
TXN-003199,WS/MP344/2025,RAJAN N,531376.0,2026-08-14,531376.0 - 531376.0,0.0,LOW,Payment Success
TXN-003200,WS/MP18080/2026,PRASHANT K M,492252.0,2026-08-07,492252.0 - 492252.0,0.0,LOW,Payment Success
TXN-003201,WS/MP18034/2025,RAKESH KUMAR PASWAN,989970.0,2026-08-20,989970.0 - 989970.0,0.0,LOW,Payment Success
TXN-003202,WS/MP18197/2025,RAJESH GHOSH,719965.0,2026-08-17,719965.0 - 719965.0,0.0,LOW,Payment Success
TXN-003203,WS/MP18238/2025,DUBEY CONSTRUCTION PRO SANTOSH KUMAR DUBEY,224818.0,2026-08-10,224818.0 - 224818.0,0.0,LOW,Payment Success
TXN-003204,WS/MP413/2025,PRAMOD KUMAR RAY,559800.0,2026-08-07,559800.0 - 559800.0,0.0,LOW,Payment Success
TXN-003205,WS/MP18394/2025,P Prakash,649675.0,2026-08-18,649675.0 - 649675.0,0.0,LOW,Payment Success
TXN-003206,WS/MP761/2026,Adepu Narsaiah,268220.0,2026-08-19,268220.0 - 268220.0,0.0,LOW,Payment Success
TXN-003207,WS/MP574/2026,TARORA GRAM PANCHAYT,299874.0,2026-08-19,299874.0 - 299874.0,0.0,LOW,Payment Success
TXN-003208,WS/MP18180/2026,VEERAMANI S,999011.0,2026-08-10,999011.0 - 999011.0,0.0,LOW,Payment Success
TXN-003209,WS/MP18188/2026,DAPPU MAHENDER,119842.0,2026-08-20,119842.0 - 119842.0,0.0,LOW,Payment Success
TXN-003210,WS/MP413/2025,ADVIK ENTERPRISES PRO RAHUL PRATAP,1497134.0,2026-08-08,1497134.0 - 1497134.0,0.0,LOW,Payment Success
TXN-003211,WS/MP18158/2025,UPPAL BUILDING MATERIAL,236183.0,2026-08-13,236183.0 - 236183.0,0.0,LOW,Payment Success
TXN-003212,WS/MP18158/2025,PANKAJ ELECTRICALS,29965.0,2026-08-13,29965.0 - 29965.0,0.0,LOW,Payment Success
TXN-003213,WS/MP18264/2025,ANIL KURIAKOSE,274260.0,2026-08-10,274206.9 - 274254.1,0.010757373815093507,LOW,Payment Success
TXN-003214,WS/MP18264/2025,ANIL KURIAKOSE,274201.0,2026-08-07,274206.9 - 274254.1,-0.010757373815093507,LOW,Payment Success
TXN-003215,WS/MP18029/2026,Hemanta Bhattarai,272295.0,2026-08-07,294901.5 - 475753.5,-29.334137843782237,MEDIUM,Payment Success
TXN-003216,WS/MP18162/2025,JAMNA LAL DAROGA,7028.0,2026-08-20,7028.0 - 7028.0,0.0,LOW,Payment Success
TXN-003217,WS/MP18162/2025,PRAKASH KUMAWAT,3653.0,2026-08-20,3653.0 - 3653.0,0.0,LOW,Payment Success
TXN-003218,WS/MP568/2026,SARPANCH GRAM PANCHAYAT REVE,260000.0,2026-08-18,274000.0 - 386000.0,-21.21212121212121,MEDIUM,Payment Success
TXN-003219,WS/MP568/2026,SARPANCH GRAM PANCHAYAT REVE,400000.0,2026-08-18,274000.0 - 386000.0,21.21212121212121,MEDIUM,Payment Success
TXN-003220,WS/MP18174/2026,Shri Murugan Associates,799895.0,2026-08-10,799891.4 - 799894.6,0.00025003344197286383,LOW,Payment Success
TXN-003221,WS/MP323/2025,GRAM PANCHAYAT BAMANGAM,224143.0,2026-08-21,224143.0 - 224143.0,0.0,LOW,Payment Success
TXN-003222,WS/MP021/2025,jagdish singh,12444.0,2026-08-13,11126.4 - 12297.6,6.25,LOW,Payment Success
TXN-003223,WS/MP021/2025,jagdish singh,10980.0,2026-08-13,11126.4 - 12297.6,-6.25,LOW,Payment Success
TXN-003224,WS/MP021/2025,GANGA ARYA,16836.0,2026-08-11,16836.0 - 16836.0,0.0,LOW,Payment Success
TXN-003225,WS/MP021/2025,PRATIMA GAUNIYA,2928.0,2026-08-13,2928.0 - 2928.0,0.0,LOW,Payment Success
TXN-003226,WS/MP021/2025,PAN SINGH MEWARI,4545.0,2026-08-13,4545.0 - 4545.0,0.0,LOW,Payment Success
TXN-003227,WS/MP021/2025,YASH GAUNIYA,3294.0,2026-08-13,3294.0 - 3294.0,0.0,LOW,Payment Success
TXN-003228,WS/MP18314/2025,jai baba maya giri ji interlock tiles,40169.0,2026-08-07,40169.0 - 40169.0,0.0,LOW,Payment Success
TXN-003229,WS/MP18162/2025,PARAS KUMAWAT,7306.0,2026-08-20,7306.0 - 7306.0,0.0,LOW,Payment Success
TXN-003230,WS/MP568/2026,SARPANCH GRAM PANCHAYAT DANGANIYA B,260000.0,2026-08-18,260000.0 - 260000.0,0.0,LOW,Payment Success
TXN-003231,WS/MP18314/2025,VARDHAN ENTERPRISE,32000.0,2026-08-07,32000.0 - 32000.0,0.0,LOW,Payment Success
TXN-003232,WS/MP380/2025,VARDHAN ENTERPRISE,32000.0,2026-08-07,32000.0 - 32000.0,0.0,LOW,Payment Success
TXN-003233,WS/MP380/2025,VARDHAN ENTERPRISE,32000.0,2026-08-07,32000.0 - 32000.0,0.0,LOW,Payment Success
TXN-003234,WS/MP18306/2025,NOUSHAD T V,231959.0,2026-08-18,187258.4 - 232680.8,10.472658899193037,LOW,Payment Success
TXN-003235,WS/MP18306/2025,NOUSHAD T V,232223.0,2026-08-10,187258.4 - 232680.8,10.598391386181632,LOW,Payment Success
TXN-003236,WS/MP18306/2025,NOUSHAD T V,226217.0,2026-08-10,187258.4 - 232680.8,7.737977307191148,LOW,Payment Success
TXN-003237,WS/MP18306/2025,NOUSHAD T V,232986.0,2026-08-10,187258.4 - 232680.8,10.96177732395548,LOW,Payment Success
TXN-003238,WS/MP18306/2025,NOUSHAD T V,161286.0,2026-08-17,187258.4 - 232680.8,-23.186023119537296,MEDIUM,Payment Success
TXN-003239,WS/MP18116/2025,GOLDEN CONSTRUCTION,499976.0,2026-08-07,499976.0 - 499976.0,0.0,LOW,Payment Success
TXN-003240,WS/MP508/2026,Om Sakthi Construction,687693.0,2026-08-07,687693.0 - 687693.0,0.0,LOW,Payment Success
TXN-003241,WS/MP005/2026,TIMBA GRAM PANCHAYAT,199308.0,2026-08-07,199308.0 - 199308.0,0.0,LOW,Payment Success
TXN-003242,WS/MP477/2026,gopal singh bora,7812.0,2026-08-17,7812.0 - 7812.0,0.0,LOW,Payment Success
TXN-003243,WS/MP477/2026,ravindra singh rana,6048.0,2026-08-17,6048.0 - 6048.0,0.0,LOW,Payment Success
TXN-003244,WS/MP18265/2026,SARAVANAN S,2887769.0,2026-08-10,2887769.0 - 2887769.0,0.0,LOW,Payment Success
TXN-003245,WS/MP477/2026,krishna kandpal,6048.0,2026-08-17,6048.0 - 6048.0,0.0,LOW,Payment Success
TXN-003246,WS/MP477/2026,seema negi,7812.0,2026-08-17,7812.0 - 7812.0,0.0,LOW,Payment Success
TXN-003247,WS/MP477/2026,rajendra singh,10120.0,2026-08-17,9704.0 - 12564.8,-9.11050438281362,LOW,Payment Success
TXN-003248,WS/MP477/2026,jagdesh singh,7812.0,2026-08-17,7812.0 - 7812.0,0.0,LOW,Payment Success
TXN-003249,WS/MP477/2026,harish ram,5520.0,2026-08-17,5520.0 - 5520.0,0.0,LOW,Payment Success
TXN-003250,WS/MP477/2026,chandra shekhar,7560.0,2026-08-17,7560.0 - 7560.0,0.0,LOW,Payment Success
TXN-003251,WS/MP477/2026,Asha Devi,8820.0,2026-08-11,8975.4 - 10218.6,-8.096280087527353,LOW,Payment Success
TXN-003252,WS/MP477/2026,Bhagirathi Devi,8820.0,2026-08-11,8820.0 - 8820.0,0.0,LOW,Payment Success
TXN-003253,WS/MP477/2026,Kishan singh,8820.0,2026-08-11,8820.0 - 8820.0,0.0,LOW,Payment Success
TXN-003254,WS/MP477/2026,Munni Devi,8820.0,2026-08-11,3705.0 - 13356.0,3.3937049410937226,LOW,Payment Success
TXN-003255,WS/MP477/2026,shoban singh,8820.0,2026-08-11,8820.0 - 8820.0,0.0,LOW,Payment Success
TXN-003256,WS/MP477/2026,nisha bhakuni,8820.0,2026-08-11,8820.0 - 8820.0,0.0,LOW,Payment Success
TXN-003257,WS/MP477/2026,mohan singh,8820.0,2026-08-11,9396.0 - 16247.2,-31.209833406127164,MEDIUM,Payment Success
TXN-003258,WS/MP477/2026,Puran Singh,8568.0,2026-08-11,9601.2 - 17866.8,-37.61467889908257,MEDIUM,Payment Success
TXN-003259,WS/MP477/2026,mukesh kumar,16100.0,2026-08-11,3532.1 - 152530.0,-79.36718780536722,HIGH,Payment Success
TXN-003260,WS/MP477/2026,Trilok Singh,1840.0,2026-08-12,1840.0 - 1840.0,0.0,LOW,Payment Success
TXN-003261,WS/MP18305/2025,MUHAMMED SAKKEER K,365609.0,2026-08-21,365609.0 - 365609.0,0.0,LOW,Payment Success
TXN-003262,WS/MP18155/2025,Sarabjit Singh so Tulsa Singh,81209.0,2026-08-07,81209.0 - 81209.0,0.0,LOW,Payment Success
TXN-003263,WS/MP18025/2025,BHARAT DUTTA,199900.0,2026-08-24,199900.0 - 199900.0,0.0,LOW,Payment Success
TXN-003264,WS/MP618/2024,ABHISHEK V GOUDAR,375000.0,2026-08-05,375000.0 - 375000.0,0.0,LOW,Payment Success
TXN-003265,WS/MP18186/2026,RLatha,1999836.0,2026-08-07,1999836.0 - 1999836.0,0.0,LOW,Payment Success
TXN-003266,WS/MP18054/2025,SARPANCHSHRI UNAVA GRAM PANCHAYAT,250000.0,2026-08-18,250000.0 - 250000.0,0.0,LOW,Payment Success
TXN-003267,WS/MP18058/2025,Ankaliya Gram Panchayat,500000.0,2026-08-11,500000.0 - 500000.0,0.0,LOW,Payment Success
TXN-003268,WS/MP579/2026,GRAM PANCHAYAT AJARPURA,489983.0,2026-08-10,489983.0 - 489983.0,0.0,LOW,Payment Success
TXN-003269,WS/MP18345/2026,NewDabbu Traders,175000.0,2026-08-07,175000.0 - 175000.0,0.0,LOW,Payment Success
TXN-003270,WS/MP18194/2026,BIRADAR SIDDAPPA,498674.0,2026-08-11,498674.0 - 498674.0,0.0,LOW,Payment Success
TXN-003271,WS/MP18158/2025,Gurnoor building material,134400.0,2026-08-11,134400.0 - 134400.0,0.0,LOW,Payment Success
TXN-003272,WS/MP18154/2025,The Golden Cooperative society ltd,398685.0,2026-08-07,290212.5 - 388322.5,17.51346651241277,LOW,Payment Success
TXN-003273,WS/MP18154/2025,The Golden Cooperative society ltd,203222.0,2026-08-07,290212.5 - 388322.5,-40.0997737773291,MEDIUM,Payment Success
TXN-003274,WS/MP18154/2025,The Golden Cooperative society ltd,377960.0,2026-08-07,290212.5 - 388322.5,11.40471751641404,LOW,Payment Success
TXN-003275,WS/MP18154/2025,The Golden Cooperative society ltd,377960.0,2026-08-07,290212.5 - 388322.5,11.40471751641404,LOW,Payment Success
TXN-003276,WS/MP18154/2025,The Golden Cooperative society ltd,377203.0,2026-08-07,290212.5 - 388322.5,11.181589748502288,LOW,Payment Success
TXN-003277,WS/MP18154/2025,The Golden Cooperative society ltd,377203.0,2026-08-07,290212.5 - 388322.5,11.181589748502288,LOW,Payment Success
TXN-003278,WS/MP18337/2025,BABU C K,648752.0,2026-08-07,648752.0 - 648752.0,0.0,LOW,Payment Success
TXN-003279,WS/MP18111/2026,PM ADARSHGRAM YOJNA G P SAMSHERPUR,972751.0,2026-08-10,972751.0 - 972751.0,0.0,LOW,Payment Success
TXN-003280,WS/MP453/2026,T SOMESWAR RAO,500000.0,2026-08-07,500000.0 - 500000.0,0.0,LOW,Payment Success
TXN-003281,WS/MP021/2026,virmani furniture,75000.0,2026-08-13,75000.0 - 75000.0,0.0,LOW,Payment Success
TXN-003282,WS/MP18152/2025,Jagdeep Singh,46900.0,2026-08-17,46900.0 - 46900.0,0.0,LOW,Payment Success
TXN-003283,WS/MP18152/2025,Jagdeep Singh,46900.0,2026-08-17,46900.0 - 46900.0,0.0,LOW,Payment Success
TXN-003284,WS/MP18049/2025,New Ramesh Fabrication,1600000.0,2026-08-11,1600000.0 - 1600000.0,0.0,LOW,Payment Success
TXN-003285,WS/MP477/2026,govind singh,8820.0,2026-08-11,9584.9 - 15704.1,-30.246352168927203,MEDIUM,Payment Success
TXN-003286,WS/MP394/2026,Xavier Prabhu,1485403.0,2026-08-07,1485403.0 - 1485403.0,0.0,LOW,Payment Success
TXN-003287,WS/MP18164/2025,PEERDAN NAYAK,8950.0,2026-08-22,8950.0 - 8950.0,0.0,LOW,Payment Success
TXN-003288,WS/MP18164/2025,PRINCE ENTERPRISES,77000.0,2026-08-22,77000.0 - 77000.0,0.0,LOW,Payment Success
TXN-003289,WS/MP18164/2025,BALRAM,2000.0,2026-08-22,2000.0 - 2000.0,0.0,LOW,Payment Success
TXN-003290,WS/MP18161/2025,RAVINDRA,3705.0,2026-08-19,3705.0 - 9100.0,-42.13197969543147,MEDIUM,Payment Success
TXN-003291,WS/MP18161/2025,RAVINDRA,3705.0,2026-08-19,3705.0 - 9100.0,-42.13197969543147,MEDIUM,Payment Success
TXN-003292,WS/MP18161/2025,RAVINDRA,9100.0,2026-08-19,3705.0 - 9100.0,42.13197969543147,MEDIUM,Payment Success
TXN-003293,WS/MP18161/2025,RAVINDRA,9100.0,2026-08-19,3705.0 - 9100.0,42.13197969543147,MEDIUM,Payment Success
TXN-003294,WS/MP18161/2025,RAMAN SINGH,3705.0,2026-08-19,3705.0 - 3705.0,0.0,LOW,Payment Success
TXN-003295,WS/MP18161/2025,MUNNI DEVI,3705.0,2026-08-19,3705.0 - 13356.0,-56.56761033937049,HIGH,Payment Success
TXN-003296,WS/MP18161/2025,MUNNI DEVI,3705.0,2026-08-19,3705.0 - 13356.0,-56.56761033937049,HIGH,Payment Success
TXN-003297,WS/MP18161/2025,KAMAL SINGH,3705.0,2026-08-19,3705.0 - 3705.0,0.0,LOW,Payment Success
TXN-003298,WS/MP18161/2025,PRAVEEN KUMAR,9100.0,2026-08-19,9100.0 - 9100.0,0.0,LOW,Payment Success
TXN-003299,WS/MP18161/2025,PRAVEEN KUMAR,9100.0,2026-08-19,9100.0 - 9100.0,0.0,LOW,Payment Success
TXN-003300,WS/MP18161/2025,RAMRATI,3705.0,2026-08-19,3705.0 - 3705.0,0.0,LOW,Payment Success
TXN-003301,WS/MP18161/2025,NIRANJAN,3705.0,2026-08-19,1653.0 - 3477.0,44.44444444444444,MEDIUM,Payment Success
TXN-003302,WS/MP18161/2025,NIRANJAN,1425.0,2026-08-19,1653.0 - 3477.0,-44.44444444444444,MEDIUM,Payment Success
TXN-003303,WS/MP18161/2025,OMVATI,3705.0,2026-08-19,3705.0 - 3705.0,0.0,LOW,Payment Success
TXN-003304,WS/MP329/2026,Computer Vision,300000.0,2026-08-08,300000.0 - 300000.0,0.0,LOW,Payment Success
TXN-003305,WS/MP329/2026,Mahesh and Company,100555.0,2026-08-08,100555.0 - 100555.0,0.0,LOW,Payment Success
TXN-003306,WS/MP329/2026,Vijay Book Stall,99445.0,2026-08-08,99445.0 - 99445.0,0.0,LOW,Payment Success
TXN-003307,WS/MP18157/2025,AMRIT SINGH,14822.0,2026-08-06,14822.0 - 14822.0,0.0,LOW,Payment Success
TXN-003308,WS/MP825/2025,MA LAXMI ELECTRICAL ENGINEERING WORKS,150000.0,2026-08-07,150000.0 - 150000.0,0.0,LOW,Payment Success
TXN-003309,WS/MP825/2025,MA LAXMI ELECTRICAL ENGINEERING WORKS,150000.0,2026-08-07,150000.0 - 150000.0,0.0,LOW,Payment Success
TXN-003310,WS/MP825/2025,MA LAXMI ELECTRICAL ENGINEERING WORKS,150000.0,2026-08-07,150000.0 - 150000.0,0.0,LOW,Payment Success
TXN-003311,WS/MP825/2025,MA LAXMI ELECTRICAL ENGINEERING WORKS,150000.0,2026-08-07,150000.0 - 150000.0,0.0,LOW,Payment Success
TXN-003312,WS/MP825/2025,MA LAXMI ELECTRICAL ENGINEERING WORKS,150000.0,2026-08-07,150000.0 - 150000.0,0.0,LOW,Payment Success
TXN-003313,WS/MP825/2025,MA LAXMI ELECTRICAL ENGINEERING WORKS,150000.0,2026-08-07,150000.0 - 150000.0,0.0,LOW,Payment Success
TXN-003314,WS/MP825/2025,MA LAXMI ELECTRICAL ENGINEERING WORKS,150000.0,2026-08-07,150000.0 - 150000.0,0.0,LOW,Payment Success
TXN-003315,WS/MP825/2025,MA LAXMI ELECTRICAL ENGINEERING WORKS,150000.0,2026-08-07,150000.0 - 150000.0,0.0,LOW,Payment Success
TXN-003316,WS/MP825/2025,MA LAXMI ELECTRICAL ENGINEERING WORKS,150000.0,2026-08-07,150000.0 - 150000.0,0.0,LOW,Payment Success
TXN-003317,WS/MP825/2025,MA LAXMI ELECTRICAL ENGINEERING WORKS,150000.0,2026-08-07,150000.0 - 150000.0,0.0,LOW,Payment Success
TXN-003318,WS/MP825/2025,MA LAXMI ELECTRICAL ENGINEERING WORKS,150000.0,2026-08-07,150000.0 - 150000.0,0.0,LOW,Payment Success
TXN-003319,WS/MP825/2025,MA LAXMI ELECTRICAL ENGINEERING WORKS,150000.0,2026-08-07,150000.0 - 150000.0,0.0,LOW,Payment Success
TXN-003320,WS/MP825/2025,MA LAXMI ELECTRICAL ENGINEERING WORKS,150000.0,2026-08-10,150000.0 - 150000.0,0.0,LOW,Payment Success
TXN-003321,WS/MP825/2025,MA LAXMI ELECTRICAL ENGINEERING WORKS,150000.0,2026-08-10,150000.0 - 150000.0,0.0,LOW,Payment Success
TXN-003322,WS/MP825/2025,MA LAXMI ELECTRICAL ENGINEERING WORKS,150000.0,2026-08-10,150000.0 - 150000.0,0.0,LOW,Payment Success
TXN-003323,WS/MP825/2025,MA LAXMI ELECTRICAL ENGINEERING WORKS,150000.0,2026-08-10,150000.0 - 150000.0,0.0,LOW,Payment Success
TXN-003324,WS/MP825/2025,MA LAXMI ELECTRICAL ENGINEERING WORKS,150000.0,2026-08-10,150000.0 - 150000.0,0.0,LOW,Payment Success
TXN-003325,WS/MP825/2025,MA LAXMI ELECTRICAL ENGINEERING WORKS,150000.0,2026-08-11,150000.0 - 150000.0,0.0,LOW,Payment Success
TXN-003326,WS/MP825/2025,MA LAXMI ELECTRICAL ENGINEERING WORKS,150000.0,2026-08-11,150000.0 - 150000.0,0.0,LOW,Payment Success
TXN-003327,WS/MP18104/2026,Sarpanch Gram Panchayat Vasaniyakalan,50000.0,2026-08-11,50000.0 - 50000.0,0.0,LOW,Payment Success
TXN-003328,WS/MP18104/2026,Sarpanch Gram Panchayat Hirankheda,50000.0,2026-08-11,50000.0 - 50000.0,0.0,LOW,Payment Success
TXN-003329,WS/MP588/2025,GAJANA GRAM PANCHAYAT,499963.0,2026-08-10,499963.0 - 499963.0,0.0,LOW,Payment Success
TXN-003330,WS/MP18314/2025,Shri Radha Krishan Contractor,59991.0,2026-08-10,59991.0 - 59991.0,0.0,LOW,Payment Success
TXN-003331,WS/MP18158/2025,Sarpanch Kulwant Kaur,56100.0,2026-08-12,56100.0 - 56100.0,0.0,LOW,Payment Success
TXN-003332,WS/MP18112/2025,RAKESH KUNJILAL ZADKHANDE,614325.0,2026-08-07,614325.0 - 614325.0,0.0,LOW,Payment Success
TXN-003333,WS/MP18054/2026,AGLOD GRAM PANCHAYAT,150000.0,2026-08-05,150000.0 - 150000.0,0.0,LOW,Payment Success
TXN-003334,WS/MP18023/2026,Construction of Hall at Lakhipur College Lakhipur,300000.0,2026-08-06,300000.0 - 300000.0,0.0,LOW,Payment Success
TXN-003335,WS/MP18311/2025,Lamba Cement and Iron Store Ghanauli,17850.0,2026-08-11,17850.0 - 17850.0,0.0,LOW,Payment Success
TXN-003336,WS/MP18311/2025,Dasmesh Traders Ghanauli,25200.0,2026-08-11,25200.0 - 25200.0,0.0,LOW,Payment Success
TXN-003337,WS/MP18391/2026,Lhangti Konyak,6800000.0,2026-08-07,6800000.0 - 6800000.0,0.0,LOW,Payment Success
TXN-003338,WS/MP18311/2025,A One Bricks Dabhota HP,44800.0,2026-08-11,44800.0 - 44800.0,0.0,LOW,Payment Success
TXN-003339,WS/MP18311/2025,A One Bricks Dabhota HP,44800.0,2026-08-11,44800.0 - 44800.0,0.0,LOW,Payment Success
TXN-003340,WS/MP18311/2025,Rajinder Kaur Sarpanch Thali Khurd,27048.0,2026-08-11,27048.0 - 27048.0,0.0,LOW,Payment Success
TXN-003341,WS/MP18190/2026,Narsinga Srinivas,1964986.0,2026-08-05,1964986.0 - 1964986.0,0.0,LOW,Payment Success
TXN-003342,WS/MP18275/2025,rakib construction,765456.0,2026-08-11,765456.0 - 765456.0,0.0,LOW,Payment Success
TXN-003343,WS/MP18194/2026,SYED RAHEMATH ALI,500000.0,2026-08-11,500000.0 - 500000.0,0.0,LOW,Payment Success
TXN-003344,WS/MP640/2026,MPEB,516000.0,2026-08-13,516000.0 - 516000.0,0.0,LOW,Payment Success
TXN-003345,WS/MP18101/2026,GRAM PANCHAYAT MAHANTPUR JP DAMOH,300000.0,2026-08-10,300000.0 - 300000.0,0.0,LOW,Payment Success
TXN-003346,WS/MP18257/2025,Gouranga Charan,136025.0,2026-08-07,136025.0 - 136025.0,0.0,LOW,Payment Success
TXN-003347,WS/MP18321/2026,SARPANCHASHRI PURAL GRAM PANCHAYAT,200000.0,2026-08-12,200000.0 - 200000.0,0.0,LOW,Payment Success
TXN-003348,WS/MP540/2026,RM ENTERPRISE,1308000.0,2026-08-08,320100.0 - 1168050.0,75.78873097470013,HIGH,Payment Success
TXN-003349,WS/MP540/2026,RM ENTERPRISE,249000.0,2026-08-08,320100.0 - 1168050.0,-66.53563148876121,HIGH,Payment Success
TXN-003350,WS/MP540/2026,RM ENTERPRISE,486000.0,2026-08-08,320100.0 - 1168050.0,-34.68400362866647,MEDIUM,Payment Success
TXN-003351,WS/MP540/2026,RM ENTERPRISE,841500.0,2026-08-08,320100.0 - 1168050.0,13.093438161475657,LOW,Payment Success
TXN-003352,WS/MP18388/2025,K Bhagyalaxmi,499881.0,2026-08-05,499881.0 - 499881.0,0.0,LOW,Payment Success
TXN-003353,WS/MP18109/2026,GRAM PANCHAYAT RAMPUR,49995.0,2026-08-05,49942.5 - 99997.5,-33.31332533013205,MEDIUM,Payment Success
TXN-003354,WS/MP18109/2026,GRAM PANCHAYAT RAMPUR,49995.0,2026-08-05,49942.5 - 99997.5,-33.31332533013205,MEDIUM,Payment Success
TXN-003355,WS/MP18109/2026,GRAM PANCHAYAT RAMPUR,49995.0,2026-08-05,49942.5 - 99997.5,-33.31332533013205,MEDIUM,Payment Success
TXN-003356,WS/MP18109/2026,GRAM PANCHAYAT RAMPUR,49921.0,2026-08-05,49942.5 - 99997.5,-33.41203147925837,MEDIUM,Payment Success
TXN-003357,WS/MP18109/2026,GRAM PANCHAYAT RAMPUR,49964.0,2026-08-05,49942.5 - 99997.5,-33.35467520341469,MEDIUM,Payment Success
TXN-003358,WS/MP18328/2026,GRAM PANCHAYAT TIKKAR,30000.0,2026-08-24,30000.0 - 30000.0,0.0,LOW,Payment Success
TXN-003359,WS/MP18054/2026,PILUDARA GRAM PANCHAYAT,300000.0,2026-08-12,300000.0 - 300000.0,0.0,LOW,Payment Success
TXN-003360,WS/MP18251/2025,ELEEN AND CO,796993.0,2026-08-21,796993.0 - 796993.0,0.0,LOW,Payment Success
TXN-003361,WS/MP18047/2026,VEE ESS ENTERPRISES,46419.0,2026-08-18,28283.8 - 808117.4,-88.90030286900593,HIGH,Payment Success
TXN-003362,WS/MP18047/2026,VEE ESS ENTERPRISES,23750.0,2026-08-18,28283.8 - 808117.4,-94.32090723925313,HIGH,Payment Success
TXN-003363,WS/MP18047/2026,VEE ESS ENTERPRISES,998542.0,2026-08-12,28283.8 - 808117.4,138.77105867375604,HIGH,Payment Success
TXN-003364,WS/MP540/2025,SATYA PRIYA PAUL,170112.0,2026-08-05,68756.7 - 158850.3,49.47870671815893,MEDIUM,Payment Success
TXN-003365,WS/MP540/2025,SATYA PRIYA PAUL,57495.0,2026-08-19,68756.7 - 158850.3,-49.47870671815893,MEDIUM,Payment Success
TXN-003366,WS/MP18147/2025,SUBRAT KUMAR MUKHI,431500.0,2026-08-10,431500.0 - 431500.0,0.0,LOW,Payment Success
TXN-003367,WS/MP18127/2026,SHRAMIK MAJOOR BANDHKAM SAHAKARI SANSTHA MARYA,989000.0,2026-08-06,989000.0 - 989000.0,0.0,LOW,Payment Success
TXN-003368,WS/MP18264/2025,ACHU ALIAS ALEX,147568.0,2026-08-18,147568.0 - 147568.0,0.0,LOW,Payment Success
TXN-003369,WS/MP18158/2026,jaspreet kaur wo Sandeep Singh,20201.0,2026-08-04,9399.2 - 19000.8,42.26056338028169,MEDIUM,Payment Success
TXN-003370,WS/MP18158/2026,jaspreet kaur wo Sandeep Singh,8199.0,2026-08-07,9399.2 - 19000.8,-42.26056338028169,MEDIUM,Payment Success
TXN-003371,WS/MP18169/2026,SHRI RAMESHWAR CONSTRUCTION,999967.0,2026-08-10,999967.0 - 999967.0,0.0,LOW,Payment Success
TXN-003372,WS/MP18399/2025,Sanjay Goel,1126111.0,2026-08-11,1126111.0 - 1126111.0,0.0,LOW,Payment Success
TXN-003373,WS/MP18399/2025,Rajendra Engineers,855269.0,2026-08-11,832478.3 - 852736.7,1.5026569310147369,LOW,Payment Success
TXN-003374,WS/MP18399/2025,Rajendra Engineers,829946.0,2026-08-11,832478.3 - 852736.7,-1.5026569310147369,LOW,Payment Success
TXN-003375,WS/MP522/2025,SURADA SONIYA,146346.0,2026-08-05,146346.0 - 146346.0,0.0,LOW,Payment Success
TXN-003376,WS/MP522/2025,TAMADA VISWANADHAM,495433.0,2026-08-17,495433.0 - 495433.0,0.0,LOW,Payment Success
TXN-003377,WS/MP18244/2025,Nayandeep Lama,516902.0,2026-08-03,516902.0 - 516902.0,0.0,LOW,Payment Success
TXN-003378,WS/MP18244/2025,Uday Khulal,517214.0,2026-08-03,345838.0 - 482938.8,24.81382200853112,MEDIUM,Payment Success
TXN-003379,WS/MP18244/2025,Uday Khulal,345838.0,2026-08-03,345838.0 - 482938.8,-16.542548005687422,LOW,Payment Success
TXN-003380,WS/MP18244/2025,Uday Khulal,345838.0,2026-08-03,345838.0 - 482938.8,-16.542548005687422,LOW,Payment Success
TXN-003381,WS/MP18148/2025,BHANUMATI TUDU,300000.0,2026-08-07,300000.0 - 300000.0,0.0,LOW,Payment Success
TXN-003382,WS/MP18148/2025,SAROJ KUMAR SAMANTARAY,300000.0,2026-08-05,300000.0 - 300000.0,0.0,LOW,Payment Success
TXN-003383,WS/MP18148/2025,SAROJ KUMAR SAMANTARAY,300000.0,2026-08-06,300000.0 - 300000.0,0.0,LOW,Payment Success
TXN-003384,WS/MP18148/2025,CH ROSHAN PATRO,250000.0,2026-08-07,255000.0 - 295000.0,-9.090909090909092,LOW,Payment Success
TXN-003385,WS/MP18148/2025,CH ROSHAN PATRO,300000.0,2026-08-07,255000.0 - 295000.0,9.090909090909092,LOW,Payment Success
TXN-003386,WS/MP18154/2025,Gupta Tele System,250000.0,2026-08-04,250000.0 - 250000.0,0.0,LOW,Payment Success
TXN-003387,WS/MP18158/2025,Shree Balaji Cement Store,18450.0,2026-08-07,18450.0 - 18450.0,0.0,LOW,Payment Success
TXN-003388,WS/MP577/2025,BHUTARDI GROUP GR PANCHAYAT,247496.0,2026-08-11,247496.0 - 247496.0,0.0,LOW,Payment Success
TXN-003389,WS/MP18132/2025,VASANTDADA PATIL MAJUR SAHAKARI SOCIETY LTD DHAVALESHWAR,999994.0,2026-08-06,999994.0 - 999994.0,0.0,LOW,Payment Success
TXN-003390,WS/MP18066/2025,KKG,99639.0,2026-08-24,108911.0 - 183087.0,-31.75364214823389,MEDIUM,Payment Success
TXN-003391,WS/MP18066/2025,KKG,192359.0,2026-08-24,108911.0 - 183087.0,31.75364214823389,MEDIUM,Payment Success
TXN-003392,WS/MP18305/2025,HARIS BABU,293676.0,2026-08-04,293676.0 - 293676.0,0.0,LOW,Payment Success
TXN-003393,WS/MP18051/2026,GRAM PANCHAYAT DHAURABHATHA,500000.0,2026-08-04,500000.0 - 500000.0,0.0,LOW,Payment Success
TXN-003394,WS/MP18145/2025,JUNIOR ENGINEER,318931.0,2026-08-04,318931.0 - 318931.0,0.0,LOW,Payment Success
TXN-003395,WS/MP18003/2024,B Jaya Prakash,499613.0,2026-08-04,499613.0 - 499613.0,0.0,LOW,Payment Success
TXN-003396,WS/MP18003/2025,Pachha Ajay,399605.0,2026-08-05,399605.0 - 399605.0,0.0,LOW,Payment Success
TXN-003397,WS/MP18147/2025,SUNAINA BHANJDEO,500000.0,2026-08-10,500000.0 - 500000.0,0.0,LOW,Payment Success
TXN-003398,WS/MP18060/2025,THE GANGA CO OPERATIVE LABOUR AND CONSTRUCTION SOCIETY,740058.0,2026-08-05,740058.0 - 740058.0,0.0,LOW,Payment Success
TXN-003399,WS/MP300/2025,SARITA BEHERA,681212.0,2026-08-04,707444.3 - 917302.7,-16.145467571258788,LOW,Payment Success
TXN-003400,WS/MP300/2025,SARITA BEHERA,943535.0,2026-08-04,707444.3 - 917302.7,16.145467571258788,LOW,Payment Success
TXN-003401,WS/MP18310/2026,JEEBAN KUMAR MISHRA,300000.0,2026-08-11,300000.0 - 300000.0,0.0,LOW,Payment Success
TXN-003402,WS/MP540/2025,SUPRIYO DEB,168340.0,2026-08-05,168340.0 - 168340.0,0.0,LOW,Payment Success
TXN-003403,WS/MP021/2026,ATTARI FABRICATION,199125.0,2026-08-03,199125.0 - 199125.0,0.0,LOW,Payment Success
TXN-003404,WS/MP18399/2025,PESI PRIVATE LIMITED,426013.0,2026-08-10,426013.0 - 426013.0,0.0,LOW,Payment Success
TXN-003405,WS/MP18058/2025,Samantpura Gram Panchayat,497872.0,2026-08-05,275626.0 - 473178.0,32.977922126484366,MEDIUM,Payment Success
TXN-003406,WS/MP18149/2025,ASST ENG III,500000.0,2026-08-04,500000.0 - 500000.0,0.0,LOW,Payment Success
TXN-003407,WS/MP18149/2025,ASST ENG III,500000.0,2026-08-15,500000.0 - 500000.0,0.0,LOW,Payment Success
TXN-003408,WS/MP331/2025,Ankush Sharma,100500.0,2026-08-07,99450.0 - 121210.0,-8.909634732167135,LOW,Payment Success
TXN-003409,WS/MP331/2025,Ankush Sharma,100700.0,2026-08-07,99450.0 - 121210.0,-8.72836037342518,LOW,Payment Success
TXN-003410,WS/MP331/2025,Ankush Sharma,130000.0,2026-08-07,99450.0 - 121210.0,17.828333182271365,LOW,Payment Success
TXN-003411,WS/MP331/2025,Ankush Sharma,99000.0,2026-08-06,99450.0 - 121210.0,-10.269192422731804,LOW,Payment Success
TXN-003412,WS/MP18326/2026,KOTHARIYA GRAM PANCHAYAT,499912.0,2026-08-10,499912.0 - 499912.0,0.0,LOW,Payment Success
TXN-003413,WS/MP18162/2025,SHREE BALAJI CONSTRUCTION,321029.0,2026-08-13,325178.0 - 358370.0,-6.0698005114490865,LOW,Payment Success
TXN-003414,WS/MP18162/2025,SHREE BALAJI CONSTRUCTION,362519.0,2026-08-17,325178.0 - 358370.0,6.0698005114490865,LOW,Payment Success
TXN-003415,WS/MP18321/2026,NARANPURA KAMPA GRAM PANCHAYAT,300000.0,2026-08-03,300000.0 - 300000.0,0.0,LOW,Payment Success
TXN-003416,WS/MP18054/2026,DHARPURA KHANT,200000.0,2026-08-10,200000.0 - 200000.0,0.0,LOW,Payment Success
TXN-003417,WS/MP18054/2026,DHARPURA KHANT,200000.0,2026-08-21,200000.0 - 200000.0,0.0,LOW,Payment Success
TXN-003418,WS/MP478/2025,ANUJ Panwar,12600.0,2026-08-01,12600.0 - 12600.0,0.0,LOW,Payment Success
TXN-003419,WS/MP18019/2026,Executive Engineer and EO,85000.0,2026-08-09,85000.0 - 85000.0,0.0,LOW,Payment Success
TXN-003420,WS/MP18193/2025,Sri Maheshwari Contract Works,324108.0,2026-08-14,324108.0 - 324108.0,0.0,LOW,Payment Success
TXN-003421,WS/MP568/2026,SARPANCH SACHIV GRAM PANCHAYAT KUTHREL,400000.0,2026-08-04,400000.0 - 400000.0,0.0,LOW,Payment Success
TXN-003422,WS/MP650/2025,Jai Baba Barfani trader,249621.0,2026-08-19,249621.0 - 249621.0,0.0,LOW,Payment Success
TXN-003423,WS/MP18089/2025,SHIVANAND MALLAPPA MENASINAKAI,225000.0,2026-08-05,225000.0 - 225000.0,0.0,LOW,Payment Success
TXN-003424,WS/MP18019/2026,Bimal Hanse,4913740.0,2026-08-09,4913740.0 - 4913740.0,0.0,LOW,Payment Success
TXN-003425,WS/MP529/2025,Galam Ravi,498851.0,2026-08-06,498851.0 - 498851.0,0.0,LOW,Payment Success
TXN-003426,WS/MP650/2025,TANVEER Engineering,201594.0,2026-08-19,201594.0 - 201594.0,0.0,LOW,Payment Success
TXN-003427,WS/MP18150/2026,PABITRA MOHAN LENKA TC,483001.0,2026-08-01,502239.3 - 656145.7,-16.60786353414452,LOW,Payment Success
TXN-003428,WS/MP394/2026,UTHAYAN T,499812.0,2026-08-21,499812.0 - 499812.0,0.0,LOW,Payment Success
TXN-003429,WS/MP18183/2025,Durairaj jayakumar Co,799695.0,2026-08-03,799695.0 - 799695.0,0.0,LOW,Payment Success
TXN-003430,WS/MP477/2026,MARTOLIA TRADERS,199980.0,2026-08-07,199980.0 - 199980.0,0.0,LOW,Payment Success
TXN-003431,WS/MP478/2026,Mr Dhan singh,249325.0,2026-08-01,249325.0 - 249325.0,0.0,LOW,Payment Success
TXN-003432,WS/MP478/2026,Mr Dhan singh,249325.0,2026-08-01,249325.0 - 249325.0,0.0,LOW,Payment Success
TXN-003433,WS/MP478/2026,Mr Dhan singh,249325.0,2026-08-13,249325.0 - 249325.0,0.0,LOW,Payment Success
TXN-003434,WS/MP687/2026,Sanket Sudhakar Khedekar,500000.0,2026-08-03,500000.0 - 500000.0,0.0,LOW,Payment Success
TXN-003435,WS/MP18326/2025,GAJANVAV GRAM PANCHAYAT,499873.0,2026-08-11,499873.0 - 499873.0,0.0,LOW,Payment Success
TXN-003436,WS/MP18056/2025,Parevala Gram Panchayat,400000.0,2026-08-04,400000.0 - 400000.0,0.0,LOW,Payment Success
TXN-003437,WS/MP18056/2026,Devpara Gram Panchayat,498331.0,2026-08-04,498331.0 - 498331.0,0.0,LOW,Payment Success
TXN-003438,WS/MP18185/2026,T SIVACHANDRAN,1599925.0,2026-08-06,1599925.0 - 1599925.0,0.0,LOW,Payment Success
TXN-003439,WS/MP18326/2025,BAVALI GRAM PANCHAYAT,499412.0,2026-08-11,499412.0 - 499412.0,0.0,LOW,Payment Success
TXN-003440,WS/MP18048/2026,Gram Panchayt Chapapadar,225000.0,2026-08-13,225000.0 - 225000.0,0.0,LOW,Payment Success
TXN-003441,WS/MP18056/2026,Nani Lakhavad Gram Panchayat,500000.0,2026-08-05,500000.0 - 500000.0,0.0,LOW,Payment Success
TXN-003442,WS/MP18175/2025,D S AKBAL CIVIL CONSTRUCTION,749247.0,2026-08-04,749247.0 - 749247.0,0.0,LOW,Payment Success
TXN-003443,WS/MP529/2025,Dabbugunta Bhaktavatsalam,176201.0,2026-08-05,176201.0 - 176201.0,0.0,LOW,Payment Success
TXN-003444,WS/MP756/2026,SUBRAMANIYAN S,898693.0,2026-08-03,898693.0 - 898693.0,0.0,LOW,Payment Success
TXN-003445,WS/MP380/2025,SURJIT SINGH BKO,25098.0,2026-08-02,25098.0 - 25098.0,0.0,LOW,Payment Success
TXN-003446,WS/MP18356/2026,ABHISHEK JAMBU MOHITE,375000.0,2026-08-03,375000.0 - 375000.0,0.0,LOW,Payment Success
TXN-003447,WS/MP021/2026,MANOJ SINGH,16800.0,2026-08-07,16800.0 - 16800.0,0.0,LOW,Payment Success
TXN-003448,WS/MP526/2025,The Chairmen VLWC Kamasamudram,299169.0,2026-08-03,299169.0 - 299169.0,0.0,LOW,Payment Success
TXN-003449,WS/MP353/2025,HEADMISTRESS SNUPS CHURULY,92752.0,2026-08-11,92752.0 - 92752.0,0.0,LOW,Payment Success
TXN-003450,WS/MP021/2025,HEMLATA,16104.0,2026-08-11,12140.4 - 15663.6,15.839447561501943,LOW,Payment Success
TXN-003451,WS/MP870/2025,SEKARAN VENGADESAN,1099556.0,2026-08-03,1099556.0 - 1099556.0,0.0,LOW,Payment Success
TXN-003452,WS/MP021/2025,PREMA DEVI,16470.0,2026-08-11,16470.0 - 16470.0,0.0,LOW,Payment Success
TXN-003453,WS/MP331/2025,BEJ NATH,196000.0,2026-08-03,196000.0 - 196000.0,0.0,LOW,Payment Success
TXN-003454,WS/MP021/2025,YOGESH SINGH,16470.0,2026-08-11,16470.0 - 16470.0,0.0,LOW,Payment Success
TXN-003455,WS/MP021/2025,ANITA PANDEY,16470.0,2026-08-11,16470.0 - 16470.0,0.0,LOW,Payment Success
TXN-003456,WS/MP021/2025,HIMASNHU BISHT,16470.0,2026-08-11,16470.0 - 16470.0,0.0,LOW,Payment Success
TXN-003457,WS/MP021/2025,BHADUR SINGH,23230.0,2026-08-11,23230.0 - 23230.0,0.0,LOW,Payment Success
TXN-003458,WS/MP021/2025,BALWANT SINGH,22725.0,2026-08-11,22725.0 - 22725.0,0.0,LOW,Payment Success
TXN-003459,WS/MP870/2025,R K CONSTRUCTIONS,1099545.0,2026-08-03,1099545.0 - 1099545.0,0.0,LOW,Payment Success
TXN-003460,WS/MP18150/2026,MPLAD Holding Account Jujomura Block,11846.0,2026-08-01,12929.8 - 27649.0,-41.61483336126254,MEDIUM,Payment Success
TXN-003461,WS/MP577/2025,GRAM PANCHAYAT zazori,474716.0,2026-07-31,474716.0 - 474716.0,0.0,LOW,Payment Success
TXN-003462,WS/MP18112/2025,MOHD ANIS MOHD SHAFI,842346.0,2026-08-04,842346.0 - 842346.0,0.0,LOW,Payment Success
TXN-003463,WS/MP18146/2026,BDO Champua Royalty,40126.0,2026-08-01,8764.6 - 36641.4,76.74316169669207,HIGH,Payment Success
TXN-003464,WS/MP18146/2025,BDO Champua Royalty,5280.0,2026-08-01,8764.6 - 36641.4,-76.74316169669207,HIGH,Payment Success
TXN-003465,WS/MP18120/2026,TIRUPATI cONSTRUCTION,699707.0,2026-08-03,379723.2 - 699683.2,29.646627998499923,MEDIUM,Payment Success
TXN-003466,WS/MP18120/2026,TIRUPATI cONSTRUCTION,699588.0,2026-08-03,379723.2 - 699683.2,29.624578842593497,MEDIUM,Payment Success
TXN-003467,WS/MP18120/2026,TIRUPATI cONSTRUCTION,299757.0,2026-08-03,379723.2 - 699683.2,-44.458917419796656,MEDIUM,Payment Success
TXN-003468,WS/MP18429/2026,SWAMI NARENDRA ELECTRICAL,499947.0,2026-08-10,499947.0 - 499947.0,0.0,LOW,Payment Success
TXN-003469,WS/MP508/2026,CS Builders,994902.0,2026-08-10,994902.0 - 994902.0,0.0,LOW,Payment Success
TXN-003470,WS/MP021/2026,CHANDAN SINGH BISHT,16380.0,2026-08-07,16380.0 - 16380.0,0.0,LOW,Payment Success
TXN-003471,WS/MP021/2026,LEELA BISHT,16380.0,2026-08-07,16380.0 - 16380.0,0.0,LOW,Payment Success
TXN-003472,WS/MP021/2026,PRATAP SINGH BISHT,16380.0,2026-08-07,16380.0 - 16380.0,0.0,LOW,Payment Success
TXN-003473,WS/MP18158/2025,Videya vanti,74124.0,2026-08-06,74124.0 - 74124.0,0.0,LOW,Payment Success
TXN-003474,WS/MP381/2026,BHILLOWAL TRADERS,146300.0,2026-08-04,105080.0 - 141720.0,18.557536466774714,LOW,Payment Success
TXN-003475,WS/MP381/2026,BHILLOWAL TRADERS,100500.0,2026-08-07,105080.0 - 141720.0,-18.557536466774714,LOW,Payment Success
TXN-003476,WS/MP381/2026,Yuvraj Enterprises,90000.0,2026-08-03,65800.0 - 87600.0,17.340286831812254,LOW,Payment Success
TXN-003477,WS/MP381/2026,Yuvraj Enterprises,82000.0,2026-08-03,65800.0 - 87600.0,6.910039113428944,LOW,Payment Success
TXN-003478,WS/MP381/2026,Yuvraj Enterprises,64000.0,2026-08-03,65800.0 - 87600.0,-16.558018252933508,LOW,Payment Success
TXN-003479,WS/MP381/2026,Yuvraj Enterprises,70000.0,2026-08-03,65800.0 - 87600.0,-8.735332464146023,LOW,Payment Success
TXN-003480,WS/MP386/2026,H K CONSTRUCTION,791007.0,2026-08-05,791007.0 - 791007.0,0.0,LOW,Payment Success
TXN-003481,WS/MP18263/2026,AJITH KUMAR SHETTY,500000.0,2026-08-05,500000.0 - 500000.0,0.0,LOW,Payment Success
TXN-003482,WS/MP18324/2025,MOTA AGARIYA GRAM PANCHAYAT,291607.0,2026-08-01,291607.0 - 291607.0,0.0,LOW,Payment Success
TXN-003483,WS/MP021/2025,SAVITRI DEVI,10248.0,2026-08-23,5241.6 - 16396.8,-5.279503105590068,LOW,Payment Success
TXN-003484,WS/MP021/2025,SAVITRI DEVI,17934.0,2026-08-23,5241.6 - 16396.8,65.76086956521738,HIGH,Payment Success
TXN-003485,WS/MP021/2025,CHANDAN,10248.0,2026-08-23,11016.6 - 17165.4,-27.27272727272727,MEDIUM,Payment Success
TXN-003486,WS/MP021/2025,CHANDAN,17934.0,2026-08-23,11016.6 - 17165.4,27.27272727272727,MEDIUM,Payment Success
TXN-003487,WS/MP021/2025,RAKHI,17934.0,2026-08-23,11016.6 - 17165.4,27.27272727272727,MEDIUM,Payment Success
TXN-003488,WS/MP021/2025,RAKHI,10248.0,2026-08-23,11016.6 - 17165.4,-27.27272727272727,MEDIUM,Payment Success
TXN-003489,WS/MP18324/2025,VISALIYA GRAM PANCHAYAT,400000.0,2026-08-01,400000.0 - 400000.0,0.0,LOW,Payment Success
TXN-003490,WS/MP021/2025,RAMESH CHANDRA,11615.0,2026-08-23,12827.0 - 22523.0,-34.285714285714285,MEDIUM,Payment Success
TXN-003491,WS/MP021/2025,RAMESH CHANDRA,23735.0,2026-08-23,12827.0 - 22523.0,34.285714285714285,MEDIUM,Payment Success
TXN-003492,WS/MP021/2025,NAVEEN JOSHI,17934.0,2026-08-23,11016.6 - 17165.4,27.27272727272727,MEDIUM,Payment Success
TXN-003493,WS/MP021/2025,NAVEEN JOSHI,10248.0,2026-08-23,11016.6 - 17165.4,-27.27272727272727,MEDIUM,Payment Success
TXN-003494,WS/MP021/2025,MAHIPAL,17934.0,2026-08-23,11016.6 - 17165.4,27.27272727272727,MEDIUM,Payment Success
TXN-003495,WS/MP021/2025,MAHIPAL,10248.0,2026-08-23,11016.6 - 17165.4,-27.27272727272727,MEDIUM,Payment Success
TXN-003496,WS/MP18008/2026,Moparthy Srinivasa Rao,314762.0,2026-08-01,314762.0 - 314762.0,0.0,LOW,Payment Success
TXN-003497,WS/MP18156/2025,SWARAN SINGH CONTRACTOR,182959.0,2026-08-04,182959.0 - 182959.0,0.0,LOW,Payment Success
TXN-003498,WS/MP18064/2025,THE LUV KUSH COOP LABOUR AND CONSTRUCION SOCIETY LTD,503375.0,2026-08-01,503375.0 - 503375.0,0.0,LOW,Payment Success
TXN-003499,WS/MP529/2025,VADIHBOINA CHENCHU REDDY,299336.0,2026-08-06,254450.6 - 495087.9,-20.127918712647848,MEDIUM,Payment Success
TXN-003500,WS/MP529/2025,VADIHBOINA CHENCHU REDDY,486410.0,2026-08-06,254450.6 - 495087.9,29.789196952524787,MEDIUM,Payment Success
TXN-003501,WS/MP529/2025,VADIHBOINA CHENCHU REDDY,498807.0,2026-08-06,254450.6 - 495087.9,33.0970990816349,MEDIUM,Payment Success
TXN-003502,WS/MP529/2025,VADIHBOINA CHENCHU REDDY,235214.0,2026-08-06,254450.6 - 495087.9,-37.23764689872501,MEDIUM,Payment Success
TXN-003503,WS/MP18258/2026,NUTAN KAMGAR SAHAKARI SANSTHA,1466928.0,2026-08-07,1466928.0 - 1466928.0,0.0,LOW,Payment Success
TXN-003504,WS/MP18008/2026,Kornepati Ashok Kumar,307485.0,2026-08-01,213581.2 - 305682.0,18.43126953729823,LOW,Payment Success
TXN-003505,WS/MP18116/2025,bhushan raghunath gharat,492080.0,2026-08-06,492080.0 - 492080.0,0.0,LOW,Payment Success
TXN-003506,WS/MP18326/2025,NAVA GHANSHYAMGADH GRAM PANCHAYAT,499406.0,2026-08-19,499406.0 - 499406.0,0.0,LOW,Payment Success
TXN-003507,WS/MP18326/2025,SUNDARI BHAVANI GRAM PANCHAYAT,249893.0,2026-08-18,249893.0 - 249893.0,0.0,LOW,Payment Success
TXN-003508,WS/MP18169/2025,DEVI LAL KUMAWAT,7800.0,2026-08-01,7800.0 - 7800.0,0.0,LOW,Payment Success
TXN-003509,WS/MP18169/2025,MOHAN LAL KUMAWAT,7800.0,2026-08-01,7800.0 - 7800.0,0.0,LOW,Payment Success
TXN-003510,WS/MP18169/2025,BABU LAL,7800.0,2026-08-01,7800.0 - 7800.0,0.0,LOW,Payment Success
TXN-003511,WS/MP18169/2025,DHAN RAJ,7800.0,2026-08-01,7800.0 - 7800.0,0.0,LOW,Payment Success
TXN-003512,WS/MP18169/2025,KAILASH PURI,15600.0,2026-08-01,15600.0 - 15600.0,0.0,LOW,Payment Success
TXN-003513,WS/MP18169/2025,MAMTA KUMAWAT,6720.0,2026-08-01,6720.0 - 6720.0,0.0,LOW,Payment Success
TXN-003514,WS/MP18169/2025,POOJA KUMAWAT,6720.0,2026-08-01,6720.0 - 6720.0,0.0,LOW,Payment Success
TXN-003515,WS/MP18169/2025,PARASI DEVI,5320.0,2026-08-01,5320.0 - 5320.0,0.0,LOW,Payment Success
TXN-003516,WS/MP18169/2025,SHAYRI DEVI,3360.0,2026-08-01,3360.0 - 3360.0,0.0,LOW,Payment Success
TXN-003517,WS/MP021/2025,jai Isht dev supplier,51307.0,2026-08-24,51307.0 - 51307.0,0.0,LOW,Payment Success
TXN-003518,WS/MP18076/2026,RAVIKUMAR M,375000.0,2026-08-03,375000.0 - 375000.0,0.0,LOW,Payment Success
TXN-003519,WS/MP18112/2025,LAXMIKANT ANIL SOMANI,1199641.0,2026-07-31,1199641.0 - 1199641.0,0.0,LOW,Payment Success
TXN-003520,WS/MP18155/2025,Aggarwal Construction Co,123199.0,2026-08-07,123199.0 - 123199.0,0.0,LOW,Payment Success
TXN-003521,WS/MP18155/2025,Kapila Trading Co,27793.0,2026-08-07,11900.0 - 49000.0,-8.725779967159278,LOW,Payment Success
TXN-003522,WS/MP18155/2025,Kapila Trading Co,30127.0,2026-08-07,11900.0 - 49000.0,-1.0607553366174054,LOW,Payment Success
TXN-003523,WS/MP18155/2025,Kapila Trading Co,27900.0,2026-08-07,11900.0 - 49000.0,-8.374384236453201,LOW,Payment Success
TXN-003524,WS/MP18155/2025,Kapila Trading Co,14000.0,2026-08-07,11900.0 - 49000.0,-54.02298850574713,HIGH,Payment Success
TXN-003525,WS/MP18155/2025,Kapila Trading Co,30000.0,2026-08-07,11900.0 - 49000.0,-1.477832512315271,LOW,Payment Success
TXN-003526,WS/MP18155/2025,Kapila Trading Co,49000.0,2026-08-07,11900.0 - 49000.0,60.91954022988506,HIGH,Payment Success
TXN-003527,WS/MP18155/2025,Kapila Trading Co,49000.0,2026-08-07,11900.0 - 49000.0,60.91954022988506,HIGH,Payment Success
TXN-003528,WS/MP18155/2025,Kapila Trading Co,11500.0,2026-08-07,11900.0 - 49000.0,-62.23316912972086,HIGH,Payment Success
TXN-003529,WS/MP18155/2025,Kapila Trading Co,12000.0,2026-08-07,11900.0 - 49000.0,-60.591133004926114,HIGH,Payment Success
TXN-003530,WS/MP18415/2025,Banty Electrical,68668.0,2026-08-18,68668.0 - 68668.0,0.0,LOW,Payment Success
TXN-003531,WS/MP18008/2026,Alapati satyanarayana,498247.0,2026-08-03,498247.0 - 498247.0,0.0,LOW,Payment Success
TXN-003532,WS/MP18112/2025,SHUBHAM VIJAYRAO GADBAIL,966044.0,2026-08-03,966044.0 - 966044.0,0.0,LOW,Payment Success
TXN-003533,WS/MP18008/2026,Doppalapudi Vasudeva Rao,282121.0,2026-08-03,282121.0 - 282121.0,0.0,LOW,Payment Success
TXN-003534,WS/MP477/2026,Godhan Singh,7616.0,2026-07-31,7616.0 - 7616.0,0.0,LOW,Payment Success
TXN-003535,WS/MP477/2026,Niraj Singh Bora,7616.0,2026-07-31,7616.0 - 7616.0,0.0,LOW,Payment Success
TXN-003536,WS/MP477/2026,Pooja,7168.0,2026-07-31,4397.6 - 10325.6,-2.6298630732449513,LOW,Payment Success
TXN-003537,WS/MP18025/2026,OM ENTERPRISE,224200.0,2026-08-12,89847.1 - 209271.9,49.906893243157405,MEDIUM,Payment Success
TXN-003538,WS/MP18025/2026,OM ENTERPRISE,74919.0,2026-08-25,89847.1 - 209271.9,-49.906893243157405,MEDIUM,Payment Success
TXN-003539,WS/MP477/2026,Sankar Singh,8585.0,2026-08-01,8585.0 - 8585.0,0.0,LOW,Payment Success
TXN-003540,WS/MP477/2026,Khadak Singh,8585.0,2026-08-01,8585.0 - 8585.0,0.0,LOW,Payment Success
TXN-003541,WS/MP18350/2025,D BHABANI SANKAR DORA,200000.0,2026-07-29,200000.0 - 200000.0,0.0,LOW,Payment Success
TXN-003542,WS/MP18049/2025,SUNIL KASHYAP,472708.0,2026-08-11,472708.0 - 472708.0,0.0,LOW,Payment Success
TXN-003543,WS/MP18008/2026,Tirumalasetty Ashok Kumar,130677.0,2026-08-01,130677.0 - 130677.0,0.0,LOW,Payment Success
TXN-003544,WS/MP021/2026,JAGDISH SINGH BISHT,18564.0,2026-08-07,18564.0 - 18564.0,0.0,LOW,Payment Success
TXN-003545,WS/MP18206/2026,Pradeep Kumar,139132.0,2026-08-09,34354.4 - 427826.4,-39.79325839584856,MEDIUM,Payment Success
TXN-003546,WS/MP021/2026,HARENDRA SINGH,18564.0,2026-08-07,18564.0 - 18564.0,0.0,LOW,Payment Success
TXN-003547,WS/MP18062/2025,Ramehar,299944.0,2026-08-05,299944.0 - 299944.0,0.0,LOW,Payment Success
TXN-003548,WS/MP021/2026,MUNNI DEVI,16380.0,2026-08-07,3705.0 - 13356.0,92.01688060488834,HIGH,Payment Success
TXN-003549,WS/MP600/2025,Sh Anchal Singh So Khushi Ram Ro Kumate Tehsil Rajgarh District Ramban Contractor,131300.0,2026-08-03,131300.0 - 131300.0,0.0,LOW,Payment Success
TXN-003550,WS/MP316/2025,ANIKET KUMAR SINGH,1227383.0,2026-07-30,1227383.0 - 1227383.0,0.0,LOW,Payment Success
TXN-003551,WS/MP18133/2025,NEERAJ DATTATRAY RANDIVE,1000000.0,2026-08-11,1000000.0 - 1000000.0,0.0,LOW,Payment Success
TXN-003552,WS/MP021/2026,SURAJ MEHTA,18564.0,2026-08-07,18564.0 - 18564.0,0.0,LOW,Payment Success
TXN-003553,WS/MP18069/2026,GRAM PANCHAYAT CHARURI,100000.0,2026-08-21,60000.0 - 120000.0,11.11111111111111,LOW,Payment Success
TXN-003554,WS/MP18069/2026,GRAM PANCHAYAT CHARURI,50000.0,2026-08-21,60000.0 - 120000.0,-44.44444444444444,MEDIUM,Payment Success
TXN-003555,WS/MP18391/2026,Mhachen Humtsoe,4000000.0,2026-07-30,2200000.0 - 3800000.0,33.33333333333333,MEDIUM,Payment Success
TXN-003556,WS/MP18391/2026,Mhachen Humtsoe,2000000.0,2026-08-18,2200000.0 - 3800000.0,-33.33333333333333,MEDIUM,Payment Success
TXN-003557,WS/MP18103/2026,Gram Panchayat Chakrampur,250000.0,2026-08-12,250000.0 - 250000.0,0.0,LOW,Payment Success
TXN-003558,WS/MP18020/2026,Construction of Natghar near Bhosamari,1200000.0,2026-08-24,1200000.0 - 1200000.0,0.0,LOW,Payment Success
TXN-003559,WS/MP18103/2026,Gram Panchayat Kathegra,250000.0,2026-08-13,250000.0 - 250000.0,0.0,LOW,Payment Success
TXN-003560,WS/MP428/2026,Sarpanch Gram Panchayat CHACHEDI,150000.0,2026-08-04,150000.0 - 150000.0,0.0,LOW,Payment Success
TXN-003561,WS/MP478/2025,NEELIMA,13356.0,2026-08-01,13356.0 - 13356.0,0.0,LOW,Payment Success
TXN-003562,WS/MP478/2025,PURNIMA,13356.0,2026-08-01,13356.0 - 13356.0,0.0,LOW,Payment Success
TXN-003563,WS/MP478/2025,LAVISH RAMOLA,13356.0,2026-08-01,13356.0 - 13356.0,0.0,LOW,Payment Success
TXN-003564,WS/MP478/2025,GAGAN RATURI,13356.0,2026-08-01,13356.0 - 13356.0,0.0,LOW,Payment Success
TXN-003565,WS/MP478/2025,NIKIT,13356.0,2026-08-01,13356.0 - 13356.0,0.0,LOW,Payment Success
TXN-003566,WS/MP18066/2025,SS Steel Industries Sirsa,174999.0,2026-08-03,174999.0 - 175000.0,-0.0002857151020431487,LOW,Payment Success
TXN-003567,WS/MP18066/2025,SS Steel Industries Sirsa,174999.0,2026-08-03,174999.0 - 175000.0,-0.0002857151020431487,LOW,Payment Success
TXN-003568,WS/MP18066/2025,SS Steel Industries Sirsa,174999.0,2026-08-03,174999.0 - 175000.0,-0.0002857151020431487,LOW,Payment Success
TXN-003569,WS/MP18066/2025,SS Steel Industries Sirsa,175000.0,2026-08-03,174999.0 - 175000.0,0.0002857151020431487,LOW,Payment Success
TXN-003570,WS/MP18066/2025,SS Steel Industries Sirsa,175000.0,2026-08-03,174999.0 - 175000.0,0.0002857151020431487,LOW,Payment Success
TXN-003571,WS/MP18066/2025,SS Steel Industries Sirsa,174999.0,2026-08-03,174999.0 - 175000.0,-0.0002857151020431487,LOW,Payment Success
TXN-003572,WS/MP18066/2025,SS Steel Industries Sirsa,175000.0,2026-08-03,174999.0 - 175000.0,0.0002857151020431487,LOW,Payment Success
TXN-003573,WS/MP18066/2025,SS Steel Industries Sirsa,175000.0,2026-08-03,174999.0 - 175000.0,0.0002857151020431487,LOW,Payment Success
TXN-003574,WS/MP18066/2025,SS Steel Industries Sirsa,175000.0,2026-08-03,174999.0 - 175000.0,0.0002857151020431487,LOW,Payment Success
TXN-003575,WS/MP18066/2025,SS Steel Industries Sirsa,175000.0,2026-08-03,174999.0 - 175000.0,0.0002857151020431487,LOW,Payment Success
TXN-003576,WS/MP18066/2025,SS Steel Industries Sirsa,175000.0,2026-08-03,174999.0 - 175000.0,0.0002857151020431487,LOW,Payment Success
TXN-003577,WS/MP18066/2025,SS Steel Industries Sirsa,175000.0,2026-08-03,174999.0 - 175000.0,0.0002857151020431487,LOW,Payment Success
TXN-003578,WS/MP18066/2025,SS Steel Industries Sirsa,175000.0,2026-08-03,174999.0 - 175000.0,0.0002857151020431487,LOW,Payment Success
TXN-003579,WS/MP18066/2025,SS Steel Industries Sirsa,175000.0,2026-08-03,174999.0 - 175000.0,0.0002857151020431487,LOW,Payment Success
TXN-003580,WS/MP18066/2025,SS Steel Industries Sirsa,175000.0,2026-08-03,174999.0 - 175000.0,0.0002857151020431487,LOW,Payment Success
TXN-003581,WS/MP18066/2025,SS Steel Industries Sirsa,175000.0,2026-08-03,174999.0 - 175000.0,0.0002857151020431487,LOW,Payment Success
TXN-003582,WS/MP18066/2025,SS Steel Industries Sirsa,175000.0,2026-08-03,174999.0 - 175000.0,0.0002857151020431487,LOW,Payment Success
TXN-003583,WS/MP18066/2025,SS Steel Industries Sirsa,175000.0,2026-08-03,174999.0 - 175000.0,0.0002857151020431487,LOW,Payment Success
TXN-003584,WS/MP18070/2025,Mir and Co Prop Bilal Ahmad Mir,178709.0,2026-07-31,178709.0 - 178709.0,0.0,LOW,Payment Success
TXN-003585,WS/MP18305/2025,ABDUL LATHEEF K,243349.0,2026-08-06,243349.0 - 243349.0,0.0,LOW,Payment Success
TXN-003586,WS/MP577/2025,GRAM PANCHAYAT ZARIKHURD,248299.0,2026-07-30,248299.0 - 248299.0,0.0,LOW,Payment Success
TXN-003587,WS/MP18189/2026,Bandaru Narasimha rao,499498.0,2026-08-12,496524.6 - 498933.4,0.35541429171296024,LOW,Payment Success
TXN-003588,WS/MP18189/2026,Bandaru Narasimha rao,496675.0,2026-08-12,496524.6 - 498933.4,-0.21176182219641615,LOW,Payment Success
TXN-003589,WS/MP18189/2026,Bandaru Narasimha rao,496487.0,2026-08-12,496524.6 - 498933.4,-0.24953338061475222,LOW,Payment Success
TXN-003590,WS/MP005/2025,Taluka Development Officer Mahudha MPLADS,200000.0,2026-08-17,130000.0 - 200000.0,21.21212121212121,MEDIUM,Payment Success
TXN-003591,WS/MP005/2025,Taluka Development Officer Mahudha MPLADS,200000.0,2026-08-17,130000.0 - 200000.0,21.21212121212121,MEDIUM,Payment Success
TXN-003592,WS/MP005/2026,Taluka Development Officer Mahudha MPLADS,200000.0,2026-08-17,130000.0 - 200000.0,21.21212121212121,MEDIUM,Payment Success
TXN-003593,WS/MP005/2026,Taluka Development Officer Mahudha MPLADS,100000.0,2026-08-17,130000.0 - 200000.0,-39.39393939393939,MEDIUM,Payment Success
TXN-003594,WS/MP478/2025,JANAK SINGH,13356.0,2026-08-01,13356.0 - 13356.0,0.0,LOW,Payment Success
TXN-003595,WS/MP478/2025,ANSHUMAN PARMAR,13356.0,2026-08-01,13356.0 - 13356.0,0.0,LOW,Payment Success
TXN-003596,WS/MP640/2026,MISHRA GROUP,500000.0,2026-08-06,500000.0 - 500000.0,0.0,LOW,Payment Success
TXN-003597,WS/MP18279/2025,Digitech Electronic Systems Private Limited,1099975.0,2026-08-04,1099975.0 - 1099975.0,0.0,LOW,Payment Success
TXN-003598,WS/MP761/2026,Md Azeemuddin,268220.0,2026-07-27,268220.0 - 268220.0,0.0,LOW,Payment Success
TXN-003599,WS/MP18162/2025,SHANKAR LAL BASER,3679.0,2026-08-05,3679.0 - 3679.0,0.0,LOW,Payment Success
TXN-003600,WS/MP18257/2025,Sainik Enterprise,311675.0,2026-08-03,311675.0 - 311675.0,0.0,LOW,Payment Success
TXN-003601,WS/MP18375/2026,abhibhashak sangh goharganj,250000.0,2026-08-03,250000.0 - 250000.0,0.0,LOW,Payment Success
TXN-003602,WS/MP859/2025,PRABIR KUMAR RAKSHIT,450683.0,2026-08-07,450683.0 - 450683.0,0.0,LOW,Payment Success
TXN-003603,WS/MP826/2024,KRISHNA BARMEY SARKI19,497351.0,2026-07-26,497351.0 - 497351.0,0.0,LOW,Payment Success
TXN-003604,WS/MP18056/2025,Grampanchayat Virva,490396.0,2026-08-05,490396.0 - 490396.0,0.0,LOW,Payment Success
TXN-003605,WS/MP18095/2026,M S 790 NSS KARAYOGAM NADUBHAGAM,75558.0,2026-08-04,75558.0 - 75558.0,0.0,LOW,Payment Success
TXN-003606,WS/MP18108/2026,Gram Panchayat Heerapur,150000.0,2026-08-20,150000.0 - 150000.0,0.0,LOW,Payment Success
TXN-003607,WS/MP18108/2026,Gram Panchayat Heerapur,150000.0,2026-08-20,150000.0 - 150000.0,0.0,LOW,Payment Success
TXN-003608,WS/MP728/2025,MAHENDRA SINGH,9750.0,2026-08-19,4042.2 - 9115.8,48.198814409484726,MEDIUM,Payment Success
TXN-003609,WS/MP728/2025,MUKESH KUMAR,3705.0,2026-08-19,3532.1 - 152530.0,-95.25189011297425,HIGH,Payment Success
TXN-003610,WS/MP728/2025,RAMNIWAS,3705.0,2026-08-19,4075.5 - 7039.5,-33.33333333333333,MEDIUM,Payment Success
TXN-003611,WS/MP18263/2026,NAGRAJ K R,299870.0,2026-08-03,299870.0 - 299870.0,0.0,LOW,Payment Success
TXN-003612,WS/MP728/2025,SUBESINGH,3705.0,2026-08-19,3705.0 - 3705.0,0.0,LOW,Payment Success
TXN-003613,WS/MP728/2025,KIRAN,3705.0,2026-08-19,3705.0 - 3705.0,0.0,LOW,Payment Success
TXN-003614,WS/MP728/2025,LAKHVIR SINGH,9750.0,2026-08-19,9750.0 - 9750.0,0.0,LOW,Payment Success
TXN-003615,WS/MP728/2025,NARENDER,9750.0,2026-08-19,9750.0 - 9750.0,0.0,LOW,Payment Success
TXN-003616,WS/MP728/2025,RAJBALA,3705.0,2026-08-19,3705.0 - 3705.0,0.0,LOW,Payment Success
TXN-003617,WS/MP728/2025,DARSHANA DEVI,3705.0,2026-08-19,3705.0 - 3705.0,0.0,LOW,Payment Success
TXN-003618,WS/MP728/2025,BHATERI,3705.0,2026-08-19,3705.0 - 3705.0,0.0,LOW,Payment Success
TXN-003619,WS/MP18314/2025,Ms Dhillon Tile Factory,49020.0,2026-08-03,42693.0 - 49020.0,6.89869484151647,LOW,Payment Success
TXN-003620,WS/MP18314/2025,Ms Dhillon Tile Factory,49020.0,2026-08-03,42693.0 - 49020.0,6.89869484151647,LOW,Payment Success
TXN-003621,WS/MP18314/2025,Ms Dhillon Tile Factory,49020.0,2026-08-03,42693.0 - 49020.0,6.89869484151647,LOW,Payment Success
TXN-003622,WS/MP18314/2025,Ms Dhillon Tile Factory,49020.0,2026-08-03,42693.0 - 49020.0,6.89869484151647,LOW,Payment Success
TXN-003623,WS/MP18314/2025,Ms Dhillon Tile Factory,49020.0,2026-08-03,42693.0 - 49020.0,6.89869484151647,LOW,Payment Success
TXN-003624,WS/MP18314/2025,Ms Dhillon Tile Factory,36366.0,2026-08-03,42693.0 - 49020.0,-20.69608452454941,MEDIUM,Payment Success
TXN-003625,WS/MP747/2026,RENUKA DEVI R,1099641.0,2026-07-31,1099641.0 - 1099641.0,0.0,LOW,Payment Success
TXN-003626,WS/MP18328/2025,GP Nathan,300000.0,2026-08-03,300000.0 - 300000.0,0.0,LOW,Payment Success
TXN-003627,WS/MP18397/2025,Parth Construction Company,368034.0,2026-08-13,368034.0 - 368034.0,0.0,LOW,Payment Success
TXN-003628,WS/MP746/2026,Lakshmi L,898813.0,2026-08-01,898813.0 - 898813.0,0.0,LOW,Payment Success
TXN-003629,WS/MP18310/2026,PRAFULLA KUMAR MISHRA,300000.0,2026-08-01,300000.0 - 300000.0,0.0,LOW,Payment Success
TXN-003630,WS/MP632/2025,BIJU M,385571.0,2026-08-01,385571.0 - 385571.0,0.0,LOW,Payment Success
TXN-003631,WS/MP18146/2026,Nirmal Kumar Rout,286382.0,2026-07-29,286382.0 - 286382.0,0.0,LOW,Payment Success
TXN-003632,WS/MP18157/2025,RANJIT KAUR,50000.0,2026-08-03,50000.0 - 50000.0,0.0,LOW,Payment Success
TXN-003633,WS/MP18157/2025,RANJIT KAUR,50000.0,2026-08-20,50000.0 - 50000.0,0.0,LOW,Payment Success
TXN-003634,WS/MP18157/2025,GURU NANAK BUILDING AND MATERIAL STORE,58200.0,2026-08-20,61320.0 - 86280.0,-21.138211382113823,MEDIUM,Payment Success
TXN-003635,WS/MP18157/2025,GURU NANAK BUILDING AND MATERIAL STORE,89400.0,2026-08-03,61320.0 - 86280.0,21.138211382113823,MEDIUM,Payment Success
TXN-003636,WS/MP18120/2026,Gram Panchayat Sirapalli Tq Himayatnagar,986317.0,2026-08-10,986317.0 - 986317.0,0.0,LOW,Payment Success
TXN-003637,WS/MP18314/2025,GURNOOR STEEL SHUTTERING AND CEMENT STOE,43685.0,2026-08-03,39293.0 - 43197.0,5.9158685901321375,LOW,Payment Success
TXN-003638,WS/MP18314/2025,GURNOOR STEEL SHUTTERING AND CEMENT STOE,38805.0,2026-08-03,39293.0 - 43197.0,-5.9158685901321375,LOW,Payment Success
TXN-003639,WS/MP18314/2025,Gagandeep Singh,104040.0,2026-08-04,39046.5 - 96818.5,53.15202590807051,HIGH,Payment Success
TXN-003640,WS/MP18314/2025,Gagandeep Singh,31825.0,2026-08-04,39046.5 - 96818.5,-53.15202590807051,HIGH,Payment Success
TXN-003641,WS/MP380/2025,kulwinder singh bhwanpura,32000.0,2026-08-03,32000.0 - 32000.0,0.0,LOW,Payment Success
TXN-003642,WS/MP579/2025,Changada Gp Account,100000.0,2026-08-04,92000.0 - 156000.0,-19.35483870967742,LOW,Payment Success
TXN-003643,WS/MP579/2025,Changada Gp Account,90000.0,2026-08-04,92000.0 - 156000.0,-27.419354838709676,MEDIUM,Payment Success
TXN-003644,WS/MP579/2025,Changada Gp Account,170000.0,2026-08-04,92000.0 - 156000.0,37.096774193548384,MEDIUM,Payment Success
TXN-003645,WS/MP18169/2025,HIMMAT,15600.0,2026-08-01,15600.0 - 15600.0,0.0,LOW,Payment Success
TXN-003646,WS/MP18007/2025,SAO MANNROW CONSTRUCTIONS PRIVATE LIMITED,1947249.0,2026-08-01,1947249.0 - 1947249.0,0.0,LOW,Payment Success
TXN-003647,WS/MP18065/2026,JINDAL CONSULTANTS,23600.0,2026-08-12,23600.0 - 23600.0,0.0,LOW,Payment Success
TXN-003648,WS/MP577/2024,Gram Panchayat Kaliarai,250000.0,2026-08-01,250000.0 - 250000.0,0.0,LOW,Payment Success
TXN-003649,WS/MP526/2025,THE CHAIRMAN VLC KALUVAPALLE GP,249920.0,2026-08-01,249920.0 - 249920.0,0.0,LOW,Payment Success
TXN-003650,WS/MP746/2026,SURESHKANNAN M,642795.0,2026-08-05,642795.0 - 642795.0,0.0,LOW,Payment Success
TXN-003651,WS/MP18162/2025,Priya Khatik,7566.0,2026-08-03,7566.0 - 7566.0,0.0,LOW,Payment Success
TXN-003652,WS/MP18162/2025,Amit Kumar,7566.0,2026-08-03,22351.2 - 126127.5,-89.80863921895867,HIGH,Payment Success
TXN-003653,WS/MP18162/2025,Yovraj Solnki,7566.0,2026-08-03,7566.0 - 7566.0,0.0,LOW,Payment Success
TXN-003654,WS/MP18162/2025,Ghanshyam Regar,7566.0,2026-08-03,7566.0 - 7566.0,0.0,LOW,Payment Success
TXN-003655,WS/MP18162/2025,Ratani Khatik,7566.0,2026-08-03,7566.0 - 7566.0,0.0,LOW,Payment Success
TXN-003656,WS/MP18162/2025,Kailash Bhil,7566.0,2026-08-03,7566.0 - 7566.0,0.0,LOW,Payment Success
TXN-003657,WS/MP18162/2025,Teena Khatik,7566.0,2026-08-03,7566.0 - 7566.0,0.0,LOW,Payment Success
TXN-003658,WS/MP18162/2025,Maya Bhil,5820.0,2026-08-03,5820.0 - 5820.0,0.0,LOW,Payment Success
TXN-003659,WS/MP18162/2025,Geeta Regar,3679.0,2026-08-05,3679.0 - 3679.0,0.0,LOW,Payment Success
TXN-003660,WS/MP18162/2025,Rani Khatik,3783.0,2026-08-03,3783.0 - 3783.0,0.0,LOW,Payment Success
TXN-003661,WS/MP18162/2025,Parbhu Lal Khatik,19500.0,2026-08-03,19500.0 - 19500.0,0.0,LOW,Payment Success
TXN-003662,WS/MP18162/2025,Dalla Ram Regar,3679.0,2026-08-05,3679.0 - 3679.0,0.0,LOW,Payment Success
TXN-003663,WS/MP18162/2025,Geeta Devi Vaishnav,3679.0,2026-08-05,3679.0 - 3679.0,0.0,LOW,Payment Success
TXN-003664,WS/MP18162/2025,Dipak Khatik,16500.0,2026-08-03,16500.0 - 16500.0,0.0,LOW,Payment Success
TXN-003665,WS/MP18162/2025,Govind Sadhu,3679.0,2026-08-05,3679.0 - 3679.0,0.0,LOW,Payment Success
TXN-003666,WS/MP18162/2025,Harsvardhan,7566.0,2026-08-03,7566.0 - 7566.0,0.0,LOW,Payment Success
TXN-003667,WS/MP18162/2025,Bhanwar Lal Sharma,3679.0,2026-08-05,3679.0 - 3679.0,0.0,LOW,Payment Success
TXN-003668,WS/MP18162/2025,Kamlesh Khatik,9750.0,2026-08-03,9750.0 - 9750.0,0.0,LOW,Payment Success
TXN-003669,WS/MP18162/2025,Lad Devi Vaishnav,3679.0,2026-08-05,3679.0 - 3679.0,0.0,LOW,Payment Success
TXN-003670,WS/MP18162/2025,Dinesh Kumar Regar,3679.0,2026-08-05,3679.0 - 3679.0,0.0,LOW,Payment Success
TXN-003671,WS/MP18162/2025,Choti Balai,3679.0,2026-08-05,3679.0 - 3679.0,0.0,LOW,Payment Success
TXN-003672,WS/MP18162/2025,Ramesh Chand Balai,3679.0,2026-08-05,3679.0 - 3679.0,0.0,LOW,Payment Success
TXN-003673,WS/MP18162/2025,Pavan Kumar Sharma,3679.0,2026-08-05,3679.0 - 3679.0,0.0,LOW,Payment Success
TXN-003674,WS/MP18162/2025,Kalu Ram Balai,3679.0,2026-08-05,3679.0 - 3679.0,0.0,LOW,Payment Success
TXN-003675,WS/MP18162/2025,Kamla Devi Balai,6000.0,2026-08-05,6000.0 - 6000.0,0.0,LOW,Payment Success
TXN-003676,WS/MP18162/2025,Leela Devi Balai,3679.0,2026-08-05,3679.0 - 3679.0,0.0,LOW,Payment Success
TXN-003677,WS/MP490/2025,jai mata di enterprises,200228.0,2026-08-06,200228.0 - 200228.0,0.0,LOW,Payment Success
TXN-003678,WS/MP18162/2025,Bhula Devi Balai,3679.0,2026-08-05,3679.0 - 3679.0,0.0,LOW,Payment Success
TXN-003679,WS/MP18162/2025,Jagdeesh Chand Balai,6000.0,2026-08-05,6000.0 - 6000.0,0.0,LOW,Payment Success
TXN-003680,WS/MP18162/2025,Balu Lal Balai,2830.0,2026-08-05,2830.0 - 2830.0,0.0,LOW,Payment Success
TXN-003681,WS/MP18162/2025,Ramesh Chand Sharma,3679.0,2026-08-05,3679.0 - 3679.0,0.0,LOW,Payment Success
TXN-003682,WS/MP18162/2025,Seema Devi Basher,3679.0,2026-08-05,3679.0 - 3679.0,0.0,LOW,Payment Success
TXN-003683,WS/MP18158/2025,Karanveer Singh,18000.0,2026-07-30,1980.0 - 16220.0,97.8021978021978,HIGH,Payment Success
TXN-003684,WS/MP18158/2025,Karanveer Singh,200.0,2026-07-30,1980.0 - 16220.0,-97.8021978021978,HIGH,Payment Success
TXN-003685,WS/MP18158/2025,Mandeep Singh,10000.0,2026-07-30,10000.0 - 10000.0,0.0,LOW,Payment Success
TXN-003686,WS/MP021/2026,BCS ENTERPRISES,41924.0,2026-08-07,41924.0 - 41924.0,0.0,LOW,Payment Success
TXN-003687,WS/MP18338/2025,SAMA ABHISHEK REDDY,500000.0,2026-08-21,500000.0 - 500000.0,0.0,LOW,Payment Success
TXN-003688,WS/MP18192/2025,RAVI NAIK,499914.0,2026-08-07,499914.0 - 499914.0,0.0,LOW,Payment Success
TXN-003689,WS/MP428/2026,Gram Panchayat Mahratola,100000.0,2026-08-04,100000.0 - 100000.0,0.0,LOW,Payment Success
TXN-003690,WS/MP428/2026,Gram Panchayat Dashrangpur,100000.0,2026-08-04,100000.0 - 100000.0,0.0,LOW,Payment Success
TXN-003691,WS/MP18314/2025,DHILLON CEMENT STORE,33421.0,2026-08-13,22256.5 - 32180.5,22.787809761742935,MEDIUM,Payment Success
TXN-003692,WS/MP18314/2025,DHILLON CEMENT STORE,21016.0,2026-08-13,22256.5 - 32180.5,-22.787809761742935,MEDIUM,Payment Success
TXN-003693,WS/MP18314/2025,ASMAT BB,21201.0,2026-08-13,21201.0 - 21201.0,0.0,LOW,Payment Success
TXN-003694,WS/MP18103/2026,GRAM PANCHAYAT FULIPURA,250000.0,2026-08-01,250000.0 - 250000.0,0.0,LOW,Payment Success
TXN-003695,WS/MP18103/2026,GRAM PANCHAYAT CHARCH,250000.0,2026-08-06,250000.0 - 250000.0,0.0,LOW,Payment Success
TXN-003696,WS/MP18103/2026,GRAM PANCHAYAT SALODA,250000.0,2026-08-10,250000.0 - 250000.0,0.0,LOW,Payment Success
TXN-003697,WS/MP18275/2025,Sulata Baroi,1350689.0,2026-08-05,1350689.0 - 1350689.0,0.0,LOW,Payment Success
TXN-003698,WS/MP18095/2025,PTA GOVT UP SCHOOL KALARCODE,79370.0,2026-08-02,79370.0 - 79370.0,0.0,LOW,Payment Success
TXN-003699,WS/MP18185/2026,Seetha,479711.0,2026-08-12,479711.0 - 479711.0,0.0,LOW,Payment Success
TXN-003700,WS/MP343/2025,Ravidas M,811809.0,2026-08-06,811809.0 - 811809.0,0.0,LOW,Payment Success
TXN-003701,WS/MP343/2025,Thankamony R,698247.0,2026-08-06,698247.0 - 698247.0,0.0,LOW,Payment Success
TXN-003702,WS/MP18009/2025,P Venkatarmi Reddy,499379.0,2026-08-06,498844.4 - 499319.6,0.059509258999523126,LOW,Payment Success
TXN-003703,WS/MP18009/2025,P Venkatarmi Reddy,498785.0,2026-08-06,498844.4 - 499319.6,-0.059509258999523126,LOW,Payment Success
TXN-003704,WS/MP18328/2026,ACUTE ENGINEERS AND CONTRACTORS OPC PRIVATE LIMITED,1000000.0,2026-07-29,1000000.0 - 1000000.0,0.0,LOW,Payment Success
TXN-003705,WS/MP18010/2025,Kadiyala Gopala Krishna,495797.0,2026-08-01,495907.5 - 496791.5,-0.11131269397873877,LOW,Payment Success
TXN-003706,WS/MP18010/2025,Kadiyala Gopala Krishna,496902.0,2026-08-01,495907.5 - 496791.5,0.11131269397873877,LOW,Payment Success
TXN-003707,WS/MP18010/2025,Viswanadhula Naveen Kumar,498819.0,2026-07-29,498819.0 - 498819.0,0.0,LOW,Payment Success
TXN-003708,WS/MP18100/2026,Naveen Infraspace Private Limited,600000.0,2026-08-05,600000.0 - 600000.0,0.0,LOW,Payment Success
TXN-003709,WS/MP18158/2025,BANWARI LAL SURESH KUMAR,35669.0,2026-08-19,35669.0 - 35669.0,0.0,LOW,Payment Success
TXN-003710,WS/MP331/2026,ASHWANI KUMAR,294000.0,2026-07-28,294000.0 - 294000.0,0.0,LOW,Payment Success
TXN-003711,WS/MP18062/2025,Nav Durga Concrete Udyog,479393.0,2026-08-01,479393.0 - 479393.0,0.0,LOW,Payment Success
TXN-003712,WS/MP18062/2025,The Sharda co op l and c society ltd,968937.0,2026-08-01,968937.0 - 968937.0,0.0,LOW,Payment Success
TXN-003713,WS/MP18158/2025,JAI SHANKAR TRDING CO,7863.0,2026-08-19,10850.4 - 36560.0,-66.83006260229824,HIGH,Payment Success
TXN-003714,WS/MP18158/2025,JAI SHANKAR TRDING CO,40000.0,2026-08-19,10850.4 - 36560.0,68.73934832863675,HIGH,Payment Success
TXN-003715,WS/MP18158/2025,JAI SHANKAR TRDING CO,22800.0,2026-08-19,10850.4 - 36560.0,-3.8185714526770527,LOW,Payment Success
TXN-003716,WS/MP829/2025,R R CABLE NETWORK,300165.0,2026-07-30,300165.0 - 300165.0,0.0,LOW,Payment Success
TXN-003717,WS/MP18162/2025,Kishan LAl Meena,3679.0,2026-08-05,3679.0 - 3679.0,0.0,LOW,Payment Success
TXN-003718,WS/MP18162/2025,Madhu Devi Meena,3679.0,2026-08-05,3679.0 - 3679.0,0.0,LOW,Payment Success
TXN-003719,WS/MP18145/2025,BIBHU RANJAN NAYAK,764080.0,2026-08-01,764080.0 - 764080.0,0.0,LOW,Payment Success
TXN-003720,WS/MP18145/2025,AJAYA KUMAR BEHERA,745067.0,2026-08-01,745067.0 - 745067.0,0.0,LOW,Payment Success
TXN-003721,WS/MP329/2026,Amar Agro Industries,68250.0,2026-08-01,68250.0 - 68250.0,0.0,LOW,Payment Success
TXN-003722,WS/MP18260/2025,Mohd Rafiq Mir,223600.0,2026-07-29,223600.0 - 223600.0,0.0,LOW,Payment Success
TXN-003723,WS/MP18260/2025,Ghulam Hassan Mir,120515.0,2026-07-29,120515.0 - 120515.0,0.0,LOW,Payment Success
TXN-003724,WS/MP18279/2025,Illumix LED Lighting Private Ltd,268000.0,2026-08-06,268000.0 - 268000.0,0.0,LOW,Payment Success
TXN-003725,WS/MP638/2026,GRAM PANCHAYAT BUDOUR,240000.0,2026-08-11,240000.0 - 240000.0,0.0,LOW,Payment Success
TXN-003726,WS/MP18305/2025,ABDUL NASAR M P,238462.0,2026-08-01,238462.0 - 238462.0,0.0,LOW,Payment Success
TXN-003727,WS/MP18320/2025,VADIYA GRAM PANCHAYAT VADIYA,300000.0,2026-08-03,300000.0 - 300000.0,0.0,LOW,Payment Success
TXN-003728,WS/MP18162/2025,Dev Narayan Construction Company,375565.0,2026-08-02,375565.0 - 375565.0,0.0,LOW,Payment Success
TXN-003729,WS/MP826/2025,MAHENDRA ADHIKARI,499735.0,2026-08-10,499735.0 - 499735.0,0.0,LOW,Payment Success
TXN-003730,WS/MP18047/2026,ULTIMATE SOLUTION,65000.0,2026-08-06,14600.0 - 59400.0,75.67567567567568,HIGH,Payment Success
TXN-003731,WS/MP18047/2026,ULTIMATE SOLUTION,9000.0,2026-08-06,14600.0 - 59400.0,-75.67567567567568,HIGH,Payment Success
TXN-003732,WS/MP18047/2026,AVICHAL TRADERS,925000.0,2026-08-06,925000.0 - 925000.0,0.0,LOW,Payment Success
TXN-003733,WS/MP18173/2026,KUMAR V,297283.0,2026-08-03,297283.0 - 297283.0,0.0,LOW,Payment Success
TXN-003734,WS/MP529/2025,Shaik Tajuddin Ahmed,499987.0,2026-08-01,499987.6 - 499992.4,-0.0006000120002400048,LOW,Payment Success
TXN-003735,WS/MP529/2025,Shaik Tajuddin Ahmed,499993.0,2026-08-01,499987.6 - 499992.4,0.0006000120002400048,LOW,Payment Success
TXN-003736,WS/MP600/2025,ANIRUDDHA ENTERPRISES,49900.0,2026-08-05,40036.0 - 48804.0,12.336785231877533,LOW,Payment Success
TXN-003737,WS/MP600/2025,ANIRUDDHA ENTERPRISES,38940.0,2026-08-05,40036.0 - 48804.0,-12.336785231877533,LOW,Payment Success
TXN-003738,WS/MP18391/2026,Imtinungsang,250000.0,2026-08-06,250000.0 - 250000.0,0.0,LOW,Payment Success
TXN-003739,WS/MP600/2025,SHIVAM ENTERPRISES,41760.0,2026-08-05,33840.0 - 48000.0,2.0527859237536656,LOW,Payment Success
TXN-003740,WS/MP600/2025,SHIVAM ENTERPRISES,49560.0,2026-08-05,33840.0 - 48000.0,21.114369501466275,MEDIUM,Payment Success
TXN-003741,WS/MP600/2025,SHIVAM ENTERPRISES,31860.0,2026-08-05,33840.0 - 48000.0,-22.14076246334311,MEDIUM,Payment Success
TXN-003742,WS/MP600/2025,JAMWAL AND BROS,36240.0,2026-08-05,37606.0 - 48534.0,-15.857905734850245,LOW,Payment Success
TXN-003743,WS/MP600/2025,JAMWAL AND BROS,49900.0,2026-08-05,37606.0 - 48534.0,15.857905734850245,LOW,Payment Success
TXN-003744,WS/MP372/2025,MAYADHAR BEHERA,300000.0,2026-08-10,300000.0 - 300000.0,0.0,LOW,Payment Success
TXN-003745,WS/MP18423/2025,PAL CONSTRUCTIONS,438297.0,2026-08-07,438297.0 - 438297.0,0.0,LOW,Payment Success
TXN-003746,WS/MP18391/2026,Sotisola Imkong,500000.0,2026-08-01,500000.0 - 500000.0,0.0,LOW,Payment Success
TXN-003747,WS/MP18391/2026,N Yona Konya,1000000.0,2026-08-01,1000000.0 - 1000000.0,0.0,LOW,Payment Success
TXN-003748,WS/MP18168/2025,mausam kumar,7410.0,2026-07-30,7410.0 - 7410.0,0.0,LOW,Payment Success
TXN-003749,WS/MP18168/2025,SEEMA,7410.0,2026-07-30,7410.0 - 7410.0,0.0,LOW,Payment Success
TXN-003750,WS/MP18228/2026,Pradeep Kumar,500000.0,2026-08-03,34354.4 - 427826.4,116.36554352755456,HIGH,Payment Success
TXN-003751,WS/MP18168/2025,SUMAN DEVI,7410.0,2026-07-30,4332.0 - 7068.0,30.0,MEDIUM,Payment Success
TXN-003752,WS/MP18168/2025,POORAN MAL,7410.0,2026-07-30,7410.0 - 7410.0,0.0,LOW,Payment Success
TXN-003753,WS/MP793/2025,MS SATYADEEP HEIGHTS,564158.0,2026-08-04,591958.8 - 814365.2,-19.768417519718074,LOW,Payment Success
TXN-003754,WS/MP793/2025,MS SATYADEEP HEIGHTS,842166.0,2026-08-04,591958.8 - 814365.2,19.768417519718074,LOW,Payment Success
TXN-003755,WS/MP18168/2025,SAJNI DEVI,7410.0,2026-07-30,7410.0 - 7410.0,0.0,LOW,Payment Success
TXN-003756,WS/MP18168/2025,SATISH KUMAR,9750.0,2026-07-30,9750.0 - 9750.0,0.0,LOW,Payment Success
TXN-003757,WS/MP18168/2025,CHETAN BAIRWA,9750.0,2026-07-30,9750.0 - 9750.0,0.0,LOW,Payment Success
TXN-003758,WS/MP18168/2025,SHASHIKANT,3720.0,2026-07-30,3720.0 - 3720.0,0.0,LOW,Payment Success
TXN-003759,WS/MP18311/2025,Anmol Kalia,140519.0,2026-07-27,140519.0 - 140519.0,0.0,LOW,Payment Success
TXN-003760,WS/MP446/2026,GRAM PANCHAYAT SILON,300000.0,2026-08-11,300000.0 - 300000.0,0.0,LOW,Payment Success
TXN-003761,WS/MP577/2025,Gram Panchayat bhanpur,243560.0,2026-08-13,243399.2 - 411545.6,-25.624266350385565,MEDIUM,Payment Success
TXN-003762,WS/MP577/2025,Gram Panchayat bhanpur,453542.0,2026-08-23,243399.2 - 411545.6,38.49777874410179,MEDIUM,Payment Success
TXN-003763,WS/MP577/2025,Gram Panchayat bhanpur,243359.0,2026-08-23,243399.2 - 411545.6,-25.68564556890902,MEDIUM,Payment Success
TXN-003764,WS/MP372/2025,SANTOSH KUMAR MALLICK,187121.0,2026-08-05,187121.0 - 187121.0,0.0,LOW,Payment Success
TXN-003765,WS/MP18134/2025,Pavan Ganesh Majur Sah Sanstha LTD Kharwandi,593193.0,2026-08-03,593193.0 - 593193.0,0.0,LOW,Payment Success
TXN-003766,WS/MP793/2025,HP ASSOCIATES,842048.0,2026-08-04,392397.2 - 792086.8,42.17971707511457,MEDIUM,Payment Success
TXN-003767,WS/MP793/2025,HP ASSOCIATES,342436.0,2026-08-04,392397.2 - 792086.8,-42.17971707511457,MEDIUM,Payment Success
TXN-003768,WS/MP747/2026,THANGARAJA S,999593.0,2026-08-04,999593.0 - 999593.0,0.0,LOW,Payment Success
TXN-003769,WS/MP18148/2025,ms santosh traders,173131.0,2026-08-05,173131.0 - 173131.0,0.0,LOW,Payment Success
TXN-003770,WS/MP18148/2025,PAWAN HARDWARE,152789.0,2026-08-05,152789.0 - 152789.0,0.0,LOW,Payment Success
TXN-003771,WS/MP18139/2026,ASSISTANT ENGINEER1 BHATLI BLOCK,300000.0,2026-07-27,300000.0 - 300000.0,0.0,LOW,Payment Success
TXN-003772,WS/MP18391/2026,Imtijungla,300000.0,2026-08-06,300000.0 - 300000.0,0.0,LOW,Payment Success
TXN-003773,WS/MP18391/2026,Temsu Ao,400000.0,2026-08-06,400000.0 - 400000.0,0.0,LOW,Payment Success
TXN-003774,WS/MP18320/2025,GODA GRAM PANCHAYAT,300000.0,2026-08-01,300000.0 - 300000.0,0.0,LOW,Payment Success
TXN-003775,WS/MP18147/2025,GOPAL NAYAK,500000.0,2026-07-27,500000.0 - 500000.0,0.0,LOW,Payment Success
TXN-003776,WS/MP428/2026,gram panchayat chamaray tolagaon,250000.0,2026-08-07,250000.0 - 250000.0,0.0,LOW,Payment Success
TXN-003777,WS/MP428/2026,GRAM PANCHAYAT RAMHEPUR,100000.0,2026-08-04,100000.0 - 100000.0,0.0,LOW,Payment Success
TXN-003778,WS/MP428/2026,GRAM PANCHAYAT MAGARWADA,250000.0,2026-08-04,250000.0 - 250000.0,0.0,LOW,Payment Success
TXN-003779,WS/MP428/2026,GRAM PANCHAYAT TARO,250000.0,2026-07-27,250000.0 - 250000.0,0.0,LOW,Payment Success
TXN-003780,WS/MP492/2026,Rajeev Kumar Trivedi,1800000.0,2026-07-31,1800000.0 - 1800000.0,0.0,LOW,Payment Success
TXN-003781,WS/MP18155/2025,Keshav Dutt and Brothers,43900.0,2026-08-08,43180.0 - 43820.0,0.9195402298850575,LOW,Payment Success
TXN-003782,WS/MP18155/2025,Keshav Dutt and Brothers,43100.0,2026-08-08,43180.0 - 43820.0,-0.9195402298850575,LOW,Payment Success
TXN-003783,WS/MP18155/2025,Kumra Sanitation Gallery,31742.0,2026-08-08,26342.0 - 31142.0,10.437687008558903,LOW,Payment Success
TXN-003784,WS/MP18155/2025,Kumra Sanitation Gallery,25742.0,2026-08-08,26342.0 - 31142.0,-10.437687008558903,LOW,Payment Success
TXN-003785,WS/MP18169/2026,BHAWANI ENTERPRISES,372672.0,2026-08-20,372672.0 - 372672.0,0.0,LOW,Payment Success
TXN-003786,WS/MP18155/2025,Parkesh Chand,24000.0,2026-08-08,24000.0 - 24000.0,0.0,LOW,Payment Success
TXN-003787,WS/MP18310/2026,NARAYAN ROUT AND SMT SWARNALATA ROUT,223000.0,2026-07-29,223000.0 - 223000.0,0.0,LOW,Payment Success
TXN-003788,WS/MP18086/2026,Prasannakumar K S,223260.0,2026-08-01,238434.0 - 359826.0,-25.363554307491725,MEDIUM,Payment Success
TXN-003789,WS/MP18144/2026,ASHEET KUMAR NANDA,500000.0,2026-08-18,500000.0 - 500000.0,0.0,LOW,Payment Success
TXN-003790,WS/MP18108/2026,Gram Panchayat Chandwar,375000.0,2026-08-20,375000.0 - 375000.0,0.0,LOW,Payment Success
TXN-003791,WS/MP347/2024,JAIN RAJ,943191.0,2026-08-05,943191.0 - 943191.0,0.0,LOW,Payment Success
TXN-003792,WS/MP18029/2025,Sankarlal Agarwala,295110.0,2026-07-29,295110.0 - 295110.0,0.0,LOW,Payment Success
TXN-003793,WS/MP428/2026,gram panchayat murmunda,125000.0,2026-08-07,127500.0 - 147500.0,-9.090909090909092,LOW,Payment Success
TXN-003794,WS/MP428/2026,gram panchayat murmunda,150000.0,2026-08-07,127500.0 - 147500.0,9.090909090909092,LOW,Payment Success
TXN-003795,WS/MP18029/2025,More Hardware,295110.0,2026-08-12,295110.0 - 295110.0,0.0,LOW,Payment Success
TXN-003796,WS/MP18309/2026,BEBETO N MARAK,100000.0,2026-08-12,100000.0 - 100000.0,0.0,LOW,Payment Success
TXN-003797,WS/MP18309/2026,BEBETO N MARAK,100000.0,2026-07-27,100000.0 - 100000.0,0.0,LOW,Payment Success
TXN-003798,WS/MP18158/2026,Satnam Singh,20201.0,2026-07-30,20201.0 - 20201.0,0.0,LOW,Payment Success
TXN-003799,WS/MP18050/2026,GRAM PANCHYAT KONDRUNJ,984900.0,2026-08-03,984900.0 - 984900.0,0.0,LOW,Payment Success
TXN-003800,WS/MP18054/2025,DODIWADA GRAM PANCHAYAT,150000.0,2026-07-27,150000.0 - 150000.0,0.0,LOW,Payment Success
TXN-003801,WS/MP18379/2025,Tahir Mohiuddin Mir,158860.0,2026-07-29,158860.0 - 158860.0,0.0,LOW,Payment Success
TXN-003802,WS/MP373/2025,PHALGUNI NIAL,300000.0,2026-08-05,300000.0 - 300000.0,0.0,LOW,Payment Success
TXN-003803,WS/MP373/2025,SUDARSAN KATA,300000.0,2026-08-05,300000.0 - 300000.0,0.0,LOW,Payment Success
TXN-003804,WS/MP18224/2026,Vastu Shree Constructions,677750.0,2026-08-04,455379.5 - 842979.0,4.401057181048223,LOW,Payment Success
TXN-003805,WS/MP18224/2026,Vastu Shree Constructions,410563.0,2026-08-04,455379.5 - 842979.0,-36.75660458956444,MEDIUM,Payment Success
TXN-003806,WS/MP18224/2026,Vastu Shree Constructions,886743.0,2026-08-04,455379.5 - 842979.0,36.59447679512245,MEDIUM,Payment Success
TXN-003807,WS/MP18224/2026,Vastu Shree Constructions,799215.0,2026-08-04,455379.5 - 842979.0,23.111605923941653,MEDIUM,Payment Success
TXN-003808,WS/MP18224/2026,Vastu Shree Constructions,727308.0,2026-08-04,455379.5 - 842979.0,12.035004199533487,LOW,Payment Success
TXN-003809,WS/MP18224/2026,Vastu Shree Constructions,500196.0,2026-08-05,455379.5 - 842979.0,-22.949478129499674,MEDIUM,Payment Success
TXN-003810,WS/MP18265/2025,TS SEKAR,1899126.0,2026-07-28,1899126.0 - 1899126.0,0.0,LOW,Payment Success
TXN-003811,WS/MP18186/2026,SRI LAKSHMI ELECTRICAL SERVICE,217548.0,2026-07-24,217548.0 - 217548.0,0.0,LOW,Payment Success
TXN-003812,WS/MP380/2026,GILL PAINTS AND HARDWARE STORE,63240.0,2026-07-26,66776.0 - 95064.0,-21.84873949579832,MEDIUM,Payment Success
TXN-003813,WS/MP380/2026,GILL PAINTS AND HARDWARE STORE,98600.0,2026-08-08,66776.0 - 95064.0,21.84873949579832,MEDIUM,Payment Success
TXN-003814,WS/MP526/2025,PALLE SRAVANATH REDDY,297994.0,2026-08-01,297994.0 - 297994.0,0.0,LOW,Payment Success
TXN-003815,WS/MP18379/2025,Chesti Enterprises,498400.0,2026-07-24,498400.0 - 498400.0,0.0,LOW,Payment Success
TXN-003816,WS/MP18167/2025,k k stones and cement suppliers,497966.0,2026-07-24,497966.0 - 497966.0,0.0,LOW,Payment Success
TXN-003817,WS/MP18103/2026,Gram Panchayat Khudawali,250000.0,2026-08-06,250000.0 - 250000.0,0.0,LOW,Payment Success
TXN-003818,WS/MP18103/2026,GramPanchayat Bahgavan,250000.0,2026-07-26,250000.0 - 250000.0,0.0,LOW,Payment Success
TXN-003819,WS/MP18103/2026,Gram Panchayat Barkhadi,250000.0,2026-07-26,250000.0 - 250000.0,0.0,LOW,Payment Success
TXN-003820,WS/MP005/2025,CHANDISAR GRAM PANCHAYAT,250000.0,2026-08-03,250000.0 - 250000.0,0.0,LOW,Payment Success
TXN-003821,WS/MP005/2025,MEMAR GRAM PANCHAYAT,149916.0,2026-07-27,149916.0 - 149916.0,0.0,LOW,Payment Success
TXN-003822,WS/MP005/2025,DHANVADA GRAM PANCHAYAT,99816.0,2026-07-27,99816.0 - 99816.0,0.0,LOW,Payment Success
TXN-003823,WS/MP18263/2026,NAGARAJA SHETTY,500000.0,2026-07-23,500000.0 - 500000.0,0.0,LOW,Payment Success
TXN-003824,WS/MP18058/2025,Latva Juth Gram Panchayat,500000.0,2026-08-20,500000.0 - 500000.0,0.0,LOW,Payment Success
TXN-003825,WS/MP18058/2025,Himmatpura Juth Gram Panchayat,298698.0,2026-07-28,298828.2 - 299869.8,-0.21747191405349608,LOW,Payment Success
TXN-003826,WS/MP18058/2025,Himmatpura Juth Gram Panchayat,300000.0,2026-07-28,298828.2 - 299869.8,0.21747191405349608,LOW,Payment Success
TXN-003827,WS/MP431/2025,Gram Panchayat Dharchana,944126.0,2026-08-07,944126.0 - 944126.0,0.0,LOW,Payment Success
TXN-003828,WS/MP499/2025,ALAUL ISLAM,249653.0,2026-07-22,249653.0 - 249653.0,0.0,LOW,Payment Success
TXN-003829,WS/MP18114/2026,mohini anil bhise,993302.0,2026-08-14,992566.8 - 994990.8,-0.04797848374306703,LOW,Payment Success
TXN-003830,WS/MP18114/2026,mohini anil bhise,992383.0,2026-08-14,992566.8 - 994990.8,-0.1404537911253537,LOW,Payment Success
TXN-003831,WS/MP18114/2026,mohini anil bhise,995413.0,2026-07-22,992566.8 - 994990.8,0.1644430329968755,LOW,Payment Success
TXN-003832,WS/MP021/2026,HEERA SINGH BISHT,8585.0,2026-08-03,8585.0 - 8585.0,0.0,LOW,Payment Success
TXN-003833,WS/MP021/2026,MOHINI DEVI,5856.0,2026-08-03,5856.0 - 5856.0,0.0,LOW,Payment Success
TXN-003834,WS/MP021/2025,CHANCHAL SINGH,14645.0,2026-08-06,31770.5 - 168774.5,-85.3947991722556,HIGH,Payment Success
TXN-003835,WS/MP021/2025,RANJEET SINGH,9150.0,2026-08-06,9150.0 - 9150.0,0.0,LOW,Payment Success
TXN-003836,WS/MP18051/2026,GRAM PANCHAYAT DARRABHATHA B,250000.0,2026-07-29,250000.0 - 250000.0,0.0,LOW,Payment Success
TXN-003837,WS/MP18305/2025,HOSPITAL MANAGEMENT COMMITTEE PHC ANGADIPURAM,28784.0,2026-07-24,28784.0 - 28784.0,0.0,LOW,Payment Success
TXN-003838,WS/MP18131/2025,DINDAYAL MAJUR SAHKARI SANSTHA MARYADIT,500000.0,2026-07-23,500000.0 - 500000.0,0.0,LOW,Payment Success
TXN-003839,WS/MP18008/2026,Alapati Constructions,504253.0,2026-07-23,504253.0 - 504253.0,0.0,LOW,Payment Success
TXN-003840,WS/MP18109/2026,GRAM PANCHAYAT BADHAURA,63500.0,2026-07-27,22840.0 - 74600.0,30.33661740558292,MEDIUM,Payment Success
TXN-003841,WS/MP18109/2026,GRAM PANCHAYAT BADHAURA,82000.0,2026-07-27,22840.0 - 74600.0,68.30870279146141,HIGH,Payment Success
TXN-003842,WS/MP18109/2026,GRAM PANCHAYAT BADHAURA,5000.0,2026-07-27,22840.0 - 74600.0,-89.73727422003283,HIGH,Payment Success
TXN-003843,WS/MP18109/2026,GRAM PANCHAYAT BADHAURA,49840.0,2026-07-27,22840.0 - 74600.0,2.2988505747126435,LOW,Payment Success
TXN-003844,WS/MP18109/2026,GRAM PANCHAYAT BADHAURA,49600.0,2026-07-27,22840.0 - 74600.0,1.8062397372742198,LOW,Payment Success
TXN-003845,WS/MP18058/2025,Moti Varnoli Gram Panchayat,400000.0,2026-07-23,400000.0 - 400000.0,0.0,LOW,Payment Success
TXN-003846,WS/MP18054/2025,CHHATHIYARDA GRAM PANCHAYAT,200000.0,2026-07-28,200000.0 - 200000.0,0.0,LOW,Payment Success
TXN-003847,WS/MP18058/2025,Jambugoral Gram Panchayat,125000.0,2026-07-23,125000.0 - 125000.0,0.0,LOW,Payment Success
TXN-003848,WS/MP18025/2025,M ENTERPRISE,291788.0,2026-07-22,291788.0 - 291788.0,0.0,LOW,Payment Success
TXN-003849,WS/MP18154/2026,Sahib Preet Traders,118556.0,2026-08-05,118556.0 - 118556.0,0.0,LOW,Payment Success
TXN-003850,WS/MP18077/2026,SHRI SWAMI CONSTRUCTIONS PROP P C SHATAVAJI,375000.0,2026-07-23,375000.0 - 375000.0,0.0,LOW,Payment Success
TXN-003851,WS/MP751/2025,Shanmugapriyan M,277678.0,2026-07-22,277471.9 - 277655.1,0.04125182165522484,LOW,Payment Success
TXN-003852,WS/MP751/2025,Shanmugapriyan M,277449.0,2026-07-22,277471.9 - 277655.1,-0.04125182165522484,LOW,Payment Success
TXN-003853,WS/MP623/2026,TANVEER ABIDALI LASHKARI,225000.0,2026-07-24,225000.0 - 371250.0,-24.528301886792452,MEDIUM,Payment Success
TXN-003854,WS/MP623/2026,TANVEER ABIDALI LASHKARI,371250.0,2026-07-21,225000.0 - 371250.0,24.528301886792452,MEDIUM,Payment Success
TXN-003855,WS/MP623/2026,TANVEER ABIDALI LASHKARI,371250.0,2026-07-21,225000.0 - 371250.0,24.528301886792452,MEDIUM,Payment Success
TXN-003856,WS/MP623/2026,TANVEER ABIDALI LASHKARI,371250.0,2026-07-21,225000.0 - 371250.0,24.528301886792452,MEDIUM,Payment Success
TXN-003857,WS/MP446/2026,GRAM PANCHAYAT PATNA,300000.0,2026-07-31,300000.0 - 300000.0,0.0,LOW,Payment Success
TXN-003858,WS/MP18309/2026,Jamindro R Marak,100000.0,2026-07-22,100000.0 - 100000.0,0.0,LOW,Payment Success
TXN-003859,WS/MP747/2026,THIRUPATHYRAJ R,120000.0,2026-07-27,120000.0 - 120000.0,0.0,LOW,Payment Success
TXN-003860,WS/MP18169/2026,TANU ENTERPRISES,794188.0,2026-07-20,794188.0 - 794188.0,0.0,LOW,Payment Success
TXN-003861,WS/MP716/2025,BHULLAR FARMS,28000.0,2026-07-16,28825.0 - 35425.0,-12.840466926070038,LOW,Payment Success
TXN-003862,WS/MP716/2025,BHULLAR FARMS,36250.0,2026-07-19,28825.0 - 35425.0,12.840466926070038,LOW,Payment Success
TXN-003863,WS/MP18064/2025,The M P Cooperative Labour and Construction Society Ltd,323660.0,2026-07-21,323660.0 - 323660.0,0.0,LOW,Payment Success
TXN-003864,WS/MP18158/2026,Beant Singh,71218.0,2026-08-03,71218.0 - 71218.0,0.0,LOW,Payment Success
TXN-003865,WS/MP526/2025,Yelugoti chandra sekhar reddy,498197.0,2026-07-21,498197.0 - 498197.0,0.0,LOW,Payment Success
TXN-003866,WS/MP18344/2025,DHARSAN GRAM PANCHAYAT,248592.0,2026-08-06,248592.0 - 248592.0,0.0,LOW,Payment Success
TXN-003867,WS/MP18344/2025,TERI GRAM PANCHAYAT,294228.0,2026-08-21,294228.0 - 294228.0,0.0,LOW,Payment Success
TXN-003868,WS/MP526/2025,G soma sekhar Reddy,496494.0,2026-08-01,496494.0 - 496494.0,0.0,LOW,Payment Success
TXN-003869,WS/MP18344/2025,HAMADPARA GRAM PANCHAYAT,246471.0,2026-08-03,246471.0 - 246471.0,0.0,LOW,Payment Success
TXN-003870,WS/MP18184/2026,PRAKASH P,1198367.0,2026-07-22,1198367.0 - 1198367.0,0.0,LOW,Payment Success
TXN-003871,WS/MP18309/2026,ERICROGER N SANGMA,250000.0,2026-07-23,250000.0 - 250000.0,0.0,LOW,Payment Success
TXN-003872,WS/MP18309/2026,ERICROGER N SANGMA,250000.0,2026-08-13,250000.0 - 250000.0,0.0,LOW,Payment Success
TXN-003873,WS/MP18309/2026,RESTER BROWN SANGMA,100000.0,2026-07-23,100000.0 - 100000.0,0.0,LOW,Payment Success
TXN-003874,WS/MP18309/2026,RESTER BROWN SANGMA,100000.0,2026-08-12,100000.0 - 100000.0,0.0,LOW,Payment Success
TXN-003875,WS/MP829/2025,DILSHAN CONSTRUCTION,191289.0,2026-07-28,177974.4 - 189809.6,4.022469710482239,LOW,Payment Success
TXN-003876,WS/MP428/2026,gram panchayat lalutola,125000.0,2026-07-28,125000.0 - 125000.0,0.0,LOW,Payment Success
TXN-003877,WS/MP18134/2025,Sanjay Majur Sahkari Sanstha Maryadit,413099.0,2026-08-04,413099.0 - 413099.0,0.0,LOW,Payment Success
TXN-003878,WS/MP18008/2026,Bolleddu Sangeetha Rao,330722.0,2026-07-28,330722.0 - 330722.0,0.0,LOW,Payment Success
TXN-003879,WS/MP18337/2025,K SAJEEVAN,1929300.0,2026-07-25,1929300.0 - 1929300.0,0.0,LOW,Payment Success
TXN-003880,WS/MP18184/2026,RENGAMALAI PERUMALTHEVAR,1199609.0,2026-07-22,1199609.0 - 1199609.0,0.0,LOW,Payment Success
TXN-003881,WS/MP826/2025,HIMALAYAN CONSTRUCTION,486235.0,2026-07-31,486235.0 - 486235.0,0.0,LOW,Payment Success
TXN-003882,WS/MP18169/2025,DIVYANSH YADAV,1202495.0,2026-07-31,1202495.0 - 1202495.0,0.0,LOW,Payment Success
TXN-003883,WS/MP18186/2025,SARO OVERSEAS PRIVATE LIMITED,165410.0,2026-07-22,166838.0 - 276675.0,-25.40917628119131,MEDIUM,Payment Success
TXN-003884,WS/MP18186/2025,SARO OVERSEAS PRIVATE LIMITED,263585.0,2026-07-22,166838.0 - 276675.0,18.8623557821304,LOW,Payment Success
TXN-003885,WS/MP18186/2025,SARO OVERSEAS PRIVATE LIMITED,167790.0,2026-07-22,166838.0 - 276675.0,-24.335927019050175,MEDIUM,Payment Success
TXN-003886,WS/MP18186/2025,SARO OVERSEAS PRIVATE LIMITED,296310.0,2026-07-22,166838.0 - 276675.0,33.619533136570965,MEDIUM,Payment Success
TXN-003887,WS/MP18186/2025,SARO OVERSEAS PRIVATE LIMITED,263585.0,2026-07-22,166838.0 - 276675.0,18.8623557821304,LOW,Payment Success
TXN-003888,WS/MP18186/2025,SARO OVERSEAS PRIVATE LIMITED,167790.0,2026-07-22,166838.0 - 276675.0,-24.335927019050175,MEDIUM,Payment Success
TXN-003889,WS/MP18186/2025,SARO OVERSEAS PRIVATE LIMITED,233240.0,2026-07-22,166838.0 - 276675.0,5.178427689830963,LOW,Payment Success
TXN-003890,WS/MP18263/2026,HARISH POOJARI,500000.0,2026-07-22,500000.0 - 500000.0,0.0,LOW,Payment Success
TXN-003891,WS/MP18191/2025,Chettukindhi Balaraju,497884.0,2026-07-22,497884.0 - 497884.0,0.0,LOW,Payment Success
TXN-003892,WS/MP446/2026,GRAM PANCHAYAT GUDHORA,300000.0,2026-07-31,300000.0 - 300000.0,0.0,LOW,Payment Success
TXN-003893,WS/MP18103/2026,Gram Panchayat Talbhev,250000.0,2026-07-31,250000.0 - 250000.0,0.0,LOW,Payment Success
TXN-003894,WS/MP740/2026,SANDHIYA and CO,1600000.0,2026-07-27,1600000.0 - 1600000.0,0.0,LOW,Payment Success
TXN-003895,WS/MP18257/2025,Nafis Enterprise,346022.0,2026-08-04,346022.0 - 346022.0,0.0,LOW,Payment Success
TXN-003896,WS/MP692/2026,SHUBHAM SUDHAKAR MOHITE,497140.0,2026-08-18,497140.0 - 497140.0,0.0,LOW,Payment Success
TXN-003897,WS/MP021/2025,harish singh,17384.0,2026-08-24,17384.0 - 17384.0,0.0,LOW,Payment Success
TXN-003898,WS/MP021/2025,Gaurav singh,17384.0,2026-08-24,17384.0 - 17384.0,0.0,LOW,Payment Success
TXN-003899,WS/MP021/2025,Jugdish singh,17384.0,2026-08-24,17384.0 - 17384.0,0.0,LOW,Payment Success
TXN-003900,WS/MP021/2025,Mohan singh,17384.0,2026-08-24,9396.0 - 16247.2,35.583702502027826,MEDIUM,Payment Success
TXN-003901,WS/MP021/2025,Dayal singh,13470.0,2026-08-24,13470.0 - 13470.0,0.0,LOW,Payment Success
TXN-003902,WS/MP021/2025,Aanad singh,13470.0,2026-08-24,13470.0 - 13470.0,0.0,LOW,Payment Success
TXN-003903,WS/MP18323/2026,Jaybharat Majoor Sahakari Sanstha M Latur,1000000.0,2026-08-07,1000000.0 - 1000000.0,0.0,LOW,Payment Success
TXN-003904,WS/MP021/2025,Heera singh,13470.0,2026-08-24,13470.0 - 13470.0,0.0,LOW,Payment Success
TXN-003905,WS/MP18103/2026,Gram Panchayat Sonhar,250000.0,2026-07-23,250000.0 - 250000.0,0.0,LOW,Payment Success
TXN-003906,WS/MP021/2025,Leela devi,21945.0,2026-08-24,10359.3 - 20657.7,41.50304671631686,MEDIUM,Payment Success
TXN-003907,WS/MP021/2025,Geeta devi,21945.0,2026-08-24,3762.0 - 18354.0,98.4536082474227,HIGH,Payment Success
TXN-003908,WS/MP021/2025,jyoti,21945.0,2026-08-24,21945.0 - 21945.0,0.0,LOW,Payment Success
TXN-003909,WS/MP021/2025,Suman,21945.0,2026-08-24,2394.0 - 18354.0,111.53846153846155,HIGH,Payment Success
TXN-003910,WS/MP18078/2026,CHAUTGI UMESHA,1125000.0,2026-07-21,1125000.0 - 1125000.0,0.0,LOW,Payment Success
TXN-003911,WS/MP498/2025,SWARUP SARKAR,399582.0,2026-07-21,399582.0 - 399582.0,0.0,LOW,Payment Success
TXN-003912,WS/MP18158/2025,ASHOK CEMENT AND IRON STORE,16990.0,2026-07-21,16990.0 - 16990.0,0.0,LOW,Payment Success
TXN-003913,WS/MP18196/2025,D AND GRANDSONS ENGG PVT LTD,1999000.0,2026-07-29,1999000.0 - 1999000.0,0.0,LOW,Payment Success
TXN-003914,WS/MP18196/2025,D AND GRANDSONS ENGG PVT LTD,1999000.0,2026-07-29,1999000.0 - 1999000.0,0.0,LOW,Payment Success
TXN-003915,WS/MP18196/2025,D AND GRANDSONS ENGG PVT LTD,1999000.0,2026-07-29,1999000.0 - 1999000.0,0.0,LOW,Payment Success
TXN-003916,WS/MP18196/2025,D AND GRANDSONS ENGG PVT LTD,1999000.0,2026-07-29,1999000.0 - 1999000.0,0.0,LOW,Payment Success
TXN-003917,WS/MP18196/2025,D AND GRANDSONS ENGG PVT LTD,1999000.0,2026-07-29,1999000.0 - 1999000.0,0.0,LOW,Payment Success
TXN-003918,WS/MP740/2026,SRI BANNARI AMMAN TRADERS,400000.0,2026-07-23,400000.0 - 400000.0,0.0,LOW,Payment Success
TXN-003919,WS/MP18116/2026,A Cube Enterprise,977041.0,2026-07-31,977041.0 - 977041.0,0.0,LOW,Payment Success
TXN-003920,WS/MP18184/2026,PERUMAL P,999494.0,2026-07-21,999494.0 - 999494.0,0.0,LOW,Payment Success
TXN-003921,WS/MP18257/2025,Jana Enterprise,272501.0,2026-07-31,272501.0 - 272501.0,0.0,LOW,Payment Success
TXN-003922,WS/MP18240/2026,BADARI PRASAD SHIKSHA PRASAR SAMITI SUTI SUKARAULI,456500.0,2026-07-18,456500.0 - 456500.0,0.0,LOW,Payment Success
TXN-003923,WS/MP578/2025,OSLAM GRAM PANCHAYT,100000.0,2026-07-22,100000.0 - 100000.0,0.0,LOW,Payment Success
TXN-003924,WS/MP18197/2025,TAPAN KUMAR DHAR,1057226.0,2026-07-21,1057226.0 - 1057226.0,0.0,LOW,Payment Success
TXN-003925,WS/MP18020/2026,IMPVT OF ROAD WITH SAND GRAVELLING FROM HARIS RAY HOUSE TO SARBESWAR,300000.0,2026-07-18,300000.0 - 300000.0,0.0,LOW,Payment Success
TXN-003926,WS/MP18326/2025,GOGLA GRAM PANCHAYAT,498682.0,2026-07-22,498682.0 - 498682.0,0.0,LOW,Payment Success
TXN-003927,WS/MP18020/2026,Rennovtion of community hall at khaija dolaigaon,300000.0,2026-07-18,300000.0 - 300000.0,0.0,LOW,Payment Success
TXN-003928,WS/MP18276/2025,ABHOR GRAM PANCHAYAT,400000.0,2026-07-23,400000.0 - 400000.0,0.0,LOW,Payment Success
TXN-003929,WS/MP692/2026,RUSHABH RAMESH JAGTAP,985879.0,2026-07-20,985879.0 - 985879.0,0.0,LOW,Payment Success
TXN-003930,WS/MP18310/2025,EX SERVICEMEN ASSOCIATION,415577.0,2026-07-23,415577.0 - 415577.0,0.0,LOW,Payment Success
TXN-003931,WS/MP588/2025,HOTHIJI KHADBA GRAM PANCHAYAT,418982.0,2026-08-04,418982.0 - 418982.0,0.0,LOW,Payment Success
TXN-003932,WS/MP18310/2025,MADHUSUDAN PARHI,416871.0,2026-07-22,416871.0 - 416871.0,0.0,LOW,Payment Success
TXN-003933,WS/MP18326/2026,JAYDEEP ENTERPRISE,61200.0,2026-07-20,61200.0 - 61200.0,0.0,LOW,Payment Success
TXN-003934,WS/MP18326/2026,CK ENTERPRISE,330103.0,2026-07-20,330103.0 - 330103.0,0.0,LOW,Payment Success
TXN-003935,WS/MP373/2025,PADMALOCHAN DANDSENA,300000.0,2026-07-21,300000.0 - 300000.0,0.0,LOW,Payment Success
TXN-003936,WS/MP18017/2025,K AND B CONSTRUCTIONS,319060.0,2026-07-27,317968.8 - 322980.0,-0.4413457049923561,LOW,Payment Success
TXN-003937,WS/MP18017/2025,K AND B CONSTRUCTIONS,317696.0,2026-07-27,317968.8 - 322980.0,-0.8669647247954979,LOW,Payment Success
TXN-003938,WS/MP18017/2025,K AND B CONSTRUCTIONS,323960.0,2026-07-23,317968.8 - 322980.0,1.0876375772916578,LOW,Payment Success
TXN-003939,WS/MP18025/2025,JANGOM JYOTI BORA,547800.0,2026-07-23,547800.0 - 547800.0,0.0,LOW,Payment Success
TXN-003940,WS/MP343/2025,KIRAN DAS Y L,551251.0,2026-07-24,551251.0 - 551251.0,0.0,LOW,Payment Success
TXN-003941,WS/MP765/2025,Medoju Venugopal,1108847.0,2026-07-20,1043643.8 - 1996275.0,-27.047590876440513,MEDIUM,Payment Success
TXN-003942,WS/MP765/2025,Medoju Venugopal,1027343.0,2026-07-20,1043643.8 - 1996275.0,-32.409839368077854,MEDIUM,Payment Success
TXN-003943,WS/MP765/2025,Medoju Venugopal,2218132.0,2026-07-20,1043643.8 - 1996275.0,45.93363480629812,MEDIUM,Payment Success
TXN-003944,WS/MP331/2025,SAHIL SHARMA CONTRACTOR,123000.0,2026-07-20,122100.0 - 122900.0,0.40816326530612246,LOW,Payment Success
TXN-003945,WS/MP331/2025,SAHIL SHARMA CONTRACTOR,122000.0,2026-07-20,122100.0 - 122900.0,-0.40816326530612246,LOW,Payment Success
TXN-003946,WS/MP18087/2025,M P CONSTRUCTION,374616.0,2026-07-27,149929.2 - 349650.8,49.97237679650907,MEDIUM,Payment Success
TXN-003947,WS/MP18087/2025,M P CONSTRUCTION,124964.0,2026-07-27,149929.2 - 349650.8,-49.97237679650907,MEDIUM,Payment Success
TXN-003948,WS/MP18008/2025,Sri Vinayaka Constructions,571993.0,2026-07-20,552541.3 - 569831.7,1.9256521673276172,LOW,Payment Success
TXN-003949,WS/MP18008/2026,Sri Vinayaka Constructions,550380.0,2026-07-20,552541.3 - 569831.7,-1.9256521673276172,LOW,Payment Success
TXN-003950,WS/MP18321/2026,BHAJPURA GROUP GRAM PANCHAYAT,300000.0,2026-08-10,300000.0 - 300000.0,0.0,LOW,Payment Success
TXN-003951,WS/MP18326/2025,VEGADAVAV GRAM PANCHAYAT,199331.0,2026-07-28,199331.0 - 199331.0,0.0,LOW,Payment Success
TXN-003952,WS/MP640/2026,gram panchayat shreenagar,100000.0,2026-08-04,100000.0 - 100000.0,0.0,LOW,Payment Success
TXN-003953,WS/MP640/2026,gram panchayat shreenagar,100000.0,2026-08-04,100000.0 - 100000.0,0.0,LOW,Payment Success
TXN-003954,WS/MP640/2026,gram panchayat noni,100000.0,2026-07-27,100000.0 - 100000.0,0.0,LOW,Payment Success
TXN-003955,WS/MP640/2026,gram panchayat khamariya,100000.0,2026-07-27,100000.0 - 100000.0,0.0,LOW,Payment Success
TXN-003956,WS/MP453/2026,Junior Engineer Ramanaguda,250000.0,2026-07-20,250000.0 - 250000.0,0.0,LOW,Payment Success
TXN-003957,WS/MP453/2026,Junior Engineer Ramanaguda,250000.0,2026-08-01,250000.0 - 250000.0,0.0,LOW,Payment Success
TXN-003958,WS/MP453/2026,Assistant EngineerII Ramanaguda block,300000.0,2026-07-22,260000.0 - 460000.0,-16.666666666666664,LOW,Payment Success
TXN-003959,WS/MP453/2026,Assistant EngineerII Ramanaguda block,500000.0,2026-08-01,260000.0 - 460000.0,38.88888888888889,MEDIUM,Payment Success
TXN-003960,WS/MP453/2026,Assistant EngineerII Ramanaguda block,250000.0,2026-07-20,260000.0 - 460000.0,-30.555555555555557,MEDIUM,Payment Success
TXN-003961,WS/MP18055/2025,SARPANCH GRAM PANCHAYAT BODIDR,160000.0,2026-07-29,160000.0 - 160000.0,0.0,LOW,Payment Success
TXN-003962,WS/MP584/2025,NARANPAR ROHA JUTH GRAM PANCHAYAT,400000.0,2026-07-31,400000.0 - 400000.0,0.0,LOW,Payment Success
TXN-003963,WS/MP640/2026,gram panchayat katkuhi,100000.0,2026-08-04,100000.0 - 100000.0,0.0,LOW,Payment Success
TXN-003964,WS/MP18146/2025,MS BDO JHUMPURA ROYALTY AND ADDITIONAL CHARGES,8179.0,2026-07-20,8179.0 - 8179.0,0.0,LOW,Payment Success
TXN-003965,WS/MP18003/2025,PATNAM NAGESH,408727.0,2026-07-20,408727.0 - 408727.0,0.0,LOW,Payment Success
TXN-003966,WS/MP18355/2026,Umesh S,2487158.0,2026-07-21,2487158.0 - 2487158.0,0.0,LOW,Payment Success
TXN-003967,WS/MP18355/2026,Lokesh C,2495309.0,2026-07-21,2495309.0 - 2495309.0,0.0,LOW,Payment Success
TXN-003968,WS/MP716/2025,GURUKIRPA CONTRACTOR,322952.0,2026-07-23,322952.0 - 322952.0,0.0,LOW,Payment Success
TXN-003969,WS/MP18158/2025,Harchand Singh,27000.0,2026-07-30,27000.0 - 27000.0,0.0,LOW,Payment Success
TXN-003970,WS/MP18008/2026,Vejandla Ekambareswara Rao,288231.0,2026-07-31,114635.4 - 268942.6,50.28546996960201,HIGH,Payment Success
TXN-003971,WS/MP18008/2026,Vejandla Ekambareswara Rao,95347.0,2026-07-29,114635.4 - 268942.6,-50.28546996960201,HIGH,Payment Success
TXN-003972,WS/MP329/2026,Daramvir Singh Contractor,405000.0,2026-07-27,405000.0 - 405000.0,0.0,LOW,Payment Success
TXN-003973,WS/MP18065/2025,BABA HARIDAS TRADERS,471613.0,2026-07-26,280070.5 - 450330.5,29.138103589671978,MEDIUM,Payment Success
TXN-003974,WS/MP18065/2025,BABA HARIDAS TRADERS,258788.0,2026-07-26,280070.5 - 450330.5,-29.138103589671978,MEDIUM,Payment Success
TXN-003975,WS/MP18008/2026,Adapa Narayana Reddy,264993.0,2026-07-28,256934.4 - 264097.6,1.7185124905955873,LOW,Payment Success
TXN-003976,WS/MP18008/2026,Adapa Narayana Reddy,256039.0,2026-07-28,256934.4 - 264097.6,-1.7185124905955873,LOW,Payment Success
TXN-003977,WS/MP18170/2025,AEN O M AVVNL REENGUS,134058.0,2026-07-21,134058.0 - 134058.0,0.0,LOW,Payment Success
TXN-003978,WS/MP18228/2025,Tvinkal Saroj,1294054.0,2026-07-22,663704.6 - 1977471.9,-2.009275033304287,LOW,Payment Success
TXN-003979,WS/MP18228/2025,Tvinkal Saroj,1439887.0,2026-07-22,663704.6 - 1977471.9,9.033758251294453,LOW,Payment Success
TXN-003980,WS/MP18228/2025,Tvinkal Saroj,670187.0,2026-07-22,663704.6 - 1977471.9,-49.25087361635998,MEDIUM,Payment Success
TXN-003981,WS/MP18228/2025,Tvinkal Saroj,1307516.0,2026-07-22,663704.6 - 1977471.9,-0.9898808353019952,LOW,Payment Success
TXN-003982,WS/MP18228/2025,Tvinkal Saroj,1939608.0,2026-07-22,663704.6 - 1977471.9,46.87454624861307,MEDIUM,Payment Success
TXN-003983,WS/MP18228/2025,Tvinkal Saroj,648579.0,2026-07-22,663704.6 - 1977471.9,-50.887114132660194,HIGH,Payment Success
TXN-003984,WS/MP18228/2025,Tvinkal Saroj,1447521.0,2026-07-22,663704.6 - 1977471.9,9.611833968687817,LOW,Payment Success
TXN-003985,WS/MP18228/2025,Tvinkal Saroj,2065821.0,2026-07-22,663704.6 - 1977471.9,56.431877990736325,HIGH,Payment Success
TXN-003986,WS/MP18188/2026,SHIVA SAI SC WELFARE ASSOCIATION,499620.0,2026-08-06,499641.7 - 499815.3,-0.021711789501699424,LOW,Payment Success
TXN-003987,WS/MP18188/2026,SHIVA SAI SC WELFARE ASSOCIATION,499837.0,2026-08-06,499641.7 - 499815.3,0.021711789501699424,LOW,Payment Success
TXN-003988,WS/MP18264/2025,Shebbin Sebastian,293794.0,2026-07-21,293794.0 - 293794.0,0.0,LOW,Payment Success
TXN-003989,WS/MP18326/2025,isdra gram panchayat,449439.0,2026-08-03,449439.0 - 449439.0,0.0,LOW,Payment Success
TXN-003990,WS/MP18076/2026,UMESH J,375000.0,2026-07-21,375000.0 - 375000.0,0.0,LOW,Payment Success
TXN-003991,WS/MP18086/2026,K S HARISH KUMAR,187500.0,2026-07-22,187500.0 - 187500.0,0.0,LOW,Payment Success
TXN-003992,WS/MP18324/2025,GRAM PANCHAYAT NAGESHRI,300000.0,2026-08-18,300000.0 - 300000.0,0.0,LOW,Payment Success
TXN-003993,WS/MP440/2025,MOIDU P S,674011.0,2026-07-18,674011.0 - 674011.0,0.0,LOW,Payment Success
TXN-003994,WS/MP428/2026,GRAM PANCHAYAT SANGALI,100000.0,2026-08-22,100000.0 - 100000.0,0.0,LOW,Payment Success
TXN-003995,WS/MP18423/2025,HEADMASTER GUPS KAMBALAKKAD,64000.0,2026-07-18,64000.0 - 64000.0,0.0,LOW,Payment Success
TXN-003996,WS/MP18154/2026,DASHMESH TILE FAACTORY,370000.0,2026-07-20,199000.0 - 351000.0,34.54545454545455,MEDIUM,Payment Success
TXN-003997,WS/MP18154/2025,DASHMESH TILE FAACTORY,180000.0,2026-08-19,199000.0 - 351000.0,-34.54545454545455,MEDIUM,Payment Success
TXN-003998,WS/MP18233/2025,RPS Enterprises,739473.0,2026-07-20,580896.6 - 721853.4,13.524928036845136,LOW,Payment Success
TXN-003999,WS/MP18233/2025,RPS Enterprises,563277.0,2026-07-20,580896.6 - 721853.4,-13.524928036845136,LOW,Payment Success
TXN-004000,WS/MP632/2025,BINSU DANIEL,416286.0,2026-07-20,416286.0 - 416286.0,0.0,LOW,Payment Success
TXN-004001,WS/MP356/2026,Gram Panchayat Gothda,100000.0,2026-07-23,100000.0 - 100000.0,0.0,LOW,Payment Success
TXN-004002,WS/MP353/2025,UNITED FENCE SYSTEMS,1105572.0,2026-08-22,1052568.3 - 1099682.7,2.7363444133607095,LOW,Payment Success
TXN-004003,WS/MP353/2025,UNITED FENCE SYSTEMS,1046679.0,2026-08-22,1052568.3 - 1099682.7,-2.7363444133607095,LOW,Payment Success
TXN-004004,WS/MP18086/2026,MADESHA H,187500.0,2026-07-20,187500.0 - 187500.0,0.0,LOW,Payment Success
TXN-004005,WS/MP372/2025,RAJENDRA PRASAD OJHA,147913.0,2026-07-20,147913.0 - 147913.0,0.0,LOW,Payment Success
TXN-004006,WS/MP021/2025,DAN SINGH NEGI,296948.0,2026-07-19,296948.0 - 296948.0,0.0,LOW,Payment Success
TXN-004007,WS/MP18071/2025,DILIP KUMAR KUSHWAHA JE ZP LATEHAR,249676.0,2026-07-18,249392.5 - 249644.5,0.06312157214795697,LOW,Payment Success
TXN-004008,WS/MP18071/2025,DILIP KUMAR KUSHWAHA JE ZP LATEHAR,249361.0,2026-07-18,249392.5 - 249644.5,-0.06312157214795697,LOW,Payment Success
TXN-004009,WS/MP18092/2025,LINGAPPA,375000.0,2026-07-18,375000.0 - 375000.0,0.0,LOW,Payment Success
TXN-004010,WS/MP18114/2026,Ch Balaji Majur Sahkari Sanstha Limited Kathwada,997184.0,2026-08-19,997184.0 - 997184.0,0.0,LOW,Payment Success
TXN-004011,WS/MP18257/2025,Sahoo Construction,380599.0,2026-07-19,199558.2 - 370207.6,33.598401308046206,MEDIUM,Payment Success
TXN-004012,WS/MP18257/2025,Sahoo Construction,271416.0,2026-07-22,199558.2 - 370207.6,-4.727170356662342,LOW,Payment Success
TXN-004013,WS/MP18257/2025,Sahoo Construction,168762.0,2026-07-22,199558.2 - 370207.6,-40.7609231722929,MEDIUM,Payment Success
TXN-004014,WS/MP18257/2025,Sahoo Construction,345961.0,2026-07-22,199558.2 - 370207.6,21.43972137323791,MEDIUM,Payment Success
TXN-004015,WS/MP18092/2025,SHARANAPPA,375000.0,2026-07-18,375000.0 - 375000.0,0.0,LOW,Payment Success
TXN-004016,WS/MP18092/2025,SHARANAPPA,375000.0,2026-07-18,375000.0 - 375000.0,0.0,LOW,Payment Success
TXN-004017,WS/MP18103/2026,GRAM PANCHAYAT GHATAI,250000.0,2026-07-30,250000.0 - 250000.0,0.0,LOW,Payment Success
TXN-004018,WS/MP18103/2026,GRAM PANCHAYAT KHARAIDAVAR,250000.0,2026-07-30,250000.0 - 250000.0,0.0,LOW,Payment Success
TXN-004019,WS/MP389/2025,VIRMA RAM,6650.0,2026-07-20,6650.0 - 6650.0,0.0,LOW,Payment Success
TXN-004020,WS/MP18103/2026,GRAM PANCHAYAT RAIPUR,250000.0,2026-07-30,250000.0 - 250000.0,0.0,LOW,Payment Success
TXN-004021,WS/MP389/2025,ALPU DEVI,3990.0,2026-07-20,3990.0 - 3990.0,0.0,LOW,Payment Success
TXN-004022,WS/MP18306/2025,DULFIKAR K V,377147.0,2026-07-21,377147.0 - 377147.0,0.0,LOW,Payment Success
TXN-004023,WS/MP389/2025,REKHA DEVI,3990.0,2026-07-20,3990.0 - 3990.0,0.0,LOW,Payment Success
TXN-004024,WS/MP389/2025,MAMATA DEVI,3990.0,2026-07-20,3990.0 - 3990.0,0.0,LOW,Payment Success
TXN-004025,WS/MP389/2025,DOLARAM,13300.0,2026-07-20,13300.0 - 13300.0,0.0,LOW,Payment Success
TXN-004026,WS/MP18206/2026,Dwivedi Traders,486230.0,2026-07-27,486230.0 - 486230.0,0.0,LOW,Payment Success
TXN-004027,WS/MP389/2025,GEETA DEVI,3990.0,2026-07-20,3762.0 - 18354.0,-63.91752577319587,HIGH,Payment Success
TXN-004028,WS/MP389/2025,PUKHRAJ,3990.0,2026-07-20,3990.0 - 3990.0,0.0,LOW,Payment Success
TXN-004029,WS/MP389/2025,RENUKA,3990.0,2026-07-20,3990.0 - 3990.0,0.0,LOW,Payment Success
TXN-004030,WS/MP389/2025,PUSHPA,3990.0,2026-07-20,3990.0 - 3990.0,0.0,LOW,Payment Success
TXN-004031,WS/MP574/2025,MOTI CHANDUR GRAM PANCHAYAT,200000.0,2026-08-10,200000.0 - 200000.0,0.0,LOW,Payment Success
TXN-004032,WS/MP18306/2025,Abdu Sadique I P,471975.0,2026-07-21,471975.0 - 471975.0,0.0,LOW,Payment Success
TXN-004033,WS/MP18064/2025,THE MEHLA COOP LC SOCIETY,134080.0,2026-07-21,134080.0 - 134080.0,0.0,LOW,Payment Success
TXN-004034,WS/MP18346/2025,Mahadev prasad,163113.0,2026-07-17,163113.0 - 163113.0,0.0,LOW,Payment Success
TXN-004035,WS/MP18346/2025,Savita,115834.0,2026-07-24,134641.6 - 269747.2,-42.711568668568475,MEDIUM,Payment Success
TXN-004036,WS/MP18137/2026,Peter Jyrwa,200000.0,2026-07-20,200000.0 - 200000.0,0.0,LOW,Payment Success
TXN-004037,WS/MP18391/2026,Temsuzulu Jamir,1100000.0,2026-08-06,1100000.0 - 1100000.0,0.0,LOW,Payment Success
TXN-004038,WS/MP18391/2026,Pangernukshi,500000.0,2026-08-06,500000.0 - 500000.0,0.0,LOW,Payment Success
TXN-004039,WS/MP18129/2026,PREM SAI MAJUR SAHAKARI SANSTHA MARYADIT,996555.0,2026-07-23,991323.0 - 997131.8,0.23411143165034243,LOW,Payment Success
TXN-004040,WS/MP18129/2026,PREM SAI MAJUR SAHAKARI SANSTHA MARYADIT,997276.0,2026-07-23,991323.0 - 997131.8,0.30663005264187815,LOW,Payment Success
TXN-004041,WS/MP18129/2026,PREM SAI MAJUR SAHAKARI SANSTHA MARYADIT,990015.0,2026-07-23,991323.0 - 997131.8,-0.4236857684670552,LOW,Payment Success
TXN-004042,WS/MP18079/2025,VISHAL,300000.0,2026-07-17,46470.0 - 271830.0,88.50141376060321,HIGH,Payment Success
TXN-004043,WS/MP18159/2025,SHARMA CONTRACTOR,680399.0,2026-07-20,680399.0 - 680399.0,0.0,LOW,Payment Success
TXN-004044,WS/MP18079/2026,UMAKANT,187500.0,2026-07-22,187500.0 - 187500.0,0.0,LOW,Payment Success
TXN-004045,WS/MP18079/2026,Shivkumar,375000.0,2026-07-22,375000.0 - 375000.0,0.0,LOW,Payment Success
TXN-004046,WS/MP18391/2026,R Marlemba Ao,250000.0,2026-07-22,250000.0 - 250000.0,0.0,LOW,Payment Success
TXN-004047,WS/MP18079/2025,PRALHAD,374250.0,2026-07-22,374250.0 - 374250.0,0.0,LOW,Payment Success
TXN-004048,WS/MP18129/2026,AMBIKA MAJOOR SAHAKARI SANSTHA MARYADIT,998925.0,2026-07-23,998925.0 - 998925.0,0.0,LOW,Payment Success
TXN-004049,WS/MP18391/2026,Akummeren Sanglir,250000.0,2026-08-06,250000.0 - 250000.0,0.0,LOW,Payment Success
TXN-004050,WS/MP18026/2026,SURAT BORGOYARY,375000.0,2026-08-07,375000.0 - 375000.0,0.0,LOW,Payment Success
TXN-004051,WS/MP18162/2025,Vinod Kumar Parashar,7452.0,2026-07-28,7452.0 - 7452.0,0.0,LOW,Payment Success
TXN-004052,WS/MP18162/2025,Nand Lal Suthar,7452.0,2026-08-08,7452.0 - 7452.0,0.0,LOW,Payment Success
TXN-004053,WS/MP18162/2025,Bhairu Lal Jat,3588.0,2026-07-28,3588.0 - 3588.0,0.0,LOW,Payment Success
TXN-004054,WS/MP18162/2025,Teena Kumari,7452.0,2026-07-28,7452.0 - 7452.0,0.0,LOW,Payment Success
TXN-004055,WS/MP18162/2025,Sanwar Mal,12114.0,2026-07-28,12114.0 - 12114.0,0.0,LOW,Payment Success
TXN-004056,WS/MP18162/2025,Gayatri Devi,7452.0,2026-07-28,7452.0 - 7452.0,0.0,LOW,Payment Success
TXN-004057,WS/MP18162/2025,Sunita Rebari,7452.0,2026-07-28,7452.0 - 7452.0,0.0,LOW,Payment Success
TXN-004058,WS/MP18162/2025,Prahalad Rebari,20250.0,2026-07-28,20250.0 - 20250.0,0.0,LOW,Payment Success
TXN-004059,WS/MP18162/2025,Noli devi,7452.0,2026-07-28,7452.0 - 7452.0,0.0,LOW,Payment Success
TXN-004060,WS/MP18162/2025,Debi Lal Regar,7452.0,2026-07-28,7452.0 - 7452.0,0.0,LOW,Payment Success
TXN-004061,WS/MP18162/2025,Vimala regar,7452.0,2026-07-28,7452.0 - 7452.0,0.0,LOW,Payment Success
TXN-004062,WS/MP18162/2025,Rup Lal,20250.0,2026-07-28,20250.0 - 20250.0,0.0,LOW,Payment Success
TXN-004063,WS/MP18162/2025,Sanjay Rayaka,7452.0,2026-07-28,7452.0 - 7452.0,0.0,LOW,Payment Success
TXN-004064,WS/MP571/2025,Laxmi Health Agencies,61425.0,2026-08-11,61425.0 - 61425.0,0.0,LOW,Payment Success
TXN-004065,WS/MP18096/2025,MOHANAN E G,1156605.0,2026-07-18,1156605.0 - 1156605.0,0.0,LOW,Payment Success
TXN-004066,WS/MP18162/2025,Seema devi,3640.0,2026-07-25,3640.0 - 3640.0,0.0,LOW,Payment Success
TXN-004067,WS/MP18344/2025,GRAM PANCHAYAT AMARGADH,298300.0,2026-07-23,298300.0 - 298300.0,0.0,LOW,Payment Success
TXN-004068,WS/MP440/2025,Hisana Thasni KV,1818309.0,2026-07-20,1818309.0 - 1818309.0,0.0,LOW,Payment Success
TXN-004069,WS/MP18389/2025,Shanthipriya MPS,496913.0,2026-07-18,496913.0 - 496913.0,0.0,LOW,Payment Success
TXN-004070,WS/MP18103/2026,GRAM PANCHAYAT BAMRA,250000.0,2026-07-30,250000.0 - 250000.0,0.0,LOW,Payment Success
TXN-004071,WS/MP351/2025,N V SURENDRAN,281465.0,2026-07-20,281465.0 - 281465.0,0.0,LOW,Payment Success
TXN-004072,WS/MP18264/2025,Sabu R,273495.0,2026-08-13,273495.0 - 273495.0,0.0,LOW,Payment Success
TXN-004073,WS/MP18022/2025,MEERA ENTERPRISE,500000.0,2026-07-20,500000.0 - 500000.0,0.0,LOW,Payment Success
TXN-004074,WS/MP440/2026,Poweron Buisness Solutions,267960.0,2026-07-17,267960.0 - 267960.0,0.0,LOW,Payment Success
TXN-004075,WS/MP440/2026,SUNRISE ENTERPRISES,49900.0,2026-07-17,49900.0 - 49900.0,0.0,LOW,Payment Success
TXN-004076,WS/MP440/2026,THEJAS TRADING CORPORATION,49899.0,2026-07-17,49899.0 - 49899.0,0.0,LOW,Payment Success
TXN-004077,WS/MP18279/2025,Warsi Medico Systems and Services,106000.0,2026-07-20,106000.0 - 106000.0,0.0,LOW,Payment Success
TXN-004078,WS/MP18053/2026,SOFTHARD INNOVATIONS SOLUTIONS PRIVATE LIMITED,9000000.0,2026-07-17,9000000.0 - 9000000.0,0.0,LOW,Payment Success
TXN-004079,WS/MP18058/2025,VEJALPUR GRAM PANCHYAT,500000.0,2026-08-17,500000.0 - 500000.0,0.0,LOW,Payment Success
TXN-004080,WS/MP323/2025,Gram Panchayat Ratang,294836.0,2026-08-01,294836.0 - 294836.0,0.0,LOW,Payment Success
TXN-004081,WS/MP428/2026,GRAM PANCHAYAT KOYLARJHORI,250000.0,2026-07-23,250000.0 - 250000.0,0.0,LOW,Payment Success
TXN-004082,WS/MP18216/2025,MS SUSHMA CONSTRUCTION,440400.0,2026-07-18,440400.0 - 440400.0,0.0,LOW,Payment Success
TXN-004083,WS/MP18025/2025,MAA ENTERPRISE,134380.0,2026-08-05,134344.0 - 134376.0,0.014885382554331647,LOW,Payment Success
TXN-004084,WS/MP18025/2025,MAA ENTERPRISE,134340.0,2026-08-05,134344.0 - 134376.0,-0.014885382554331647,LOW,Payment Success
TXN-004085,WS/MP18044/2025,CHANDRA KANT MANI,593277.0,2026-07-20,593277.0 - 593277.0,0.0,LOW,Payment Success
TXN-004086,WS/MP18346/2025,MAA PITAMBRA GROUP,321713.0,2026-07-22,321713.0 - 321713.0,0.0,LOW,Payment Success
TXN-004087,WS/MP18103/2026,Gram Panchayat Jaitpur,250000.0,2026-07-30,250000.0 - 250000.0,0.0,LOW,Payment Success
TXN-004088,WS/MP18314/2025,Inderjeet Singh,96600.0,2026-08-04,96600.0 - 96600.0,0.0,LOW,Payment Success
TXN-004089,WS/MP18188/2025,SRI TIRUMALA ELEVATORS AND ENTERPRISES,125000.0,2026-08-01,125000.0 - 125000.0,0.0,LOW,Payment Success
TXN-004090,WS/MP18103/2026,Gram Panchayat Kaikhoda,250000.0,2026-07-23,250000.0 - 250000.0,0.0,LOW,Payment Success
TXN-004091,WS/MP18104/2026,SHRI SANKAT MOCHAN JAN KALYAN SAMITI,180000.0,2026-07-21,180000.0 - 180000.0,0.0,LOW,Payment Success
TXN-004092,WS/MP18134/2025,Ch Shramlaxmi Majur Sah Sanstha Ltd Waladgaon,496027.0,2026-07-29,496027.0 - 496027.0,0.0,LOW,Payment Success
TXN-004093,WS/MP18158/2025,ms Karam Chand hari singh bko,48972.0,2026-07-16,48972.0 - 48972.0,0.0,LOW,Payment Success
TXN-004094,WS/MP18158/2025,ms Karam Chand hari singh bko,48972.0,2026-07-16,48972.0 - 48972.0,0.0,LOW,Payment Success
TXN-004095,WS/MP643/2025,Sudhir Bare,34900.0,2026-07-18,34900.0 - 34900.0,0.0,LOW,Payment Success
TXN-004096,WS/MP643/2025,Dilip Patel,34800.0,2026-07-18,34800.0 - 34800.0,0.0,LOW,Payment Success
TXN-004097,WS/MP18356/2026,RAGHVENDRA MARUTI NAIK,375000.0,2026-07-25,375000.0 - 375000.0,0.0,LOW,Payment Success
TXN-004098,WS/MP18356/2026,VINAYAK MANE,375000.0,2026-07-25,375000.0 - 375000.0,0.0,LOW,Payment Success
TXN-004099,WS/MP18143/2026,PITHA HANSDAH,451220.0,2026-07-16,451220.0 - 451220.0,0.0,LOW,Payment Success
TXN-004100,WS/MP18202/2025,S K ENTERPRISES,967324.0,2026-07-16,78489.4 - 809424.6,117.88686742184488,HIGH,Payment Success
TXN-004101,WS/MP18014/2025,CHERUKURU CHINNA PENCHALAIAH,499887.0,2026-07-27,499887.0 - 499887.0,0.0,LOW,Payment Success
TXN-004102,WS/MP18026/2026,Mr MAHANTA NARZARY,1125000.0,2026-07-16,787500.0 - 1087500.0,20.0,MEDIUM,Payment Success
TXN-004103,WS/MP18026/2026,Mr MAHANTA NARZARY,750000.0,2026-07-27,787500.0 - 1087500.0,-20.0,MEDIUM,Payment Success
TXN-004104,WS/MP18147/2025,BIDYADHARA PATRA,394762.0,2026-07-17,394762.0 - 394762.0,0.0,LOW,Payment Success
TXN-004105,WS/MP18147/2025,BDO KUSUMI,14542.0,2026-07-17,14542.0 - 14542.0,0.0,LOW,Payment Success
TXN-004106,WS/MP18120/2026,Jai hind penting plumber road v building works majur,1981405.0,2026-07-20,1981405.0 - 1981405.0,0.0,LOW,Payment Success
TXN-004107,WS/MP418/2026,BIBI NASRIN,1492019.0,2026-07-16,1492019.0 - 1492019.0,0.0,LOW,Payment Success
TXN-004108,WS/MP353/2025,Biju K Varghese,717530.0,2026-07-22,717530.0 - 717530.0,0.0,LOW,Payment Success
TXN-004109,WS/MP18314/2025,Goyal Sports And Trophy House,45000.0,2026-08-11,45000.0 - 45000.0,0.0,LOW,Payment Success
TXN-004110,WS/MP18134/2025,SHIVSHANKAR MAJOOR SAHAKARI SANSTHA LIMITED,423406.0,2026-07-31,423406.0 - 423406.0,0.0,LOW,Payment Success
TXN-004111,WS/MP18191/2026,MUNGI NAVEEN REDDY,699583.0,2026-07-18,698510.2 - 699463.8,0.08526624958690218,LOW,Payment Success
TXN-004112,WS/MP18191/2024,MUNGI NAVEEN REDDY,698391.0,2026-07-18,698510.2 - 699463.8,-0.08526624958690218,LOW,Payment Success
TXN-004113,WS/MP18429/2026,VED ELECTRICALS,499000.0,2026-08-18,499000.0 - 499000.0,0.0,LOW,Payment Success
TXN-004114,WS/MP18257/2025,AM Construction,298906.0,2026-07-29,298906.0 - 298906.0,0.0,LOW,Payment Success
TXN-004115,WS/MP18429/2026,MAROTI ELECTRICAL,499000.0,2026-08-18,499000.0 - 499000.0,0.0,LOW,Payment Success
TXN-004116,WS/MP18354/2026,MR KURWAN GRAM PANCHAYAT KURWAN,74945.0,2026-07-18,74945.0 - 74945.0,0.0,LOW,Payment Success
TXN-004117,WS/MP18162/2025,Lokesh kumar meena,6440.0,2026-07-25,6440.0 - 6440.0,0.0,LOW,Payment Success
TXN-004118,WS/MP740/2026,KASTHURI SHANMUGAM,1482790.0,2026-07-27,1482790.0 - 1482790.0,0.0,LOW,Payment Success
TXN-004119,WS/MP18051/2026,GP BHAWARCHUWA,350000.0,2026-07-17,350000.0 - 350000.0,0.0,LOW,Payment Success
TXN-004120,WS/MP18146/2026,Gopinath Ram,360096.0,2026-07-15,360096.0 - 360096.0,0.0,LOW,Payment Success
TXN-004121,WS/MP18351/2026,T NAGA BHARGAVA REDDY,499874.0,2026-08-07,499878.1 - 499910.9,-0.004100865282574623,LOW,Payment Success
TXN-004122,WS/MP18351/2026,T NAGA BHARGAVA REDDY,499915.0,2026-08-07,499878.1 - 499910.9,0.004100865282574623,LOW,Payment Success
TXN-004123,WS/MP18099/2026,Khatakhedi,1400000.0,2026-07-20,1400000.0 - 1400000.0,0.0,LOW,Payment Success
TXN-004124,WS/MP18055/2025,Mahadeviya Gram Panchayat,300000.0,2026-07-16,210000.0 - 290000.0,20.0,MEDIUM,Payment Success
TXN-004125,WS/MP18055/2025,Mahadeviya Gram Panchayat,200000.0,2026-07-16,210000.0 - 290000.0,-20.0,MEDIUM,Payment Success
TXN-004126,WS/MP18055/2025,Ghogha Gram Panchayat,200000.0,2026-07-16,200000.0 - 200000.0,0.0,LOW,Payment Success
TXN-004127,WS/MP18161/2025,gp aaju,72855.0,2026-07-15,74292.0 - 85788.0,-8.976761619190404,LOW,Payment Success
TXN-004128,WS/MP18161/2025,gp aaju,87225.0,2026-07-15,74292.0 - 85788.0,8.976761619190404,LOW,Payment Success
TXN-004129,WS/MP18324/2025,JALIYA GRAMPANCHAYAT,299289.0,2026-07-21,299289.0 - 299289.0,0.0,LOW,Payment Success
TXN-004130,WS/MP18311/2025,MS JOSHI ENTERPRISES,40000.0,2026-07-21,40000.0 - 40000.0,0.0,LOW,Payment Success
TXN-004131,WS/MP18311/2025,LAKHAN LAL,58092.0,2026-07-21,58092.0 - 58092.0,0.0,LOW,Payment Success
TXN-004132,WS/MP316/2025,AVINESH KUMAR OJHA,1276416.0,2026-07-15,1276416.0 - 1276416.0,0.0,LOW,Payment Success
TXN-004133,WS/MP18083/2026,PRAKHYATH RAJ SHETTY,297302.0,2026-07-20,228821.7 - 298280.6,12.806185820096013,LOW,Payment Success
TXN-004134,WS/MP18083/2026,PRAKHYATH RAJ SHETTY,298700.0,2026-07-18,228821.7 - 298280.6,13.33663313554123,LOW,Payment Success
TXN-004135,WS/MP18083/2026,PRAKHYATH RAJ SHETTY,296406.0,2026-07-15,228821.7 - 298280.6,12.466213863988063,LOW,Payment Success
TXN-004136,WS/MP588/2026,Vijaypur GP,299590.0,2026-07-15,299590.0 - 299590.0,0.0,LOW,Payment Success
TXN-004137,WS/MP18309/2026,Dilseng A Sangma,300000.0,2026-07-23,300000.0 - 300000.0,0.0,LOW,Payment Success
TXN-004138,WS/MP021/2025,CHANDAN SINGH,18375.0,2026-07-20,52700.0 - 190800.0,-84.90759753593429,HIGH,Payment Success
TXN-004139,WS/MP021/2025,HARISH CHANDRA,18375.0,2026-07-20,18375.0 - 18375.0,0.0,LOW,Payment Success
TXN-004140,WS/MP18194/2025,Syed Rahamathulla,499927.0,2026-07-15,499927.0 - 499927.0,0.0,LOW,Payment Success
TXN-004141,WS/MP021/2025,MAMTA BISHT,9072.0,2026-07-20,9072.0 - 9072.0,0.0,LOW,Payment Success
TXN-004142,WS/MP021/2025,NEELAM,9072.0,2026-07-20,9994.8 - 17377.2,-33.71328364752302,MEDIUM,Payment Success
TXN-004143,WS/MP667/2025,VINAYAK ANANDRAV INGAVLE,1000000.0,2026-07-27,1000000.0 - 1000000.0,0.0,LOW,Payment Success
TXN-004144,WS/MP021/2025,GUDDI DEVI,9072.0,2026-07-20,6022.8 - 799053.2,-97.74629972822441,HIGH,Payment Success
TXN-004145,WS/MP021/2025,KAMLA DEVI,9072.0,2026-07-20,4498.2 - 8563.8,38.90675241157556,MEDIUM,Payment Success
TXN-004146,WS/MP021/2025,LEELA DEVI,9072.0,2026-07-20,10359.3 - 20657.7,-41.50304671631686,MEDIUM,Payment Success
TXN-004147,WS/MP021/2025,SONA DEVI,9072.0,2026-07-20,9072.0 - 9072.0,0.0,LOW,Payment Success
TXN-004148,WS/MP021/2025,TEJ SINGH,18375.0,2026-07-20,18375.0 - 18375.0,0.0,LOW,Payment Success
TXN-004149,WS/MP579/2026,OUM SAI CONSTRUCTION,300000.0,2026-07-15,300000.0 - 300000.0,0.0,LOW,Payment Success
TXN-004150,WS/MP18054/2025,CHITRODA MOTA GRAM PANCHAYAT,220000.0,2026-07-16,220000.0 - 220000.0,0.0,LOW,Payment Success
TXN-004151,WS/MP18054/2025,VADU GRAM PANCHAYAT,120000.0,2026-07-16,120000.0 - 120000.0,0.0,LOW,Payment Success
TXN-004152,WS/MP18187/2025,Chennaboina Anil Kumar,500000.0,2026-07-16,500000.0 - 500000.0,0.0,LOW,Payment Success
TXN-004153,WS/MP372/2025,BHABANI SHANKAR BARIK,500000.0,2026-07-17,500000.0 - 500000.0,0.0,LOW,Payment Success
TXN-004154,WS/MP18065/2025,THE SAHIL CO OPERATIVE LABOUR AND CONSTRUCTION SOCIETY LTD,488013.0,2026-07-16,488013.0 - 488013.0,0.0,LOW,Payment Success
TXN-004155,WS/MP568/2026,SARPANCH SACHIV GRAM PANCHAYAT GANYARI,400000.0,2026-07-30,400000.0 - 400000.0,0.0,LOW,Payment Success
TXN-004156,WS/MP18429/2026,GRAM PANCHAYAT KARYALAY HANGARGA TQ NAIGAON,695903.0,2026-08-05,695903.0 - 695903.0,0.0,LOW,Payment Success
TXN-004157,WS/MP18352/2025,APRAJITA CONSTRUCTION,898254.0,2026-07-17,898254.0 - 898254.0,0.0,LOW,Payment Success
TXN-004158,WS/MP18104/2025,YOGENDRA KUMAR PATEL,148020.0,2026-07-21,148020.0 - 148020.0,0.0,LOW,Payment Success
TXN-004159,WS/MP347/2025,PRAKASH,856398.0,2026-07-16,958258.2 - 1773139.8,-37.29233161919281,MEDIUM,Payment Success
TXN-004160,WS/MP18023/2026,Biju Hussain,98737.0,2026-08-04,29010.4 - 90989.6,64.56166666666667,HIGH,Payment Success
TXN-004161,WS/MP18023/2026,Biju Hussain,21263.0,2026-08-07,29010.4 - 90989.6,-64.56166666666667,HIGH,Payment Success
TXN-004162,WS/MP18023/2026,PJB BRICKS INDUSTRY,353421.0,2026-08-19,353421.0 - 353421.0,0.0,LOW,Payment Success
TXN-004163,WS/MP585/2026,SARPANCH SHREE MAGODI GRAM PANCHAYAT,350000.0,2026-07-16,350000.0 - 350000.0,0.0,LOW,Payment Success
TXN-004164,WS/MP18379/2026,S S Traders,2389000.0,2026-07-14,2389000.0 - 2389000.0,0.0,LOW,Payment Success
TXN-004165,WS/MP18264/2024,Sasidharan K N,392894.0,2026-07-16,392894.0 - 392894.0,0.0,LOW,Payment Success
TXN-004166,WS/MP681/2026,NITIN VISHNU SURWASE,699900.0,2026-08-11,699900.0 - 699900.0,0.0,LOW,Payment Success
TXN-004167,WS/MP18337/2025,PRABHAKARAN K,2353898.0,2026-07-18,2353898.0 - 2353898.0,0.0,LOW,Payment Success
TXN-004168,WS/MP18051/2026,GP BIRSINGPALI,250000.0,2026-07-15,250000.0 - 250000.0,0.0,LOW,Payment Success
TXN-004169,WS/MP18051/2026,GP BIRSINGPALI,250000.0,2026-07-15,250000.0 - 250000.0,0.0,LOW,Payment Success
TXN-004170,WS/MP577/2025,GRAM PANCHAYAT GANGARDI,245831.0,2026-07-14,245831.0 - 245831.0,0.0,LOW,Payment Success
TXN-004171,WS/MP18379/2025,Bombay Sports Syndicate,200000.0,2026-07-14,200000.0 - 200000.0,0.0,LOW,Payment Success
TXN-004172,WS/MP18379/2025,NEW SYNDICATE SPORTS,197670.0,2026-07-15,139404.0 - 191196.0,19.58257713248639,LOW,Payment Success
TXN-004173,WS/MP18379/2025,NEW SYNDICATE SPORTS,132930.0,2026-07-15,139404.0 - 191196.0,-19.58257713248639,LOW,Payment Success
TXN-004174,WS/MP18429/2026,Shubham Shankar Gaikwad,499908.0,2026-07-17,499908.0 - 499908.0,0.0,LOW,Payment Success
TXN-004175,WS/MP331/2025,Pankaj Sharma,210400.0,2026-07-13,210400.0 - 210400.0,0.0,LOW,Payment Success
TXN-004176,WS/MP18237/2025,satya dev construction co,619109.0,2026-07-25,555275.3 - 1337936.2,-34.596953377897826,MEDIUM,Payment Success
TXN-004177,WS/MP18237/2025,satya dev construction co,527918.0,2026-07-15,555275.3 - 1337936.2,-44.23042539092965,MEDIUM,Payment Success
TXN-004178,WS/MP18237/2025,satya dev construction co,703186.0,2026-07-14,555275.3 - 1337936.2,-25.715008597824397,MEDIUM,Payment Success
TXN-004179,WS/MP18237/2025,satya dev construction co,1609972.0,2026-07-14,555275.3 - 1337936.2,70.07840909481057,HIGH,Payment Success
TXN-004180,WS/MP18237/2025,GURU Construction company,641506.0,2026-07-15,641506.0 - 641506.0,0.0,LOW,Payment Success
TXN-004181,WS/MP18237/2025,M A construction,2201356.0,2026-07-14,2201356.0 - 2201356.0,0.0,LOW,Payment Success
TXN-004182,WS/MP18237/2025,SR Enterprises prop shahrukh,373538.0,2026-07-15,373538.0 - 373538.0,0.0,LOW,Payment Success
TXN-004183,WS/MP18429/2026,Mohammed Mehrooz Farhan Md Muneer Ahmed,495937.0,2026-08-03,495937.0 - 495937.0,0.0,LOW,Payment Success
TXN-004184,WS/MP345/2025,MATHEW M,433152.0,2026-07-14,433152.0 - 433152.0,0.0,LOW,Payment Success
TXN-004185,WS/MP18155/2025,Sukhdeep so of Birbal,3000.0,2026-07-13,3000.0 - 3000.0,0.0,LOW,Payment Success
TXN-004186,WS/MP18314/2025,GOYAL CRUCIBLE HOUSE,98590.0,2026-08-10,98590.0 - 98590.0,0.0,LOW,Payment Success
TXN-004187,WS/MP692/2026,Supriya Ashok Bhosale,798957.0,2026-07-21,798957.0 - 798957.0,0.0,LOW,Payment Success
TXN-004188,WS/MP18314/2025,SHAMSHER SINGH,51590.0,2026-08-10,51590.0 - 51590.0,0.0,LOW,Payment Success
TXN-004189,WS/MP18228/2026,Fatma Begum,300000.0,2026-07-14,300000.0 - 300000.0,0.0,LOW,Payment Success
TXN-004190,WS/MP18355/2026,ANJANADRI ENTERPRISES,498667.0,2026-07-13,498667.0 - 498667.0,0.0,LOW,Payment Success
TXN-004191,WS/MP021/2025,sarfraz khan,17850.0,2026-07-20,17850.0 - 17850.0,0.0,LOW,Payment Success
TXN-004192,WS/MP18257/2025,P B Construction prop Dilip Bhunia,447167.0,2026-07-14,447167.0 - 447167.0,0.0,LOW,Payment Success
TXN-004193,WS/MP021/2025,RAJESH BISHT,17850.0,2026-07-20,17850.0 - 17850.0,0.0,LOW,Payment Success
TXN-004194,WS/MP485/2024,TANISA ENTERPRISE,434369.0,2026-07-14,434369.0 - 434369.0,0.0,LOW,Payment Success
TXN-004195,WS/MP021/2025,KAMLESH SINGH,8568.0,2026-07-20,8568.0 - 8568.0,0.0,LOW,Payment Success
TXN-004196,WS/MP18127/2025,GANESH SOMNATH AVHAD,978000.0,2026-07-16,978000.0 - 978000.0,0.0,LOW,Payment Success
TXN-004197,WS/MP021/2025,FARAJ KHAN,17850.0,2026-07-20,17850.0 - 17850.0,0.0,LOW,Payment Success
TXN-004198,WS/MP346/2025,Sajeeesh kumar,403398.0,2026-07-14,403398.0 - 403398.0,0.0,LOW,Payment Success
TXN-004199,WS/MP18159/2026,RAATH AUTOMOTIVES PVT LTD,1833174.0,2026-07-12,1833174.0 - 1833174.0,0.0,LOW,Payment Success
TXN-004200,WS/MP18159/2026,TEHADKIYA ENTERPRISES,917268.0,2026-07-22,812034.6 - 905575.4,6.807482490204412,LOW,Payment Success
TXN-004201,WS/MP18159/2026,TEHADKIYA ENTERPRISES,800342.0,2026-07-27,812034.6 - 905575.4,-6.807482490204412,LOW,Payment Success
TXN-004202,WS/MP18350/2025,RAJ KUMAR GHADAIPATRO,400000.0,2026-07-17,400000.0 - 400000.0,0.0,LOW,Payment Success
TXN-004203,WS/MP453/2024,JE PANCHAYAT SAMITI DASAMANTPUR,300000.0,2026-07-29,300000.0 - 300000.0,0.0,LOW,Payment Success
TXN-004204,WS/MP18004/2025,BALAGA SRIRAMULU,271619.0,2026-07-12,160649.0 - 259289.0,29.36147717043945,MEDIUM,Payment Success
TXN-004205,WS/MP18004/2025,BALAGA SRIRAMULU,148319.0,2026-07-12,160649.0 - 259289.0,-29.36147717043945,MEDIUM,Payment Success
TXN-004206,WS/MP18335/2025,SARPANCH SACHIV GP DEVGARH,175000.0,2026-07-31,175000.0 - 175000.0,0.0,LOW,Payment Success
TXN-004207,WS/MP18003/2025,S KHALENDAR BASHA,499058.0,2026-08-01,499058.0 - 499058.0,0.0,LOW,Payment Success
TXN-004208,WS/MP18352/2026,shiv shakti construction and order supplier,1895080.0,2026-08-05,1895080.0 - 1895080.0,0.0,LOW,Payment Success
TXN-004209,WS/MP458/2026,S SYED SIRAJUDEEN,1000000.0,2026-07-22,1000000.0 - 1000000.0,0.0,LOW,Payment Success
TXN-004210,WS/MP017/2026,VIGNESHWARAN,1900000.0,2026-07-29,1900000.0 - 1900000.0,0.0,LOW,Payment Success
TXN-004211,WS/MP761/2026,Markanti Sathish,116872.0,2026-07-15,116872.0 - 116872.0,0.0,LOW,Payment Success
TXN-004212,WS/MP18222/2025,RAJENDRA KUMAR YADAV,1195245.0,2026-07-18,1195245.0 - 1195245.0,0.0,LOW,Payment Success
TXN-004213,WS/MP386/2026,LADOLI GRAM SEWVA SHAKARI SAMITI LIMITED,350000.0,2026-08-07,350000.0 - 350000.0,0.0,LOW,Payment Success
TXN-004214,WS/MP373/2025,UMESH BHUE,238065.0,2026-07-15,238065.0 - 238065.0,0.0,LOW,Payment Success
TXN-004215,WS/MP18154/2025,Gurkirpa Steel,37398.0,2026-07-17,37398.0 - 37398.0,0.0,LOW,Payment Success
TXN-004216,WS/MP18344/2025,Gadhvana Gram Panchayat,246176.0,2026-07-17,246176.0 - 246176.0,0.0,LOW,Payment Success
TXN-004217,WS/MP18155/2025,Balram Singh Mehrowal,16000.0,2026-07-13,16000.0 - 16000.0,0.0,LOW,Payment Success
TXN-004218,WS/MP18320/2026,JUNI BHILDI GRAM PANCHAYAT,500000.0,2026-07-14,500000.0 - 500000.0,0.0,LOW,Payment Success
TXN-004219,WS/MP18155/2025,sarabjit cement store vill baddon,29008.0,2026-07-13,10585.6 - 65868.0,-24.116065168939073,MEDIUM,Payment Success
TXN-004220,WS/MP18155/2025,sarabjit cement store vill baddon,5980.0,2026-08-07,10585.6 - 65868.0,-84.35652474180418,HIGH,Payment Success
TXN-004221,WS/MP18155/2025,sarabjit cement store vill baddon,75083.0,2026-08-07,10585.6 - 65868.0,96.4145573262737,HIGH,Payment Success
TXN-004222,WS/MP722/2025,dayaram,27300.0,2026-07-19,27300.0 - 27300.0,0.0,LOW,Payment Success
TXN-004223,WS/MP722/2025,shivani,11700.0,2026-07-19,77293.6 - 602042.4,-96.55546003744834,HIGH,Payment Success
TXN-004224,WS/MP722/2025,shyam sundar,11700.0,2026-07-19,11700.0 - 11700.0,0.0,LOW,Payment Success
TXN-004225,WS/MP722/2025,Ram kanwari,11700.0,2026-07-19,11700.0 - 11700.0,0.0,LOW,Payment Success
TXN-004226,WS/MP722/2025,TEJMAL,27300.0,2026-07-19,27300.0 - 27300.0,0.0,LOW,Payment Success
TXN-004227,WS/MP722/2025,KAMLESH BAI,11700.0,2026-07-19,11700.0 - 11700.0,0.0,LOW,Payment Success
TXN-004228,WS/MP722/2025,HEMLATA,11700.0,2026-07-19,12140.4 - 15663.6,-15.839447561501943,LOW,Payment Success
TXN-004229,WS/MP722/2025,DIVYA,7800.0,2026-07-19,7800.0 - 7800.0,0.0,LOW,Payment Success
TXN-004230,WS/MP722/2025,HIMANSHI,10800.0,2026-07-19,10800.0 - 10800.0,0.0,LOW,Payment Success
TXN-004231,WS/MP722/2025,ASHISH,11700.0,2026-07-19,11700.0 - 11700.0,0.0,LOW,Payment Success
TXN-004232,WS/MP722/2025,DINESH,11700.0,2026-07-19,11700.0 - 11700.0,0.0,LOW,Payment Success
TXN-004233,WS/MP722/2025,KANTI BAI,11700.0,2026-07-19,11700.0 - 11700.0,0.0,LOW,Payment Success
TXN-004234,WS/MP722/2025,RATANLAL,25200.0,2026-07-19,25200.0 - 25200.0,0.0,LOW,Payment Success
TXN-004235,WS/MP722/2025,PREM BAI,11700.0,2026-07-19,11700.0 - 11700.0,0.0,LOW,Payment Success
TXN-004236,WS/MP722/2025,RAMCHANDRA,11700.0,2026-07-19,11700.0 - 11700.0,0.0,LOW,Payment Success
TXN-004237,WS/MP722/2025,TARACHAND,11700.0,2026-07-19,11700.0 - 11700.0,0.0,LOW,Payment Success
TXN-004238,WS/MP722/2025,BASANTI,11700.0,2026-07-19,11700.0 - 11700.0,0.0,LOW,Payment Success
TXN-004239,WS/MP478/2024,Jain Industries,239085.0,2026-07-14,239085.0 - 239085.0,0.0,LOW,Payment Success
TXN-004240,WS/MP413/2025,RAJU YADAV,396117.0,2026-07-22,396117.0 - 396117.0,0.0,LOW,Payment Success
TXN-004241,WS/MP18229/2026,EE EUDD 1,208800.0,2026-07-25,208800.0 - 208800.0,0.0,LOW,Payment Success
TXN-004242,WS/MP18214/2025,DHRUV SINGH CONTRACTOR AND SUPPLIER,345740.0,2026-07-17,345740.0 - 345740.0,0.0,LOW,Payment Success
TXN-004243,WS/MP18214/2025,DHRUV SINGH CONTRACTOR AND SUPPLIER,345740.0,2026-07-17,345740.0 - 345740.0,0.0,LOW,Payment Success
TXN-004244,WS/MP18214/2025,DHRUV SINGH CONTRACTOR AND SUPPLIER,345740.0,2026-07-17,345740.0 - 345740.0,0.0,LOW,Payment Success
TXN-004245,WS/MP18429/2026,GRAM PANCHAYAT KARYALAYA KHANDGAON HAMID,494000.0,2026-07-15,494000.0 - 494000.0,0.0,LOW,Payment Success
TXN-004246,WS/MP18275/2025,Ravi Realcon Pvt Ltd,2482831.0,2026-07-14,2482831.0 - 2482831.0,0.0,LOW,Payment Success
TXN-004247,WS/MP18191/2025,P Raghavendar Reddy,248054.0,2026-08-07,248054.0 - 248054.0,0.0,LOW,Payment Success
TXN-004248,WS/MP18191/2025,P Raghavendar Reddy,248054.0,2026-08-07,248054.0 - 248054.0,0.0,LOW,Payment Success
TXN-004249,WS/MP418/2026,BSDEV INFRATECH INIDA PRIVATE LIMITED,796000.0,2026-07-15,796000.0 - 796000.0,0.0,LOW,Payment Success
TXN-004250,WS/MP418/2026,BSDEV INFRATECH INIDA PRIVATE LIMITED,796000.0,2026-07-15,796000.0 - 796000.0,0.0,LOW,Payment Success
TXN-004251,WS/MP418/2026,BSDEV INFRATECH INIDA PRIVATE LIMITED,796000.0,2026-07-15,796000.0 - 796000.0,0.0,LOW,Payment Success
TXN-004252,WS/MP418/2026,BSDEV INFRATECH INIDA PRIVATE LIMITED,796000.0,2026-07-15,796000.0 - 796000.0,0.0,LOW,Payment Success
TXN-004253,WS/MP418/2026,BSDEV INFRATECH INIDA PRIVATE LIMITED,796000.0,2026-07-15,796000.0 - 796000.0,0.0,LOW,Payment Success
TXN-004254,WS/MP418/2026,BSDEV INFRATECH INIDA PRIVATE LIMITED,796000.0,2026-07-15,796000.0 - 796000.0,0.0,LOW,Payment Success
TXN-004255,WS/MP418/2026,BSDEV INFRATECH INIDA PRIVATE LIMITED,796000.0,2026-07-15,796000.0 - 796000.0,0.0,LOW,Payment Success
TXN-004256,WS/MP418/2026,BSDEV INFRATECH INIDA PRIVATE LIMITED,796000.0,2026-07-15,796000.0 - 796000.0,0.0,LOW,Payment Success
TXN-004257,WS/MP418/2026,BSDEV INFRATECH INIDA PRIVATE LIMITED,796000.0,2026-07-15,796000.0 - 796000.0,0.0,LOW,Payment Success
TXN-004258,WS/MP418/2026,BSDEV INFRATECH INIDA PRIVATE LIMITED,796000.0,2026-07-15,796000.0 - 796000.0,0.0,LOW,Payment Success
TXN-004259,WS/MP418/2026,BSDEV INFRATECH INIDA PRIVATE LIMITED,796000.0,2026-07-31,796000.0 - 796000.0,0.0,LOW,Payment Success
TXN-004260,WS/MP418/2026,BSDEV INFRATECH INIDA PRIVATE LIMITED,796000.0,2026-07-31,796000.0 - 796000.0,0.0,LOW,Payment Success
TXN-004261,WS/MP418/2026,BSDEV INFRATECH INIDA PRIVATE LIMITED,796000.0,2026-07-31,796000.0 - 796000.0,0.0,LOW,Payment Success
TXN-004262,WS/MP418/2026,BSDEV INFRATECH INIDA PRIVATE LIMITED,796000.0,2026-07-31,796000.0 - 796000.0,0.0,LOW,Payment Success
TXN-004263,WS/MP418/2026,BSDEV INFRATECH INIDA PRIVATE LIMITED,796000.0,2026-08-01,796000.0 - 796000.0,0.0,LOW,Payment Success
TXN-004264,WS/MP418/2026,BSDEV INFRATECH INIDA PRIVATE LIMITED,796000.0,2026-08-01,796000.0 - 796000.0,0.0,LOW,Payment Success
TXN-004265,WS/MP418/2026,BSDEV INFRATECH INIDA PRIVATE LIMITED,796000.0,2026-08-01,796000.0 - 796000.0,0.0,LOW,Payment Success
TXN-004266,WS/MP418/2026,BSDEV INFRATECH INIDA PRIVATE LIMITED,796000.0,2026-07-31,796000.0 - 796000.0,0.0,LOW,Payment Success
TXN-004267,WS/MP418/2026,BSDEV INFRATECH INIDA PRIVATE LIMITED,796000.0,2026-07-31,796000.0 - 796000.0,0.0,LOW,Payment Success
TXN-004268,WS/MP418/2026,BSDEV INFRATECH INIDA PRIVATE LIMITED,796000.0,2026-07-31,796000.0 - 796000.0,0.0,LOW,Payment Success
TXN-004269,WS/MP418/2026,BSDEV INFRATECH INIDA PRIVATE LIMITED,796000.0,2026-07-31,796000.0 - 796000.0,0.0,LOW,Payment Success
TXN-004270,WS/MP418/2026,BSDEV INFRATECH INIDA PRIVATE LIMITED,796000.0,2026-07-31,796000.0 - 796000.0,0.0,LOW,Payment Success
TXN-004271,WS/MP418/2026,BSDEV INFRATECH INIDA PRIVATE LIMITED,796000.0,2026-08-01,796000.0 - 796000.0,0.0,LOW,Payment Success
TXN-004272,WS/MP418/2026,BSDEV INFRATECH INIDA PRIVATE LIMITED,796000.0,2026-08-01,796000.0 - 796000.0,0.0,LOW,Payment Success
TXN-004273,WS/MP418/2026,BSDEV INFRATECH INIDA PRIVATE LIMITED,796000.0,2026-08-01,796000.0 - 796000.0,0.0,LOW,Payment Success
TXN-004274,WS/MP418/2026,BSDEV INFRATECH INIDA PRIVATE LIMITED,796000.0,2026-08-01,796000.0 - 796000.0,0.0,LOW,Payment Success
TXN-004275,WS/MP418/2026,BSDEV INFRATECH INIDA PRIVATE LIMITED,796000.0,2026-08-01,796000.0 - 796000.0,0.0,LOW,Payment Success
TXN-004276,WS/MP418/2026,BSDEV INFRATECH INIDA PRIVATE LIMITED,796000.0,2026-08-01,796000.0 - 796000.0,0.0,LOW,Payment Success
TXN-004277,WS/MP18311/2026,ZIMIDARA AGRO STORE,41427.0,2026-07-14,43150.8 - 56202.8,-16.606947307395007,LOW,Payment Success
TXN-004278,WS/MP18311/2026,ZIMIDARA AGRO STORE,50046.0,2026-07-14,43150.8 - 56202.8,0.7432040711156859,LOW,Payment Success
TXN-004279,WS/MP18311/2026,ZIMIDARA AGRO STORE,57742.0,2026-07-14,43150.8 - 56202.8,16.235345271837147,LOW,Payment Success
TXN-004280,WS/MP18309/2026,Dilseng M Sangma,250000.0,2026-07-23,250000.0 - 250000.0,0.0,LOW,Payment Success
TXN-004281,WS/MP18311/2026,CT Industries,18020.0,2026-07-14,18020.0 - 18020.0,0.0,LOW,Payment Success
TXN-004282,WS/MP575/2025,UNIQUE ELECTRICAL,498000.0,2026-07-14,498000.0 - 498000.0,0.0,LOW,Payment Success
TXN-004283,WS/MP18014/2025,Dasari Murali,499736.0,2026-07-22,499736.0 - 499736.0,0.0,LOW,Payment Success
TXN-004284,WS/MP18127/2025,CHAITALI DNYANESHWAR SANGALE,988000.0,2026-08-20,988000.0 - 988000.0,0.0,LOW,Payment Success
TXN-004285,WS/MP18014/2025,Shaik Rafi,297171.0,2026-07-27,297171.0 - 297171.0,0.0,LOW,Payment Success
TXN-004286,WS/MP18338/2025,Thandu Saidulu,500000.0,2026-07-13,500000.0 - 500000.0,0.0,LOW,Payment Success
TXN-004287,WS/MP18338/2025,Thandu Saidulu,500000.0,2026-07-13,500000.0 - 500000.0,0.0,LOW,Payment Success
TXN-004288,WS/MP18276/2025,CHHALVANT JUTH GRAM PANCHAYAT,150000.0,2026-07-12,150000.0 - 150000.0,0.0,LOW,Payment Success
TXN-004289,WS/MP18163/2025,PIYUSH ELECTRICALS,465244.0,2026-07-10,465244.0 - 465244.0,0.0,LOW,Payment Success
TXN-004290,WS/MP18163/2025,PIYUSH ELECTRICALS,465244.0,2026-07-10,465244.0 - 465244.0,0.0,LOW,Payment Success
TXN-004291,WS/MP716/2025,MAA CHINTPURNI TRADERS,81804.0,2026-07-13,82078.0 - 158686.5,-32.04646033779897,MEDIUM,Payment Success
TXN-004292,WS/MP716/2025,MAA CHINTPURNI TRADERS,82352.0,2026-07-14,82078.0 - 158686.5,-31.59124372571538,MEDIUM,Payment Success
TXN-004293,WS/MP716/2025,MAA CHINTPURNI TRADERS,82352.0,2026-07-14,82078.0 - 158686.5,-31.59124372571538,MEDIUM,Payment Success
TXN-004294,WS/MP716/2025,MAA CHINTPURNI TRADERS,82352.0,2026-07-14,82078.0 - 158686.5,-31.59124372571538,MEDIUM,Payment Success
TXN-004295,WS/MP716/2025,MAA CHINTPURNI TRADERS,235021.0,2026-07-14,82078.0 - 158686.5,95.22894778922972,HIGH,Payment Success
TXN-004296,WS/MP716/2025,MAA CHINTPURNI TRADERS,82352.0,2026-07-14,82078.0 - 158686.5,-31.59124372571538,MEDIUM,Payment Success
TXN-004297,WS/MP428/2026,MS INDRANI POWER,1176892.0,2026-07-22,1176892.0 - 1176892.0,0.0,LOW,Payment Success
TXN-004298,WS/MP18148/2025,Pratik Pravupada Parida,288894.0,2026-07-17,310004.6 - 478889.4,-26.75974211998063,MEDIUM,Payment Success
TXN-004299,WS/MP18148/2025,Pratik Pravupada Parida,500000.0,2026-07-17,310004.6 - 478889.4,26.75974211998063,MEDIUM,Payment Success
TXN-004300,WS/MP638/2026,GRAM PANCHAYAT DAURIYA,180000.0,2026-07-14,180000.0 - 180000.0,0.0,LOW,Payment Success
TXN-004301,WS/MP642/2026,SHREE KRIPA ENTERPRISES SATNA,63837.0,2026-07-17,75363.0 - 259005.6,-61.81639065390709,HIGH,Payment Success
TXN-004302,WS/MP642/2026,SHREE KRIPA ENTERPRISES SATNA,233533.0,2026-07-14,75363.0 - 259005.6,39.685963335073936,MEDIUM,Payment Success
TXN-004303,WS/MP642/2026,SHREE KRIPA ENTERPRISES SATNA,73031.0,2026-07-14,75363.0 - 259005.6,-56.31707044261931,HIGH,Payment Success
TXN-004304,WS/MP642/2026,SHREE KRIPA ENTERPRISES SATNA,214303.0,2026-07-19,75363.0 - 259005.6,28.18368710459057,MEDIUM,Payment Success
TXN-004305,WS/MP642/2026,SHREE KRIPA ENTERPRISES SATNA,75946.0,2026-07-19,75363.0 - 259005.6,-54.57348566821166,HIGH,Payment Success
TXN-004306,WS/MP642/2026,SHREE KRIPA ENTERPRISES SATNA,247050.0,2026-07-19,75363.0 - 259005.6,47.77105266463419,MEDIUM,Payment Success
TXN-004307,WS/MP642/2026,SHREE KRIPA ENTERPRISES SATNA,466151.0,2026-07-19,75363.0 - 259005.6,178.82462647509368,HIGH,Payment Success
TXN-004308,WS/MP642/2026,SHREE KRIPA ENTERPRISES SATNA,92774.0,2026-07-19,75363.0 - 259005.6,-44.507947217531786,MEDIUM,Payment Success
TXN-004309,WS/MP642/2026,SHREE KRIPA ENTERPRISES SATNA,203760.0,2026-07-19,75363.0 - 259005.6,21.877472944528893,MEDIUM,Payment Success
TXN-004310,WS/MP642/2026,SHREE KRIPA ENTERPRISES SATNA,212455.0,2026-07-19,75363.0 - 259005.6,27.07832015326799,MEDIUM,Payment Success
TXN-004311,WS/MP642/2026,SHREE KRIPA ENTERPRISES SATNA,267660.0,2026-07-19,75363.0 - 259005.6,60.09876525487143,HIGH,Payment Success
TXN-004312,WS/MP642/2026,SHREE KRIPA ENTERPRISES SATNA,194899.0,2026-07-19,75363.0 - 259005.6,16.577334115703458,LOW,Payment Success
TXN-004313,WS/MP642/2026,SHREE KRIPA ENTERPRISES SATNA,194842.0,2026-07-19,75363.0 - 259005.6,16.543240005191883,LOW,Payment Success
TXN-004314,WS/MP18097/2025,SECRETARY PATTIAM GRAMAPANCHAYATH,116600.0,2026-08-20,116600.0 - 116600.0,0.0,LOW,Payment Success
TXN-004315,WS/MP585/2025,Gayatri Engineering Company,337854.0,2026-07-10,337854.0 - 337854.0,0.0,LOW,Payment Success
TXN-004316,WS/MP584/2025,HARIPAR KERALA GRAM PANCHAYAT,400000.0,2026-08-11,400000.0 - 400000.0,0.0,LOW,Payment Success
TXN-004317,WS/MP18389/2025,Kristhu Mahlia Pudupu Sangam,499000.0,2026-07-08,499000.0 - 499000.0,0.0,LOW,Payment Success
TXN-004318,WS/MP18311/2025,Dashmesh brick traders,42400.0,2026-08-24,42400.0 - 42400.0,0.0,LOW,Payment Success
TXN-004319,WS/MP18049/2025,RELIABLE TRADERS,410242.0,2026-07-09,410242.0 - 410242.0,0.0,LOW,Payment Success
TXN-004320,WS/MP18049/2025,RAJKUMAR TIWARI,3170432.0,2026-07-13,3170432.0 - 3170432.0,0.0,LOW,Payment Success
TXN-004321,WS/MP18324/2025,utvad gram Panchayat,200000.0,2026-08-11,200000.0 - 200000.0,0.0,LOW,Payment Success
TXN-004322,WS/MP021/2025,puran singh,18900.0,2026-07-10,9601.2 - 17866.8,37.61467889908257,MEDIUM,Payment Success
TXN-004323,WS/MP18200/2026,GRAMPANCHAYAT ROHSIBUJURG SANSADNIDHI,337500.0,2026-07-30,337500.0 - 337500.0,0.0,LOW,Payment Success
TXN-004324,WS/MP18083/2025,JANARDHANA A,499985.0,2026-07-09,499985.0 - 499985.0,0.0,LOW,Payment Success
TXN-004325,WS/MP18219/2026,OM KALESHWAR TRADERS,594713.0,2026-07-18,595079.2 - 598008.8,-0.3069346100203841,LOW,Payment Success
TXN-004326,WS/MP18219/2026,OM KALESHWAR TRADERS,598375.0,2026-07-18,595079.2 - 598008.8,0.3069346100203841,LOW,Payment Success
TXN-004327,WS/MP453/2024,JUNIOR ENGINEER DASAMANTAPUR BLOCK,250000.0,2026-07-09,250000.0 - 250000.0,0.0,LOW,Payment Success
TXN-004328,WS/MP021/2025,SUDHIR BHATT,15150.0,2026-07-14,12221.0 - 15049.0,11.11111111111111,LOW,Payment Success
TXN-004329,WS/MP021/2025,SUDHIR BHATT,11615.0,2026-07-14,12221.0 - 15049.0,-14.814814814814813,LOW,Payment Success
TXN-004330,WS/MP021/2025,SUDHIR BHATT,14645.0,2026-07-21,12221.0 - 15049.0,7.4074074074074066,LOW,Payment Success
TXN-004331,WS/MP348/2025,Gangadharan V K,1498694.0,2026-07-13,1498694.0 - 1498694.0,0.0,LOW,Payment Success
TXN-004332,WS/MP18222/2025,RAM CHANDAR YADAV,1302458.0,2026-07-10,1302458.0 - 1302458.0,0.0,LOW,Payment Success
TXN-004333,WS/MP18326/2025,GHANSHYAMNAGAR GRAM PANCHAYAT,479985.0,2026-07-18,479985.0 - 479985.0,0.0,LOW,Payment Success
TXN-004334,WS/MP18141/2025,Block Development Officer Royalty,24274.0,2026-07-17,24274.0 - 24274.0,0.0,LOW,Payment Success
TXN-004335,WS/MP727/2025,ASHOK KUMAR RATHORE,6500.0,2026-07-21,6500.0 - 6900.0,-2.9850746268656714,LOW,Payment Success
TXN-004336,WS/MP727/2025,ASHOK KUMAR RATHORE,6500.0,2026-07-13,6500.0 - 6900.0,-2.9850746268656714,LOW,Payment Success
TXN-004337,WS/MP727/2025,ASHOK KUMAR RATHORE,7000.0,2026-07-13,6500.0 - 6900.0,4.477611940298507,LOW,Payment Success
TXN-004338,WS/MP727/2025,DINESH RATHORE,6300.0,2026-07-13,6320.0 - 6480.0,-1.5625,LOW,Payment Success
TXN-004339,WS/MP727/2025,DINESH RATHORE,6500.0,2026-07-13,6320.0 - 6480.0,1.5625,LOW,Payment Success
TXN-004340,WS/MP727/2025,MEGHA RATOR,3315.0,2026-07-13,2851.5 - 3263.5,8.421913327882256,LOW,Payment Success
TXN-004341,WS/MP727/2025,MEGHA RATOR,2800.0,2026-07-13,2851.5 - 3263.5,-8.421913327882256,LOW,Payment Success
TXN-004342,WS/MP727/2025,ASHA RATORE,3315.0,2026-07-13,2851.5 - 3263.5,8.421913327882256,LOW,Payment Success
TXN-004343,WS/MP727/2025,ASHA RATORE,2800.0,2026-07-13,2851.5 - 3263.5,-8.421913327882256,LOW,Payment Success
TXN-004344,WS/MP727/2025,SATYA NARAYAN NAGAR,3315.0,2026-07-13,3315.0 - 3315.0,0.0,LOW,Payment Success
TXN-004345,WS/MP727/2025,MAMTA RATHORE,3315.0,2026-07-13,2679.0 - 3315.0,10.61061061061061,LOW,Payment Success
TXN-004346,WS/MP727/2025,MAMTA RATHORE,2520.0,2026-07-13,2679.0 - 3315.0,-15.915915915915916,LOW,Payment Success
TXN-004347,WS/MP727/2025,MAMTA RATHORE,3315.0,2026-07-13,2679.0 - 3315.0,10.61061061061061,LOW,Payment Success
TXN-004348,WS/MP727/2025,TONU KUMAR,3315.0,2026-07-13,2851.5 - 3263.5,8.421913327882256,LOW,Payment Success
TXN-004349,WS/MP727/2025,TONU KUMAR,2800.0,2026-07-13,2851.5 - 3263.5,-8.421913327882256,LOW,Payment Success
TXN-004350,WS/MP727/2025,MAYA KUMARI RAATHORE,3315.0,2026-07-13,3315.0 - 3315.0,0.0,LOW,Payment Success
TXN-004351,WS/MP727/2025,HEMANT KUMAR SRIVASTVA,3315.0,2026-07-13,3315.0 - 3315.0,0.0,LOW,Payment Success
TXN-004352,WS/MP18043/2026,PARVATI CONSTRUCTION,4975000.0,2026-07-10,4975000.0 - 4975000.0,0.0,LOW,Payment Success
TXN-004353,WS/MP600/2025,Subash Chander,187000.0,2026-07-15,187000.0 - 187000.0,0.0,LOW,Payment Success
TXN-004354,WS/MP18155/2025,Makhan Singh,27000.0,2026-07-10,27000.0 - 27000.0,0.0,LOW,Payment Success
TXN-004355,WS/MP623/2026,SHIVAJI BHIMU JADHAV,225000.0,2026-07-15,225000.0 - 225000.0,0.0,LOW,Payment Success
TXN-004356,WS/MP18326/2025,CHULI GRAM PANCHAYAT,499909.0,2026-07-20,499909.0 - 499909.0,0.0,LOW,Payment Success
TXN-004357,WS/MP393/2026,MM CONSTRUCTIONS,1200000.0,2026-07-13,1200000.0 - 1200000.0,0.0,LOW,Payment Success
TXN-004358,WS/MP18156/2025,Bhupinder Singh,70448.0,2026-08-13,70448.0 - 70448.0,0.0,LOW,Payment Success
TXN-004359,WS/MP372/2025,MUKESH KUMAR BEHERA,950000.0,2026-07-10,950000.0 - 950000.0,0.0,LOW,Payment Success
TXN-004360,WS/MP18197/2026,MS AD PROJECT,779188.0,2026-07-16,779188.0 - 779188.0,0.0,LOW,Payment Success
TXN-004361,WS/MP458/2026,P KANNAN,930818.0,2026-07-13,930818.0 - 930818.0,0.0,LOW,Payment Success
TXN-004362,WS/MP18189/2026,Dharavath Kranthi Kumar,495109.0,2026-07-17,495109.0 - 495109.0,0.0,LOW,Payment Success
TXN-004363,WS/MP453/2024,Assistant Engineer Dasamantpur Block,250000.0,2026-07-10,250000.0 - 250000.0,0.0,LOW,Payment Success
TXN-004364,WS/MP18018/2026,SRI GURUDEVA CHARITABLE TRUST,250000.0,2026-07-18,250000.0 - 250000.0,0.0,LOW,Payment Success
TXN-004365,WS/MP18018/2026,SRI GURUDEVA CHARITABLE TRUST,250000.0,2026-08-11,250000.0 - 250000.0,0.0,LOW,Payment Success
TXN-004366,WS/MP351/2025,JAYAPRAKASHAN THOTHAN,980140.0,2026-07-10,980140.0 - 980140.0,0.0,LOW,Payment Success
TXN-004367,WS/MP18122/2025,JAI SANTOSHI MATA MSS LTD CHH SAMBHAJINAGAR,999563.0,2026-07-14,999563.0 - 999563.0,0.0,LOW,Payment Success
TXN-004368,WS/MP18099/2026,Dillod,350000.0,2026-08-05,350000.0 - 350000.0,0.0,LOW,Payment Success
TXN-004369,WS/MP18147/2025,SANSKRUTI ASSOCIATES PVT LTD,2998500.0,2026-07-10,2998500.0 - 2998500.0,0.0,LOW,Payment Success
TXN-004370,WS/MP18190/2026,MANDA RAJITHA,495201.0,2026-07-14,483012.6 - 498795.6,0.8753033433617734,LOW,Payment Success
TXN-004371,WS/MP18190/2026,MANDA RAJITHA,498489.0,2026-07-14,483012.6 - 498795.6,1.5450879306161882,LOW,Payment Success
TXN-004372,WS/MP18190/2026,MANDA RAJITHA,499000.0,2026-08-01,483012.6 - 498795.6,1.6491815814942314,LOW,Payment Success
TXN-004373,WS/MP18190/2026,MANDA RAJITHA,474887.0,2026-08-01,483012.6 - 498795.6,-3.2627757641461903,LOW,Payment Success
TXN-004374,WS/MP18190/2026,MANDA RAJITHA,496431.0,2026-08-01,483012.6 - 498795.6,1.1258614462580416,LOW,Payment Success
TXN-004375,WS/MP021/2025,ARTI BHATT,2928.0,2026-07-21,3241.2 - 5746.8,-34.84646194926569,MEDIUM,Payment Success
TXN-004376,WS/MP021/2025,ARTI BHATT,6060.0,2026-07-14,3241.2 - 5746.8,34.84646194926569,MEDIUM,Payment Success
TXN-004377,WS/MP021/2026,JB BROTHERS,100000.0,2026-07-15,100000.0 - 100000.0,0.0,LOW,Payment Success
TXN-004378,WS/MP746/2026,ARUNKUMAR R,897485.0,2026-07-29,897485.0 - 897485.0,0.0,LOW,Payment Success
TXN-004379,WS/MP18077/2026,SHRINIVAS SADASHIV MENI,273043.0,2026-08-03,273043.0 - 273043.0,0.0,LOW,Payment Success
TXN-004380,WS/MP18158/2025,Karansher Singh,1470.0,2026-08-19,1470.0 - 1470.0,0.0,LOW,Payment Success
TXN-004381,WS/MP021/2025,BHAWNA,12078.0,2026-07-09,12078.0 - 12078.0,0.0,LOW,Payment Success
TXN-004382,WS/MP673/2026,Grampanchayat Karyalaya Kininawre,287196.0,2026-07-18,287196.0 - 287196.0,0.0,LOW,Payment Success
TXN-004383,WS/MP021/2025,REKHA BHATT,8418.0,2026-07-14,9091.2 - 14476.8,-28.564154786150713,MEDIUM,Payment Success
TXN-004384,WS/MP021/2025,REKHA BHATT,15150.0,2026-07-14,9091.2 - 14476.8,28.564154786150713,MEDIUM,Payment Success
TXN-004385,WS/MP021/2025,SAROJ BHATT,8418.0,2026-07-14,8674.2 - 10723.8,-13.20754716981132,LOW,Payment Success
TXN-004386,WS/MP021/2025,SAROJ BHATT,10980.0,2026-07-14,8674.2 - 10723.8,13.20754716981132,LOW,Payment Success
TXN-004387,WS/MP18158/2025,NIRWAN BRICKS UDYOG,32640.0,2026-07-17,32640.0 - 32640.0,0.0,LOW,Payment Success
TXN-004388,WS/MP331/2025,VAJKSR00060651,329000.0,2026-07-08,329000.0 - 329000.0,0.0,LOW,Payment Success
TXN-004389,WS/MP18055/2025,GRAM PANCHAYAT KANAJIYA,100000.0,2026-07-09,100000.0 - 100000.0,0.0,LOW,Payment Success
TXN-004390,WS/MP453/2025,AE SUNITA MAHARA NANDAPUR 3,250000.0,2026-07-28,260000.0 - 300000.0,-10.714285714285714,LOW,Payment Success
TXN-004391,WS/MP18310/2025,PRATAP KUMAR SENAPATI,500000.0,2026-07-08,500000.0 - 500000.0,0.0,LOW,Payment Success
TXN-004392,WS/MP323/2025,GRAM PANCHAYAT KUKASVADA,349560.0,2026-07-10,349560.0 - 349560.0,0.0,LOW,Payment Success
TXN-004393,WS/MP345/2025,NOUSHAD M,1029779.0,2026-07-10,1029779.0 - 1029779.0,0.0,LOW,Payment Success
TXN-004394,WS/MP18187/2026,Madavi Bheer Shaw,441862.0,2026-07-08,441862.0 - 441862.0,0.0,LOW,Payment Success
TXN-004395,WS/MP453/2025,AE SUNITA MAHARA NANDAPUR 3,300000.0,2026-07-13,260000.0 - 300000.0,7.142857142857142,LOW,Payment Success
TXN-004396,WS/MP18311/2025,SEXNA CABLE INDUSTRIES,44412.0,2026-07-10,44412.0 - 44412.0,0.0,LOW,Payment Success
TXN-004397,WS/MP18311/2025,BT AGRO UDYOG,35400.0,2026-07-10,35864.9 - 39584.1,-6.16177815478005,LOW,Payment Success
TXN-004398,WS/MP18311/2025,BT AGRO UDYOG,40049.0,2026-07-10,35864.9 - 39584.1,6.16177815478005,LOW,Payment Success
TXN-004399,WS/MP716/2025,MADHAV KUMAR RADHE SHAM,4460.0,2026-07-19,4460.0 - 4460.0,0.0,LOW,Payment Success
TXN-004400,WS/MP716/2025,ANOKH SINGH,36320.0,2026-07-19,8083.5 - 27322.5,105.16296672880303,HIGH,Payment Success
TXN-004401,WS/MP716/2025,ANOKH SINGH,18325.0,2026-07-19,8083.5 - 27322.5,3.5135287804326953,LOW,Payment Success
TXN-004402,WS/MP716/2025,ANOKH SINGH,7264.0,2026-07-16,8083.5 - 27322.5,-58.9674066542394,HIGH,Payment Success
TXN-004403,WS/MP716/2025,ANOKH SINGH,17888.0,2026-07-16,8083.5 - 27322.5,1.0450206179743546,LOW,Payment Success
TXN-004404,WS/MP716/2025,ANOKH SINGH,10896.0,2026-07-19,8083.5 - 27322.5,-38.451109981359096,MEDIUM,Payment Success
TXN-004405,WS/MP716/2025,ANOKH SINGH,8903.0,2026-07-19,8083.5 - 27322.5,-49.70908885499633,MEDIUM,Payment Success
TXN-004406,WS/MP18110/2025,Malewadi MSS Ltd Malewadi Tal Pathardi,968030.0,2026-07-08,968030.0 - 968030.0,0.0,LOW,Payment Success
TXN-004407,WS/MP692/2026,shivshakti majoor co op society ltd,500000.0,2026-07-08,500000.0 - 500000.0,0.0,LOW,Payment Success
TXN-004408,WS/MP18008/2026,M Butchaiah and Company,4939780.0,2026-07-09,4939780.0 - 4939780.0,0.0,LOW,Payment Success
TXN-004409,WS/MP18257/2026,EVERGREEN ENTERPRISE,349504.0,2026-07-09,349504.0 - 349504.0,0.0,LOW,Payment Success
TXN-004410,WS/MP18354/2026,GRAM PANCHAYAT NAWATOLA,100000.0,2026-07-10,100000.0 - 100000.0,0.0,LOW,Payment Success
TXN-004411,WS/MP18158/2025,Singla Cement Store,4000.0,2026-07-08,4000.0 - 4000.0,0.0,LOW,Payment Success
TXN-004412,WS/MP18156/2025,BALJIT RAM,38470.0,2026-07-16,38470.0 - 38470.0,0.0,LOW,Payment Success
TXN-004413,WS/MP021/2025,ANIL KUMAR BHATT,26765.0,2026-07-14,26765.0 - 26765.0,0.0,LOW,Payment Success
TXN-004414,WS/MP021/2025,SUSHIL BHATT,15150.0,2026-07-14,10814.2 - 14443.0,19.965791932597433,LOW,Payment Success
TXN-004415,WS/MP021/2025,SUSHIL BHATT,11615.0,2026-07-14,10814.2 - 14443.0,-8.026226185008634,LOW,Payment Success
TXN-004416,WS/MP021/2025,SUSHIL BHATT,10614.0,2026-07-21,10814.2 - 14443.0,-15.952678840093123,LOW,Payment Success
TXN-004417,WS/MP18054/2026,Tejpura gram panchayat,100000.0,2026-07-08,100000.0 - 100000.0,0.0,LOW,Payment Success
TXN-004418,WS/MP021/2025,rajnedra singh,18900.0,2026-07-10,18900.0 - 18900.0,0.0,LOW,Payment Success
TXN-004419,WS/MP384/2025,Bharat Construction,594094.0,2026-07-08,594094.0 - 594094.0,0.0,LOW,Payment Success
TXN-004420,WS/MP021/2025,SOBHITA BHATT,15006.0,2026-07-14,15006.0 - 15006.0,0.0,LOW,Payment Success
TXN-004421,WS/MP18323/2026,TECHDRIVE ENGINEERING PRIVATE LIMITED,999897.0,2026-07-23,999897.0 - 999897.0,0.0,LOW,Payment Success
TXN-004422,WS/MP021/2025,MAMTA BHATT,10980.0,2026-07-14,8674.2 - 10723.8,13.20754716981132,LOW,Payment Success
TXN-004423,WS/MP021/2025,MAMTA BHATT,8418.0,2026-07-14,8674.2 - 10723.8,-13.20754716981132,LOW,Payment Success
TXN-004424,WS/MP381/2025,AVTAR TRADING COMPANY,53400.0,2026-07-13,53400.0 - 53400.0,0.0,LOW,Payment Success
TXN-004425,WS/MP381/2026,GURU KIRAT TILE FACTORY,137640.0,2026-08-07,119288.0 - 250872.0,-25.632159066349686,MEDIUM,Payment Success
TXN-004426,WS/MP381/2026,GURU KIRAT TILE FACTORY,279180.0,2026-08-04,119288.0 - 250872.0,50.842878755132915,HIGH,Payment Success
TXN-004427,WS/MP381/2025,GURU KIRAT TILE FACTORY,114700.0,2026-07-13,119288.0 - 250872.0,-38.02679922195807,MEDIUM,Payment Success
TXN-004428,WS/MP716/2025,JOGINDER SINGH CONTRACTOR,185441.0,2026-07-15,63653.6 - 759696.3,-54.954509619786194,HIGH,Payment Success
TXN-004429,WS/MP716/2025,JOGINDER SINGH CONTRACTOR,236321.0,2026-07-15,63653.6 - 759696.3,-42.595244136180746,MEDIUM,Payment Success
TXN-004430,WS/MP716/2025,JOGINDER SINGH CONTRACTOR,984000.0,2026-07-15,63653.6 - 759696.3,139.02353057916199,HIGH,Payment Success
TXN-004431,WS/MP716/2025,JOGINDER SINGH CONTRACTOR,11459.0,2026-07-15,63653.6 - 759696.3,-97.2164932551762,HIGH,Payment Success
TXN-004432,WS/MP747/2026,Jeeva S,2497826.0,2026-07-22,2497826.0 - 2497826.0,0.0,LOW,Payment Success
TXN-004433,WS/MP18132/2025,SHRI MAHALAXMI MAJUR SAHAKARI SANSTHA LTD LAXMIWADI,992771.0,2026-07-14,992771.0 - 992771.0,0.0,LOW,Payment Success
TXN-004434,WS/MP18109/2026,GRAM PANCHAYAT NAUGAWAN DHIR SINGH,225000.0,2026-07-16,135000.0 - 215000.0,28.57142857142857,MEDIUM,Payment Success
TXN-004435,WS/MP18109/2026,GRAM PANCHAYAT NAUGAWAN DHIR SINGH,125000.0,2026-07-16,135000.0 - 215000.0,-28.57142857142857,MEDIUM,Payment Success
TXN-004436,WS/MP18024/2026,Prasanta Dutta,198865.0,2026-08-13,198865.0 - 198865.0,0.0,LOW,Payment Success
TXN-004437,WS/MP18054/2025,NADASHA GRAM PANCHAYAT,150000.0,2026-07-10,150000.0 - 150000.0,0.0,LOW,Payment Success
TXN-004438,WS/MP18130/2026,C,986717.0,2026-07-08,986717.0 - 986717.0,0.0,LOW,Payment Success
TXN-004439,WS/MP18158/2025,Aggarwal Sanitary Store,16201.0,2026-07-09,16201.0 - 16201.0,0.0,LOW,Payment Success
TXN-004440,WS/MP18130/2026,GRAMPANCHAYAT LOHDONGRI,1188142.0,2026-07-08,1188142.0 - 1188142.0,0.0,LOW,Payment Success
TXN-004441,WS/MP18158/2025,Kissan Sanitary and paint store,7390.0,2026-07-09,7390.0 - 7390.0,0.0,LOW,Payment Success
TXN-004442,WS/MP18158/2025,Dasmesh Electrical,8179.0,2026-07-09,8179.0 - 8179.0,0.0,LOW,Payment Success
TXN-004443,WS/MP18158/2025,Gurcharan Singh and sons,12900.0,2026-07-09,12900.0 - 12900.0,0.0,LOW,Payment Success
TXN-004444,WS/MP18130/2026,GRAMPANCHYAT SONEGHAT,993385.0,2026-07-08,993385.0 - 993385.0,0.0,LOW,Payment Success
TXN-004445,WS/MP18118/2026,DIPESH DAYARAM DALAVI,499415.0,2026-07-14,499415.0 - 499415.0,0.0,LOW,Payment Success
TXN-004446,WS/MP18158/2025,Vinod Raut so Munna Raut,18000.0,2026-07-09,1520.0 - 13600.0,138.0952380952381,HIGH,Payment Success
TXN-004447,WS/MP18158/2025,Vinod Raut so Munna Raut,1200.0,2026-07-09,1520.0 - 13600.0,-84.12698412698413,HIGH,Payment Success
TXN-004448,WS/MP18158/2025,Vinod Raut so Munna Raut,7000.0,2026-07-09,1520.0 - 13600.0,-7.4074074074074066,LOW,Payment Success
TXN-004449,WS/MP18158/2025,Vinod Raut so Munna Raut,5000.0,2026-07-09,1520.0 - 13600.0,-33.86243386243386,MEDIUM,Payment Success
TXN-004450,WS/MP18158/2025,Vinod Raut so Munna Raut,2000.0,2026-07-09,1520.0 - 13600.0,-73.54497354497354,HIGH,Payment Success
TXN-004451,WS/MP18276/2025,Akoti Gram Panchayat,250000.0,2026-07-13,250000.0 - 250000.0,0.0,LOW,Payment Success
TXN-004452,WS/MP18276/2025,Chhatral Gram Panchayat,250000.0,2026-08-05,250000.0 - 250000.0,0.0,LOW,Payment Success
TXN-004453,WS/MP18054/2025,GAMANPURA GRAMPANCHAYAT,200000.0,2026-07-10,200000.0 - 200000.0,0.0,LOW,Payment Success
TXN-004454,WS/MP18123/2026,Kedarnath Basvant Manurkar Kolhapur,981834.0,2026-07-10,981834.0 - 981834.0,0.0,LOW,Payment Success
TXN-004455,WS/MP18196/2025,Prasenjit Das,4316480.0,2026-07-14,4316480.0 - 4316480.0,0.0,LOW,Payment Success
TXN-004456,WS/MP18276/2025,khanpura gram panchayat,200000.0,2026-07-13,200000.0 - 200000.0,0.0,LOW,Payment Success
TXN-004457,WS/MP18167/2025,kavita construction company,295263.0,2026-07-10,295263.0 - 295263.0,0.0,LOW,Payment Success
TXN-004458,WS/MP18167/2025,pankaj kumar,11050.0,2026-07-10,11050.0 - 11050.0,0.0,LOW,Payment Success
TXN-004459,WS/MP18167/2025,narendra kumar,11050.0,2026-07-10,4439.5 - 10315.5,49.77973568281938,MEDIUM,Payment Success
TXN-004460,WS/MP18120/2026,gram panchayat ghogari tq hadgaon,1487075.0,2026-07-13,1487075.0 - 1487075.0,0.0,LOW,Payment Success
TXN-004461,WS/MP18170/2025,SHREE SHYAM ENTERPRISES,397454.0,2026-07-20,515661.8 - 988668.2,-47.15866864318335,MEDIUM,Payment Success
TXN-004462,WS/MP18167/2025,MANOJ KUMAR,11050.0,2026-07-10,11050.0 - 11050.0,0.0,LOW,Payment Success
TXN-004463,WS/MP18167/2025,SURENDAR,3705.0,2026-07-10,3705.0 - 3705.0,0.0,LOW,Payment Success
TXN-004464,WS/MP18167/2025,PRIYANKA,3705.0,2026-07-10,3705.0 - 3705.0,0.0,LOW,Payment Success
TXN-004465,WS/MP18167/2025,JANKI DEVI,3705.0,2026-07-10,3705.0 - 3705.0,0.0,LOW,Payment Success
TXN-004466,WS/MP18167/2025,RAKESH,3705.0,2026-07-10,3705.0 - 3705.0,0.0,LOW,Payment Success
TXN-004467,WS/MP343/2025,Saji C,348164.0,2026-07-14,348164.0 - 348164.0,0.0,LOW,Payment Success
TXN-004468,WS/MP329/2025,Shri Ram Industries,405265.0,2026-07-10,405265.0 - 405265.0,0.0,LOW,Payment Success
TXN-004469,WS/MP18167/2025,KAVITA DEVI,3705.0,2026-07-10,3705.0 - 3705.0,0.0,LOW,Payment Success
TXN-004470,WS/MP18167/2025,BHARAT,3705.0,2026-07-10,3705.0 - 3705.0,0.0,LOW,Payment Success
TXN-004471,WS/MP18167/2025,PITRAM,3705.0,2026-07-10,3705.0 - 3705.0,0.0,LOW,Payment Success
TXN-004472,WS/MP18014/2025,SARANGAM GUNNAIAH,442669.0,2026-07-22,442662.7 - 442668.3,0.0007906647344326586,LOW,Payment Success
TXN-004473,WS/MP18014/2025,SARANGAM GUNNAIAH,442662.0,2026-07-22,442662.7 - 442668.3,-0.0007906647344326586,LOW,Payment Success
TXN-004474,WS/MP440/2025,SOBIN SABU,2150279.0,2026-07-13,2150279.0 - 2150279.0,0.0,LOW,Payment Success
TXN-004475,WS/MP18328/2025,SMC Bhalyani,615000.0,2026-07-10,615000.0 - 615000.0,0.0,LOW,Payment Success
TXN-004476,WS/MP446/2026,GRAM PANCHAYAT MAUMASANIYA,300000.0,2026-07-30,300000.0 - 300000.0,0.0,LOW,Payment Success
TXN-004477,WS/MP446/2026,GRAM PANCHAYAT MAUMASANIYA,300000.0,2026-07-30,300000.0 - 300000.0,0.0,LOW,Payment Success
TXN-004478,WS/MP345/2025,SAJAN DANIEL,281152.0,2026-07-08,281152.0 - 281152.0,0.0,LOW,Payment Success
TXN-004479,WS/MP18372/2025,Megha Construction Company,999720.0,2026-07-08,999720.0 - 999720.0,0.0,LOW,Payment Success
TXN-004480,WS/MP18198/2025,Raunak Enter Prises,941914.0,2026-07-13,941914.0 - 941914.0,0.0,LOW,Payment Success
TXN-004481,WS/MP578/2025,ROHID GRAM PANCHAYAT,300000.0,2026-07-22,300000.0 - 300000.0,0.0,LOW,Payment Success
TXN-004482,WS/MP761/2024,SAMPANGI NARSAIAH,400000.0,2026-07-09,400000.0 - 400000.0,0.0,LOW,Payment Success
TXN-004483,WS/MP18320/2026,VADGAMDA GROUP GRAM PANCHAYAT,500000.0,2026-07-20,500000.0 - 500000.0,0.0,LOW,Payment Success
TXN-004484,WS/MP18007/2026,BHARGAVA RAM ENTERPRISES,489659.0,2026-07-09,489659.0 - 489659.0,0.0,LOW,Payment Success
TXN-004485,WS/MP18007/2025,BHARGAVA RAM ENTERPRISES,489659.0,2026-07-08,489659.0 - 489659.0,0.0,LOW,Payment Success
TXN-004486,WS/MP18007/2026,BHARGAVA RAM ENTERPRISES,489659.0,2026-07-29,489659.0 - 489659.0,0.0,LOW,Payment Success
TXN-004487,WS/MP18007/2026,BHARGAVA RAM ENTERPRISES,489659.0,2026-07-09,489659.0 - 489659.0,0.0,LOW,Payment Success
TXN-004488,WS/MP643/2025,Maa Durga Workshop,49995.0,2026-07-07,49905.8 - 49995.0,0.08928857426566864,LOW,Payment Success
TXN-004489,WS/MP643/2025,Maa Durga Workshop,49987.0,2026-07-07,49905.8 - 49995.0,0.07327268650501007,LOW,Payment Success
TXN-004490,WS/MP643/2025,Maa Durga Workshop,49979.0,2026-07-07,49905.8 - 49995.0,0.05725679874435148,LOW,Payment Success
TXN-004491,WS/MP643/2025,Maa Durga Workshop,49956.0,2026-07-07,49905.8 - 49995.0,0.011211121432458088,LOW,Payment Success
TXN-004492,WS/MP643/2025,Maa Durga Workshop,49972.0,2026-07-07,49905.8 - 49995.0,0.043242896953775235,LOW,Payment Success
TXN-004493,WS/MP643/2025,Maa Durga Workshop,49995.0,2026-07-07,49905.8 - 49995.0,0.08928857426566864,LOW,Payment Success
TXN-004494,WS/MP643/2025,Maa Durga Workshop,49921.0,2026-07-07,49905.8 - 49995.0,-0.058858387520423175,LOW,Payment Success
TXN-004495,WS/MP643/2025,Maa Durga Workshop,49913.0,2026-07-07,49905.8 - 49995.0,-0.07487427528108175,LOW,Payment Success
TXN-004496,WS/MP643/2025,Maa Durga Workshop,49905.0,2026-07-07,49905.8 - 49995.0,-0.09089016304174032,LOW,Payment Success
TXN-004497,WS/MP643/2025,Maa Durga Workshop,49897.0,2026-07-07,49905.8 - 49995.0,-0.10690605080239889,LOW,Payment Success
TXN-004498,WS/MP643/2025,Maa Durga Workshop,49921.0,2026-07-07,49905.8 - 49995.0,-0.058858387520423175,LOW,Payment Success
TXN-004499,WS/MP643/2025,Maa Durga Workshop,49995.0,2026-07-07,49905.8 - 49995.0,0.08928857426566864,LOW,Payment Success
TXN-004500,WS/MP18109/2026,GRAM PANCHAYAT BAGHAYU,45000.0,2026-07-07,15000.0 - 46250.0,46.93877551020408,MEDIUM,Payment Success
TXN-004501,WS/MP18109/2026,GRAM PANCHAYAT BAGHAYU,47500.0,2026-07-07,15000.0 - 46250.0,55.10204081632652,HIGH,Payment Success
TXN-004502,WS/MP18109/2026,GRAM PANCHAYAT BAGHAYU,25000.0,2026-07-07,15000.0 - 46250.0,-18.367346938775512,LOW,Payment Success
TXN-004503,WS/MP18109/2026,GRAM PANCHAYAT BAGHAYU,45000.0,2026-07-07,15000.0 - 46250.0,46.93877551020408,MEDIUM,Payment Success
TXN-004504,WS/MP18109/2026,GRAM PANCHAYAT BAGHAYU,17500.0,2026-07-07,15000.0 - 46250.0,-42.857142857142854,MEDIUM,Payment Success
TXN-004505,WS/MP18109/2026,GRAM PANCHAYAT BAGHAYU,12500.0,2026-07-07,15000.0 - 46250.0,-59.183673469387756,HIGH,Payment Success
TXN-004506,WS/MP373/2025,PURUSOTTAM MEHER,400000.0,2026-07-10,400000.0 - 400000.0,0.0,LOW,Payment Success
TXN-004507,WS/MP747/2026,MURUGAN G,999628.0,2026-07-08,999628.0 - 999628.0,0.0,LOW,Payment Success
TXN-004508,WS/MP18379/2025,MS Manzoor Builders,598400.0,2026-07-10,508400.0 - 588400.0,9.117432530999272,LOW,Payment Success
TXN-004509,WS/MP18310/2025,Amiya Ku Das,500000.0,2026-07-03,500000.0 - 900000.0,-28.57142857142857,MEDIUM,Payment Success
TXN-004510,WS/MP18310/2025,Maya soren,1000000.0,2026-07-03,370000.0 - 930000.0,53.84615384615385,HIGH,Payment Success
TXN-004511,WS/MP18310/2025,Maya soren,300000.0,2026-07-03,370000.0 - 930000.0,-53.84615384615385,HIGH,Payment Success
TXN-004512,WS/MP18158/2025,Sukhwinder Singh,14740.0,2026-07-07,14740.0 - 14740.0,0.0,LOW,Payment Success
TXN-004513,WS/MP18276/2025,sokhda khurd gram panchayat,224138.0,2026-07-17,224138.0 - 224138.0,0.0,LOW,Payment Success
TXN-004514,WS/MP18142/2025,CHANDRAKANT DIXIT,250000.0,2026-07-09,250000.0 - 250000.0,0.0,LOW,Payment Success
TXN-004515,WS/MP005/2025,GRAM PANCHAYAT VASTANA,199804.0,2026-07-09,199804.0 - 199804.0,0.0,LOW,Payment Success
TXN-004516,WS/MP18312/2026,R SIVAKUMAR,1671465.0,2026-08-07,1671465.0 - 1671465.0,0.0,LOW,Payment Success
TXN-004517,WS/MP18173/2026,VSR Agencies,29998.0,2026-07-06,29998.0 - 29998.0,0.0,LOW,Payment Success
TXN-004518,WS/MP413/2025,J K ENTERPRISES JALENDHAR,396124.0,2026-08-03,396124.0 - 396124.0,0.0,LOW,Payment Success
TXN-004519,WS/MP18037/2025,SATYENDRA SINGH,1485277.0,2026-07-07,1485277.0 - 1485277.0,0.0,LOW,Payment Success
TXN-004520,WS/MP18069/2025,MS Parveen Kumar Govt Contractor,285600.0,2026-07-28,204045.6 - 276538.4,18.85539260566311,LOW,Payment Success
TXN-004521,WS/MP18069/2025,MS Parveen Kumar Govt Contractor,194984.0,2026-07-23,204045.6 - 276538.4,-18.85539260566311,LOW,Payment Success
TXN-004522,WS/MP18189/2026,Vangaveeti Ravindra Babu,493524.0,2026-07-09,493524.0 - 493524.0,0.0,LOW,Payment Success
TXN-004523,WS/MP18343/2025,AM ASSOCIATES,957766.0,2026-07-08,957766.0 - 957766.0,0.0,LOW,Payment Success
TXN-004524,WS/MP18021/2026,Woman Musafir Khana,300000.0,2026-07-07,300000.0 - 300000.0,0.0,LOW,Payment Success
TXN-004525,WS/MP345/2024,RASHEED S A,1100546.0,2026-07-09,1100546.0 - 1100546.0,0.0,LOW,Payment Success
TXN-004526,WS/MP478/2025,AMA ZILA PANCHAYAT UTTARKASHI,106100.0,2026-07-08,106100.0 - 106100.0,0.0,LOW,Payment Success
TXN-004527,WS/MP18400/2025,Naresh Kumar Gupta,959236.0,2026-07-09,959236.0 - 959236.0,0.0,LOW,Payment Success
TXN-004528,WS/MP18056/2025,SHRI MAHARANA DEVELOPERS,754717.0,2026-07-14,754717.0 - 754717.0,0.0,LOW,Payment Success
TXN-004529,WS/MP18352/2026,RAJESH CHAUHAN,595579.0,2026-07-08,627358.4 - 856735.2,-19.738350734751506,LOW,Payment Success
TXN-004530,WS/MP18352/2026,RAJESH CHAUHAN,754476.0,2026-07-08,627358.4 - 856735.2,1.6749886934355018,LOW,Payment Success
TXN-004531,WS/MP18352/2026,RAJESH CHAUHAN,882300.0,2026-07-08,627358.4 - 856735.2,18.90085638803374,LOW,Payment Success
TXN-004532,WS/MP577/2025,GRAM PANCHAYAT CHOSALA,500000.0,2026-07-07,500000.0 - 500000.0,0.0,LOW,Payment Success
TXN-004533,WS/MP18168/2025,Rakesh Jatav,11250.0,2026-07-14,11250.0 - 11250.0,0.0,LOW,Payment Success
TXN-004534,WS/MP18168/2025,Ramsaingh Jatav,6000.0,2026-07-14,6000.0 - 6000.0,0.0,LOW,Payment Success
TXN-004535,WS/MP18168/2025,Kedar Jatav,6000.0,2026-07-14,6000.0 - 6000.0,0.0,LOW,Payment Success
TXN-004536,WS/MP18168/2025,Kamlesh Jatav,6000.0,2026-07-14,6000.0 - 6000.0,0.0,LOW,Payment Success
TXN-004537,WS/MP18168/2025,Mithlesh Jatav,6000.0,2026-07-14,6000.0 - 6000.0,0.0,LOW,Payment Success
TXN-004538,WS/MP18355/2026,L N Enterprises Yadunandan Yadav V K,499697.0,2026-07-13,499697.0 - 499697.0,0.0,LOW,Payment Success
TXN-004539,WS/MP18355/2026,KESHAVAMURTHY,499173.0,2026-07-13,499128.0 - 499168.0,0.005008534542861035,LOW,Payment Success
TXN-004540,WS/MP18355/2026,KESHAVAMURTHY,499123.0,2026-07-13,499128.0 - 499168.0,-0.005008534542861035,LOW,Payment Success
TXN-004541,WS/MP578/2025,D R KUKADIA,3130066.0,2026-07-10,3130066.0 - 3130066.0,0.0,LOW,Payment Success
TXN-004542,WS/MP858/2025,MS Ali Construction,586967.0,2026-07-05,586967.0 - 586967.0,0.0,LOW,Payment Success
TXN-004543,WS/MP18344/2025,RANGPUR GRAM PANCHAYAT,294244.0,2026-07-23,294244.0 - 294244.0,0.0,LOW,Payment Success
TXN-004544,WS/MP18102/2026,Gram Panchayat Bachhadawada janpad Panchayat nalchha district dhar,350000.0,2026-08-07,350000.0 - 350000.0,0.0,LOW,Payment Success
TXN-004545,WS/MP18311/2025,jasvir Singh,5100.0,2026-07-06,5100.0 - 5100.0,0.0,LOW,Payment Success
TXN-004546,WS/MP18311/2025,Tarsem lal,48180.0,2026-07-06,13531.8 - 44330.2,66.53416750198748,HIGH,Payment Success
TXN-004547,WS/MP18311/2025,Tarsem lal,9682.0,2026-07-06,13531.8 - 44330.2,-66.53416750198748,HIGH,Payment Success
TXN-004548,WS/MP18311/2025,kuldip Kumar,48180.0,2026-07-06,48180.0 - 48180.0,0.0,LOW,Payment Success
TXN-004549,WS/MP485/2025,Sukanta Enterprise,440458.0,2026-07-07,440458.0 - 440458.0,0.0,LOW,Payment Success
TXN-004550,WS/MP18154/2026,BOBICONSTRUCTIONCOMPANY,239376.0,2026-07-07,239376.0 - 239376.0,0.0,LOW,Payment Success
TXN-004551,WS/MP18263/2026,NARAYANA,499975.0,2026-07-06,499975.0 - 499975.0,0.0,LOW,Payment Success
TXN-004552,WS/MP18088/2026,RAJA K,150000.0,2026-07-30,150000.0 - 150000.0,0.0,LOW,Payment Success
TXN-004553,WS/MP18145/2025,BHAGYADHAR SAHOO,1340703.0,2026-07-06,1340703.0 - 1340703.0,0.0,LOW,Payment Success
TXN-004554,WS/MP18076/2026,BASAVARAJU,375000.0,2026-07-06,375000.0 - 375000.0,0.0,LOW,Payment Success
TXN-004555,WS/MP18147/2025,DAKTAR MURMU,500000.0,2026-08-03,500000.0 - 500000.0,0.0,LOW,Payment Success
TXN-004556,WS/MP18147/2025,DAKTAR MURMU,500000.0,2026-08-03,500000.0 - 500000.0,0.0,LOW,Payment Success
TXN-004557,WS/MP18147/2025,DAKTAR MURMU,500000.0,2026-08-03,500000.0 - 500000.0,0.0,LOW,Payment Success
TXN-004558,WS/MP394/2026,SELVA VARGEESE SOOSAIMICHEAL,845299.0,2026-07-06,845299.0 - 845299.0,0.0,LOW,Payment Success
TXN-004559,WS/MP18138/2026,Thanghuliana,1125000.0,2026-07-28,1125000.0 - 1125000.0,0.0,LOW,Payment Success
TXN-004560,WS/MP18058/2025,Khokhar Gram Panchayat,500000.0,2026-07-08,500000.0 - 500000.0,0.0,LOW,Payment Success
TXN-004561,WS/MP18058/2025,Khokhar Gram Panchayat,500000.0,2026-07-08,500000.0 - 500000.0,0.0,LOW,Payment Success
TXN-004562,WS/MP18042/2025,VAMSI ENTERPRISES,798355.0,2026-08-18,798355.0 - 798355.0,0.0,LOW,Payment Success
TXN-004563,WS/MP18155/2025,Pardeep Electrical,34920.0,2026-07-10,34920.0 - 34920.0,0.0,LOW,Payment Success
TXN-004564,WS/MP640/2026,GRAM PANCHAYAT DHANOURA,375000.0,2026-07-09,375000.0 - 375000.0,0.0,LOW,Payment Success
TXN-004565,WS/MP18161/2025,guddi devi,998824.0,2026-07-06,6022.8 - 799053.2,148.1316049664876,HIGH,Payment Success
TXN-004566,WS/MP18158/2025,Bawa Building Material,14400.0,2026-07-07,14400.0 - 14400.0,0.0,LOW,Payment Success
TXN-004567,WS/MP18158/2025,GS Building Material Store,17150.0,2026-07-07,17150.0 - 17150.0,0.0,LOW,Payment Success
TXN-004568,WS/MP18158/2025,Bhagwan Singh,29522.0,2026-07-07,10248.2 - 426030.5,-86.46644908403734,HIGH,Payment Success
TXN-004569,WS/MP18326/2025,GUGALIYANA GRAM PANCHAYAT,298052.0,2026-07-03,298052.0 - 298052.0,0.0,LOW,Payment Success
TXN-004570,WS/MP18158/2025,Abhishek Paint Store,2573.0,2026-07-06,2573.0 - 2573.0,0.0,LOW,Payment Success
TXN-004571,WS/MP18054/2025,JASKA GRAM PANCHAYAT,200000.0,2026-07-06,200000.0 - 200000.0,0.0,LOW,Payment Success
TXN-004572,WS/MP18120/2026,Gram Panchayat Karylay Talni Tq Hadgaon,495989.0,2026-07-13,495989.0 - 495989.0,0.0,LOW,Payment Success
TXN-004573,WS/MP380/2025,Manpreet Singh,63920.0,2026-07-28,63920.0 - 63920.0,0.0,LOW,Payment Success
TXN-004574,WS/MP18054/2025,DHARAMPUR BHALTHI GRAM PANCHAYAT,200000.0,2026-08-03,200000.0 - 200000.0,0.0,LOW,Payment Success
TXN-004575,WS/MP18275/2025,RAMESH CONSTRUCTION,730885.0,2026-07-27,730885.0 - 730885.0,0.0,LOW,Payment Success
TXN-004576,WS/MP591/2025,DHARAM TRADERS,496994.0,2026-07-30,490694.9 - 496294.1,0.7091264441650312,LOW,Payment Success
TXN-004577,WS/MP591/2025,DHARAM TRADERS,489995.0,2026-08-24,490694.9 - 496294.1,-0.7091264441650312,LOW,Payment Success
TXN-004578,WS/MP600/2025,Abdul Wahid Magray,417000.0,2026-07-18,417000.0 - 417000.0,0.0,LOW,Payment Success
TXN-004579,WS/MP640/2026,JILA CHANDRAWANSHI GOULI MAHASABHA SAMITI BHOMA SEONI,375000.0,2026-07-09,150000.0 - 350000.0,50.0,HIGH,Payment Success
TXN-004580,WS/MP640/2026,JILA CHANDRAWANSHI GOULI MAHASABHA SAMITI BHOMA SEONI,125000.0,2026-08-20,150000.0 - 350000.0,-50.0,HIGH,Payment Success
TXN-004581,WS/MP640/2026,GRAM PANCHAYAT CHHUI,150000.0,2026-07-08,150000.0 - 150000.0,0.0,LOW,Payment Success
TXN-004582,WS/MP18188/2025,Reddys Engineeering Contractors,487552.0,2026-07-07,490009.0 - 499837.0,-1.4893225814924744,LOW,Payment Success
TXN-004583,WS/MP18188/2026,Reddys Engineeering Contractors,499837.0,2026-08-06,490009.0 - 499837.0,0.9928817209949832,LOW,Payment Success
TXN-004584,WS/MP18188/2026,Reddys Engineeering Contractors,499837.0,2026-08-06,490009.0 - 499837.0,0.9928817209949832,LOW,Payment Success
TXN-004585,WS/MP18136/2026,FOR SEVA CONSTRUCTION,995588.0,2026-07-09,995588.0 - 995588.0,0.0,LOW,Payment Success
TXN-004586,WS/MP346/2025,ANUDEV J C,531664.0,2026-07-14,531664.0 - 531664.0,0.0,LOW,Payment Success
TXN-004587,WS/MP18188/2025,KavalYellaiah,125000.0,2026-07-11,125000.0 - 125000.0,0.0,LOW,Payment Success
TXN-004588,WS/MP18312/2026,N RAMALINGAM,1799018.0,2026-07-31,1799018.0 - 1799018.0,0.0,LOW,Payment Success
TXN-004589,WS/MP18324/2025,SALADI GRAM PANCHAYAT,300000.0,2026-07-04,300000.0 - 300000.0,0.0,LOW,Payment Success
TXN-004590,WS/MP18048/2025,VIRANI AGRO,249998.0,2026-07-16,249998.0 - 249998.0,0.0,LOW,Payment Success
TXN-004591,WS/MP18345/2026,MAA VAISHNO TRADERS,300000.0,2026-07-03,210000.0 - 290000.0,20.0,MEDIUM,Payment Success
TXN-004592,WS/MP18345/2026,MAA VAISHNO TRADERS,200000.0,2026-08-07,210000.0 - 290000.0,-20.0,MEDIUM,Payment Success
TXN-004593,WS/MP640/2026,GRAM PANCHAYAT INDRI MAWAI,300000.0,2026-07-03,300000.0 - 300000.0,0.0,LOW,Payment Success
TXN-004594,WS/MP640/2026,GRAM PANCHAYAT JHIRIYA,300000.0,2026-07-03,300000.0 - 300000.0,0.0,LOW,Payment Success
TXN-004595,WS/MP640/2026,GRAM PANCHAYAT BARKHEDA,300000.0,2026-07-03,300000.0 - 300000.0,0.0,LOW,Payment Success
TXN-004596,WS/MP394/2026,Prince kumar,989098.0,2026-07-06,989098.0 - 989098.0,0.0,LOW,Payment Success
TXN-004597,WS/MP18389/2026,SHAPURAM GANESH,399284.0,2026-07-04,399284.0 - 399284.0,0.0,LOW,Payment Success
TXN-004598,WS/MP021/2025,RAJENDRA PRASAD,9072.0,2026-07-10,9072.0 - 9072.0,0.0,LOW,Payment Success
TXN-004599,WS/MP021/2025,MUNNA LAL,9072.0,2026-07-10,9072.0 - 9072.0,0.0,LOW,Payment Success
TXN-004600,WS/MP021/2025,MADAN CHANDRA,8316.0,2026-07-10,8316.0 - 8316.0,0.0,LOW,Payment Success
TXN-004601,WS/MP18123/2026,Abhishek Sanjay Patil Kasaba Tarale Tal Radhanagari,1200000.0,2026-07-03,1200000.0 - 1200000.0,0.0,LOW,Payment Success
TXN-004602,WS/MP18023/2026,Construction of Crematoriums at Gaon Dimoria,360000.0,2026-07-04,360000.0 - 360000.0,0.0,LOW,Payment Success
TXN-004603,WS/MP18429/2026,SARPANCH GRAM PANCHAYAT ADAMPUR TQ BILOLI,992255.0,2026-07-20,992255.0 - 992255.0,0.0,LOW,Payment Success
TXN-004604,WS/MP18320/2025,B M CONSTRUCTION,500000.0,2026-07-03,500000.0 - 500000.0,0.0,LOW,Payment Success
TXN-004605,WS/MP18320/2025,KUMBHASAN GRAM PANCHAYAT,500000.0,2026-07-21,500000.0 - 500000.0,0.0,LOW,Payment Success
TXN-004606,WS/MP522/2025,Sri Venkateswara Constructions,454338.0,2026-07-07,454338.0 - 454338.0,0.0,LOW,Payment Success
TXN-004607,WS/MP761/2026,K RAMESH REDDY,400000.0,2026-07-04,400000.0 - 400000.0,0.0,LOW,Payment Success
TXN-004608,WS/MP343/2025,RAJ KUMAR N,233917.0,2026-07-04,233917.0 - 233917.0,0.0,LOW,Payment Success
TXN-004609,WS/MP18020/2026,DEKA BROTHERS EMTERPRISE,84004.0,2026-08-04,84004.0 - 84004.0,0.0,LOW,Payment Success
TXN-004610,WS/MP18346/2025,Satya SaiKalyan Sewa Samiti,388763.0,2026-07-06,388763.0 - 388763.0,0.0,LOW,Payment Success
TXN-004611,WS/MP18041/2025,SILIGURI TRADING CENTRE Previously Known as G AND D TRADERS,820100.0,2026-07-03,820100.0 - 820100.0,0.0,LOW,Payment Success
TXN-004612,WS/MP18041/2025,SILIGURI TRADING CENTRE Previously Known as G AND D TRADERS,820100.0,2026-07-03,820100.0 - 820100.0,0.0,LOW,Payment Success
TXN-004613,WS/MP18041/2025,SILIGURI TRADING CENTRE Previously Known as G AND D TRADERS,820100.0,2026-07-03,820100.0 - 820100.0,0.0,LOW,Payment Success
TXN-004614,WS/MP18041/2025,SILIGURI TRADING CENTRE Previously Known as G AND D TRADERS,820100.0,2026-07-03,820100.0 - 820100.0,0.0,LOW,Payment Success
TXN-004615,WS/MP18041/2025,SILIGURI TRADING CENTRE Previously Known as G AND D TRADERS,820100.0,2026-07-03,820100.0 - 820100.0,0.0,LOW,Payment Success
TXN-004616,WS/MP18041/2025,SILIGURI TRADING CENTRE Previously Known as G AND D TRADERS,820100.0,2026-07-03,820100.0 - 820100.0,0.0,LOW,Payment Success
TXN-004617,WS/MP18041/2025,SILIGURI TRADING CENTRE Previously Known as G AND D TRADERS,820100.0,2026-07-03,820100.0 - 820100.0,0.0,LOW,Payment Success
TXN-004618,WS/MP18041/2025,SILIGURI TRADING CENTRE Previously Known as G AND D TRADERS,820100.0,2026-07-03,820100.0 - 820100.0,0.0,LOW,Payment Success
TXN-004619,WS/MP18041/2025,SILIGURI TRADING CENTRE Previously Known as G AND D TRADERS,820100.0,2026-07-03,820100.0 - 820100.0,0.0,LOW,Payment Success
TXN-004620,WS/MP18041/2025,SILIGURI TRADING CENTRE Previously Known as G AND D TRADERS,820100.0,2026-07-03,820100.0 - 820100.0,0.0,LOW,Payment Success
TXN-004621,WS/MP18041/2025,SILIGURI TRADING CENTRE Previously Known as G AND D TRADERS,820100.0,2026-07-03,820100.0 - 820100.0,0.0,LOW,Payment Success
TXN-004622,WS/MP18041/2025,SILIGURI TRADING CENTRE Previously Known as G AND D TRADERS,820100.0,2026-07-03,820100.0 - 820100.0,0.0,LOW,Payment Success
TXN-004623,WS/MP18041/2025,SILIGURI TRADING CENTRE Previously Known as G AND D TRADERS,820100.0,2026-07-03,820100.0 - 820100.0,0.0,LOW,Payment Success
TXN-004624,WS/MP18041/2025,SILIGURI TRADING CENTRE Previously Known as G AND D TRADERS,820100.0,2026-07-03,820100.0 - 820100.0,0.0,LOW,Payment Success
TXN-004625,WS/MP18041/2025,SILIGURI TRADING CENTRE Previously Known as G AND D TRADERS,820100.0,2026-07-03,820100.0 - 820100.0,0.0,LOW,Payment Success
TXN-004626,WS/MP18041/2025,SILIGURI TRADING CENTRE Previously Known as G AND D TRADERS,820100.0,2026-07-03,820100.0 - 820100.0,0.0,LOW,Payment Success
TXN-004627,WS/MP18154/2025,lakhwinder singh,90200.0,2026-07-06,29520.0 - 78160.0,67.53343239227341,HIGH,Payment Success
TXN-004628,WS/MP18154/2025,LAKHWINDER SINGH,30000.0,2026-07-06,29520.0 - 78160.0,-44.27934621099554,MEDIUM,Payment Success
TXN-004629,WS/MP18154/2025,LAKHWINDER SINGH,29400.0,2026-07-06,29520.0 - 78160.0,-45.393759286775634,MEDIUM,Payment Success
TXN-004630,WS/MP18024/2025,JADU RAIDANGIA,59200.0,2026-07-09,59200.0 - 59200.0,0.0,LOW,Payment Success
TXN-004631,WS/MP18115/2025,Bhavesh Ajay Kuthe,697088.0,2026-07-06,697088.0 - 697088.0,0.0,LOW,Payment Success
TXN-004632,WS/MP18116/2026,Kiran shashikant Gaikwad,996904.0,2026-07-03,996904.0 - 996904.0,0.0,LOW,Payment Success
TXN-004633,WS/MP18089/2026,MOUNESH,375000.0,2026-07-14,375000.0 - 375000.0,0.0,LOW,Payment Success
TXN-004634,WS/MP18104/2025,YVS Fitness and gym equipment,100000.0,2026-07-24,100000.0 - 100000.0,0.0,LOW,Payment Success
TXN-004635,WS/MP18429/2026,Giridhar Digambar PatilDakore,1975637.0,2026-07-07,1975637.0 - 1975637.0,0.0,LOW,Payment Success
TXN-004636,WS/MP18352/2025,Aparna Construction and Suppliers,406316.0,2026-07-04,406316.0 - 406316.0,0.0,LOW,Payment Success
TXN-004637,WS/MP18088/2026,Rahul K P,249500.0,2026-07-30,249500.0 - 249500.0,0.0,LOW,Payment Success
TXN-004638,WS/MP18158/2025,Fulpreet Singh,46516.0,2026-07-09,46516.0 - 46516.0,0.0,LOW,Payment Success
TXN-004639,WS/MP18126/2025,SWAMI POWERTECH,169529.0,2026-07-15,169529.0 - 169530.0,-0.00029493392005521164,LOW,Payment Success
TXN-004640,WS/MP18126/2025,SWAMI POWERTECH,169529.0,2026-07-15,169529.0 - 169530.0,-0.00029493392005521164,LOW,Payment Success
TXN-004641,WS/MP18126/2025,SWAMI POWERTECH,169529.0,2026-07-15,169529.0 - 169530.0,-0.00029493392005521164,LOW,Payment Success
TXN-004642,WS/MP18126/2025,SWAMI POWERTECH,169529.0,2026-07-15,169529.0 - 169530.0,-0.00029493392005521164,LOW,Payment Success
TXN-004643,WS/MP18126/2025,SWAMI POWERTECH,169529.0,2026-07-15,169529.0 - 169530.0,-0.00029493392005521164,LOW,Payment Success
TXN-004644,WS/MP18126/2025,SWAMI POWERTECH,169529.0,2026-07-15,169529.0 - 169530.0,-0.00029493392005521164,LOW,Payment Success
TXN-004645,WS/MP18126/2025,SWAMI POWERTECH,169529.0,2026-07-15,169529.0 - 169530.0,-0.00029493392005521164,LOW,Payment Success
TXN-004646,WS/MP18126/2025,SWAMI POWERTECH,169529.0,2026-07-15,169529.0 - 169530.0,-0.00029493392005521164,LOW,Payment Success
TXN-004647,WS/MP18126/2025,SWAMI POWERTECH,169529.0,2026-07-15,169529.0 - 169530.0,-0.00029493392005521164,LOW,Payment Success
TXN-004648,WS/MP18126/2025,SWAMI POWERTECH,169529.0,2026-07-15,169529.0 - 169530.0,-0.00029493392005521164,LOW,Payment Success
TXN-004649,WS/MP18126/2025,SWAMI POWERTECH,169529.0,2026-07-15,169529.0 - 169530.0,-0.00029493392005521164,LOW,Payment Success
TXN-004650,WS/MP18126/2025,SWAMI POWERTECH,169529.0,2026-07-15,169529.0 - 169530.0,-0.00029493392005521164,LOW,Payment Success
TXN-004651,WS/MP18126/2025,SWAMI POWERTECH,169529.0,2026-07-16,169529.0 - 169530.0,-0.00029493392005521164,LOW,Payment Success
TXN-004652,WS/MP18126/2025,SWAMI POWERTECH,169529.0,2026-07-16,169529.0 - 169530.0,-0.00029493392005521164,LOW,Payment Success
TXN-004653,WS/MP18126/2025,SWAMI POWERTECH,169529.0,2026-07-16,169529.0 - 169530.0,-0.00029493392005521164,LOW,Payment Success
TXN-004654,WS/MP18126/2025,SWAMI POWERTECH,169529.0,2026-07-16,169529.0 - 169530.0,-0.00029493392005521164,LOW,Payment Success
TXN-004655,WS/MP18126/2025,SWAMI POWERTECH,169529.0,2026-07-16,169529.0 - 169530.0,-0.00029493392005521164,LOW,Payment Success
TXN-004656,WS/MP18126/2025,SWAMI POWERTECH,169529.0,2026-07-16,169529.0 - 169530.0,-0.00029493392005521164,LOW,Payment Success
TXN-004657,WS/MP18126/2025,SWAMI POWERTECH,169529.0,2026-07-16,169529.0 - 169530.0,-0.00029493392005521164,LOW,Payment Success
TXN-004658,WS/MP18126/2025,SWAMI POWERTECH,169529.0,2026-07-16,169529.0 - 169530.0,-0.00029493392005521164,LOW,Payment Success
TXN-004659,WS/MP18126/2025,SWAMI POWERTECH,169529.0,2026-07-16,169529.0 - 169530.0,-0.00029493392005521164,LOW,Payment Success
TXN-004660,WS/MP18126/2025,SWAMI POWERTECH,169529.0,2026-07-16,169529.0 - 169530.0,-0.00029493392005521164,LOW,Payment Success
TXN-004661,WS/MP18126/2025,SWAMI POWERTECH,169529.0,2026-07-16,169529.0 - 169530.0,-0.00029493392005521164,LOW,Payment Success
TXN-004662,WS/MP18126/2025,SWAMI POWERTECH,169529.0,2026-07-16,169529.0 - 169530.0,-0.00029493392005521164,LOW,Payment Success
TXN-004663,WS/MP18126/2025,SWAMI POWERTECH,169529.0,2026-07-16,169529.0 - 169530.0,-0.00029493392005521164,LOW,Payment Success
TXN-004664,WS/MP18126/2025,SWAMI POWERTECH,169529.0,2026-07-16,169529.0 - 169530.0,-0.00029493392005521164,LOW,Payment Success
TXN-004665,WS/MP18126/2025,SWAMI POWERTECH,169529.0,2026-07-16,169529.0 - 169530.0,-0.00029493392005521164,LOW,Payment Success
TXN-004666,WS/MP18126/2025,SWAMI POWERTECH,169529.0,2026-07-16,169529.0 - 169530.0,-0.00029493392005521164,LOW,Payment Success
TXN-004667,WS/MP18126/2025,SWAMI POWERTECH,169529.0,2026-07-16,169529.0 - 169530.0,-0.00029493392005521164,LOW,Payment Success
TXN-004668,WS/MP18126/2025,SWAMI POWERTECH,169529.0,2026-07-16,169529.0 - 169530.0,-0.00029493392005521164,LOW,Payment Success
TXN-004669,WS/MP18126/2025,SWAMI POWERTECH,169529.0,2026-07-16,169529.0 - 169530.0,-0.00029493392005521164,LOW,Payment Success
TXN-004670,WS/MP18126/2025,SWAMI POWERTECH,169529.0,2026-07-16,169529.0 - 169530.0,-0.00029493392005521164,LOW,Payment Success
TXN-004671,WS/MP18126/2025,SWAMI POWERTECH,169529.0,2026-07-15,169529.0 - 169530.0,-0.00029493392005521164,LOW,Payment Success
TXN-004672,WS/MP18126/2025,SWAMI POWERTECH,169529.0,2026-07-20,169529.0 - 169530.0,-0.00029493392005521164,LOW,Payment Success
TXN-004673,WS/MP18126/2025,SWAMI POWERTECH,169529.0,2026-07-20,169529.0 - 169530.0,-0.00029493392005521164,LOW,Payment Success
TXN-004674,WS/MP18126/2025,SWAMI POWERTECH,169529.0,2026-07-20,169529.0 - 169530.0,-0.00029493392005521164,LOW,Payment Success
TXN-004675,WS/MP18126/2025,SWAMI POWERTECH,169529.0,2026-07-20,169529.0 - 169530.0,-0.00029493392005521164,LOW,Payment Success
TXN-004676,WS/MP18126/2025,SWAMI POWERTECH,169529.0,2026-07-20,169529.0 - 169530.0,-0.00029493392005521164,LOW,Payment Success
TXN-004677,WS/MP18126/2025,SWAMI POWERTECH,169529.0,2026-07-20,169529.0 - 169530.0,-0.00029493392005521164,LOW,Payment Success
TXN-004678,WS/MP18126/2025,SWAMI POWERTECH,169529.0,2026-07-20,169529.0 - 169530.0,-0.00029493392005521164,LOW,Payment Success
TXN-004679,WS/MP18126/2025,SWAMI POWERTECH,169529.0,2026-07-20,169529.0 - 169530.0,-0.00029493392005521164,LOW,Payment Success
TXN-004680,WS/MP18126/2025,SWAMI POWERTECH,169529.0,2026-07-20,169529.0 - 169530.0,-0.00029493392005521164,LOW,Payment Success
TXN-004681,WS/MP18126/2025,SWAMI POWERTECH,169529.0,2026-07-20,169529.0 - 169530.0,-0.00029493392005521164,LOW,Payment Success
TXN-004682,WS/MP18126/2025,SWAMI POWERTECH,169529.0,2026-07-20,169529.0 - 169530.0,-0.00029493392005521164,LOW,Payment Success
TXN-004683,WS/MP18126/2025,SWAMI POWERTECH,169529.0,2026-07-20,169529.0 - 169530.0,-0.00029493392005521164,LOW,Payment Success
TXN-004684,WS/MP18126/2025,SWAMI POWERTECH,169529.0,2026-07-20,169529.0 - 169530.0,-0.00029493392005521164,LOW,Payment Success
TXN-004685,WS/MP18126/2025,SWAMI POWERTECH,169529.0,2026-07-20,169529.0 - 169530.0,-0.00029493392005521164,LOW,Payment Success
TXN-004686,WS/MP18126/2025,SWAMI POWERTECH,169529.0,2026-07-20,169529.0 - 169530.0,-0.00029493392005521164,LOW,Payment Success
TXN-004687,WS/MP18126/2025,SWAMI POWERTECH,169529.0,2026-07-20,169529.0 - 169530.0,-0.00029493392005521164,LOW,Payment Success
TXN-004688,WS/MP18126/2025,SWAMI POWERTECH,169529.0,2026-07-20,169529.0 - 169530.0,-0.00029493392005521164,LOW,Payment Success
TXN-004689,WS/MP18126/2025,SWAMI POWERTECH,169529.0,2026-07-20,169529.0 - 169530.0,-0.00029493392005521164,LOW,Payment Success
TXN-004690,WS/MP18126/2025,SWAMI POWERTECH,169529.0,2026-07-20,169529.0 - 169530.0,-0.00029493392005521164,LOW,Payment Success
TXN-004691,WS/MP18126/2025,SWAMI POWERTECH,169529.0,2026-07-20,169529.0 - 169530.0,-0.00029493392005521164,LOW,Payment Success
TXN-004692,WS/MP18126/2025,SWAMI POWERTECH,169529.0,2026-07-20,169529.0 - 169530.0,-0.00029493392005521164,LOW,Payment Success
TXN-004693,WS/MP18126/2025,SWAMI POWERTECH,169529.0,2026-07-20,169529.0 - 169530.0,-0.00029493392005521164,LOW,Payment Success
TXN-004694,WS/MP18126/2025,SWAMI POWERTECH,169529.0,2026-07-20,169529.0 - 169530.0,-0.00029493392005521164,LOW,Payment Success
TXN-004695,WS/MP18126/2025,SWAMI POWERTECH,169529.0,2026-07-20,169529.0 - 169530.0,-0.00029493392005521164,LOW,Payment Success
TXN-004696,WS/MP18126/2025,SWAMI POWERTECH,169529.0,2026-07-20,169529.0 - 169530.0,-0.00029493392005521164,LOW,Payment Success
TXN-004697,WS/MP18126/2025,SWAMI POWERTECH,169529.0,2026-07-20,169529.0 - 169530.0,-0.00029493392005521164,LOW,Payment Success
TXN-004698,WS/MP18126/2025,SWAMI POWERTECH,169529.0,2026-07-20,169529.0 - 169530.0,-0.00029493392005521164,LOW,Payment Success
TXN-004699,WS/MP18126/2025,SWAMI POWERTECH,169529.0,2026-07-20,169529.0 - 169530.0,-0.00029493392005521164,LOW,Payment Success
TXN-004700,WS/MP18126/2025,SWAMI POWERTECH,169529.0,2026-07-20,169529.0 - 169530.0,-0.00029493392005521164,LOW,Payment Success
TXN-004701,WS/MP18126/2025,SWAMI POWERTECH,169529.0,2026-07-20,169529.0 - 169530.0,-0.00029493392005521164,LOW,Payment Success
TXN-004702,WS/MP18126/2025,SWAMI POWERTECH,169529.0,2026-07-20,169529.0 - 169530.0,-0.00029493392005521164,LOW,Payment Success
TXN-004703,WS/MP18126/2025,SWAMI POWERTECH,169529.0,2026-07-20,169529.0 - 169530.0,-0.00029493392005521164,LOW,Payment Success
TXN-004704,WS/MP18126/2025,SWAMI POWERTECH,169529.0,2026-07-20,169529.0 - 169530.0,-0.00029493392005521164,LOW,Payment Success
TXN-004705,WS/MP18126/2025,SWAMI POWERTECH,169529.0,2026-07-20,169529.0 - 169530.0,-0.00029493392005521164,LOW,Payment Success
TXN-004706,WS/MP18126/2025,SWAMI POWERTECH,169529.0,2026-07-20,169529.0 - 169530.0,-0.00029493392005521164,LOW,Payment Success
TXN-004707,WS/MP18126/2025,SWAMI POWERTECH,169529.0,2026-07-20,169529.0 - 169530.0,-0.00029493392005521164,LOW,Payment Success
TXN-004708,WS/MP18126/2025,SWAMI POWERTECH,169529.0,2026-07-20,169529.0 - 169530.0,-0.00029493392005521164,LOW,Payment Success
TXN-004709,WS/MP18126/2025,SWAMI POWERTECH,169529.0,2026-07-15,169529.0 - 169530.0,-0.00029493392005521164,LOW,Payment Success
TXN-004710,WS/MP18126/2025,SWAMI POWERTECH,169529.0,2026-07-15,169529.0 - 169530.0,-0.00029493392005521164,LOW,Payment Success
TXN-004711,WS/MP18126/2025,SWAMI POWERTECH,169529.0,2026-07-15,169529.0 - 169530.0,-0.00029493392005521164,LOW,Payment Success
TXN-004712,WS/MP18126/2025,SWAMI POWERTECH,169529.0,2026-07-15,169529.0 - 169530.0,-0.00029493392005521164,LOW,Payment Success
TXN-004713,WS/MP18126/2025,SWAMI POWERTECH,169529.0,2026-07-15,169529.0 - 169530.0,-0.00029493392005521164,LOW,Payment Success
TXN-004714,WS/MP18126/2025,SWAMI POWERTECH,169529.0,2026-07-15,169529.0 - 169530.0,-0.00029493392005521164,LOW,Payment Success
TXN-004715,WS/MP18126/2025,SWAMI POWERTECH,169529.0,2026-07-15,169529.0 - 169530.0,-0.00029493392005521164,LOW,Payment Success
TXN-004716,WS/MP18126/2026,SWAMI POWERTECH,169529.0,2026-07-15,169529.0 - 169530.0,-0.00029493392005521164,LOW,Payment Success
TXN-004717,WS/MP18126/2025,SWAMI POWERTECH,169529.0,2026-07-15,169529.0 - 169530.0,-0.00029493392005521164,LOW,Payment Success
TXN-004718,WS/MP18126/2025,SWAMI POWERTECH,169529.0,2026-07-15,169529.0 - 169530.0,-0.00029493392005521164,LOW,Payment Success
TXN-004719,WS/MP18126/2026,SWAMI POWERTECH,169529.0,2026-07-15,169529.0 - 169530.0,-0.00029493392005521164,LOW,Payment Success
TXN-004720,WS/MP18126/2026,SWAMI POWERTECH,169529.0,2026-07-15,169529.0 - 169530.0,-0.00029493392005521164,LOW,Payment Success
TXN-004721,WS/MP18126/2025,SWAMI POWERTECH,169529.0,2026-07-15,169529.0 - 169530.0,-0.00029493392005521164,LOW,Payment Success
TXN-004722,WS/MP18126/2025,SWAMI POWERTECH,169529.0,2026-07-15,169529.0 - 169530.0,-0.00029493392005521164,LOW,Payment Success
TXN-004723,WS/MP18126/2025,SWAMI POWERTECH,169529.0,2026-07-15,169529.0 - 169530.0,-0.00029493392005521164,LOW,Payment Success
TXN-004724,WS/MP18126/2025,SWAMI POWERTECH,169529.0,2026-07-15,169529.0 - 169530.0,-0.00029493392005521164,LOW,Payment Success
TXN-004725,WS/MP18126/2025,SWAMI POWERTECH,169529.0,2026-07-15,169529.0 - 169530.0,-0.00029493392005521164,LOW,Payment Success
TXN-004726,WS/MP18126/2025,SWAMI POWERTECH,169529.0,2026-07-15,169529.0 - 169530.0,-0.00029493392005521164,LOW,Payment Success
TXN-004727,WS/MP18126/2025,SWAMI POWERTECH,169529.0,2026-07-15,169529.0 - 169530.0,-0.00029493392005521164,LOW,Payment Success
TXN-004728,WS/MP18126/2025,SWAMI POWERTECH,169530.0,2026-07-30,169529.0 - 169530.0,0.00029493392005521164,LOW,Payment Success
TXN-004729,WS/MP18126/2025,SWAMI POWERTECH,169530.0,2026-07-30,169529.0 - 169530.0,0.00029493392005521164,LOW,Payment Success
TXN-004730,WS/MP18126/2025,SWAMI POWERTECH,169530.0,2026-07-30,169529.0 - 169530.0,0.00029493392005521164,LOW,Payment Success
TXN-004731,WS/MP18126/2025,SWAMI POWERTECH,169530.0,2026-07-30,169529.0 - 169530.0,0.00029493392005521164,LOW,Payment Success
TXN-004732,WS/MP18126/2025,SWAMI POWERTECH,169530.0,2026-07-30,169529.0 - 169530.0,0.00029493392005521164,LOW,Payment Success
TXN-004733,WS/MP18126/2025,SWAMI POWERTECH,169530.0,2026-07-30,169529.0 - 169530.0,0.00029493392005521164,LOW,Payment Success
TXN-004734,WS/MP18126/2025,SWAMI POWERTECH,169530.0,2026-07-30,169529.0 - 169530.0,0.00029493392005521164,LOW,Payment Success
TXN-004735,WS/MP18126/2025,SWAMI POWERTECH,169530.0,2026-07-30,169529.0 - 169530.0,0.00029493392005521164,LOW,Payment Success
TXN-004736,WS/MP18126/2025,SWAMI POWERTECH,169530.0,2026-07-30,169529.0 - 169530.0,0.00029493392005521164,LOW,Payment Success
TXN-004737,WS/MP18126/2025,SWAMI POWERTECH,169530.0,2026-07-30,169529.0 - 169530.0,0.00029493392005521164,LOW,Payment Success
TXN-004738,WS/MP18126/2025,SWAMI POWERTECH,169530.0,2026-07-30,169529.0 - 169530.0,0.00029493392005521164,LOW,Payment Success
TXN-004739,WS/MP18126/2025,SWAMI POWERTECH,169530.0,2026-07-30,169529.0 - 169530.0,0.00029493392005521164,LOW,Payment Success
TXN-004740,WS/MP18126/2025,SWAMI POWERTECH,169530.0,2026-07-30,169529.0 - 169530.0,0.00029493392005521164,LOW,Payment Success
TXN-004741,WS/MP18126/2025,SWAMI POWERTECH,169530.0,2026-07-30,169529.0 - 169530.0,0.00029493392005521164,LOW,Payment Success
TXN-004742,WS/MP18126/2025,SWAMI POWERTECH,169530.0,2026-07-30,169529.0 - 169530.0,0.00029493392005521164,LOW,Payment Success
TXN-004743,WS/MP18126/2025,SWAMI POWERTECH,169530.0,2026-07-30,169529.0 - 169530.0,0.00029493392005521164,LOW,Payment Success
TXN-004744,WS/MP18126/2025,SWAMI POWERTECH,169530.0,2026-07-30,169529.0 - 169530.0,0.00029493392005521164,LOW,Payment Success
TXN-004745,WS/MP18126/2025,SWAMI POWERTECH,169530.0,2026-07-30,169529.0 - 169530.0,0.00029493392005521164,LOW,Payment Success
TXN-004746,WS/MP18126/2025,SWAMI POWERTECH,169530.0,2026-07-30,169529.0 - 169530.0,0.00029493392005521164,LOW,Payment Success
TXN-004747,WS/MP18126/2025,SWAMI POWERTECH,169530.0,2026-07-30,169529.0 - 169530.0,0.00029493392005521164,LOW,Payment Success
TXN-004748,WS/MP18126/2025,SHRI GANESH ELECTRICAL AND CONTRACTER,169530.0,2026-07-30,169529.0 - 169530.0,0.00029493392005521164,LOW,Payment Success
TXN-004749,WS/MP18126/2025,SHRI GANESH ELECTRICAL AND CONTRACTER,169530.0,2026-07-30,169529.0 - 169530.0,0.00029493392005521164,LOW,Payment Success
TXN-004750,WS/MP18126/2025,SHRI GANESH ELECTRICAL AND CONTRACTER,169530.0,2026-07-30,169529.0 - 169530.0,0.00029493392005521164,LOW,Payment Success
TXN-004751,WS/MP18126/2025,SHRI GANESH ELECTRICAL AND CONTRACTER,169530.0,2026-07-30,169529.0 - 169530.0,0.00029493392005521164,LOW,Payment Success
TXN-004752,WS/MP18126/2025,SHRI GANESH ELECTRICAL AND CONTRACTER,169530.0,2026-07-30,169529.0 - 169530.0,0.00029493392005521164,LOW,Payment Success
TXN-004753,WS/MP18126/2025,SHRI GANESH ELECTRICAL AND CONTRACTER,169530.0,2026-07-30,169529.0 - 169530.0,0.00029493392005521164,LOW,Payment Success
TXN-004754,WS/MP18126/2025,SHRI GANESH ELECTRICAL AND CONTRACTER,169530.0,2026-07-30,169529.0 - 169530.0,0.00029493392005521164,LOW,Payment Success
TXN-004755,WS/MP18126/2025,SHRI GANESH ELECTRICAL AND CONTRACTER,169530.0,2026-07-30,169529.0 - 169530.0,0.00029493392005521164,LOW,Payment Success
TXN-004756,WS/MP18126/2025,SHRI GANESH ELECTRICAL AND CONTRACTER,169530.0,2026-07-30,169529.0 - 169530.0,0.00029493392005521164,LOW,Payment Success
TXN-004757,WS/MP18126/2025,SHRI GANESH ELECTRICAL AND CONTRACTER,169530.0,2026-07-30,169529.0 - 169530.0,0.00029493392005521164,LOW,Payment Success
TXN-004758,WS/MP18126/2025,SHRI GANESH ELECTRICAL AND CONTRACTER,169530.0,2026-07-30,169529.0 - 169530.0,0.00029493392005521164,LOW,Payment Success
TXN-004759,WS/MP18126/2025,SHRI GANESH ELECTRICAL AND CONTRACTER,169530.0,2026-07-30,169529.0 - 169530.0,0.00029493392005521164,LOW,Payment Success
TXN-004760,WS/MP18126/2025,SHRI GANESH ELECTRICAL AND CONTRACTER,169530.0,2026-07-30,169529.0 - 169530.0,0.00029493392005521164,LOW,Payment Success
TXN-004761,WS/MP18126/2025,SHRI GANESH ELECTRICAL AND CONTRACTER,169530.0,2026-07-30,169529.0 - 169530.0,0.00029493392005521164,LOW,Payment Success
TXN-004762,WS/MP18126/2025,SHRI GANESH ELECTRICAL AND CONTRACTER,169530.0,2026-07-30,169529.0 - 169530.0,0.00029493392005521164,LOW,Payment Success
TXN-004763,WS/MP18126/2025,SHRI GANESH ELECTRICAL AND CONTRACTER,169530.0,2026-07-30,169529.0 - 169530.0,0.00029493392005521164,LOW,Payment Success
TXN-004764,WS/MP18126/2025,SHRI GANESH ELECTRICAL AND CONTRACTER,169530.0,2026-07-30,169529.0 - 169530.0,0.00029493392005521164,LOW,Payment Success
TXN-004765,WS/MP18126/2025,SHRI GANESH ELECTRICAL AND CONTRACTER,169530.0,2026-07-30,169529.0 - 169530.0,0.00029493392005521164,LOW,Payment Success
TXN-004766,WS/MP18126/2025,SHRI GANESH ELECTRICAL AND CONTRACTER,169530.0,2026-07-30,169529.0 - 169530.0,0.00029493392005521164,LOW,Payment Success
TXN-004767,WS/MP18126/2025,SHRI GANESH ELECTRICAL AND CONTRACTER,169530.0,2026-08-04,169529.0 - 169530.0,0.00029493392005521164,LOW,Payment Success
TXN-004768,WS/MP18126/2025,SHRI GANESH ELECTRICAL AND CONTRACTER,169530.0,2026-07-30,169529.0 - 169530.0,0.00029493392005521164,LOW,Payment Success
TXN-004769,WS/MP18126/2025,SHRI GANESH ELECTRICAL AND CONTRACTER,169530.0,2026-07-30,169529.0 - 169530.0,0.00029493392005521164,LOW,Payment Success
TXN-004770,WS/MP18126/2025,SHRI GANESH ELECTRICAL AND CONTRACTER,169530.0,2026-07-30,169529.0 - 169530.0,0.00029493392005521164,LOW,Payment Success
TXN-004771,WS/MP18126/2025,SHRI GANESH ELECTRICAL AND CONTRACTER,169530.0,2026-07-30,169529.0 - 169530.0,0.00029493392005521164,LOW,Payment Success
TXN-004772,WS/MP18126/2025,SHRI GANESH ELECTRICAL AND CONTRACTER,169530.0,2026-07-30,169529.0 - 169530.0,0.00029493392005521164,LOW,Payment Success
TXN-004773,WS/MP18126/2025,SHRI GANESH ELECTRICAL AND CONTRACTER,169530.0,2026-07-30,169529.0 - 169530.0,0.00029493392005521164,LOW,Payment Success
TXN-004774,WS/MP18126/2025,SHRI GANESH ELECTRICAL AND CONTRACTER,169530.0,2026-07-30,169529.0 - 169530.0,0.00029493392005521164,LOW,Payment Success
TXN-004775,WS/MP18126/2025,SHRI GANESH ELECTRICAL AND CONTRACTER,169530.0,2026-07-30,169529.0 - 169530.0,0.00029493392005521164,LOW,Payment Success
TXN-004776,WS/MP18126/2025,SHRI GANESH ELECTRICAL AND CONTRACTER,169530.0,2026-07-30,169529.0 - 169530.0,0.00029493392005521164,LOW,Payment Success
TXN-004777,WS/MP18126/2025,SHRI GANESH ELECTRICAL AND CONTRACTER,169530.0,2026-07-30,169529.0 - 169530.0,0.00029493392005521164,LOW,Payment Success
TXN-004778,WS/MP18126/2025,SHRI GANESH ELECTRICAL AND CONTRACTER,169530.0,2026-07-30,169529.0 - 169530.0,0.00029493392005521164,LOW,Payment Success
TXN-004779,WS/MP18126/2025,SHRI GANESH ELECTRICAL AND CONTRACTER,169530.0,2026-07-30,169529.0 - 169530.0,0.00029493392005521164,LOW,Payment Success
TXN-004780,WS/MP18126/2025,SHRI GANESH ELECTRICAL AND CONTRACTER,169530.0,2026-07-30,169529.0 - 169530.0,0.00029493392005521164,LOW,Payment Success
TXN-004781,WS/MP18126/2025,SHRI GANESH ELECTRICAL AND CONTRACTER,169530.0,2026-07-30,169529.0 - 169530.0,0.00029493392005521164,LOW,Payment Success
TXN-004782,WS/MP18126/2025,SHRI GANESH ELECTRICAL AND CONTRACTER,169530.0,2026-07-30,169529.0 - 169530.0,0.00029493392005521164,LOW,Payment Success
TXN-004783,WS/MP18126/2025,SHRI GANESH ELECTRICAL AND CONTRACTER,169530.0,2026-07-30,169529.0 - 169530.0,0.00029493392005521164,LOW,Payment Success
TXN-004784,WS/MP18126/2025,SHRI GANESH ELECTRICAL AND CONTRACTER,169530.0,2026-07-30,169529.0 - 169530.0,0.00029493392005521164,LOW,Payment Success
TXN-004785,WS/MP18126/2025,SHRI GANESH ELECTRICAL AND CONTRACTER,169530.0,2026-07-30,169529.0 - 169530.0,0.00029493392005521164,LOW,Payment Success
TXN-004786,WS/MP18126/2025,SHRI GANESH ELECTRICAL AND CONTRACTER,169529.0,2026-07-15,169529.0 - 169530.0,-0.00029493392005521164,LOW,Payment Success
TXN-004787,WS/MP18126/2025,SHRI GANESH ELECTRICAL AND CONTRACTER,169529.0,2026-07-15,169529.0 - 169530.0,-0.00029493392005521164,LOW,Payment Success
TXN-004788,WS/MP18126/2025,SHRI GANESH ELECTRICAL AND CONTRACTER,169529.0,2026-07-15,169529.0 - 169530.0,-0.00029493392005521164,LOW,Payment Success
TXN-004789,WS/MP18126/2025,SHRI GANESH ELECTRICAL AND CONTRACTER,169529.0,2026-07-15,169529.0 - 169530.0,-0.00029493392005521164,LOW,Payment Success
TXN-004790,WS/MP18126/2025,SHRI GANESH ELECTRICAL AND CONTRACTER,169529.0,2026-07-15,169529.0 - 169530.0,-0.00029493392005521164,LOW,Payment Success
TXN-004791,WS/MP18126/2025,SHRI GANESH ELECTRICAL AND CONTRACTER,169529.0,2026-07-15,169529.0 - 169530.0,-0.00029493392005521164,LOW,Payment Success
TXN-004792,WS/MP18126/2025,SHRI GANESH ELECTRICAL AND CONTRACTER,169529.0,2026-07-15,169529.0 - 169530.0,-0.00029493392005521164,LOW,Payment Success
TXN-004793,WS/MP18126/2025,SHRI GANESH ELECTRICAL AND CONTRACTER,169529.0,2026-07-15,169529.0 - 169530.0,-0.00029493392005521164,LOW,Payment Success
TXN-004794,WS/MP18126/2025,SHRI GANESH ELECTRICAL AND CONTRACTER,169529.0,2026-07-15,169529.0 - 169530.0,-0.00029493392005521164,LOW,Payment Success
TXN-004795,WS/MP18126/2025,SHRI GANESH ELECTRICAL AND CONTRACTER,169529.0,2026-07-15,169529.0 - 169530.0,-0.00029493392005521164,LOW,Payment Success
TXN-004796,WS/MP18126/2025,SHRI GANESH ELECTRICAL AND CONTRACTER,169529.0,2026-07-15,169529.0 - 169530.0,-0.00029493392005521164,LOW,Payment Success
TXN-004797,WS/MP18126/2025,SHRI GANESH ELECTRICAL AND CONTRACTER,169529.0,2026-07-15,169529.0 - 169530.0,-0.00029493392005521164,LOW,Payment Success
TXN-004798,WS/MP18126/2025,SHRI GANESH ELECTRICAL AND CONTRACTER,169529.0,2026-07-15,169529.0 - 169530.0,-0.00029493392005521164,LOW,Payment Success
TXN-004799,WS/MP18126/2025,SHRI GANESH ELECTRICAL AND CONTRACTER,169529.0,2026-07-15,169529.0 - 169530.0,-0.00029493392005521164,LOW,Payment Success
TXN-004800,WS/MP18126/2025,SHRI GANESH ELECTRICAL AND CONTRACTER,169529.0,2026-08-03,169529.0 - 169530.0,-0.00029493392005521164,LOW,Payment Success
TXN-004801,WS/MP18126/2025,VISHWESHWARI ELECTRICALS,169530.0,2026-07-30,169530.0 - 169530.0,0.0,LOW,Payment Success
TXN-004802,WS/MP18126/2025,VISHWESHWARI ELECTRICALS,169530.0,2026-08-04,169530.0 - 169530.0,0.0,LOW,Payment Success
TXN-004803,WS/MP18126/2025,VISHWESHWARI ELECTRICALS,169530.0,2026-08-04,169530.0 - 169530.0,0.0,LOW,Payment Success
TXN-004804,WS/MP18126/2025,VISHWESHWARI ELECTRICALS,169530.0,2026-08-04,169530.0 - 169530.0,0.0,LOW,Payment Success
TXN-004805,WS/MP18126/2025,VISHWESHWARI ELECTRICALS,169530.0,2026-08-05,169530.0 - 169530.0,0.0,LOW,Payment Success
TXN-004806,WS/MP18126/2025,VISHWESHWARI ELECTRICALS,169530.0,2026-08-05,169530.0 - 169530.0,0.0,LOW,Payment Success
TXN-004807,WS/MP18126/2025,VISHWESHWARI ELECTRICALS,169530.0,2026-07-30,169530.0 - 169530.0,0.0,LOW,Payment Success
TXN-004808,WS/MP18126/2025,VISHWESHWARI ELECTRICALS,169530.0,2026-07-30,169530.0 - 169530.0,0.0,LOW,Payment Success
TXN-004809,WS/MP18126/2025,VISHWESHWARI ELECTRICALS,169530.0,2026-07-30,169530.0 - 169530.0,0.0,LOW,Payment Success
TXN-004810,WS/MP18126/2025,VISHWESHWARI ELECTRICALS,169530.0,2026-07-30,169530.0 - 169530.0,0.0,LOW,Payment Success
TXN-004811,WS/MP18126/2025,VISHWESHWARI ELECTRICALS,169530.0,2026-07-30,169530.0 - 169530.0,0.0,LOW,Payment Success
TXN-004812,WS/MP18126/2025,VISHWESHWARI ELECTRICALS,169530.0,2026-07-30,169530.0 - 169530.0,0.0,LOW,Payment Success
TXN-004813,WS/MP18126/2025,VISHWESHWARI ELECTRICALS,169530.0,2026-07-30,169530.0 - 169530.0,0.0,LOW,Payment Success
TXN-004814,WS/MP18126/2025,VISHWESHWARI ELECTRICALS,169530.0,2026-07-30,169530.0 - 169530.0,0.0,LOW,Payment Success
TXN-004815,WS/MP18126/2025,VISHWESHWARI ELECTRICALS,169530.0,2026-07-30,169530.0 - 169530.0,0.0,LOW,Payment Success
TXN-004816,WS/MP18126/2025,VISHWESHWARI ELECTRICALS,169530.0,2026-07-30,169530.0 - 169530.0,0.0,LOW,Payment Success
TXN-004817,WS/MP18126/2025,VISHWESHWARI ELECTRICALS,169530.0,2026-07-30,169530.0 - 169530.0,0.0,LOW,Payment Success
TXN-004818,WS/MP18126/2025,VISHWESHWARI ELECTRICALS,169530.0,2026-07-30,169530.0 - 169530.0,0.0,LOW,Payment Success
TXN-004819,WS/MP18126/2025,VISHWESHWARI ELECTRICALS,169530.0,2026-07-30,169530.0 - 169530.0,0.0,LOW,Payment Success
TXN-004820,WS/MP18126/2025,VISHWESHWARI ELECTRICALS,169530.0,2026-07-30,169530.0 - 169530.0,0.0,LOW,Payment Success
TXN-004821,WS/MP18126/2025,VISHWESHWARI ELECTRICALS,169530.0,2026-07-30,169530.0 - 169530.0,0.0,LOW,Payment Success
TXN-004822,WS/MP18126/2025,VISHWESHWARI ELECTRICALS,169530.0,2026-07-30,169530.0 - 169530.0,0.0,LOW,Payment Success
TXN-004823,WS/MP18126/2025,VISHWESHWARI ELECTRICALS,169530.0,2026-07-30,169530.0 - 169530.0,0.0,LOW,Payment Success
TXN-004824,WS/MP18126/2025,VISHWESHWARI ELECTRICALS,169530.0,2026-07-30,169530.0 - 169530.0,0.0,LOW,Payment Success
TXN-004825,WS/MP18126/2025,VISHWESHWARI ELECTRICALS,169530.0,2026-07-30,169530.0 - 169530.0,0.0,LOW,Payment Success
TXN-004826,WS/MP18126/2025,VISHWESHWARI ELECTRICALS,169530.0,2026-07-30,169530.0 - 169530.0,0.0,LOW,Payment Success
TXN-004827,WS/MP18126/2025,VISHWESHWARI ELECTRICALS,169530.0,2026-07-30,169530.0 - 169530.0,0.0,LOW,Payment Success
TXN-004828,WS/MP18162/2025,R P ELECTRICALS,170987.0,2026-07-23,170987.0 - 170987.0,0.0,LOW,Payment Success
TXN-004829,WS/MP18054/2025,GRAM PANCHAYAT MOTAP,300000.0,2026-07-04,300000.0 - 300000.0,0.0,LOW,Payment Success
TXN-004830,WS/MP579/2025,GRAM PANCHAYAT BAJIPURA VAGPURA,249459.0,2026-07-27,249459.0 - 249459.0,0.0,LOW,Payment Success
TXN-004831,WS/MP18097/2025,ECO COOLING SOLUTIONS,1000000.0,2026-07-13,1000000.0 - 1000000.0,0.0,LOW,Payment Success
TXN-004832,WS/MP18104/2026,GP SILARIKALA JP UDAIPURA,100000.0,2026-07-02,100000.0 - 100000.0,0.0,LOW,Payment Success
TXN-004833,WS/MP18158/2025,Krimta Devi,17509.0,2026-07-06,17509.0 - 17509.0,0.0,LOW,Payment Success
TXN-004834,WS/MP18104/2026,GP SAGONIYA JP BADI,75000.0,2026-07-02,75000.0 - 75000.0,0.0,LOW,Payment Success
TXN-004835,WS/MP343/2025,vijaya kumar S,1223328.0,2026-07-15,1223328.0 - 1223328.0,0.0,LOW,Payment Success
TXN-004836,WS/MP18058/2025,Sukhlipura Gram Panchayat,500000.0,2026-07-16,429308.0 - 500000.0,7.606950548149806,LOW,Payment Success
TXN-004837,WS/MP18058/2025,Sukhlipura Gram Panchayat,500000.0,2026-07-16,429308.0 - 500000.0,7.606950548149806,LOW,Payment Success
TXN-004838,WS/MP18058/2025,Sukhlipura Gram Panchayat,411635.0,2026-07-16,429308.0 - 500000.0,-11.41042582222471,LOW,Payment Success
TXN-004839,WS/MP18058/2025,Ankodiya Gram Panchayat,500000.0,2026-07-16,500000.0 - 500000.0,0.0,LOW,Payment Success
TXN-004840,WS/MP18058/2025,Ankodiya Gram Panchayat,500000.0,2026-07-16,500000.0 - 500000.0,0.0,LOW,Payment Success
TXN-004841,WS/MP394/2026,SAHAYA THATHEYOUSH S,2000000.0,2026-07-15,2000000.0 - 2000000.0,0.0,LOW,Payment Success
TXN-004842,WS/MP18058/2025,Sherkhi Gram Panchayat,500000.0,2026-07-04,500000.0 - 500000.0,0.0,LOW,Payment Success
TXN-004843,WS/MP18369/2026,DIGITAL AUDIO VIDEO SOLUTIONS,699650.0,2026-07-08,699650.0 - 699650.0,0.0,LOW,Payment Success
TXN-004844,WS/MP578/2025,Kashipura Gram Panchayat,100000.0,2026-07-16,100000.0 - 100000.0,0.0,LOW,Payment Success
TXN-004845,WS/MP18145/2025,JUNIOR ENGINEER MARSHAGHAI BLOCK 7,596261.0,2026-07-05,596261.0 - 596261.0,0.0,LOW,Payment Success
TXN-004846,WS/MP18051/2026,GP BRGF PAJHRAPALI,250000.0,2026-07-09,250000.0 - 250000.0,0.0,LOW,Payment Success
TXN-004847,WS/MP18055/2025,GRAM PANCHAYAT TADAVA,400000.0,2026-07-05,400000.0 - 400000.0,0.0,LOW,Payment Success
TXN-004848,WS/MP18107/2024,GURJEET SINGH,2202571.0,2026-07-06,2202571.0 - 2202571.0,0.0,LOW,Payment Success
TXN-004849,WS/MP18145/2025,SASHI BHUSAN SAHOO,705645.0,2026-07-05,705645.0 - 705645.0,0.0,LOW,Payment Success
TXN-004850,WS/MP478/2025,Amit tomar,298004.0,2026-07-03,298004.0 - 298004.0,0.0,LOW,Payment Success
TXN-004851,WS/MP18108/2025,Ramkishan Dubey,71096.0,2026-07-30,96151.8 - 197423.8,-51.565457074770514,HIGH,Payment Success
TXN-004852,WS/MP18108/2025,Ramkishan Dubey,197686.0,2026-07-30,96151.8 - 197423.8,34.674680048341905,MEDIUM,Payment Success
TXN-004853,WS/MP18108/2025,Ramkishan Dubey,196375.0,2026-07-23,96151.8 - 197423.8,33.78155405285727,MEDIUM,Payment Success
TXN-004854,WS/MP18224/2025,KAMADGIRI TRADERS,237319.0,2026-07-09,237319.0 - 237319.0,0.0,LOW,Payment Success
TXN-004855,WS/MP618/2025,ASANGEPPA HANUMANTAPPA BANDIWADDAR,375000.0,2026-07-06,375000.0 - 375000.0,0.0,LOW,Payment Success
TXN-004856,WS/MP18049/2025,R CUBE CONSTRUCTION,500000.0,2026-07-06,500000.0 - 500000.0,0.0,LOW,Payment Success
TXN-004857,WS/MP18309/2026,Waipin K Marak,500000.0,2026-07-22,500000.0 - 500000.0,0.0,LOW,Payment Success
TXN-004858,WS/MP18158/2025,MANDEEP KAUR,26608.0,2026-07-08,26608.0 - 26608.0,0.0,LOW,Payment Success
TXN-004859,WS/MP18158/2025,JASWINDER KAUR,49164.0,2026-07-08,49164.0 - 49164.0,0.0,LOW,Payment Success
TXN-004860,WS/MP18149/2025,RITUPURNA SWAIN JE,250000.0,2026-07-02,250000.0 - 250000.0,0.0,LOW,Payment Success
TXN-004861,WS/MP18095/2025,Rema N R,75337.0,2026-07-02,75337.0 - 75337.0,0.0,LOW,Payment Success
TXN-004862,WS/MP18104/2026,SARPANCH GRAM PANCHAYAT CHOURAHET,100000.0,2026-08-06,100000.0 - 100000.0,0.0,LOW,Payment Success
TXN-004863,WS/MP18158/2025,LACHHMI DEVI,40040.0,2026-07-08,40040.0 - 40040.0,0.0,LOW,Payment Success
TXN-004864,WS/MP18112/2025,Magasvargiya Suyash tantrik majoor sah santha,999338.0,2026-07-03,999338.0 - 999338.0,0.0,LOW,Payment Success
TXN-004865,WS/MP18309/2026,Marwari Yuva Manch,335000.0,2026-07-13,335000.0 - 335000.0,0.0,LOW,Payment Success
TXN-004866,WS/MP18193/2026,Srinivas Reddy Boyella,1487270.0,2026-08-05,1487270.0 - 1487270.0,0.0,LOW,Payment Success
TXN-004867,WS/MP577/2025,CHHAPARI GRAM PANCHAYAT,485765.0,2026-07-03,485765.0 - 485765.0,0.0,LOW,Payment Success
TXN-004868,WS/MP18023/2026,Construction of Community Cultural actives at Brihattar Rukmini Nagar Socio Cultural centre Ranga,599688.0,2026-07-02,599688.0 - 599688.0,0.0,LOW,Payment Success
TXN-004869,WS/MP021/2025,BUGHANI BROTHERS AND COMPANEY,118863.0,2026-07-09,118863.0 - 118863.0,0.0,LOW,Payment Success
TXN-004870,WS/MP18257/2025,A P ENTERPRISE prop PARESH KUMAR PARUA,335092.0,2026-07-07,347492.2 - 446693.8,-15.613722729939838,LOW,Payment Success
TXN-004871,WS/MP18257/2025,A P ENTERPRISE prop PARESH KUMAR PARUA,459094.0,2026-07-07,347492.2 - 446693.8,15.613722729939838,LOW,Payment Success
TXN-004872,WS/MP021/2025,BASANT KUMAR,13176.0,2026-07-06,13176.0 - 13176.0,0.0,LOW,Payment Success
TXN-004873,WS/MP18321/2025,KAMALPUR GRAM PANCHAYAT,500000.0,2026-07-01,500000.0 - 500000.0,0.0,LOW,Payment Success
TXN-004874,WS/MP021/2025,SURAJ,13176.0,2026-07-06,13176.0 - 13176.0,0.0,LOW,Payment Success
TXN-004875,WS/MP021/2025,RAJENDRA SINGH,13176.0,2026-07-06,9704.0 - 12564.8,18.335967811467167,LOW,Payment Success
TXN-004876,WS/MP021/2025,AMIT NAINWAL,12810.0,2026-07-06,12810.0 - 12810.0,0.0,LOW,Payment Success
TXN-004877,WS/MP021/2025,SURESH BHATT,14756.0,2026-07-06,14756.0 - 14756.0,0.0,LOW,Payment Success
TXN-004878,WS/MP021/2025,HARISH PANDEY,14756.0,2026-07-06,14756.0 - 14756.0,0.0,LOW,Payment Success
TXN-004879,WS/MP18159/2025,BADRI PRASAD,2107807.0,2026-07-02,2107807.0 - 2107807.0,0.0,LOW,Payment Success
TXN-004880,WS/MP18327/2026,Rushikesh Bharat Gund,994800.0,2026-07-15,994800.0 - 994800.0,0.0,LOW,Payment Success
TXN-004881,WS/MP021/2025,jain iron store,16997.0,2026-08-14,16997.0 - 16997.0,0.0,LOW,Payment Success
TXN-004882,WS/MP021/2025,Jyoti Rawat,27531.0,2026-07-17,27531.0 - 27531.0,0.0,LOW,Payment Success
TXN-004883,WS/MP021/2025,shubhan Rawat,27132.0,2026-07-17,27132.0 - 27132.0,0.0,LOW,Payment Success
TXN-004884,WS/MP021/2025,sanjay,13470.0,2026-07-17,13470.0 - 13470.0,0.0,LOW,Payment Success
TXN-004885,WS/MP021/2025,madan singh,12123.0,2026-07-17,12123.0 - 12123.0,0.0,LOW,Payment Success
TXN-004886,WS/MP18194/2025,S K ROMAN PAINTS HARDWARE AND ELECTRICALS,198652.0,2026-07-01,198652.0 - 198652.0,0.0,LOW,Payment Success
TXN-004887,WS/MP300/2026,PARKLANDS SOLAR PRIVATE LIMITED,100000.0,2026-07-28,100000.0 - 100000.0,0.0,LOW,Payment Success
TXN-004888,WS/MP300/2026,PARKLANDS SOLAR PRIVATE LIMITED,100000.0,2026-08-04,100000.0 - 100000.0,0.0,LOW,Payment Success
TXN-004889,WS/MP300/2026,PARKLANDS SOLAR PRIVATE LIMITED,100000.0,2026-08-04,100000.0 - 100000.0,0.0,LOW,Payment Success
TXN-004890,WS/MP300/2026,PARKLANDS SOLAR PRIVATE LIMITED,100000.0,2026-08-04,100000.0 - 100000.0,0.0,LOW,Payment Success
TXN-004891,WS/MP300/2024,PARKLANDS SOLAR PRIVATE LIMITED,99000.0,2026-07-14,100000.0 - 100000.0,-1.0,LOW,Payment Success
TXN-004892,WS/MP300/2024,PARKLANDS SOLAR PRIVATE LIMITED,100000.0,2026-07-02,100000.0 - 100000.0,0.0,LOW,Payment Success
TXN-004893,WS/MP300/2024,PARKLANDS SOLAR PRIVATE LIMITED,100000.0,2026-07-19,100000.0 - 100000.0,0.0,LOW,Payment Success
TXN-004894,WS/MP300/2024,PARKLANDS SOLAR PRIVATE LIMITED,100000.0,2026-07-19,100000.0 - 100000.0,0.0,LOW,Payment Success
TXN-004895,WS/MP300/2024,PARKLANDS SOLAR PRIVATE LIMITED,100000.0,2026-07-16,100000.0 - 100000.0,0.0,LOW,Payment Success
TXN-004896,WS/MP300/2024,PARKLANDS SOLAR PRIVATE LIMITED,100000.0,2026-07-16,100000.0 - 100000.0,0.0,LOW,Payment Success
TXN-004897,WS/MP300/2024,PARKLANDS SOLAR PRIVATE LIMITED,100000.0,2026-07-16,100000.0 - 100000.0,0.0,LOW,Payment Success
TXN-004898,WS/MP300/2024,PARKLANDS SOLAR PRIVATE LIMITED,100000.0,2026-07-16,100000.0 - 100000.0,0.0,LOW,Payment Success
TXN-004899,WS/MP300/2024,PARKLANDS SOLAR PRIVATE LIMITED,100000.0,2026-07-16,100000.0 - 100000.0,0.0,LOW,Payment Success
TXN-004900,WS/MP300/2024,PARKLANDS SOLAR PRIVATE LIMITED,100000.0,2026-07-16,100000.0 - 100000.0,0.0,LOW,Payment Success
TXN-004901,WS/MP300/2024,PARKLANDS SOLAR PRIVATE LIMITED,100000.0,2026-07-16,100000.0 - 100000.0,0.0,LOW,Payment Success
TXN-004902,WS/MP300/2024,PARKLANDS SOLAR PRIVATE LIMITED,100000.0,2026-07-16,100000.0 - 100000.0,0.0,LOW,Payment Success
TXN-004903,WS/MP300/2026,PARKLANDS SOLAR PRIVATE LIMITED,100000.0,2026-08-03,100000.0 - 100000.0,0.0,LOW,Payment Success
TXN-004904,WS/MP300/2026,PARKLANDS SOLAR PRIVATE LIMITED,100000.0,2026-08-03,100000.0 - 100000.0,0.0,LOW,Payment Success
TXN-004905,WS/MP300/2026,PARKLANDS SOLAR PRIVATE LIMITED,100000.0,2026-08-03,100000.0 - 100000.0,0.0,LOW,Payment Success
TXN-004906,WS/MP18309/2026,Gritalson Arengh,100000.0,2026-07-07,100000.0 - 100000.0,0.0,LOW,Payment Success
TXN-004907,WS/MP440/2025,BASEEL LATHEEF NK,914967.0,2026-07-03,914967.0 - 914967.0,0.0,LOW,Payment Success
TXN-004908,WS/MP370/2025,Sanjaya Kumar Patel,472648.0,2026-07-01,472648.0 - 472648.0,0.0,LOW,Payment Success
TXN-004909,WS/MP18201/2026,N K CONSTRUCTIONS,217777.0,2026-08-01,316721.2 - 1027178.0,-67.59027760415364,HIGH,Payment Success
TXN-004910,WS/MP18201/2026,N K CONSTRUCTIONS,712498.0,2026-07-02,316721.2 - 1027178.0,6.034440678288971,LOW,Payment Success
TXN-004911,WS/MP18344/2025,Nagka Garam Panchayat,331662.0,2026-07-08,331662.0 - 331662.0,0.0,LOW,Payment Success
TXN-004912,WS/MP18358/2025,Lokanath Behera,500000.0,2026-07-03,500000.0 - 500000.0,0.0,LOW,Payment Success
TXN-004913,WS/MP791/2026,LATE HARIHAR PRASAD SAHANI P M V,180000.0,2026-07-01,85500.0 - 169500.0,41.17647058823529,MEDIUM,Payment Success
TXN-004914,WS/MP791/2026,LATE HARIHAR PRASAD SAHANI P M V,75000.0,2026-08-17,85500.0 - 169500.0,-41.17647058823529,MEDIUM,Payment Success
TXN-004915,WS/MP18356/2026,SAJEEDHUSSAIN I SHAIKH,750000.0,2026-07-02,276154.5 - 697350.5,54.0824135469258,HIGH,Payment Success
TXN-004916,WS/MP18356/2026,SAJEEDHUSSAIN I SHAIKH,223505.0,2026-07-25,276154.5 - 697350.5,-54.0824135469258,HIGH,Payment Success
TXN-004917,WS/MP477/2025,asha devi,10374.0,2026-07-03,8975.4 - 10218.6,8.096280087527353,LOW,Payment Success
TXN-004918,WS/MP477/2025,shekhar chandra,10374.0,2026-07-03,10374.0 - 10374.0,0.0,LOW,Payment Success
TXN-004919,WS/MP353/2025,SATHAR C M,718082.0,2026-07-03,718082.0 - 718082.0,0.0,LOW,Payment Success
TXN-004920,WS/MP477/2025,pankaj joshi,10374.0,2026-07-03,10374.0 - 10374.0,0.0,LOW,Payment Success
TXN-004921,WS/MP18322/2026,EXECUTIVE ENGINEER N R E P DEOGHAR MPLADS,150000.0,2026-07-02,150000.0 - 175000.0,-7.6923076923076925,LOW,Payment Success
TXN-004922,WS/MP18322/2026,EXECUTIVE ENGINEER N R E P DEOGHAR MPLADS,175000.0,2026-07-02,150000.0 - 175000.0,7.6923076923076925,LOW,Payment Success
TXN-004923,WS/MP18322/2026,EXECUTIVE ENGINEER N R E P DEOGHAR MPLADS,175000.0,2026-07-02,150000.0 - 175000.0,7.6923076923076925,LOW,Payment Success
TXN-004924,WS/MP18322/2026,EXECUTIVE ENGINEER N R E P DEOGHAR MPLADS,150000.0,2026-07-02,150000.0 - 175000.0,-7.6923076923076925,LOW,Payment Success
TXN-004925,WS/MP18322/2026,EXECUTIVE ENGINEER N R E P DEOGHAR MPLADS,150000.0,2026-07-02,150000.0 - 175000.0,-7.6923076923076925,LOW,Payment Success
TXN-004926,WS/MP18322/2026,EXECUTIVE ENGINEER N R E P DEOGHAR MPLADS,162500.0,2026-07-02,150000.0 - 175000.0,0.0,LOW,Payment Success
TXN-004927,WS/MP18322/2026,EXECUTIVE ENGINEER N R E P DEOGHAR MPLADS,187500.0,2026-07-02,150000.0 - 175000.0,15.384615384615385,LOW,Payment Success
TXN-004928,WS/MP18322/2026,EXECUTIVE ENGINEER N R E P DEOGHAR MPLADS,150000.0,2026-07-02,150000.0 - 175000.0,-7.6923076923076925,LOW,Payment Success
TXN-004929,WS/MP18322/2026,EXECUTIVE ENGINEER N R E P DEOGHAR MPLADS,150000.0,2026-07-02,150000.0 - 175000.0,-7.6923076923076925,LOW,Payment Success
TXN-004930,WS/MP18322/2026,EXECUTIVE ENGINEER N R E P DEOGHAR MPLADS,175000.0,2026-07-02,150000.0 - 175000.0,7.6923076923076925,LOW,Payment Success
TXN-004931,WS/MP18322/2026,EXECUTIVE ENGINEER N R E P DEOGHAR MPLADS,150000.0,2026-07-02,150000.0 - 175000.0,-7.6923076923076925,LOW,Payment Success
TXN-004932,WS/MP18322/2026,EXECUTIVE ENGINEER N R E P DEOGHAR MPLADS,200000.0,2026-07-02,150000.0 - 175000.0,23.076923076923077,MEDIUM,Payment Success
TXN-004933,WS/MP18322/2026,EXECUTIVE ENGINEER N R E P DEOGHAR MPLADS,162500.0,2026-07-13,150000.0 - 175000.0,0.0,LOW,Payment Success
TXN-004934,WS/MP18322/2026,EXECUTIVE ENGINEER N R E P DEOGHAR MPLADS,150000.0,2026-07-13,150000.0 - 175000.0,-7.6923076923076925,LOW,Payment Success
TXN-004935,WS/MP18322/2026,EXECUTIVE ENGINEER N R E P DEOGHAR MPLADS,150000.0,2026-07-13,150000.0 - 175000.0,-7.6923076923076925,LOW,Payment Success
TXN-004936,WS/MP18322/2026,EXECUTIVE ENGINEER N R E P DEOGHAR MPLADS,137500.0,2026-07-13,150000.0 - 175000.0,-15.384615384615385,LOW,Payment Success
TXN-004937,WS/MP18322/2026,EXECUTIVE ENGINEER N R E P DEOGHAR MPLADS,150000.0,2026-07-13,150000.0 - 175000.0,-7.6923076923076925,LOW,Payment Success
TXN-004938,WS/MP18322/2026,EXECUTIVE ENGINEER N R E P DEOGHAR MPLADS,150000.0,2026-07-13,150000.0 - 175000.0,-7.6923076923076925,LOW,Payment Success
TXN-004939,WS/MP18322/2026,EXECUTIVE ENGINEER N R E P DEOGHAR MPLADS,162500.0,2026-07-13,150000.0 - 175000.0,0.0,LOW,Payment Success
TXN-004940,WS/MP18322/2026,EXECUTIVE ENGINEER N R E P DEOGHAR MPLADS,162500.0,2026-07-13,150000.0 - 175000.0,0.0,LOW,Payment Success
TXN-004941,WS/MP18322/2026,EXECUTIVE ENGINEER N R E P DEOGHAR MPLADS,175000.0,2026-07-13,150000.0 - 175000.0,7.6923076923076925,LOW,Payment Success
TXN-004942,WS/MP18322/2026,EXECUTIVE ENGINEER N R E P DEOGHAR MPLADS,150000.0,2026-07-13,150000.0 - 175000.0,-7.6923076923076925,LOW,Payment Success
TXN-004943,WS/MP18322/2026,EXECUTIVE ENGINEER N R E P DEOGHAR MPLADS,162500.0,2026-07-13,150000.0 - 175000.0,0.0,LOW,Payment Success
TXN-004944,WS/MP18322/2026,EXECUTIVE ENGINEER N R E P DEOGHAR MPLADS,150000.0,2026-07-13,150000.0 - 175000.0,-7.6923076923076925,LOW,Payment Success
TXN-004945,WS/MP18115/2026,GRAM PANCHAYAT MALIDA,700000.0,2026-07-17,700000.0 - 700000.0,0.0,LOW,Payment Success
TXN-004946,WS/MP18190/2026,SUTRAPU RAJENDRA PRASAD,174772.0,2026-07-01,174772.0 - 175000.0,-0.06518532072321398,LOW,Payment Success
TXN-004947,WS/MP18190/2026,SUTRAPU RAJENDRA PRASAD,175000.0,2026-07-01,174772.0 - 175000.0,0.06518532072321398,LOW,Payment Success
TXN-004948,WS/MP18190/2026,SUTRAPU RAJENDRA PRASAD,175000.0,2026-07-01,174772.0 - 175000.0,0.06518532072321398,LOW,Payment Success
TXN-004949,WS/MP18190/2026,SUTRAPU RAJENDRA PRASAD,175000.0,2026-07-01,174772.0 - 175000.0,0.06518532072321398,LOW,Payment Success
TXN-004950,WS/MP18190/2026,SUTRAPU RAJENDRA PRASAD,174772.0,2026-07-01,174772.0 - 175000.0,-0.06518532072321398,LOW,Payment Success
TXN-004951,WS/MP18190/2026,SUTRAPU RAJENDRA PRASAD,174772.0,2026-07-01,174772.0 - 175000.0,-0.06518532072321398,LOW,Payment Success
TXN-004952,WS/MP18190/2026,SUTRAPU RAJENDRA PRASAD,174772.0,2026-07-01,174772.0 - 175000.0,-0.06518532072321398,LOW,Payment Success
TXN-004953,WS/MP18191/2025,Gavinolla Chandra Reddy,499722.0,2026-07-08,499722.0 - 499722.0,0.0,LOW,Payment Success
TXN-004954,WS/MP18054/2025,THADOD GRAM PANCHAYAT,100000.0,2026-08-03,100000.0 - 100000.0,0.0,LOW,Payment Success
TXN-004955,WS/MP18188/2025,Medi Krishna,500000.0,2026-07-02,500000.0 - 500000.0,0.0,LOW,Payment Success
TXN-004956,WS/MP18067/2025,THE SHIVAM CO OP L AND C SOCIETY LTD,377197.0,2026-07-02,377197.0 - 377197.0,0.0,LOW,Payment Success
TXN-004957,WS/MP751/2026,SUBRAMANIAN,1499401.0,2026-08-11,1499401.0 - 1499401.0,0.0,LOW,Payment Success
TXN-004958,WS/MP791/2026,JANTA INTER COLLEGE ASIDHAWA,300000.0,2026-07-01,142500.0 - 282500.0,41.17647058823529,MEDIUM,Payment Success
TXN-004959,WS/MP791/2026,JANTA INTER COLLEGE ASIDHAWA,125000.0,2026-08-03,142500.0 - 282500.0,-41.17647058823529,MEDIUM,Payment Success
TXN-004960,WS/MP577/2024,GRAM PANCHAYAT SAHADA,249291.0,2026-07-03,249291.0 - 249291.0,0.0,LOW,Payment Success
TXN-004961,WS/MP18305/2025,FAZIL AHAMMED P,320090.0,2026-07-06,320090.0 - 320090.0,0.0,LOW,Payment Success
TXN-004962,WS/MP761/2026,Gaddam Ravikiran Reddy,400000.0,2026-07-03,400000.0 - 400000.0,0.0,LOW,Payment Success
TXN-004963,WS/MP18306/2026,Noushad P,497522.0,2026-07-02,497522.0 - 497522.0,0.0,LOW,Payment Success
TXN-004964,WS/MP18305/2026,KAPS MOTORS,110518.0,2026-07-06,110518.0 - 110518.0,0.0,LOW,Payment Success
TXN-004965,WS/MP18086/2025,B H Harish,375000.0,2026-07-04,375000.0 - 375000.0,0.0,LOW,Payment Success
TXN-004966,WS/MP18069/2025,TCM Steels,114667.0,2026-07-01,114667.0 - 114667.0,0.0,LOW,Payment Success
TXN-004967,WS/MP013/2025,PRATIGYA HARDWARE STORE,314974.0,2026-07-29,314974.0 - 314974.0,0.0,LOW,Payment Success
TXN-004968,WS/MP18323/2026,CHAIRMAN NAMDEO MAHARAJ MAJOOR SAHKARI SANSTHA LIMITED LIMBOLI,292053.0,2026-07-24,292053.0 - 292053.0,0.0,LOW,Payment Success
TXN-004969,WS/MP18139/2025,BDO LAKHANPUR,34499.0,2026-07-07,29178.2 - 34268.6,8.749377431170677,LOW,Payment Success
TXN-004970,WS/MP18139/2025,BDO LAKHANPUR,28136.0,2026-07-13,29178.2 - 34268.6,-11.308371738212175,LOW,Payment Success
TXN-004971,WS/MP18139/2026,BDO LAKHANPUR,33347.0,2026-07-09,29178.2 - 34268.6,5.117988614082975,LOW,Payment Success
TXN-004972,WS/MP18020/2026,MS SARMA TIMBER FARNITURE HOUSE,125158.0,2026-08-04,125158.0 - 125158.0,0.0,LOW,Payment Success
TXN-004973,WS/MP716/2025,Punjab Cement Store,5500.0,2026-07-01,5500.0 - 5500.0,0.0,LOW,Payment Success
TXN-004974,WS/MP18314/2025,JARNAIL SINGH,2758.0,2026-08-14,2758.0 - 2758.0,0.0,LOW,Payment Success
TXN-004975,WS/MP568/2026,SARPANCH GRAM PANCHAYAT RUHI,200000.0,2026-08-06,200000.0 - 200000.0,0.0,LOW,Payment Success
TXN-004976,WS/MP568/2026,SARPANCH GRAM PANCHAYAT PARSAHI,350000.0,2026-07-06,350000.0 - 350000.0,0.0,LOW,Payment Success
TXN-004977,WS/MP18020/2026,Rennovation of Natghar at Rabhapara,240000.0,2026-07-03,240000.0 - 240000.0,0.0,LOW,Payment Success
TXN-004978,WS/MP578/2025,KAHONA GRAM PANCAHAYT,100000.0,2026-07-07,100000.0 - 100000.0,0.0,LOW,Payment Success
TXN-004979,WS/MP370/2024,SAGARIKA SWAIN,900000.0,2026-07-03,551583.9 - 861287.1,27.40016604488308,MEDIUM,Payment Success
TXN-004980,WS/MP370/2024,SAGARIKA SWAIN,512871.0,2026-07-03,551583.9 - 861287.1,-27.40016604488308,MEDIUM,Payment Success
TXN-004981,WS/MP18020/2026,AAI LAXMI ENTERPRISE,89557.0,2026-08-12,89557.0 - 89557.0,0.0,LOW,Payment Success
TXN-004982,WS/MP18117/2025,GRAMNIDHI GRAMPANCHAYAT KAUTHAL,989166.0,2026-07-08,989166.0 - 989166.0,0.0,LOW,Payment Success
TXN-004983,WS/MP18356/2026,SHRINIVASKUMAR GADIVADDAR,375000.0,2026-07-02,149859.6 - 349984.4,50.04681460615712,HIGH,Payment Success
TXN-004984,WS/MP18356/2026,SHRINIVASKUMAR GADIVADDAR,124844.0,2026-07-19,149859.6 - 349984.4,-50.04681460615712,HIGH,Payment Success
TXN-004985,WS/MP18065/2025,A V ENTERPRISES,498234.0,2026-07-01,211813.5 - 466409.5,46.923357066923415,MEDIUM,Payment Success
TXN-004986,WS/MP18065/2025,A V ENTERPRISES,179989.0,2026-07-06,211813.5 - 466409.5,-46.923357066923415,MEDIUM,Payment Success
TXN-004987,WS/MP18356/2026,NAVEEN HANAMANT WAGH,375000.0,2026-07-02,148301.7 - 349811.3,50.56824455495038,HIGH,Payment Success
TXN-004988,WS/MP18356/2026,NAVEEN HANAMANT WAGH,123113.0,2026-07-25,148301.7 - 349811.3,-50.56824455495038,HIGH,Payment Success
TXN-004989,WS/MP575/2026,GRAM PANCHAYAT CHHINAM,500000.0,2026-07-06,500000.0 - 500000.0,0.0,LOW,Payment Success
TXN-004990,WS/MP18355/2025,KRISHNAPPA C S,4681278.0,2026-07-02,4681278.0 - 4681278.0,0.0,LOW,Payment Success
TXN-004991,WS/MP18181/2026,Kandhasamy N,2000000.0,2026-07-22,2000000.0 - 2000000.0,0.0,LOW,Payment Success
TXN-004992,WS/MP18191/2025,Mallareddy Vutukuru,994273.0,2026-07-17,994273.0 - 994273.0,0.0,LOW,Payment Success
TXN-004993,WS/MP18005/2025,SAHARA INFRASTRUCTURES,672004.0,2026-08-01,678705.6 - 732318.4,-4.749458549252174,LOW,Payment Success
TXN-004994,WS/MP18005/2025,SAHARA INFRASTRUCTURES,739020.0,2026-07-15,678705.6 - 732318.4,4.749458549252174,LOW,Payment Success
TXN-004995,WS/MP18144/2026,SAROJ KANTA NAIK,500000.0,2026-07-23,300000.0 - 500000.0,25.0,MEDIUM,Payment Success
TXN-004996,WS/MP18144/2026,SAROJ KANTA NAIK,300000.0,2026-07-23,300000.0 - 500000.0,-25.0,MEDIUM,Payment Success
TXN-004997,WS/MP18144/2025,SAROJ KANTA NAIK,400000.0,2026-07-23,300000.0 - 500000.0,0.0,LOW,Payment Success
TXN-004998,WS/MP18144/2026,SAROJ KANTA NAIK,500000.0,2026-07-23,300000.0 - 500000.0,25.0,MEDIUM,Payment Success
TXN-004999,WS/MP18144/2026,SAROJ KANTA NAIK,300000.0,2026-07-15,300000.0 - 500000.0,-25.0,MEDIUM,Payment Success
TXN-005000,WS/MP18144/2026,SAROJ KANTA NAIK,300000.0,2026-07-15,300000.0 - 500000.0,-25.0,MEDIUM,Payment Success
